estacion,fecha,fecha_diff,precipitacion,temperatura,humedad_relativa,vientos,vi
Anzaldo,2026-09-14 12:00:00,2,0.0,21,25,326,3.8
Anzaldo,2026-09-14 12:00:00,5,0.0,21,26,26,2.8
Anzaldo,2026-09-14 12:00:00,8,0.0,16,26,80,1.8
Anzaldo,2026-09-14 12:00:00,11,0.0,11,26,38,1.5
Anzaldo,2026-09-14 12:00:00,14,0.0,5,26,345,1.3
Anzaldo,2026-09-14 12:00:00,17,0.0,5,26,338,1.1
Anzaldo,2026-09-14 12:00:00,20,0.0,11,26,302,1.3
Anzaldo,2026-09-14 12:00:00,23,0.0,15,26,260,2.1
Anzaldo,2026-09-14 12:00:00,26,0.0,22,36,216,3.0
Anzaldo,2026-09-14 12:00:00,29,0.0,22,36,158,2.6
Anzaldo,2026-09-14 12:00:00,32,0.0,16,36,99,2.1
Anzaldo,2026-09-14 12:00:00,35,0.0,11,36,23,1.6
Anzaldo,2026-09-14 12:00:00,38,0.0,5,36,294,1.0
Anzaldo,2026-09-14 12:00:00,41,0.0,5,36,158,1.3
Anzaldo,2026-09-14 12:00:00,44,0.0,10,36,314,1.6
Anzaldo,2026-09-14 12:00:00,47,0.0,14,36,266,1.8
Anzaldo,2026-09-14 12:00:00,50,0.0,22,56,214,2.1
Anzaldo,2026-09-14 12:00:00,53,0.0,22,56,276,2.2
Anzaldo,2026-09-14 12:00:00,56,0.0,17,36,337,2.2
Anzaldo,2026-09-14 12:00:00,59,0.0,12,36,350,2.6
Anzaldo,2026-09-14 12:00:00,62,1.6,7,90,1,3.0
Anzaldo,2026-09-14 12:00:00,65,1.9,7,89,287,2.9
Anzaldo,2026-09-14 12:00:00,68,1.5,11,89,289,4.1
Anzaldo,2026-09-14 12:00:00,71,1.5,15,89,302,4.4
Anzaldo,2026-09-14 12:00:00,74,0.0,22,57,309,4.7
Anzaldo,2026-09-14 12:00:00,77,0.0,22,57,339,3.8
Anzaldo,2026-09-14 12:00:00,80,2.5,13,89,8,3.0
Anzaldo,2026-09-14 12:00:00,83,2.3,9,89,360,3.0
Anzaldo,2026-09-14 12:00:00,86,0.0,9,56,352,3.1
Anzaldo,2026-09-14 12:00:00,89,0.0,9,56,347,3.1
Anzaldo,2026-09-14 12:00:00,92,0.0,10,56,347,3.6
Anzaldo,2026-09-14 12:00:00,95,0.0,12,56,347,4.9
Anzaldo,2026-09-14 12:00:00,98,2.2,15,89,339,6.3
Anzaldo,2026-09-14 12:00:00,101,1.2,13,89,349,4.4
Anzaldo,2026-09-14 12:00:00,104,1.8,11,90,350,2.4
Anzaldo,2026-09-14 12:00:00,107,2.3,9,89,360,3.5
Anzaldo,2026-09-14 12:00:00,110,2.3,7,89,3,4.6
Apolo Chupiluzani,2026-09-14 12:00:00,2,0.0,23,56,23,2.4
Apolo Chupiluzani,2026-09-14 12:00:00,5,0.0,23,56,52,1.6
Apolo Chupiluzani,2026-09-14 12:00:00,8,0.0,21,56,71,0.8
Apolo Chupiluzani,2026-09-14 12:00:00,11,0.0,19,56,45,0.7
Apolo Chupiluzani,2026-09-14 12:00:00,14,0.0,14,56,18,0.6
Apolo Chupiluzani,2026-09-14 12:00:00,17,0.0,14,56,354,0.8
Apolo Chupiluzani,2026-09-14 12:00:00,20,0.0,17,56,148,0.4
Apolo Chupiluzani,2026-09-14 12:00:00,23,0.0,20,56,90,0.7
Apolo Chupiluzani,2026-09-14 12:00:00,26,0.0,23,56,32,1.1
Apolo Chupiluzani,2026-09-14 12:00:00,29,0.0,23,56,2,1.0
Apolo Chupiluzani,2026-09-14 12:00:00,32,0.0,21,56,221,0.9
Apolo Chupiluzani,2026-09-14 12:00:00,35,0.0,18,56,202,0.8
Apolo Chupiluzani,2026-09-14 12:00:00,38,0.0,15,55,176,0.6
Apolo Chupiluzani,2026-09-14 12:00:00,41,0.0,15,56,76,0.7
Apolo Chupiluzani,2026-09-14 12:00:00,44,0.0,18,57,140,0.8
Apolo Chupiluzani,2026-09-14 12:00:00,47,0.0,20,56,77,0.9
Apolo Chupiluzani,2026-09-14 12:00:00,50,0.0,24,36,9,1.0
Apolo Chupiluzani,2026-09-14 12:00:00,53,0.0,24,35,325,0.8
Apolo Chupiluzani,2026-09-14 12:00:00,56,0.0,20,36,272,0.5
Apolo Chupiluzani,2026-09-14 12:00:00,59,0.0,18,36,311,0.7
Apolo Chupiluzani,2026-09-14 12:00:00,62,0.0,15,56,344,0.8
Apolo Chupiluzani,2026-09-14 12:00:00,65,0.0,15,56,258,0.8
Apolo Chupiluzani,2026-09-14 12:00:00,68,0.0,19,56,226,0.7
Apolo Chupiluzani,2026-09-14 12:00:00,71,0.0,22,56,313,1.3
Apolo Chupiluzani,2026-09-14 12:00:00,74,2.6,25,89,33,1.9
Apolo Chupiluzani,2026-09-14 12:00:00,77,2.0,25,90,103,1.6
Apolo Chupiluzani,2026-09-14 12:00:00,80,1.0,23,89,195,1.2
Apolo Chupiluzani,2026-09-14 12:00:00,83,2.3,20,89,254,1.0
Apolo Chupiluzani,2026-09-14 12:00:00,86,1.9,16,89,312,0.8
Apolo Chupiluzani,2026-09-14 12:00:00,89,1.7,16,89,257,1.1
Apolo Chupiluzani,2026-09-14 12:00:00,92,1.7,19,89,306,1.2
Apolo Chupiluzani,2026-09-14 12:00:00,95,2.9,23,90,284,1.5
Apolo Chupiluzani,2026-09-14 12:00:00,98,0.0,26,56,259,1.8
Apolo Chupiluzani,2026-09-14 12:00:00,101,0.0,26,56,245,1.3
Apolo Chupiluzani,2026-09-14 12:00:00,104,0.0,23,56,222,0.8
Apolo Chupiluzani,2026-09-14 12:00:00,107,0.0,21,56,268,0.9
Apolo Chupiluzani,2026-09-14 12:00:00,110,0.0,18,56,307,1.1
Ascencion de Guarayos,2026-09-14 12:00:00,2,0.0,28,37,190,0.9
Ascencion de Guarayos,2026-09-14 12:00:00,5,0.0,28,35,175,0.9
Ascencion de Guarayos,2026-09-14 12:00:00,8,0.0,25,26,151,0.7
Ascencion de Guarayos,2026-09-14 12:00:00,11,0.0,22,26,175,0.9
Ascencion de Guarayos,2026-09-14 12:00:00,14,0.0,18,36,190,1.0
Ascencion de Guarayos,2026-09-14 12:00:00,17,0.0,18,37,165,1.6
Ascencion de Guarayos,2026-09-14 12:00:00,20,0.0,22,36,155,1.9
Ascencion de Guarayos,2026-09-14 12:00:00,23,0.0,26,36,175,1.6
Ascencion de Guarayos,2026-09-14 12:00:00,26,0.0,26,36,189,1.4
Ascencion de Guarayos,2026-09-14 12:00:00,29,0.0,26,36,159,1.3
Ascencion de Guarayos,2026-09-14 12:00:00,32,0.0,25,36,119,1.1
Ascencion de Guarayos,2026-09-14 12:00:00,35,0.0,22,36,140,1.6
Ascencion de Guarayos,2026-09-14 12:00:00,38,0.0,19,26,160,2.1
Ascencion de Guarayos,2026-09-14 12:00:00,41,0.0,19,26,150,2.7
Ascencion de Guarayos,2026-09-14 12:00:00,44,0.0,21,27,130,2.9
Ascencion de Guarayos,2026-09-14 12:00:00,47,0.0,27,26,135,2.1
Ascencion de Guarayos,2026-09-14 12:00:00,50,0.0,32,26,140,1.3
Ascencion de Guarayos,2026-09-14 12:00:00,53,0.0,32,27,145,1.1
Ascencion de Guarayos,2026-09-14 12:00:00,56,0.0,28,37,150,0.9
Ascencion de Guarayos,2026-09-14 12:00:00,59,0.0,25,36,160,1.1
Ascencion de Guarayos,2026-09-14 12:00:00,62,0.0,20,36,160,1.3
Ascencion de Guarayos,2026-09-14 12:00:00,65,0.0,20,36,130,1.1
Ascencion de Guarayos,2026-09-14 12:00:00,68,0.0,24,36,100,1.0
Ascencion de Guarayos,2026-09-14 12:00:00,71,0.0,29,36,70,1.6
Ascencion de Guarayos,2026-09-14 12:00:00,74,0.0,37,36,40,2.2
Ascencion de Guarayos,2026-09-14 12:00:00,77,0.0,37,36,351,1.6
Ascencion de Guarayos,2026-09-14 12:00:00,80,0.0,34,36,291,0.9
Ascencion de Guarayos,2026-09-14 12:00:00,83,0.0,32,36,252,0.7
Ascencion de Guarayos,2026-09-14 12:00:00,86,0.0,21,57,207,0.5
Ascencion de Guarayos,2026-09-14 12:00:00,89,0.0,16,56,125,0.6
Ascencion de Guarayos,2026-09-14 12:00:00,92,0.0,27,56,165,0.6
Ascencion de Guarayos,2026-09-14 12:00:00,95,0.0,33,56,230,1.1
Ascencion de Guarayos,2026-09-14 12:00:00,98,0.0,36,56,290,1.7
Ascencion de Guarayos,2026-09-14 12:00:00,101,0.0,43,56,240,1.3
Ascencion de Guarayos,2026-09-14 12:00:00,104,0.0,40,56,180,0.8
Ascencion de Guarayos,2026-09-14 12:00:00,107,0.0,31,56,171,1.2
Ascencion de Guarayos,2026-09-14 12:00:00,110,0.0,27,56,155,1.6
Baures,2026-09-14 12:00:00,2,0.0,25,36,166,1.9
Baures,2026-09-14 12:00:00,5,0.0,25,36,200,1.7
Baures,2026-09-14 12:00:00,8,0.0,23,25,230,1.5
Baures,2026-09-14 12:00:00,11,0.0,22,25,215,2.0
Baures,2026-09-14 12:00:00,14,0.0,21,26,200,2.4
Baures,2026-09-14 12:00:00,17,0.0,21,27,160,2.7
Baures,2026-09-14 12:00:00,20,0.0,23,26,140,3.1
Baures,2026-09-14 12:00:00,23,0.0,25,26,165,2.7
Baures,2026-09-14 12:00:00,26,0.0,27,36,189,2.2
Baures,2026-09-14 12:00:00,29,0.0,27,36,184,2.2
Baures,2026-09-14 12:00:00,32,0.0,25,26,170,2.2
Baures,2026-09-14 12:00:00,35,0.0,23,26,160,2.6
Baures,2026-09-14 12:00:00,38,0.0,22,26,140,2.9
Baures,2026-09-14 12:00:00,41,0.0,22,27,150,4.3
Baures,2026-09-14 12:00:00,44,0.0,23,26,130,5.3
Baures,2026-09-14 12:00:00,47,0.0,28,26,130,3.9
Baures,2026-09-14 12:00:00,50,0.0,30,36,126,2.5
Baures,2026-09-14 12:00:00,53,0.0,30,36,161,2.6
Baures,2026-09-14 12:00:00,56,0.0,27,26,195,2.7
Baures,2026-09-14 12:00:00,59,0.0,24,26,180,2.4
Baures,2026-09-14 12:00:00,62,0.0,22,27,156,2.2
Baures,2026-09-14 12:00:00,65,0.0,22,27,160,2.3
Baures,2026-09-14 12:00:00,68,0.0,24,26,130,2.7
Baures,2026-09-14 12:00:00,71,0.0,27,26,105,2.8
Baures,2026-09-14 12:00:00,74,0.0,31,26,70,2.8
Baures,2026-09-14 12:00:00,77,0.0,31,27,55,2.8
Baures,2026-09-14 12:00:00,80,0.0,27,26,30,2.8
Baures,2026-09-14 12:00:00,83,0.0,23,25,330,1.7
Baures,2026-09-14 12:00:00,86,0.0,23,37,266,0.6
Baures,2026-09-14 12:00:00,89,0.0,29,36,153,1.5
Baures,2026-09-14 12:00:00,92,0.0,30,36,204,1.5
Baures,2026-09-14 12:00:00,95,0.0,36,36,260,2.1
Baures,2026-09-14 12:00:00,98,0.0,41,56,315,2.6
Baures,2026-09-14 12:00:00,101,0.0,36,57,346,2.0
Baures,2026-09-14 12:00:00,104,0.0,31,37,16,1.3
Baures,2026-09-14 12:00:00,107,0.0,28,37,96,1.8
Baures,2026-09-14 12:00:00,110,0.0,25,37,170,2.3
Bolpebra - PD,2026-09-14 12:00:00,2,0.0,33,36,142,1.0
Bolpebra - PD,2026-09-14 12:00:00,5,0.0,33,36,212,0.8
Bolpebra - PD,2026-09-14 12:00:00,8,0.0,27,26,280,0.7
Bolpebra - PD,2026-09-14 12:00:00,11,0.0,23,27,228,0.6
Bolpebra - PD,2026-09-14 12:00:00,14,0.0,20,26,168,0.6
Bolpebra - PD,2026-09-14 12:00:00,17,0.0,20,26,140,0.8
Bolpebra - PD,2026-09-14 12:00:00,20,0.0,24,26,190,0.7
Bolpebra - PD,2026-09-14 12:00:00,23,0.0,27,26,231,0.7
Bolpebra - PD,2026-09-14 12:00:00,26,0.0,36,36,358,0.7
Bolpebra - PD,2026-09-14 12:00:00,29,0.0,36,36,58,0.7
Bolpebra - PD,2026-09-14 12:00:00,32,0.0,28,26,113,0.7
Bolpebra - PD,2026-09-14 12:00:00,35,0.0,25,26,168,1.3
Bolpebra - PD,2026-09-14 12:00:00,38,0.0,22,35,220,1.8
Bolpebra - PD,2026-09-14 12:00:00,41,0.0,22,36,200,0.9
Bolpebra - PD,2026-09-14 12:00:00,44,0.0,25,37,166,1.2
Bolpebra - PD,2026-09-14 12:00:00,47,0.0,29,37,126,1.1
Bolpebra - PD,2026-09-14 12:00:00,50,0.0,36,56,81,1.1
Bolpebra - PD,2026-09-14 12:00:00,53,0.0,36,56,193,1.6
Bolpebra - PD,2026-09-14 12:00:00,56,0.0,28,37,250,2.2
Bolpebra - PD,2026-09-14 12:00:00,59,0.0,25,37,230,1.6
Bolpebra - PD,2026-09-14 12:00:00,62,0.0,23,36,203,1.0
Bolpebra - PD,2026-09-14 12:00:00,65,0.0,23,36,210,1.1
Bolpebra - PD,2026-09-14 12:00:00,68,0.0,26,36,200,1.0
Bolpebra - PD,2026-09-14 12:00:00,71,0.0,30,36,195,1.7
Bolpebra - PD,2026-09-14 12:00:00,74,0.0,35,37,182,2.4
Bolpebra - PD,2026-09-14 12:00:00,77,0.0,36,37,215,1.9
Bolpebra - PD,2026-09-14 12:00:00,80,0.0,30,36,246,1.5
Bolpebra - PD,2026-09-14 12:00:00,83,0.0,23,36,266,1.8
Bolpebra - PD,2026-09-14 12:00:00,86,0.0,24,36,280,2.0
Bolpebra - PD,2026-09-14 12:00:00,89,0.0,23,37,254,0.9
Bolpebra - PD,2026-09-14 12:00:00,92,0.0,23,36,264,0.7
Bolpebra - PD,2026-09-14 12:00:00,95,0.0,27,36,291,1.2
Bolpebra - PD,2026-09-14 12:00:00,98,0.0,30,36,311,1.6
Bolpebra - PD,2026-09-14 12:00:00,101,0.0,27,36,250,1.0
Bolpebra - PD,2026-09-14 12:00:00,104,0.0,23,36,157,0.4
Bolpebra - PD,2026-09-14 12:00:00,107,0.0,22,36,216,0.8
Bolpebra - PD,2026-09-14 12:00:00,110,0.0,21,37,273,1.2
Bulo Bulo,2026-09-14 12:00:00,2,0.0,26,37,352,1.4
Bulo Bulo,2026-09-14 12:00:00,5,0.0,26,36,284,1.3
Bulo Bulo,2026-09-14 12:00:00,8,0.0,21,36,188,1.3
Bulo Bulo,2026-09-14 12:00:00,11,0.0,19,37,188,1.2
Bulo Bulo,2026-09-14 12:00:00,14,0.0,16,56,178,1.1
Bulo Bulo,2026-09-14 12:00:00,17,0.0,16,56,128,1.3
Bulo Bulo,2026-09-14 12:00:00,20,0.0,19,56,92,1.3
Bulo Bulo,2026-09-14 12:00:00,23,0.0,22,56,72,1.6
Bulo Bulo,2026-09-14 12:00:00,26,0.0,27,56,42,1.9
Bulo Bulo,2026-09-14 12:00:00,29,0.0,27,56,110,1.9
Bulo Bulo,2026-09-14 12:00:00,32,0.0,22,56,168,1.8
Bulo Bulo,2026-09-14 12:00:00,35,0.0,20,56,168,1.5
Bulo Bulo,2026-09-14 12:00:00,38,0.0,17,36,166,1.3
Bulo Bulo,2026-09-14 12:00:00,41,0.0,17,36,120,0.9
Bulo Bulo,2026-09-14 12:00:00,44,0.0,20,37,102,0.9
Bulo Bulo,2026-09-14 12:00:00,47,0.0,24,36,62,1.0
Bulo Bulo,2026-09-14 12:00:00,50,0.0,27,56,14,1.1
Bulo Bulo,2026-09-14 12:00:00,53,0.0,27,57,294,1.3
Bulo Bulo,2026-09-14 12:00:00,56,0.0,24,37,212,1.4
Bulo Bulo,2026-09-14 12:00:00,59,0.0,21,36,190,1.3
Bulo Bulo,2026-09-14 12:00:00,62,0.0,19,56,166,1.3
Bulo Bulo,2026-09-14 12:00:00,65,0.0,19,56,158,1.2
Bulo Bulo,2026-09-14 12:00:00,68,0.0,23,56,120,1.1
Bulo Bulo,2026-09-14 12:00:00,71,0.0,26,57,40,1.9
Bulo Bulo,2026-09-14 12:00:00,74,0.0,28,36,310,2.6
Bulo Bulo,2026-09-14 12:00:00,77,0.0,28,37,272,2.0
Bulo Bulo,2026-09-14 12:00:00,80,0.0,25,37,232,1.4
Bulo Bulo,2026-09-14 12:00:00,83,0.0,20,37,222,1.3
Bulo Bulo,2026-09-14 12:00:00,86,2.4,20,88,212,1.0
Bulo Bulo,2026-09-14 12:00:00,89,1.8,23,89,146,0.8
Bulo Bulo,2026-09-14 12:00:00,92,2.4,23,88,116,0.5
Bulo Bulo,2026-09-14 12:00:00,95,1.8,29,89,46,1.3
Bulo Bulo,2026-09-14 12:00:00,98,2.4,35,88,336,2.1
Bulo Bulo,2026-09-14 12:00:00,101,2.4,29,88,290,2.5
Bulo Bulo,2026-09-14 12:00:00,104,0.0,23,56,234,2.9
Bulo Bulo,2026-09-14 12:00:00,107,0.0,22,56,260,1.8
Bulo Bulo,2026-09-14 12:00:00,110,0.0,22,56,278,0.7
Camargo,2026-09-14 12:00:00,2,0.0,22,26,258,4.6
Camargo,2026-09-14 12:00:00,5,0.0,22,26,202,4.1
Camargo,2026-09-14 12:00:00,8,0.0,17,26,85,3.6
Camargo,2026-09-14 12:00:00,11,0.0,13,26,49,2.5
Camargo,2026-09-14 12:00:00,14,0.0,10,35,14,1.5
Camargo,2026-09-14 12:00:00,17,0.0,10,35,216,0.9
Camargo,2026-09-14 12:00:00,20,0.0,13,35,247,0.9
Camargo,2026-09-14 12:00:00,23,0.0,16,35,205,2.0
Camargo,2026-09-14 12:00:00,26,0.0,22,35,154,3.1
Camargo,2026-09-14 12:00:00,29,0.0,22,35,129,3.3
Camargo,2026-09-14 12:00:00,32,0.0,17,25,96,3.4
Camargo,2026-09-14 12:00:00,35,0.0,12,25,88,2.3
Camargo,2026-09-14 12:00:00,38,0.0,10,25,72,1.2
Camargo,2026-09-14 12:00:00,41,0.0,10,26,183,1.0
Camargo,2026-09-14 12:00:00,44,0.0,11,26,251,0.9
Camargo,2026-09-14 12:00:00,47,0.0,15,26,306,1.3
Camargo,2026-09-14 12:00:00,50,0.0,22,36,352,1.7
Camargo,2026-09-14 12:00:00,53,0.0,22,35,39,2.6
Camargo,2026-09-14 12:00:00,56,0.0,16,36,77,3.6
Camargo,2026-09-14 12:00:00,59,0.0,12,36,76,2.4
Camargo,2026-09-14 12:00:00,62,0.0,9,56,77,1.3
Camargo,2026-09-14 12:00:00,65,0.0,9,55,221,1.8
Camargo,2026-09-14 12:00:00,68,0.0,11,55,281,2.0
Camargo,2026-09-14 12:00:00,71,0.0,14,56,271,2.0
Camargo,2026-09-14 12:00:00,74,0.0,23,55,257,2.1
Camargo,2026-09-14 12:00:00,77,0.0,23,56,264,2.9
Camargo,2026-09-14 12:00:00,80,1.1,13,90,77,3.8
Camargo,2026-09-14 12:00:00,83,0.7,10,89,75,3.2
Camargo,2026-09-14 12:00:00,86,2.0,10,89,72,2.6
Camargo,2026-09-14 12:00:00,89,2.7,8,89,108,2.1
Camargo,2026-09-14 12:00:00,92,2.7,7,89,207,2.9
Camargo,2026-09-14 12:00:00,95,1.3,10,88,252,2.9
Camargo,2026-09-14 12:00:00,98,2.6,13,89,288,3.0
Camargo,2026-09-14 12:00:00,101,1.9,12,89,308,3.2
Camargo,2026-09-14 12:00:00,104,0.0,11,56,327,3.4
Camargo,2026-09-14 12:00:00,107,0.0,10,56,310,2.9
Camargo,2026-09-14 12:00:00,110,0.0,9,56,290,2.3
Camiri,2026-09-14 12:00:00,2,0.0,25,36,117,4.4
Camiri,2026-09-14 12:00:00,5,0.0,25,36,111,2.7
Camiri,2026-09-14 12:00:00,8,0.0,21,36,101,0.9
Camiri,2026-09-14 12:00:00,11,0.0,18,36,121,0.9
Camiri,2026-09-14 12:00:00,14,0.0,10,35,141,0.9
Camiri,2026-09-14 12:00:00,17,0.0,10,36,190,1.1
Camiri,2026-09-14 12:00:00,20,0.0,19,35,160,0.8
Camiri,2026-09-14 12:00:00,23,0.0,23,35,130,1.5
Camiri,2026-09-14 12:00:00,26,0.0,27,36,99,2.2
Camiri,2026-09-14 12:00:00,29,0.0,27,36,90,1.5
Camiri,2026-09-14 12:00:00,32,0.0,23,27,80,0.9
Camiri,2026-09-14 12:00:00,35,0.0,19,27,100,0.8
Camiri,2026-09-14 12:00:00,38,0.0,9,26,257,0.7
Camiri,2026-09-14 12:00:00,41,0.0,9,25,237,0.8
Camiri,2026-09-14 12:00:00,44,0.0,18,26,190,0.6
Camiri,2026-09-14 12:00:00,47,0.0,23,26,140,2.2
Camiri,2026-09-14 12:00:00,50,0.0,29,36,87,3.8
Camiri,2026-09-14 12:00:00,53,0.0,28,36,67,2.3
Camiri,2026-09-14 12:00:00,56,0.0,24,36,39,0.8
Camiri,2026-09-14 12:00:00,59,0.0,20,36,319,0.9
Camiri,2026-09-14 12:00:00,62,0.0,15,56,230,0.9
Camiri,2026-09-14 12:00:00,65,0.0,15,56,190,0.6
Camiri,2026-09-14 12:00:00,68,0.0,21,56,189,0.3
Camiri,2026-09-14 12:00:00,71,0.0,24,57,119,2.2
Camiri,2026-09-14 12:00:00,74,0.0,31,56,40,4.0
Camiri,2026-09-14 12:00:00,77,0.0,31,56,337,2.5
Camiri,2026-09-14 12:00:00,80,0.0,27,56,268,1.1
Camiri,2026-09-14 12:00:00,83,0.0,22,56,248,1.3
Camiri,2026-09-14 12:00:00,86,0.0,16,56,228,1.5
Camiri,2026-09-14 12:00:00,89,0.0,16,56,238,1.5
Camiri,2026-09-14 12:00:00,92,0.0,22,56,238,1.3
Camiri,2026-09-14 12:00:00,95,0.0,26,56,177,1.3
Camiri,2026-09-14 12:00:00,98,2.0,32,89,117,1.2
Camiri,2026-09-14 12:00:00,101,1.7,32,89,57,1.6
Camiri,2026-09-14 12:00:00,104,0.0,28,56,357,2.0
Camiri,2026-09-14 12:00:00,107,0.0,24,56,347,1.5
Camiri,2026-09-14 12:00:00,110,0.0,20,55,328,0.9
Campanario,2026-09-14 12:00:00,2,0.0,14,26,6,2.9
Campanario,2026-09-14 12:00:00,5,0.0,14,26,43,2.5
Campanario,2026-09-14 12:00:00,8,0.0,11,26,76,2.2
Campanario,2026-09-14 12:00:00,11,0.0,8,26,95,2.0
Campanario,2026-09-14 12:00:00,14,0.0,3,27,255,1.6
Campanario,2026-09-14 12:00:00,17,0.0,3,26,275,1.6
Campanario,2026-09-14 12:00:00,20,0.0,8,27,238,2.3
Campanario,2026-09-14 12:00:00,23,0.0,11,27,201,3.8
Campanario,2026-09-14 12:00:00,26,0.0,15,26,63,5.3
Campanario,2026-09-14 12:00:00,29,0.0,15,27,73,4.3
Campanario,2026-09-14 12:00:00,32,0.0,10,26,75,3.3
Campanario,2026-09-14 12:00:00,35,0.0,7,27,20,2.3
Campanario,2026-09-14 12:00:00,38,0.0,3,27,318,1.3
Campanario,2026-09-14 12:00:00,41,0.0,3,27,301,1.7
Campanario,2026-09-14 12:00:00,44,0.0,7,26,269,2.1
Campanario,2026-09-14 12:00:00,47,0.0,12,26,336,3.5
Campanario,2026-09-14 12:00:00,50,0.0,15,36,37,4.9
Campanario,2026-09-14 12:00:00,53,0.0,15,36,56,4.2
Campanario,2026-09-14 12:00:00,56,0.0,12,36,73,3.4
Campanario,2026-09-14 12:00:00,59,0.0,8,36,4,2.5
Campanario,2026-09-14 12:00:00,62,0.0,2,56,293,1.7
Campanario,2026-09-14 12:00:00,65,0.0,2,56,265,2.7
Campanario,2026-09-14 12:00:00,68,0.0,7,56,246,3.7
Campanario,2026-09-14 12:00:00,71,0.0,11,56,298,3.5
Campanario,2026-09-14 12:00:00,74,0.0,14,36,342,3.1
Campanario,2026-09-14 12:00:00,77,0.0,14,36,35,3.1
Campanario,2026-09-14 12:00:00,80,0.0,8,36,83,3.0
Campanario,2026-09-14 12:00:00,83,0.0,3,36,79,2.3
Campanario,2026-09-14 12:00:00,86,1.6,3,77,65,1.6
Campanario,2026-09-14 12:00:00,89,1.1,6,76,286,1.7
Campanario,2026-09-14 12:00:00,92,1.4,5,76,241,2.4
Campanario,2026-09-14 12:00:00,95,1.2,9,76,270,2.7
Campanario,2026-09-14 12:00:00,98,0.0,13,56,296,2.9
Campanario,2026-09-14 12:00:00,101,0.0,12,56,329,2.9
Campanario,2026-09-14 12:00:00,104,0.0,11,57,355,2.9
Campanario,2026-09-14 12:00:00,107,0.0,10,56,325,2.5
Campanario,2026-09-14 12:00:00,110,0.0,8,56,290,2.2
Carura,2026-09-14 12:00:00,2,0.0,26,56,62,1.7
Carura,2026-09-14 12:00:00,5,0.0,26,56,5,1.2
Carura,2026-09-14 12:00:00,8,0.0,23,55,308,0.7
Carura,2026-09-14 12:00:00,11,0.0,20,56,278,0.5
Carura,2026-09-14 12:00:00,14,0.0,16,56,245,0.4
Carura,2026-09-14 12:00:00,17,0.0,16,56,236,0.4
Carura,2026-09-14 12:00:00,20,0.0,20,56,179,0.3
Carura,2026-09-14 12:00:00,23,0.0,23,56,108,0.9
Carura,2026-09-14 12:00:00,26,0.0,26,56,30,1.5
Carura,2026-09-14 12:00:00,29,0.0,26,56,335,1.5
Carura,2026-09-14 12:00:00,32,0.0,24,56,275,1.4
Carura,2026-09-14 12:00:00,35,0.0,21,56,265,1.0
Carura,2026-09-14 12:00:00,38,0.0,17,56,245,0.8
Carura,2026-09-14 12:00:00,41,0.0,17,56,282,0.4
Carura,2026-09-14 12:00:00,44,0.0,21,56,210,0.4
Carura,2026-09-14 12:00:00,47,0.0,24,56,146,0.6
Carura,2026-09-14 12:00:00,50,0.0,27,36,76,0.9
Carura,2026-09-14 12:00:00,53,0.0,27,36,163,0.8
Carura,2026-09-14 12:00:00,56,0.0,24,36,258,0.6
Carura,2026-09-14 12:00:00,59,0.0,22,36,265,0.7
Carura,2026-09-14 12:00:00,62,0.0,18,56,265,0.8
Carura,2026-09-14 12:00:00,65,0.0,18,56,282,0.9
Carura,2026-09-14 12:00:00,68,0.0,21,57,297,0.8
Carura,2026-09-14 12:00:00,71,0.0,24,56,357,1.3
Carura,2026-09-14 12:00:00,74,2.2,28,89,49,1.7
Carura,2026-09-14 12:00:00,77,2.9,28,89,329,1.2
Carura,2026-09-14 12:00:00,80,2.9,25,89,242,0.6
Carura,2026-09-14 12:00:00,83,2.8,22,89,262,0.9
Carura,2026-09-14 12:00:00,86,2.1,18,89,282,1.1
Carura,2026-09-14 12:00:00,89,1.9,18,89,289,0.9
Carura,2026-09-14 12:00:00,92,1.7,21,90,287,0.9
Carura,2026-09-14 12:00:00,95,0.7,25,89,229,0.9
Carura,2026-09-14 12:00:00,98,0.0,29,56,147,0.9
Carura,2026-09-14 12:00:00,101,0.0,29,56,205,0.9
Carura,2026-09-14 12:00:00,104,0.0,26,56,258,1.0
Carura,2026-09-14 12:00:00,107,0.0,23,56,273,0.8
Carura,2026-09-14 12:00:00,110,0.0,21,56,280,0.7
Chacala (INIAF),2026-09-14 12:00:00,2,0.0,13,26,280,8.7
Chacala (INIAF),2026-09-14 12:00:00,5,0.0,13,26,286,6.4
Chacala (INIAF),2026-09-14 12:00:00,8,0.0,8,26,288,4.1
Chacala (INIAF),2026-09-14 12:00:00,11,0.0,5,26,328,3.1
Chacala (INIAF),2026-09-14 12:00:00,14,0.0,-1,26,1,2.0
Chacala (INIAF),2026-09-14 12:00:00,17,0.0,-1,26,332,2.2
Chacala (INIAF),2026-09-14 12:00:00,20,0.0,4,26,313,2.1
Chacala (INIAF),2026-09-14 12:00:00,23,0.0,9,26,297,4.8
Chacala (INIAF),2026-09-14 12:00:00,26,0.0,15,26,277,7.4
Chacala (INIAF),2026-09-14 12:00:00,29,0.0,15,25,278,5.7
Chacala (INIAF),2026-09-14 12:00:00,32,0.0,8,26,275,3.9
Chacala (INIAF),2026-09-14 12:00:00,35,0.0,5,26,306,3.1
Chacala (INIAF),2026-09-14 12:00:00,38,0.0,0,26,330,2.2
Chacala (INIAF),2026-09-14 12:00:00,41,0.0,0,26,332,2.7
Chacala (INIAF),2026-09-14 12:00:00,44,0.0,4,26,312,3.0
Chacala (INIAF),2026-09-14 12:00:00,47,0.0,9,26,298,5.2
Chacala (INIAF),2026-09-14 12:00:00,50,0.0,16,26,280,7.4
Chacala (INIAF),2026-09-14 12:00:00,53,0.0,16,26,293,5.2
Chacala (INIAF),2026-09-14 12:00:00,56,0.0,10,26,299,3.0
Chacala (INIAF),2026-09-14 12:00:00,59,0.0,5,26,315,2.8
Chacala (INIAF),2026-09-14 12:00:00,62,0.0,-1,36,327,2.5
Chacala (INIAF),2026-09-14 12:00:00,65,0.0,-1,36,330,3.1
Chacala (INIAF),2026-09-14 12:00:00,68,0.0,3,36,315,3.1
Chacala (INIAF),2026-09-14 12:00:00,71,0.0,8,36,305,4.6
Chacala (INIAF),2026-09-14 12:00:00,74,0.0,13,36,295,6.1
Chacala (INIAF),2026-09-14 12:00:00,77,0.0,13,36,344,3.7
Chacala (INIAF),2026-09-14 12:00:00,80,0.0,7,36,25,1.4
Chacala (INIAF),2026-09-14 12:00:00,83,0.0,3,36,8,1.8
Chacala (INIAF),2026-09-14 12:00:00,86,1.6,-3,89,344,2.1
Chacala (INIAF),2026-09-14 12:00:00,89,1.0,-3,89,263,2.9
Chacala (INIAF),2026-09-14 12:00:00,92,1.1,2,90,272,2.2
Chacala (INIAF),2026-09-14 12:00:00,95,1.6,5,89,283,3.5
Chacala (INIAF),2026-09-14 12:00:00,98,1.7,10,90,292,4.9
Chacala (INIAF),2026-09-14 12:00:00,101,2.6,10,90,322,5.1
Chacala (INIAF),2026-09-14 12:00:00,104,0.0,5,56,347,5.5
Chacala (INIAF),2026-09-14 12:00:00,107,0.0,1,56,357,5.3
Chacala (INIAF),2026-09-14 12:00:00,110,0.0,-1,56,359,5.1
Charazani,2026-09-14 12:00:00,2,0.0,15,36,86,5.0
Charazani,2026-09-14 12:00:00,5,0.0,15,36,63,3.7
Charazani,2026-09-14 12:00:00,8,0.0,11,26,39,2.5
Charazani,2026-09-14 12:00:00,11,0.0,8,26,46,1.6
Charazani,2026-09-14 12:00:00,14,0.0,5,26,64,0.6
Charazani,2026-09-14 12:00:00,17,0.0,5,25,16,0.8
Charazani,2026-09-14 12:00:00,20,0.0,8,26,81,0.5
Charazani,2026-09-14 12:00:00,23,0.0,12,26,78,2.0
Charazani,2026-09-14 12:00:00,26,0.0,15,36,72,3.5
Charazani,2026-09-14 12:00:00,29,0.0,15,36,59,2.8
Charazani,2026-09-14 12:00:00,32,0.0,12,56,40,2.2
Charazani,2026-09-14 12:00:00,35,0.0,9,56,30,1.6
Charazani,2026-09-14 12:00:00,38,0.0,4,56,13,1.1
Charazani,2026-09-14 12:00:00,41,0.0,4,56,48,1.0
Charazani,2026-09-14 12:00:00,44,0.0,8,56,60,1.4
Charazani,2026-09-14 12:00:00,47,0.0,10,57,69,2.5
Charazani,2026-09-14 12:00:00,50,1.5,13,89,69,3.6
Charazani,2026-09-14 12:00:00,53,1.9,13,89,69,3.3
Charazani,2026-09-14 12:00:00,56,0.0,10,56,59,3.0
Charazani,2026-09-14 12:00:00,59,0.0,8,57,19,2.0
Charazani,2026-09-14 12:00:00,62,1.8,5,89,329,0.9
Charazani,2026-09-14 12:00:00,65,1.7,5,89,82,1.1
Charazani,2026-09-14 12:00:00,68,2.0,8,88,64,1.5
Charazani,2026-09-14 12:00:00,71,1.3,10,89,74,2.4
Charazani,2026-09-14 12:00:00,74,1.9,12,89,75,3.3
Charazani,2026-09-14 12:00:00,77,2.3,12,89,68,2.8
Charazani,2026-09-14 12:00:00,80,1.7,10,89,51,2.2
Charazani,2026-09-14 12:00:00,83,1.2,8,88,47,2.0
Charazani,2026-09-14 12:00:00,86,2.7,6,89,36,1.7
Charazani,2026-09-14 12:00:00,89,1.7,6,89,53,2.0
Charazani,2026-09-14 12:00:00,92,1.4,8,89,53,2.2
Charazani,2026-09-14 12:00:00,95,1.6,10,89,50,2.6
Charazani,2026-09-14 12:00:00,98,2.2,11,89,43,3.0
Charazani,2026-09-14 12:00:00,101,1.7,11,89,114,2.5
Charazani,2026-09-14 12:00:00,104,0.5,10,89,197,2.1
Charazani,2026-09-14 12:00:00,107,1.9,9,89,227,2.0
Charazani,2026-09-14 12:00:00,110,1.9,7,89,254,1.7
Chipaya,2026-09-14 12:00:00,2,0.0,18,26,236,2.1
Chipaya,2026-09-14 12:00:00,5,0.0,18,26,238,3.7
Chipaya,2026-09-14 12:00:00,8,0.0,11,26,236,5.3
Chipaya,2026-09-14 12:00:00,11,0.0,4,26,236,3.6
Chipaya,2026-09-14 12:00:00,14,0.0,-6,26,236,1.8
Chipaya,2026-09-14 12:00:00,17,0.0,-6,26,270,1.6
Chipaya,2026-09-14 12:00:00,20,0.0,5,26,310,0.6
Chipaya,2026-09-14 12:00:00,23,0.0,10,26,356,1.0
Chipaya,2026-09-14 12:00:00,26,0.0,18,26,164,1.5
Chipaya,2026-09-14 12:00:00,29,0.0,18,26,195,4.6
Chipaya,2026-09-14 12:00:00,32,0.0,11,26,220,7.8
Chipaya,2026-09-14 12:00:00,35,0.0,7,26,226,5.4
Chipaya,2026-09-14 12:00:00,38,0.0,-5,26,226,2.9
Chipaya,2026-09-14 12:00:00,41,0.0,-5,26,220,2.0
Chipaya,2026-09-14 12:00:00,44,0.0,7,26,214,1.3
Chipaya,2026-09-14 12:00:00,47,0.0,11,26,268,1.5
Chipaya,2026-09-14 12:00:00,50,0.0,17,26,318,1.8
Chipaya,2026-09-14 12:00:00,53,0.0,17,26,273,4.7
Chipaya,2026-09-14 12:00:00,56,0.0,11,26,220,7.6
Chipaya,2026-09-14 12:00:00,59,0.0,6,26,230,5.7
Chipaya,2026-09-14 12:00:00,62,0.0,-4,37,230,3.8
Chipaya,2026-09-14 12:00:00,65,0.0,-4,36,8,3.3
Chipaya,2026-09-14 12:00:00,68,0.0,4,37,346,3.5
Chipaya,2026-09-14 12:00:00,71,0.0,8,36,327,3.1
Chipaya,2026-09-14 12:00:00,74,0.0,14,56,301,2.7
Chipaya,2026-09-14 12:00:00,77,0.0,14,56,328,3.8
Chipaya,2026-09-14 12:00:00,80,0.6,7,89,350,4.9
Chipaya,2026-09-14 12:00:00,83,0.5,4,89,360,4.2
Chipaya,2026-09-14 12:00:00,86,1.4,-3,89,360,3.5
Chipaya,2026-09-14 12:00:00,89,1.0,-3,89,276,1.9
Chipaya,2026-09-14 12:00:00,92,1.2,2,88,234,1.0
Chipaya,2026-09-14 12:00:00,95,0.9,6,89,210,3.6
Chipaya,2026-09-14 12:00:00,98,0.9,11,89,186,6.1
Chipaya,2026-09-14 12:00:00,101,0.9,11,89,236,4.3
Chipaya,2026-09-14 12:00:00,104,0.9,6,89,286,2.5
Chipaya,2026-09-14 12:00:00,107,1.5,4,88,284,2.2
Chipaya,2026-09-14 12:00:00,110,2.5,-2,89,278,2.0
Cobija,2026-09-14 12:00:00,2,0.0,30,35,140,1.5
Cobija,2026-09-14 12:00:00,5,0.0,30,36,86,1.0
Cobija,2026-09-14 12:00:00,8,0.0,28,26,23,0.5
Cobija,2026-09-14 12:00:00,11,0.0,24,25,106,0.6
Cobija,2026-09-14 12:00:00,14,0.0,18,26,180,0.7
Cobija,2026-09-14 12:00:00,17,0.0,18,26,160,0.9
Cobija,2026-09-14 12:00:00,20,0.0,25,26,190,1.2
Cobija,2026-09-14 12:00:00,23,0.0,28,26,180,0.8
Cobija,2026-09-14 12:00:00,26,0.0,33,37,160,0.4
Cobija,2026-09-14 12:00:00,29,0.0,33,36,120,0.6
Cobija,2026-09-14 12:00:00,32,0.0,29,26,80,0.8
Cobija,2026-09-14 12:00:00,35,0.0,25,26,140,1.0
Cobija,2026-09-14 12:00:00,38,0.0,20,35,197,1.3
Cobija,2026-09-14 12:00:00,41,0.0,20,36,157,1.2
Cobija,2026-09-14 12:00:00,44,0.0,24,35,160,1.1
Cobija,2026-09-14 12:00:00,47,0.0,28,36,146,0.8
Cobija,2026-09-14 12:00:00,50,0.0,33,56,126,0.5
Cobija,2026-09-14 12:00:00,53,0.0,33,55,180,0.9
Cobija,2026-09-14 12:00:00,56,0.0,29,36,230,1.3
Cobija,2026-09-14 12:00:00,59,0.0,26,35,230,1.2
Cobija,2026-09-14 12:00:00,62,0.0,21,36,220,1.1
Cobija,2026-09-14 12:00:00,65,0.0,21,36,190,1.4
Cobija,2026-09-14 12:00:00,68,0.0,27,36,180,1.4
Cobija,2026-09-14 12:00:00,71,0.0,31,35,167,1.5
Cobija,2026-09-14 12:00:00,74,0.0,34,36,147,1.5
Cobija,2026-09-14 12:00:00,77,0.0,34,36,187,1.5
Cobija,2026-09-14 12:00:00,80,0.0,26,36,227,1.3
Cobija,2026-09-14 12:00:00,83,0.0,22,36,260,1.3
Cobija,2026-09-14 12:00:00,86,0.0,22,36,284,1.3
Cobija,2026-09-14 12:00:00,89,0.0,25,36,240,1.3
Cobija,2026-09-14 12:00:00,92,0.0,25,35,250,1.1
Cobija,2026-09-14 12:00:00,95,0.0,33,36,274,0.9
Cobija,2026-09-14 12:00:00,98,0.0,40,36,294,0.8
Cobija,2026-09-14 12:00:00,101,0.0,33,36,250,1.3
Cobija,2026-09-14 12:00:00,104,0.0,25,37,200,1.8
Cobija,2026-09-14 12:00:00,107,0.0,24,36,220,1.5
Cobija,2026-09-14 12:00:00,110,0.0,23,36,230,1.2
Cochabamba - Aeropuerto,2026-09-14 12:00:00,2,0.0,27,26,36,2.9
Cochabamba - Aeropuerto,2026-09-14 12:00:00,5,0.0,27,27,2,2.2
Cochabamba - Aeropuerto,2026-09-14 12:00:00,8,0.0,23,26,319,1.5
Cochabamba - Aeropuerto,2026-09-14 12:00:00,11,0.0,18,26,295,1.5
Cochabamba - Aeropuerto,2026-09-14 12:00:00,14,0.0,11,25,272,1.5
Cochabamba - Aeropuerto,2026-09-14 12:00:00,17,0.0,11,26,324,1.5
Cochabamba - Aeropuerto,2026-09-14 12:00:00,20,0.0,18,27,25,1.4
Cochabamba - Aeropuerto,2026-09-14 12:00:00,23,0.0,23,26,38,1.8
Cochabamba - Aeropuerto,2026-09-14 12:00:00,26,0.0,27,36,48,2.1
Cochabamba - Aeropuerto,2026-09-14 12:00:00,29,0.0,26,36,2,1.8
Cochabamba - Aeropuerto,2026-09-14 12:00:00,32,0.0,23,36,315,1.5
Cochabamba - Aeropuerto,2026-09-14 12:00:00,35,0.0,18,36,298,1.3
Cochabamba - Aeropuerto,2026-09-14 12:00:00,38,0.0,11,36,273,1.1
Cochabamba - Aeropuerto,2026-09-14 12:00:00,41,0.0,11,36,352,1.1
Cochabamba - Aeropuerto,2026-09-14 12:00:00,44,0.0,19,36,24,1.2
Cochabamba - Aeropuerto,2026-09-14 12:00:00,47,0.0,22,36,24,1.6
Cochabamba - Aeropuerto,2026-09-14 12:00:00,50,0.0,26,56,18,1.9
Cochabamba - Aeropuerto,2026-09-14 12:00:00,53,0.0,26,56,328,1.8
Cochabamba - Aeropuerto,2026-09-14 12:00:00,56,0.0,22,36,269,1.6
Cochabamba - Aeropuerto,2026-09-14 12:00:00,59,0.0,18,36,261,1.8
Cochabamba - Aeropuerto,2026-09-14 12:00:00,62,2.7,12,89,250,1.9
Cochabamba - Aeropuerto,2026-09-14 12:00:00,65,1.8,13,89,262,1.6
Cochabamba - Aeropuerto,2026-09-14 12:00:00,68,2.2,17,89,262,1.4
Cochabamba - Aeropuerto,2026-09-14 12:00:00,71,0.8,21,90,322,2.0
Cochabamba - Aeropuerto,2026-09-14 12:00:00,74,0.0,26,56,13,2.5
Cochabamba - Aeropuerto,2026-09-14 12:00:00,77,0.0,26,56,323,2.5
Cochabamba - Aeropuerto,2026-09-14 12:00:00,80,2.1,18,89,272,2.4
Cochabamba - Aeropuerto,2026-09-14 12:00:00,83,1.4,14,89,272,2.4
Cochabamba - Aeropuerto,2026-09-14 12:00:00,86,0.0,14,55,263,2.4
Cochabamba - Aeropuerto,2026-09-14 12:00:00,89,0.0,13,56,264,2.2
Cochabamba - Aeropuerto,2026-09-14 12:00:00,92,0.0,13,56,262,1.7
Cochabamba - Aeropuerto,2026-09-14 12:00:00,95,0.0,15,56,273,1.8
Cochabamba - Aeropuerto,2026-09-14 12:00:00,98,2.4,16,90,280,1.8
Cochabamba - Aeropuerto,2026-09-14 12:00:00,101,1.4,14,89,257,1.8
Cochabamba - Aeropuerto,2026-09-14 12:00:00,104,1.6,12,89,228,1.8
Cochabamba - Aeropuerto,2026-09-14 12:00:00,107,2.0,12,89,219,2.0
Cochabamba - Aeropuerto,2026-09-14 12:00:00,110,2.4,11,88,207,2.3
Cochabamba - Sarco,2026-09-14 12:00:00,2,0.0,32,26,251,1.8
Cochabamba - Sarco,2026-09-14 12:00:00,5,0.0,32,27,325,2.6
Cochabamba - Sarco,2026-09-14 12:00:00,8,0.0,23,26,15,3.3
Cochabamba - Sarco,2026-09-14 12:00:00,11,0.0,19,27,352,2.5
Cochabamba - Sarco,2026-09-14 12:00:00,14,0.0,12,26,319,1.6
Cochabamba - Sarco,2026-09-14 12:00:00,17,0.0,12,27,311,1.2
Cochabamba - Sarco,2026-09-14 12:00:00,20,0.0,19,26,302,0.9
Cochabamba - Sarco,2026-09-14 12:00:00,23,0.0,24,26,25,2.0
Cochabamba - Sarco,2026-09-14 12:00:00,26,0.0,32,35,94,3.0
Cochabamba - Sarco,2026-09-14 12:00:00,29,0.0,32,36,61,2.9
Cochabamba - Sarco,2026-09-14 12:00:00,32,0.0,24,37,18,2.7
Cochabamba - Sarco,2026-09-14 12:00:00,35,0.0,17,36,332,2.2
Cochabamba - Sarco,2026-09-14 12:00:00,38,0.0,12,35,279,1.6
Cochabamba - Sarco,2026-09-14 12:00:00,41,0.0,11,36,330,1.1
Cochabamba - Sarco,2026-09-14 12:00:00,44,0.0,16,37,360,0.8
Cochabamba - Sarco,2026-09-14 12:00:00,47,0.0,23,36,10,2.8
Cochabamba - Sarco,2026-09-14 12:00:00,50,0.0,31,56,13,4.7
Cochabamba - Sarco,2026-09-14 12:00:00,53,0.0,31,57,22,3.6
Cochabamba - Sarco,2026-09-14 12:00:00,56,0.0,24,36,30,2.4
Cochabamba - Sarco,2026-09-14 12:00:00,59,0.0,18,36,18,2.5
Cochabamba - Sarco,2026-09-14 12:00:00,62,1.8,13,90,358,2.6
Cochabamba - Sarco,2026-09-14 12:00:00,65,2.0,12,89,310,1.5
Cochabamba - Sarco,2026-09-14 12:00:00,68,1.5,16,88,258,1.1
Cochabamba - Sarco,2026-09-14 12:00:00,71,0.8,22,89,310,2.2
Cochabamba - Sarco,2026-09-14 12:00:00,74,0.0,30,56,352,3.1
Cochabamba - Sarco,2026-09-14 12:00:00,77,0.0,30,55,359,3.0
Cochabamba - Sarco,2026-09-14 12:00:00,80,2.1,19,89,357,2.8
Cochabamba - Sarco,2026-09-14 12:00:00,83,1.9,13,89,357,2.7
Cochabamba - Sarco,2026-09-14 12:00:00,86,0.0,13,56,350,2.7
Cochabamba - Sarco,2026-09-14 12:00:00,89,0.0,7,56,21,2.3
Cochabamba - Sarco,2026-09-14 12:00:00,92,0.0,7,56,20,1.9
Cochabamba - Sarco,2026-09-14 12:00:00,95,0.0,9,56,11,2.8
Cochabamba - Sarco,2026-09-14 12:00:00,98,1.7,10,89,360,3.8
Cochabamba - Sarco,2026-09-14 12:00:00,101,1.6,9,89,356,2.7
Cochabamba - Sarco,2026-09-14 12:00:00,104,1.3,9,89,344,1.6
Cochabamba - Sarco,2026-09-14 12:00:00,107,1.2,8,89,353,1.5
Cochabamba - Sarco,2026-09-14 12:00:00,110,1.9,7,89,1,1.4
Concepcion,2026-09-14 12:00:00,2,0.0,28,36,155,1.5
Concepcion,2026-09-14 12:00:00,5,0.0,28,36,159,1.7
Concepcion,2026-09-14 12:00:00,8,0.0,25,26,159,1.9
Concepcion,2026-09-14 12:00:00,11,0.0,22,26,169,2.0
Concepcion,2026-09-14 12:00:00,14,0.0,13,36,170,2.1
Concepcion,2026-09-14 12:00:00,17,0.0,13,37,160,2.7
Concepcion,2026-09-14 12:00:00,20,0.0,21,35,150,3.7
Concepcion,2026-09-14 12:00:00,23,0.0,25,36,156,3.0
Concepcion,2026-09-14 12:00:00,26,0.0,26,36,156,2.2
Concepcion,2026-09-14 12:00:00,29,0.0,26,36,150,2.1
Concepcion,2026-09-14 12:00:00,32,0.0,24,36,140,2.0
Concepcion,2026-09-14 12:00:00,35,0.0,21,35,150,2.9
Concepcion,2026-09-14 12:00:00,38,0.0,13,26,160,3.8
Concepcion,2026-09-14 12:00:00,41,0.0,13,26,156,4.0
Concepcion,2026-09-14 12:00:00,44,0.0,22,26,146,4.0
Concepcion,2026-09-14 12:00:00,47,0.0,27,27,150,3.0
Concepcion,2026-09-14 12:00:00,50,0.0,34,26,154,1.9
Concepcion,2026-09-14 12:00:00,53,0.0,34,26,155,1.9
Concepcion,2026-09-14 12:00:00,56,0.0,28,36,151,1.8
Concepcion,2026-09-14 12:00:00,59,0.0,23,36,162,1.8
Concepcion,2026-09-14 12:00:00,62,0.0,14,36,171,1.8
Concepcion,2026-09-14 12:00:00,65,0.0,14,36,136,1.6
Concepcion,2026-09-14 12:00:00,68,0.0,23,36,99,2.1
Concepcion,2026-09-14 12:00:00,71,0.0,28,36,35,2.3
Concepcion,2026-09-14 12:00:00,74,0.0,37,36,322,2.7
Concepcion,2026-09-14 12:00:00,77,0.0,37,36,312,2.2
Concepcion,2026-09-14 12:00:00,80,0.0,29,37,300,1.7
Concepcion,2026-09-14 12:00:00,83,0.0,24,36,282,1.5
Concepcion,2026-09-14 12:00:00,86,0.0,15,56,262,1.4
Concepcion,2026-09-14 12:00:00,89,0.0,13,56,245,2.0
Concepcion,2026-09-14 12:00:00,92,0.0,27,56,215,2.6
Concepcion,2026-09-14 12:00:00,95,0.0,31,56,285,2.4
Concepcion,2026-09-14 12:00:00,98,0.0,35,56,354,2.1
Concepcion,2026-09-14 12:00:00,101,0.0,40,56,274,1.6
Concepcion,2026-09-14 12:00:00,104,0.0,32,56,190,1.1
Concepcion,2026-09-14 12:00:00,107,0.0,28,56,200,2.1
Concepcion,2026-09-14 12:00:00,110,0.0,20,56,205,3.1
Cota Cota Baja,2026-09-14 12:00:00,2,0.0,15,36,285,6.1
Cota Cota Baja,2026-09-14 12:00:00,5,0.0,15,36,330,5.2
Cota Cota Baja,2026-09-14 12:00:00,8,0.0,10,26,6,4.3
Cota Cota Baja,2026-09-14 12:00:00,11,0.0,7,25,338,2.8
Cota Cota Baja,2026-09-14 12:00:00,14,0.0,-1,25,307,1.1
Cota Cota Baja,2026-09-14 12:00:00,17,0.0,-1,25,84,1.1
Cota Cota Baja,2026-09-14 12:00:00,20,0.0,5,26,89,1.6
Cota Cota Baja,2026-09-14 12:00:00,23,0.0,9,25,63,2.8
Cota Cota Baja,2026-09-14 12:00:00,26,0.0,15,37,283,3.9
Cota Cota Baja,2026-09-14 12:00:00,29,0.0,15,37,336,4.3
Cota Cota Baja,2026-09-14 12:00:00,32,0.0,10,57,28,4.9
Cota Cota Baja,2026-09-14 12:00:00,35,0.0,6,57,6,3.1
Cota Cota Baja,2026-09-14 12:00:00,38,0.0,-1,57,340,1.4
Cota Cota Baja,2026-09-14 12:00:00,41,0.0,-1,56,348,1.4
Cota Cota Baja,2026-09-14 12:00:00,44,0.0,4,56,316,1.4
Cota Cota Baja,2026-09-14 12:00:00,47,0.0,9,56,331,2.0
Cota Cota Baja,2026-09-14 12:00:00,50,1.5,13,89,341,2.6
Cota Cota Baja,2026-09-14 12:00:00,53,1.9,13,89,8,3.3
Cota Cota Baja,2026-09-14 12:00:00,56,0.0,10,56,32,3.9
Cota Cota Baja,2026-09-14 12:00:00,59,0.0,6,56,318,3.2
Cota Cota Baja,2026-09-14 12:00:00,62,1.4,1,90,234,2.4
Cota Cota Baja,2026-09-14 12:00:00,65,1.6,0,89,167,2.1
Cota Cota Baja,2026-09-14 12:00:00,68,1.9,4,89,151,2.9
Cota Cota Baja,2026-09-14 12:00:00,71,1.9,8,89,96,2.6
Cota Cota Baja,2026-09-14 12:00:00,74,1.4,11,88,31,2.4
Cota Cota Baja,2026-09-14 12:00:00,77,0.6,11,90,26,3.5
Cota Cota Baja,2026-09-14 12:00:00,80,0.9,7,89,12,4.5
Cota Cota Baja,2026-09-14 12:00:00,83,1.7,4,89,12,3.9
Cota Cota Baja,2026-09-14 12:00:00,86,2.2,1,89,11,3.4
Cota Cota Baja,2026-09-14 12:00:00,89,1.4,1,89,22,2.7
Cota Cota Baja,2026-09-14 12:00:00,92,2.0,4,89,16,2.1
Cota Cota Baja,2026-09-14 12:00:00,95,2.3,6,89,5,2.9
Cota Cota Baja,2026-09-14 12:00:00,98,1.8,9,89,345,3.6
Cota Cota Baja,2026-09-14 12:00:00,101,1.6,9,89,60,3.1
Cota Cota Baja,2026-09-14 12:00:00,104,2.2,7,89,130,2.5
Cota Cota Baja,2026-09-14 12:00:00,107,1.6,5,88,104,2.7
Cota Cota Baja,2026-09-14 12:00:00,110,0.9,3,89,77,3.0
Cotagaita,2026-09-14 12:00:00,2,0.0,26,26,270,10.0
Cotagaita,2026-09-14 12:00:00,5,0.0,26,27,287,7.0
Cotagaita,2026-09-14 12:00:00,8,0.0,18,26,296,4.0
Cotagaita,2026-09-14 12:00:00,11,0.0,14,26,289,3.4
Cotagaita,2026-09-14 12:00:00,14,0.0,0,26,272,2.8
Cotagaita,2026-09-14 12:00:00,17,0.0,0,26,280,1.7
Cotagaita,2026-09-14 12:00:00,20,0.0,10,26,297,0.5
Cotagaita,2026-09-14 12:00:00,23,0.0,16,26,261,1.2
Cotagaita,2026-09-14 12:00:00,26,0.0,27,26,224,2.0
Cotagaita,2026-09-14 12:00:00,29,0.0,27,26,161,2.0
Cotagaita,2026-09-14 12:00:00,32,0.0,14,26,99,2.0
Cotagaita,2026-09-14 12:00:00,35,0.0,10,26,120,1.5
Cotagaita,2026-09-14 12:00:00,38,0.0,0,26,140,1.0
Cotagaita,2026-09-14 12:00:00,41,0.0,0,26,105,0.9
Cotagaita,2026-09-14 12:00:00,44,0.0,10,26,53,0.9
Cotagaita,2026-09-14 12:00:00,47,0.0,18,26,350,2.8
Cotagaita,2026-09-14 12:00:00,50,0.0,26,26,287,4.7
Cotagaita,2026-09-14 12:00:00,53,0.0,26,26,357,4.2
Cotagaita,2026-09-14 12:00:00,56,0.0,19,26,59,3.7
Cotagaita,2026-09-14 12:00:00,59,0.0,11,26,68,2.3
Cotagaita,2026-09-14 12:00:00,62,0.0,1,56,68,0.9
Cotagaita,2026-09-14 12:00:00,65,0.0,1,57,172,0.6
Cotagaita,2026-09-14 12:00:00,68,0.0,8,57,342,0.6
Cotagaita,2026-09-14 12:00:00,71,0.0,15,56,337,1.5
Cotagaita,2026-09-14 12:00:00,74,0.0,23,36,325,2.3
Cotagaita,2026-09-14 12:00:00,77,0.0,23,37,9,2.9
Cotagaita,2026-09-14 12:00:00,80,2.3,13,89,51,3.7
Cotagaita,2026-09-14 12:00:00,83,0.9,7,89,39,3.4
Cotagaita,2026-09-14 12:00:00,86,0.9,1,89,20,3.1
Cotagaita,2026-09-14 12:00:00,89,1.6,1,89,183,1.4
Cotagaita,2026-09-14 12:00:00,92,1.0,7,89,261,2.0
Cotagaita,2026-09-14 12:00:00,95,2.1,12,89,290,3.1
Cotagaita,2026-09-14 12:00:00,98,0.8,20,89,315,4.4
Cotagaita,2026-09-14 12:00:00,101,2.4,20,89,329,3.9
Cotagaita,2026-09-14 12:00:00,104,0.8,15,89,340,3.5
Cotagaita,2026-09-14 12:00:00,107,1.8,11,88,320,2.5
Cotagaita,2026-09-14 12:00:00,110,1.1,2,89,292,1.6
Covendo,2026-09-14 12:00:00,2,0.0,24,56,1,2.0
Covendo,2026-09-14 12:00:00,5,0.0,24,56,42,1.2
Covendo,2026-09-14 12:00:00,8,0.0,22,56,79,0.5
Covendo,2026-09-14 12:00:00,11,0.0,20,56,122,0.8
Covendo,2026-09-14 12:00:00,14,0.0,13,56,163,1.0
Covendo,2026-09-14 12:00:00,17,0.0,13,56,164,1.0
Covendo,2026-09-14 12:00:00,20,0.0,17,56,153,1.0
Covendo,2026-09-14 12:00:00,23,0.0,20,56,85,1.4
Covendo,2026-09-14 12:00:00,26,0.0,24,56,15,1.8
Covendo,2026-09-14 12:00:00,29,0.0,24,56,55,1.1
Covendo,2026-09-14 12:00:00,32,0.0,21,56,190,0.4
Covendo,2026-09-14 12:00:00,35,0.0,18,56,198,0.7
Covendo,2026-09-14 12:00:00,38,0.0,14,56,198,1.0
Covendo,2026-09-14 12:00:00,41,0.0,14,56,180,0.8
Covendo,2026-09-14 12:00:00,44,0.0,18,56,190,0.6
Covendo,2026-09-14 12:00:00,47,0.0,21,56,198,1.0
Covendo,2026-09-14 12:00:00,50,0.0,25,35,205,1.3
Covendo,2026-09-14 12:00:00,53,0.0,25,36,211,1.2
Covendo,2026-09-14 12:00:00,56,0.0,22,36,213,1.1
Covendo,2026-09-14 12:00:00,59,0.0,18,36,213,1.0
Covendo,2026-09-14 12:00:00,62,0.0,15,56,213,1.0
Covendo,2026-09-14 12:00:00,65,0.0,15,56,220,1.0
Covendo,2026-09-14 12:00:00,68,0.0,19,56,220,0.9
Covendo,2026-09-14 12:00:00,71,0.0,22,56,283,1.4
Covendo,2026-09-14 12:00:00,74,1.5,26,89,342,1.8
Covendo,2026-09-14 12:00:00,77,2.3,26,89,293,1.5
Covendo,2026-09-14 12:00:00,80,2.3,23,89,233,1.2
Covendo,2026-09-14 12:00:00,83,2.6,19,89,230,1.2
Covendo,2026-09-14 12:00:00,86,1.9,15,89,218,1.3
Covendo,2026-09-14 12:00:00,89,1.1,15,89,195,1.3
Covendo,2026-09-14 12:00:00,92,0.7,19,90,203,1.1
Covendo,2026-09-14 12:00:00,95,1.5,23,89,223,1.5
Covendo,2026-09-14 12:00:00,98,0.0,27,56,237,1.7
Covendo,2026-09-14 12:00:00,101,0.0,27,56,223,1.3
Covendo,2026-09-14 12:00:00,104,0.0,23,57,203,0.9
Covendo,2026-09-14 12:00:00,107,0.0,21,57,203,1.1
Covendo,2026-09-14 12:00:00,110,0.0,18,56,203,1.4
Cuatro Cañadas - Colonia Chihuahua,2026-09-14 12:00:00,2,0.0,29,36,138,2.2
Cuatro Cañadas - Colonia Chihuahua,2026-09-14 12:00:00,5,0.0,29,36,140,2.3
Cuatro Cañadas - Colonia Chihuahua,2026-09-14 12:00:00,8,0.0,23,36,140,2.3
Cuatro Cañadas - Colonia Chihuahua,2026-09-14 12:00:00,11,0.0,20,35,150,2.6
Cuatro Cañadas - Colonia Chihuahua,2026-09-14 12:00:00,14,0.0,15,56,150,2.8
Cuatro Cañadas - Colonia Chihuahua,2026-09-14 12:00:00,17,0.0,15,56,150,3.5
Cuatro Cañadas - Colonia Chihuahua,2026-09-14 12:00:00,20,0.0,16,56,150,4.6
Cuatro Cañadas - Colonia Chihuahua,2026-09-14 12:00:00,23,0.0,19,56,160,4.0
Cuatro Cañadas - Colonia Chihuahua,2026-09-14 12:00:00,26,0.0,17,57,167,3.3
Cuatro Cañadas - Colonia Chihuahua,2026-09-14 12:00:00,29,0.0,17,56,177,3.3
Cuatro Cañadas - Colonia Chihuahua,2026-09-14 12:00:00,32,0.0,20,56,184,3.3
Cuatro Cañadas - Colonia Chihuahua,2026-09-14 12:00:00,35,0.0,18,56,164,3.0
Cuatro Cañadas - Colonia Chihuahua,2026-09-14 12:00:00,38,0.0,15,36,144,2.5
Cuatro Cañadas - Colonia Chihuahua,2026-09-14 12:00:00,41,0.0,15,36,147,3.3
Cuatro Cañadas - Colonia Chihuahua,2026-09-14 12:00:00,44,0.0,20,36,140,4.4
Cuatro Cañadas - Colonia Chihuahua,2026-09-14 12:00:00,47,0.0,24,36,147,3.3
Cuatro Cañadas - Colonia Chihuahua,2026-09-14 12:00:00,50,0.0,25,26,147,2.2
Cuatro Cañadas - Colonia Chihuahua,2026-09-14 12:00:00,53,0.0,25,27,147,2.0
Cuatro Cañadas - Colonia Chihuahua,2026-09-14 12:00:00,56,0.0,23,26,138,1.8
Cuatro Cañadas - Colonia Chihuahua,2026-09-14 12:00:00,59,0.0,20,25,140,2.1
Cuatro Cañadas - Colonia Chihuahua,2026-09-14 12:00:00,62,0.0,18,56,138,2.4
Cuatro Cañadas - Colonia Chihuahua,2026-09-14 12:00:00,65,0.0,18,56,98,1.6
Cuatro Cañadas - Colonia Chihuahua,2026-09-14 12:00:00,68,0.0,22,56,71,1.2
Cuatro Cañadas - Colonia Chihuahua,2026-09-14 12:00:00,71,0.0,26,56,11,2.3
Cuatro Cañadas - Colonia Chihuahua,2026-09-14 12:00:00,74,0.0,29,36,310,3.5
Cuatro Cañadas - Colonia Chihuahua,2026-09-14 12:00:00,77,0.0,29,36,307,2.7
Cuatro Cañadas - Colonia Chihuahua,2026-09-14 12:00:00,80,0.0,28,36,297,1.9
Cuatro Cañadas - Colonia Chihuahua,2026-09-14 12:00:00,83,0.0,26,36,350,1.6
Cuatro Cañadas - Colonia Chihuahua,2026-09-14 12:00:00,86,0.0,19,56,42,1.3
Cuatro Cañadas - Colonia Chihuahua,2026-09-14 12:00:00,89,0.0,16,57,181,2.1
Cuatro Cañadas - Colonia Chihuahua,2026-09-14 12:00:00,92,0.0,24,56,188,2.4
Cuatro Cañadas - Colonia Chihuahua,2026-09-14 12:00:00,95,0.0,27,56,240,2.2
Cuatro Cañadas - Colonia Chihuahua,2026-09-14 12:00:00,98,0.0,32,57,289,2.0
Cuatro Cañadas - Colonia Chihuahua,2026-09-14 12:00:00,101,0.0,37,56,310,2.7
Cuatro Cañadas - Colonia Chihuahua,2026-09-14 12:00:00,104,0.0,36,56,324,3.6
Cuatro Cañadas - Colonia Chihuahua,2026-09-14 12:00:00,107,0.0,35,56,58,2.9
Cuatro Cañadas - Colonia Chihuahua,2026-09-14 12:00:00,110,0.0,31,56,135,2.3
Cuatro Cañadas CEA-2,2026-09-14 12:00:00,2,0.0,28,36,141,2.0
Cuatro Cañadas CEA-2,2026-09-14 12:00:00,5,0.0,28,35,151,2.2
Cuatro Cañadas CEA-2,2026-09-14 12:00:00,8,0.0,24,36,153,2.4
Cuatro Cañadas CEA-2,2026-09-14 12:00:00,11,0.0,21,36,160,2.5
Cuatro Cañadas CEA-2,2026-09-14 12:00:00,14,0.0,15,56,160,2.6
Cuatro Cañadas CEA-2,2026-09-14 12:00:00,17,0.0,15,56,162,3.7
Cuatro Cañadas CEA-2,2026-09-14 12:00:00,20,0.0,18,56,160,5.0
Cuatro Cañadas CEA-2,2026-09-14 12:00:00,23,0.0,19,56,160,4.2
Cuatro Cañadas CEA-2,2026-09-14 12:00:00,26,0.0,18,56,160,3.4
Cuatro Cañadas CEA-2,2026-09-14 12:00:00,29,0.0,18,56,171,3.2
Cuatro Cañadas CEA-2,2026-09-14 12:00:00,32,0.0,17,56,181,2.9
Cuatro Cañadas CEA-2,2026-09-14 12:00:00,35,0.0,15,56,170,2.6
Cuatro Cañadas CEA-2,2026-09-14 12:00:00,38,0.0,15,36,152,2.3
Cuatro Cañadas CEA-2,2026-09-14 12:00:00,41,0.0,15,37,152,3.2
Cuatro Cañadas CEA-2,2026-09-14 12:00:00,44,0.0,18,37,142,4.1
Cuatro Cañadas CEA-2,2026-09-14 12:00:00,47,0.0,22,36,140,3.1
Cuatro Cañadas CEA-2,2026-09-14 12:00:00,50,0.0,26,26,130,2.1
Cuatro Cañadas CEA-2,2026-09-14 12:00:00,53,0.0,26,26,150,2.0
Cuatro Cañadas CEA-2,2026-09-14 12:00:00,56,0.0,21,26,170,2.0
Cuatro Cañadas CEA-2,2026-09-14 12:00:00,59,0.0,17,26,162,2.1
Cuatro Cañadas CEA-2,2026-09-14 12:00:00,62,0.0,17,56,152,2.2
Cuatro Cañadas CEA-2,2026-09-14 12:00:00,65,0.0,17,56,153,2.0
Cuatro Cañadas CEA-2,2026-09-14 12:00:00,68,0.0,22,56,161,2.0
Cuatro Cañadas CEA-2,2026-09-14 12:00:00,71,0.0,23,57,241,2.7
Cuatro Cañadas CEA-2,2026-09-14 12:00:00,74,0.0,29,36,321,3.5
Cuatro Cañadas CEA-2,2026-09-14 12:00:00,77,0.0,29,36,310,2.6
Cuatro Cañadas CEA-2,2026-09-14 12:00:00,80,0.0,28,35,290,1.8
Cuatro Cañadas CEA-2,2026-09-14 12:00:00,83,0.0,24,36,325,1.8
Cuatro Cañadas CEA-2,2026-09-14 12:00:00,86,0.0,18,56,357,1.7
Cuatro Cañadas CEA-2,2026-09-14 12:00:00,89,0.0,17,57,188,2.6
Cuatro Cañadas CEA-2,2026-09-14 12:00:00,92,0.0,24,56,170,3.1
Cuatro Cañadas CEA-2,2026-09-14 12:00:00,95,0.0,30,56,248,2.1
Cuatro Cañadas CEA-2,2026-09-14 12:00:00,98,0.0,31,56,325,1.1
Cuatro Cañadas CEA-2,2026-09-14 12:00:00,101,0.0,36,57,340,2.5
Cuatro Cañadas CEA-2,2026-09-14 12:00:00,104,0.0,35,56,352,3.9
Cuatro Cañadas CEA-2,2026-09-14 12:00:00,107,0.0,30,57,288,3.5
Cuatro Cañadas CEA-2,2026-09-14 12:00:00,110,0.0,26,57,197,3.1
Desaguadero_M,2026-09-14 12:00:00,2,0.0,15,36,346,5.3
Desaguadero_M,2026-09-14 12:00:00,5,0.0,15,36,36,3.4
Desaguadero_M,2026-09-14 12:00:00,8,0.0,10,26,83,1.3
Desaguadero_M,2026-09-14 12:00:00,11,0.0,7,27,84,1.1
Desaguadero_M,2026-09-14 12:00:00,14,0.0,-4,26,80,0.9
Desaguadero_M,2026-09-14 12:00:00,17,0.0,-4,26,110,1.1
Desaguadero_M,2026-09-14 12:00:00,20,0.0,7,26,95,0.7
Desaguadero_M,2026-09-14 12:00:00,23,0.0,11,27,44,2.7
Desaguadero_M,2026-09-14 12:00:00,26,0.0,16,36,348,4.6
Desaguadero_M,2026-09-14 12:00:00,29,0.0,16,36,358,4.5
Desaguadero_M,2026-09-14 12:00:00,32,0.0,10,56,5,4.3
Desaguadero_M,2026-09-14 12:00:00,35,0.0,7,56,5,2.9
Desaguadero_M,2026-09-14 12:00:00,38,0.0,-4,56,1,1.6
Desaguadero_M,2026-09-14 12:00:00,41,0.0,-4,56,78,1.9
Desaguadero_M,2026-09-14 12:00:00,44,0.0,5,56,69,2.0
Desaguadero_M,2026-09-14 12:00:00,47,0.0,10,56,28,3.2
Desaguadero_M,2026-09-14 12:00:00,50,1.9,13,89,340,4.5
Desaguadero_M,2026-09-14 12:00:00,53,1.9,13,89,31,4.5
Desaguadero_M,2026-09-14 12:00:00,56,0.0,9,56,74,4.5
Desaguadero_M,2026-09-14 12:00:00,59,0.0,5,56,121,3.3
Desaguadero_M,2026-09-14 12:00:00,62,1.7,-3,88,159,2.1
Desaguadero_M,2026-09-14 12:00:00,65,1.5,-4,89,129,1.7
Desaguadero_M,2026-09-14 12:00:00,68,1.7,3,89,89,2.3
Desaguadero_M,2026-09-14 12:00:00,71,2.0,7,89,55,3.5
Desaguadero_M,2026-09-14 12:00:00,74,1.7,12,89,13,4.6
Desaguadero_M,2026-09-14 12:00:00,77,2.2,12,89,10,4.6
Desaguadero_M,2026-09-14 12:00:00,80,1.3,8,89,357,4.6
Desaguadero_M,2026-09-14 12:00:00,83,1.7,3,89,301,3.1
Desaguadero_M,2026-09-14 12:00:00,86,1.6,-2,89,218,1.6
Desaguadero_M,2026-09-14 12:00:00,89,2.1,-3,90,21,1.8
Desaguadero_M,2026-09-14 12:00:00,92,1.1,1,89,25,1.9
Desaguadero_M,2026-09-14 12:00:00,95,1.1,5,89,360,4.5
Desaguadero_M,2026-09-14 12:00:00,98,1.9,10,89,335,7.1
Desaguadero_M,2026-09-14 12:00:00,101,1.7,10,89,47,5.4
Desaguadero_M,2026-09-14 12:00:00,104,1.9,6,89,115,3.7
Desaguadero_M,2026-09-14 12:00:00,107,2.3,3,90,101,2.8
Desaguadero_M,2026-09-14 12:00:00,110,1.9,0,89,81,1.9
El Alto,2026-09-14 12:00:00,2,0.0,15,36,267,5.2
El Alto,2026-09-14 12:00:00,5,0.0,15,36,355,4.3
El Alto,2026-09-14 12:00:00,8,0.0,10,26,75,3.3
El Alto,2026-09-14 12:00:00,11,0.0,6,26,112,2.4
El Alto,2026-09-14 12:00:00,14,0.0,-2,26,145,1.4
El Alto,2026-09-14 12:00:00,17,0.0,-2,26,99,0.9
El Alto,2026-09-14 12:00:00,20,0.0,6,26,105,0.9
El Alto,2026-09-14 12:00:00,23,0.0,10,26,120,2.2
El Alto,2026-09-14 12:00:00,26,0.0,16,36,128,3.6
El Alto,2026-09-14 12:00:00,29,0.0,16,36,93,4.1
El Alto,2026-09-14 12:00:00,32,0.0,9,57,54,4.5
El Alto,2026-09-14 12:00:00,35,0.0,4,56,81,3.3
El Alto,2026-09-14 12:00:00,38,0.0,-2,56,97,2.1
El Alto,2026-09-14 12:00:00,41,0.0,-2,56,122,2.0
El Alto,2026-09-14 12:00:00,44,0.0,4,56,111,2.6
El Alto,2026-09-14 12:00:00,47,0.0,9,56,76,2.7
El Alto,2026-09-14 12:00:00,50,1.2,14,89,36,2.8
El Alto,2026-09-14 12:00:00,53,2.2,14,88,50,3.6
El Alto,2026-09-14 12:00:00,56,0.0,10,56,58,4.4
El Alto,2026-09-14 12:00:00,59,0.0,6,56,136,2.9
El Alto,2026-09-14 12:00:00,62,1.5,0,89,208,1.4
El Alto,2026-09-14 12:00:00,65,1.5,-1,89,178,1.2
El Alto,2026-09-14 12:00:00,68,1.7,3,89,107,1.3
El Alto,2026-09-14 12:00:00,71,2.2,6,88,83,2.2
El Alto,2026-09-14 12:00:00,74,1.5,13,89,53,3.0
El Alto,2026-09-14 12:00:00,77,1.8,13,89,56,3.6
El Alto,2026-09-14 12:00:00,80,2.0,8,89,56,4.1
El Alto,2026-09-14 12:00:00,83,1.8,5,89,50,3.4
El Alto,2026-09-14 12:00:00,86,1.6,1,89,40,2.7
El Alto,2026-09-14 12:00:00,89,1.6,0,89,51,2.4
El Alto,2026-09-14 12:00:00,92,1.4,5,90,48,1.9
El Alto,2026-09-14 12:00:00,95,1.6,8,89,43,2.4
El Alto,2026-09-14 12:00:00,98,1.8,12,89,36,2.8
El Alto,2026-09-14 12:00:00,101,1.8,12,89,323,2.8
El Alto,2026-09-14 12:00:00,104,1.8,9,89,243,2.7
El Alto,2026-09-14 12:00:00,107,1.8,6,90,227,2.1
El Alto,2026-09-14 12:00:00,110,0.9,2,89,207,1.5
El Puente,2026-09-14 12:00:00,2,0.0,26,36,144,1.3
El Puente,2026-09-14 12:00:00,5,0.0,26,36,164,1.3
El Puente,2026-09-14 12:00:00,8,0.0,23,36,180,1.2
El Puente,2026-09-14 12:00:00,11,0.0,20,36,170,1.5
El Puente,2026-09-14 12:00:00,14,0.0,12,56,150,1.9
El Puente,2026-09-14 12:00:00,17,0.0,12,56,150,2.3
El Puente,2026-09-14 12:00:00,20,0.0,16,56,149,3.3
El Puente,2026-09-14 12:00:00,23,0.0,19,56,150,2.8
El Puente,2026-09-14 12:00:00,26,0.0,20,56,142,2.2
El Puente,2026-09-14 12:00:00,29,0.0,20,56,152,2.2
El Puente,2026-09-14 12:00:00,32,0.0,16,57,160,2.2
El Puente,2026-09-14 12:00:00,35,0.0,14,56,150,2.3
El Puente,2026-09-14 12:00:00,38,0.0,13,36,136,2.5
El Puente,2026-09-14 12:00:00,41,0.0,13,36,140,3.0
El Puente,2026-09-14 12:00:00,44,0.0,19,36,130,3.3
El Puente,2026-09-14 12:00:00,47,0.0,23,36,130,2.5
El Puente,2026-09-14 12:00:00,50,0.0,28,26,130,1.6
El Puente,2026-09-14 12:00:00,53,0.0,28,26,160,1.4
El Puente,2026-09-14 12:00:00,56,0.0,24,26,190,1.1
El Puente,2026-09-14 12:00:00,59,0.0,20,26,180,1.3
El Puente,2026-09-14 12:00:00,62,0.0,15,56,170,1.5
El Puente,2026-09-14 12:00:00,65,0.0,15,56,140,1.4
El Puente,2026-09-14 12:00:00,68,0.0,19,56,129,1.5
El Puente,2026-09-14 12:00:00,71,0.0,22,56,188,1.9
El Puente,2026-09-14 12:00:00,74,0.0,31,36,302,2.3
El Puente,2026-09-14 12:00:00,77,0.0,31,35,300,1.5
El Puente,2026-09-14 12:00:00,80,0.0,23,36,139,0.6
El Puente,2026-09-14 12:00:00,83,0.0,22,36,62,0.9
El Puente,2026-09-14 12:00:00,86,0.0,16,56,3,1.1
El Puente,2026-09-14 12:00:00,89,0.0,14,56,99,1.4
El Puente,2026-09-14 12:00:00,92,0.0,23,56,159,2.0
El Puente,2026-09-14 12:00:00,95,0.0,24,56,232,1.3
El Puente,2026-09-14 12:00:00,98,0.0,26,56,302,0.6
El Puente,2026-09-14 12:00:00,101,0.0,35,56,276,1.2
El Puente,2026-09-14 12:00:00,104,0.0,36,56,248,1.9
El Puente,2026-09-14 12:00:00,107,0.0,30,56,204,1.8
El Puente,2026-09-14 12:00:00,110,0.0,25,56,156,1.6
El Villar,2026-09-14 12:00:00,2,0.0,17,26,77,4.3
El Villar,2026-09-14 12:00:00,5,0.0,17,26,87,2.8
El Villar,2026-09-14 12:00:00,8,0.0,13,36,89,1.3
El Villar,2026-09-14 12:00:00,11,0.0,11,36,77,1.1
El Villar,2026-09-14 12:00:00,14,0.0,8,36,62,0.8
El Villar,2026-09-14 12:00:00,17,0.0,8,36,134,0.9
El Villar,2026-09-14 12:00:00,20,0.0,11,36,69,1.1
El Villar,2026-09-14 12:00:00,23,0.0,15,36,82,2.2
El Villar,2026-09-14 12:00:00,26,0.0,19,36,92,3.3
El Villar,2026-09-14 12:00:00,29,0.0,19,37,137,2.1
El Villar,2026-09-14 12:00:00,32,0.0,16,26,177,0.8
El Villar,2026-09-14 12:00:00,35,0.0,12,26,227,0.9
El Villar,2026-09-14 12:00:00,38,0.0,8,27,277,1.0
El Villar,2026-09-14 12:00:00,41,0.0,8,26,350,1.1
El Villar,2026-09-14 12:00:00,44,0.0,13,26,47,1.1
El Villar,2026-09-14 12:00:00,47,0.0,18,26,67,2.4
El Villar,2026-09-14 12:00:00,50,0.0,20,36,85,3.6
El Villar,2026-09-14 12:00:00,53,0.0,20,36,115,2.3
El Villar,2026-09-14 12:00:00,56,0.0,17,36,137,1.0
El Villar,2026-09-14 12:00:00,59,0.0,12,37,224,1.3
El Villar,2026-09-14 12:00:00,62,0.0,7,56,307,1.5
El Villar,2026-09-14 12:00:00,65,0.0,7,56,335,1.6
El Villar,2026-09-14 12:00:00,68,0.0,15,57,357,1.7
El Villar,2026-09-14 12:00:00,71,0.0,18,56,33,2.8
El Villar,2026-09-14 12:00:00,74,0.0,21,56,60,3.9
El Villar,2026-09-14 12:00:00,77,0.0,21,56,340,3.1
El Villar,2026-09-14 12:00:00,80,0.0,14,56,254,2.3
El Villar,2026-09-14 12:00:00,83,0.0,8,56,272,1.6
El Villar,2026-09-14 12:00:00,86,0.0,8,56,282,1.0
El Villar,2026-09-14 12:00:00,89,1.9,13,89,50,0.9
El Villar,2026-09-14 12:00:00,92,2.0,13,89,45,1.0
El Villar,2026-09-14 12:00:00,95,2.2,14,89,105,1.1
El Villar,2026-09-14 12:00:00,98,2.1,16,89,157,1.3
El Villar,2026-09-14 12:00:00,101,1.9,14,89,263,1.9
El Villar,2026-09-14 12:00:00,104,0.0,13,56,323,2.6
El Villar,2026-09-14 12:00:00,107,0.0,12,56,318,2.4
El Villar,2026-09-14 12:00:00,110,0.0,12,57,306,2.2
Filadelfia - PD,2026-09-14 12:00:00,2,0.0,30,36,140,1.5
Filadelfia - PD,2026-09-14 12:00:00,5,0.0,30,37,160,1.1
Filadelfia - PD,2026-09-14 12:00:00,8,0.0,25,26,172,0.8
Filadelfia - PD,2026-09-14 12:00:00,11,0.0,22,25,249,0.4
Filadelfia - PD,2026-09-14 12:00:00,14,0.0,16,26,340,0.1
Filadelfia - PD,2026-09-14 12:00:00,17,0.0,16,26,112,0.7
Filadelfia - PD,2026-09-14 12:00:00,20,0.0,23,26,180,1.1
Filadelfia - PD,2026-09-14 12:00:00,23,0.0,27,25,177,0.9
Filadelfia - PD,2026-09-14 12:00:00,26,0.0,33,36,165,0.6
Filadelfia - PD,2026-09-14 12:00:00,29,0.0,33,37,168,0.6
Filadelfia - PD,2026-09-14 12:00:00,32,0.0,27,25,170,0.6
Filadelfia - PD,2026-09-14 12:00:00,35,0.0,24,26,190,0.8
Filadelfia - PD,2026-09-14 12:00:00,38,0.0,18,36,200,0.9
Filadelfia - PD,2026-09-14 12:00:00,41,0.0,18,36,158,1.6
Filadelfia - PD,2026-09-14 12:00:00,44,0.0,23,37,150,2.2
Filadelfia - PD,2026-09-14 12:00:00,47,0.0,27,36,131,1.8
Filadelfia - PD,2026-09-14 12:00:00,50,0.0,33,57,111,1.4
Filadelfia - PD,2026-09-14 12:00:00,53,0.0,33,56,170,1.4
Filadelfia - PD,2026-09-14 12:00:00,56,0.0,27,36,222,1.3
Filadelfia - PD,2026-09-14 12:00:00,59,0.0,23,37,213,1.2
Filadelfia - PD,2026-09-14 12:00:00,62,0.0,19,36,201,1.1
Filadelfia - PD,2026-09-14 12:00:00,65,0.0,19,36,210,1.1
Filadelfia - PD,2026-09-14 12:00:00,68,0.0,27,36,190,1.1
Filadelfia - PD,2026-09-14 12:00:00,71,0.0,31,36,240,1.9
Filadelfia - PD,2026-09-14 12:00:00,74,0.0,34,36,287,2.7
Filadelfia - PD,2026-09-14 12:00:00,77,0.0,34,36,267,2.5
Filadelfia - PD,2026-09-14 12:00:00,80,0.0,28,36,240,2.4
Filadelfia - PD,2026-09-14 12:00:00,83,0.0,20,36,260,1.9
Filadelfia - PD,2026-09-14 12:00:00,86,0.0,20,37,280,1.4
Filadelfia - PD,2026-09-14 12:00:00,89,0.0,24,37,260,1.4
Filadelfia - PD,2026-09-14 12:00:00,92,0.0,25,36,260,1.3
Filadelfia - PD,2026-09-14 12:00:00,95,0.0,31,36,230,1.2
Filadelfia - PD,2026-09-14 12:00:00,98,0.0,36,36,198,1.1
Filadelfia - PD,2026-09-14 12:00:00,101,0.0,29,36,236,1.1
Filadelfia - PD,2026-09-14 12:00:00,104,0.0,23,37,268,1.1
Filadelfia - PD,2026-09-14 12:00:00,107,0.0,22,36,258,1.0
Filadelfia - PD,2026-09-14 12:00:00,110,0.0,22,36,249,0.9
Guayaramerin,2026-09-14 12:00:00,2,0.0,30,36,178,1.5
Guayaramerin,2026-09-14 12:00:00,5,0.0,30,36,202,1.2
Guayaramerin,2026-09-14 12:00:00,8,0.0,27,26,225,0.9
Guayaramerin,2026-09-14 12:00:00,11,0.0,24,26,204,1.0
Guayaramerin,2026-09-14 12:00:00,14,0.0,22,25,174,1.2
Guayaramerin,2026-09-14 12:00:00,17,0.0,22,26,178,1.9
Guayaramerin,2026-09-14 12:00:00,20,0.0,24,26,168,2.3
Guayaramerin,2026-09-14 12:00:00,23,0.0,27,26,168,1.5
Guayaramerin,2026-09-14 12:00:00,26,0.0,31,26,162,0.8
Guayaramerin,2026-09-14 12:00:00,29,0.0,32,25,152,0.7
Guayaramerin,2026-09-14 12:00:00,32,0.0,27,25,138,0.6
Guayaramerin,2026-09-14 12:00:00,35,0.0,25,27,152,0.9
Guayaramerin,2026-09-14 12:00:00,38,0.0,22,36,162,1.3
Guayaramerin,2026-09-14 12:00:00,41,0.0,22,36,158,1.8
Guayaramerin,2026-09-14 12:00:00,44,0.0,26,37,140,2.2
Guayaramerin,2026-09-14 12:00:00,47,0.0,29,35,139,1.9
Guayaramerin,2026-09-14 12:00:00,50,0.0,34,26,137,1.6
Guayaramerin,2026-09-14 12:00:00,53,0.0,34,26,167,1.3
Guayaramerin,2026-09-14 12:00:00,56,0.0,30,36,196,0.9
Guayaramerin,2026-09-14 12:00:00,59,0.0,27,36,190,0.9
Guayaramerin,2026-09-14 12:00:00,62,0.0,22,36,189,0.8
Guayaramerin,2026-09-14 12:00:00,65,0.0,22,36,173,1.0
Guayaramerin,2026-09-14 12:00:00,68,0.0,27,36,160,1.4
Guayaramerin,2026-09-14 12:00:00,71,0.0,32,36,120,1.4
Guayaramerin,2026-09-14 12:00:00,74,0.0,35,36,78,1.5
Guayaramerin,2026-09-14 12:00:00,77,0.0,35,36,138,1.2
Guayaramerin,2026-09-14 12:00:00,80,0.0,29,36,189,1.0
Guayaramerin,2026-09-14 12:00:00,83,0.0,23,36,268,1.1
Guayaramerin,2026-09-14 12:00:00,86,0.0,23,36,338,1.2
Guayaramerin,2026-09-14 12:00:00,89,0.0,26,37,170,0.9
Guayaramerin,2026-09-14 12:00:00,92,0.0,27,36,240,1.0
Guayaramerin,2026-09-14 12:00:00,95,0.0,35,36,244,1.0
Guayaramerin,2026-09-14 12:00:00,98,0.0,43,55,293,1.1
Guayaramerin,2026-09-14 12:00:00,101,0.0,35,56,319,1.1
Guayaramerin,2026-09-14 12:00:00,104,1.8,27,89,315,1.1
Guayaramerin,2026-09-14 12:00:00,107,2.0,26,89,286,1.2
Guayaramerin,2026-09-14 12:00:00,110,2.4,24,89,248,1.3
Guayaramerin_M (GPRS),2026-09-14 12:00:00,2,0.0,27,35,179,1.5
Guayaramerin_M (GPRS),2026-09-14 12:00:00,5,0.0,27,36,200,1.4
Guayaramerin_M (GPRS),2026-09-14 12:00:00,8,0.0,25,25,220,1.2
Guayaramerin_M (GPRS),2026-09-14 12:00:00,11,0.0,24,26,200,1.1
Guayaramerin_M (GPRS),2026-09-14 12:00:00,14,0.0,22,25,179,1.0
Guayaramerin_M (GPRS),2026-09-14 12:00:00,17,0.0,22,25,180,1.8
Guayaramerin_M (GPRS),2026-09-14 12:00:00,20,0.0,24,26,160,2.2
Guayaramerin_M (GPRS),2026-09-14 12:00:00,23,0.0,26,26,159,1.5
Guayaramerin_M (GPRS),2026-09-14 12:00:00,26,0.0,30,26,159,0.7
Guayaramerin_M (GPRS),2026-09-14 12:00:00,29,0.0,30,26,159,0.7
Guayaramerin_M (GPRS),2026-09-14 12:00:00,32,0.0,27,26,150,0.7
Guayaramerin_M (GPRS),2026-09-14 12:00:00,35,0.0,24,26,159,1.0
Guayaramerin_M (GPRS),2026-09-14 12:00:00,38,0.0,22,36,159,1.3
Guayaramerin_M (GPRS),2026-09-14 12:00:00,41,0.0,22,37,159,1.7
Guayaramerin_M (GPRS),2026-09-14 12:00:00,44,0.0,25,35,139,2.2
Guayaramerin_M (GPRS),2026-09-14 12:00:00,47,0.0,27,35,149,1.9
Guayaramerin_M (GPRS),2026-09-14 12:00:00,50,0.0,31,26,150,1.5
Guayaramerin_M (GPRS),2026-09-14 12:00:00,53,0.0,31,27,170,1.4
Guayaramerin_M (GPRS),2026-09-14 12:00:00,56,0.0,29,36,190,1.2
Guayaramerin_M (GPRS),2026-09-14 12:00:00,59,0.0,26,35,199,0.9
Guayaramerin_M (GPRS),2026-09-14 12:00:00,62,0.0,22,36,199,0.6
Guayaramerin_M (GPRS),2026-09-14 12:00:00,65,0.0,22,36,172,0.9
Guayaramerin_M (GPRS),2026-09-14 12:00:00,68,0.0,25,35,159,1.3
Guayaramerin_M (GPRS),2026-09-14 12:00:00,71,0.0,30,35,178,1.3
Guayaramerin_M (GPRS),2026-09-14 12:00:00,74,0.0,32,36,192,1.2
Guayaramerin_M (GPRS),2026-09-14 12:00:00,77,0.0,32,36,178,1.2
Guayaramerin_M (GPRS),2026-09-14 12:00:00,80,0.0,28,36,169,1.2
Guayaramerin_M (GPRS),2026-09-14 12:00:00,83,0.0,23,36,256,1.2
Guayaramerin_M (GPRS),2026-09-14 12:00:00,86,0.0,23,37,342,1.2
Guayaramerin_M (GPRS),2026-09-14 12:00:00,89,0.0,25,36,40,1.1
Guayaramerin_M (GPRS),2026-09-14 12:00:00,92,0.0,26,37,232,1.0
Guayaramerin_M (GPRS),2026-09-14 12:00:00,95,0.0,34,35,262,0.9
Guayaramerin_M (GPRS),2026-09-14 12:00:00,98,0.0,42,57,282,0.8
Guayaramerin_M (GPRS),2026-09-14 12:00:00,101,0.0,34,57,322,1.1
Guayaramerin_M (GPRS),2026-09-14 12:00:00,104,0.6,27,89,352,1.5
Guayaramerin_M (GPRS),2026-09-14 12:00:00,107,2.3,25,90,281,1.4
Guayaramerin_M (GPRS),2026-09-14 12:00:00,110,2.5,24,88,209,1.2
Incapampa,2026-09-14 12:00:00,2,0.0,20,57,10,2.1
Incapampa,2026-09-14 12:00:00,5,0.0,20,56,334,1.4
Incapampa,2026-09-14 12:00:00,8,0.0,18,57,295,0.7
Incapampa,2026-09-14 12:00:00,11,0.0,15,57,262,0.7
Incapampa,2026-09-14 12:00:00,14,0.0,11,56,222,0.8
Incapampa,2026-09-14 12:00:00,17,0.0,11,56,151,1.0
Incapampa,2026-09-14 12:00:00,20,0.0,15,56,85,0.5
Incapampa,2026-09-14 12:00:00,23,0.0,19,56,51,1.0
Incapampa,2026-09-14 12:00:00,26,0.0,24,56,9,1.5
Incapampa,2026-09-14 12:00:00,29,0.0,24,56,313,1.1
Incapampa,2026-09-14 12:00:00,32,0.0,19,56,247,0.8
Incapampa,2026-09-14 12:00:00,35,0.0,17,56,238,0.6
Incapampa,2026-09-14 12:00:00,38,0.0,12,56,223,0.4
Incapampa,2026-09-14 12:00:00,41,0.0,12,56,277,0.5
Incapampa,2026-09-14 12:00:00,44,0.0,17,56,333,0.3
Incapampa,2026-09-14 12:00:00,47,0.0,20,56,10,1.0
Incapampa,2026-09-14 12:00:00,50,0.0,25,36,45,1.7
Incapampa,2026-09-14 12:00:00,53,0.0,25,36,133,1.3
Incapampa,2026-09-14 12:00:00,56,0.0,20,36,211,1.0
Incapampa,2026-09-14 12:00:00,59,0.0,17,36,208,1.3
Incapampa,2026-09-14 12:00:00,62,0.0,13,56,197,1.5
Incapampa,2026-09-14 12:00:00,65,0.0,13,56,197,1.6
Incapampa,2026-09-14 12:00:00,68,0.0,18,56,187,1.6
Incapampa,2026-09-14 12:00:00,71,0.0,21,56,277,1.4
Incapampa,2026-09-14 12:00:00,74,2.2,26,89,4,1.3
Incapampa,2026-09-14 12:00:00,77,1.7,26,89,303,1.1
Incapampa,2026-09-14 12:00:00,80,1.7,21,89,241,1.0
Incapampa,2026-09-14 12:00:00,83,1.3,18,89,227,1.5
Incapampa,2026-09-14 12:00:00,86,1.2,13,90,204,2.0
Incapampa,2026-09-14 12:00:00,89,1.8,13,90,177,1.2
Incapampa,2026-09-14 12:00:00,92,1.0,19,89,184,1.2
Incapampa,2026-09-14 12:00:00,95,1.8,23,90,172,0.9
Incapampa,2026-09-14 12:00:00,98,0.0,27,56,159,0.8
Incapampa,2026-09-14 12:00:00,101,0.0,27,56,174,1.4
Incapampa,2026-09-14 12:00:00,104,0.0,24,56,187,2.0
Incapampa,2026-09-14 12:00:00,107,0.0,21,56,194,2.0
Incapampa,2026-09-14 12:00:00,110,0.0,18,56,194,1.9
Ixiamas,2026-09-14 12:00:00,2,0.0,24,37,56,1.9
Ixiamas,2026-09-14 12:00:00,5,0.0,24,36,336,1.4
Ixiamas,2026-09-14 12:00:00,8,0.0,22,37,248,0.9
Ixiamas,2026-09-14 12:00:00,11,0.0,21,36,222,0.9
Ixiamas,2026-09-14 12:00:00,14,0.0,19,36,193,1.0
Ixiamas,2026-09-14 12:00:00,17,0.0,19,36,189,0.9
Ixiamas,2026-09-14 12:00:00,20,0.0,22,36,162,1.1
Ixiamas,2026-09-14 12:00:00,23,0.0,25,37,101,1.4
Ixiamas,2026-09-14 12:00:00,26,0.0,30,36,38,1.6
Ixiamas,2026-09-14 12:00:00,29,0.0,30,37,109,1.5
Ixiamas,2026-09-14 12:00:00,32,0.0,26,37,180,1.3
Ixiamas,2026-09-14 12:00:00,35,0.0,23,36,182,1.4
Ixiamas,2026-09-14 12:00:00,38,0.0,20,36,175,1.5
Ixiamas,2026-09-14 12:00:00,41,0.0,20,36,160,2.0
Ixiamas,2026-09-14 12:00:00,44,0.0,23,36,140,2.2
Ixiamas,2026-09-14 12:00:00,47,0.0,26,36,120,2.3
Ixiamas,2026-09-14 12:00:00,50,0.0,31,36,99,2.3
Ixiamas,2026-09-14 12:00:00,53,0.0,31,36,150,2.0
Ixiamas,2026-09-14 12:00:00,56,0.0,27,36,201,1.6
Ixiamas,2026-09-14 12:00:00,59,0.0,24,36,203,1.5
Ixiamas,2026-09-14 12:00:00,62,0.0,20,36,202,1.4
Ixiamas,2026-09-14 12:00:00,65,0.0,20,36,210,1.1
Ixiamas,2026-09-14 12:00:00,68,0.0,24,36,200,0.9
Ixiamas,2026-09-14 12:00:00,71,0.0,28,36,251,0.7
Ixiamas,2026-09-14 12:00:00,74,0.0,32,36,301,0.5
Ixiamas,2026-09-14 12:00:00,77,0.0,32,36,270,0.7
Ixiamas,2026-09-14 12:00:00,80,0.0,29,37,229,0.9
Ixiamas,2026-09-14 12:00:00,83,0.0,24,37,229,1.3
Ixiamas,2026-09-14 12:00:00,86,1.5,21,89,219,1.7
Ixiamas,2026-09-14 12:00:00,89,1.5,21,89,161,1.2
Ixiamas,2026-09-14 12:00:00,92,0.6,25,89,103,1.0
Ixiamas,2026-09-14 12:00:00,95,1.4,29,88,90,1.1
Ixiamas,2026-09-14 12:00:00,98,0.0,33,56,70,1.3
Ixiamas,2026-09-14 12:00:00,101,0.0,33,55,151,1.0
Ixiamas,2026-09-14 12:00:00,104,0.0,30,57,229,0.8
Ixiamas,2026-09-14 12:00:00,107,0.0,27,56,209,0.9
Ixiamas,2026-09-14 12:00:00,110,0.0,24,56,181,1.0
Jesús de Machaca,2026-09-14 12:00:00,2,0.0,16,35,333,4.6
Jesús de Machaca,2026-09-14 12:00:00,5,0.0,16,36,49,3.8
Jesús de Machaca,2026-09-14 12:00:00,8,0.0,11,26,136,2.9
Jesús de Machaca,2026-09-14 12:00:00,11,0.0,7,26,132,1.9
Jesús de Machaca,2026-09-14 12:00:00,14,0.0,-10,26,126,0.9
Jesús de Machaca,2026-09-14 12:00:00,17,0.0,-10,26,140,1.6
Jesús de Machaca,2026-09-14 12:00:00,20,0.0,7,27,118,0.7
Jesús de Machaca,2026-09-14 12:00:00,23,0.0,11,26,55,2.4
Jesús de Machaca,2026-09-14 12:00:00,26,0.0,18,36,346,4.1
Jesús de Machaca,2026-09-14 12:00:00,29,0.0,18,37,1,3.5
Jesús de Machaca,2026-09-14 12:00:00,32,0.0,10,56,13,2.8
Jesús de Machaca,2026-09-14 12:00:00,35,0.0,6,57,15,2.5
Jesús de Machaca,2026-09-14 12:00:00,38,0.0,-10,56,15,2.1
Jesús de Machaca,2026-09-14 12:00:00,41,0.0,-10,57,92,1.7
Jesús de Machaca,2026-09-14 12:00:00,44,0.0,0,56,92,1.5
Jesús de Machaca,2026-09-14 12:00:00,47,0.0,8,56,38,3.2
Jesús de Machaca,2026-09-14 12:00:00,50,2.3,16,89,336,4.9
Jesús de Machaca,2026-09-14 12:00:00,53,2.0,16,89,24,4.8
Jesús de Machaca,2026-09-14 12:00:00,56,0.0,9,56,126,4.8
Jesús de Machaca,2026-09-14 12:00:00,59,0.0,3,56,135,3.3
Jesús de Machaca,2026-09-14 12:00:00,62,1.9,-9,89,140,1.7
Jesús de Machaca,2026-09-14 12:00:00,65,2.0,-9,89,48,2.4
Jesús de Machaca,2026-09-14 12:00:00,68,1.8,4,89,38,2.5
Jesús de Machaca,2026-09-14 12:00:00,71,0.6,8,89,32,3.4
Jesús de Machaca,2026-09-14 12:00:00,74,1.6,14,89,20,4.4
Jesús de Machaca,2026-09-14 12:00:00,77,2.0,14,89,5,4.0
Jesús de Machaca,2026-09-14 12:00:00,80,1.7,7,89,347,3.5
Jesús de Machaca,2026-09-14 12:00:00,83,1.9,1,89,68,2.7
Jesús de Machaca,2026-09-14 12:00:00,86,1.1,-8,89,143,1.9
Jesús de Machaca,2026-09-14 12:00:00,89,1.3,-8,89,86,1.9
Jesús de Machaca,2026-09-14 12:00:00,92,1.5,-2,89,12,1.8
Jesús de Machaca,2026-09-14 12:00:00,95,1.8,5,89,2,5.0
Jesús de Machaca,2026-09-14 12:00:00,98,1.3,12,90,345,8.1
Jesús de Machaca,2026-09-14 12:00:00,101,1.8,12,89,45,5.6
Jesús de Machaca,2026-09-14 12:00:00,104,1.7,6,89,105,3.0
Jesús de Machaca,2026-09-14 12:00:00,107,1.8,2,89,87,2.4
Jesús de Machaca,2026-09-14 12:00:00,110,0.9,-3,89,63,1.8
Kocani,2026-09-14 12:00:00,2,0.0,13,26,285,7.4
Kocani,2026-09-14 12:00:00,5,0.0,13,26,307,4.7
Kocani,2026-09-14 12:00:00,8,0.0,8,26,321,2.1
Kocani,2026-09-14 12:00:00,11,0.0,2,26,327,2.0
Kocani,2026-09-14 12:00:00,14,0.0,-2,25,330,1.8
Kocani,2026-09-14 12:00:00,17,0.0,-2,25,282,1.2
Kocani,2026-09-14 12:00:00,20,0.0,3,26,246,0.8
Kocani,2026-09-14 12:00:00,23,0.0,8,26,277,4.7
Kocani,2026-09-14 12:00:00,26,0.0,15,26,304,8.6
Kocani,2026-09-14 12:00:00,29,0.0,15,26,310,6.9
Kocani,2026-09-14 12:00:00,32,0.0,7,26,316,5.3
Kocani,2026-09-14 12:00:00,35,0.0,3,26,310,3.5
Kocani,2026-09-14 12:00:00,38,0.0,-1,27,300,1.7
Kocani,2026-09-14 12:00:00,41,0.0,-1,26,317,1.8
Kocani,2026-09-14 12:00:00,44,0.0,3,26,307,1.9
Kocani,2026-09-14 12:00:00,47,0.0,8,26,304,4.9
Kocani,2026-09-14 12:00:00,50,0.0,16,27,300,7.9
Kocani,2026-09-14 12:00:00,53,0.0,16,26,330,5.9
Kocani,2026-09-14 12:00:00,56,0.0,8,26,350,3.9
Kocani,2026-09-14 12:00:00,59,0.0,5,26,336,2.8
Kocani,2026-09-14 12:00:00,62,0.0,0,36,321,1.8
Kocani,2026-09-14 12:00:00,65,0.0,0,36,296,2.2
Kocani,2026-09-14 12:00:00,68,0.0,5,36,273,2.0
Kocani,2026-09-14 12:00:00,71,0.0,9,36,289,4.3
Kocani,2026-09-14 12:00:00,74,0.0,13,36,304,6.6
Kocani,2026-09-14 12:00:00,77,0.0,13,36,321,5.6
Kocani,2026-09-14 12:00:00,80,0.0,8,36,337,4.6
Kocani,2026-09-14 12:00:00,83,0.0,5,36,333,4.4
Kocani,2026-09-14 12:00:00,86,1.8,2,89,325,4.3
Kocani,2026-09-14 12:00:00,89,1.3,2,89,246,3.2
Kocani,2026-09-14 12:00:00,92,1.8,4,90,286,2.7
Kocani,2026-09-14 12:00:00,95,1.5,7,89,310,4.3
Kocani,2026-09-14 12:00:00,98,1.1,10,89,329,5.9
Kocani,2026-09-14 12:00:00,101,0.9,10,89,349,5.7
Kocani,2026-09-14 12:00:00,104,0.0,7,57,9,5.4
Kocani,2026-09-14 12:00:00,107,0.0,5,57,333,4.3
Kocani,2026-09-14 12:00:00,110,0.0,3,56,297,3.2
La Paz - Centro,2026-09-14 12:00:00,2,0.0,21,36,59,4.1
La Paz - Centro,2026-09-14 12:00:00,5,0.0,21,36,55,3.4
La Paz - Centro,2026-09-14 12:00:00,8,0.0,15,26,43,2.7
La Paz - Centro,2026-09-14 12:00:00,11,0.0,11,26,43,1.9
La Paz - Centro,2026-09-14 12:00:00,14,0.0,5,26,43,1.0
La Paz - Centro,2026-09-14 12:00:00,17,0.0,5,26,37,0.7
La Paz - Centro,2026-09-14 12:00:00,20,0.0,9,26,61,0.8
La Paz - Centro,2026-09-14 12:00:00,23,0.0,14,27,61,2.9
La Paz - Centro,2026-09-14 12:00:00,26,0.0,22,36,57,5.0
La Paz - Centro,2026-09-14 12:00:00,29,0.0,22,36,50,4.2
La Paz - Centro,2026-09-14 12:00:00,32,0.0,14,56,40,3.5
La Paz - Centro,2026-09-14 12:00:00,35,0.0,10,56,50,2.6
La Paz - Centro,2026-09-14 12:00:00,38,0.0,4,56,57,1.7
La Paz - Centro,2026-09-14 12:00:00,41,0.0,4,56,59,1.5
La Paz - Centro,2026-09-14 12:00:00,44,0.0,11,56,59,1.6
La Paz - Centro,2026-09-14 12:00:00,47,0.0,16,55,57,3.2
La Paz - Centro,2026-09-14 12:00:00,50,1.8,20,89,52,4.7
La Paz - Centro,2026-09-14 12:00:00,53,2.5,20,89,52,3.8
La Paz - Centro,2026-09-14 12:00:00,56,0.0,15,56,50,3.0
La Paz - Centro,2026-09-14 12:00:00,59,0.0,11,56,6,2.2
La Paz - Centro,2026-09-14 12:00:00,62,2.1,5,89,318,1.3
La Paz - Centro,2026-09-14 12:00:00,65,1.8,5,89,126,1.1
La Paz - Centro,2026-09-14 12:00:00,68,2.0,10,89,74,1.0
La Paz - Centro,2026-09-14 12:00:00,71,1.3,14,89,72,1.7
La Paz - Centro,2026-09-14 12:00:00,74,2.0,19,89,65,2.4
La Paz - Centro,2026-09-14 12:00:00,77,0.9,19,89,57,2.8
La Paz - Centro,2026-09-14 12:00:00,80,2.0,15,89,42,3.0
La Paz - Centro,2026-09-14 12:00:00,83,0.9,10,89,42,2.5
La Paz - Centro,2026-09-14 12:00:00,86,2.1,6,88,39,2.1
La Paz - Centro,2026-09-14 12:00:00,89,2.2,6,89,45,1.9
La Paz - Centro,2026-09-14 12:00:00,92,1.9,10,89,39,1.9
La Paz - Centro,2026-09-14 12:00:00,95,0.9,14,89,47,2.8
La Paz - Centro,2026-09-14 12:00:00,98,2.0,18,89,52,3.8
La Paz - Centro,2026-09-14 12:00:00,101,1.6,18,89,128,2.7
La Paz - Centro,2026-09-14 12:00:00,104,1.6,15,89,196,1.6
La Paz - Centro,2026-09-14 12:00:00,107,1.3,12,89,234,1.5
La Paz - Centro,2026-09-14 12:00:00,110,2.0,9,89,264,1.4
Laguna Colorada (GPRS),2026-09-14 12:00:00,2,0.0,10,26,260,7.4
Laguna Colorada (GPRS),2026-09-14 12:00:00,5,0.0,10,26,253,5.2
Laguna Colorada (GPRS),2026-09-14 12:00:00,8,0.0,4,26,243,3.0
Laguna Colorada (GPRS),2026-09-14 12:00:00,11,0.0,-1,26,251,2.3
Laguna Colorada (GPRS),2026-09-14 12:00:00,14,0.0,-12,25,252,1.6
Laguna Colorada (GPRS),2026-09-14 12:00:00,17,0.0,-12,26,259,1.5
Laguna Colorada (GPRS),2026-09-14 12:00:00,20,0.0,-1,26,300,1.3
Laguna Colorada (GPRS),2026-09-14 12:00:00,23,0.0,4,27,285,5.2
Laguna Colorada (GPRS),2026-09-14 12:00:00,26,0.0,8,25,260,9.1
Laguna Colorada (GPRS),2026-09-14 12:00:00,29,0.0,8,27,250,6.4
Laguna Colorada (GPRS),2026-09-14 12:00:00,32,0.0,3,26,233,3.6
Laguna Colorada (GPRS),2026-09-14 12:00:00,35,0.0,-1,26,246,3.0
Laguna Colorada (GPRS),2026-09-14 12:00:00,38,0.0,-10,26,256,2.3
Laguna Colorada (GPRS),2026-09-14 12:00:00,41,0.0,-10,27,273,1.7
Laguna Colorada (GPRS),2026-09-14 12:00:00,44,0.0,-3,26,280,1.5
Laguna Colorada (GPRS),2026-09-14 12:00:00,47,0.0,3,26,270,4.5
Laguna Colorada (GPRS),2026-09-14 12:00:00,50,0.0,9,26,250,7.5
Laguna Colorada (GPRS),2026-09-14 12:00:00,53,0.0,9,26,250,5.6
Laguna Colorada (GPRS),2026-09-14 12:00:00,56,0.0,5,26,240,3.6
Laguna Colorada (GPRS),2026-09-14 12:00:00,59,0.0,-2,26,251,2.6
Laguna Colorada (GPRS),2026-09-14 12:00:00,62,0.0,-9,36,259,1.6
Laguna Colorada (GPRS),2026-09-14 12:00:00,65,0.0,-9,36,218,1.4
Laguna Colorada (GPRS),2026-09-14 12:00:00,68,0.0,-5,36,200,1.3
Laguna Colorada (GPRS),2026-09-14 12:00:00,71,0.0,0,36,233,3.3
Laguna Colorada (GPRS),2026-09-14 12:00:00,74,0.0,6,36,259,5.3
Laguna Colorada (GPRS),2026-09-14 12:00:00,77,0.0,6,36,249,4.4
Laguna Colorada (GPRS),2026-09-14 12:00:00,80,0.0,0,36,232,3.5
Laguna Colorada (GPRS),2026-09-14 12:00:00,83,0.0,-4,36,232,2.8
Laguna Colorada (GPRS),2026-09-14 12:00:00,86,2.0,-8,90,223,1.9
Laguna Colorada (GPRS),2026-09-14 12:00:00,89,2.1,-8,90,277,2.6
Laguna Colorada (GPRS),2026-09-14 12:00:00,92,1.0,-3,89,314,2.4
Laguna Colorada (GPRS),2026-09-14 12:00:00,95,1.7,-1,88,297,5.0
Laguna Colorada (GPRS),2026-09-14 12:00:00,98,2.0,3,89,280,7.7
Laguna Colorada (GPRS),2026-09-14 12:00:00,101,1.6,3,89,260,6.0
Laguna Colorada (GPRS),2026-09-14 12:00:00,104,0.0,0,56,238,4.4
Laguna Colorada (GPRS),2026-09-14 12:00:00,107,0.0,-4,56,241,3.1
Laguna Colorada (GPRS),2026-09-14 12:00:00,110,0.0,-7,56,243,1.7
Magdalena,2026-09-14 12:00:00,2,0.0,26,36,160,2.8
Magdalena,2026-09-14 12:00:00,5,0.0,26,36,170,2.5
Magdalena,2026-09-14 12:00:00,8,0.0,24,26,180,2.2
Magdalena,2026-09-14 12:00:00,11,0.0,22,26,190,2.6
Magdalena,2026-09-14 12:00:00,14,0.0,20,26,190,2.9
Magdalena,2026-09-14 12:00:00,17,0.0,20,26,160,3.5
Magdalena,2026-09-14 12:00:00,20,0.0,22,25,140,4.2
Magdalena,2026-09-14 12:00:00,23,0.0,25,25,160,3.6
Magdalena,2026-09-14 12:00:00,26,0.0,28,36,180,3.1
Magdalena,2026-09-14 12:00:00,29,0.0,28,36,170,3.1
Magdalena,2026-09-14 12:00:00,32,0.0,25,26,160,3.2
Magdalena,2026-09-14 12:00:00,35,0.0,23,26,160,3.2
Magdalena,2026-09-14 12:00:00,38,0.0,21,26,150,3.1
Magdalena,2026-09-14 12:00:00,41,0.0,21,27,150,5.3
Magdalena,2026-09-14 12:00:00,44,0.0,24,26,130,6.3
Magdalena,2026-09-14 12:00:00,47,0.0,28,26,133,4.8
Magdalena,2026-09-14 12:00:00,50,0.0,31,36,133,3.4
Magdalena,2026-09-14 12:00:00,53,0.0,31,36,167,3.4
Magdalena,2026-09-14 12:00:00,56,0.0,28,26,197,3.5
Magdalena,2026-09-14 12:00:00,59,0.0,25,26,173,2.9
Magdalena,2026-09-14 12:00:00,62,0.0,22,26,145,2.4
Magdalena,2026-09-14 12:00:00,65,0.0,22,26,160,3.1
Magdalena,2026-09-14 12:00:00,68,0.0,26,26,136,3.4
Magdalena,2026-09-14 12:00:00,71,0.0,29,27,125,2.2
Magdalena,2026-09-14 12:00:00,74,0.0,32,25,104,1.0
Magdalena,2026-09-14 12:00:00,77,0.0,32,26,59,2.1
Magdalena,2026-09-14 12:00:00,80,0.0,28,26,14,3.1
Magdalena,2026-09-14 12:00:00,83,0.0,23,26,344,2.5
Magdalena,2026-09-14 12:00:00,86,0.0,23,37,310,1.8
Magdalena,2026-09-14 12:00:00,89,0.0,30,36,330,1.9
Magdalena,2026-09-14 12:00:00,92,0.0,31,36,280,1.4
Magdalena,2026-09-14 12:00:00,95,0.0,36,36,293,1.9
Magdalena,2026-09-14 12:00:00,98,0.0,40,56,303,2.3
Magdalena,2026-09-14 12:00:00,101,0.0,37,56,323,2.7
Magdalena,2026-09-14 12:00:00,104,0.0,33,36,340,3.0
Magdalena,2026-09-14 12:00:00,107,0.0,30,36,260,3.0
Magdalena,2026-09-14 12:00:00,110,0.0,27,36,176,3.0
Mecapaca,2026-09-14 12:00:00,2,0.0,21,36,129,2.7
Mecapaca,2026-09-14 12:00:00,5,0.0,21,36,106,2.9
Mecapaca,2026-09-14 12:00:00,8,0.0,16,26,77,3.2
Mecapaca,2026-09-14 12:00:00,11,0.0,11,26,99,2.3
Mecapaca,2026-09-14 12:00:00,14,0.0,7,26,119,1.5
Mecapaca,2026-09-14 12:00:00,17,0.0,7,26,93,0.8
Mecapaca,2026-09-14 12:00:00,20,0.0,13,26,80,0.7
Mecapaca,2026-09-14 12:00:00,23,0.0,17,26,89,2.6
Mecapaca,2026-09-14 12:00:00,26,0.0,23,36,93,4.5
Mecapaca,2026-09-14 12:00:00,29,0.0,23,36,83,4.2
Mecapaca,2026-09-14 12:00:00,32,0.0,17,56,63,3.9
Mecapaca,2026-09-14 12:00:00,35,0.0,12,56,83,3.2
Mecapaca,2026-09-14 12:00:00,38,0.0,6,55,93,2.5
Mecapaca,2026-09-14 12:00:00,41,0.0,6,56,108,2.1
Mecapaca,2026-09-14 12:00:00,44,0.0,11,57,103,2.5
Mecapaca,2026-09-14 12:00:00,47,0.0,16,57,85,3.1
Mecapaca,2026-09-14 12:00:00,50,2.0,21,89,65,3.8
Mecapaca,2026-09-14 12:00:00,53,2.1,21,89,65,3.7
Mecapaca,2026-09-14 12:00:00,56,0.0,16,56,65,3.6
Mecapaca,2026-09-14 12:00:00,59,0.0,12,56,93,2.7
Mecapaca,2026-09-14 12:00:00,62,2.2,7,89,243,1.7
Mecapaca,2026-09-14 12:00:00,65,1.9,7,89,72,1.2
Mecapaca,2026-09-14 12:00:00,68,1.5,11,88,76,0.8
Mecapaca,2026-09-14 12:00:00,71,1.0,14,89,81,1.9
Mecapaca,2026-09-14 12:00:00,74,2.5,20,89,76,2.8
Mecapaca,2026-09-14 12:00:00,77,1.7,20,89,74,3.1
Mecapaca,2026-09-14 12:00:00,80,1.3,16,89,63,3.2
Mecapaca,2026-09-14 12:00:00,83,1.7,12,89,59,2.9
Mecapaca,2026-09-14 12:00:00,86,1.6,8,90,50,2.6
Mecapaca,2026-09-14 12:00:00,89,1.4,7,89,65,2.1
Mecapaca,2026-09-14 12:00:00,92,2.1,10,88,55,1.9
Mecapaca,2026-09-14 12:00:00,95,2.1,14,88,56,2.9
Mecapaca,2026-09-14 12:00:00,98,2.1,18,90,56,3.8
Mecapaca,2026-09-14 12:00:00,101,1.9,18,89,97,3.2
Mecapaca,2026-09-14 12:00:00,104,1.1,15,88,210,2.6
Mecapaca,2026-09-14 12:00:00,107,2.3,12,89,220,2.3
Mecapaca,2026-09-14 12:00:00,110,2.8,8,89,222,1.9
Misicuni-Sivingani,2026-09-14 12:00:00,2,0.0,13,36,314,5.8
Misicuni-Sivingani,2026-09-14 12:00:00,5,0.0,13,36,321,5.9
Misicuni-Sivingani,2026-09-14 12:00:00,8,0.0,7,36,318,6.0
Misicuni-Sivingani,2026-09-14 12:00:00,11,0.0,3,36,320,5.4
Misicuni-Sivingani,2026-09-14 12:00:00,14,0.0,-3,25,320,4.7
Misicuni-Sivingani,2026-09-14 12:00:00,17,0.0,-3,27,328,3.7
Misicuni-Sivingani,2026-09-14 12:00:00,20,0.0,4,27,321,3.7
Misicuni-Sivingani,2026-09-14 12:00:00,23,0.0,9,27,321,4.4
Misicuni-Sivingani,2026-09-14 12:00:00,26,0.0,14,36,313,5.2
Misicuni-Sivingani,2026-09-14 12:00:00,29,0.0,14,36,321,5.3
Misicuni-Sivingani,2026-09-14 12:00:00,32,0.0,9,36,321,5.2
Misicuni-Sivingani,2026-09-14 12:00:00,35,0.0,5,37,321,4.8
Misicuni-Sivingani,2026-09-14 12:00:00,38,0.0,-3,56,321,4.3
Misicuni-Sivingani,2026-09-14 12:00:00,41,0.0,-3,56,330,3.0
Misicuni-Sivingani,2026-09-14 12:00:00,44,0.0,3,56,323,2.8
Misicuni-Sivingani,2026-09-14 12:00:00,47,0.0,7,56,334,3.7
Misicuni-Sivingani,2026-09-14 12:00:00,50,0.0,14,56,344,4.5
Misicuni-Sivingani,2026-09-14 12:00:00,53,0.0,14,56,332,4.4
Misicuni-Sivingani,2026-09-14 12:00:00,56,0.0,9,56,320,4.2
Misicuni-Sivingani,2026-09-14 12:00:00,59,0.0,5,56,338,3.9
Misicuni-Sivingani,2026-09-14 12:00:00,62,1.8,-5,89,349,3.5
Misicuni-Sivingani,2026-09-14 12:00:00,65,1.3,-4,89,324,2.1
Misicuni-Sivingani,2026-09-14 12:00:00,68,1.8,4,89,291,1.5
Misicuni-Sivingani,2026-09-14 12:00:00,71,0.6,8,89,312,3.3
Misicuni-Sivingani,2026-09-14 12:00:00,74,1.8,13,89,332,4.9
Misicuni-Sivingani,2026-09-14 12:00:00,77,1.8,13,89,332,5.0
Misicuni-Sivingani,2026-09-14 12:00:00,80,1.8,8,89,329,5.0
Misicuni-Sivingani,2026-09-14 12:00:00,83,1.3,-3,89,329,4.5
Misicuni-Sivingani,2026-09-14 12:00:00,86,2.0,-3,88,329,4.1
Misicuni-Sivingani,2026-09-14 12:00:00,89,1.5,6,89,353,2.7
Misicuni-Sivingani,2026-09-14 12:00:00,92,1.8,6,90,353,2.6
Misicuni-Sivingani,2026-09-14 12:00:00,95,1.6,8,89,343,4.2
Misicuni-Sivingani,2026-09-14 12:00:00,98,1.5,9,89,331,5.7
Misicuni-Sivingani,2026-09-14 12:00:00,101,2.7,8,88,319,4.4
Misicuni-Sivingani,2026-09-14 12:00:00,104,1.6,6,89,300,3.1
Misicuni-Sivingani,2026-09-14 12:00:00,107,1.0,6,89,310,2.8
Misicuni-Sivingani,2026-09-14 12:00:00,110,1.4,5,89,319,2.6
Mizque,2026-09-14 12:00:00,2,0.0,22,26,72,5.2
Mizque,2026-09-14 12:00:00,5,0.0,22,26,72,3.8
Mizque,2026-09-14 12:00:00,8,0.0,19,26,70,2.3
Mizque,2026-09-14 12:00:00,11,0.0,15,26,70,1.9
Mizque,2026-09-14 12:00:00,14,0.0,9,26,70,1.3
Mizque,2026-09-14 12:00:00,17,0.0,9,26,90,1.5
Mizque,2026-09-14 12:00:00,20,0.0,16,26,92,1.4
Mizque,2026-09-14 12:00:00,23,0.0,18,26,92,2.7
Mizque,2026-09-14 12:00:00,26,0.0,22,37,90,4.0
Mizque,2026-09-14 12:00:00,29,0.0,22,36,80,3.1
Mizque,2026-09-14 12:00:00,32,0.0,19,37,67,2.1
Mizque,2026-09-14 12:00:00,35,0.0,16,36,80,1.6
Mizque,2026-09-14 12:00:00,38,0.0,9,36,92,1.0
Mizque,2026-09-14 12:00:00,41,0.0,9,37,82,1.1
Mizque,2026-09-14 12:00:00,44,0.0,16,37,92,1.1
Mizque,2026-09-14 12:00:00,47,0.0,19,35,82,3.3
Mizque,2026-09-14 12:00:00,50,0.0,22,56,72,5.3
Mizque,2026-09-14 12:00:00,53,0.0,22,56,80,4.0
Mizque,2026-09-14 12:00:00,56,0.0,19,36,77,2.6
Mizque,2026-09-14 12:00:00,59,0.0,16,36,67,2.0
Mizque,2026-09-14 12:00:00,62,1.1,10,90,50,1.5
Mizque,2026-09-14 12:00:00,65,1.9,10,89,318,2.1
Mizque,2026-09-14 12:00:00,68,1.9,16,89,303,2.9
Mizque,2026-09-14 12:00:00,71,1.9,19,89,343,3.3
Mizque,2026-09-14 12:00:00,74,0.0,22,56,15,3.6
Mizque,2026-09-14 12:00:00,77,0.0,22,57,42,2.8
Mizque,2026-09-14 12:00:00,80,1.9,18,89,60,1.9
Mizque,2026-09-14 12:00:00,83,1.9,11,89,70,1.5
Mizque,2026-09-14 12:00:00,86,0.0,11,56,70,1.2
Mizque,2026-09-14 12:00:00,89,0.0,16,56,40,1.3
Mizque,2026-09-14 12:00:00,92,0.0,17,56,23,1.7
Mizque,2026-09-14 12:00:00,95,0.0,20,56,25,3.2
Mizque,2026-09-14 12:00:00,98,1.9,23,89,26,4.6
Mizque,2026-09-14 12:00:00,101,1.9,20,89,28,2.8
Mizque,2026-09-14 12:00:00,104,1.5,18,90,30,1.1
Mizque,2026-09-14 12:00:00,107,1.5,15,90,15,1.6
Mizque,2026-09-14 12:00:00,110,0.4,13,90,352,2.2
Monteagudo,2026-09-14 12:00:00,2,0.0,22,26,68,4.5
Monteagudo,2026-09-14 12:00:00,5,0.0,22,26,95,2.7
Monteagudo,2026-09-14 12:00:00,8,0.0,19,36,114,0.8
Monteagudo,2026-09-14 12:00:00,11,0.0,16,36,109,0.8
Monteagudo,2026-09-14 12:00:00,14,0.0,12,36,97,0.6
Monteagudo,2026-09-14 12:00:00,17,0.0,12,36,190,1.2
Monteagudo,2026-09-14 12:00:00,20,0.0,16,36,163,1.2
Monteagudo,2026-09-14 12:00:00,23,0.0,20,36,127,1.9
Monteagudo,2026-09-14 12:00:00,26,0.0,25,36,84,2.5
Monteagudo,2026-09-14 12:00:00,29,0.0,25,37,142,1.6
Monteagudo,2026-09-14 12:00:00,32,0.0,20,27,210,0.7
Monteagudo,2026-09-14 12:00:00,35,0.0,16,26,247,1.0
Monteagudo,2026-09-14 12:00:00,38,0.0,12,26,257,1.2
Monteagudo,2026-09-14 12:00:00,41,0.0,12,26,211,0.7
Monteagudo,2026-09-14 12:00:00,44,0.0,17,26,154,0.4
Monteagudo,2026-09-14 12:00:00,47,0.0,22,26,111,1.9
Monteagudo,2026-09-14 12:00:00,50,0.0,25,36,57,3.4
Monteagudo,2026-09-14 12:00:00,53,0.0,25,37,80,2.1
Monteagudo,2026-09-14 12:00:00,56,0.0,21,37,217,0.7
Monteagudo,2026-09-14 12:00:00,59,0.0,17,36,260,0.9
Monteagudo,2026-09-14 12:00:00,62,0.0,13,57,264,1.1
Monteagudo,2026-09-14 12:00:00,65,0.0,13,56,135,0.6
Monteagudo,2026-09-14 12:00:00,68,0.0,19,56,58,0.6
Monteagudo,2026-09-14 12:00:00,71,0.0,23,56,54,2.0
Monteagudo,2026-09-14 12:00:00,74,0.0,26,57,45,3.5
Monteagudo,2026-09-14 12:00:00,77,0.0,25,56,334,2.6
Monteagudo,2026-09-14 12:00:00,80,0.0,20,55,256,1.7
Monteagudo,2026-09-14 12:00:00,83,0.0,15,55,236,1.6
Monteagudo,2026-09-14 12:00:00,86,0.5,14,64,209,1.6
Monteagudo,2026-09-14 12:00:00,89,1.1,16,89,193,1.4
Monteagudo,2026-09-14 12:00:00,92,1.6,18,88,213,1.1
Monteagudo,2026-09-14 12:00:00,95,1.5,21,88,205,1.9
Monteagudo,2026-09-14 12:00:00,98,2.0,24,89,199,2.7
Monteagudo,2026-09-14 12:00:00,101,1.2,22,90,273,2.7
Monteagudo,2026-09-14 12:00:00,104,0.0,18,56,329,2.7
Monteagudo,2026-09-14 12:00:00,107,0.0,17,56,343,2.1
Monteagudo,2026-09-14 12:00:00,110,0.0,16,56,353,1.3
Orinoca,2026-09-14 12:00:00,2,0.0,18,26,275,5.9
Orinoca,2026-09-14 12:00:00,5,0.0,18,26,252,6.0
Orinoca,2026-09-14 12:00:00,8,0.0,13,26,230,6.2
Orinoca,2026-09-14 12:00:00,11,0.0,7,26,272,4.0
Orinoca,2026-09-14 12:00:00,14,0.0,-2,26,311,1.8
Orinoca,2026-09-14 12:00:00,17,0.0,-2,26,307,0.9
Orinoca,2026-09-14 12:00:00,20,0.0,7,26,288,0.5
Orinoca,2026-09-14 12:00:00,23,0.0,13,26,308,1.6
Orinoca,2026-09-14 12:00:00,26,0.0,17,26,321,2.7
Orinoca,2026-09-14 12:00:00,29,0.0,17,25,262,2.8
Orinoca,2026-09-14 12:00:00,32,0.0,11,26,170,3.0
Orinoca,2026-09-14 12:00:00,35,0.0,6,26,170,2.4
Orinoca,2026-09-14 12:00:00,38,0.0,-1,26,168,1.7
Orinoca,2026-09-14 12:00:00,41,0.0,-1,26,168,1.6
Orinoca,2026-09-14 12:00:00,44,0.0,4,26,196,1.0
Orinoca,2026-09-14 12:00:00,47,0.0,9,25,260,1.7
Orinoca,2026-09-14 12:00:00,50,0.0,16,27,321,2.4
Orinoca,2026-09-14 12:00:00,53,0.0,16,27,44,2.1
Orinoca,2026-09-14 12:00:00,56,0.0,10,26,122,1.8
Orinoca,2026-09-14 12:00:00,59,0.0,5,26,85,2.3
Orinoca,2026-09-14 12:00:00,62,0.0,0,37,37,2.8
Orinoca,2026-09-14 12:00:00,65,0.0,0,36,360,6.1
Orinoca,2026-09-14 12:00:00,68,0.0,3,35,358,6.9
Orinoca,2026-09-14 12:00:00,71,0.0,8,36,360,5.7
Orinoca,2026-09-14 12:00:00,74,0.0,13,55,358,4.3
Orinoca,2026-09-14 12:00:00,77,0.0,13,57,320,4.1
Orinoca,2026-09-14 12:00:00,80,1.2,8,89,280,4.0
Orinoca,2026-09-14 12:00:00,83,1.7,4,88,303,4.6
Orinoca,2026-09-14 12:00:00,86,2.3,1,89,323,5.2
Orinoca,2026-09-14 12:00:00,89,1.4,1,90,320,3.6
Orinoca,2026-09-14 12:00:00,92,1.3,4,89,302,3.9
Orinoca,2026-09-14 12:00:00,95,2.8,7,89,242,5.1
Orinoca,2026-09-14 12:00:00,98,1.0,10,90,180,6.4
Orinoca,2026-09-14 12:00:00,101,1.2,10,89,200,5.5
Orinoca,2026-09-14 12:00:00,104,1.0,8,90,218,4.5
Orinoca,2026-09-14 12:00:00,107,2.0,5,89,280,4.5
Orinoca,2026-09-14 12:00:00,110,1.6,-1,89,340,4.5
Oruro - Aeropuerto,2026-09-14 12:00:00,2,0.0,20,26,278,7.6
Oruro - Aeropuerto,2026-09-14 12:00:00,5,0.0,20,26,243,5.7
Oruro - Aeropuerto,2026-09-14 12:00:00,8,0.0,13,25,206,3.9
Oruro - Aeropuerto,2026-09-14 12:00:00,11,0.0,5,26,186,2.9
Oruro - Aeropuerto,2026-09-14 12:00:00,14,0.0,-5,26,163,2.0
Oruro - Aeropuerto,2026-09-14 12:00:00,17,0.0,-5,27,198,1.4
Oruro - Aeropuerto,2026-09-14 12:00:00,20,0.0,3,25,209,0.8
Oruro - Aeropuerto,2026-09-14 12:00:00,23,0.0,12,26,251,2.3
Oruro - Aeropuerto,2026-09-14 12:00:00,26,0.0,21,26,283,3.7
Oruro - Aeropuerto,2026-09-14 12:00:00,29,0.0,21,26,3,3.1
Oruro - Aeropuerto,2026-09-14 12:00:00,32,0.0,12,26,73,2.4
Oruro - Aeropuerto,2026-09-14 12:00:00,35,0.0,4,26,43,2.4
Oruro - Aeropuerto,2026-09-14 12:00:00,38,0.0,-5,27,266,2.3
Oruro - Aeropuerto,2026-09-14 12:00:00,41,0.0,-5,26,274,1.5
Oruro - Aeropuerto,2026-09-14 12:00:00,44,0.0,4,26,322,0.8
Oruro - Aeropuerto,2026-09-14 12:00:00,47,0.0,11,26,291,2.0
Oruro - Aeropuerto,2026-09-14 12:00:00,50,0.0,20,26,257,3.2
Oruro - Aeropuerto,2026-09-14 12:00:00,53,0.0,20,26,330,4.0
Oruro - Aeropuerto,2026-09-14 12:00:00,56,0.0,12,26,34,4.8
Oruro - Aeropuerto,2026-09-14 12:00:00,59,0.0,6,26,16,3.2
Oruro - Aeropuerto,2026-09-14 12:00:00,62,0.0,-6,36,350,1.7
Oruro - Aeropuerto,2026-09-14 12:00:00,65,0.0,-6,36,23,3.1
Oruro - Aeropuerto,2026-09-14 12:00:00,68,0.0,2,36,15,2.5
Oruro - Aeropuerto,2026-09-14 12:00:00,71,0.0,9,36,12,3.6
Oruro - Aeropuerto,2026-09-14 12:00:00,74,0.0,17,56,2,4.7
Oruro - Aeropuerto,2026-09-14 12:00:00,77,0.0,17,56,24,5.4
Oruro - Aeropuerto,2026-09-14 12:00:00,80,1.8,9,89,43,6.2
Oruro - Aeropuerto,2026-09-14 12:00:00,83,1.5,-1,90,33,4.6
Oruro - Aeropuerto,2026-09-14 12:00:00,86,2.4,-7,90,20,2.9
Oruro - Aeropuerto,2026-09-14 12:00:00,89,0.8,-7,90,25,2.2
Oruro - Aeropuerto,2026-09-14 12:00:00,92,1.6,1,88,2,1.0
Oruro - Aeropuerto,2026-09-14 12:00:00,95,1.1,8,90,339,2.3
Oruro - Aeropuerto,2026-09-14 12:00:00,98,2.4,14,90,314,3.6
Oruro - Aeropuerto,2026-09-14 12:00:00,101,2.2,14,90,242,4.1
Oruro - Aeropuerto,2026-09-14 12:00:00,104,1.9,9,89,160,4.4
Oruro - Aeropuerto,2026-09-14 12:00:00,107,2.0,5,89,170,3.6
Oruro - Aeropuerto,2026-09-14 12:00:00,110,1.2,1,90,339,2.7
Oruro - Ciudad,2026-09-14 12:00:00,2,0.0,21,26,279,6.5
Oruro - Ciudad,2026-09-14 12:00:00,5,0.0,21,26,252,6.6
Oruro - Ciudad,2026-09-14 12:00:00,8,0.0,14,26,223,6.7
Oruro - Ciudad,2026-09-14 12:00:00,11,0.0,8,26,227,4.4
Oruro - Ciudad,2026-09-14 12:00:00,14,0.0,-3,26,224,2.1
Oruro - Ciudad,2026-09-14 12:00:00,17,0.0,-3,26,258,1.9
Oruro - Ciudad,2026-09-14 12:00:00,20,0.0,7,26,342,1.5
Oruro - Ciudad,2026-09-14 12:00:00,23,0.0,13,26,346,2.1
Oruro - Ciudad,2026-09-14 12:00:00,26,0.0,22,26,347,2.7
Oruro - Ciudad,2026-09-14 12:00:00,29,0.0,22,26,58,2.6
Oruro - Ciudad,2026-09-14 12:00:00,32,0.0,12,26,126,2.6
Oruro - Ciudad,2026-09-14 12:00:00,35,0.0,8,26,212,2.2
Oruro - Ciudad,2026-09-14 12:00:00,38,0.0,-2,25,291,1.7
Oruro - Ciudad,2026-09-14 12:00:00,41,0.0,-2,26,158,1.4
Oruro - Ciudad,2026-09-14 12:00:00,44,0.0,7,26,122,0.7
Oruro - Ciudad,2026-09-14 12:00:00,47,0.0,11,26,61,1.3
Oruro - Ciudad,2026-09-14 12:00:00,50,0.0,21,26,358,1.8
Oruro - Ciudad,2026-09-14 12:00:00,53,0.0,21,26,6,2.6
Oruro - Ciudad,2026-09-14 12:00:00,56,0.0,13,26,10,3.4
Oruro - Ciudad,2026-09-14 12:00:00,59,0.0,8,26,9,2.6
Oruro - Ciudad,2026-09-14 12:00:00,62,0.0,-1,36,0,1.7
Oruro - Ciudad,2026-09-14 12:00:00,65,0.0,-2,36,357,6.4
Oruro - Ciudad,2026-09-14 12:00:00,68,0.0,6,36,350,6.4
Oruro - Ciudad,2026-09-14 12:00:00,71,0.0,10,36,350,5.4
Oruro - Ciudad,2026-09-14 12:00:00,74,0.0,18,56,344,4.2
Oruro - Ciudad,2026-09-14 12:00:00,77,0.0,18,56,354,5.6
Oruro - Ciudad,2026-09-14 12:00:00,80,2.2,11,89,354,6.9
Oruro - Ciudad,2026-09-14 12:00:00,83,1.3,6,89,354,5.5
Oruro - Ciudad,2026-09-14 12:00:00,86,2.1,-1,89,346,4.1
Oruro - Ciudad,2026-09-14 12:00:00,89,1.4,0,89,344,5.1
Oruro - Ciudad,2026-09-14 12:00:00,92,1.9,4,89,344,3.7
Oruro - Ciudad,2026-09-14 12:00:00,95,1.2,9,89,310,4.8
Oruro - Ciudad,2026-09-14 12:00:00,98,1.8,15,89,270,5.8
Oruro - Ciudad,2026-09-14 12:00:00,101,2.0,15,89,216,5.6
Oruro - Ciudad,2026-09-14 12:00:00,104,1.2,11,90,161,5.3
Oruro - Ciudad,2026-09-14 12:00:00,107,2.6,7,90,148,5.1
Oruro - Ciudad,2026-09-14 12:00:00,110,2.6,3,90,343,4.9
Pailon - Pozo del Tigre,2026-09-14 12:00:00,2,0.0,27,36,153,1.9
Pailon - Pozo del Tigre,2026-09-14 12:00:00,5,0.0,27,36,160,2.0
Pailon - Pozo del Tigre,2026-09-14 12:00:00,8,0.0,23,36,160,2.0
Pailon - Pozo del Tigre,2026-09-14 12:00:00,11,0.0,20,36,160,2.5
Pailon - Pozo del Tigre,2026-09-14 12:00:00,14,0.0,16,56,150,2.9
Pailon - Pozo del Tigre,2026-09-14 12:00:00,17,0.0,16,55,154,3.4
Pailon - Pozo del Tigre,2026-09-14 12:00:00,20,0.0,19,56,154,4.5
Pailon - Pozo del Tigre,2026-09-14 12:00:00,23,0.0,20,56,164,3.8
Pailon - Pozo del Tigre,2026-09-14 12:00:00,26,0.0,21,56,170,3.2
Pailon - Pozo del Tigre,2026-09-14 12:00:00,29,0.0,21,56,180,3.0
Pailon - Pozo del Tigre,2026-09-14 12:00:00,32,0.0,19,56,190,2.8
Pailon - Pozo del Tigre,2026-09-14 12:00:00,35,0.0,18,56,170,2.6
Pailon - Pozo del Tigre,2026-09-14 12:00:00,38,0.0,16,36,148,2.4
Pailon - Pozo del Tigre,2026-09-14 12:00:00,41,0.0,16,35,150,3.0
Pailon - Pozo del Tigre,2026-09-14 12:00:00,44,0.0,19,35,140,3.9
Pailon - Pozo del Tigre,2026-09-14 12:00:00,47,0.0,26,36,140,2.8
Pailon - Pozo del Tigre,2026-09-14 12:00:00,50,0.0,27,26,136,1.7
Pailon - Pozo del Tigre,2026-09-14 12:00:00,53,0.0,27,26,159,1.9
Pailon - Pozo del Tigre,2026-09-14 12:00:00,56,0.0,22,26,173,2.0
Pailon - Pozo del Tigre,2026-09-14 12:00:00,59,0.0,21,26,160,2.1
Pailon - Pozo del Tigre,2026-09-14 12:00:00,62,0.0,18,56,138,2.2
Pailon - Pozo del Tigre,2026-09-14 12:00:00,65,0.0,18,56,146,1.5
Pailon - Pozo del Tigre,2026-09-14 12:00:00,68,0.0,21,55,157,0.7
Pailon - Pozo del Tigre,2026-09-14 12:00:00,71,0.0,24,56,236,2.1
Pailon - Pozo del Tigre,2026-09-14 12:00:00,74,0.0,30,35,314,3.4
Pailon - Pozo del Tigre,2026-09-14 12:00:00,77,0.0,30,37,313,2.7
Pailon - Pozo del Tigre,2026-09-14 12:00:00,80,0.0,27,36,303,2.0
Pailon - Pozo del Tigre,2026-09-14 12:00:00,83,0.0,26,36,11,1.9
Pailon - Pozo del Tigre,2026-09-14 12:00:00,86,0.0,19,56,71,1.8
Pailon - Pozo del Tigre,2026-09-14 12:00:00,89,0.0,18,56,177,2.6
Pailon - Pozo del Tigre,2026-09-14 12:00:00,92,0.0,24,55,180,3.2
Pailon - Pozo del Tigre,2026-09-14 12:00:00,95,0.0,27,57,232,2.3
Pailon - Pozo del Tigre,2026-09-14 12:00:00,98,0.0,30,56,282,1.4
Pailon - Pozo del Tigre,2026-09-14 12:00:00,101,0.0,35,56,314,2.0
Pailon - Pozo del Tigre,2026-09-14 12:00:00,104,0.0,34,56,336,2.6
Pailon - Pozo del Tigre,2026-09-14 12:00:00,107,0.0,30,56,272,3.3
Pailon - Pozo del Tigre,2026-09-14 12:00:00,110,0.0,26,55,170,3.9
Palos Blancos,2026-09-14 12:00:00,2,0.0,24,56,351,1.4
Palos Blancos,2026-09-14 12:00:00,5,0.0,24,56,65,1.1
Palos Blancos,2026-09-14 12:00:00,8,0.0,22,56,130,0.9
Palos Blancos,2026-09-14 12:00:00,11,0.0,20,56,138,1.0
Palos Blancos,2026-09-14 12:00:00,14,0.0,15,55,143,1.1
Palos Blancos,2026-09-14 12:00:00,17,0.0,15,56,153,0.9
Palos Blancos,2026-09-14 12:00:00,20,0.0,21,56,151,0.7
Palos Blancos,2026-09-14 12:00:00,23,0.0,23,57,89,1.2
Palos Blancos,2026-09-14 12:00:00,26,0.0,26,56,17,1.7
Palos Blancos,2026-09-14 12:00:00,29,0.0,26,56,90,1.4
Palos Blancos,2026-09-14 12:00:00,32,0.0,23,56,172,1.1
Palos Blancos,2026-09-14 12:00:00,35,0.0,21,56,191,1.0
Palos Blancos,2026-09-14 12:00:00,38,0.0,16,56,203,0.9
Palos Blancos,2026-09-14 12:00:00,41,0.0,16,57,183,0.8
Palos Blancos,2026-09-14 12:00:00,44,0.0,21,56,201,0.5
Palos Blancos,2026-09-14 12:00:00,47,0.0,24,56,220,1.0
Palos Blancos,2026-09-14 12:00:00,50,0.0,27,36,238,1.5
Palos Blancos,2026-09-14 12:00:00,53,0.0,27,36,222,1.3
Palos Blancos,2026-09-14 12:00:00,56,0.0,24,37,202,0.9
Palos Blancos,2026-09-14 12:00:00,59,0.0,22,36,193,1.0
Palos Blancos,2026-09-14 12:00:00,62,0.0,17,56,183,1.1
Palos Blancos,2026-09-14 12:00:00,65,0.0,17,57,202,0.8
Palos Blancos,2026-09-14 12:00:00,68,0.0,21,56,212,0.7
Palos Blancos,2026-09-14 12:00:00,71,0.0,24,56,275,1.2
Palos Blancos,2026-09-14 12:00:00,74,2.8,28,89,337,1.7
Palos Blancos,2026-09-14 12:00:00,77,3.1,28,89,283,1.4
Palos Blancos,2026-09-14 12:00:00,80,1.5,23,88,220,1.1
Palos Blancos,2026-09-14 12:00:00,83,3.2,20,89,203,1.2
Palos Blancos,2026-09-14 12:00:00,86,1.2,17,89,183,1.4
Palos Blancos,2026-09-14 12:00:00,89,2.0,17,88,202,0.8
Palos Blancos,2026-09-14 12:00:00,92,2.1,20,88,192,0.7
Palos Blancos,2026-09-14 12:00:00,95,2.1,23,89,220,1.0
Palos Blancos,2026-09-14 12:00:00,98,0.0,29,56,238,1.4
Palos Blancos,2026-09-14 12:00:00,101,0.0,29,56,228,1.0
Palos Blancos,2026-09-14 12:00:00,104,0.0,24,56,216,0.7
Palos Blancos,2026-09-14 12:00:00,107,0.0,21,56,198,0.9
Palos Blancos,2026-09-14 12:00:00,110,0.0,19,57,173,1.2
Paniagua_M (GPRS),2026-09-14 12:00:00,2,0.0,27,56,53,1.9
Paniagua_M (GPRS),2026-09-14 12:00:00,5,0.0,27,56,339,1.5
Paniagua_M (GPRS),2026-09-14 12:00:00,8,0.0,22,56,258,0.9
Paniagua_M (GPRS),2026-09-14 12:00:00,11,0.0,19,56,252,0.9
Paniagua_M (GPRS),2026-09-14 12:00:00,14,0.0,16,56,237,0.8
Paniagua_M (GPRS),2026-09-14 12:00:00,17,0.0,16,56,181,0.8
Paniagua_M (GPRS),2026-09-14 12:00:00,20,0.0,20,56,103,0.4
Paniagua_M (GPRS),2026-09-14 12:00:00,23,0.0,23,56,65,0.9
Paniagua_M (GPRS),2026-09-14 12:00:00,26,0.0,27,56,21,1.4
Paniagua_M (GPRS),2026-09-14 12:00:00,29,0.0,27,56,317,1.3
Paniagua_M (GPRS),2026-09-14 12:00:00,32,0.0,24,56,249,1.3
Paniagua_M (GPRS),2026-09-14 12:00:00,35,0.0,20,56,242,1.0
Paniagua_M (GPRS),2026-09-14 12:00:00,38,0.0,17,56,229,0.8
Paniagua_M (GPRS),2026-09-14 12:00:00,41,0.0,17,56,230,0.6
Paniagua_M (GPRS),2026-09-14 12:00:00,44,0.0,21,57,194,0.5
Paniagua_M (GPRS),2026-09-14 12:00:00,47,0.0,23,56,130,0.8
Paniagua_M (GPRS),2026-09-14 12:00:00,50,0.0,28,36,58,1.2
Paniagua_M (GPRS),2026-09-14 12:00:00,53,0.0,28,36,9,1.0
Paniagua_M (GPRS),2026-09-14 12:00:00,56,0.0,24,36,240,0.9
Paniagua_M (GPRS),2026-09-14 12:00:00,59,0.0,22,36,244,1.0
Paniagua_M (GPRS),2026-09-14 12:00:00,62,0.0,18,56,242,1.1
Paniagua_M (GPRS),2026-09-14 12:00:00,65,0.0,18,56,261,1.0
Paniagua_M (GPRS),2026-09-14 12:00:00,68,0.0,22,56,270,0.7
Paniagua_M (GPRS),2026-09-14 12:00:00,71,0.0,25,56,272,0.9
Paniagua_M (GPRS),2026-09-14 12:00:00,74,1.8,28,89,63,1.2
Paniagua_M (GPRS),2026-09-14 12:00:00,77,1.7,28,89,133,1.2
Paniagua_M (GPRS),2026-09-14 12:00:00,80,2.5,24,89,229,1.1
Paniagua_M (GPRS),2026-09-14 12:00:00,83,1.4,21,89,244,1.4
Paniagua_M (GPRS),2026-09-14 12:00:00,86,1.5,18,89,254,1.6
Paniagua_M (GPRS),2026-09-14 12:00:00,89,1.4,18,89,274,0.9
Paniagua_M (GPRS),2026-09-14 12:00:00,92,1.6,22,89,274,0.5
Paniagua_M (GPRS),2026-09-14 12:00:00,95,1.5,25,89,349,1.0
Paniagua_M (GPRS),2026-09-14 12:00:00,98,0.0,29,56,56,1.6
Paniagua_M (GPRS),2026-09-14 12:00:00,101,0.0,29,56,348,1.6
Paniagua_M (GPRS),2026-09-14 12:00:00,104,0.0,26,56,245,1.7
Paniagua_M (GPRS),2026-09-14 12:00:00,107,0.0,23,56,254,1.5
Paniagua_M (GPRS),2026-09-14 12:00:00,110,0.0,20,56,256,1.3
Patacamaya (INIAF),2026-09-14 12:00:00,2,0.0,17,37,298,5.3
Patacamaya (INIAF),2026-09-14 12:00:00,5,0.0,17,36,337,4.4
Patacamaya (INIAF),2026-09-14 12:00:00,8,0.0,11,25,7,3.5
Patacamaya (INIAF),2026-09-14 12:00:00,11,0.0,6,26,7,3.0
Patacamaya (INIAF),2026-09-14 12:00:00,14,0.0,1,25,358,2.4
Patacamaya (INIAF),2026-09-14 12:00:00,17,0.0,1,25,329,1.5
Patacamaya (INIAF),2026-09-14 12:00:00,20,0.0,5,27,329,1.1
Patacamaya (INIAF),2026-09-14 12:00:00,23,0.0,11,25,358,2.5
Patacamaya (INIAF),2026-09-14 12:00:00,26,0.0,19,35,17,3.7
Patacamaya (INIAF),2026-09-14 12:00:00,29,0.0,19,35,19,4.4
Patacamaya (INIAF),2026-09-14 12:00:00,32,0.0,12,56,20,5.0
Patacamaya (INIAF),2026-09-14 12:00:00,35,0.0,7,56,20,4.1
Patacamaya (INIAF),2026-09-14 12:00:00,38,0.0,1,55,20,3.1
Patacamaya (INIAF),2026-09-14 12:00:00,41,0.0,1,55,10,2.3
Patacamaya (INIAF),2026-09-14 12:00:00,44,0.0,6,55,20,2.3
Patacamaya (INIAF),2026-09-14 12:00:00,47,0.0,10,55,28,2.9
Patacamaya (INIAF),2026-09-14 12:00:00,50,2.2,17,89,27,3.6
Patacamaya (INIAF),2026-09-14 12:00:00,53,2.0,17,89,8,4.2
Patacamaya (INIAF),2026-09-14 12:00:00,56,0.0,11,55,348,4.8
Patacamaya (INIAF),2026-09-14 12:00:00,59,0.0,7,55,321,2.9
Patacamaya (INIAF),2026-09-14 12:00:00,62,0.7,2,88,285,1.0
Patacamaya (INIAF),2026-09-14 12:00:00,65,1.7,2,89,19,2.5
Patacamaya (INIAF),2026-09-14 12:00:00,68,1.7,5,89,10,2.7
Patacamaya (INIAF),2026-09-14 12:00:00,71,1.7,10,89,19,4.0
Patacamaya (INIAF),2026-09-14 12:00:00,74,1.7,15,89,19,5.3
Patacamaya (INIAF),2026-09-14 12:00:00,77,1.7,15,89,20,5.3
Patacamaya (INIAF),2026-09-14 12:00:00,80,1.7,9,89,20,5.3
Patacamaya (INIAF),2026-09-14 12:00:00,83,1.7,5,89,348,4.1
Patacamaya (INIAF),2026-09-14 12:00:00,86,1.7,2,89,307,2.8
Patacamaya (INIAF),2026-09-14 12:00:00,89,1.0,2,89,338,3.1
Patacamaya (INIAF),2026-09-14 12:00:00,92,1.2,5,90,358,3.8
Patacamaya (INIAF),2026-09-14 12:00:00,95,1.0,8,89,358,4.3
Patacamaya (INIAF),2026-09-14 12:00:00,98,0.9,13,88,349,4.9
Patacamaya (INIAF),2026-09-14 12:00:00,101,1.8,13,90,59,3.7
Patacamaya (INIAF),2026-09-14 12:00:00,104,1.2,10,90,128,2.6
Patacamaya (INIAF),2026-09-14 12:00:00,107,2.3,7,89,50,2.2
Patacamaya (INIAF),2026-09-14 12:00:00,110,2.4,4,89,331,1.7
Potosí,2026-09-14 12:00:00,2,0.0,22,26,257,8.3
Potosí,2026-09-14 12:00:00,5,0.0,22,26,277,5.8
Potosí,2026-09-14 12:00:00,8,0.0,13,26,291,3.3
Potosí,2026-09-14 12:00:00,11,0.0,9,26,294,3.0
Potosí,2026-09-14 12:00:00,14,0.0,-5,26,294,2.8
Potosí,2026-09-14 12:00:00,17,0.0,-5,25,294,2.3
Potosí,2026-09-14 12:00:00,20,0.0,4,26,304,1.7
Potosí,2026-09-14 12:00:00,23,0.0,11,27,270,2.2
Potosí,2026-09-14 12:00:00,26,0.0,22,26,227,2.5
Potosí,2026-09-14 12:00:00,29,0.0,22,27,184,2.6
Potosí,2026-09-14 12:00:00,32,0.0,10,26,135,2.6
Potosí,2026-09-14 12:00:00,35,0.0,4,26,96,2.4
Potosí,2026-09-14 12:00:00,38,0.0,-5,26,330,2.2
Potosí,2026-09-14 12:00:00,41,0.0,-5,27,317,1.9
Potosí,2026-09-14 12:00:00,44,0.0,2,26,307,2.1
Potosí,2026-09-14 12:00:00,47,0.0,11,26,289,3.1
Potosí,2026-09-14 12:00:00,50,0.0,21,26,269,4.2
Potosí,2026-09-14 12:00:00,53,0.0,21,26,232,3.8
Potosí,2026-09-14 12:00:00,56,0.0,13,26,177,3.3
Potosí,2026-09-14 12:00:00,59,0.0,4,26,263,2.8
Potosí,2026-09-14 12:00:00,62,0.0,-6,57,334,2.3
Potosí,2026-09-14 12:00:00,65,0.0,-6,57,342,2.5
Potosí,2026-09-14 12:00:00,68,0.0,2,56,326,2.5
Potosí,2026-09-14 12:00:00,71,0.0,9,56,327,2.3
Potosí,2026-09-14 12:00:00,74,0.0,18,37,323,2.2
Potosí,2026-09-14 12:00:00,77,0.0,18,35,349,2.9
Potosí,2026-09-14 12:00:00,80,1.9,8,89,13,3.7
Potosí,2026-09-14 12:00:00,83,1.5,0,89,5,3.2
Potosí,2026-09-14 12:00:00,86,1.5,-6,89,353,2.8
Potosí,2026-09-14 12:00:00,89,2.2,-7,89,300,1.8
Potosí,2026-09-14 12:00:00,92,0.9,2,90,291,1.9
Potosí,2026-09-14 12:00:00,95,0.9,8,89,283,2.8
Potosí,2026-09-14 12:00:00,98,1.2,15,89,267,3.7
Potosí,2026-09-14 12:00:00,101,2.3,15,89,295,3.6
Potosí,2026-09-14 12:00:00,104,0.9,10,89,315,3.4
Potosí,2026-09-14 12:00:00,107,0.6,5,89,314,3.5
Potosí,2026-09-14 12:00:00,110,1.4,-1,89,304,3.6
Potosí Aeropuerto,2026-09-14 12:00:00,2,0.0,21,27,270,10.2
Potosí Aeropuerto,2026-09-14 12:00:00,5,0.0,21,25,290,6.7
Potosí Aeropuerto,2026-09-14 12:00:00,8,0.0,12,27,300,3.1
Potosí Aeropuerto,2026-09-14 12:00:00,11,0.0,7,27,299,3.0
Potosí Aeropuerto,2026-09-14 12:00:00,14,0.0,-5,26,289,2.8
Potosí Aeropuerto,2026-09-14 12:00:00,17,0.0,-5,27,289,2.3
Potosí Aeropuerto,2026-09-14 12:00:00,20,0.0,6,25,280,1.7
Potosí Aeropuerto,2026-09-14 12:00:00,23,0.0,10,26,280,4.2
Potosí Aeropuerto,2026-09-14 12:00:00,26,0.0,21,27,279,6.6
Potosí Aeropuerto,2026-09-14 12:00:00,29,0.0,21,25,269,4.4
Potosí Aeropuerto,2026-09-14 12:00:00,32,0.0,10,25,250,2.1
Potosí Aeropuerto,2026-09-14 12:00:00,35,0.0,4,26,300,2.0
Potosí Aeropuerto,2026-09-14 12:00:00,38,0.0,-5,25,341,1.9
Potosí Aeropuerto,2026-09-14 12:00:00,41,0.0,-5,25,309,2.1
Potosí Aeropuerto,2026-09-14 12:00:00,44,0.0,1,26,289,2.0
Potosí Aeropuerto,2026-09-14 12:00:00,47,0.0,12,26,289,4.3
Potosí Aeropuerto,2026-09-14 12:00:00,50,0.0,20,26,279,6.7
Potosí Aeropuerto,2026-09-14 12:00:00,53,0.0,20,26,269,4.7
Potosí Aeropuerto,2026-09-14 12:00:00,56,0.0,13,26,250,2.7
Potosí Aeropuerto,2026-09-14 12:00:00,59,0.0,3,25,281,2.3
Potosí Aeropuerto,2026-09-14 12:00:00,62,0.0,-6,55,312,2.0
Potosí Aeropuerto,2026-09-14 12:00:00,65,0.0,-6,57,292,1.5
Potosí Aeropuerto,2026-09-14 12:00:00,68,0.0,1,57,291,1.5
Potosí Aeropuerto,2026-09-14 12:00:00,71,0.0,8,57,271,2.1
Potosí Aeropuerto,2026-09-14 12:00:00,74,0.0,17,36,241,2.7
Potosí Aeropuerto,2026-09-14 12:00:00,77,0.0,17,35,330,2.7
Potosí Aeropuerto,2026-09-14 12:00:00,80,1.4,9,88,50,2.6
Potosí Aeropuerto,2026-09-14 12:00:00,83,2.6,2,89,351,2.5
Potosí Aeropuerto,2026-09-14 12:00:00,86,0.6,-6,89,291,2.5
Potosí Aeropuerto,2026-09-14 12:00:00,89,0.3,-6,89,318,1.0
Potosí Aeropuerto,2026-09-14 12:00:00,92,2.1,0,89,278,1.1
Potosí Aeropuerto,2026-09-14 12:00:00,95,2.9,5,89,259,1.5
Potosí Aeropuerto,2026-09-14 12:00:00,98,2.0,14,89,240,1.9
Potosí Aeropuerto,2026-09-14 12:00:00,101,2.1,14,89,289,2.5
Potosí Aeropuerto,2026-09-14 12:00:00,104,2.0,8,89,329,3.3
Potosí Aeropuerto,2026-09-14 12:00:00,107,2.4,4,90,319,3.6
Potosí Aeropuerto,2026-09-14 12:00:00,110,1.7,-2,89,300,3.9
Puerto Rico S,2026-09-14 12:00:00,2,0.0,31,36,164,1.7
Puerto Rico S,2026-09-14 12:00:00,5,0.0,31,36,174,1.4
Puerto Rico S,2026-09-14 12:00:00,8,0.0,25,26,184,1.0
Puerto Rico S,2026-09-14 12:00:00,11,0.0,22,26,194,0.9
Puerto Rico S,2026-09-14 12:00:00,14,0.0,17,26,200,0.9
Puerto Rico S,2026-09-14 12:00:00,17,0.0,17,27,173,1.2
Puerto Rico S,2026-09-14 12:00:00,20,0.0,23,25,160,1.4
Puerto Rico S,2026-09-14 12:00:00,23,0.0,26,27,169,1.3
Puerto Rico S,2026-09-14 12:00:00,26,0.0,34,37,169,1.2
Puerto Rico S,2026-09-14 12:00:00,29,0.0,34,37,179,0.9
Puerto Rico S,2026-09-14 12:00:00,32,0.0,27,26,184,0.6
Puerto Rico S,2026-09-14 12:00:00,35,0.0,23,27,170,0.9
Puerto Rico S,2026-09-14 12:00:00,38,0.0,19,36,147,1.2
Puerto Rico S,2026-09-14 12:00:00,41,0.0,19,36,140,1.9
Puerto Rico S,2026-09-14 12:00:00,44,0.0,25,36,140,2.3
Puerto Rico S,2026-09-14 12:00:00,47,0.0,27,36,154,1.9
Puerto Rico S,2026-09-14 12:00:00,50,0.0,34,56,164,1.5
Puerto Rico S,2026-09-14 12:00:00,53,0.0,34,56,141,1.2
Puerto Rico S,2026-09-14 12:00:00,56,0.0,27,37,111,0.8
Puerto Rico S,2026-09-14 12:00:00,59,0.0,24,36,168,1.0
Puerto Rico S,2026-09-14 12:00:00,62,0.0,20,36,223,1.3
Puerto Rico S,2026-09-14 12:00:00,65,0.0,20,36,193,1.0
Puerto Rico S,2026-09-14 12:00:00,68,0.0,26,36,140,1.2
Puerto Rico S,2026-09-14 12:00:00,71,0.0,33,36,114,1.1
Puerto Rico S,2026-09-14 12:00:00,74,0.0,35,36,78,1.0
Puerto Rico S,2026-09-14 12:00:00,77,0.0,35,36,133,1.0
Puerto Rico S,2026-09-14 12:00:00,80,0.0,29,36,179,0.9
Puerto Rico S,2026-09-14 12:00:00,83,0.0,21,37,210,1.0
Puerto Rico S,2026-09-14 12:00:00,86,0.0,21,36,240,1.2
Puerto Rico S,2026-09-14 12:00:00,89,0.0,26,36,214,1.0
Puerto Rico S,2026-09-14 12:00:00,92,0.0,27,36,233,1.0
Puerto Rico S,2026-09-14 12:00:00,95,0.0,34,36,230,1.0
Puerto Rico S,2026-09-14 12:00:00,98,0.0,40,37,223,1.0
Puerto Rico S,2026-09-14 12:00:00,101,0.0,32,36,237,1.8
Puerto Rico S,2026-09-14 12:00:00,104,0.0,24,36,250,2.7
Puerto Rico S,2026-09-14 12:00:00,107,0.0,23,36,270,1.8
Puerto Rico S,2026-09-14 12:00:00,110,0.0,23,37,290,0.8
Puerto Suárez,2026-09-14 12:00:00,2,0.0,31,35,179,3.1
Puerto Suárez,2026-09-14 12:00:00,5,0.0,31,36,173,2.8
Puerto Suárez,2026-09-14 12:00:00,8,0.0,27,26,163,2.6
Puerto Suárez,2026-09-14 12:00:00,11,0.0,22,25,159,1.7
Puerto Suárez,2026-09-14 12:00:00,14,0.0,11,36,149,0.8
Puerto Suárez,2026-09-14 12:00:00,17,0.0,11,35,180,1.8
Puerto Suárez,2026-09-14 12:00:00,20,0.0,16,36,180,2.5
Puerto Suárez,2026-09-14 12:00:00,23,0.0,20,36,190,3.0
Puerto Suárez,2026-09-14 12:00:00,26,0.0,27,36,199,3.6
Puerto Suárez,2026-09-14 12:00:00,29,0.0,27,36,180,2.8
Puerto Suárez,2026-09-14 12:00:00,32,0.0,26,36,157,2.0
Puerto Suárez,2026-09-14 12:00:00,35,0.0,20,35,160,1.8
Puerto Suárez,2026-09-14 12:00:00,38,0.0,12,26,160,1.6
Puerto Suárez,2026-09-14 12:00:00,41,0.0,12,26,160,1.5
Puerto Suárez,2026-09-14 12:00:00,44,0.0,24,26,129,1.3
Puerto Suárez,2026-09-14 12:00:00,47,0.0,30,26,169,1.6
Puerto Suárez,2026-09-14 12:00:00,50,0.0,35,26,200,2.0
Puerto Suárez,2026-09-14 12:00:00,53,0.0,35,26,187,2.1
Puerto Suárez,2026-09-14 12:00:00,56,0.0,30,36,167,2.2
Puerto Suárez,2026-09-14 12:00:00,59,0.0,26,36,149,1.6
Puerto Suárez,2026-09-14 12:00:00,62,0.0,13,36,128,1.0
Puerto Suárez,2026-09-14 12:00:00,65,0.0,13,36,100,2.1
Puerto Suárez,2026-09-14 12:00:00,68,0.0,26,36,80,2.8
Puerto Suárez,2026-09-14 12:00:00,71,0.0,32,36,90,2.6
Puerto Suárez,2026-09-14 12:00:00,74,0.0,38,36,90,2.3
Puerto Suárez,2026-09-14 12:00:00,77,0.0,38,37,103,2.3
Puerto Suárez,2026-09-14 12:00:00,80,0.0,29,36,113,2.2
Puerto Suárez,2026-09-14 12:00:00,83,0.0,22,36,100,2.5
Puerto Suárez,2026-09-14 12:00:00,86,0.0,14,56,80,2.9
Puerto Suárez,2026-09-14 12:00:00,89,0.0,9,56,112,1.3
Puerto Suárez,2026-09-14 12:00:00,92,0.0,21,56,152,1.4
Puerto Suárez,2026-09-14 12:00:00,95,0.0,27,56,133,1.7
Puerto Suárez,2026-09-14 12:00:00,98,0.0,36,56,103,2.0
Puerto Suárez,2026-09-14 12:00:00,101,0.0,43,56,140,2.0
Puerto Suárez,2026-09-14 12:00:00,104,0.0,39,56,169,2.1
Puerto Suárez,2026-09-14 12:00:00,107,0.0,31,56,150,2.0
Puerto Suárez,2026-09-14 12:00:00,110,0.0,20,56,131,2.0
Puerto Villarroel,2026-09-14 12:00:00,2,0.0,25,37,51,0.7
Puerto Villarroel,2026-09-14 12:00:00,5,0.0,25,36,104,0.7
Puerto Villarroel,2026-09-14 12:00:00,8,0.0,21,36,177,0.6
Puerto Villarroel,2026-09-14 12:00:00,11,0.0,19,37,157,0.9
Puerto Villarroel,2026-09-14 12:00:00,14,0.0,15,56,128,1.1
Puerto Villarroel,2026-09-14 12:00:00,17,0.0,15,56,130,1.5
Puerto Villarroel,2026-09-14 12:00:00,20,0.0,19,56,116,1.9
Puerto Villarroel,2026-09-14 12:00:00,23,0.0,21,56,106,1.8
Puerto Villarroel,2026-09-14 12:00:00,26,0.0,26,56,86,1.6
Puerto Villarroel,2026-09-14 12:00:00,29,0.0,26,56,113,1.6
Puerto Villarroel,2026-09-14 12:00:00,32,0.0,23,56,137,1.6
Puerto Villarroel,2026-09-14 12:00:00,35,0.0,20,56,137,1.4
Puerto Villarroel,2026-09-14 12:00:00,38,0.0,16,36,134,1.2
Puerto Villarroel,2026-09-14 12:00:00,41,0.0,16,36,121,1.2
Puerto Villarroel,2026-09-14 12:00:00,44,0.0,21,36,116,1.5
Puerto Villarroel,2026-09-14 12:00:00,47,0.0,24,36,142,1.2
Puerto Villarroel,2026-09-14 12:00:00,50,0.0,26,56,161,0.9
Puerto Villarroel,2026-09-14 12:00:00,53,0.0,26,56,188,1.0
Puerto Villarroel,2026-09-14 12:00:00,56,0.0,23,36,206,1.1
Puerto Villarroel,2026-09-14 12:00:00,59,0.0,21,36,210,1.1
Puerto Villarroel,2026-09-14 12:00:00,62,0.0,18,56,208,1.1
Puerto Villarroel,2026-09-14 12:00:00,65,0.0,18,56,176,1.2
Puerto Villarroel,2026-09-14 12:00:00,68,0.0,23,56,136,1.3
Puerto Villarroel,2026-09-14 12:00:00,71,0.0,25,57,154,1.7
Puerto Villarroel,2026-09-14 12:00:00,74,0.0,27,36,315,2.1
Puerto Villarroel,2026-09-14 12:00:00,77,0.0,27,36,283,1.7
Puerto Villarroel,2026-09-14 12:00:00,80,0.0,24,36,248,1.3
Puerto Villarroel,2026-09-14 12:00:00,83,0.0,19,36,276,1.2
Puerto Villarroel,2026-09-14 12:00:00,86,2.5,19,88,296,1.1
Puerto Villarroel,2026-09-14 12:00:00,89,1.9,23,89,186,0.8
Puerto Villarroel,2026-09-14 12:00:00,92,2.6,23,89,106,1.2
Puerto Villarroel,2026-09-14 12:00:00,95,1.0,28,90,50,1.1
Puerto Villarroel,2026-09-14 12:00:00,98,2.5,34,88,347,1.0
Puerto Villarroel,2026-09-14 12:00:00,101,2.6,28,89,318,1.2
Puerto Villarroel,2026-09-14 12:00:00,104,0.0,22,56,291,1.3
Puerto Villarroel,2026-09-14 12:00:00,107,0.0,22,56,188,1.3
Puerto Villarroel,2026-09-14 12:00:00,110,0.0,22,56,146,1.3
Quetenas (GPRS),2026-09-14 12:00:00,2,0.0,11,26,260,9.0
Quetenas (GPRS),2026-09-14 12:00:00,5,0.0,11,26,255,6.0
Quetenas (GPRS),2026-09-14 12:00:00,8,0.0,6,26,245,3.0
Quetenas (GPRS),2026-09-14 12:00:00,11,0.0,-1,26,235,2.7
Quetenas (GPRS),2026-09-14 12:00:00,14,0.0,-12,26,223,2.5
Quetenas (GPRS),2026-09-14 12:00:00,17,0.0,-13,26,222,2.0
Quetenas (GPRS),2026-09-14 12:00:00,20,0.0,-1,26,219,1.2
Quetenas (GPRS),2026-09-14 12:00:00,23,0.0,5,26,248,5.6
Quetenas (GPRS),2026-09-14 12:00:00,26,0.0,11,27,277,9.9
Quetenas (GPRS),2026-09-14 12:00:00,29,0.0,11,26,260,6.4
Quetenas (GPRS),2026-09-14 12:00:00,32,0.0,2,26,235,2.9
Quetenas (GPRS),2026-09-14 12:00:00,35,0.0,-3,26,255,2.2
Quetenas (GPRS),2026-09-14 12:00:00,38,0.0,-10,27,275,1.7
Quetenas (GPRS),2026-09-14 12:00:00,41,0.0,-10,27,274,1.7
Quetenas (GPRS),2026-09-14 12:00:00,44,0.0,-1,27,291,1.6
Quetenas (GPRS),2026-09-14 12:00:00,47,0.0,4,27,276,4.6
Quetenas (GPRS),2026-09-14 12:00:00,50,0.0,12,26,261,7.6
Quetenas (GPRS),2026-09-14 12:00:00,53,0.0,12,26,250,5.4
Quetenas (GPRS),2026-09-14 12:00:00,56,0.0,5,26,234,3.1
Quetenas (GPRS),2026-09-14 12:00:00,59,0.0,-1,26,233,2.8
Quetenas (GPRS),2026-09-14 12:00:00,62,0.0,-9,36,227,2.5
Quetenas (GPRS),2026-09-14 12:00:00,65,0.0,-9,36,233,2.2
Quetenas (GPRS),2026-09-14 12:00:00,68,0.0,-4,36,223,2.1
Quetenas (GPRS),2026-09-14 12:00:00,71,0.0,3,36,239,5.2
Quetenas (GPRS),2026-09-14 12:00:00,74,0.0,9,36,250,8.1
Quetenas (GPRS),2026-09-14 12:00:00,77,0.0,9,36,239,5.9
Quetenas (GPRS),2026-09-14 12:00:00,80,0.0,1,36,223,3.7
Quetenas (GPRS),2026-09-14 12:00:00,83,0.0,-3,36,234,2.5
Quetenas (GPRS),2026-09-14 12:00:00,86,1.7,-8,89,241,1.4
Quetenas (GPRS),2026-09-14 12:00:00,89,1.5,-8,89,227,2.3
Quetenas (GPRS),2026-09-14 12:00:00,92,1.6,-3,89,241,2.3
Quetenas (GPRS),2026-09-14 12:00:00,95,1.9,0,89,263,5.1
Quetenas (GPRS),2026-09-14 12:00:00,98,1.8,6,89,280,7.9
Quetenas (GPRS),2026-09-14 12:00:00,101,1.5,6,89,260,6.2
Quetenas (GPRS),2026-09-14 12:00:00,104,0.0,1,56,236,4.5
Quetenas (GPRS),2026-09-14 12:00:00,107,0.0,-3,56,245,3.3
Quetenas (GPRS),2026-09-14 12:00:00,110,0.0,-7,56,244,2.1
Reyes,2026-09-14 12:00:00,2,0.0,24,36,71,1.3
Reyes,2026-09-14 12:00:00,5,0.0,24,36,49,1.0
Reyes,2026-09-14 12:00:00,8,0.0,23,26,19,0.8
Reyes,2026-09-14 12:00:00,11,0.0,21,26,101,0.8
Reyes,2026-09-14 12:00:00,14,0.0,20,27,186,0.8
Reyes,2026-09-14 12:00:00,17,0.0,20,26,191,1.1
Reyes,2026-09-14 12:00:00,20,0.0,22,26,169,1.5
Reyes,2026-09-14 12:00:00,23,0.0,24,26,120,1.3
Reyes,2026-09-14 12:00:00,26,0.0,27,36,61,1.1
Reyes,2026-09-14 12:00:00,29,0.0,27,36,97,1.0
Reyes,2026-09-14 12:00:00,32,0.0,24,26,132,1.0
Reyes,2026-09-14 12:00:00,35,0.0,23,26,154,1.3
Reyes,2026-09-14 12:00:00,38,0.0,21,37,169,1.6
Reyes,2026-09-14 12:00:00,41,0.0,22,35,170,1.9
Reyes,2026-09-14 12:00:00,44,0.0,24,35,150,2.4
Reyes,2026-09-14 12:00:00,47,0.0,26,36,142,2.2
Reyes,2026-09-14 12:00:00,50,0.0,30,35,131,1.9
Reyes,2026-09-14 12:00:00,53,0.0,30,36,162,1.8
Reyes,2026-09-14 12:00:00,56,0.0,26,36,191,1.6
Reyes,2026-09-14 12:00:00,59,0.0,24,36,201,1.5
Reyes,2026-09-14 12:00:00,62,0.0,21,37,210,1.5
Reyes,2026-09-14 12:00:00,65,0.0,22,36,201,1.1
Reyes,2026-09-14 12:00:00,68,0.0,25,36,191,1.2
Reyes,2026-09-14 12:00:00,71,0.0,28,36,231,1.8
Reyes,2026-09-14 12:00:00,74,0.0,31,36,269,2.4
Reyes,2026-09-14 12:00:00,77,0.0,31,36,250,2.0
Reyes,2026-09-14 12:00:00,80,0.0,27,37,221,1.5
Reyes,2026-09-14 12:00:00,83,0.0,23,36,220,1.5
Reyes,2026-09-14 12:00:00,86,0.0,23,35,211,1.5
Reyes,2026-09-14 12:00:00,89,0.0,23,35,253,0.9
Reyes,2026-09-14 12:00:00,92,0.0,25,36,278,0.3
Reyes,2026-09-14 12:00:00,95,0.0,27,36,246,1.2
Reyes,2026-09-14 12:00:00,98,0.0,29,56,210,2.1
Reyes,2026-09-14 12:00:00,101,0.0,27,56,220,1.8
Reyes,2026-09-14 12:00:00,104,0.0,25,36,220,1.5
Reyes,2026-09-14 12:00:00,107,0.0,24,37,201,1.1
Reyes,2026-09-14 12:00:00,110,0.0,23,36,179,0.7
Riberalta,2026-09-14 12:00:00,2,0.0,31,36,164,1.5
Riberalta,2026-09-14 12:00:00,5,0.0,31,36,180,1.4
Riberalta,2026-09-14 12:00:00,8,0.0,26,26,190,1.2
Riberalta,2026-09-14 12:00:00,11,0.0,24,26,191,1.2
Riberalta,2026-09-14 12:00:00,14,0.0,22,26,191,1.3
Riberalta,2026-09-14 12:00:00,17,0.0,22,26,181,1.6
Riberalta,2026-09-14 12:00:00,20,0.0,26,26,171,1.9
Riberalta,2026-09-14 12:00:00,23,0.0,30,26,159,1.5
Riberalta,2026-09-14 12:00:00,26,0.0,33,26,140,1.1
Riberalta,2026-09-14 12:00:00,29,0.0,33,25,131,1.1
Riberalta,2026-09-14 12:00:00,32,0.0,30,25,119,1.1
Riberalta,2026-09-14 12:00:00,35,0.0,26,26,140,1.1
Riberalta,2026-09-14 12:00:00,38,0.0,22,36,160,1.1
Riberalta,2026-09-14 12:00:00,41,0.0,22,36,149,1.5
Riberalta,2026-09-14 12:00:00,44,0.0,27,36,119,1.6
Riberalta,2026-09-14 12:00:00,47,0.0,31,36,123,1.5
Riberalta,2026-09-14 12:00:00,50,0.0,35,26,124,1.4
Riberalta,2026-09-14 12:00:00,53,0.0,35,26,164,1.4
Riberalta,2026-09-14 12:00:00,56,0.0,32,36,200,1.3
Riberalta,2026-09-14 12:00:00,59,0.0,28,37,171,1.1
Riberalta,2026-09-14 12:00:00,62,0.0,21,35,136,0.9
Riberalta,2026-09-14 12:00:00,65,0.0,21,37,180,1.3
Riberalta,2026-09-14 12:00:00,68,0.0,26,35,161,1.2
Riberalta,2026-09-14 12:00:00,71,0.0,29,36,167,0.9
Riberalta,2026-09-14 12:00:00,74,0.0,35,36,159,0.7
Riberalta,2026-09-14 12:00:00,77,0.0,35,36,136,0.8
Riberalta,2026-09-14 12:00:00,80,0.0,30,36,107,0.8
Riberalta,2026-09-14 12:00:00,83,0.0,22,36,15,1.1
Riberalta,2026-09-14 12:00:00,86,0.0,22,36,310,1.4
Riberalta,2026-09-14 12:00:00,89,0.0,27,36,255,1.5
Riberalta,2026-09-14 12:00:00,92,0.0,28,36,249,1.2
Riberalta,2026-09-14 12:00:00,95,0.0,34,36,270,1.5
Riberalta,2026-09-14 12:00:00,98,0.0,41,56,290,1.7
Riberalta,2026-09-14 12:00:00,101,0.0,35,56,279,1.5
Riberalta,2026-09-14 12:00:00,104,1.3,29,89,262,1.5
Riberalta,2026-09-14 12:00:00,107,1.5,26,90,250,1.0
Riberalta,2026-09-14 12:00:00,110,2.3,24,89,235,0.6
Río Chilenas(GPRS),2026-09-14 12:00:00,2,0.0,10,26,260,10.6
Río Chilenas(GPRS),2026-09-14 12:00:00,5,0.0,10,26,270,7.2
Río Chilenas(GPRS),2026-09-14 12:00:00,8,0.0,5,26,278,3.7
Río Chilenas(GPRS),2026-09-14 12:00:00,11,0.0,-3,26,275,3.6
Río Chilenas(GPRS),2026-09-14 12:00:00,14,0.0,-11,26,267,3.5
Río Chilenas(GPRS),2026-09-14 12:00:00,17,0.0,-11,26,267,2.8
Río Chilenas(GPRS),2026-09-14 12:00:00,20,0.0,0,26,267,2.3
Río Chilenas(GPRS),2026-09-14 12:00:00,23,0.0,5,26,283,5.0
Río Chilenas(GPRS),2026-09-14 12:00:00,26,0.0,10,26,296,7.8
Río Chilenas(GPRS),2026-09-14 12:00:00,29,0.0,10,26,280,5.9
Río Chilenas(GPRS),2026-09-14 12:00:00,32,0.0,3,26,260,4.1
Río Chilenas(GPRS),2026-09-14 12:00:00,35,0.0,-3,26,277,3.6
Río Chilenas(GPRS),2026-09-14 12:00:00,38,0.0,-9,26,287,3.0
Río Chilenas(GPRS),2026-09-14 12:00:00,41,0.0,-9,26,295,2.6
Río Chilenas(GPRS),2026-09-14 12:00:00,44,0.0,-2,26,300,3.0
Río Chilenas(GPRS),2026-09-14 12:00:00,47,0.0,4,26,300,5.4
Río Chilenas(GPRS),2026-09-14 12:00:00,50,0.0,11,26,290,7.9
Río Chilenas(GPRS),2026-09-14 12:00:00,53,0.0,11,26,277,5.6
Río Chilenas(GPRS),2026-09-14 12:00:00,56,0.0,6,26,257,3.3
Río Chilenas(GPRS),2026-09-14 12:00:00,59,0.0,-1,26,265,3.1
Río Chilenas(GPRS),2026-09-14 12:00:00,62,0.0,-8,36,265,3.0
Río Chilenas(GPRS),2026-09-14 12:00:00,65,0.0,-8,36,267,2.6
Río Chilenas(GPRS),2026-09-14 12:00:00,68,0.0,-1,36,267,2.2
Río Chilenas(GPRS),2026-09-14 12:00:00,71,0.0,4,36,270,4.0
Río Chilenas(GPRS),2026-09-14 12:00:00,74,0.0,9,36,270,5.8
Río Chilenas(GPRS),2026-09-14 12:00:00,77,0.0,9,36,257,4.3
Río Chilenas(GPRS),2026-09-14 12:00:00,80,0.0,2,36,237,2.8
Río Chilenas(GPRS),2026-09-14 12:00:00,83,0.0,-2,36,230,2.2
Río Chilenas(GPRS),2026-09-14 12:00:00,86,1.8,-7,89,217,1.6
Río Chilenas(GPRS),2026-09-14 12:00:00,89,1.8,-7,89,240,2.4
Río Chilenas(GPRS),2026-09-14 12:00:00,92,1.6,-2,89,250,2.6
Río Chilenas(GPRS),2026-09-14 12:00:00,95,2.1,1,89,265,6.5
Río Chilenas(GPRS),2026-09-14 12:00:00,98,2.3,5,89,275,10.5
Río Chilenas(GPRS),2026-09-14 12:00:00,101,1.7,5,89,267,8.3
Río Chilenas(GPRS),2026-09-14 12:00:00,104,0.0,2,56,257,6.1
Río Chilenas(GPRS),2026-09-14 12:00:00,107,0.0,-1,56,267,4.5
Río Chilenas(GPRS),2026-09-14 12:00:00,110,0.0,-5,56,275,2.9
Robore,2026-09-14 12:00:00,2,0.0,29,36,178,2.0
Robore,2026-09-14 12:00:00,5,0.0,29,36,160,2.0
Robore,2026-09-14 12:00:00,8,0.0,27,26,142,2.0
Robore,2026-09-14 12:00:00,11,0.0,24,26,132,1.9
Robore,2026-09-14 12:00:00,14,0.0,7,36,120,1.8
Robore,2026-09-14 12:00:00,17,0.0,7,36,140,2.3
Robore,2026-09-14 12:00:00,20,0.0,14,36,150,2.4
Robore,2026-09-14 12:00:00,23,0.0,16,36,170,2.6
Robore,2026-09-14 12:00:00,26,0.0,25,36,180,2.8
Robore,2026-09-14 12:00:00,29,0.0,25,36,170,2.5
Robore,2026-09-14 12:00:00,32,0.0,19,36,160,2.2
Robore,2026-09-14 12:00:00,35,0.0,15,36,160,2.0
Robore,2026-09-14 12:00:00,38,0.0,8,26,152,1.8
Robore,2026-09-14 12:00:00,41,0.0,8,26,150,2.2
Robore,2026-09-14 12:00:00,44,0.0,25,26,140,2.8
Robore,2026-09-14 12:00:00,47,0.0,29,26,148,2.3
Robore,2026-09-14 12:00:00,50,0.0,33,25,148,1.7
Robore,2026-09-14 12:00:00,53,0.0,33,26,158,1.8
Robore,2026-09-14 12:00:00,56,0.0,29,36,160,1.8
Robore,2026-09-14 12:00:00,59,0.0,23,35,160,1.7
Robore,2026-09-14 12:00:00,62,0.0,9,35,150,1.6
Robore,2026-09-14 12:00:00,65,0.0,9,36,102,1.7
Robore,2026-09-14 12:00:00,68,0.0,21,37,90,1.9
Robore,2026-09-14 12:00:00,71,0.0,24,36,50,2.3
Robore,2026-09-14 12:00:00,74,0.0,36,35,0,2.5
Robore,2026-09-14 12:00:00,77,0.0,36,36,30,2.2
Robore,2026-09-14 12:00:00,80,0.0,29,36,53,2.0
Robore,2026-09-14 12:00:00,83,0.0,24,36,25,1.3
Robore,2026-09-14 12:00:00,86,0.0,10,56,346,0.5
Robore,2026-09-14 12:00:00,89,0.0,10,56,117,0.9
Robore,2026-09-14 12:00:00,92,0.0,21,56,177,0.9
Robore,2026-09-14 12:00:00,95,0.0,22,56,110,1.6
Robore,2026-09-14 12:00:00,98,0.0,33,56,34,2.3
Robore,2026-09-14 12:00:00,101,0.0,40,56,72,2.3
Robore,2026-09-14 12:00:00,104,0.0,34,56,110,2.4
Robore,2026-09-14 12:00:00,107,0.0,28,56,170,2.3
Robore,2026-09-14 12:00:00,110,0.0,19,55,220,2.2
Rurrenabaque,2026-09-14 12:00:00,2,0.0,24,36,48,1.3
Rurrenabaque,2026-09-14 12:00:00,5,0.0,24,36,35,0.8
Rurrenabaque,2026-09-14 12:00:00,8,0.0,23,26,17,0.3
Rurrenabaque,2026-09-14 12:00:00,11,0.0,21,25,88,0.6
Rurrenabaque,2026-09-14 12:00:00,14,0.0,20,26,190,0.9
Rurrenabaque,2026-09-14 12:00:00,17,0.0,20,27,200,1.1
Rurrenabaque,2026-09-14 12:00:00,20,0.0,22,26,184,1.2
Rurrenabaque,2026-09-14 12:00:00,23,0.0,25,26,138,0.9
Rurrenabaque,2026-09-14 12:00:00,26,0.0,28,36,3,0.6
Rurrenabaque,2026-09-14 12:00:00,29,0.0,28,37,347,0.7
Rurrenabaque,2026-09-14 12:00:00,32,0.0,25,26,191,0.8
Rurrenabaque,2026-09-14 12:00:00,35,0.0,23,26,193,1.0
Rurrenabaque,2026-09-14 12:00:00,38,0.0,21,36,187,1.3
Rurrenabaque,2026-09-14 12:00:00,41,0.0,21,37,174,1.4
Rurrenabaque,2026-09-14 12:00:00,44,0.0,23,36,154,1.7
Rurrenabaque,2026-09-14 12:00:00,47,0.0,26,36,140,1.7
Rurrenabaque,2026-09-14 12:00:00,50,0.0,30,36,116,1.7
Rurrenabaque,2026-09-14 12:00:00,53,0.0,30,37,160,1.6
Rurrenabaque,2026-09-14 12:00:00,56,0.0,26,36,200,1.6
Rurrenabaque,2026-09-14 12:00:00,59,0.0,24,36,210,1.5
Rurrenabaque,2026-09-14 12:00:00,62,0.0,21,36,210,1.4
Rurrenabaque,2026-09-14 12:00:00,65,0.0,22,36,210,1.4
Rurrenabaque,2026-09-14 12:00:00,68,0.0,25,36,205,1.4
Rurrenabaque,2026-09-14 12:00:00,71,0.0,27,36,265,1.3
Rurrenabaque,2026-09-14 12:00:00,74,0.0,30,36,318,1.3
Rurrenabaque,2026-09-14 12:00:00,77,0.0,31,36,263,1.4
Rurrenabaque,2026-09-14 12:00:00,80,0.0,27,36,203,1.5
Rurrenabaque,2026-09-14 12:00:00,83,0.0,23,36,213,1.5
Rurrenabaque,2026-09-14 12:00:00,86,0.0,22,37,213,1.5
Rurrenabaque,2026-09-14 12:00:00,89,0.0,23,36,212,1.2
Rurrenabaque,2026-09-14 12:00:00,92,0.0,25,36,210,0.6
Rurrenabaque,2026-09-14 12:00:00,95,0.0,27,37,211,1.1
Rurrenabaque,2026-09-14 12:00:00,98,0.0,29,56,207,1.6
Rurrenabaque,2026-09-14 12:00:00,101,0.0,28,56,217,1.5
Rurrenabaque,2026-09-14 12:00:00,104,0.0,26,36,220,1.4
Rurrenabaque,2026-09-14 12:00:00,107,0.0,24,36,211,1.1
Rurrenabaque,2026-09-14 12:00:00,110,0.0,23,37,197,1.0
Salinas (INIAF),2026-09-14 12:00:00,2,0.0,16,26,295,4.0
Salinas (INIAF),2026-09-14 12:00:00,5,0.0,16,26,270,3.7
Salinas (INIAF),2026-09-14 12:00:00,8,0.0,9,26,239,3.5
Salinas (INIAF),2026-09-14 12:00:00,11,0.0,3,26,197,2.5
Salinas (INIAF),2026-09-14 12:00:00,14,0.0,0,26,149,1.5
Salinas (INIAF),2026-09-14 12:00:00,17,0.0,0,26,86,1.5
Salinas (INIAF),2026-09-14 12:00:00,20,0.0,5,26,6,1.4
Salinas (INIAF),2026-09-14 12:00:00,23,0.0,10,26,326,2.4
Salinas (INIAF),2026-09-14 12:00:00,26,0.0,16,26,285,3.4
Salinas (INIAF),2026-09-14 12:00:00,29,0.0,16,26,245,3.7
Salinas (INIAF),2026-09-14 12:00:00,32,0.0,10,26,195,4.0
Salinas (INIAF),2026-09-14 12:00:00,35,0.0,6,26,172,2.6
Salinas (INIAF),2026-09-14 12:00:00,38,0.0,1,26,148,1.1
Salinas (INIAF),2026-09-14 12:00:00,41,0.0,1,26,89,0.9
Salinas (INIAF),2026-09-14 12:00:00,44,0.0,5,26,25,0.6
Salinas (INIAF),2026-09-14 12:00:00,47,0.0,10,27,333,2.4
Salinas (INIAF),2026-09-14 12:00:00,50,0.0,15,25,275,4.1
Salinas (INIAF),2026-09-14 12:00:00,53,0.0,15,26,236,4.2
Salinas (INIAF),2026-09-14 12:00:00,56,0.0,10,26,196,4.2
Salinas (INIAF),2026-09-14 12:00:00,59,0.0,7,27,205,3.0
Salinas (INIAF),2026-09-14 12:00:00,62,0.0,2,36,209,1.9
Salinas (INIAF),2026-09-14 12:00:00,65,0.0,2,36,52,1.5
Salinas (INIAF),2026-09-14 12:00:00,68,0.0,5,36,9,2.1
Salinas (INIAF),2026-09-14 12:00:00,71,0.0,8,36,356,2.7
Salinas (INIAF),2026-09-14 12:00:00,74,0.0,12,56,342,3.2
Salinas (INIAF),2026-09-14 12:00:00,77,0.0,12,56,324,3.9
Salinas (INIAF),2026-09-14 12:00:00,80,0.9,9,89,299,4.6
Salinas (INIAF),2026-09-14 12:00:00,83,0.9,5,89,12,3.3
Salinas (INIAF),2026-09-14 12:00:00,86,1.4,3,90,74,2.0
Salinas (INIAF),2026-09-14 12:00:00,89,1.4,3,89,215,1.7
Salinas (INIAF),2026-09-14 12:00:00,92,0.9,5,89,234,1.8
Salinas (INIAF),2026-09-14 12:00:00,95,2.4,7,89,224,2.3
Salinas (INIAF),2026-09-14 12:00:00,98,2.1,9,89,214,2.7
Salinas (INIAF),2026-09-14 12:00:00,101,2.1,9,89,285,2.8
Salinas (INIAF),2026-09-14 12:00:00,104,2.1,8,89,355,2.9
Salinas (INIAF),2026-09-14 12:00:00,107,1.3,6,89,330,2.4
Salinas (INIAF),2026-09-14 12:00:00,110,1.9,4,89,300,2.0
Salo,2026-09-14 12:00:00,2,0.0,19,26,270,11.0
Salo,2026-09-14 12:00:00,5,0.0,19,27,286,7.7
Salo,2026-09-14 12:00:00,8,0.0,11,26,296,4.4
Salo,2026-09-14 12:00:00,11,0.0,6,26,296,3.8
Salo,2026-09-14 12:00:00,14,0.0,-2,26,285,3.2
Salo,2026-09-14 12:00:00,17,0.0,-2,26,265,2.4
Salo,2026-09-14 12:00:00,20,0.0,7,26,250,1.8
Salo,2026-09-14 12:00:00,23,0.0,14,26,280,5.1
Salo,2026-09-14 12:00:00,26,0.0,19,26,301,8.4
Salo,2026-09-14 12:00:00,29,0.0,19,26,350,5.7
Salo,2026-09-14 12:00:00,32,0.0,12,26,30,3.0
Salo,2026-09-14 12:00:00,35,0.0,7,26,20,2.7
Salo,2026-09-14 12:00:00,38,0.0,-2,26,10,2.3
Salo,2026-09-14 12:00:00,41,0.0,-1,26,340,1.9
Salo,2026-09-14 12:00:00,44,0.0,5,26,300,1.6
Salo,2026-09-14 12:00:00,47,0.0,11,26,300,5.0
Salo,2026-09-14 12:00:00,50,0.0,18,26,300,8.4
Salo,2026-09-14 12:00:00,53,0.0,18,27,330,6.2
Salo,2026-09-14 12:00:00,56,0.0,12,26,351,4.0
Salo,2026-09-14 12:00:00,59,0.0,6,26,350,3.6
Salo,2026-09-14 12:00:00,62,0.0,-1,55,340,3.2
Salo,2026-09-14 12:00:00,65,0.0,0,56,300,2.1
Salo,2026-09-14 12:00:00,68,0.0,6,56,265,1.7
Salo,2026-09-14 12:00:00,71,0.0,10,56,305,3.6
Salo,2026-09-14 12:00:00,74,0.0,16,35,345,5.6
Salo,2026-09-14 12:00:00,77,0.0,16,36,5,4.6
Salo,2026-09-14 12:00:00,80,1.3,10,89,15,3.5
Salo,2026-09-14 12:00:00,83,2.2,4,89,0,3.7
Salo,2026-09-14 12:00:00,86,2.1,0,90,336,3.8
Salo,2026-09-14 12:00:00,89,2.2,0,90,140,1.4
Salo,2026-09-14 12:00:00,92,2.4,5,89,205,2.1
Salo,2026-09-14 12:00:00,95,2.1,9,90,244,5.3
Salo,2026-09-14 12:00:00,98,2.1,13,90,280,8.4
Salo,2026-09-14 12:00:00,101,1.3,13,90,320,5.7
Salo,2026-09-14 12:00:00,104,2.1,9,90,360,3.0
Salo,2026-09-14 12:00:00,107,2.0,6,89,325,3.4
Salo,2026-09-14 12:00:00,110,2.1,2,90,285,3.9
San Antonio - Los Ángeles,2026-09-14 12:00:00,2,0.0,26,36,83,1.4
San Antonio - Los Ángeles,2026-09-14 12:00:00,5,0.0,26,37,113,1.1
San Antonio - Los Ángeles,2026-09-14 12:00:00,8,0.0,22,36,133,0.8
San Antonio - Los Ángeles,2026-09-14 12:00:00,11,0.0,20,36,133,1.1
San Antonio - Los Ángeles,2026-09-14 12:00:00,14,0.0,15,56,130,1.5
San Antonio - Los Ángeles,2026-09-14 12:00:00,17,0.0,15,57,123,2.6
San Antonio - Los Ángeles,2026-09-14 12:00:00,20,0.0,17,57,120,3.7
San Antonio - Los Ángeles,2026-09-14 12:00:00,23,0.0,20,56,120,3.1
San Antonio - Los Ángeles,2026-09-14 12:00:00,26,0.0,21,56,113,2.4
San Antonio - Los Ángeles,2026-09-14 12:00:00,29,0.0,21,56,133,2.2
San Antonio - Los Ángeles,2026-09-14 12:00:00,32,0.0,19,56,143,2.0
San Antonio - Los Ángeles,2026-09-14 12:00:00,35,0.0,17,56,133,1.9
San Antonio - Los Ángeles,2026-09-14 12:00:00,38,0.0,15,36,120,1.7
San Antonio - Los Ángeles,2026-09-14 12:00:00,41,0.0,15,36,113,2.4
San Antonio - Los Ángeles,2026-09-14 12:00:00,44,0.0,19,36,113,2.8
San Antonio - Los Ángeles,2026-09-14 12:00:00,47,0.0,23,36,113,2.0
San Antonio - Los Ángeles,2026-09-14 12:00:00,50,0.0,28,27,103,1.2
San Antonio - Los Ángeles,2026-09-14 12:00:00,53,0.0,29,26,170,1.2
San Antonio - Los Ángeles,2026-09-14 12:00:00,56,0.0,24,27,227,1.2
San Antonio - Los Ángeles,2026-09-14 12:00:00,59,0.0,22,27,190,1.1
San Antonio - Los Ángeles,2026-09-14 12:00:00,62,0.0,18,56,153,1.1
San Antonio - Los Ángeles,2026-09-14 12:00:00,65,0.0,18,57,123,1.5
San Antonio - Los Ángeles,2026-09-14 12:00:00,68,0.0,19,55,113,1.6
San Antonio - Los Ángeles,2026-09-14 12:00:00,71,0.0,22,56,50,1.8
San Antonio - Los Ángeles,2026-09-14 12:00:00,74,0.0,32,36,340,2.0
San Antonio - Los Ángeles,2026-09-14 12:00:00,77,0.0,31,35,307,1.7
San Antonio - Los Ángeles,2026-09-14 12:00:00,80,0.0,28,36,267,1.4
San Antonio - Los Ángeles,2026-09-14 12:00:00,83,0.0,29,35,307,1.3
San Antonio - Los Ángeles,2026-09-14 12:00:00,86,0.0,19,56,337,1.1
San Antonio - Los Ángeles,2026-09-14 12:00:00,89,0.0,16,56,127,1.4
San Antonio - Los Ángeles,2026-09-14 12:00:00,92,0.0,25,56,103,2.2
San Antonio - Los Ángeles,2026-09-14 12:00:00,95,0.0,30,55,39,1.7
San Antonio - Los Ángeles,2026-09-14 12:00:00,98,0.0,33,56,328,1.1
San Antonio - Los Ángeles,2026-09-14 12:00:00,101,0.0,39,56,341,1.5
San Antonio - Los Ángeles,2026-09-14 12:00:00,104,0.0,35,56,344,2.0
San Antonio - Los Ángeles,2026-09-14 12:00:00,107,0.0,29,56,34,1.2
San Antonio - Los Ángeles,2026-09-14 12:00:00,110,0.0,23,57,157,0.5
San Borja,2026-09-14 12:00:00,2,0.0,24,36,101,1.2
San Borja,2026-09-14 12:00:00,5,0.0,24,36,80,1.0
San Borja,2026-09-14 12:00:00,8,0.0,23,26,48,0.9
San Borja,2026-09-14 12:00:00,11,0.0,22,25,111,1.1
San Borja,2026-09-14 12:00:00,14,0.0,21,26,168,1.4
San Borja,2026-09-14 12:00:00,17,0.0,21,26,168,1.7
San Borja,2026-09-14 12:00:00,20,0.0,22,26,147,2.2
San Borja,2026-09-14 12:00:00,23,0.0,24,26,137,1.9
San Borja,2026-09-14 12:00:00,26,0.0,26,37,120,1.6
San Borja,2026-09-14 12:00:00,29,0.0,26,36,135,1.5
San Borja,2026-09-14 12:00:00,32,0.0,25,26,147,1.3
San Borja,2026-09-14 12:00:00,35,0.0,23,27,152,1.6
San Borja,2026-09-14 12:00:00,38,0.0,22,36,152,1.9
San Borja,2026-09-14 12:00:00,41,0.0,22,36,147,2.9
San Borja,2026-09-14 12:00:00,44,0.0,24,37,147,3.0
San Borja,2026-09-14 12:00:00,47,0.0,26,36,139,2.7
San Borja,2026-09-14 12:00:00,50,0.0,29,36,129,2.3
San Borja,2026-09-14 12:00:00,53,0.0,29,35,151,2.0
San Borja,2026-09-14 12:00:00,56,0.0,26,36,172,1.5
San Borja,2026-09-14 12:00:00,59,0.0,24,36,192,1.6
San Borja,2026-09-14 12:00:00,62,0.0,22,36,212,1.7
San Borja,2026-09-14 12:00:00,65,0.0,22,36,195,1.4
San Borja,2026-09-14 12:00:00,68,0.0,26,36,177,1.1
San Borja,2026-09-14 12:00:00,71,0.0,28,36,235,1.6
San Borja,2026-09-14 12:00:00,74,0.0,30,36,293,2.1
San Borja,2026-09-14 12:00:00,77,0.0,30,37,273,2.0
San Borja,2026-09-14 12:00:00,80,0.0,26,36,250,1.8
San Borja,2026-09-14 12:00:00,83,0.0,23,37,250,1.9
San Borja,2026-09-14 12:00:00,86,0.0,23,37,247,1.9
San Borja,2026-09-14 12:00:00,89,0.0,25,36,228,1.6
San Borja,2026-09-14 12:00:00,92,0.0,27,36,238,1.1
San Borja,2026-09-14 12:00:00,95,0.0,30,37,277,1.8
San Borja,2026-09-14 12:00:00,98,0.0,33,56,312,2.4
San Borja,2026-09-14 12:00:00,101,0.0,29,56,270,2.1
San Borja,2026-09-14 12:00:00,104,0.0,25,36,225,1.8
San Borja,2026-09-14 12:00:00,107,0.0,24,35,214,1.4
San Borja,2026-09-14 12:00:00,110,0.0,23,36,201,0.9
San Buenaventura,2026-09-14 12:00:00,2,0.0,24,36,42,1.1
San Buenaventura,2026-09-14 12:00:00,5,0.0,24,36,2,0.9
San Buenaventura,2026-09-14 12:00:00,8,0.0,22,37,320,0.6
San Buenaventura,2026-09-14 12:00:00,11,0.0,20,36,271,0.6
San Buenaventura,2026-09-14 12:00:00,14,0.0,20,36,219,0.7
San Buenaventura,2026-09-14 12:00:00,17,0.0,20,36,200,0.9
San Buenaventura,2026-09-14 12:00:00,20,0.0,23,36,181,1.0
San Buenaventura,2026-09-14 12:00:00,23,0.0,26,36,142,0.7
San Buenaventura,2026-09-14 12:00:00,26,0.0,30,36,95,0.5
San Buenaventura,2026-09-14 12:00:00,29,0.0,30,36,170,0.8
San Buenaventura,2026-09-14 12:00:00,32,0.0,26,36,236,1.0
San Buenaventura,2026-09-14 12:00:00,35,0.0,23,36,227,0.9
San Buenaventura,2026-09-14 12:00:00,38,0.0,21,37,210,1.0
San Buenaventura,2026-09-14 12:00:00,41,0.0,21,35,180,1.1
San Buenaventura,2026-09-14 12:00:00,44,0.0,24,37,151,1.4
San Buenaventura,2026-09-14 12:00:00,47,0.0,27,36,130,1.5
San Buenaventura,2026-09-14 12:00:00,50,0.0,31,37,100,1.6
San Buenaventura,2026-09-14 12:00:00,53,0.0,31,37,150,1.4
San Buenaventura,2026-09-14 12:00:00,56,0.0,27,36,200,1.3
San Buenaventura,2026-09-14 12:00:00,59,0.0,24,38,210,1.1
San Buenaventura,2026-09-14 12:00:00,62,0.0,21,36,220,1.0
San Buenaventura,2026-09-14 12:00:00,65,0.0,21,36,210,1.1
San Buenaventura,2026-09-14 12:00:00,68,0.0,24,37,201,1.1
San Buenaventura,2026-09-14 12:00:00,71,0.0,28,36,219,1.4
San Buenaventura,2026-09-14 12:00:00,74,0.0,31,37,14,1.6
San Buenaventura,2026-09-14 12:00:00,77,0.0,31,37,297,1.4
San Buenaventura,2026-09-14 12:00:00,80,0.0,27,37,212,1.1
San Buenaventura,2026-09-14 12:00:00,83,0.0,24,36,212,1.2
San Buenaventura,2026-09-14 12:00:00,86,0.7,22,88,212,1.2
San Buenaventura,2026-09-14 12:00:00,89,2.3,22,88,202,0.9
San Buenaventura,2026-09-14 12:00:00,92,2.2,25,88,194,0.6
San Buenaventura,2026-09-14 12:00:00,95,2.3,29,89,168,0.9
San Buenaventura,2026-09-14 12:00:00,98,0.0,33,56,139,1.3
San Buenaventura,2026-09-14 12:00:00,101,0.0,32,55,176,1.2
San Buenaventura,2026-09-14 12:00:00,104,0.0,29,55,210,1.1
San Buenaventura,2026-09-14 12:00:00,107,0.0,26,56,220,1.0
San Buenaventura,2026-09-14 12:00:00,110,0.0,23,55,219,0.9
San Ignacio de Moxos,2026-09-14 12:00:00,2,0.0,26,36,129,1.4
San Ignacio de Moxos,2026-09-14 12:00:00,5,0.0,26,36,123,1.0
San Ignacio de Moxos,2026-09-14 12:00:00,8,0.0,24,26,113,0.7
San Ignacio de Moxos,2026-09-14 12:00:00,11,0.0,22,26,139,1.0
San Ignacio de Moxos,2026-09-14 12:00:00,14,0.0,20,26,160,1.4
San Ignacio de Moxos,2026-09-14 12:00:00,17,0.0,20,26,164,1.9
San Ignacio de Moxos,2026-09-14 12:00:00,20,0.0,22,26,150,2.5
San Ignacio de Moxos,2026-09-14 12:00:00,23,0.0,25,26,148,2.1
San Ignacio de Moxos,2026-09-14 12:00:00,26,0.0,28,36,138,1.7
San Ignacio de Moxos,2026-09-14 12:00:00,29,0.0,28,36,128,1.4
San Ignacio de Moxos,2026-09-14 12:00:00,32,0.0,25,26,117,1.2
San Ignacio de Moxos,2026-09-14 12:00:00,35,0.0,22,26,140,1.7
San Ignacio de Moxos,2026-09-14 12:00:00,38,0.0,21,26,160,2.2
San Ignacio de Moxos,2026-09-14 12:00:00,41,0.0,21,26,150,2.9
San Ignacio de Moxos,2026-09-14 12:00:00,44,0.0,24,26,140,3.2
San Ignacio de Moxos,2026-09-14 12:00:00,47,0.0,28,26,147,2.6
San Ignacio de Moxos,2026-09-14 12:00:00,50,0.0,31,36,147,2.1
San Ignacio de Moxos,2026-09-14 12:00:00,53,0.0,31,36,170,1.9
San Ignacio de Moxos,2026-09-14 12:00:00,56,0.0,28,26,190,1.7
San Ignacio de Moxos,2026-09-14 12:00:00,59,0.0,25,26,194,1.6
San Ignacio de Moxos,2026-09-14 12:00:00,62,0.0,21,26,194,1.6
San Ignacio de Moxos,2026-09-14 12:00:00,65,0.0,21,26,172,1.4
San Ignacio de Moxos,2026-09-14 12:00:00,68,0.0,25,26,142,1.3
San Ignacio de Moxos,2026-09-14 12:00:00,71,0.0,27,26,121,1.5
San Ignacio de Moxos,2026-09-14 12:00:00,74,0.0,32,26,331,1.7
San Ignacio de Moxos,2026-09-14 12:00:00,77,0.0,32,26,295,1.9
San Ignacio de Moxos,2026-09-14 12:00:00,80,0.0,28,26,249,2.1
San Ignacio de Moxos,2026-09-14 12:00:00,83,0.0,22,26,279,1.5
San Ignacio de Moxos,2026-09-14 12:00:00,86,0.0,22,36,67,0.9
San Ignacio de Moxos,2026-09-14 12:00:00,89,0.0,27,36,194,1.3
San Ignacio de Moxos,2026-09-14 12:00:00,92,0.0,29,36,194,1.4
San Ignacio de Moxos,2026-09-14 12:00:00,95,0.0,35,36,157,0.9
San Ignacio de Moxos,2026-09-14 12:00:00,98,0.0,40,57,32,0.5
San Ignacio de Moxos,2026-09-14 12:00:00,101,0.0,31,56,264,1.0
San Ignacio de Moxos,2026-09-14 12:00:00,104,0.0,22,36,233,1.4
San Ignacio de Moxos,2026-09-14 12:00:00,107,0.0,22,36,227,1.4
San Ignacio de Moxos,2026-09-14 12:00:00,110,0.0,21,36,213,1.3
San Ignacio de Velasco,2026-09-14 12:00:00,2,0.0,28,36,176,1.6
San Ignacio de Velasco,2026-09-14 12:00:00,5,0.0,28,36,170,1.9
San Ignacio de Velasco,2026-09-14 12:00:00,8,0.0,25,25,160,2.1
San Ignacio de Velasco,2026-09-14 12:00:00,11,0.0,21,26,160,2.3
San Ignacio de Velasco,2026-09-14 12:00:00,14,0.0,15,36,150,2.6
San Ignacio de Velasco,2026-09-14 12:00:00,17,0.0,15,36,143,2.6
San Ignacio de Velasco,2026-09-14 12:00:00,20,0.0,21,36,140,3.4
San Ignacio de Velasco,2026-09-14 12:00:00,23,0.0,26,36,160,2.9
San Ignacio de Velasco,2026-09-14 12:00:00,26,0.0,26,36,172,2.4
San Ignacio de Velasco,2026-09-14 12:00:00,29,0.0,26,36,170,2.2
San Ignacio de Velasco,2026-09-14 12:00:00,32,0.0,26,36,161,1.9
San Ignacio de Velasco,2026-09-14 12:00:00,35,0.0,23,36,163,2.8
San Ignacio de Velasco,2026-09-14 12:00:00,38,0.0,16,26,160,3.6
San Ignacio de Velasco,2026-09-14 12:00:00,41,0.0,16,26,152,3.5
San Ignacio de Velasco,2026-09-14 12:00:00,44,0.0,24,27,142,3.7
San Ignacio de Velasco,2026-09-14 12:00:00,47,0.0,28,27,132,2.8
San Ignacio de Velasco,2026-09-14 12:00:00,50,0.0,32,26,119,2.0
San Ignacio de Velasco,2026-09-14 12:00:00,53,0.0,32,26,129,1.9
San Ignacio de Velasco,2026-09-14 12:00:00,56,0.0,28,36,139,1.7
San Ignacio de Velasco,2026-09-14 12:00:00,59,0.0,25,36,150,1.9
San Ignacio de Velasco,2026-09-14 12:00:00,62,0.0,17,36,153,2.0
San Ignacio de Velasco,2026-09-14 12:00:00,65,0.0,17,36,91,2.3
San Ignacio de Velasco,2026-09-14 12:00:00,68,0.0,25,36,78,2.9
San Ignacio de Velasco,2026-09-14 12:00:00,71,0.0,27,36,48,2.9
San Ignacio de Velasco,2026-09-14 12:00:00,74,0.0,35,36,10,3.0
San Ignacio de Velasco,2026-09-14 12:00:00,77,0.0,35,36,40,2.3
San Ignacio de Velasco,2026-09-14 12:00:00,80,0.0,33,36,63,1.5
San Ignacio de Velasco,2026-09-14 12:00:00,83,0.0,32,36,23,1.3
San Ignacio de Velasco,2026-09-14 12:00:00,86,0.0,18,56,338,1.1
San Ignacio de Velasco,2026-09-14 12:00:00,89,0.0,13,55,126,1.4
San Ignacio de Velasco,2026-09-14 12:00:00,92,0.0,28,56,198,2.0
San Ignacio de Velasco,2026-09-14 12:00:00,95,0.0,33,56,127,1.5
San Ignacio de Velasco,2026-09-14 12:00:00,98,0.0,34,56,41,0.9
San Ignacio de Velasco,2026-09-14 12:00:00,101,0.0,38,56,320,0.9
San Ignacio de Velasco,2026-09-14 12:00:00,104,0.0,32,56,239,1.0
San Ignacio de Velasco,2026-09-14 12:00:00,107,0.0,27,56,211,2.7
San Ignacio de Velasco,2026-09-14 12:00:00,110,0.0,21,56,180,4.3
San Javier,2026-09-14 12:00:00,2,0.0,27,37,163,1.5
San Javier,2026-09-14 12:00:00,5,0.0,27,37,159,1.0
San Javier,2026-09-14 12:00:00,8,0.0,25,26,156,0.7
San Javier,2026-09-14 12:00:00,11,0.0,22,27,156,1.0
San Javier,2026-09-14 12:00:00,14,0.0,11,36,150,1.4
San Javier,2026-09-14 12:00:00,17,0.0,11,36,159,2.0
San Javier,2026-09-14 12:00:00,20,0.0,22,35,170,3.0
San Javier,2026-09-14 12:00:00,23,0.0,25,36,170,2.6
San Javier,2026-09-14 12:00:00,26,0.0,23,36,170,2.2
San Javier,2026-09-14 12:00:00,29,0.0,23,35,166,1.9
San Javier,2026-09-14 12:00:00,32,0.0,19,35,156,1.5
San Javier,2026-09-14 12:00:00,35,0.0,16,35,159,1.7
San Javier,2026-09-14 12:00:00,38,0.0,9,26,159,1.9
San Javier,2026-09-14 12:00:00,41,0.0,10,26,150,2.8
San Javier,2026-09-14 12:00:00,44,0.0,18,26,140,3.2
San Javier,2026-09-14 12:00:00,47,0.0,22,26,147,2.4
San Javier,2026-09-14 12:00:00,50,0.0,29,26,147,1.6
San Javier,2026-09-14 12:00:00,53,0.0,29,26,156,1.2
San Javier,2026-09-14 12:00:00,56,0.0,25,36,155,0.8
San Javier,2026-09-14 12:00:00,59,0.0,15,36,166,0.8
San Javier,2026-09-14 12:00:00,62,0.0,9,35,166,0.8
San Javier,2026-09-14 12:00:00,65,0.0,9,36,63,0.9
San Javier,2026-09-14 12:00:00,68,0.0,19,36,53,1.4
San Javier,2026-09-14 12:00:00,71,0.0,22,36,33,2.2
San Javier,2026-09-14 12:00:00,74,0.0,34,36,9,3.0
San Javier,2026-09-14 12:00:00,77,0.0,34,36,1,2.3
San Javier,2026-09-14 12:00:00,80,0.0,29,37,351,1.4
San Javier,2026-09-14 12:00:00,83,0.0,24,36,335,1.3
San Javier,2026-09-14 12:00:00,86,0.0,10,56,315,1.2
San Javier,2026-09-14 12:00:00,89,0.0,12,55,273,1.3
San Javier,2026-09-14 12:00:00,92,0.0,23,57,183,1.6
San Javier,2026-09-14 12:00:00,95,0.0,29,56,226,1.6
San Javier,2026-09-14 12:00:00,98,0.0,33,56,259,1.6
San Javier,2026-09-14 12:00:00,101,0.0,39,57,273,1.5
San Javier,2026-09-14 12:00:00,104,0.0,31,56,287,1.5
San Javier,2026-09-14 12:00:00,107,0.0,23,56,239,1.9
San Javier,2026-09-14 12:00:00,110,0.0,19,57,182,2.2
San Jose,2026-09-14 12:00:00,2,0.0,29,36,166,1.5
San Jose,2026-09-14 12:00:00,5,0.0,29,36,160,1.9
San Jose,2026-09-14 12:00:00,8,0.0,26,26,145,2.1
San Jose,2026-09-14 12:00:00,11,0.0,23,26,140,2.4
San Jose,2026-09-14 12:00:00,14,0.0,8,35,130,2.7
San Jose,2026-09-14 12:00:00,17,0.0,8,37,140,2.6
San Jose,2026-09-14 12:00:00,20,0.0,13,37,130,3.3
San Jose,2026-09-14 12:00:00,23,0.0,21,36,150,3.0
San Jose,2026-09-14 12:00:00,26,0.0,25,36,170,2.7
San Jose,2026-09-14 12:00:00,29,0.0,25,36,170,2.6
San Jose,2026-09-14 12:00:00,32,0.0,22,36,161,2.6
San Jose,2026-09-14 12:00:00,35,0.0,17,36,151,2.4
San Jose,2026-09-14 12:00:00,38,0.0,9,26,140,2.2
San Jose,2026-09-14 12:00:00,41,0.0,9,26,150,2.8
San Jose,2026-09-14 12:00:00,44,0.0,17,26,130,3.7
San Jose,2026-09-14 12:00:00,47,0.0,22,26,102,2.4
San Jose,2026-09-14 12:00:00,50,0.0,33,26,73,1.1
San Jose,2026-09-14 12:00:00,53,0.0,33,26,126,1.3
San Jose,2026-09-14 12:00:00,56,0.0,24,36,171,1.4
San Jose,2026-09-14 12:00:00,59,0.0,19,36,155,1.5
San Jose,2026-09-14 12:00:00,62,0.0,10,36,130,1.7
San Jose,2026-09-14 12:00:00,65,0.0,10,36,84,2.2
San Jose,2026-09-14 12:00:00,68,0.0,18,36,54,2.4
San Jose,2026-09-14 12:00:00,71,0.0,24,35,24,2.7
San Jose,2026-09-14 12:00:00,74,0.0,36,37,350,3.1
San Jose,2026-09-14 12:00:00,77,0.0,36,36,25,2.3
San Jose,2026-09-14 12:00:00,80,0.0,31,36,57,1.5
San Jose,2026-09-14 12:00:00,83,0.0,23,36,333,1.4
San Jose,2026-09-14 12:00:00,86,0.0,11,56,247,1.2
San Jose,2026-09-14 12:00:00,89,0.0,10,56,216,1.7
San Jose,2026-09-14 12:00:00,92,0.0,22,56,235,1.8
San Jose,2026-09-14 12:00:00,95,0.0,25,56,269,2.4
San Jose,2026-09-14 12:00:00,98,0.0,35,56,297,3.0
San Jose,2026-09-14 12:00:00,101,0.0,39,56,254,2.4
San Jose,2026-09-14 12:00:00,104,0.0,31,56,205,1.8
San Jose,2026-09-14 12:00:00,107,0.0,25,56,214,2.0
San Jose,2026-09-14 12:00:00,110,0.0,16,56,214,2.1
San Julian - Comunidad Los Angeles,2026-09-14 12:00:00,2,0.0,30,36,140,1.9
San Julian - Comunidad Los Angeles,2026-09-14 12:00:00,5,0.0,30,37,142,2.0
San Julian - Comunidad Los Angeles,2026-09-14 12:00:00,8,0.0,25,36,142,2.1
San Julian - Comunidad Los Angeles,2026-09-14 12:00:00,11,0.0,21,36,152,2.2
San Julian - Comunidad Los Angeles,2026-09-14 12:00:00,14,0.0,16,56,152,2.2
San Julian - Comunidad Los Angeles,2026-09-14 12:00:00,17,0.0,16,56,150,3.1
San Julian - Comunidad Los Angeles,2026-09-14 12:00:00,20,0.0,19,56,150,4.4
San Julian - Comunidad Los Angeles,2026-09-14 12:00:00,23,0.0,22,56,160,3.7
San Julian - Comunidad Los Angeles,2026-09-14 12:00:00,26,0.0,20,55,160,2.9
San Julian - Comunidad Los Angeles,2026-09-14 12:00:00,29,0.0,20,56,170,3.0
San Julian - Comunidad Los Angeles,2026-09-14 12:00:00,32,0.0,21,56,170,3.1
San Julian - Comunidad Los Angeles,2026-09-14 12:00:00,35,0.0,19,56,160,2.6
San Julian - Comunidad Los Angeles,2026-09-14 12:00:00,38,0.0,16,36,140,2.1
San Julian - Comunidad Los Angeles,2026-09-14 12:00:00,41,0.0,16,36,149,3.1
San Julian - Comunidad Los Angeles,2026-09-14 12:00:00,44,0.0,21,36,140,4.0
San Julian - Comunidad Los Angeles,2026-09-14 12:00:00,47,0.0,25,35,140,3.0
San Julian - Comunidad Los Angeles,2026-09-14 12:00:00,50,0.0,26,26,137,1.9
San Julian - Comunidad Los Angeles,2026-09-14 12:00:00,53,0.0,26,25,149,1.7
San Julian - Comunidad Los Angeles,2026-09-14 12:00:00,56,0.0,24,26,151,1.5
San Julian - Comunidad Los Angeles,2026-09-14 12:00:00,59,0.0,23,26,152,1.7
San Julian - Comunidad Los Angeles,2026-09-14 12:00:00,62,0.0,17,56,150,1.9
San Julian - Comunidad Los Angeles,2026-09-14 12:00:00,65,0.0,17,56,122,1.4
San Julian - Comunidad Los Angeles,2026-09-14 12:00:00,68,0.0,19,56,111,1.2
San Julian - Comunidad Los Angeles,2026-09-14 12:00:00,71,0.0,23,56,46,2.1
San Julian - Comunidad Los Angeles,2026-09-14 12:00:00,74,0.0,29,36,299,2.9
San Julian - Comunidad Los Angeles,2026-09-14 12:00:00,77,0.0,29,35,297,2.0
San Julian - Comunidad Los Angeles,2026-09-14 12:00:00,80,0.0,29,37,287,1.0
San Julian - Comunidad Los Angeles,2026-09-14 12:00:00,83,0.0,28,36,320,1.0
San Julian - Comunidad Los Angeles,2026-09-14 12:00:00,86,0.0,18,56,350,1.1
San Julian - Comunidad Los Angeles,2026-09-14 12:00:00,89,0.0,17,56,6,1.5
San Julian - Comunidad Los Angeles,2026-09-14 12:00:00,92,0.0,27,56,158,2.0
San Julian - Comunidad Los Angeles,2026-09-14 12:00:00,95,0.0,26,56,217,1.5
San Julian - Comunidad Los Angeles,2026-09-14 12:00:00,98,0.0,28,55,276,1.0
San Julian - Comunidad Los Angeles,2026-09-14 12:00:00,101,0.0,35,55,252,1.4
San Julian - Comunidad Los Angeles,2026-09-14 12:00:00,104,0.0,35,57,221,1.8
San Julian - Comunidad Los Angeles,2026-09-14 12:00:00,107,0.0,29,57,150,1.8
San Julian - Comunidad Los Angeles,2026-09-14 12:00:00,110,0.0,24,57,70,1.8
San Julián - Núcleo 32,2026-09-14 12:00:00,2,0.0,29,36,132,1.4
San Julián - Núcleo 32,2026-09-14 12:00:00,5,0.0,29,36,150,1.4
San Julián - Núcleo 32,2026-09-14 12:00:00,8,0.0,25,36,163,1.3
San Julián - Núcleo 32,2026-09-14 12:00:00,11,0.0,21,35,158,1.5
San Julián - Núcleo 32,2026-09-14 12:00:00,14,0.0,17,56,150,1.8
San Julián - Núcleo 32,2026-09-14 12:00:00,17,0.0,17,56,146,2.5
San Julián - Núcleo 32,2026-09-14 12:00:00,20,0.0,21,55,149,3.5
San Julián - Núcleo 32,2026-09-14 12:00:00,23,0.0,21,56,150,2.9
San Julián - Núcleo 32,2026-09-14 12:00:00,26,0.0,21,56,150,2.3
San Julián - Núcleo 32,2026-09-14 12:00:00,29,0.0,21,56,160,2.3
San Julián - Núcleo 32,2026-09-14 12:00:00,32,0.0,20,57,168,2.3
San Julián - Núcleo 32,2026-09-14 12:00:00,35,0.0,20,56,150,2.2
San Julián - Núcleo 32,2026-09-14 12:00:00,38,0.0,17,36,130,2.0
San Julián - Núcleo 32,2026-09-14 12:00:00,41,0.0,17,36,140,2.8
San Julián - Núcleo 32,2026-09-14 12:00:00,44,0.0,22,36,130,3.3
San Julián - Núcleo 32,2026-09-14 12:00:00,47,0.0,25,36,130,2.5
San Julián - Núcleo 32,2026-09-14 12:00:00,50,0.0,27,26,129,1.6
San Julián - Núcleo 32,2026-09-14 12:00:00,53,0.0,27,27,146,1.2
San Julián - Núcleo 32,2026-09-14 12:00:00,56,0.0,25,26,155,0.8
San Julián - Núcleo 32,2026-09-14 12:00:00,59,0.0,22,25,156,1.0
San Julián - Núcleo 32,2026-09-14 12:00:00,62,0.0,18,56,150,1.3
San Julián - Núcleo 32,2026-09-14 12:00:00,65,0.0,18,57,128,1.1
San Julián - Núcleo 32,2026-09-14 12:00:00,68,0.0,24,56,118,1.2
San Julián - Núcleo 32,2026-09-14 12:00:00,71,0.0,27,56,102,2.0
San Julián - Núcleo 32,2026-09-14 12:00:00,74,0.0,30,36,300,2.8
San Julián - Núcleo 32,2026-09-14 12:00:00,77,0.0,30,36,308,1.6
San Julián - Núcleo 32,2026-09-14 12:00:00,80,0.0,31,36,308,0.5
San Julián - Núcleo 32,2026-09-14 12:00:00,83,0.0,27,36,334,0.6
San Julián - Núcleo 32,2026-09-14 12:00:00,86,0.0,17,56,354,0.8
San Julián - Núcleo 32,2026-09-14 12:00:00,89,0.0,18,56,89,1.1
San Julián - Núcleo 32,2026-09-14 12:00:00,92,0.0,27,56,150,1.7
San Julián - Núcleo 32,2026-09-14 12:00:00,95,0.0,27,57,156,1.3
San Julián - Núcleo 32,2026-09-14 12:00:00,98,0.0,31,56,324,0.9
San Julián - Núcleo 32,2026-09-14 12:00:00,101,0.0,39,56,323,1.4
San Julián - Núcleo 32,2026-09-14 12:00:00,104,0.0,34,57,314,1.8
San Julián - Núcleo 32,2026-09-14 12:00:00,107,0.0,26,56,256,1.4
San Julián - Núcleo 32,2026-09-14 12:00:00,110,0.0,22,56,195,0.9
San Matias,2026-09-14 12:00:00,2,0.0,30,36,180,3.3
San Matias,2026-09-14 12:00:00,5,0.0,30,36,173,2.7
San Matias,2026-09-14 12:00:00,8,0.0,26,26,163,2.1
San Matias,2026-09-14 12:00:00,11,0.0,23,26,161,2.8
San Matias,2026-09-14 12:00:00,14,0.0,16,36,153,3.4
San Matias,2026-09-14 12:00:00,17,0.0,16,36,153,3.0
San Matias,2026-09-14 12:00:00,20,0.0,22,36,150,3.6
San Matias,2026-09-14 12:00:00,23,0.0,27,36,170,3.6
San Matias,2026-09-14 12:00:00,26,0.0,32,36,180,3.6
San Matias,2026-09-14 12:00:00,29,0.0,32,36,170,2.8
San Matias,2026-09-14 12:00:00,32,0.0,28,36,150,2.1
San Matias,2026-09-14 12:00:00,35,0.0,24,35,150,2.4
San Matias,2026-09-14 12:00:00,38,0.0,17,26,150,2.8
San Matias,2026-09-14 12:00:00,41,0.0,17,26,150,3.2
San Matias,2026-09-14 12:00:00,44,0.0,24,26,140,3.6
San Matias,2026-09-14 12:00:00,47,0.0,27,26,150,3.2
San Matias,2026-09-14 12:00:00,50,0.0,38,26,150,2.7
San Matias,2026-09-14 12:00:00,53,0.0,38,26,142,2.1
San Matias,2026-09-14 12:00:00,56,0.0,29,36,130,1.5
San Matias,2026-09-14 12:00:00,59,0.0,25,36,148,1.9
San Matias,2026-09-14 12:00:00,62,0.0,18,36,160,2.2
San Matias,2026-09-14 12:00:00,65,0.0,18,37,141,2.5
San Matias,2026-09-14 12:00:00,68,0.0,26,35,131,2.8
San Matias,2026-09-14 12:00:00,71,0.0,30,36,118,2.1
San Matias,2026-09-14 12:00:00,74,0.0,39,36,98,1.3
San Matias,2026-09-14 12:00:00,77,0.0,39,36,113,1.5
San Matias,2026-09-14 12:00:00,80,0.0,33,36,125,1.6
San Matias,2026-09-14 12:00:00,83,0.0,33,36,123,1.4
San Matias,2026-09-14 12:00:00,86,0.0,19,56,115,1.1
San Matias,2026-09-14 12:00:00,89,0.0,11,56,273,1.4
San Matias,2026-09-14 12:00:00,92,0.0,19,56,191,1.1
San Matias,2026-09-14 12:00:00,95,0.0,28,56,270,1.6
San Matias,2026-09-14 12:00:00,98,0.0,36,56,345,2.2
San Matias,2026-09-14 12:00:00,101,0.0,40,56,296,2.3
San Matias,2026-09-14 12:00:00,104,0.0,34,56,240,2.4
San Matias,2026-09-14 12:00:00,107,0.0,28,56,284,1.6
San Matias,2026-09-14 12:00:00,110,0.0,15,56,322,0.7
San Pablo de Lipez (GPRS),2026-09-14 12:00:00,2,0.0,13,26,299,8.7
San Pablo de Lipez (GPRS),2026-09-14 12:00:00,5,0.0,13,26,271,6.0
San Pablo de Lipez (GPRS),2026-09-14 12:00:00,8,0.0,7,26,242,3.3
San Pablo de Lipez (GPRS),2026-09-14 12:00:00,11,0.0,2,26,271,2.8
San Pablo de Lipez (GPRS),2026-09-14 12:00:00,14,0.0,-10,26,295,2.3
San Pablo de Lipez (GPRS),2026-09-14 12:00:00,17,0.0,-10,26,309,2.0
San Pablo de Lipez (GPRS),2026-09-14 12:00:00,20,0.0,2,26,329,2.0
San Pablo de Lipez (GPRS),2026-09-14 12:00:00,23,0.0,6,26,319,4.9
San Pablo de Lipez (GPRS),2026-09-14 12:00:00,26,0.0,12,26,300,7.7
San Pablo de Lipez (GPRS),2026-09-14 12:00:00,29,0.0,12,26,281,5.8
San Pablo de Lipez (GPRS),2026-09-14 12:00:00,32,0.0,5,26,261,4.0
San Pablo de Lipez (GPRS),2026-09-14 12:00:00,35,0.0,-1,26,261,3.3
San Pablo de Lipez (GPRS),2026-09-14 12:00:00,38,0.0,-8,26,251,2.6
San Pablo de Lipez (GPRS),2026-09-14 12:00:00,41,0.0,-8,26,286,2.2
San Pablo de Lipez (GPRS),2026-09-14 12:00:00,44,0.0,2,26,290,2.2
San Pablo de Lipez (GPRS),2026-09-14 12:00:00,47,0.0,7,26,300,4.9
San Pablo de Lipez (GPRS),2026-09-14 12:00:00,50,0.0,13,26,300,7.5
San Pablo de Lipez (GPRS),2026-09-14 12:00:00,53,0.0,13,25,291,5.2
San Pablo de Lipez (GPRS),2026-09-14 12:00:00,56,0.0,7,26,273,2.8
San Pablo de Lipez (GPRS),2026-09-14 12:00:00,59,0.0,1,26,301,2.4
San Pablo de Lipez (GPRS),2026-09-14 12:00:00,62,0.0,-7,36,329,2.0
San Pablo de Lipez (GPRS),2026-09-14 12:00:00,65,0.0,-7,36,319,1.5
San Pablo de Lipez (GPRS),2026-09-14 12:00:00,68,0.0,-1,36,329,1.5
San Pablo de Lipez (GPRS),2026-09-14 12:00:00,71,0.0,5,36,319,4.1
San Pablo de Lipez (GPRS),2026-09-14 12:00:00,74,0.0,10,35,300,6.6
San Pablo de Lipez (GPRS),2026-09-14 12:00:00,77,0.0,10,36,315,5.1
San Pablo de Lipez (GPRS),2026-09-14 12:00:00,80,0.0,6,36,325,3.7
San Pablo de Lipez (GPRS),2026-09-14 12:00:00,83,0.0,1,37,280,3.0
San Pablo de Lipez (GPRS),2026-09-14 12:00:00,86,1.2,-6,89,225,2.2
San Pablo de Lipez (GPRS),2026-09-14 12:00:00,89,1.0,-6,89,259,1.1
San Pablo de Lipez (GPRS),2026-09-14 12:00:00,92,2.1,-2,89,260,1.3
San Pablo de Lipez (GPRS),2026-09-14 12:00:00,95,1.9,1,90,295,4.4
San Pablo de Lipez (GPRS),2026-09-14 12:00:00,98,2.3,7,90,320,7.6
San Pablo de Lipez (GPRS),2026-09-14 12:00:00,101,1.5,7,90,316,6.3
San Pablo de Lipez (GPRS),2026-09-14 12:00:00,104,0.0,2,56,311,5.0
San Pablo de Lipez (GPRS),2026-09-14 12:00:00,107,0.0,-1,56,334,3.8
San Pablo de Lipez (GPRS),2026-09-14 12:00:00,110,0.0,-4,57,348,2.6
San Pedro - Río Victoria,2026-09-14 12:00:00,2,0.0,27,36,134,1.5
San Pedro - Río Victoria,2026-09-14 12:00:00,5,0.0,27,36,156,1.5
San Pedro - Río Victoria,2026-09-14 12:00:00,8,0.0,24,37,170,1.4
San Pedro - Río Victoria,2026-09-14 12:00:00,11,0.0,20,36,160,1.5
San Pedro - Río Victoria,2026-09-14 12:00:00,14,0.0,16,55,150,1.8
San Pedro - Río Victoria,2026-09-14 12:00:00,17,0.0,16,57,133,2.5
San Pedro - Río Victoria,2026-09-14 12:00:00,20,0.0,19,56,133,3.5
San Pedro - Río Victoria,2026-09-14 12:00:00,23,0.0,19,56,143,2.9
San Pedro - Río Victoria,2026-09-14 12:00:00,26,0.0,19,56,143,2.3
San Pedro - Río Victoria,2026-09-14 12:00:00,29,0.0,19,56,153,2.4
San Pedro - Río Victoria,2026-09-14 12:00:00,32,0.0,18,56,160,2.5
San Pedro - Río Victoria,2026-09-14 12:00:00,35,0.0,17,56,150,2.2
San Pedro - Río Victoria,2026-09-14 12:00:00,38,0.0,16,36,130,1.8
San Pedro - Río Victoria,2026-09-14 12:00:00,41,0.0,16,36,133,2.9
San Pedro - Río Victoria,2026-09-14 12:00:00,44,0.0,20,36,123,3.2
San Pedro - Río Victoria,2026-09-14 12:00:00,47,0.0,23,36,133,2.3
San Pedro - Río Victoria,2026-09-14 12:00:00,50,0.0,27,26,136,1.5
San Pedro - Río Victoria,2026-09-14 12:00:00,53,0.0,27,26,176,1.3
San Pedro - Río Victoria,2026-09-14 12:00:00,56,0.0,24,26,210,1.1
San Pedro - Río Victoria,2026-09-14 12:00:00,59,0.0,21,26,200,1.3
San Pedro - Río Victoria,2026-09-14 12:00:00,62,0.0,19,56,180,1.5
San Pedro - Río Victoria,2026-09-14 12:00:00,65,0.0,19,56,150,1.5
San Pedro - Río Victoria,2026-09-14 12:00:00,68,0.0,24,56,120,1.5
San Pedro - Río Victoria,2026-09-14 12:00:00,71,0.0,29,56,190,2.0
San Pedro - Río Victoria,2026-09-14 12:00:00,74,0.0,30,36,252,2.6
San Pedro - Río Victoria,2026-09-14 12:00:00,77,0.0,30,36,252,2.0
San Pedro - Río Victoria,2026-09-14 12:00:00,80,0.0,28,36,246,1.4
San Pedro - Río Victoria,2026-09-14 12:00:00,83,0.0,27,36,277,1.2
San Pedro - Río Victoria,2026-09-14 12:00:00,86,0.0,18,56,304,1.0
San Pedro - Río Victoria,2026-09-14 12:00:00,89,0.0,15,57,90,1.7
San Pedro - Río Victoria,2026-09-14 12:00:00,92,0.0,22,56,140,2.3
San Pedro - Río Victoria,2026-09-14 12:00:00,95,0.0,25,56,192,1.8
San Pedro - Río Victoria,2026-09-14 12:00:00,98,0.0,28,56,236,1.4
San Pedro - Río Victoria,2026-09-14 12:00:00,101,0.0,35,56,247,2.0
San Pedro - Río Victoria,2026-09-14 12:00:00,104,0.0,33,56,252,2.5
San Pedro - Río Victoria,2026-09-14 12:00:00,107,0.0,28,56,241,2.0
San Pedro - Río Victoria,2026-09-14 12:00:00,110,0.0,23,55,224,1.4
San Pedro de Buena Vista,2026-09-14 12:00:00,2,0.0,20,26,288,4.2
San Pedro de Buena Vista,2026-09-14 12:00:00,5,0.0,20,26,360,3.4
San Pedro de Buena Vista,2026-09-14 12:00:00,8,0.0,15,27,63,2.6
San Pedro de Buena Vista,2026-09-14 12:00:00,11,0.0,9,25,46,1.7
San Pedro de Buena Vista,2026-09-14 12:00:00,14,0.0,5,26,21,0.8
San Pedro de Buena Vista,2026-09-14 12:00:00,17,0.0,5,26,32,1.1
San Pedro de Buena Vista,2026-09-14 12:00:00,20,0.0,8,26,60,1.3
San Pedro de Buena Vista,2026-09-14 12:00:00,23,0.0,15,26,64,2.8
San Pedro de Buena Vista,2026-09-14 12:00:00,26,0.0,23,26,67,4.1
San Pedro de Buena Vista,2026-09-14 12:00:00,29,0.0,23,26,79,3.8
San Pedro de Buena Vista,2026-09-14 12:00:00,32,0.0,15,26,88,3.4
San Pedro de Buena Vista,2026-09-14 12:00:00,35,0.0,11,27,78,2.7
San Pedro de Buena Vista,2026-09-14 12:00:00,38,0.0,5,26,66,2.0
San Pedro de Buena Vista,2026-09-14 12:00:00,41,0.0,5,26,58,1.9
San Pedro de Buena Vista,2026-09-14 12:00:00,44,0.0,10,26,47,1.6
San Pedro de Buena Vista,2026-09-14 12:00:00,47,0.0,15,26,58,2.8
San Pedro de Buena Vista,2026-09-14 12:00:00,50,0.0,22,26,68,3.9
San Pedro de Buena Vista,2026-09-14 12:00:00,53,0.0,22,26,60,2.9
San Pedro de Buena Vista,2026-09-14 12:00:00,56,0.0,16,27,50,1.9
San Pedro de Buena Vista,2026-09-14 12:00:00,59,0.0,11,26,104,1.5
San Pedro de Buena Vista,2026-09-14 12:00:00,62,0.0,4,56,228,1.1
San Pedro de Buena Vista,2026-09-14 12:00:00,65,0.0,4,56,308,3.3
San Pedro de Buena Vista,2026-09-14 12:00:00,68,0.0,9,57,320,5.2
San Pedro de Buena Vista,2026-09-14 12:00:00,71,0.0,13,56,353,4.0
San Pedro de Buena Vista,2026-09-14 12:00:00,74,0.0,18,36,23,2.9
San Pedro de Buena Vista,2026-09-14 12:00:00,77,0.0,18,36,23,2.7
San Pedro de Buena Vista,2026-09-14 12:00:00,80,2.1,15,89,23,2.5
San Pedro de Buena Vista,2026-09-14 12:00:00,83,1.6,10,89,13,2.2
San Pedro de Buena Vista,2026-09-14 12:00:00,86,1.6,4,89,2,1.8
San Pedro de Buena Vista,2026-09-14 12:00:00,89,2.2,4,89,9,2.4
San Pedro de Buena Vista,2026-09-14 12:00:00,92,1.2,8,90,339,2.7
San Pedro de Buena Vista,2026-09-14 12:00:00,95,1.9,12,89,19,2.4
San Pedro de Buena Vista,2026-09-14 12:00:00,98,2.3,16,89,52,2.0
San Pedro de Buena Vista,2026-09-14 12:00:00,101,1.7,16,90,120,2.6
San Pedro de Buena Vista,2026-09-14 12:00:00,104,1.9,13,89,213,3.2
San Pedro de Buena Vista,2026-09-14 12:00:00,107,1.0,10,89,260,3.4
San Pedro de Buena Vista,2026-09-14 12:00:00,110,1.9,6,90,305,3.6
San Pedro de Tiquina,2026-09-14 12:00:00,2,0.0,14,36,298,5.6
San Pedro de Tiquina,2026-09-14 12:00:00,5,0.0,14,37,330,5.5
San Pedro de Tiquina,2026-09-14 12:00:00,8,0.0,11,26,353,5.3
San Pedro de Tiquina,2026-09-14 12:00:00,11,0.0,8,26,350,3.4
San Pedro de Tiquina,2026-09-14 12:00:00,14,0.0,3,25,344,1.5
San Pedro de Tiquina,2026-09-14 12:00:00,17,0.0,3,26,53,1.2
San Pedro de Tiquina,2026-09-14 12:00:00,20,0.0,7,26,71,1.8
San Pedro de Tiquina,2026-09-14 12:00:00,23,0.0,11,26,7,2.5
San Pedro de Tiquina,2026-09-14 12:00:00,26,0.0,14,36,297,3.3
San Pedro de Tiquina,2026-09-14 12:00:00,29,0.0,15,37,330,4.1
San Pedro de Tiquina,2026-09-14 12:00:00,32,0.0,10,56,3,5.0
San Pedro de Tiquina,2026-09-14 12:00:00,35,0.0,7,57,353,3.7
San Pedro de Tiquina,2026-09-14 12:00:00,38,0.0,3,57,340,2.3
San Pedro de Tiquina,2026-09-14 12:00:00,41,0.0,3,56,360,2.2
San Pedro de Tiquina,2026-09-14 12:00:00,44,0.0,6,57,347,2.1
San Pedro de Tiquina,2026-09-14 12:00:00,47,0.0,9,56,330,2.9
San Pedro de Tiquina,2026-09-14 12:00:00,50,1.7,13,89,303,3.8
San Pedro de Tiquina,2026-09-14 12:00:00,53,1.7,13,88,343,4.0
San Pedro de Tiquina,2026-09-14 12:00:00,56,0.0,10,56,13,4.1
San Pedro de Tiquina,2026-09-14 12:00:00,59,0.0,7,57,348,3.7
San Pedro de Tiquina,2026-09-14 12:00:00,62,1.6,3,89,196,3.3
San Pedro de Tiquina,2026-09-14 12:00:00,65,1.3,4,90,142,2.6
San Pedro de Tiquina,2026-09-14 12:00:00,68,0.9,6,89,132,3.5
San Pedro de Tiquina,2026-09-14 12:00:00,71,1.9,9,89,83,3.1
San Pedro de Tiquina,2026-09-14 12:00:00,74,2.0,11,89,31,2.6
San Pedro de Tiquina,2026-09-14 12:00:00,77,1.8,11,89,13,4.0
San Pedro de Tiquina,2026-09-14 12:00:00,80,1.2,8,90,353,5.4
San Pedro de Tiquina,2026-09-14 12:00:00,83,1.1,6,89,353,4.5
San Pedro de Tiquina,2026-09-14 12:00:00,86,1.9,4,90,352,3.6
San Pedro de Tiquina,2026-09-14 12:00:00,89,0.6,4,89,3,3.3
San Pedro de Tiquina,2026-09-14 12:00:00,92,0.8,5,90,3,2.8
San Pedro de Tiquina,2026-09-14 12:00:00,95,2.4,7,89,353,3.7
San Pedro de Tiquina,2026-09-14 12:00:00,98,1.6,9,90,339,4.7
San Pedro de Tiquina,2026-09-14 12:00:00,101,1.2,9,89,59,3.8
San Pedro de Tiquina,2026-09-14 12:00:00,104,2.2,8,89,129,2.9
San Pedro de Tiquina,2026-09-14 12:00:00,107,1.3,6,88,109,3.6
San Pedro de Tiquina,2026-09-14 12:00:00,110,1.3,5,90,89,4.1
San Ramon,2026-09-14 12:00:00,2,0.0,28,36,145,2.3
San Ramon,2026-09-14 12:00:00,5,0.0,28,36,142,1.5
San Ramon,2026-09-14 12:00:00,8,0.0,25,26,139,0.8
San Ramon,2026-09-14 12:00:00,11,0.0,23,26,177,1.6
San Ramon,2026-09-14 12:00:00,14,0.0,21,26,215,2.5
San Ramon,2026-09-14 12:00:00,17,0.0,21,26,170,2.9
San Ramon,2026-09-14 12:00:00,20,0.0,23,26,150,3.6
San Ramon,2026-09-14 12:00:00,23,0.0,26,26,160,3.2
San Ramon,2026-09-14 12:00:00,26,0.0,30,36,165,2.8
San Ramon,2026-09-14 12:00:00,29,0.0,30,36,160,2.8
San Ramon,2026-09-14 12:00:00,32,0.0,26,26,145,2.8
San Ramon,2026-09-14 12:00:00,35,0.0,23,26,160,2.7
San Ramon,2026-09-14 12:00:00,38,0.0,21,26,165,2.5
San Ramon,2026-09-14 12:00:00,41,0.0,21,26,155,5.0
San Ramon,2026-09-14 12:00:00,44,0.0,25,26,135,5.7
San Ramon,2026-09-14 12:00:00,47,0.0,30,26,143,4.5
San Ramon,2026-09-14 12:00:00,50,0.0,33,36,143,3.2
San Ramon,2026-09-14 12:00:00,53,0.0,33,36,170,3.1
San Ramon,2026-09-14 12:00:00,56,0.0,29,26,190,2.9
San Ramon,2026-09-14 12:00:00,59,0.0,26,26,195,2.8
San Ramon,2026-09-14 12:00:00,62,0.0,21,26,195,2.7
San Ramon,2026-09-14 12:00:00,65,0.0,21,26,170,3.3
San Ramon,2026-09-14 12:00:00,68,0.0,26,26,150,4.0
San Ramon,2026-09-14 12:00:00,71,0.0,29,26,110,2.9
San Ramon,2026-09-14 12:00:00,74,0.0,34,26,65,1.8
San Ramon,2026-09-14 12:00:00,77,0.0,34,26,65,2.4
San Ramon,2026-09-14 12:00:00,80,0.0,30,26,55,3.0
San Ramon,2026-09-14 12:00:00,83,0.0,22,26,29,2.2
San Ramon,2026-09-14 12:00:00,86,0.0,22,36,1,1.4
San Ramon,2026-09-14 12:00:00,89,0.0,31,36,281,1.4
San Ramon,2026-09-14 12:00:00,92,0.0,31,36,265,1.8
San Ramon,2026-09-14 12:00:00,95,0.0,36,36,301,1.8
San Ramon,2026-09-14 12:00:00,98,0.0,41,56,331,1.8
San Ramon,2026-09-14 12:00:00,101,0.0,37,56,316,1.8
San Ramon,2026-09-14 12:00:00,104,0.0,33,36,300,1.9
San Ramon,2026-09-14 12:00:00,107,0.0,30,36,260,2.6
San Ramon,2026-09-14 12:00:00,110,0.0,27,36,220,3.3
San Roque - La Paz,2026-09-14 12:00:00,2,0.0,14,37,297,6.8
San Roque - La Paz,2026-09-14 12:00:00,5,0.0,14,36,231,4.7
San Roque - La Paz,2026-09-14 12:00:00,8,0.0,10,27,157,2.5
San Roque - La Paz,2026-09-14 12:00:00,11,0.0,5,25,153,2.0
San Roque - La Paz,2026-09-14 12:00:00,14,0.0,-2,25,143,1.3
San Roque - La Paz,2026-09-14 12:00:00,17,0.0,-2,26,127,1.3
San Roque - La Paz,2026-09-14 12:00:00,20,0.0,6,26,120,1.3
San Roque - La Paz,2026-09-14 12:00:00,23,0.0,11,26,194,2.0
San Roque - La Paz,2026-09-14 12:00:00,26,0.0,17,37,271,2.6
San Roque - La Paz,2026-09-14 12:00:00,29,0.0,17,36,347,3.3
San Roque - La Paz,2026-09-14 12:00:00,32,0.0,11,56,60,3.8
San Roque - La Paz,2026-09-14 12:00:00,35,0.0,6,56,80,2.6
San Roque - La Paz,2026-09-14 12:00:00,38,0.0,-2,56,100,1.4
San Roque - La Paz,2026-09-14 12:00:00,41,0.0,-2,56,124,1.9
San Roque - La Paz,2026-09-14 12:00:00,44,0.0,6,56,120,2.4
San Roque - La Paz,2026-09-14 12:00:00,47,0.0,11,56,80,2.9
San Roque - La Paz,2026-09-14 12:00:00,50,1.5,15,89,36,3.4
San Roque - La Paz,2026-09-14 12:00:00,53,1.9,15,88,57,3.5
San Roque - La Paz,2026-09-14 12:00:00,56,0.0,11,56,77,3.6
San Roque - La Paz,2026-09-14 12:00:00,59,0.0,5,56,97,3.1
San Roque - La Paz,2026-09-14 12:00:00,62,1.5,-1,89,117,2.5
San Roque - La Paz,2026-09-14 12:00:00,65,1.5,-1,89,169,1.4
San Roque - La Paz,2026-09-14 12:00:00,68,2.1,4,89,135,2.1
San Roque - La Paz,2026-09-14 12:00:00,71,1.7,7,89,96,2.6
San Roque - La Paz,2026-09-14 12:00:00,74,1.0,13,89,50,3.0
San Roque - La Paz,2026-09-14 12:00:00,77,2.2,13,90,50,3.4
San Roque - La Paz,2026-09-14 12:00:00,80,2.4,7,89,50,3.9
San Roque - La Paz,2026-09-14 12:00:00,83,1.1,4,89,50,3.3
San Roque - La Paz,2026-09-14 12:00:00,86,1.5,0,89,40,2.7
San Roque - La Paz,2026-09-14 12:00:00,89,2.0,0,89,67,0.9
San Roque - La Paz,2026-09-14 12:00:00,92,2.5,3,89,57,0.6
San Roque - La Paz,2026-09-14 12:00:00,95,2.2,7,89,20,2.7
San Roque - La Paz,2026-09-14 12:00:00,98,1.7,11,89,337,5.0
San Roque - La Paz,2026-09-14 12:00:00,101,0.8,11,89,60,3.6
San Roque - La Paz,2026-09-14 12:00:00,104,2.3,8,89,134,2.2
San Roque - La Paz,2026-09-14 12:00:00,107,1.6,5,89,91,1.6
San Roque - La Paz,2026-09-14 12:00:00,110,1.4,3,89,48,1.1
Santa Ana,2026-09-14 12:00:00,2,0.0,28,36,140,1.3
Santa Ana,2026-09-14 12:00:00,5,0.0,28,36,211,1.0
Santa Ana,2026-09-14 12:00:00,8,0.0,24,26,281,0.6
Santa Ana,2026-09-14 12:00:00,11,0.0,21,27,241,1.1
Santa Ana,2026-09-14 12:00:00,14,0.0,18,26,200,1.7
Santa Ana,2026-09-14 12:00:00,17,0.0,18,26,167,2.4
Santa Ana,2026-09-14 12:00:00,20,0.0,22,26,170,3.4
Santa Ana,2026-09-14 12:00:00,23,0.0,25,26,170,2.9
Santa Ana,2026-09-14 12:00:00,26,0.0,30,36,170,2.5
Santa Ana,2026-09-14 12:00:00,29,0.0,30,35,180,2.5
Santa Ana,2026-09-14 12:00:00,32,0.0,25,27,180,2.5
Santa Ana,2026-09-14 12:00:00,35,0.0,21,27,180,2.8
Santa Ana,2026-09-14 12:00:00,38,0.0,19,26,170,3.0
Santa Ana,2026-09-14 12:00:00,41,0.0,19,26,150,4.8
Santa Ana,2026-09-14 12:00:00,44,0.0,22,26,140,4.9
Santa Ana,2026-09-14 12:00:00,47,0.0,27,26,140,3.8
Santa Ana,2026-09-14 12:00:00,50,0.0,33,35,130,2.7
Santa Ana,2026-09-14 12:00:00,53,0.0,33,36,167,2.4
Santa Ana,2026-09-14 12:00:00,56,0.0,28,26,197,2.1
Santa Ana,2026-09-14 12:00:00,59,0.0,24,26,190,2.4
Santa Ana,2026-09-14 12:00:00,62,0.0,20,26,181,2.6
Santa Ana,2026-09-14 12:00:00,65,0.0,20,26,170,2.6
Santa Ana,2026-09-14 12:00:00,68,0.0,27,26,160,2.8
Santa Ana,2026-09-14 12:00:00,71,0.0,31,26,177,1.6
Santa Ana,2026-09-14 12:00:00,74,0.0,34,26,190,0.5
Santa Ana,2026-09-14 12:00:00,77,0.0,34,26,233,1.6
Santa Ana,2026-09-14 12:00:00,80,0.0,29,26,270,2.7
Santa Ana,2026-09-14 12:00:00,83,0.0,21,25,240,2.7
Santa Ana,2026-09-14 12:00:00,86,0.0,21,37,210,2.8
Santa Ana,2026-09-14 12:00:00,89,0.0,29,36,223,1.3
Santa Ana,2026-09-14 12:00:00,92,0.0,30,36,197,1.0
Santa Ana,2026-09-14 12:00:00,95,0.0,35,36,250,1.9
Santa Ana,2026-09-14 12:00:00,98,0.0,41,56,303,2.8
Santa Ana,2026-09-14 12:00:00,101,0.0,35,57,243,3.3
Santa Ana,2026-09-14 12:00:00,104,0.0,30,36,180,4.0
Santa Ana,2026-09-14 12:00:00,107,0.0,27,36,181,2.8
Santa Ana,2026-09-14 12:00:00,110,0.0,25,36,179,1.6
Santa Cruz - Trompillo,2026-09-14 12:00:00,2,0.0,28,36,117,2.7
Santa Cruz - Trompillo,2026-09-14 12:00:00,5,0.0,29,36,148,2.6
Santa Cruz - Trompillo,2026-09-14 12:00:00,8,0.0,25,37,172,2.6
Santa Cruz - Trompillo,2026-09-14 12:00:00,11,0.0,21,37,172,2.8
Santa Cruz - Trompillo,2026-09-14 12:00:00,14,0.0,16,56,162,3.0
Santa Cruz - Trompillo,2026-09-14 12:00:00,17,0.0,16,56,172,4.3
Santa Cruz - Trompillo,2026-09-14 12:00:00,20,0.0,18,57,162,5.7
Santa Cruz - Trompillo,2026-09-14 12:00:00,23,0.0,19,56,151,4.8
Santa Cruz - Trompillo,2026-09-14 12:00:00,26,0.0,17,56,137,3.8
Santa Cruz - Trompillo,2026-09-14 12:00:00,29,0.0,17,57,161,3.2
Santa Cruz - Trompillo,2026-09-14 12:00:00,32,0.0,16,56,182,2.5
Santa Cruz - Trompillo,2026-09-14 12:00:00,35,0.0,15,56,182,2.7
Santa Cruz - Trompillo,2026-09-14 12:00:00,38,0.0,15,36,182,3.0
Santa Cruz - Trompillo,2026-09-14 12:00:00,41,0.0,15,36,162,4.1
Santa Cruz - Trompillo,2026-09-14 12:00:00,44,0.0,20,36,152,4.6
Santa Cruz - Trompillo,2026-09-14 12:00:00,47,0.0,24,36,130,3.5
Santa Cruz - Trompillo,2026-09-14 12:00:00,50,0.0,25,26,106,2.5
Santa Cruz - Trompillo,2026-09-14 12:00:00,53,0.0,25,26,140,2.0
Santa Cruz - Trompillo,2026-09-14 12:00:00,56,0.0,22,26,175,1.6
Santa Cruz - Trompillo,2026-09-14 12:00:00,59,0.0,19,26,184,1.8
Santa Cruz - Trompillo,2026-09-14 12:00:00,62,0.0,17,56,184,2.0
Santa Cruz - Trompillo,2026-09-14 12:00:00,65,0.0,17,56,174,2.3
Santa Cruz - Trompillo,2026-09-14 12:00:00,68,0.0,22,55,162,2.8
Santa Cruz - Trompillo,2026-09-14 12:00:00,71,0.0,22,56,162,3.8
Santa Cruz - Trompillo,2026-09-14 12:00:00,74,0.0,28,36,342,4.8
Santa Cruz - Trompillo,2026-09-14 12:00:00,77,0.0,28,36,322,4.1
Santa Cruz - Trompillo,2026-09-14 12:00:00,80,0.0,26,36,302,3.4
Santa Cruz - Trompillo,2026-09-14 12:00:00,83,0.0,25,36,270,2.6
Santa Cruz - Trompillo,2026-09-14 12:00:00,86,0.0,18,57,237,1.9
Santa Cruz - Trompillo,2026-09-14 12:00:00,89,0.0,18,56,168,4.4
Santa Cruz - Trompillo,2026-09-14 12:00:00,92,0.0,24,56,168,3.8
Santa Cruz - Trompillo,2026-09-14 12:00:00,95,0.0,28,55,92,3.0
Santa Cruz - Trompillo,2026-09-14 12:00:00,98,0.0,33,57,5,2.2
Santa Cruz - Trompillo,2026-09-14 12:00:00,101,0.0,35,56,342,2.1
Santa Cruz - Trompillo,2026-09-14 12:00:00,104,0.0,31,56,316,2.0
Santa Cruz - Trompillo,2026-09-14 12:00:00,107,0.0,29,56,248,3.3
Santa Cruz - Trompillo,2026-09-14 12:00:00,110,0.0,25,56,180,4.7
Santa Cruz - Viru Viru,2026-09-14 12:00:00,2,0.0,28,35,132,2.4
Santa Cruz - Viru Viru,2026-09-14 12:00:00,5,0.0,28,36,152,2.5
Santa Cruz - Viru Viru,2026-09-14 12:00:00,8,0.0,24,36,170,2.7
Santa Cruz - Viru Viru,2026-09-14 12:00:00,11,0.0,21,36,164,3.0
Santa Cruz - Viru Viru,2026-09-14 12:00:00,14,0.0,15,56,154,3.2
Santa Cruz - Viru Viru,2026-09-14 12:00:00,17,0.0,15,56,166,4.4
Santa Cruz - Viru Viru,2026-09-14 12:00:00,20,0.0,17,56,161,5.8
Santa Cruz - Viru Viru,2026-09-14 12:00:00,23,0.0,18,55,152,4.8
Santa Cruz - Viru Viru,2026-09-14 12:00:00,26,0.0,16,55,142,3.8
Santa Cruz - Viru Viru,2026-09-14 12:00:00,29,0.0,16,56,162,3.2
Santa Cruz - Viru Viru,2026-09-14 12:00:00,32,0.0,15,56,175,2.7
Santa Cruz - Viru Viru,2026-09-14 12:00:00,35,0.0,14,56,174,3.0
Santa Cruz - Viru Viru,2026-09-14 12:00:00,38,0.0,15,36,164,3.3
Santa Cruz - Viru Viru,2026-09-14 12:00:00,41,0.0,15,36,161,4.3
Santa Cruz - Viru Viru,2026-09-14 12:00:00,44,0.0,19,36,151,4.8
Santa Cruz - Viru Viru,2026-09-14 12:00:00,47,0.0,22,36,132,3.5
Santa Cruz - Viru Viru,2026-09-14 12:00:00,50,0.0,24,27,112,2.3
Santa Cruz - Viru Viru,2026-09-14 12:00:00,53,0.0,24,26,140,2.0
Santa Cruz - Viru Viru,2026-09-14 12:00:00,56,0.0,22,26,160,1.8
Santa Cruz - Viru Viru,2026-09-14 12:00:00,59,0.0,19,27,170,2.0
Santa Cruz - Viru Viru,2026-09-14 12:00:00,62,0.0,17,55,174,2.1
Santa Cruz - Viru Viru,2026-09-14 12:00:00,65,0.0,17,56,164,2.4
Santa Cruz - Viru Viru,2026-09-14 12:00:00,68,0.0,21,56,154,3.1
Santa Cruz - Viru Viru,2026-09-14 12:00:00,71,0.0,23,56,106,3.8
Santa Cruz - Viru Viru,2026-09-14 12:00:00,74,0.0,27,37,340,4.5
Santa Cruz - Viru Viru,2026-09-14 12:00:00,77,0.0,27,36,320,3.7
Santa Cruz - Viru Viru,2026-09-14 12:00:00,80,0.0,25,36,294,2.9
Santa Cruz - Viru Viru,2026-09-14 12:00:00,83,0.0,24,36,281,2.3
Santa Cruz - Viru Viru,2026-09-14 12:00:00,86,0.0,18,57,266,1.6
Santa Cruz - Viru Viru,2026-09-14 12:00:00,89,0.0,17,56,162,4.3
Santa Cruz - Viru Viru,2026-09-14 12:00:00,92,0.0,23,57,161,4.0
Santa Cruz - Viru Viru,2026-09-14 12:00:00,95,0.0,27,56,145,2.9
Santa Cruz - Viru Viru,2026-09-14 12:00:00,98,0.0,34,56,341,1.8
Santa Cruz - Viru Viru,2026-09-14 12:00:00,101,0.0,36,55,340,2.0
Santa Cruz - Viru Viru,2026-09-14 12:00:00,104,0.0,31,56,330,2.3
Santa Cruz - Viru Viru,2026-09-14 12:00:00,107,0.0,29,57,258,3.5
Santa Cruz - Viru Viru,2026-09-14 12:00:00,110,0.0,25,56,180,4.9
Santa Rosa,2026-09-14 12:00:00,2,0.0,25,36,110,1.4
Santa Rosa,2026-09-14 12:00:00,5,0.0,25,36,58,1.6
Santa Rosa,2026-09-14 12:00:00,8,0.0,23,26,358,1.7
Santa Rosa,2026-09-14 12:00:00,11,0.0,22,25,288,1.6
Santa Rosa,2026-09-14 12:00:00,14,0.0,20,26,210,1.4
Santa Rosa,2026-09-14 12:00:00,17,0.0,20,26,180,1.9
Santa Rosa,2026-09-14 12:00:00,20,0.0,22,25,170,2.8
Santa Rosa,2026-09-14 12:00:00,23,0.0,25,26,144,2.2
Santa Rosa,2026-09-14 12:00:00,26,0.0,27,36,114,1.6
Santa Rosa,2026-09-14 12:00:00,29,0.0,27,36,74,1.5
Santa Rosa,2026-09-14 12:00:00,32,0.0,25,27,32,1.3
Santa Rosa,2026-09-14 12:00:00,35,0.0,23,26,102,1.9
Santa Rosa,2026-09-14 12:00:00,38,0.0,21,37,169,2.6
Santa Rosa,2026-09-14 12:00:00,41,0.0,21,36,159,3.7
Santa Rosa,2026-09-14 12:00:00,44,0.0,24,37,150,4.5
Santa Rosa,2026-09-14 12:00:00,47,0.0,28,36,141,3.5
Santa Rosa,2026-09-14 12:00:00,50,0.0,30,36,131,2.5
Santa Rosa,2026-09-14 12:00:00,53,0.0,30,36,166,2.1
Santa Rosa,2026-09-14 12:00:00,56,0.0,27,35,196,1.8
Santa Rosa,2026-09-14 12:00:00,59,0.0,24,36,196,2.1
Santa Rosa,2026-09-14 12:00:00,62,0.0,21,36,191,2.3
Santa Rosa,2026-09-14 12:00:00,65,0.0,21,36,180,2.2
Santa Rosa,2026-09-14 12:00:00,68,0.0,25,37,150,2.1
Santa Rosa,2026-09-14 12:00:00,71,0.0,28,36,117,1.5
Santa Rosa,2026-09-14 12:00:00,74,0.0,31,37,334,0.9
Santa Rosa,2026-09-14 12:00:00,77,0.0,31,36,294,1.5
Santa Rosa,2026-09-14 12:00:00,80,0.0,27,36,246,2.2
Santa Rosa,2026-09-14 12:00:00,83,0.0,22,36,246,2.3
Santa Rosa,2026-09-14 12:00:00,86,0.0,22,36,240,2.3
Santa Rosa,2026-09-14 12:00:00,89,0.0,26,36,200,1.5
Santa Rosa,2026-09-14 12:00:00,92,0.0,28,36,200,1.2
Santa Rosa,2026-09-14 12:00:00,95,0.0,33,36,210,2.3
Santa Rosa,2026-09-14 12:00:00,98,0.0,37,56,214,3.3
Santa Rosa,2026-09-14 12:00:00,101,0.0,32,57,214,3.1
Santa Rosa,2026-09-14 12:00:00,104,0.0,27,36,210,2.8
Santa Rosa,2026-09-14 12:00:00,107,0.0,25,36,244,1.7
Santa Rosa,2026-09-14 12:00:00,110,0.0,24,36,279,0.5
Santos Mercado - PD,2026-09-14 12:00:00,2,0.0,32,36,130,0.7
Santos Mercado - PD,2026-09-14 12:00:00,5,0.0,32,36,80,0.6
Santos Mercado - PD,2026-09-14 12:00:00,8,0.0,25,26,21,0.6
Santos Mercado - PD,2026-09-14 12:00:00,11,0.0,22,26,22,0.9
Santos Mercado - PD,2026-09-14 12:00:00,14,0.0,18,27,200,1.3
Santos Mercado - PD,2026-09-14 12:00:00,17,0.0,18,27,180,1.8
Santos Mercado - PD,2026-09-14 12:00:00,20,0.0,23,25,170,2.0
Santos Mercado - PD,2026-09-14 12:00:00,23,0.0,27,27,150,1.4
Santos Mercado - PD,2026-09-14 12:00:00,26,0.0,35,36,130,0.8
Santos Mercado - PD,2026-09-14 12:00:00,29,0.0,35,37,130,0.9
Santos Mercado - PD,2026-09-14 12:00:00,32,0.0,27,27,120,1.1
Santos Mercado - PD,2026-09-14 12:00:00,35,0.0,24,25,161,1.0
Santos Mercado - PD,2026-09-14 12:00:00,38,0.0,20,37,201,0.9
Santos Mercado - PD,2026-09-14 12:00:00,41,0.0,20,36,150,1.8
Santos Mercado - PD,2026-09-14 12:00:00,44,0.0,24,36,120,2.1
Santos Mercado - PD,2026-09-14 12:00:00,47,0.0,28,36,129,1.6
Santos Mercado - PD,2026-09-14 12:00:00,50,0.0,35,56,129,1.1
Santos Mercado - PD,2026-09-14 12:00:00,53,0.0,35,56,190,1.2
Santos Mercado - PD,2026-09-14 12:00:00,56,0.0,28,37,250,1.3
Santos Mercado - PD,2026-09-14 12:00:00,59,0.0,25,35,220,0.8
Santos Mercado - PD,2026-09-14 12:00:00,62,0.0,21,36,190,0.3
Santos Mercado - PD,2026-09-14 12:00:00,65,0.0,21,36,190,1.1
Santos Mercado - PD,2026-09-14 12:00:00,68,0.0,26,36,180,0.8
Santos Mercado - PD,2026-09-14 12:00:00,71,0.0,30,36,199,1.0
Santos Mercado - PD,2026-09-14 12:00:00,74,0.0,35,35,218,1.3
Santos Mercado - PD,2026-09-14 12:00:00,77,0.0,35,35,189,0.9
Santos Mercado - PD,2026-09-14 12:00:00,80,0.0,30,36,161,0.6
Santos Mercado - PD,2026-09-14 12:00:00,83,0.0,22,35,231,0.9
Santos Mercado - PD,2026-09-14 12:00:00,86,0.0,22,37,301,1.2
Santos Mercado - PD,2026-09-14 12:00:00,89,0.0,26,36,260,1.4
Santos Mercado - PD,2026-09-14 12:00:00,92,0.0,27,36,220,1.4
Santos Mercado - PD,2026-09-14 12:00:00,95,0.0,34,36,239,1.5
Santos Mercado - PD,2026-09-14 12:00:00,98,0.0,41,37,248,1.5
Santos Mercado - PD,2026-09-14 12:00:00,101,0.0,34,35,250,1.0
Santos Mercado - PD,2026-09-14 12:00:00,104,0.0,27,36,251,0.6
Santos Mercado - PD,2026-09-14 12:00:00,107,0.0,25,36,241,0.8
Santos Mercado - PD,2026-09-14 12:00:00,110,0.0,23,36,220,1.0
Sena - PD,2026-09-14 12:00:00,2,0.0,33,36,150,1.5
Sena - PD,2026-09-14 12:00:00,5,0.0,33,36,150,1.3
Sena - PD,2026-09-14 12:00:00,8,0.0,26,26,150,1.0
Sena - PD,2026-09-14 12:00:00,11,0.0,22,26,168,0.8
Sena - PD,2026-09-14 12:00:00,14,0.0,17,26,181,0.6
Sena - PD,2026-09-14 12:00:00,17,0.0,17,26,190,0.9
Sena - PD,2026-09-14 12:00:00,20,0.0,22,26,170,1.3
Sena - PD,2026-09-14 12:00:00,23,0.0,26,26,135,0.9
Sena - PD,2026-09-14 12:00:00,26,0.0,36,36,95,0.5
Sena - PD,2026-09-14 12:00:00,29,0.0,36,36,120,0.9
Sena - PD,2026-09-14 12:00:00,32,0.0,28,26,143,1.3
Sena - PD,2026-09-14 12:00:00,35,0.0,23,26,147,0.9
Sena - PD,2026-09-14 12:00:00,38,0.0,19,36,149,0.7
Sena - PD,2026-09-14 12:00:00,41,0.0,19,36,140,1.9
Sena - PD,2026-09-14 12:00:00,44,0.0,25,36,148,2.4
Sena - PD,2026-09-14 12:00:00,47,0.0,28,36,148,2.1
Sena - PD,2026-09-14 12:00:00,50,0.0,36,56,140,1.8
Sena - PD,2026-09-14 12:00:00,53,0.0,36,56,160,1.6
Sena - PD,2026-09-14 12:00:00,56,0.0,30,36,170,1.5
Sena - PD,2026-09-14 12:00:00,59,0.0,25,37,200,1.5
Sena - PD,2026-09-14 12:00:00,62,0.0,20,36,220,1.4
Sena - PD,2026-09-14 12:00:00,65,0.0,20,36,185,1.3
Sena - PD,2026-09-14 12:00:00,68,0.0,27,36,130,1.3
Sena - PD,2026-09-14 12:00:00,71,0.0,32,36,110,0.9
Sena - PD,2026-09-14 12:00:00,74,0.0,36,37,85,0.6
Sena - PD,2026-09-14 12:00:00,77,0.0,36,36,159,1.0
Sena - PD,2026-09-14 12:00:00,80,0.0,29,36,229,1.5
Sena - PD,2026-09-14 12:00:00,83,0.0,21,36,247,1.4
Sena - PD,2026-09-14 12:00:00,86,0.0,21,36,260,1.2
Sena - PD,2026-09-14 12:00:00,89,0.0,26,36,225,0.8
Sena - PD,2026-09-14 12:00:00,92,0.0,27,35,238,0.6
Sena - PD,2026-09-14 12:00:00,95,0.0,33,36,243,0.9
Sena - PD,2026-09-14 12:00:00,98,0.0,39,36,249,1.2
Sena - PD,2026-09-14 12:00:00,101,0.0,32,36,235,1.7
Sena - PD,2026-09-14 12:00:00,104,0.0,24,36,215,2.2
Sena - PD,2026-09-14 12:00:00,107,0.0,24,36,245,1.5
Sena - PD,2026-09-14 12:00:00,110,0.0,23,36,268,0.8
Soracachi,2026-09-14 12:00:00,2,0.0,19,26,297,7.2
Soracachi,2026-09-14 12:00:00,5,0.0,19,26,329,4.8
Soracachi,2026-09-14 12:00:00,8,0.0,11,26,356,2.4
Soracachi,2026-09-14 12:00:00,11,0.0,7,26,357,1.9
Soracachi,2026-09-14 12:00:00,14,0.0,1,26,352,1.5
Soracachi,2026-09-14 12:00:00,17,0.0,1,27,69,0.9
Soracachi,2026-09-14 12:00:00,20,0.0,6,26,6,0.8
Soracachi,2026-09-14 12:00:00,23,0.0,11,26,326,2.2
Soracachi,2026-09-14 12:00:00,26,0.0,19,26,280,3.8
Soracachi,2026-09-14 12:00:00,29,0.0,19,26,338,4.4
Soracachi,2026-09-14 12:00:00,32,0.0,12,26,30,5.0
Soracachi,2026-09-14 12:00:00,35,0.0,6,26,20,3.6
Soracachi,2026-09-14 12:00:00,38,0.0,2,26,10,2.2
Soracachi,2026-09-14 12:00:00,41,0.0,2,26,107,1.8
Soracachi,2026-09-14 12:00:00,44,0.0,7,26,63,1.1
Soracachi,2026-09-14 12:00:00,47,0.0,12,26,19,2.3
Soracachi,2026-09-14 12:00:00,50,0.0,18,26,331,3.5
Soracachi,2026-09-14 12:00:00,53,0.0,18,26,3,4.0
Soracachi,2026-09-14 12:00:00,56,0.0,12,26,34,4.5
Soracachi,2026-09-14 12:00:00,59,0.0,7,26,27,3.1
Soracachi,2026-09-14 12:00:00,62,0.0,3,36,10,1.7
Soracachi,2026-09-14 12:00:00,65,0.0,3,37,55,2.1
Soracachi,2026-09-14 12:00:00,68,0.0,6,36,6,2.4
Soracachi,2026-09-14 12:00:00,71,0.0,10,36,13,3.6
Soracachi,2026-09-14 12:00:00,74,0.0,15,56,18,4.7
Soracachi,2026-09-14 12:00:00,77,0.0,15,56,28,4.8
Soracachi,2026-09-14 12:00:00,80,1.5,10,89,30,4.9
Soracachi,2026-09-14 12:00:00,83,1.3,7,89,20,4.6
Soracachi,2026-09-14 12:00:00,86,2.0,4,90,10,4.2
Soracachi,2026-09-14 12:00:00,89,2.1,4,89,10,2.7
Soracachi,2026-09-14 12:00:00,92,0.8,7,89,2,2.4
Soracachi,2026-09-14 12:00:00,95,2.0,10,90,9,3.6
Soracachi,2026-09-14 12:00:00,98,1.1,12,90,7,4.9
Soracachi,2026-09-14 12:00:00,101,1.5,12,89,82,4.3
Soracachi,2026-09-14 12:00:00,104,2.4,10,89,153,3.5
Soracachi,2026-09-14 12:00:00,107,2.2,7,89,230,2.7
Soracachi,2026-09-14 12:00:00,110,2.6,5,89,300,1.8
Sucre,2026-09-14 12:00:00,2,0.0,21,26,49,3.9
Sucre,2026-09-14 12:00:00,5,0.0,21,26,59,3.4
Sucre,2026-09-14 12:00:00,8,0.0,17,27,60,2.9
Sucre,2026-09-14 12:00:00,11,0.0,13,27,40,2.8
Sucre,2026-09-14 12:00:00,14,0.0,9,36,10,2.7
Sucre,2026-09-14 12:00:00,17,0.0,9,36,21,2.2
Sucre,2026-09-14 12:00:00,20,0.0,12,36,20,2.0
Sucre,2026-09-14 12:00:00,23,0.0,15,36,38,3.3
Sucre,2026-09-14 12:00:00,26,0.0,21,37,48,4.6
Sucre,2026-09-14 12:00:00,29,0.0,21,36,60,3.7
Sucre,2026-09-14 12:00:00,32,0.0,15,26,71,2.9
Sucre,2026-09-14 12:00:00,35,0.0,12,26,62,2.6
Sucre,2026-09-14 12:00:00,38,0.0,9,25,49,2.2
Sucre,2026-09-14 12:00:00,41,0.0,9,26,46,2.0
Sucre,2026-09-14 12:00:00,44,0.0,11,26,29,1.8
Sucre,2026-09-14 12:00:00,47,0.0,15,26,38,3.4
Sucre,2026-09-14 12:00:00,50,0.0,22,37,38,5.0
Sucre,2026-09-14 12:00:00,53,0.0,22,36,50,3.9
Sucre,2026-09-14 12:00:00,56,0.0,16,36,60,2.8
Sucre,2026-09-14 12:00:00,59,0.0,13,37,40,3.0
Sucre,2026-09-14 12:00:00,62,0.0,8,57,20,3.1
Sucre,2026-09-14 12:00:00,65,0.0,8,57,19,3.1
Sucre,2026-09-14 12:00:00,68,0.0,12,57,27,2.4
Sucre,2026-09-14 12:00:00,71,0.0,16,56,27,4.0
Sucre,2026-09-14 12:00:00,74,0.0,22,56,17,5.5
Sucre,2026-09-14 12:00:00,77,0.0,22,56,55,4.1
Sucre,2026-09-14 12:00:00,80,1.5,16,89,85,2.6
Sucre,2026-09-14 12:00:00,83,1.5,9,89,68,2.3
Sucre,2026-09-14 12:00:00,86,1.9,9,88,43,1.9
Sucre,2026-09-14 12:00:00,89,1.3,12,90,15,3.0
Sucre,2026-09-14 12:00:00,92,2.1,12,89,352,3.6
Sucre,2026-09-14 12:00:00,95,1.4,15,89,5,4.9
Sucre,2026-09-14 12:00:00,98,1.9,18,89,13,6.2
Sucre,2026-09-14 12:00:00,101,1.4,14,89,296,4.6
Sucre,2026-09-14 12:00:00,104,0.0,11,56,199,2.9
Sucre,2026-09-14 12:00:00,107,0.0,10,56,206,2.6
Sucre,2026-09-14 12:00:00,110,0.0,10,56,20,2.3
Sultaca,2026-09-14 12:00:00,2,0.0,19,26,250,6.8
Sultaca,2026-09-14 12:00:00,5,0.0,19,26,317,5.0
Sultaca,2026-09-14 12:00:00,8,0.0,13,26,24,3.1
Sultaca,2026-09-14 12:00:00,11,0.0,10,26,10,2.9
Sultaca,2026-09-14 12:00:00,14,0.0,7,37,353,2.6
Sultaca,2026-09-14 12:00:00,17,0.0,8,36,339,1.3
Sultaca,2026-09-14 12:00:00,20,0.0,10,36,310,1.4
Sultaca,2026-09-14 12:00:00,23,0.0,14,36,256,2.2
Sultaca,2026-09-14 12:00:00,26,0.0,20,37,140,3.1
Sultaca,2026-09-14 12:00:00,29,0.0,20,37,114,3.4
Sultaca,2026-09-14 12:00:00,32,0.0,13,27,82,3.6
Sultaca,2026-09-14 12:00:00,35,0.0,10,27,44,2.6
Sultaca,2026-09-14 12:00:00,38,0.0,7,27,3,1.7
Sultaca,2026-09-14 12:00:00,41,0.0,8,26,350,1.6
Sultaca,2026-09-14 12:00:00,44,0.0,11,26,327,1.6
Sultaca,2026-09-14 12:00:00,47,0.0,14,26,350,1.9
Sultaca,2026-09-14 12:00:00,50,0.0,20,36,6,2.2
Sultaca,2026-09-14 12:00:00,53,0.0,20,36,43,2.8
Sultaca,2026-09-14 12:00:00,56,0.0,14,36,75,3.5
Sultaca,2026-09-14 12:00:00,59,0.0,10,36,40,2.7
Sultaca,2026-09-14 12:00:00,62,0.0,7,56,359,1.9
Sultaca,2026-09-14 12:00:00,65,0.0,8,56,346,2.3
Sultaca,2026-09-14 12:00:00,68,0.0,10,57,307,2.5
Sultaca,2026-09-14 12:00:00,71,0.0,13,57,268,2.0
Sultaca,2026-09-14 12:00:00,74,0.0,21,56,191,1.5
Sultaca,2026-09-14 12:00:00,77,0.0,21,56,129,2.5
Sultaca,2026-09-14 12:00:00,80,0.9,12,90,60,3.5
Sultaca,2026-09-14 12:00:00,83,1.1,8,89,53,3.4
Sultaca,2026-09-14 12:00:00,86,1.9,8,89,37,3.3
Sultaca,2026-09-14 12:00:00,89,2.6,7,89,1,1.4
Sultaca,2026-09-14 12:00:00,92,2.3,7,88,294,1.7
Sultaca,2026-09-14 12:00:00,95,1.9,8,89,299,2.2
Sultaca,2026-09-14 12:00:00,98,1.9,10,89,300,2.6
Sultaca,2026-09-14 12:00:00,101,2.5,10,90,303,3.0
Sultaca,2026-09-14 12:00:00,104,0.0,9,56,300,3.3
Sultaca,2026-09-14 12:00:00,107,0.0,9,57,303,2.6
Sultaca,2026-09-14 12:00:00,110,0.0,8,56,305,2.0
Tarapaya,2026-09-14 12:00:00,2,0.0,26,26,261,8.8
Tarapaya,2026-09-14 12:00:00,5,0.0,26,26,251,5.7
Tarapaya,2026-09-14 12:00:00,8,0.0,13,26,231,2.5
Tarapaya,2026-09-14 12:00:00,11,0.0,7,25,250,2.3
Tarapaya,2026-09-14 12:00:00,14,0.0,-4,26,267,2.1
Tarapaya,2026-09-14 12:00:00,17,0.0,-4,26,260,2.2
Tarapaya,2026-09-14 12:00:00,20,0.0,6,25,287,1.4
Tarapaya,2026-09-14 12:00:00,23,0.0,13,26,291,3.0
Tarapaya,2026-09-14 12:00:00,26,0.0,28,26,293,4.5
Tarapaya,2026-09-14 12:00:00,29,0.0,28,26,359,3.7
Tarapaya,2026-09-14 12:00:00,32,0.0,11,26,81,2.9
Tarapaya,2026-09-14 12:00:00,35,0.0,4,26,15,1.9
Tarapaya,2026-09-14 12:00:00,38,0.0,-4,26,318,0.8
Tarapaya,2026-09-14 12:00:00,41,0.0,-4,26,319,1.3
Tarapaya,2026-09-14 12:00:00,44,0.0,5,26,299,1.4
Tarapaya,2026-09-14 12:00:00,47,0.0,13,26,311,2.8
Tarapaya,2026-09-14 12:00:00,50,0.0,27,26,320,4.3
Tarapaya,2026-09-14 12:00:00,53,0.0,27,26,351,3.7
Tarapaya,2026-09-14 12:00:00,56,0.0,15,26,19,3.1
Tarapaya,2026-09-14 12:00:00,59,0.0,8,26,2,2.3
Tarapaya,2026-09-14 12:00:00,62,0.0,-3,56,344,1.6
Tarapaya,2026-09-14 12:00:00,65,0.0,-3,56,338,2.6
Tarapaya,2026-09-14 12:00:00,68,0.0,6,56,320,2.4
Tarapaya,2026-09-14 12:00:00,71,0.0,14,56,330,3.0
Tarapaya,2026-09-14 12:00:00,74,0.0,23,36,340,3.6
Tarapaya,2026-09-14 12:00:00,77,0.0,23,36,10,3.4
Tarapaya,2026-09-14 12:00:00,80,2.2,12,88,33,3.2
Tarapaya,2026-09-14 12:00:00,83,1.1,3,89,13,2.7
Tarapaya,2026-09-14 12:00:00,86,1.0,-3,89,352,2.0
Tarapaya,2026-09-14 12:00:00,89,0.8,-3,89,278,1.9
Tarapaya,2026-09-14 12:00:00,92,2.3,4,89,337,2.2
Tarapaya,2026-09-14 12:00:00,95,1.0,9,89,328,3.1
Tarapaya,2026-09-14 12:00:00,98,2.7,21,88,310,3.9
Tarapaya,2026-09-14 12:00:00,101,2.3,21,89,282,4.0
Tarapaya,2026-09-14 12:00:00,104,2.7,14,88,254,4.1
Tarapaya,2026-09-14 12:00:00,107,0.8,8,89,252,4.2
Tarapaya,2026-09-14 12:00:00,110,0.9,2,89,242,4.2
Tarija - Centro,2026-09-14 12:00:00,2,0.0,22,26,126,5.0
Tarija - Centro,2026-09-14 12:00:00,5,0.0,22,26,105,3.5
Tarija - Centro,2026-09-14 12:00:00,8,0.0,15,26,80,1.9
Tarija - Centro,2026-09-14 12:00:00,11,0.0,11,26,80,1.7
Tarija - Centro,2026-09-14 12:00:00,14,0.0,8,36,71,1.5
Tarija - Centro,2026-09-14 12:00:00,17,0.0,8,36,101,0.9
Tarija - Centro,2026-09-14 12:00:00,20,0.0,11,36,62,1.0
Tarija - Centro,2026-09-14 12:00:00,23,0.0,14,36,101,2.1
Tarija - Centro,2026-09-14 12:00:00,26,0.0,23,26,136,3.2
Tarija - Centro,2026-09-14 12:00:00,29,0.0,23,27,141,2.5
Tarija - Centro,2026-09-14 12:00:00,32,0.0,15,26,141,1.8
Tarija - Centro,2026-09-14 12:00:00,35,0.0,12,26,110,1.5
Tarija - Centro,2026-09-14 12:00:00,38,0.0,8,26,76,1.3
Tarija - Centro,2026-09-14 12:00:00,41,0.0,8,36,81,1.1
Tarija - Centro,2026-09-14 12:00:00,44,0.0,11,36,71,1.5
Tarija - Centro,2026-09-14 12:00:00,47,0.0,16,37,95,3.0
Tarija - Centro,2026-09-14 12:00:00,50,0.0,23,36,115,4.5
Tarija - Centro,2026-09-14 12:00:00,53,0.0,23,36,115,3.2
Tarija - Centro,2026-09-14 12:00:00,56,0.0,16,36,105,1.9
Tarija - Centro,2026-09-14 12:00:00,59,0.0,11,36,75,1.9
Tarija - Centro,2026-09-14 12:00:00,62,0.0,7,57,35,2.0
Tarija - Centro,2026-09-14 12:00:00,65,0.0,7,56,70,1.5
Tarija - Centro,2026-09-14 12:00:00,68,0.0,13,57,97,1.2
Tarija - Centro,2026-09-14 12:00:00,71,0.0,17,56,111,2.0
Tarija - Centro,2026-09-14 12:00:00,74,0.0,23,56,115,2.9
Tarija - Centro,2026-09-14 12:00:00,77,0.0,23,56,131,2.1
Tarija - Centro,2026-09-14 12:00:00,80,0.0,13,56,141,1.3
Tarija - Centro,2026-09-14 12:00:00,83,0.0,8,56,142,1.0
Tarija - Centro,2026-09-14 12:00:00,86,1.6,8,76,138,0.8
Tarija - Centro,2026-09-14 12:00:00,89,1.2,12,75,75,1.5
Tarija - Centro,2026-09-14 12:00:00,92,1.2,11,75,20,2.3
Tarija - Centro,2026-09-14 12:00:00,95,1.0,17,76,61,2.2
Tarija - Centro,2026-09-14 12:00:00,98,0.0,22,56,101,2.1
Tarija - Centro,2026-09-14 12:00:00,101,0.0,18,56,95,1.8
Tarija - Centro,2026-09-14 12:00:00,104,0.0,14,56,85,1.4
Tarija - Centro,2026-09-14 12:00:00,107,0.0,13,56,101,1.3
Tarija - Centro,2026-09-14 12:00:00,110,0.0,12,55,111,1.2
Tolarapa (INIAF),2026-09-14 12:00:00,2,0.0,17,26,14,2.3
Tolarapa (INIAF),2026-09-14 12:00:00,5,0.0,17,25,337,1.8
Tolarapa (INIAF),2026-09-14 12:00:00,8,0.0,13,26,294,1.3
Tolarapa (INIAF),2026-09-14 12:00:00,11,0.0,10,26,280,1.6
Tolarapa (INIAF),2026-09-14 12:00:00,14,0.0,5,26,260,2.0
Tolarapa (INIAF),2026-09-14 12:00:00,17,0.0,5,26,307,2.0
Tolarapa (INIAF),2026-09-14 12:00:00,20,0.0,11,26,3,1.9
Tolarapa (INIAF),2026-09-14 12:00:00,23,0.0,15,27,19,1.9
Tolarapa (INIAF),2026-09-14 12:00:00,26,0.0,18,35,25,1.9
Tolarapa (INIAF),2026-09-14 12:00:00,29,0.0,18,36,328,1.5
Tolarapa (INIAF),2026-09-14 12:00:00,32,0.0,13,36,261,1.2
Tolarapa (INIAF),2026-09-14 12:00:00,35,0.0,10,36,254,1.5
Tolarapa (INIAF),2026-09-14 12:00:00,38,0.0,5,35,247,1.8
Tolarapa (INIAF),2026-09-14 12:00:00,41,0.0,5,35,290,1.4
Tolarapa (INIAF),2026-09-14 12:00:00,44,0.0,10,36,353,1.7
Tolarapa (INIAF),2026-09-14 12:00:00,47,0.0,13,35,9,1.9
Tolarapa (INIAF),2026-09-14 12:00:00,50,0.0,19,56,15,2.1
Tolarapa (INIAF),2026-09-14 12:00:00,53,0.0,19,56,337,2.0
Tolarapa (INIAF),2026-09-14 12:00:00,56,0.0,14,35,289,1.9
Tolarapa (INIAF),2026-09-14 12:00:00,59,0.0,12,35,279,2.2
Tolarapa (INIAF),2026-09-14 12:00:00,62,1.6,7,89,259,2.4
Tolarapa (INIAF),2026-09-14 12:00:00,65,1.9,8,89,286,2.5
Tolarapa (INIAF),2026-09-14 12:00:00,68,0.9,15,89,321,2.2
Tolarapa (INIAF),2026-09-14 12:00:00,71,2.2,17,89,351,2.7
Tolarapa (INIAF),2026-09-14 12:00:00,74,0.0,22,57,20,3.1
Tolarapa (INIAF),2026-09-14 12:00:00,77,0.0,22,56,329,2.8
Tolarapa (INIAF),2026-09-14 12:00:00,80,2.1,13,89,271,2.5
Tolarapa (INIAF),2026-09-14 12:00:00,83,2.2,9,89,270,2.5
Tolarapa (INIAF),2026-09-14 12:00:00,86,0.0,9,56,260,2.5
Tolarapa (INIAF),2026-09-14 12:00:00,89,0.0,12,56,280,2.1
Tolarapa (INIAF),2026-09-14 12:00:00,92,0.0,13,57,289,1.5
Tolarapa (INIAF),2026-09-14 12:00:00,95,0.0,14,57,332,2.1
Tolarapa (INIAF),2026-09-14 12:00:00,98,2.0,16,89,11,2.6
Tolarapa (INIAF),2026-09-14 12:00:00,101,1.8,14,89,309,2.4
Tolarapa (INIAF),2026-09-14 12:00:00,104,2.2,12,89,241,2.2
Tolarapa (INIAF),2026-09-14 12:00:00,107,1.9,11,90,240,2.6
Tolarapa (INIAF),2026-09-14 12:00:00,110,2.5,11,89,237,3.0
Totoral,2026-09-14 12:00:00,2,0.0,23,26,270,8.9
Totoral,2026-09-14 12:00:00,5,0.0,23,25,276,6.0
Totoral,2026-09-14 12:00:00,8,0.0,16,26,281,3.0
Totoral,2026-09-14 12:00:00,11,0.0,11,26,270,3.0
Totoral,2026-09-14 12:00:00,14,0.0,4,26,254,3.0
Totoral,2026-09-14 12:00:00,17,0.0,3,26,251,2.2
Totoral,2026-09-14 12:00:00,20,0.0,9,26,259,1.3
Totoral,2026-09-14 12:00:00,23,0.0,14,26,304,2.7
Totoral,2026-09-14 12:00:00,26,0.0,20,26,346,4.0
Totoral,2026-09-14 12:00:00,29,0.0,20,26,22,3.5
Totoral,2026-09-14 12:00:00,32,0.0,17,26,54,3.0
Totoral,2026-09-14 12:00:00,35,0.0,10,26,43,2.1
Totoral,2026-09-14 12:00:00,38,0.0,4,26,30,1.2
Totoral,2026-09-14 12:00:00,41,0.0,3,26,4,1.3
Totoral,2026-09-14 12:00:00,44,0.0,8,26,344,1.1
Totoral,2026-09-14 12:00:00,47,0.0,13,26,324,4.2
Totoral,2026-09-14 12:00:00,50,0.0,19,26,297,7.3
Totoral,2026-09-14 12:00:00,53,0.0,19,26,346,5.3
Totoral,2026-09-14 12:00:00,56,0.0,13,26,28,3.3
Totoral,2026-09-14 12:00:00,59,0.0,9,26,17,2.2
Totoral,2026-09-14 12:00:00,62,0.0,5,56,358,1.1
Totoral,2026-09-14 12:00:00,65,0.0,4,56,297,0.8
Totoral,2026-09-14 12:00:00,68,0.0,9,56,284,0.9
Totoral,2026-09-14 12:00:00,71,0.0,13,56,337,3.0
Totoral,2026-09-14 12:00:00,74,0.0,16,36,20,5.0
Totoral,2026-09-14 12:00:00,77,0.0,16,36,42,3.6
Totoral,2026-09-14 12:00:00,80,1.5,12,88,59,2.1
Totoral,2026-09-14 12:00:00,83,1.3,8,89,23,2.4
Totoral,2026-09-14 12:00:00,86,1.3,4,89,340,2.8
Totoral,2026-09-14 12:00:00,89,2.0,4,89,344,1.4
Totoral,2026-09-14 12:00:00,92,2.0,8,89,282,1.3
Totoral,2026-09-14 12:00:00,95,2.0,11,89,294,3.3
Totoral,2026-09-14 12:00:00,98,2.0,13,89,303,5.3
Totoral,2026-09-14 12:00:00,101,1.4,13,89,330,3.8
Totoral,2026-09-14 12:00:00,104,2.0,10,89,347,2.4
Totoral,2026-09-14 12:00:00,107,2.3,9,89,304,2.3
Totoral,2026-09-14 12:00:00,110,1.3,6,89,254,2.1
Trancas,2026-09-14 12:00:00,2,0.0,15,26,72,4.0
Trancas,2026-09-14 12:00:00,5,0.0,15,26,66,3.1
Trancas,2026-09-14 12:00:00,8,0.0,12,26,57,2.3
Trancas,2026-09-14 12:00:00,11,0.0,8,26,41,2.2
Trancas,2026-09-14 12:00:00,14,0.0,5,36,24,2.1
Trancas,2026-09-14 12:00:00,17,0.0,5,36,41,1.0
Trancas,2026-09-14 12:00:00,20,0.0,8,37,9,1.3
Trancas,2026-09-14 12:00:00,23,0.0,12,36,64,2.7
Trancas,2026-09-14 12:00:00,26,0.0,17,26,118,4.0
Trancas,2026-09-14 12:00:00,29,0.0,17,26,124,3.0
Trancas,2026-09-14 12:00:00,32,0.0,12,26,124,2.0
Trancas,2026-09-14 12:00:00,35,0.0,8,26,79,1.7
Trancas,2026-09-14 12:00:00,38,0.0,5,26,26,1.3
Trancas,2026-09-14 12:00:00,41,0.0,5,36,357,1.6
Trancas,2026-09-14 12:00:00,44,0.0,10,36,345,2.3
Trancas,2026-09-14 12:00:00,47,0.0,15,36,34,3.3
Trancas,2026-09-14 12:00:00,50,0.0,17,36,78,4.4
Trancas,2026-09-14 12:00:00,53,0.0,18,36,75,3.4
Trancas,2026-09-14 12:00:00,56,0.0,13,36,70,2.3
Trancas,2026-09-14 12:00:00,59,0.0,10,36,26,2.3
Trancas,2026-09-14 12:00:00,62,0.0,4,56,334,2.4
Trancas,2026-09-14 12:00:00,65,0.0,4,56,324,2.2
Trancas,2026-09-14 12:00:00,68,0.0,12,57,304,2.7
Trancas,2026-09-14 12:00:00,71,0.0,15,56,338,2.8
Trancas,2026-09-14 12:00:00,74,0.0,19,56,11,2.9
Trancas,2026-09-14 12:00:00,77,0.0,19,56,49,2.3
Trancas,2026-09-14 12:00:00,80,0.0,11,56,83,1.7
Trancas,2026-09-14 12:00:00,83,0.0,5,56,76,1.5
Trancas,2026-09-14 12:00:00,86,1.1,5,76,63,1.3
Trancas,2026-09-14 12:00:00,89,0.6,9,76,345,1.5
Trancas,2026-09-14 12:00:00,92,0.9,9,76,307,1.8
Trancas,2026-09-14 12:00:00,95,1.6,13,76,316,2.9
Trancas,2026-09-14 12:00:00,98,0.0,18,56,317,3.9
Trancas,2026-09-14 12:00:00,101,0.0,15,56,11,3.1
Trancas,2026-09-14 12:00:00,104,0.0,13,56,61,2.1
Trancas,2026-09-14 12:00:00,107,0.0,12,56,11,1.8
Trancas,2026-09-14 12:00:00,110,0.0,11,56,317,1.5
Trinidad,2026-09-14 12:00:00,2,0.0,27,36,150,1.3
Trinidad,2026-09-14 12:00:00,5,0.0,27,36,190,1.1
Trinidad,2026-09-14 12:00:00,8,0.0,24,27,222,0.9
Trinidad,2026-09-14 12:00:00,11,0.0,21,26,200,1.3
Trinidad,2026-09-14 12:00:00,14,0.0,18,26,170,1.7
Trinidad,2026-09-14 12:00:00,17,0.0,18,26,170,2.4
Trinidad,2026-09-14 12:00:00,20,0.0,22,27,160,3.2
Trinidad,2026-09-14 12:00:00,23,0.0,26,26,160,2.5
Trinidad,2026-09-14 12:00:00,26,0.0,29,36,160,1.8
Trinidad,2026-09-14 12:00:00,29,0.0,29,37,160,1.6
Trinidad,2026-09-14 12:00:00,32,0.0,27,27,158,1.4
Trinidad,2026-09-14 12:00:00,35,0.0,24,27,150,2.3
Trinidad,2026-09-14 12:00:00,38,0.0,19,26,140,3.3
Trinidad,2026-09-14 12:00:00,41,0.0,19,26,140,3.4
Trinidad,2026-09-14 12:00:00,44,0.0,24,26,130,3.9
Trinidad,2026-09-14 12:00:00,47,0.0,28,26,141,3.1
Trinidad,2026-09-14 12:00:00,50,0.0,32,36,151,2.3
Trinidad,2026-09-14 12:00:00,53,0.0,32,36,181,2.2
Trinidad,2026-09-14 12:00:00,56,0.0,29,26,208,2.1
Trinidad,2026-09-14 12:00:00,59,0.0,26,27,198,2.0
Trinidad,2026-09-14 12:00:00,62,0.0,20,26,180,1.9
Trinidad,2026-09-14 12:00:00,65,0.0,20,26,160,1.8
Trinidad,2026-09-14 12:00:00,68,0.0,25,26,158,1.9
Trinidad,2026-09-14 12:00:00,71,0.0,30,26,116,1.3
Trinidad,2026-09-14 12:00:00,74,0.0,33,26,19,0.7
Trinidad,2026-09-14 12:00:00,77,0.0,33,26,326,1.1
Trinidad,2026-09-14 12:00:00,80,0.0,30,26,273,1.6
Trinidad,2026-09-14 12:00:00,83,0.0,21,26,260,1.6
Trinidad,2026-09-14 12:00:00,86,0.0,21,36,239,1.7
Trinidad,2026-09-14 12:00:00,89,0.0,28,36,188,1.4
Trinidad,2026-09-14 12:00:00,92,0.0,28,36,162,1.5
Trinidad,2026-09-14 12:00:00,95,0.0,34,35,213,1.4
Trinidad,2026-09-14 12:00:00,98,0.0,41,56,264,1.3
Trinidad,2026-09-14 12:00:00,101,0.0,33,55,223,2.0
Trinidad,2026-09-14 12:00:00,104,0.0,25,36,173,2.6
Trinidad,2026-09-14 12:00:00,107,0.0,24,36,183,1.9
Trinidad,2026-09-14 12:00:00,110,0.0,23,36,190,1.2
Tupiza,2026-09-14 12:00:00,2,0.0,25,26,260,5.6
Tupiza,2026-09-14 12:00:00,5,0.0,26,26,287,5.2
Tupiza,2026-09-14 12:00:00,8,0.0,16,26,312,4.8
Tupiza,2026-09-14 12:00:00,11,0.0,11,26,305,3.6
Tupiza,2026-09-14 12:00:00,14,0.0,3,27,290,2.4
Tupiza,2026-09-14 12:00:00,17,0.0,3,26,253,1.6
Tupiza,2026-09-14 12:00:00,20,0.0,10,26,243,1.2
Tupiza,2026-09-14 12:00:00,23,0.0,16,26,277,3.7
Tupiza,2026-09-14 12:00:00,26,0.0,26,26,304,6.2
Tupiza,2026-09-14 12:00:00,29,0.0,26,26,4,4.6
Tupiza,2026-09-14 12:00:00,32,0.0,15,26,56,3.1
Tupiza,2026-09-14 12:00:00,35,0.0,8,27,46,2.3
Tupiza,2026-09-14 12:00:00,38,0.0,3,26,34,1.6
Tupiza,2026-09-14 12:00:00,41,0.0,3,26,56,1.1
Tupiza,2026-09-14 12:00:00,44,0.0,11,26,24,0.9
Tupiza,2026-09-14 12:00:00,47,0.0,18,26,349,4.7
Tupiza,2026-09-14 12:00:00,50,0.0,26,26,309,8.4
Tupiza,2026-09-14 12:00:00,53,0.0,25,26,349,6.1
Tupiza,2026-09-14 12:00:00,56,0.0,18,26,24,3.8
Tupiza,2026-09-14 12:00:00,59,0.0,10,26,34,2.6
Tupiza,2026-09-14 12:00:00,62,0.0,4,56,43,1.4
Tupiza,2026-09-14 12:00:00,65,0.0,4,56,110,1.1
Tupiza,2026-09-14 12:00:00,68,0.0,8,57,209,0.9
Tupiza,2026-09-14 12:00:00,71,0.0,13,56,271,2.8
Tupiza,2026-09-14 12:00:00,74,0.0,22,36,327,4.7
Tupiza,2026-09-14 12:00:00,77,0.0,22,36,4,4.5
Tupiza,2026-09-14 12:00:00,80,1.7,12,89,32,4.4
Tupiza,2026-09-14 12:00:00,83,1.8,8,89,62,3.1
Tupiza,2026-09-14 12:00:00,86,2.7,4,90,89,1.8
Tupiza,2026-09-14 12:00:00,89,2.7,3,90,206,1.7
Tupiza,2026-09-14 12:00:00,92,2.4,7,90,232,1.8
Tupiza,2026-09-14 12:00:00,95,2.7,13,90,267,3.1
Tupiza,2026-09-14 12:00:00,98,2.7,19,90,299,4.4
Tupiza,2026-09-14 12:00:00,101,2.7,19,90,330,3.9
Tupiza,2026-09-14 12:00:00,104,2.7,14,90,353,3.4
Tupiza,2026-09-14 12:00:00,107,2.7,9,90,330,3.4
Tupiza,2026-09-14 12:00:00,110,2.7,5,90,299,3.4
Uyuni,2026-09-14 12:00:00,2,0.0,15,26,282,9.4
Uyuni,2026-09-14 12:00:00,5,0.0,15,25,298,7.7
Uyuni,2026-09-14 12:00:00,8,0.0,8,26,306,6.1
Uyuni,2026-09-14 12:00:00,11,0.0,2,26,328,4.6
Uyuni,2026-09-14 12:00:00,14,0.0,-7,26,340,2.9
Uyuni,2026-09-14 12:00:00,17,0.0,-7,26,330,2.9
Uyuni,2026-09-14 12:00:00,20,0.0,3,26,312,2.4
Uyuni,2026-09-14 12:00:00,23,0.0,9,26,302,5.0
Uyuni,2026-09-14 12:00:00,26,0.0,17,26,282,7.5
Uyuni,2026-09-14 12:00:00,29,0.0,17,26,292,5.6
Uyuni,2026-09-14 12:00:00,32,0.0,8,27,300,3.7
Uyuni,2026-09-14 12:00:00,35,0.0,3,25,320,3.5
Uyuni,2026-09-14 12:00:00,38,0.0,-5,26,332,3.3
Uyuni,2026-09-14 12:00:00,41,0.0,-5,26,330,3.8
Uyuni,2026-09-14 12:00:00,44,0.0,3,27,320,4.1
Uyuni,2026-09-14 12:00:00,47,0.0,10,26,310,6.1
Uyuni,2026-09-14 12:00:00,50,0.0,18,26,292,8.1
Uyuni,2026-09-14 12:00:00,53,0.0,18,26,310,5.9
Uyuni,2026-09-14 12:00:00,56,0.0,9,26,328,3.8
Uyuni,2026-09-14 12:00:00,59,0.0,3,26,338,3.9
Uyuni,2026-09-14 12:00:00,62,0.0,-4,35,340,4.0
Uyuni,2026-09-14 12:00:00,65,0.0,-4,37,322,3.6
Uyuni,2026-09-14 12:00:00,68,0.0,4,36,302,3.8
Uyuni,2026-09-14 12:00:00,71,0.0,9,36,292,5.5
Uyuni,2026-09-14 12:00:00,74,0.0,15,35,282,7.2
Uyuni,2026-09-14 12:00:00,77,0.0,15,36,330,5.1
Uyuni,2026-09-14 12:00:00,80,0.0,8,36,9,2.8
Uyuni,2026-09-14 12:00:00,83,0.0,4,35,358,3.3
Uyuni,2026-09-14 12:00:00,86,0.9,-3,89,340,3.7
Uyuni,2026-09-14 12:00:00,89,1.1,-3,88,260,2.8
Uyuni,2026-09-14 12:00:00,92,1.2,2,89,299,1.7
Uyuni,2026-09-14 12:00:00,95,1.2,6,88,311,3.6
Uyuni,2026-09-14 12:00:00,98,1.8,12,89,321,5.4
Uyuni,2026-09-14 12:00:00,101,1.3,12,90,331,6.7
Uyuni,2026-09-14 12:00:00,104,0.0,6,57,332,7.8
Uyuni,2026-09-14 12:00:00,107,0.0,2,56,332,7.0
Uyuni,2026-09-14 12:00:00,110,0.0,-2,56,323,6.1
Vallegrande,2026-09-14 12:00:00,2,0.0,21,36,22,4.0
Vallegrande,2026-09-14 12:00:00,5,0.0,21,37,50,2.8
Vallegrande,2026-09-14 12:00:00,8,0.0,15,57,74,1.7
Vallegrande,2026-09-14 12:00:00,11,0.0,12,57,78,1.4
Vallegrande,2026-09-14 12:00:00,14,0.0,6,55,73,1.1
Vallegrande,2026-09-14 12:00:00,17,0.0,6,57,109,1.4
Vallegrande,2026-09-14 12:00:00,20,0.0,11,57,137,1.6
Vallegrande,2026-09-14 12:00:00,23,0.0,15,57,88,2.1
Vallegrande,2026-09-14 12:00:00,26,0.0,18,36,38,2.6
Vallegrande,2026-09-14 12:00:00,29,0.0,18,36,67,2.0
Vallegrande,2026-09-14 12:00:00,32,0.0,15,27,90,1.4
Vallegrande,2026-09-14 12:00:00,35,0.0,11,26,111,1.4
Vallegrande,2026-09-14 12:00:00,38,0.0,6,36,133,1.3
Vallegrande,2026-09-14 12:00:00,41,0.0,6,36,95,0.9
Vallegrande,2026-09-14 12:00:00,44,0.0,12,36,78,0.7
Vallegrande,2026-09-14 12:00:00,47,0.0,16,36,53,2.2
Vallegrande,2026-09-14 12:00:00,50,0.0,20,36,19,3.7
Vallegrande,2026-09-14 12:00:00,53,0.0,20,36,47,2.6
Vallegrande,2026-09-14 12:00:00,56,0.0,17,36,76,1.6
Vallegrande,2026-09-14 12:00:00,59,0.0,13,36,47,1.5
Vallegrande,2026-09-14 12:00:00,62,0.0,8,56,10,1.5
Vallegrande,2026-09-14 12:00:00,65,0.0,8,56,357,1.6
Vallegrande,2026-09-14 12:00:00,68,0.0,10,56,339,1.8
Vallegrande,2026-09-14 12:00:00,71,0.0,14,56,358,3.7
Vallegrande,2026-09-14 12:00:00,74,0.0,23,56,10,5.7
Vallegrande,2026-09-14 12:00:00,77,0.0,23,56,13,3.7
Vallegrande,2026-09-14 12:00:00,80,0.0,21,36,11,1.6
Vallegrande,2026-09-14 12:00:00,83,0.0,19,36,11,1.3
Vallegrande,2026-09-14 12:00:00,86,0.0,9,55,8,1.1
Vallegrande,2026-09-14 12:00:00,89,0.0,4,55,2,1.3
Vallegrande,2026-09-14 12:00:00,92,0.0,17,55,3,1.4
Vallegrande,2026-09-14 12:00:00,95,0.0,20,55,10,3.4
Vallegrande,2026-09-14 12:00:00,98,1.6,25,89,11,5.2
Vallegrande,2026-09-14 12:00:00,101,1.6,28,89,53,3.1
Vallegrande,2026-09-14 12:00:00,104,1.6,20,89,95,1.0
Vallegrande,2026-09-14 12:00:00,107,2.0,15,89,32,1.8
Vallegrande,2026-09-14 12:00:00,110,2.0,11,89,328,2.6
Viacha,2026-09-14 12:00:00,2,0.0,16,36,305,5.7
Viacha,2026-09-14 12:00:00,5,0.0,16,36,356,4.6
Viacha,2026-09-14 12:00:00,8,0.0,10,26,115,3.5
Viacha,2026-09-14 12:00:00,11,0.0,7,25,113,2.4
Viacha,2026-09-14 12:00:00,14,0.0,-4,26,109,1.2
Viacha,2026-09-14 12:00:00,17,0.0,-4,26,117,1.0
Viacha,2026-09-14 12:00:00,20,0.0,6,26,89,0.8
Viacha,2026-09-14 12:00:00,23,0.0,11,26,99,2.0
Viacha,2026-09-14 12:00:00,26,0.0,17,36,104,3.2
Viacha,2026-09-14 12:00:00,29,0.0,17,36,84,3.9
Viacha,2026-09-14 12:00:00,32,0.0,12,56,64,4.5
Viacha,2026-09-14 12:00:00,35,0.0,7,57,84,3.4
Viacha,2026-09-14 12:00:00,38,0.0,-4,57,100,2.3
Viacha,2026-09-14 12:00:00,41,0.0,-4,56,116,2.2
Viacha,2026-09-14 12:00:00,44,0.0,6,56,106,2.8
Viacha,2026-09-14 12:00:00,47,0.0,9,56,80,3.6
Viacha,2026-09-14 12:00:00,50,2.0,15,89,45,4.5
Viacha,2026-09-14 12:00:00,53,2.2,15,89,54,4.5
Viacha,2026-09-14 12:00:00,56,0.0,10,57,60,4.5
Viacha,2026-09-14 12:00:00,59,0.0,6,56,122,2.7
Viacha,2026-09-14 12:00:00,62,1.7,-3,89,175,0.8
Viacha,2026-09-14 12:00:00,65,2.3,-3,89,138,1.3
Viacha,2026-09-14 12:00:00,68,1.1,3,89,82,1.2
Viacha,2026-09-14 12:00:00,71,2.3,6,89,72,2.5
Viacha,2026-09-14 12:00:00,74,1.7,13,89,56,3.8
Viacha,2026-09-14 12:00:00,77,1.0,13,90,60,3.9
Viacha,2026-09-14 12:00:00,80,1.0,6,88,60,4.0
Viacha,2026-09-14 12:00:00,83,2.0,2,88,46,2.8
Viacha,2026-09-14 12:00:00,86,1.9,-2,89,26,1.6
Viacha,2026-09-14 12:00:00,89,2.2,-2,89,69,1.9
Viacha,2026-09-14 12:00:00,92,1.4,3,89,51,1.6
Viacha,2026-09-14 12:00:00,95,1.7,7,89,33,2.5
Viacha,2026-09-14 12:00:00,98,1.8,11,89,9,3.5
Viacha,2026-09-14 12:00:00,101,1.2,11,89,355,3.3
Viacha,2026-09-14 12:00:00,104,1.6,7,90,191,3.1
Viacha,2026-09-14 12:00:00,107,1.9,4,89,169,2.3
Viacha,2026-09-14 12:00:00,110,2.0,1,89,142,1.4
Villa Rivero,2026-09-14 12:00:00,2,0.0,19,26,5,2.3
Villa Rivero,2026-09-14 12:00:00,5,0.0,19,25,23,2.3
Villa Rivero,2026-09-14 12:00:00,8,0.0,16,26,39,2.3
Villa Rivero,2026-09-14 12:00:00,11,0.0,13,26,18,2.2
Villa Rivero,2026-09-14 12:00:00,14,0.0,7,26,347,2.0
Villa Rivero,2026-09-14 12:00:00,17,0.0,6,26,350,2.0
Villa Rivero,2026-09-14 12:00:00,20,0.0,12,27,346,2.0
Villa Rivero,2026-09-14 12:00:00,23,0.0,15,27,17,2.9
Villa Rivero,2026-09-14 12:00:00,26,0.0,20,36,45,3.7
Villa Rivero,2026-09-14 12:00:00,29,0.0,20,36,48,3.0
Villa Rivero,2026-09-14 12:00:00,32,0.0,16,36,41,2.3
Villa Rivero,2026-09-14 12:00:00,35,0.0,12,36,13,1.9
Villa Rivero,2026-09-14 12:00:00,38,0.0,6,36,345,1.4
Villa Rivero,2026-09-14 12:00:00,41,0.0,6,36,14,1.5
Villa Rivero,2026-09-14 12:00:00,44,0.0,11,36,349,1.8
Villa Rivero,2026-09-14 12:00:00,47,0.0,14,36,20,2.3
Villa Rivero,2026-09-14 12:00:00,50,0.0,21,56,48,2.9
Villa Rivero,2026-09-14 12:00:00,53,0.0,21,56,37,2.6
Villa Rivero,2026-09-14 12:00:00,56,0.0,16,36,15,2.3
Villa Rivero,2026-09-14 12:00:00,59,0.0,12,36,1,2.4
Villa Rivero,2026-09-14 12:00:00,62,0.9,8,90,337,2.4
Villa Rivero,2026-09-14 12:00:00,65,2.3,8,89,303,3.2
Villa Rivero,2026-09-14 12:00:00,68,1.0,12,89,293,4.2
Villa Rivero,2026-09-14 12:00:00,71,2.4,16,89,323,3.7
Villa Rivero,2026-09-14 12:00:00,74,0.0,22,57,352,3.2
Villa Rivero,2026-09-14 12:00:00,77,0.0,22,56,3,3.0
Villa Rivero,2026-09-14 12:00:00,80,2.3,12,89,10,2.8
Villa Rivero,2026-09-14 12:00:00,83,1.6,8,88,10,2.7
Villa Rivero,2026-09-14 12:00:00,86,0.0,8,56,10,2.7
Villa Rivero,2026-09-14 12:00:00,89,0.0,8,57,10,2.2
Villa Rivero,2026-09-14 12:00:00,92,0.0,8,56,0,2.2
Villa Rivero,2026-09-14 12:00:00,95,0.0,10,56,10,3.1
Villa Rivero,2026-09-14 12:00:00,98,1.4,12,90,13,4.1
Villa Rivero,2026-09-14 12:00:00,101,2.2,10,88,10,3.0
Villa Rivero,2026-09-14 12:00:00,104,1.2,9,88,7,1.8
Villa Rivero,2026-09-14 12:00:00,107,1.9,7,89,352,2.8
Villa Rivero,2026-09-14 12:00:00,110,2.0,6,89,331,3.9
Villamontes,2026-09-14 12:00:00,2,0.0,22,36,126,2.5
Villamontes,2026-09-14 12:00:00,5,0.0,22,36,157,1.7
Villamontes,2026-09-14 12:00:00,8,0.0,19,36,181,0.9
Villamontes,2026-09-14 12:00:00,11,0.0,16,36,207,0.9
Villamontes,2026-09-14 12:00:00,14,0.0,14,35,230,0.9
Villamontes,2026-09-14 12:00:00,17,0.0,14,36,200,1.4
Villamontes,2026-09-14 12:00:00,20,0.0,17,36,170,1.4
Villamontes,2026-09-14 12:00:00,23,0.0,22,36,141,1.8
Villamontes,2026-09-14 12:00:00,26,0.0,25,36,107,2.1
Villamontes,2026-09-14 12:00:00,29,0.0,25,36,133,1.4
Villamontes,2026-09-14 12:00:00,32,0.0,22,26,153,0.7
Villamontes,2026-09-14 12:00:00,35,0.0,19,27,234,0.9
Villamontes,2026-09-14 12:00:00,38,0.0,14,36,284,1.2
Villamontes,2026-09-14 12:00:00,41,0.0,14,36,246,0.8
Villamontes,2026-09-14 12:00:00,44,0.0,19,36,177,0.7
Villamontes,2026-09-14 12:00:00,47,0.0,23,36,136,1.5
Villamontes,2026-09-14 12:00:00,50,0.0,25,36,92,2.2
Villamontes,2026-09-14 12:00:00,53,0.0,25,36,132,1.8
Villamontes,2026-09-14 12:00:00,56,0.0,23,36,164,1.3
Villamontes,2026-09-14 12:00:00,59,0.0,19,36,288,1.3
Villamontes,2026-09-14 12:00:00,62,0.0,13,56,340,1.3
Villamontes,2026-09-14 12:00:00,65,0.0,13,56,336,0.8
Villamontes,2026-09-14 12:00:00,68,0.0,19,56,311,0.3
Villamontes,2026-09-14 12:00:00,71,0.0,23,57,305,1.3
Villamontes,2026-09-14 12:00:00,74,0.0,26,56,97,2.2
Villamontes,2026-09-14 12:00:00,77,0.0,26,56,157,1.9
Villamontes,2026-09-14 12:00:00,80,0.0,23,56,210,1.5
Villamontes,2026-09-14 12:00:00,83,0.0,14,56,227,1.6
Villamontes,2026-09-14 12:00:00,86,0.0,14,56,238,1.6
Villamontes,2026-09-14 12:00:00,89,0.0,20,56,277,1.7
Villamontes,2026-09-14 12:00:00,92,0.0,20,56,280,2.1
Villamontes,2026-09-14 12:00:00,95,0.0,23,56,350,2.0
Villamontes,2026-09-14 12:00:00,98,2.2,26,90,50,1.9
Villamontes,2026-09-14 12:00:00,101,1.3,23,89,70,1.7
Villamontes,2026-09-14 12:00:00,104,0.0,20,56,87,1.6
Villamontes,2026-09-14 12:00:00,107,0.0,19,57,109,1.1
Villamontes,2026-09-14 12:00:00,110,0.0,18,57,127,0.7
Yacuiba,2026-09-14 12:00:00,2,0.0,21,36,140,1.5
Yacuiba,2026-09-14 12:00:00,5,0.0,21,36,219,1.2
Yacuiba,2026-09-14 12:00:00,8,0.0,17,36,285,1.0
Yacuiba,2026-09-14 12:00:00,11,0.0,14,36,282,1.4
Yacuiba,2026-09-14 12:00:00,14,0.0,12,36,270,1.7
Yacuiba,2026-09-14 12:00:00,17,0.0,12,36,253,1.6
Yacuiba,2026-09-14 12:00:00,20,0.0,16,36,239,1.4
Yacuiba,2026-09-14 12:00:00,23,0.0,20,36,173,2.3
Yacuiba,2026-09-14 12:00:00,26,0.0,24,36,100,3.1
Yacuiba,2026-09-14 12:00:00,29,0.0,24,36,28,2.0
Yacuiba,2026-09-14 12:00:00,32,0.0,21,26,311,1.1
Yacuiba,2026-09-14 12:00:00,35,0.0,17,26,298,1.3
Yacuiba,2026-09-14 12:00:00,38,0.0,12,36,277,1.5
Yacuiba,2026-09-14 12:00:00,41,0.0,12,37,3,1.3
Yacuiba,2026-09-14 12:00:00,44,0.0,18,36,63,1.2
Yacuiba,2026-09-14 12:00:00,47,0.0,21,37,73,2.5
Yacuiba,2026-09-14 12:00:00,50,0.0,24,36,73,3.8
Yacuiba,2026-09-14 12:00:00,53,0.0,24,36,33,2.6
Yacuiba,2026-09-14 12:00:00,56,0.0,21,36,347,1.4
Yacuiba,2026-09-14 12:00:00,59,0.0,17,36,333,1.4
Yacuiba,2026-09-14 12:00:00,62,0.0,11,56,316,1.3
Yacuiba,2026-09-14 12:00:00,65,0.0,11,56,353,1.2
Yacuiba,2026-09-14 12:00:00,68,0.0,14,56,23,1.1
Yacuiba,2026-09-14 12:00:00,71,0.0,18,56,43,2.4
Yacuiba,2026-09-14 12:00:00,74,0.0,25,56,53,3.6
Yacuiba,2026-09-14 12:00:00,77,0.0,25,56,344,2.6
Yacuiba,2026-09-14 12:00:00,80,0.0,20,56,274,1.5
Yacuiba,2026-09-14 12:00:00,83,0.0,12,56,273,1.6
Yacuiba,2026-09-14 12:00:00,86,0.0,12,56,263,1.7
Yacuiba,2026-09-14 12:00:00,89,0.0,18,57,287,1.7
Yacuiba,2026-09-14 12:00:00,92,0.0,18,55,296,1.8
Yacuiba,2026-09-14 12:00:00,95,0.0,21,56,359,2.6
Yacuiba,2026-09-14 12:00:00,98,1.1,25,89,61,3.3
Yacuiba,2026-09-14 12:00:00,101,1.7,22,89,54,2.7
Yacuiba,2026-09-14 12:00:00,104,0.0,19,56,44,2.0
Yacuiba,2026-09-14 12:00:00,107,0.0,18,56,2,1.4
Yacuiba,2026-09-14 12:00:00,110,0.0,18,56,318,0.6
Yesera Norte,2026-09-14 12:00:00,2,0.0,18,27,88,4.2
Yesera Norte,2026-09-14 12:00:00,5,0.0,18,27,67,3.3
Yesera Norte,2026-09-14 12:00:00,8,0.0,13,26,37,2.3
Yesera Norte,2026-09-14 12:00:00,11,0.0,8,26,37,2.2
Yesera Norte,2026-09-14 12:00:00,14,0.0,5,35,29,2.0
Yesera Norte,2026-09-14 12:00:00,17,0.0,5,35,49,1.0
Yesera Norte,2026-09-14 12:00:00,20,0.0,9,36,359,1.2
Yesera Norte,2026-09-14 12:00:00,23,0.0,14,35,48,2.6
Yesera Norte,2026-09-14 12:00:00,26,0.0,20,25,98,4.0
Yesera Norte,2026-09-14 12:00:00,29,0.0,20,25,98,2.8
Yesera Norte,2026-09-14 12:00:00,32,0.0,13,27,99,1.5
Yesera Norte,2026-09-14 12:00:00,35,0.0,9,26,59,1.5
Yesera Norte,2026-09-14 12:00:00,38,0.0,5,27,19,1.4
Yesera Norte,2026-09-14 12:00:00,41,0.0,5,35,358,1.6
Yesera Norte,2026-09-14 12:00:00,44,0.0,11,36,19,2.2
Yesera Norte,2026-09-14 12:00:00,47,0.0,15,35,58,3.3
Yesera Norte,2026-09-14 12:00:00,50,0.0,20,36,88,4.4
Yesera Norte,2026-09-14 12:00:00,53,0.0,20,36,78,3.3
Yesera Norte,2026-09-14 12:00:00,56,0.0,14,36,69,2.2
Yesera Norte,2026-09-14 12:00:00,59,0.0,10,36,39,2.3
Yesera Norte,2026-09-14 12:00:00,62,0.0,4,56,359,2.4
Yesera Norte,2026-09-14 12:00:00,65,0.0,4,56,10,2.0
Yesera Norte,2026-09-14 12:00:00,68,0.0,12,56,19,2.3
Yesera Norte,2026-09-14 12:00:00,71,0.0,16,56,39,2.7
Yesera Norte,2026-09-14 12:00:00,74,0.0,22,56,59,3.0
Yesera Norte,2026-09-14 12:00:00,77,0.0,22,57,70,2.2
Yesera Norte,2026-09-14 12:00:00,80,0.0,12,57,79,1.3
Yesera Norte,2026-09-14 12:00:00,83,0.0,5,56,70,1.1
Yesera Norte,2026-09-14 12:00:00,86,0.6,5,76,60,0.9
Yesera Norte,2026-09-14 12:00:00,89,1.8,11,76,338,1.4
Yesera Norte,2026-09-14 12:00:00,92,1.5,10,76,296,1.6
Yesera Norte,2026-09-14 12:00:00,95,1.7,16,75,330,2.2
Yesera Norte,2026-09-14 12:00:00,98,0.0,21,55,2,2.8
Yesera Norte,2026-09-14 12:00:00,101,0.0,17,56,30,2.3
Yesera Norte,2026-09-14 12:00:00,104,0.0,12,55,58,1.9
Yesera Norte,2026-09-14 12:00:00,107,0.0,12,56,17,1.4
Yesera Norte,2026-09-14 12:00:00,110,0.0,11,56,326,0.9
