estacion,fecha,fecha_diff,precipitacion,temperatura,humedad_relativa,vientos,vi
Anzaldo,2026-08-24 06:00:00,2,1.9,9,90,351,3.9
Anzaldo,2026-08-24 06:00:00,5,1.1,13,89,338,4.0
Anzaldo,2026-08-24 06:00:00,8,1.1,18,89,317,3.9
Anzaldo,2026-08-24 06:00:00,11,1.6,18,89,347,2.7
Anzaldo,2026-08-24 06:00:00,14,0.0,11,56,15,1.5
Anzaldo,2026-08-24 06:00:00,17,0.0,7,55,6,1.8
Anzaldo,2026-08-24 06:00:00,20,0.0,5,56,348,2.1
Anzaldo,2026-08-24 06:00:00,23,0.0,5,56,342,3.4
Anzaldo,2026-08-24 06:00:00,26,0.0,9,57,335,3.5
Anzaldo,2026-08-24 06:00:00,29,0.0,13,56,327,4.4
Anzaldo,2026-08-24 06:00:00,32,0.0,19,36,315,5.3
Anzaldo,2026-08-24 06:00:00,35,0.0,19,36,343,4.0
Anzaldo,2026-08-24 06:00:00,38,0.0,12,36,3,2.7
Anzaldo,2026-08-24 06:00:00,41,0.0,9,37,356,3.1
Anzaldo,2026-08-24 06:00:00,44,0.0,5,26,346,3.5
Anzaldo,2026-08-24 06:00:00,47,0.0,5,26,341,3.9
Anzaldo,2026-08-24 06:00:00,50,0.0,9,26,331,3.9
Anzaldo,2026-08-24 06:00:00,53,0.0,14,26,318,5.1
Anzaldo,2026-08-24 06:00:00,56,0.0,20,26,301,6.1
Anzaldo,2026-08-24 06:00:00,59,0.0,20,26,333,5.0
Anzaldo,2026-08-24 06:00:00,62,0.0,12,27,4,3.8
Anzaldo,2026-08-24 06:00:00,65,0.0,8,26,4,4.1
Anzaldo,2026-08-24 06:00:00,68,0.0,6,26,356,4.2
Anzaldo,2026-08-24 06:00:00,71,0.0,6,26,346,3.3
Anzaldo,2026-08-24 06:00:00,74,0.0,12,26,336,3.2
Anzaldo,2026-08-24 06:00:00,77,0.0,16,26,325,3.8
Anzaldo,2026-08-24 06:00:00,80,0.0,22,26,310,4.4
Anzaldo,2026-08-24 06:00:00,83,0.0,22,26,341,3.9
Anzaldo,2026-08-24 06:00:00,86,0.0,13,26,6,3.5
Anzaldo,2026-08-24 06:00:00,89,0.0,8,26,1,3.7
Anzaldo,2026-08-24 06:00:00,92,0.0,7,25,351,4.0
Apolo Chupiluzani,2026-08-24 06:00:00,2,1.5,16,89,213,1.2
Apolo Chupiluzani,2026-08-24 06:00:00,5,2.2,19,89,279,1.0
Apolo Chupiluzani,2026-08-24 06:00:00,8,1.9,21,89,336,0.9
Apolo Chupiluzani,2026-08-24 06:00:00,11,2.1,21,89,337,1.1
Apolo Chupiluzani,2026-08-24 06:00:00,14,2.2,17,89,337,1.4
Apolo Chupiluzani,2026-08-24 06:00:00,17,2.5,16,89,321,1.1
Apolo Chupiluzani,2026-08-24 06:00:00,20,0.0,15,56,297,0.8
Apolo Chupiluzani,2026-08-24 06:00:00,23,0.0,15,56,297,1.3
Apolo Chupiluzani,2026-08-24 06:00:00,26,0.0,16,56,309,1.1
Apolo Chupiluzani,2026-08-24 06:00:00,29,0.0,18,56,332,1.7
Apolo Chupiluzani,2026-08-24 06:00:00,32,0.0,21,56,346,2.3
Apolo Chupiluzani,2026-08-24 06:00:00,35,0.0,21,56,355,1.8
Apolo Chupiluzani,2026-08-24 06:00:00,38,0.0,18,36,4,1.3
Apolo Chupiluzani,2026-08-24 06:00:00,41,0.0,17,37,347,1.4
Apolo Chupiluzani,2026-08-24 06:00:00,44,0.0,15,37,321,1.5
Apolo Chupiluzani,2026-08-24 06:00:00,47,0.0,15,36,315,1.2
Apolo Chupiluzani,2026-08-24 06:00:00,50,0.0,18,36,299,0.9
Apolo Chupiluzani,2026-08-24 06:00:00,53,0.0,19,36,326,1.9
Apolo Chupiluzani,2026-08-24 06:00:00,56,0.0,21,36,350,2.8
Apolo Chupiluzani,2026-08-24 06:00:00,59,0.0,21,36,359,2.2
Apolo Chupiluzani,2026-08-24 06:00:00,62,0.0,19,36,358,1.7
Apolo Chupiluzani,2026-08-24 06:00:00,65,0.0,18,37,348,1.6
Apolo Chupiluzani,2026-08-24 06:00:00,68,0.0,16,36,338,1.5
Apolo Chupiluzani,2026-08-24 06:00:00,71,0.0,16,36,332,1.2
Apolo Chupiluzani,2026-08-24 06:00:00,74,0.0,18,37,323,1.1
Apolo Chupiluzani,2026-08-24 06:00:00,77,0.0,20,36,343,1.7
Apolo Chupiluzani,2026-08-24 06:00:00,80,1.1,22,76,360,2.2
Apolo Chupiluzani,2026-08-24 06:00:00,83,0.8,22,75,359,2.1
Apolo Chupiluzani,2026-08-24 06:00:00,86,0.0,19,36,358,2.0
Apolo Chupiluzani,2026-08-24 06:00:00,89,0.0,17,37,354,1.7
Apolo Chupiluzani,2026-08-24 06:00:00,92,0.0,17,26,344,1.5
Ascencion de Guarayos,2026-08-24 06:00:00,2,0.0,23,36,150,2.6
Ascencion de Guarayos,2026-08-24 06:00:00,5,0.0,26,36,169,2.7
Ascencion de Guarayos,2026-08-24 06:00:00,8,0.0,31,56,179,2.6
Ascencion de Guarayos,2026-08-24 06:00:00,11,0.0,31,57,189,2.2
Ascencion de Guarayos,2026-08-24 06:00:00,14,0.0,27,55,190,1.7
Ascencion de Guarayos,2026-08-24 06:00:00,17,0.0,23,56,200,1.9
Ascencion de Guarayos,2026-08-24 06:00:00,20,0.0,18,56,200,2.0
Ascencion de Guarayos,2026-08-24 06:00:00,23,0.0,18,56,205,1.5
Ascencion de Guarayos,2026-08-24 06:00:00,26,0.0,24,56,205,1.0
Ascencion de Guarayos,2026-08-24 06:00:00,29,0.0,29,56,244,1.6
Ascencion de Guarayos,2026-08-24 06:00:00,32,0.0,31,56,274,2.3
Ascencion de Guarayos,2026-08-24 06:00:00,35,0.0,31,56,294,1.7
Ascencion de Guarayos,2026-08-24 06:00:00,38,0.0,26,55,310,1.1
Ascencion de Guarayos,2026-08-24 06:00:00,41,0.0,22,56,310,0.9
Ascencion de Guarayos,2026-08-24 06:00:00,44,0.0,19,26,309,0.8
Ascencion de Guarayos,2026-08-24 06:00:00,47,0.0,19,26,315,1.4
Ascencion de Guarayos,2026-08-24 06:00:00,50,0.0,25,27,330,1.6
Ascencion de Guarayos,2026-08-24 06:00:00,53,0.0,30,26,330,2.4
Ascencion de Guarayos,2026-08-24 06:00:00,56,0.0,32,26,320,3.2
Ascencion de Guarayos,2026-08-24 06:00:00,59,0.0,32,26,340,2.3
Ascencion de Guarayos,2026-08-24 06:00:00,62,0.0,28,26,350,1.5
Ascencion de Guarayos,2026-08-24 06:00:00,65,0.0,23,26,340,1.5
Ascencion de Guarayos,2026-08-24 06:00:00,68,0.0,20,26,330,1.6
Ascencion de Guarayos,2026-08-24 06:00:00,71,0.0,20,26,305,1.4
Ascencion de Guarayos,2026-08-24 06:00:00,74,0.0,27,26,290,1.6
Ascencion de Guarayos,2026-08-24 06:00:00,77,0.0,31,26,310,2.8
Ascencion de Guarayos,2026-08-24 06:00:00,80,0.0,34,26,320,4.1
Ascencion de Guarayos,2026-08-24 06:00:00,83,0.0,34,26,330,3.6
Ascencion de Guarayos,2026-08-24 06:00:00,86,0.0,29,26,334,3.1
Ascencion de Guarayos,2026-08-24 06:00:00,89,0.0,21,26,339,2.3
Ascencion de Guarayos,2026-08-24 06:00:00,92,0.0,21,26,335,1.5
Baures,2026-08-24 06:00:00,2,0.0,23,56,150,4.5
Baures,2026-08-24 06:00:00,5,0.0,27,56,150,4.0
Baures,2026-08-24 06:00:00,8,0.0,32,57,145,3.6
Baures,2026-08-24 06:00:00,11,0.0,32,55,170,4.1
Baures,2026-08-24 06:00:00,14,0.0,26,55,190,4.5
Baures,2026-08-24 06:00:00,17,0.0,22,56,190,3.7
Baures,2026-08-24 06:00:00,20,0.0,19,56,190,2.8
Baures,2026-08-24 06:00:00,23,0.0,19,56,190,1.8
Baures,2026-08-24 06:00:00,26,0.0,23,56,166,1.6
Baures,2026-08-24 06:00:00,29,0.0,28,56,226,2.6
Baures,2026-08-24 06:00:00,32,0.0,32,56,281,3.6
Baures,2026-08-24 06:00:00,35,0.0,32,56,270,2.8
Baures,2026-08-24 06:00:00,38,0.0,28,56,250,2.1
Baures,2026-08-24 06:00:00,41,0.0,24,56,270,2.1
Baures,2026-08-24 06:00:00,44,0.0,19,25,285,2.1
Baures,2026-08-24 06:00:00,47,0.0,19,26,300,2.5
Baures,2026-08-24 06:00:00,50,0.0,25,26,310,2.9
Baures,2026-08-24 06:00:00,53,0.0,28,26,310,3.8
Baures,2026-08-24 06:00:00,56,0.0,32,26,310,4.7
Baures,2026-08-24 06:00:00,59,0.0,32,26,330,3.6
Baures,2026-08-24 06:00:00,62,0.0,28,26,344,2.6
Baures,2026-08-24 06:00:00,65,0.0,24,26,330,2.5
Baures,2026-08-24 06:00:00,68,0.0,21,25,310,2.4
Baures,2026-08-24 06:00:00,71,0.0,21,26,320,2.9
Baures,2026-08-24 06:00:00,74,0.0,26,27,300,3.4
Baures,2026-08-24 06:00:00,77,0.0,30,26,310,4.4
Baures,2026-08-24 06:00:00,80,0.0,34,36,314,5.3
Baures,2026-08-24 06:00:00,83,0.0,34,36,320,4.0
Baures,2026-08-24 06:00:00,86,0.0,29,26,326,2.6
Baures,2026-08-24 06:00:00,89,0.0,22,26,326,2.8
Baures,2026-08-24 06:00:00,92,0.0,22,27,320,2.9
Bolpebra - PD,2026-08-24 06:00:00,2,0.0,25,36,200,1.1
Bolpebra - PD,2026-08-24 06:00:00,5,0.0,30,36,183,1.8
Bolpebra - PD,2026-08-24 06:00:00,8,0.0,34,56,163,2.4
Bolpebra - PD,2026-08-24 06:00:00,11,0.0,34,55,193,2.5
Bolpebra - PD,2026-08-24 06:00:00,14,0.0,28,56,220,2.6
Bolpebra - PD,2026-08-24 06:00:00,17,0.0,24,57,230,2.2
Bolpebra - PD,2026-08-24 06:00:00,20,0.0,20,57,230,1.7
Bolpebra - PD,2026-08-24 06:00:00,23,0.0,20,57,253,1.8
Bolpebra - PD,2026-08-24 06:00:00,26,0.0,24,56,230,2.5
Bolpebra - PD,2026-08-24 06:00:00,29,0.0,27,55,239,1.5
Bolpebra - PD,2026-08-24 06:00:00,32,0.0,34,56,244,0.6
Bolpebra - PD,2026-08-24 06:00:00,35,0.0,34,56,275,0.9
Bolpebra - PD,2026-08-24 06:00:00,38,0.0,27,57,296,1.1
Bolpebra - PD,2026-08-24 06:00:00,41,0.0,24,56,276,1.2
Bolpebra - PD,2026-08-24 06:00:00,44,0.0,20,27,250,1.3
Bolpebra - PD,2026-08-24 06:00:00,47,0.0,20,26,300,1.5
Bolpebra - PD,2026-08-24 06:00:00,50,0.0,22,26,290,1.6
Bolpebra - PD,2026-08-24 06:00:00,53,0.0,29,25,310,1.9
Bolpebra - PD,2026-08-24 06:00:00,56,0.0,34,37,320,2.2
Bolpebra - PD,2026-08-24 06:00:00,59,0.0,34,36,322,1.6
Bolpebra - PD,2026-08-24 06:00:00,62,0.0,29,26,322,1.0
Bolpebra - PD,2026-08-24 06:00:00,65,0.0,25,27,320,1.2
Bolpebra - PD,2026-08-24 06:00:00,68,0.0,20,26,317,1.3
Bolpebra - PD,2026-08-24 06:00:00,71,0.0,20,26,300,1.6
Bolpebra - PD,2026-08-24 06:00:00,74,0.0,26,26,284,1.9
Bolpebra - PD,2026-08-24 06:00:00,77,0.0,32,26,294,2.1
Bolpebra - PD,2026-08-24 06:00:00,80,0.0,35,36,295,2.3
Bolpebra - PD,2026-08-24 06:00:00,83,0.0,35,37,311,1.7
Bolpebra - PD,2026-08-24 06:00:00,86,0.0,29,26,320,1.2
Bolpebra - PD,2026-08-24 06:00:00,89,0.0,21,26,312,1.4
Bolpebra - PD,2026-08-24 06:00:00,92,0.0,21,26,302,1.5
Bulo Bulo,2026-08-24 06:00:00,2,0.0,24,56,80,0.5
Bulo Bulo,2026-08-24 06:00:00,5,0.0,27,57,20,1.1
Bulo Bulo,2026-08-24 06:00:00,8,0.0,31,56,318,1.7
Bulo Bulo,2026-08-24 06:00:00,11,0.0,31,56,276,1.2
Bulo Bulo,2026-08-24 06:00:00,14,0.0,27,56,226,0.7
Bulo Bulo,2026-08-24 06:00:00,17,0.0,23,55,208,0.9
Bulo Bulo,2026-08-24 06:00:00,20,0.0,18,56,190,1.1
Bulo Bulo,2026-08-24 06:00:00,23,0.0,18,57,128,1.3
Bulo Bulo,2026-08-24 06:00:00,26,0.0,24,56,80,1.5
Bulo Bulo,2026-08-24 06:00:00,29,0.0,27,56,28,1.4
Bulo Bulo,2026-08-24 06:00:00,32,0.0,32,56,326,1.3
Bulo Bulo,2026-08-24 06:00:00,35,0.0,32,57,280,1.3
Bulo Bulo,2026-08-24 06:00:00,38,0.0,28,56,234,1.3
Bulo Bulo,2026-08-24 06:00:00,41,0.0,24,56,246,1.1
Bulo Bulo,2026-08-24 06:00:00,44,0.0,17,26,257,0.9
Bulo Bulo,2026-08-24 06:00:00,47,0.0,17,26,264,1.1
Bulo Bulo,2026-08-24 06:00:00,50,0.0,26,26,264,1.1
Bulo Bulo,2026-08-24 06:00:00,53,0.0,30,26,292,2.7
Bulo Bulo,2026-08-24 06:00:00,56,0.0,33,36,310,4.3
Bulo Bulo,2026-08-24 06:00:00,59,0.0,33,37,282,2.9
Bulo Bulo,2026-08-24 06:00:00,62,0.0,27,37,244,1.5
Bulo Bulo,2026-08-24 06:00:00,65,0.0,22,37,244,1.5
Bulo Bulo,2026-08-24 06:00:00,68,0.0,17,35,244,1.5
Bulo Bulo,2026-08-24 06:00:00,71,0.0,17,35,272,1.3
Bulo Bulo,2026-08-24 06:00:00,74,0.0,22,35,292,1.3
Bulo Bulo,2026-08-24 06:00:00,77,0.0,28,35,302,3.1
Bulo Bulo,2026-08-24 06:00:00,80,0.0,34,35,310,4.9
Bulo Bulo,2026-08-24 06:00:00,83,0.0,34,35,292,3.5
Bulo Bulo,2026-08-24 06:00:00,86,0.0,30,35,264,2.1
Bulo Bulo,2026-08-24 06:00:00,89,0.0,18,35,274,1.6
Bulo Bulo,2026-08-24 06:00:00,92,0.0,18,35,276,1.2
Camargo,2026-08-24 06:00:00,2,2.5,10,89,323,1.7
Camargo,2026-08-24 06:00:00,5,2.5,15,89,317,3.9
Camargo,2026-08-24 06:00:00,8,1.4,28,89,310,6.1
Camargo,2026-08-24 06:00:00,11,1.2,28,89,298,5.6
Camargo,2026-08-24 06:00:00,14,0.0,13,56,286,5.1
Camargo,2026-08-24 06:00:00,17,0.0,7,57,303,3.8
Camargo,2026-08-24 06:00:00,20,0.0,4,37,310,2.5
Camargo,2026-08-24 06:00:00,23,0.0,4,36,298,2.5
Camargo,2026-08-24 06:00:00,26,0.0,8,36,278,2.5
Camargo,2026-08-24 06:00:00,29,0.0,12,37,278,2.9
Camargo,2026-08-24 06:00:00,32,0.0,29,36,278,3.3
Camargo,2026-08-24 06:00:00,35,0.0,29,36,299,3.0
Camargo,2026-08-24 06:00:00,38,0.0,13,36,319,2.6
Camargo,2026-08-24 06:00:00,41,0.0,8,36,311,2.8
Camargo,2026-08-24 06:00:00,44,0.0,3,25,293,2.9
Camargo,2026-08-24 06:00:00,47,0.0,3,25,297,3.2
Camargo,2026-08-24 06:00:00,50,0.0,9,26,287,3.1
Camargo,2026-08-24 06:00:00,53,0.0,12,26,287,3.1
Camargo,2026-08-24 06:00:00,56,0.0,30,26,278,3.1
Camargo,2026-08-24 06:00:00,59,0.0,30,27,298,3.0
Camargo,2026-08-24 06:00:00,62,0.0,14,25,308,2.9
Camargo,2026-08-24 06:00:00,65,0.0,8,25,308,3.3
Camargo,2026-08-24 06:00:00,68,0.0,3,26,300,3.7
Camargo,2026-08-24 06:00:00,71,0.0,3,26,300,2.5
Camargo,2026-08-24 06:00:00,74,0.0,12,25,300,2.5
Camargo,2026-08-24 06:00:00,77,0.0,16,26,290,2.8
Camargo,2026-08-24 06:00:00,80,0.0,31,26,280,3.1
Camargo,2026-08-24 06:00:00,83,0.0,31,26,281,2.5
Camargo,2026-08-24 06:00:00,86,0.0,16,26,281,1.9
Camargo,2026-08-24 06:00:00,89,0.0,5,26,291,2.5
Camargo,2026-08-24 06:00:00,92,0.0,5,26,300,3.0
Camiri,2026-08-24 06:00:00,2,0.0,16,56,124,0.8
Camiri,2026-08-24 06:00:00,5,0.0,19,56,120,1.6
Camiri,2026-08-24 06:00:00,8,0.0,27,36,107,2.4
Camiri,2026-08-24 06:00:00,11,0.0,27,36,118,1.9
Camiri,2026-08-24 06:00:00,14,0.0,19,36,121,1.4
Camiri,2026-08-24 06:00:00,17,0.0,16,36,190,0.8
Camiri,2026-08-24 06:00:00,20,0.0,9,56,257,0.3
Camiri,2026-08-24 06:00:00,23,0.0,9,56,188,0.5
Camiri,2026-08-24 06:00:00,26,0.0,16,56,180,0.6
Camiri,2026-08-24 06:00:00,29,0.0,22,56,147,1.5
Camiri,2026-08-24 06:00:00,32,0.0,27,36,107,2.4
Camiri,2026-08-24 06:00:00,35,0.0,27,36,30,1.7
Camiri,2026-08-24 06:00:00,38,0.0,21,35,305,1.0
Camiri,2026-08-24 06:00:00,41,0.0,16,37,293,1.0
Camiri,2026-08-24 06:00:00,44,0.0,10,26,280,1.1
Camiri,2026-08-24 06:00:00,47,0.0,10,26,267,1.1
Camiri,2026-08-24 06:00:00,50,0.0,18,26,260,0.9
Camiri,2026-08-24 06:00:00,53,0.0,26,26,327,2.0
Camiri,2026-08-24 06:00:00,56,0.0,28,26,27,3.1
Camiri,2026-08-24 06:00:00,59,0.0,28,26,17,2.3
Camiri,2026-08-24 06:00:00,62,0.0,23,27,360,1.6
Camiri,2026-08-24 06:00:00,65,0.0,17,26,340,1.7
Camiri,2026-08-24 06:00:00,68,0.0,13,56,313,1.7
Camiri,2026-08-24 06:00:00,71,0.0,13,56,303,1.7
Camiri,2026-08-24 06:00:00,74,0.0,22,56,303,1.7
Camiri,2026-08-24 06:00:00,77,0.0,25,56,340,3.0
Camiri,2026-08-24 06:00:00,80,0.0,30,26,10,4.3
Camiri,2026-08-24 06:00:00,83,0.0,30,26,20,2.9
Camiri,2026-08-24 06:00:00,86,0.0,25,26,27,1.6
Camiri,2026-08-24 06:00:00,89,0.0,14,26,349,1.6
Camiri,2026-08-24 06:00:00,92,0.0,14,26,302,1.6
Campanario,2026-08-24 06:00:00,2,0.0,6,56,321,2.3
Campanario,2026-08-24 06:00:00,5,0.0,9,56,318,4.8
Campanario,2026-08-24 06:00:00,8,0.0,20,56,310,7.3
Campanario,2026-08-24 06:00:00,11,0.0,20,56,353,5.0
Campanario,2026-08-24 06:00:00,14,0.0,12,36,31,2.8
Campanario,2026-08-24 06:00:00,17,0.0,7,35,324,2.4
Campanario,2026-08-24 06:00:00,20,0.0,1,36,254,2.0
Campanario,2026-08-24 06:00:00,23,0.0,1,36,270,3.2
Campanario,2026-08-24 06:00:00,26,0.0,6,36,243,3.8
Campanario,2026-08-24 06:00:00,29,0.0,10,36,253,3.8
Campanario,2026-08-24 06:00:00,32,0.0,21,36,257,3.7
Campanario,2026-08-24 06:00:00,35,0.0,21,36,333,2.5
Campanario,2026-08-24 06:00:00,38,0.0,10,26,66,1.2
Campanario,2026-08-24 06:00:00,41,0.0,7,26,51,2.4
Campanario,2026-08-24 06:00:00,44,0.0,2,26,246,3.6
Campanario,2026-08-24 06:00:00,47,0.0,2,26,243,4.1
Campanario,2026-08-24 06:00:00,50,0.0,7,26,243,4.4
Campanario,2026-08-24 06:00:00,53,0.0,11,26,245,3.8
Campanario,2026-08-24 06:00:00,56,0.0,23,25,245,3.2
Campanario,2026-08-24 06:00:00,59,0.0,23,26,306,2.9
Campanario,2026-08-24 06:00:00,62,0.0,13,26,2,2.6
Campanario,2026-08-24 06:00:00,65,0.0,6,26,308,3.0
Campanario,2026-08-24 06:00:00,68,0.0,2,37,246,3.5
Campanario,2026-08-24 06:00:00,71,0.0,2,36,250,3.6
Campanario,2026-08-24 06:00:00,74,0.0,10,36,243,3.8
Campanario,2026-08-24 06:00:00,77,0.0,14,36,249,3.4
Campanario,2026-08-24 06:00:00,80,0.0,23,36,253,3.0
Campanario,2026-08-24 06:00:00,83,0.0,23,36,298,2.6
Campanario,2026-08-24 06:00:00,86,0.0,14,26,339,2.2
Campanario,2026-08-24 06:00:00,89,0.0,3,26,293,3.0
Campanario,2026-08-24 06:00:00,92,0.0,3,26,243,3.8
Carura,2026-08-24 06:00:00,2,2.3,23,88,247,0.7
Carura,2026-08-24 06:00:00,5,2.1,25,89,283,0.7
Carura,2026-08-24 06:00:00,8,1.8,29,89,319,0.7
Carura,2026-08-24 06:00:00,11,2.7,29,89,297,0.8
Carura,2026-08-24 06:00:00,14,1.6,25,89,276,0.9
Carura,2026-08-24 06:00:00,17,2.0,22,89,283,0.9
Carura,2026-08-24 06:00:00,20,0.0,19,56,283,0.9
Carura,2026-08-24 06:00:00,23,0.0,19,56,269,1.0
Carura,2026-08-24 06:00:00,26,0.0,21,56,269,0.8
Carura,2026-08-24 06:00:00,29,0.0,24,56,340,0.8
Carura,2026-08-24 06:00:00,32,0.0,30,56,51,0.7
Carura,2026-08-24 06:00:00,35,0.0,30,56,102,0.8
Carura,2026-08-24 06:00:00,38,0.0,25,36,236,0.8
Carura,2026-08-24 06:00:00,41,0.0,22,36,256,0.9
Carura,2026-08-24 06:00:00,44,0.0,19,37,265,1.1
Carura,2026-08-24 06:00:00,47,0.0,19,36,271,1.0
Carura,2026-08-24 06:00:00,50,0.0,21,36,270,0.9
Carura,2026-08-24 06:00:00,53,0.0,24,36,193,0.8
Carura,2026-08-24 06:00:00,56,0.0,30,37,106,0.7
Carura,2026-08-24 06:00:00,59,0.0,30,36,174,0.8
Carura,2026-08-24 06:00:00,62,0.0,26,36,233,0.9
Carura,2026-08-24 06:00:00,65,0.0,23,36,254,0.9
Carura,2026-08-24 06:00:00,68,0.0,20,36,265,1.0
Carura,2026-08-24 06:00:00,71,0.0,20,37,282,0.9
Carura,2026-08-24 06:00:00,74,0.0,23,36,287,0.7
Carura,2026-08-24 06:00:00,77,0.0,27,36,347,0.9
Carura,2026-08-24 06:00:00,80,1.3,31,76,76,1.0
Carura,2026-08-24 06:00:00,83,0.9,31,77,106,0.9
Carura,2026-08-24 06:00:00,86,0.0,25,36,253,0.9
Carura,2026-08-24 06:00:00,89,0.0,21,36,265,1.0
Carura,2026-08-24 06:00:00,92,0.0,21,26,275,1.1
Chacala (INIAF),2026-08-24 06:00:00,2,1.5,3,89,344,4.4
Chacala (INIAF),2026-08-24 06:00:00,5,1.2,6,89,310,6.3
Chacala (INIAF),2026-08-24 06:00:00,8,1.6,10,89,270,8.1
Chacala (INIAF),2026-08-24 06:00:00,11,1.1,10,89,270,7.2
Chacala (INIAF),2026-08-24 06:00:00,14,0.0,5,56,263,6.3
Chacala (INIAF),2026-08-24 06:00:00,17,0.0,2,56,298,4.6
Chacala (INIAF),2026-08-24 06:00:00,20,0.0,0,36,325,2.9
Chacala (INIAF),2026-08-24 06:00:00,23,0.0,0,36,331,3.0
Chacala (INIAF),2026-08-24 06:00:00,26,0.0,2,36,329,3.4
Chacala (INIAF),2026-08-24 06:00:00,29,0.0,6,36,314,5.3
Chacala (INIAF),2026-08-24 06:00:00,32,0.0,10,36,294,7.2
Chacala (INIAF),2026-08-24 06:00:00,35,0.0,10,36,320,5.1
Chacala (INIAF),2026-08-24 06:00:00,38,0.0,6,26,340,3.0
Chacala (INIAF),2026-08-24 06:00:00,41,0.0,3,26,323,2.2
Chacala (INIAF),2026-08-24 06:00:00,44,0.0,-1,26,304,1.4
Chacala (INIAF),2026-08-24 06:00:00,47,0.0,-1,26,353,2.6
Chacala (INIAF),2026-08-24 06:00:00,50,0.0,3,26,353,2.6
Chacala (INIAF),2026-08-24 06:00:00,53,0.0,7,26,324,4.5
Chacala (INIAF),2026-08-24 06:00:00,56,0.0,12,26,290,6.4
Chacala (INIAF),2026-08-24 06:00:00,59,0.0,12,26,320,5.1
Chacala (INIAF),2026-08-24 06:00:00,62,0.0,7,26,340,3.7
Chacala (INIAF),2026-08-24 06:00:00,65,0.0,4,26,330,3.2
Chacala (INIAF),2026-08-24 06:00:00,68,0.0,-1,26,316,2.6
Chacala (INIAF),2026-08-24 06:00:00,71,0.0,-1,26,339,2.1
Chacala (INIAF),2026-08-24 06:00:00,74,0.0,5,27,337,1.8
Chacala (INIAF),2026-08-24 06:00:00,77,0.0,9,26,315,3.5
Chacala (INIAF),2026-08-24 06:00:00,80,0.0,14,26,286,5.1
Chacala (INIAF),2026-08-24 06:00:00,83,0.0,14,26,330,4.8
Chacala (INIAF),2026-08-24 06:00:00,86,0.0,8,26,4,4.5
Chacala (INIAF),2026-08-24 06:00:00,89,0.0,0,26,355,3.7
Chacala (INIAF),2026-08-24 06:00:00,92,0.0,0,26,340,2.9
Charazani,2026-08-24 06:00:00,2,2.2,6,89,269,2.0
Charazani,2026-08-24 06:00:00,5,1.4,8,89,289,2.3
Charazani,2026-08-24 06:00:00,8,1.0,14,89,307,2.5
Charazani,2026-08-24 06:00:00,11,1.8,14,89,356,2.0
Charazani,2026-08-24 06:00:00,14,0.4,10,88,36,1.6
Charazani,2026-08-24 06:00:00,17,1.4,7,89,350,1.7
Charazani,2026-08-24 06:00:00,20,0.0,5,56,295,1.8
Charazani,2026-08-24 06:00:00,23,0.0,5,56,272,2.7
Charazani,2026-08-24 06:00:00,26,0.0,7,56,264,1.7
Charazani,2026-08-24 06:00:00,29,0.0,10,36,345,1.7
Charazani,2026-08-24 06:00:00,32,0.0,14,37,73,1.7
Charazani,2026-08-24 06:00:00,35,0.0,14,37,2,1.9
Charazani,2026-08-24 06:00:00,38,0.0,10,27,285,2.2
Charazani,2026-08-24 06:00:00,41,0.0,7,27,286,2.6
Charazani,2026-08-24 06:00:00,44,0.0,5,26,287,2.9
Charazani,2026-08-24 06:00:00,47,0.0,5,27,276,3.6
Charazani,2026-08-24 06:00:00,50,0.0,7,25,272,3.4
Charazani,2026-08-24 06:00:00,53,0.0,10,26,195,3.2
Charazani,2026-08-24 06:00:00,56,0.0,14,26,107,2.8
Charazani,2026-08-24 06:00:00,59,0.0,14,26,46,2.2
Charazani,2026-08-24 06:00:00,62,0.0,10,26,337,1.6
Charazani,2026-08-24 06:00:00,65,0.0,8,26,303,2.1
Charazani,2026-08-24 06:00:00,68,0.0,6,25,259,2.6
Charazani,2026-08-24 06:00:00,71,0.0,6,25,282,1.5
Charazani,2026-08-24 06:00:00,74,0.0,9,26,262,1.3
Charazani,2026-08-24 06:00:00,77,0.0,12,26,234,3.2
Charazani,2026-08-24 06:00:00,80,0.0,16,26,86,5.0
Charazani,2026-08-24 06:00:00,83,0.0,16,26,69,3.0
Charazani,2026-08-24 06:00:00,86,0.0,11,26,42,1.0
Charazani,2026-08-24 06:00:00,89,0.0,7,26,349,1.5
Charazani,2026-08-24 06:00:00,92,0.0,7,26,292,2.0
Chipaya,2026-08-24 06:00:00,2,0.9,5,88,344,1.7
Chipaya,2026-08-24 06:00:00,5,0.9,9,88,304,2.3
Chipaya,2026-08-24 06:00:00,8,0.7,14,88,260,2.9
Chipaya,2026-08-24 06:00:00,11,1.8,14,89,250,4.1
Chipaya,2026-08-24 06:00:00,14,0.0,7,57,236,5.2
Chipaya,2026-08-24 06:00:00,17,0.0,4,56,236,4.3
Chipaya,2026-08-24 06:00:00,20,0.0,2,36,230,3.5
Chipaya,2026-08-24 06:00:00,23,0.0,2,36,250,1.8
Chipaya,2026-08-24 06:00:00,26,0.0,5,37,234,0.8
Chipaya,2026-08-24 06:00:00,29,0.0,7,36,272,1.4
Chipaya,2026-08-24 06:00:00,32,0.0,13,36,304,2.1
Chipaya,2026-08-24 06:00:00,35,0.0,13,36,272,3.1
Chipaya,2026-08-24 06:00:00,38,0.0,8,25,230,4.1
Chipaya,2026-08-24 06:00:00,41,0.0,4,27,240,2.9
Chipaya,2026-08-24 06:00:00,44,0.0,2,26,244,1.8
Chipaya,2026-08-24 06:00:00,47,0.0,2,26,290,2.2
Chipaya,2026-08-24 06:00:00,50,0.0,5,26,354,1.5
Chipaya,2026-08-24 06:00:00,53,0.0,8,26,332,1.4
Chipaya,2026-08-24 06:00:00,56,0.0,14,26,310,1.3
Chipaya,2026-08-24 06:00:00,59,0.0,14,25,272,2.4
Chipaya,2026-08-24 06:00:00,62,0.0,8,26,230,3.5
Chipaya,2026-08-24 06:00:00,65,0.0,4,25,236,3.2
Chipaya,2026-08-24 06:00:00,68,0.0,1,26,236,3.0
Chipaya,2026-08-24 06:00:00,71,0.0,1,27,280,1.8
Chipaya,2026-08-24 06:00:00,74,0.0,6,26,330,0.9
Chipaya,2026-08-24 06:00:00,77,0.0,11,26,346,1.4
Chipaya,2026-08-24 06:00:00,80,0.0,15,26,352,1.9
Chipaya,2026-08-24 06:00:00,83,0.0,15,26,272,2.3
Chipaya,2026-08-24 06:00:00,86,0.0,10,26,186,2.5
Chipaya,2026-08-24 06:00:00,89,0.0,2,26,216,2.6
Chipaya,2026-08-24 06:00:00,92,0.0,2,26,236,2.7
Cobija,2026-08-24 06:00:00,2,0.0,25,36,127,1.0
Cobija,2026-08-24 06:00:00,5,0.0,29,36,150,2.0
Cobija,2026-08-24 06:00:00,8,0.0,33,57,170,2.8
Cobija,2026-08-24 06:00:00,11,0.0,33,56,190,2.9
Cobija,2026-08-24 06:00:00,14,0.0,29,56,200,3.0
Cobija,2026-08-24 06:00:00,17,0.0,25,56,220,1.9
Cobija,2026-08-24 06:00:00,20,0.0,19,56,240,0.9
Cobija,2026-08-24 06:00:00,23,0.0,19,55,230,2.2
Cobija,2026-08-24 06:00:00,26,0.0,24,56,230,2.8
Cobija,2026-08-24 06:00:00,29,0.0,28,56,250,2.4
Cobija,2026-08-24 06:00:00,32,0.0,33,56,260,2.0
Cobija,2026-08-24 06:00:00,35,0.0,33,55,260,1.9
Cobija,2026-08-24 06:00:00,38,0.0,28,57,260,1.7
Cobija,2026-08-24 06:00:00,41,0.0,24,56,280,1.5
Cobija,2026-08-24 06:00:00,44,0.0,20,26,290,1.2
Cobija,2026-08-24 06:00:00,47,0.0,20,26,310,1.4
Cobija,2026-08-24 06:00:00,50,0.0,25,26,290,1.7
Cobija,2026-08-24 06:00:00,53,0.0,30,25,300,2.0
Cobija,2026-08-24 06:00:00,56,0.0,32,36,310,2.3
Cobija,2026-08-24 06:00:00,59,0.0,32,36,320,1.7
Cobija,2026-08-24 06:00:00,62,0.0,28,26,324,1.1
Cobija,2026-08-24 06:00:00,65,0.0,25,26,324,1.3
Cobija,2026-08-24 06:00:00,68,0.0,21,26,320,1.5
Cobija,2026-08-24 06:00:00,71,0.0,21,26,310,1.6
Cobija,2026-08-24 06:00:00,74,0.0,27,26,310,1.8
Cobija,2026-08-24 06:00:00,77,0.0,31,26,310,2.2
Cobija,2026-08-24 06:00:00,80,0.0,34,36,300,2.6
Cobija,2026-08-24 06:00:00,83,0.0,34,36,324,1.9
Cobija,2026-08-24 06:00:00,86,0.0,30,26,344,1.1
Cobija,2026-08-24 06:00:00,89,0.0,22,25,324,1.4
Cobija,2026-08-24 06:00:00,92,0.0,22,26,300,1.7
Cochabamba - Aeropuerto,2026-08-24 06:00:00,2,1.7,13,89,196,2.6
Cochabamba - Aeropuerto,2026-08-24 06:00:00,5,1.7,16,89,274,1.9
Cochabamba - Aeropuerto,2026-08-24 06:00:00,8,1.6,23,89,347,1.2
Cochabamba - Aeropuerto,2026-08-24 06:00:00,11,1.2,23,89,292,1.6
Cochabamba - Aeropuerto,2026-08-24 06:00:00,14,0.0,17,57,235,2.0
Cochabamba - Aeropuerto,2026-08-24 06:00:00,17,0.0,13,56,246,2.1
Cochabamba - Aeropuerto,2026-08-24 06:00:00,20,0.0,9,56,250,2.2
Cochabamba - Aeropuerto,2026-08-24 06:00:00,23,0.0,9,56,240,2.2
Cochabamba - Aeropuerto,2026-08-24 06:00:00,26,0.0,12,56,239,2.0
Cochabamba - Aeropuerto,2026-08-24 06:00:00,29,0.0,16,55,320,2.5
Cochabamba - Aeropuerto,2026-08-24 06:00:00,32,0.0,22,36,32,3.0
Cochabamba - Aeropuerto,2026-08-24 06:00:00,35,0.0,22,36,321,2.7
Cochabamba - Aeropuerto,2026-08-24 06:00:00,38,0.0,16,36,250,2.2
Cochabamba - Aeropuerto,2026-08-24 06:00:00,41,0.0,12,36,245,2.4
Cochabamba - Aeropuerto,2026-08-24 06:00:00,44,0.0,8,26,234,2.5
Cochabamba - Aeropuerto,2026-08-24 06:00:00,47,0.0,8,26,237,2.2
Cochabamba - Aeropuerto,2026-08-24 06:00:00,50,0.0,15,26,241,1.5
Cochabamba - Aeropuerto,2026-08-24 06:00:00,53,0.0,19,26,320,2.5
Cochabamba - Aeropuerto,2026-08-24 06:00:00,56,0.0,23,26,29,3.5
Cochabamba - Aeropuerto,2026-08-24 06:00:00,59,0.0,23,25,321,2.9
Cochabamba - Aeropuerto,2026-08-24 06:00:00,62,0.0,17,26,250,2.3
Cochabamba - Aeropuerto,2026-08-24 06:00:00,65,0.0,13,26,246,2.4
Cochabamba - Aeropuerto,2026-08-24 06:00:00,68,0.0,8,26,235,2.4
Cochabamba - Aeropuerto,2026-08-24 06:00:00,71,0.0,9,26,250,1.9
Cochabamba - Aeropuerto,2026-08-24 06:00:00,74,0.0,16,26,261,1.3
Cochabamba - Aeropuerto,2026-08-24 06:00:00,77,0.0,20,26,329,2.3
Cochabamba - Aeropuerto,2026-08-24 06:00:00,80,0.0,26,26,36,3.2
Cochabamba - Aeropuerto,2026-08-24 06:00:00,83,0.0,26,26,328,2.6
Cochabamba - Aeropuerto,2026-08-24 06:00:00,86,0.0,15,26,251,1.9
Cochabamba - Aeropuerto,2026-08-24 06:00:00,89,0.0,10,26,250,2.1
Cochabamba - Aeropuerto,2026-08-24 06:00:00,92,0.0,10,26,239,2.2
Cochabamba - Sarco,2026-08-24 06:00:00,2,1.6,13,89,40,1.9
Cochabamba - Sarco,2026-08-24 06:00:00,5,0.8,18,90,69,1.5
Cochabamba - Sarco,2026-08-24 06:00:00,8,1.8,25,89,98,1.2
Cochabamba - Sarco,2026-08-24 06:00:00,11,1.5,25,89,34,1.8
Cochabamba - Sarco,2026-08-24 06:00:00,14,0.0,17,57,326,2.4
Cochabamba - Sarco,2026-08-24 06:00:00,17,0.0,13,56,336,2.3
Cochabamba - Sarco,2026-08-24 06:00:00,20,0.0,9,56,337,2.2
Cochabamba - Sarco,2026-08-24 06:00:00,23,0.0,9,55,330,2.2
Cochabamba - Sarco,2026-08-24 06:00:00,26,0.0,13,55,327,2.0
Cochabamba - Sarco,2026-08-24 06:00:00,29,0.0,17,57,339,3.0
Cochabamba - Sarco,2026-08-24 06:00:00,32,0.0,25,36,347,3.9
Cochabamba - Sarco,2026-08-24 06:00:00,35,0.0,25,37,346,3.6
Cochabamba - Sarco,2026-08-24 06:00:00,38,0.0,16,36,336,3.1
Cochabamba - Sarco,2026-08-24 06:00:00,41,0.0,13,37,320,2.5
Cochabamba - Sarco,2026-08-24 06:00:00,44,0.0,9,25,295,1.9
Cochabamba - Sarco,2026-08-24 06:00:00,47,0.0,9,25,294,2.3
Cochabamba - Sarco,2026-08-24 06:00:00,50,0.0,13,26,285,2.0
Cochabamba - Sarco,2026-08-24 06:00:00,53,0.0,17,25,311,2.9
Cochabamba - Sarco,2026-08-24 06:00:00,56,0.0,25,26,330,3.7
Cochabamba - Sarco,2026-08-24 06:00:00,59,0.0,25,27,337,3.9
Cochabamba - Sarco,2026-08-24 06:00:00,62,0.0,17,25,337,4.0
Cochabamba - Sarco,2026-08-24 06:00:00,65,0.0,14,26,337,3.5
Cochabamba - Sarco,2026-08-24 06:00:00,68,0.0,10,26,328,2.9
Cochabamba - Sarco,2026-08-24 06:00:00,71,0.0,9,26,327,1.5
Cochabamba - Sarco,2026-08-24 06:00:00,74,0.0,13,26,317,0.9
Cochabamba - Sarco,2026-08-24 06:00:00,77,0.0,17,26,24,1.8
Cochabamba - Sarco,2026-08-24 06:00:00,80,0.0,25,26,88,2.7
Cochabamba - Sarco,2026-08-24 06:00:00,83,0.0,25,26,44,2.7
Cochabamba - Sarco,2026-08-24 06:00:00,86,0.0,14,27,358,2.6
Cochabamba - Sarco,2026-08-24 06:00:00,89,0.0,10,26,346,2.3
Cochabamba - Sarco,2026-08-24 06:00:00,92,0.0,10,27,326,2.0
Concepcion,2026-08-24 06:00:00,2,0.0,22,36,160,4.4
Concepcion,2026-08-24 06:00:00,5,0.0,26,36,169,3.8
Concepcion,2026-08-24 06:00:00,8,0.0,30,57,169,3.1
Concepcion,2026-08-24 06:00:00,11,0.0,30,56,189,3.0
Concepcion,2026-08-24 06:00:00,14,0.0,27,56,200,2.7
Concepcion,2026-08-24 06:00:00,17,0.0,24,56,190,3.0
Concepcion,2026-08-24 06:00:00,20,0.0,19,55,180,3.2
Concepcion,2026-08-24 06:00:00,23,0.0,19,56,185,1.9
Concepcion,2026-08-24 06:00:00,26,0.0,23,56,185,1.5
Concepcion,2026-08-24 06:00:00,29,0.0,26,55,240,2.4
Concepcion,2026-08-24 06:00:00,32,0.0,30,56,295,3.2
Concepcion,2026-08-24 06:00:00,35,0.0,30,56,285,2.5
Concepcion,2026-08-24 06:00:00,38,0.0,27,56,270,1.7
Concepcion,2026-08-24 06:00:00,41,0.0,23,56,280,1.9
Concepcion,2026-08-24 06:00:00,44,0.0,20,26,285,2.0
Concepcion,2026-08-24 06:00:00,47,0.0,20,26,310,3.2
Concepcion,2026-08-24 06:00:00,50,0.0,24,26,310,3.1
Concepcion,2026-08-24 06:00:00,53,0.0,28,26,320,4.4
Concepcion,2026-08-24 06:00:00,56,0.0,32,26,325,5.7
Concepcion,2026-08-24 06:00:00,59,0.0,32,26,335,3.9
Concepcion,2026-08-24 06:00:00,62,0.0,27,25,345,2.1
Concepcion,2026-08-24 06:00:00,65,0.0,24,26,335,2.2
Concepcion,2026-08-24 06:00:00,68,0.0,20,26,316,2.3
Concepcion,2026-08-24 06:00:00,71,0.0,20,26,296,3.2
Concepcion,2026-08-24 06:00:00,74,0.0,26,26,286,4.1
Concepcion,2026-08-24 06:00:00,77,0.0,30,27,306,5.3
Concepcion,2026-08-24 06:00:00,80,0.0,34,26,320,6.5
Concepcion,2026-08-24 06:00:00,83,0.0,34,27,330,4.9
Concepcion,2026-08-24 06:00:00,86,0.0,28,26,332,3.3
Concepcion,2026-08-24 06:00:00,89,0.0,21,26,330,3.4
Concepcion,2026-08-24 06:00:00,92,0.0,21,26,320,3.5
Cota Cota Baja,2026-08-24 06:00:00,2,1.6,5,89,356,2.6
Cota Cota Baja,2026-08-24 06:00:00,5,1.1,7,89,330,3.4
Cota Cota Baja,2026-08-24 06:00:00,8,1.1,11,89,305,4.3
Cota Cota Baja,2026-08-24 06:00:00,11,1.6,11,88,352,2.8
Cota Cota Baja,2026-08-24 06:00:00,14,1.1,7,89,40,1.4
Cota Cota Baja,2026-08-24 06:00:00,17,1.7,3,89,38,1.4
Cota Cota Baja,2026-08-24 06:00:00,20,0.0,1,35,36,1.5
Cota Cota Baja,2026-08-24 06:00:00,23,0.0,1,36,18,1.0
Cota Cota Baja,2026-08-24 06:00:00,26,0.0,4,36,30,1.0
Cota Cota Baja,2026-08-24 06:00:00,29,0.0,7,36,340,1.4
Cota Cota Baja,2026-08-24 06:00:00,32,0.0,11,36,285,1.7
Cota Cota Baja,2026-08-24 06:00:00,35,0.0,11,36,344,2.1
Cota Cota Baja,2026-08-24 06:00:00,38,0.0,7,26,40,2.6
Cota Cota Baja,2026-08-24 06:00:00,41,0.0,4,26,50,2.3
Cota Cota Baja,2026-08-24 06:00:00,44,0.0,1,26,59,2.0
Cota Cota Baja,2026-08-24 06:00:00,47,0.0,2,25,151,1.4
Cota Cota Baja,2026-08-24 06:00:00,50,0.0,5,26,221,1.5
Cota Cota Baja,2026-08-24 06:00:00,53,0.0,8,25,253,2.8
Cota Cota Baja,2026-08-24 06:00:00,56,0.0,11,27,275,4.2
Cota Cota Baja,2026-08-24 06:00:00,59,0.0,11,26,340,3.3
Cota Cota Baja,2026-08-24 06:00:00,62,0.0,7,27,40,2.4
Cota Cota Baja,2026-08-24 06:00:00,65,0.0,5,26,84,1.7
Cota Cota Baja,2026-08-24 06:00:00,68,0.0,3,27,124,1.0
Cota Cota Baja,2026-08-24 06:00:00,71,0.0,3,26,198,0.9
Cota Cota Baja,2026-08-24 06:00:00,74,0.0,7,25,179,0.9
Cota Cota Baja,2026-08-24 06:00:00,77,0.0,10,26,229,2.3
Cota Cota Baja,2026-08-24 06:00:00,80,0.0,13,27,274,3.6
Cota Cota Baja,2026-08-24 06:00:00,83,0.0,12,26,320,3.9
Cota Cota Baja,2026-08-24 06:00:00,86,0.0,8,26,360,4.0
Cota Cota Baja,2026-08-24 06:00:00,89,0.0,4,26,360,2.6
Cota Cota Baja,2026-08-24 06:00:00,92,0.0,4,27,350,1.3
Cotagaita,2026-08-24 06:00:00,2,2.6,10,89,359,1.7
Cotagaita,2026-08-24 06:00:00,5,2.1,17,89,319,5.3
Cotagaita,2026-08-24 06:00:00,8,0.0,24,56,270,9.0
Cotagaita,2026-08-24 06:00:00,11,0.0,24,56,272,7.4
Cotagaita,2026-08-24 06:00:00,14,0.0,14,56,271,5.9
Cotagaita,2026-08-24 06:00:00,17,0.0,4,56,280,4.5
Cotagaita,2026-08-24 06:00:00,20,0.0,0,37,279,3.2
Cotagaita,2026-08-24 06:00:00,23,0.0,0,36,280,2.4
Cotagaita,2026-08-24 06:00:00,26,0.0,8,37,261,1.9
Cotagaita,2026-08-24 06:00:00,29,0.0,13,36,261,3.7
Cotagaita,2026-08-24 06:00:00,32,0.0,24,36,251,5.5
Cotagaita,2026-08-24 06:00:00,35,0.0,24,36,270,4.1
Cotagaita,2026-08-24 06:00:00,38,0.0,13,26,287,2.6
Cotagaita,2026-08-24 06:00:00,41,0.0,8,25,288,2.8
Cotagaita,2026-08-24 06:00:00,44,0.0,2,27,280,3.0
Cotagaita,2026-08-24 06:00:00,47,0.0,2,26,280,2.9
Cotagaita,2026-08-24 06:00:00,50,0.0,8,27,272,2.5
Cotagaita,2026-08-24 06:00:00,53,0.0,14,27,251,3.7
Cotagaita,2026-08-24 06:00:00,56,0.0,25,26,231,4.9
Cotagaita,2026-08-24 06:00:00,59,0.0,25,26,260,3.9
Cotagaita,2026-08-24 06:00:00,62,0.0,14,26,280,3.0
Cotagaita,2026-08-24 06:00:00,65,0.0,9,26,280,3.2
Cotagaita,2026-08-24 06:00:00,68,0.0,2,26,279,3.4
Cotagaita,2026-08-24 06:00:00,71,0.0,2,27,270,2.3
Cotagaita,2026-08-24 06:00:00,74,0.0,11,26,263,2.0
Cotagaita,2026-08-24 06:00:00,77,0.0,16,26,280,1.9
Cotagaita,2026-08-24 06:00:00,80,0.0,27,26,294,1.8
Cotagaita,2026-08-24 06:00:00,83,0.0,27,25,276,2.4
Cotagaita,2026-08-24 06:00:00,86,0.0,17,26,250,3.0
Cotagaita,2026-08-24 06:00:00,89,0.0,3,25,270,3.0
Cotagaita,2026-08-24 06:00:00,92,0.0,3,26,282,3.0
Covendo,2026-08-24 06:00:00,2,1.6,20,83,220,1.6
Covendo,2026-08-24 06:00:00,5,1.0,23,83,257,1.4
Covendo,2026-08-24 06:00:00,8,2.3,29,83,286,1.1
Covendo,2026-08-24 06:00:00,11,1.6,29,83,258,1.1
Covendo,2026-08-24 06:00:00,14,1.2,24,89,225,1.0
Covendo,2026-08-24 06:00:00,17,1.9,22,89,223,1.0
Covendo,2026-08-24 06:00:00,20,0.0,19,56,213,0.8
Covendo,2026-08-24 06:00:00,23,0.0,19,56,230,1.1
Covendo,2026-08-24 06:00:00,26,0.0,23,56,230,1.3
Covendo,2026-08-24 06:00:00,29,0.0,25,56,290,1.9
Covendo,2026-08-24 06:00:00,32,0.0,29,56,348,2.4
Covendo,2026-08-24 06:00:00,35,0.0,29,56,336,1.4
Covendo,2026-08-24 06:00:00,38,0.0,23,36,314,0.4
Covendo,2026-08-24 06:00:00,41,0.0,21,35,260,0.8
Covendo,2026-08-24 06:00:00,44,0.0,19,36,203,1.2
Covendo,2026-08-24 06:00:00,47,0.0,19,36,213,1.1
Covendo,2026-08-24 06:00:00,50,0.0,23,36,213,1.1
Covendo,2026-08-24 06:00:00,53,0.0,26,36,280,1.7
Covendo,2026-08-24 06:00:00,56,0.0,29,36,340,2.3
Covendo,2026-08-24 06:00:00,59,0.0,29,36,336,1.4
Covendo,2026-08-24 06:00:00,62,0.0,26,36,324,0.6
Covendo,2026-08-24 06:00:00,65,0.0,23,36,262,0.9
Covendo,2026-08-24 06:00:00,68,0.0,20,36,172,1.3
Covendo,2026-08-24 06:00:00,71,0.0,20,36,200,1.2
Covendo,2026-08-24 06:00:00,74,0.0,23,36,220,0.8
Covendo,2026-08-24 06:00:00,77,0.0,26,36,280,1.6
Covendo,2026-08-24 06:00:00,80,1.2,30,76,337,2.3
Covendo,2026-08-24 06:00:00,83,1.0,30,76,327,1.6
Covendo,2026-08-24 06:00:00,86,0.0,24,36,316,0.8
Covendo,2026-08-24 06:00:00,89,0.0,21,36,248,1.1
Covendo,2026-08-24 06:00:00,92,0.0,21,26,181,1.4
Cuatro Cañadas - Colonia Chihuahua,2026-08-24 06:00:00,2,0.0,20,56,160,4.6
Cuatro Cañadas - Colonia Chihuahua,2026-08-24 06:00:00,5,0.0,24,57,170,4.1
Cuatro Cañadas - Colonia Chihuahua,2026-08-24 06:00:00,8,0.0,30,36,180,3.5
Cuatro Cañadas - Colonia Chihuahua,2026-08-24 06:00:00,11,0.0,30,36,190,3.3
Cuatro Cañadas - Colonia Chihuahua,2026-08-24 06:00:00,14,0.0,24,56,190,3.0
Cuatro Cañadas - Colonia Chihuahua,2026-08-24 06:00:00,17,0.0,20,57,187,3.4
Cuatro Cañadas - Colonia Chihuahua,2026-08-24 06:00:00,20,0.0,16,56,177,3.7
Cuatro Cañadas - Colonia Chihuahua,2026-08-24 06:00:00,23,0.0,16,55,187,1.5
Cuatro Cañadas - Colonia Chihuahua,2026-08-24 06:00:00,26,0.0,23,56,166,1.8
Cuatro Cañadas - Colonia Chihuahua,2026-08-24 06:00:00,29,0.0,27,56,240,2.2
Cuatro Cañadas - Colonia Chihuahua,2026-08-24 06:00:00,32,0.0,30,56,312,2.6
Cuatro Cañadas - Colonia Chihuahua,2026-08-24 06:00:00,35,0.0,30,56,310,2.5
Cuatro Cañadas - Colonia Chihuahua,2026-08-24 06:00:00,38,0.0,25,36,301,2.4
Cuatro Cañadas - Colonia Chihuahua,2026-08-24 06:00:00,41,0.0,21,36,311,2.7
Cuatro Cañadas - Colonia Chihuahua,2026-08-24 06:00:00,44,0.0,17,26,318,2.9
Cuatro Cañadas - Colonia Chihuahua,2026-08-24 06:00:00,47,0.0,17,26,320,4.7
Cuatro Cañadas - Colonia Chihuahua,2026-08-24 06:00:00,50,0.0,25,26,318,4.8
Cuatro Cañadas - Colonia Chihuahua,2026-08-24 06:00:00,53,0.0,29,26,320,6.4
Cuatro Cañadas - Colonia Chihuahua,2026-08-24 06:00:00,56,0.0,32,26,320,8.1
Cuatro Cañadas - Colonia Chihuahua,2026-08-24 06:00:00,59,0.0,32,26,340,5.9
Cuatro Cañadas - Colonia Chihuahua,2026-08-24 06:00:00,62,0.0,28,26,350,3.8
Cuatro Cañadas - Colonia Chihuahua,2026-08-24 06:00:00,65,0.0,23,26,340,4.4
Cuatro Cañadas - Colonia Chihuahua,2026-08-24 06:00:00,68,0.0,19,26,330,5.0
Cuatro Cañadas - Colonia Chihuahua,2026-08-24 06:00:00,71,0.0,20,26,320,5.1
Cuatro Cañadas - Colonia Chihuahua,2026-08-24 06:00:00,74,0.0,27,26,320,5.8
Cuatro Cañadas - Colonia Chihuahua,2026-08-24 06:00:00,77,0.0,31,26,320,7.4
Cuatro Cañadas - Colonia Chihuahua,2026-08-24 06:00:00,80,0.0,34,26,320,9.2
Cuatro Cañadas - Colonia Chihuahua,2026-08-24 06:00:00,83,0.0,34,26,320,7.3
Cuatro Cañadas - Colonia Chihuahua,2026-08-24 06:00:00,86,0.0,29,26,320,5.3
Cuatro Cañadas - Colonia Chihuahua,2026-08-24 06:00:00,89,0.0,21,26,328,5.5
Cuatro Cañadas - Colonia Chihuahua,2026-08-24 06:00:00,92,0.0,21,26,328,5.7
Cuatro Cañadas CEA-2,2026-08-24 06:00:00,2,0.0,19,56,161,4.6
Cuatro Cañadas CEA-2,2026-08-24 06:00:00,5,0.0,23,56,170,3.9
Cuatro Cañadas CEA-2,2026-08-24 06:00:00,8,0.0,29,36,170,3.2
Cuatro Cañadas CEA-2,2026-08-24 06:00:00,11,0.0,29,37,170,2.8
Cuatro Cañadas CEA-2,2026-08-24 06:00:00,14,0.0,24,56,160,2.5
Cuatro Cañadas CEA-2,2026-08-24 06:00:00,17,0.0,21,56,170,3.1
Cuatro Cañadas CEA-2,2026-08-24 06:00:00,20,0.0,16,56,170,3.7
Cuatro Cañadas CEA-2,2026-08-24 06:00:00,23,0.0,16,56,210,2.1
Cuatro Cañadas CEA-2,2026-08-24 06:00:00,26,0.0,22,56,181,2.9
Cuatro Cañadas CEA-2,2026-08-24 06:00:00,29,0.0,27,57,250,2.6
Cuatro Cañadas CEA-2,2026-08-24 06:00:00,32,0.0,29,57,312,2.2
Cuatro Cañadas CEA-2,2026-08-24 06:00:00,35,0.0,29,56,310,2.3
Cuatro Cañadas CEA-2,2026-08-24 06:00:00,38,0.0,26,37,300,2.2
Cuatro Cañadas CEA-2,2026-08-24 06:00:00,41,0.0,23,36,320,2.7
Cuatro Cañadas CEA-2,2026-08-24 06:00:00,44,0.0,17,27,330,3.1
Cuatro Cañadas CEA-2,2026-08-24 06:00:00,47,0.0,17,26,328,4.2
Cuatro Cañadas CEA-2,2026-08-24 06:00:00,50,0.0,23,27,328,4.2
Cuatro Cañadas CEA-2,2026-08-24 06:00:00,53,0.0,27,26,328,5.9
Cuatro Cañadas CEA-2,2026-08-24 06:00:00,56,0.0,31,26,320,7.7
Cuatro Cañadas CEA-2,2026-08-24 06:00:00,59,0.0,31,26,338,6.4
Cuatro Cañadas CEA-2,2026-08-24 06:00:00,62,0.0,25,27,348,5.1
Cuatro Cañadas CEA-2,2026-08-24 06:00:00,65,0.0,23,27,340,5.3
Cuatro Cañadas CEA-2,2026-08-24 06:00:00,68,0.0,19,26,330,5.5
Cuatro Cañadas CEA-2,2026-08-24 06:00:00,71,0.0,19,26,321,4.6
Cuatro Cañadas CEA-2,2026-08-24 06:00:00,74,0.0,22,27,320,5.5
Cuatro Cañadas CEA-2,2026-08-24 06:00:00,77,0.0,26,27,320,7.1
Cuatro Cañadas CEA-2,2026-08-24 06:00:00,80,0.0,33,26,318,8.8
Cuatro Cañadas CEA-2,2026-08-24 06:00:00,83,0.0,33,26,318,7.3
Cuatro Cañadas CEA-2,2026-08-24 06:00:00,86,0.0,28,26,310,5.8
Cuatro Cañadas CEA-2,2026-08-24 06:00:00,89,0.0,20,26,320,5.9
Cuatro Cañadas CEA-2,2026-08-24 06:00:00,92,0.0,20,26,320,6.2
Desaguadero_M,2026-08-24 06:00:00,2,2.0,4,89,10,2.0
Desaguadero_M,2026-08-24 06:00:00,5,1.1,6,89,10,3.3
Desaguadero_M,2026-08-24 06:00:00,8,0.6,11,89,5,4.5
Desaguadero_M,2026-08-24 06:00:00,11,1.5,11,89,35,2.8
Desaguadero_M,2026-08-24 06:00:00,14,1.1,6,89,63,1.2
Desaguadero_M,2026-08-24 06:00:00,17,1.4,3,89,58,1.4
Desaguadero_M,2026-08-24 06:00:00,20,0.0,1,36,51,1.4
Desaguadero_M,2026-08-24 06:00:00,23,0.0,1,36,74,1.1
Desaguadero_M,2026-08-24 06:00:00,26,0.0,3,36,72,1.3
Desaguadero_M,2026-08-24 06:00:00,29,0.0,6,37,40,1.8
Desaguadero_M,2026-08-24 06:00:00,32,0.0,11,36,2,2.4
Desaguadero_M,2026-08-24 06:00:00,35,0.0,11,36,23,2.7
Desaguadero_M,2026-08-24 06:00:00,38,0.0,6,26,34,3.1
Desaguadero_M,2026-08-24 06:00:00,41,0.0,3,26,39,2.0
Desaguadero_M,2026-08-24 06:00:00,44,0.0,1,26,41,0.9
Desaguadero_M,2026-08-24 06:00:00,47,0.0,1,26,137,1.8
Desaguadero_M,2026-08-24 06:00:00,50,0.0,4,26,174,1.3
Desaguadero_M,2026-08-24 06:00:00,53,0.0,7,26,120,2.2
Desaguadero_M,2026-08-24 06:00:00,56,0.0,11,26,4,3.0
Desaguadero_M,2026-08-24 06:00:00,59,0.0,11,26,39,2.8
Desaguadero_M,2026-08-24 06:00:00,62,0.0,7,26,67,2.6
Desaguadero_M,2026-08-24 06:00:00,65,0.0,4,27,96,1.9
Desaguadero_M,2026-08-24 06:00:00,68,0.0,2,26,130,1.2
Desaguadero_M,2026-08-24 06:00:00,71,0.0,1,26,171,0.8
Desaguadero_M,2026-08-24 06:00:00,74,0.0,6,26,207,0.7
Desaguadero_M,2026-08-24 06:00:00,77,0.0,10,26,277,2.5
Desaguadero_M,2026-08-24 06:00:00,80,0.0,13,26,339,4.3
Desaguadero_M,2026-08-24 06:00:00,83,0.0,13,26,355,3.6
Desaguadero_M,2026-08-24 06:00:00,86,0.0,10,26,10,2.9
Desaguadero_M,2026-08-24 06:00:00,89,0.0,2,26,35,2.0
Desaguadero_M,2026-08-24 06:00:00,92,0.0,2,26,54,1.0
El Alto,2026-08-24 06:00:00,2,1.2,5,90,335,1.1
El Alto,2026-08-24 06:00:00,5,1.0,7,89,311,2.1
El Alto,2026-08-24 06:00:00,8,1.3,11,89,286,3.1
El Alto,2026-08-24 06:00:00,11,1.5,11,89,348,2.1
El Alto,2026-08-24 06:00:00,14,0.7,5,89,48,1.2
El Alto,2026-08-24 06:00:00,17,1.2,3,89,14,1.2
El Alto,2026-08-24 06:00:00,20,0.0,1,36,334,1.1
El Alto,2026-08-24 06:00:00,23,0.0,1,35,332,1.7
El Alto,2026-08-24 06:00:00,26,0.0,3,36,345,1.6
El Alto,2026-08-24 06:00:00,29,0.0,6,36,342,2.2
El Alto,2026-08-24 06:00:00,32,0.0,12,36,338,2.9
El Alto,2026-08-24 06:00:00,35,0.0,12,36,353,2.5
El Alto,2026-08-24 06:00:00,38,0.0,7,26,358,2.0
El Alto,2026-08-24 06:00:00,41,0.0,4,26,346,1.9
El Alto,2026-08-24 06:00:00,44,0.0,1,26,331,1.8
El Alto,2026-08-24 06:00:00,47,0.0,1,26,294,1.8
El Alto,2026-08-24 06:00:00,50,0.0,5,26,284,2.1
El Alto,2026-08-24 06:00:00,53,0.0,8,26,272,2.8
El Alto,2026-08-24 06:00:00,56,0.0,13,26,254,3.5
El Alto,2026-08-24 06:00:00,59,0.0,13,26,305,2.3
El Alto,2026-08-24 06:00:00,62,0.0,7,25,350,1.1
El Alto,2026-08-24 06:00:00,65,0.0,3,26,325,1.5
El Alto,2026-08-24 06:00:00,68,0.0,1,26,294,1.9
El Alto,2026-08-24 06:00:00,71,0.0,1,26,226,1.0
El Alto,2026-08-24 06:00:00,74,0.0,6,26,277,1.0
El Alto,2026-08-24 06:00:00,77,0.0,10,26,230,1.6
El Alto,2026-08-24 06:00:00,80,0.0,15,26,184,2.2
El Alto,2026-08-24 06:00:00,83,0.0,15,25,37,1.7
El Alto,2026-08-24 06:00:00,86,0.0,9,26,25,1.1
El Alto,2026-08-24 06:00:00,89,0.0,2,25,91,1.0
El Alto,2026-08-24 06:00:00,92,0.0,2,26,157,1.0
El Puente,2026-08-24 06:00:00,2,0.0,20,56,140,3.3
El Puente,2026-08-24 06:00:00,5,0.0,23,56,160,2.8
El Puente,2026-08-24 06:00:00,8,0.0,26,36,180,2.3
El Puente,2026-08-24 06:00:00,11,0.0,26,36,189,1.8
El Puente,2026-08-24 06:00:00,14,0.0,24,56,189,1.3
El Puente,2026-08-24 06:00:00,17,0.0,21,57,156,1.3
El Puente,2026-08-24 06:00:00,20,0.0,16,56,120,1.3
El Puente,2026-08-24 06:00:00,23,0.0,16,56,166,1.3
El Puente,2026-08-24 06:00:00,26,0.0,20,56,179,1.4
El Puente,2026-08-24 06:00:00,29,0.0,23,56,259,2.0
El Puente,2026-08-24 06:00:00,32,0.0,26,56,330,2.7
El Puente,2026-08-24 06:00:00,35,0.0,26,56,324,2.0
El Puente,2026-08-24 06:00:00,38,0.0,23,36,312,1.2
El Puente,2026-08-24 06:00:00,41,0.0,21,36,319,1.2
El Puente,2026-08-24 06:00:00,44,0.0,17,26,320,1.2
El Puente,2026-08-24 06:00:00,47,0.0,17,25,330,1.8
El Puente,2026-08-24 06:00:00,50,0.0,23,26,330,2.2
El Puente,2026-08-24 06:00:00,53,0.0,26,25,330,3.3
El Puente,2026-08-24 06:00:00,56,0.0,28,26,320,4.3
El Puente,2026-08-24 06:00:00,59,0.0,28,25,340,3.1
El Puente,2026-08-24 06:00:00,62,0.0,25,26,359,1.8
El Puente,2026-08-24 06:00:00,65,0.0,20,26,349,1.9
El Puente,2026-08-24 06:00:00,68,0.0,18,26,330,1.9
El Puente,2026-08-24 06:00:00,71,0.0,18,26,324,1.8
El Puente,2026-08-24 06:00:00,74,0.0,21,26,320,2.1
El Puente,2026-08-24 06:00:00,77,0.0,25,26,320,3.5
El Puente,2026-08-24 06:00:00,80,0.0,30,26,310,4.9
El Puente,2026-08-24 06:00:00,83,0.0,30,26,310,4.0
El Puente,2026-08-24 06:00:00,86,0.0,25,26,302,3.2
El Puente,2026-08-24 06:00:00,89,0.0,19,26,312,2.9
El Puente,2026-08-24 06:00:00,92,0.0,19,26,320,2.6
El Villar,2026-08-24 06:00:00,2,1.3,11,89,45,1.6
El Villar,2026-08-24 06:00:00,5,1.2,15,89,55,2.4
El Villar,2026-08-24 06:00:00,8,0.0,22,56,62,3.1
El Villar,2026-08-24 06:00:00,11,0.0,22,56,30,2.1
El Villar,2026-08-24 06:00:00,14,0.0,14,56,356,1.2
El Villar,2026-08-24 06:00:00,17,0.0,9,56,343,1.0
El Villar,2026-08-24 06:00:00,20,0.0,5,56,330,0.9
El Villar,2026-08-24 06:00:00,23,0.0,5,56,306,1.5
El Villar,2026-08-24 06:00:00,26,0.0,8,56,300,1.5
El Villar,2026-08-24 06:00:00,29,0.0,12,57,345,2.0
El Villar,2026-08-24 06:00:00,32,0.0,24,36,31,2.7
El Villar,2026-08-24 06:00:00,35,0.0,24,36,338,1.7
El Villar,2026-08-24 06:00:00,38,0.0,15,37,283,0.8
El Villar,2026-08-24 06:00:00,41,0.0,10,36,286,1.5
El Villar,2026-08-24 06:00:00,44,0.0,4,27,283,2.3
El Villar,2026-08-24 06:00:00,47,0.0,4,27,290,2.4
El Villar,2026-08-24 06:00:00,50,0.0,11,26,290,2.2
El Villar,2026-08-24 06:00:00,53,0.0,17,26,340,2.3
El Villar,2026-08-24 06:00:00,56,0.0,25,26,20,2.4
El Villar,2026-08-24 06:00:00,59,0.0,25,27,335,2.0
El Villar,2026-08-24 06:00:00,62,0.0,15,26,287,1.5
El Villar,2026-08-24 06:00:00,65,0.0,10,26,285,2.4
El Villar,2026-08-24 06:00:00,68,0.0,4,26,282,3.4
El Villar,2026-08-24 06:00:00,71,0.0,5,26,282,3.0
El Villar,2026-08-24 06:00:00,74,0.0,18,26,282,2.9
El Villar,2026-08-24 06:00:00,77,0.0,25,26,317,3.2
El Villar,2026-08-24 06:00:00,80,0.0,26,26,345,3.5
El Villar,2026-08-24 06:00:00,83,0.0,26,26,317,3.3
El Villar,2026-08-24 06:00:00,86,0.0,19,27,283,3.0
El Villar,2026-08-24 06:00:00,89,0.0,5,26,283,3.2
El Villar,2026-08-24 06:00:00,92,0.0,6,26,283,3.4
Filadelfia - PD,2026-08-24 06:00:00,2,0.0,24,36,180,1.7
Filadelfia - PD,2026-08-24 06:00:00,5,0.0,29,36,190,2.5
Filadelfia - PD,2026-08-24 06:00:00,8,0.0,33,56,192,3.2
Filadelfia - PD,2026-08-24 06:00:00,11,0.0,33,57,192,3.0
Filadelfia - PD,2026-08-24 06:00:00,14,0.0,28,57,190,2.7
Filadelfia - PD,2026-08-24 06:00:00,17,0.0,25,56,217,2.3
Filadelfia - PD,2026-08-24 06:00:00,20,0.0,20,56,237,1.9
Filadelfia - PD,2026-08-24 06:00:00,23,0.0,20,56,240,1.9
Filadelfia - PD,2026-08-24 06:00:00,26,0.0,26,57,250,2.3
Filadelfia - PD,2026-08-24 06:00:00,29,0.0,29,56,290,2.3
Filadelfia - PD,2026-08-24 06:00:00,32,0.0,33,56,330,2.2
Filadelfia - PD,2026-08-24 06:00:00,35,0.0,33,56,320,1.6
Filadelfia - PD,2026-08-24 06:00:00,38,0.0,29,56,300,1.1
Filadelfia - PD,2026-08-24 06:00:00,41,0.0,25,56,270,1.1
Filadelfia - PD,2026-08-24 06:00:00,44,0.0,20,27,233,1.2
Filadelfia - PD,2026-08-24 06:00:00,47,0.0,20,26,310,1.5
Filadelfia - PD,2026-08-24 06:00:00,50,0.0,25,26,300,1.8
Filadelfia - PD,2026-08-24 06:00:00,53,0.0,30,27,310,2.2
Filadelfia - PD,2026-08-24 06:00:00,56,0.0,33,36,310,2.5
Filadelfia - PD,2026-08-24 06:00:00,59,0.0,33,36,320,2.0
Filadelfia - PD,2026-08-24 06:00:00,62,0.0,29,26,330,1.4
Filadelfia - PD,2026-08-24 06:00:00,65,0.0,26,27,330,1.5
Filadelfia - PD,2026-08-24 06:00:00,68,0.0,21,26,320,1.6
Filadelfia - PD,2026-08-24 06:00:00,71,0.0,21,26,300,1.4
Filadelfia - PD,2026-08-24 06:00:00,74,0.0,26,27,300,1.6
Filadelfia - PD,2026-08-24 06:00:00,77,0.0,31,27,300,2.3
Filadelfia - PD,2026-08-24 06:00:00,80,0.0,35,36,300,2.9
Filadelfia - PD,2026-08-24 06:00:00,83,0.0,35,36,300,2.2
Filadelfia - PD,2026-08-24 06:00:00,86,0.0,31,26,300,1.4
Filadelfia - PD,2026-08-24 06:00:00,89,0.0,22,26,310,1.5
Filadelfia - PD,2026-08-24 06:00:00,92,0.0,22,26,310,1.6
Guayaramerin,2026-08-24 06:00:00,2,0.0,25,36,160,2.6
Guayaramerin,2026-08-24 06:00:00,5,0.0,27,36,172,2.3
Guayaramerin,2026-08-24 06:00:00,8,0.0,35,56,182,2.0
Guayaramerin,2026-08-24 06:00:00,11,0.0,35,56,192,2.9
Guayaramerin,2026-08-24 06:00:00,14,0.0,29,36,200,3.9
Guayaramerin,2026-08-24 06:00:00,17,0.0,26,35,201,2.1
Guayaramerin,2026-08-24 06:00:00,20,0.0,21,55,201,0.3
Guayaramerin,2026-08-24 06:00:00,23,0.0,21,56,72,1.0
Guayaramerin,2026-08-24 06:00:00,26,0.0,26,56,248,1.6
Guayaramerin,2026-08-24 06:00:00,29,0.0,28,57,240,1.9
Guayaramerin,2026-08-24 06:00:00,32,0.0,35,56,230,2.1
Guayaramerin,2026-08-24 06:00:00,35,0.0,35,56,248,2.0
Guayaramerin,2026-08-24 06:00:00,38,0.0,29,56,260,1.8
Guayaramerin,2026-08-24 06:00:00,41,0.0,26,56,250,1.5
Guayaramerin,2026-08-24 06:00:00,44,0.0,21,36,240,1.2
Guayaramerin,2026-08-24 06:00:00,47,0.0,21,36,235,0.7
Guayaramerin,2026-08-24 06:00:00,50,0.0,26,36,257,0.6
Guayaramerin,2026-08-24 06:00:00,53,0.0,31,36,250,1.5
Guayaramerin,2026-08-24 06:00:00,56,0.0,35,26,241,2.4
Guayaramerin,2026-08-24 06:00:00,59,0.0,35,26,246,1.8
Guayaramerin,2026-08-24 06:00:00,62,0.0,28,26,245,1.1
Guayaramerin,2026-08-24 06:00:00,65,0.0,24,26,308,1.0
Guayaramerin,2026-08-24 06:00:00,68,0.0,21,26,3,1.0
Guayaramerin,2026-08-24 06:00:00,71,0.0,21,27,323,1.6
Guayaramerin,2026-08-24 06:00:00,74,0.0,27,26,303,2.0
Guayaramerin,2026-08-24 06:00:00,77,0.0,31,27,303,2.1
Guayaramerin,2026-08-24 06:00:00,80,0.0,35,36,303,2.2
Guayaramerin,2026-08-24 06:00:00,83,0.0,35,37,320,1.6
Guayaramerin,2026-08-24 06:00:00,86,0.0,32,26,327,1.1
Guayaramerin,2026-08-24 06:00:00,89,0.0,22,26,330,1.2
Guayaramerin,2026-08-24 06:00:00,92,0.0,22,27,320,1.3
Guayaramerin_M (GPRS),2026-08-24 06:00:00,2,0.0,25,36,160,2.5
Guayaramerin_M (GPRS),2026-08-24 06:00:00,5,0.0,28,35,170,2.3
Guayaramerin_M (GPRS),2026-08-24 06:00:00,8,0.0,34,56,179,2.2
Guayaramerin_M (GPRS),2026-08-24 06:00:00,11,0.0,34,56,199,2.9
Guayaramerin_M (GPRS),2026-08-24 06:00:00,14,0.0,27,36,209,3.6
Guayaramerin_M (GPRS),2026-08-24 06:00:00,17,0.0,25,37,200,2.0
Guayaramerin_M (GPRS),2026-08-24 06:00:00,20,0.0,21,55,190,0.4
Guayaramerin_M (GPRS),2026-08-24 06:00:00,23,0.0,21,55,175,1.1
Guayaramerin_M (GPRS),2026-08-24 06:00:00,26,0.0,25,56,249,1.8
Guayaramerin_M (GPRS),2026-08-24 06:00:00,29,0.0,27,57,229,1.9
Guayaramerin_M (GPRS),2026-08-24 06:00:00,32,0.0,34,56,201,2.0
Guayaramerin_M (GPRS),2026-08-24 06:00:00,35,0.0,34,56,239,1.9
Guayaramerin_M (GPRS),2026-08-24 06:00:00,38,0.0,30,55,269,1.7
Guayaramerin_M (GPRS),2026-08-24 06:00:00,41,0.0,26,55,269,1.4
Guayaramerin_M (GPRS),2026-08-24 06:00:00,44,0.0,21,35,260,1.1
Guayaramerin_M (GPRS),2026-08-24 06:00:00,47,0.0,21,36,251,0.6
Guayaramerin_M (GPRS),2026-08-24 06:00:00,50,0.0,26,36,291,0.7
Guayaramerin_M (GPRS),2026-08-24 06:00:00,53,0.0,30,35,291,1.4
Guayaramerin_M (GPRS),2026-08-24 06:00:00,56,0.0,34,25,281,2.0
Guayaramerin_M (GPRS),2026-08-24 06:00:00,59,0.0,34,25,282,1.5
Guayaramerin_M (GPRS),2026-08-24 06:00:00,62,0.0,28,26,281,1.1
Guayaramerin_M (GPRS),2026-08-24 06:00:00,65,0.0,24,25,311,1.0
Guayaramerin_M (GPRS),2026-08-24 06:00:00,68,0.0,21,25,340,0.9
Guayaramerin_M (GPRS),2026-08-24 06:00:00,71,0.0,21,27,311,1.6
Guayaramerin_M (GPRS),2026-08-24 06:00:00,74,0.0,27,26,292,2.0
Guayaramerin_M (GPRS),2026-08-24 06:00:00,77,0.0,31,25,301,2.2
Guayaramerin_M (GPRS),2026-08-24 06:00:00,80,0.0,34,36,301,2.3
Guayaramerin_M (GPRS),2026-08-24 06:00:00,83,0.0,34,35,320,1.8
Guayaramerin_M (GPRS),2026-08-24 06:00:00,86,0.0,30,26,331,1.2
Guayaramerin_M (GPRS),2026-08-24 06:00:00,89,0.0,22,25,321,1.3
Guayaramerin_M (GPRS),2026-08-24 06:00:00,92,0.0,22,26,309,1.4
Incapampa,2026-08-24 06:00:00,2,1.3,17,89,139,1.3
Incapampa,2026-08-24 06:00:00,5,2.6,19,89,121,1.0
Incapampa,2026-08-24 06:00:00,8,1.6,24,89,95,0.8
Incapampa,2026-08-24 06:00:00,11,1.9,24,89,152,1.1
Incapampa,2026-08-24 06:00:00,14,1.8,20,89,204,1.5
Incapampa,2026-08-24 06:00:00,17,2.5,17,89,204,1.7
Incapampa,2026-08-24 06:00:00,20,0.0,14,56,204,1.8
Incapampa,2026-08-24 06:00:00,23,0.0,14,56,214,2.0
Incapampa,2026-08-24 06:00:00,26,0.0,16,56,215,1.5
Incapampa,2026-08-24 06:00:00,29,0.0,20,56,297,2.0
Incapampa,2026-08-24 06:00:00,32,0.0,24,56,17,2.5
Incapampa,2026-08-24 06:00:00,35,0.0,24,56,301,2.1
Incapampa,2026-08-24 06:00:00,38,0.0,20,37,219,1.8
Incapampa,2026-08-24 06:00:00,41,0.0,18,37,213,2.0
Incapampa,2026-08-24 06:00:00,44,0.0,14,37,206,2.2
Incapampa,2026-08-24 06:00:00,47,0.0,14,37,209,2.1
Incapampa,2026-08-24 06:00:00,50,0.0,17,37,204,1.7
Incapampa,2026-08-24 06:00:00,53,0.0,21,37,276,2.1
Incapampa,2026-08-24 06:00:00,56,0.0,24,37,17,2.4
Incapampa,2026-08-24 06:00:00,59,0.0,24,37,301,2.2
Incapampa,2026-08-24 06:00:00,62,0.0,21,37,222,2.1
Incapampa,2026-08-24 06:00:00,65,0.0,19,37,218,2.3
Incapampa,2026-08-24 06:00:00,68,0.0,16,36,214,2.5
Incapampa,2026-08-24 06:00:00,71,0.0,16,36,204,1.7
Incapampa,2026-08-24 06:00:00,74,0.0,19,36,197,1.1
Incapampa,2026-08-24 06:00:00,77,0.0,22,36,215,2.0
Incapampa,2026-08-24 06:00:00,80,1.3,26,77,15,2.8
Incapampa,2026-08-24 06:00:00,83,1.6,26,76,303,2.2
Incapampa,2026-08-24 06:00:00,86,0.0,22,36,226,1.6
Incapampa,2026-08-24 06:00:00,89,0.0,17,36,218,1.8
Incapampa,2026-08-24 06:00:00,92,0.0,17,27,204,2.0
Ixiamas,2026-08-24 06:00:00,2,0.0,21,36,183,1.5
Ixiamas,2026-08-24 06:00:00,5,0.0,24,36,200,1.7
Ixiamas,2026-08-24 06:00:00,8,0.0,29,56,209,1.9
Ixiamas,2026-08-24 06:00:00,11,0.0,29,57,220,1.7
Ixiamas,2026-08-24 06:00:00,14,0.0,25,36,230,1.5
Ixiamas,2026-08-24 06:00:00,17,0.0,21,37,222,1.6
Ixiamas,2026-08-24 06:00:00,20,0.0,16,56,212,1.7
Ixiamas,2026-08-24 06:00:00,23,0.0,16,55,260,1.9
Ixiamas,2026-08-24 06:00:00,26,0.0,23,56,290,2.1
Ixiamas,2026-08-24 06:00:00,29,0.0,26,56,309,2.7
Ixiamas,2026-08-24 06:00:00,32,0.0,29,56,319,3.3
Ixiamas,2026-08-24 06:00:00,35,0.0,29,56,309,2.6
Ixiamas,2026-08-24 06:00:00,38,0.0,25,37,298,1.9
Ixiamas,2026-08-24 06:00:00,41,0.0,22,36,296,1.7
Ixiamas,2026-08-24 06:00:00,44,0.0,16,26,287,1.4
Ixiamas,2026-08-24 06:00:00,47,0.0,16,25,266,1.2
Ixiamas,2026-08-24 06:00:00,50,0.0,23,27,267,1.3
Ixiamas,2026-08-24 06:00:00,53,0.0,26,26,290,2.7
Ixiamas,2026-08-24 06:00:00,56,0.0,29,27,312,4.1
Ixiamas,2026-08-24 06:00:00,59,0.0,29,26,291,2.8
Ixiamas,2026-08-24 06:00:00,62,0.0,26,26,268,1.4
Ixiamas,2026-08-24 06:00:00,65,0.0,20,26,269,1.4
Ixiamas,2026-08-24 06:00:00,68,0.0,17,26,269,1.4
Ixiamas,2026-08-24 06:00:00,71,0.0,17,26,280,1.5
Ixiamas,2026-08-24 06:00:00,74,0.0,21,26,308,1.5
Ixiamas,2026-08-24 06:00:00,77,0.0,24,25,310,2.9
Ixiamas,2026-08-24 06:00:00,80,0.0,30,26,310,4.2
Ixiamas,2026-08-24 06:00:00,83,0.0,30,27,289,2.9
Ixiamas,2026-08-24 06:00:00,86,0.0,27,26,258,1.6
Ixiamas,2026-08-24 06:00:00,89,0.0,18,26,266,1.5
Ixiamas,2026-08-24 06:00:00,92,0.0,18,26,266,1.4
Jesús de Machaca,2026-08-24 06:00:00,2,1.4,4,89,358,1.9
Jesús de Machaca,2026-08-24 06:00:00,5,1.4,6,89,8,2.7
Jesús de Machaca,2026-08-24 06:00:00,8,1.6,13,89,15,3.5
Jesús de Machaca,2026-08-24 06:00:00,11,2.2,13,89,23,2.6
Jesús de Machaca,2026-08-24 06:00:00,14,1.1,7,88,28,1.8
Jesús de Machaca,2026-08-24 06:00:00,17,1.1,4,89,35,1.4
Jesús de Machaca,2026-08-24 06:00:00,20,0.0,2,36,34,1.0
Jesús de Machaca,2026-08-24 06:00:00,23,0.0,2,37,355,1.4
Jesús de Machaca,2026-08-24 06:00:00,26,0.0,5,36,355,1.5
Jesús de Machaca,2026-08-24 06:00:00,29,0.0,8,36,15,2.0
Jesús de Machaca,2026-08-24 06:00:00,32,0.0,13,36,27,2.5
Jesús de Machaca,2026-08-24 06:00:00,35,0.0,13,36,27,3.1
Jesús de Machaca,2026-08-24 06:00:00,38,0.0,6,26,25,3.7
Jesús de Machaca,2026-08-24 06:00:00,41,0.0,4,26,22,2.6
Jesús de Machaca,2026-08-24 06:00:00,44,0.0,2,25,12,1.4
Jesús de Machaca,2026-08-24 06:00:00,47,0.0,2,25,110,1.3
Jesús de Machaca,2026-08-24 06:00:00,50,0.0,3,26,131,0.9
Jesús de Machaca,2026-08-24 06:00:00,53,0.0,6,26,80,1.9
Jesús de Machaca,2026-08-24 06:00:00,56,0.0,13,25,22,2.8
Jesús de Machaca,2026-08-24 06:00:00,59,0.0,13,26,28,2.6
Jesús de Machaca,2026-08-24 06:00:00,62,0.0,8,25,34,2.3
Jesús de Machaca,2026-08-24 06:00:00,65,0.0,5,26,27,1.5
Jesús de Machaca,2026-08-24 06:00:00,68,0.0,2,25,11,0.7
Jesús de Machaca,2026-08-24 06:00:00,71,0.0,2,26,359,0.5
Jesús de Machaca,2026-08-24 06:00:00,74,0.0,6,26,287,0.3
Jesús de Machaca,2026-08-24 06:00:00,77,0.0,11,26,310,1.8
Jesús de Machaca,2026-08-24 06:00:00,80,0.0,15,26,323,3.2
Jesús de Machaca,2026-08-24 06:00:00,83,0.0,15,27,348,2.9
Jesús de Machaca,2026-08-24 06:00:00,86,0.0,10,25,10,2.7
Jesús de Machaca,2026-08-24 06:00:00,89,0.0,3,25,22,1.8
Jesús de Machaca,2026-08-24 06:00:00,92,0.0,3,26,28,0.9
Kocani,2026-08-24 06:00:00,2,1.4,2,89,315,5.5
Kocani,2026-08-24 06:00:00,5,0.9,7,89,300,7.6
Kocani,2026-08-24 06:00:00,8,1.4,10,90,280,9.8
Kocani,2026-08-24 06:00:00,11,1.4,10,89,280,8.4
Kocani,2026-08-24 06:00:00,14,0.0,5,57,276,7.1
Kocani,2026-08-24 06:00:00,17,0.0,1,56,266,5.4
Kocani,2026-08-24 06:00:00,20,0.0,-3,36,246,3.8
Kocani,2026-08-24 06:00:00,23,0.0,-3,36,280,4.1
Kocani,2026-08-24 06:00:00,26,0.0,0,36,271,2.9
Kocani,2026-08-24 06:00:00,29,0.0,4,36,281,4.9
Kocani,2026-08-24 06:00:00,32,0.0,10,37,282,6.9
Kocani,2026-08-24 06:00:00,35,0.0,10,35,315,4.9
Kocani,2026-08-24 06:00:00,38,0.0,5,26,344,2.9
Kocani,2026-08-24 06:00:00,41,0.0,0,26,341,2.5
Kocani,2026-08-24 06:00:00,44,0.0,-3,27,332,2.1
Kocani,2026-08-24 06:00:00,47,0.0,-3,26,291,2.4
Kocani,2026-08-24 06:00:00,50,0.0,0,26,317,2.2
Kocani,2026-08-24 06:00:00,53,0.0,5,27,304,4.5
Kocani,2026-08-24 06:00:00,56,0.0,11,26,284,6.8
Kocani,2026-08-24 06:00:00,59,0.0,11,26,324,4.8
Kocani,2026-08-24 06:00:00,62,0.0,7,26,354,2.9
Kocani,2026-08-24 06:00:00,65,0.0,2,26,344,2.3
Kocani,2026-08-24 06:00:00,68,0.0,-3,26,331,1.7
Kocani,2026-08-24 06:00:00,71,0.0,-3,26,334,1.2
Kocani,2026-08-24 06:00:00,74,0.0,3,27,309,0.7
Kocani,2026-08-24 06:00:00,77,0.0,8,26,305,3.3
Kocani,2026-08-24 06:00:00,80,0.0,13,27,295,5.9
Kocani,2026-08-24 06:00:00,83,0.0,13,27,330,4.2
Kocani,2026-08-24 06:00:00,86,0.0,7,26,5,2.5
Kocani,2026-08-24 06:00:00,89,0.0,-2,26,345,1.9
Kocani,2026-08-24 06:00:00,92,0.0,-2,26,317,1.2
La Paz - Centro,2026-08-24 06:00:00,2,2.2,9,89,15,1.0
La Paz - Centro,2026-08-24 06:00:00,5,1.5,11,89,30,2.1
La Paz - Centro,2026-08-24 06:00:00,8,1.7,15,89,36,3.2
La Paz - Centro,2026-08-24 06:00:00,11,1.7,15,89,43,2.4
La Paz - Centro,2026-08-24 06:00:00,14,0.9,11,89,45,1.7
La Paz - Centro,2026-08-24 06:00:00,17,1.3,8,89,49,1.2
La Paz - Centro,2026-08-24 06:00:00,20,0.0,6,56,49,0.8
La Paz - Centro,2026-08-24 06:00:00,23,0.0,6,56,302,0.8
La Paz - Centro,2026-08-24 06:00:00,26,0.0,8,56,2,0.8
La Paz - Centro,2026-08-24 06:00:00,29,0.0,11,36,30,1.7
La Paz - Centro,2026-08-24 06:00:00,32,0.0,15,36,52,2.5
La Paz - Centro,2026-08-24 06:00:00,35,0.0,15,36,39,2.4
La Paz - Centro,2026-08-24 06:00:00,38,0.0,12,26,20,2.2
La Paz - Centro,2026-08-24 06:00:00,41,0.0,9,26,320,1.9
La Paz - Centro,2026-08-24 06:00:00,44,0.0,6,26,254,1.6
La Paz - Centro,2026-08-24 06:00:00,47,0.0,6,26,252,2.3
La Paz - Centro,2026-08-24 06:00:00,50,0.0,9,26,252,2.6
La Paz - Centro,2026-08-24 06:00:00,53,0.0,12,26,246,2.5
La Paz - Centro,2026-08-24 06:00:00,56,0.0,15,26,121,2.3
La Paz - Centro,2026-08-24 06:00:00,59,0.0,15,26,44,2.3
La Paz - Centro,2026-08-24 06:00:00,62,0.0,12,26,9,2.3
La Paz - Centro,2026-08-24 06:00:00,65,0.0,9,26,309,2.2
La Paz - Centro,2026-08-24 06:00:00,68,0.0,6,25,249,2.1
La Paz - Centro,2026-08-24 06:00:00,71,0.0,6,26,280,0.7
La Paz - Centro,2026-08-24 06:00:00,74,0.0,10,26,291,0.8
La Paz - Centro,2026-08-24 06:00:00,77,0.0,15,26,359,2.2
La Paz - Centro,2026-08-24 06:00:00,80,0.0,18,26,62,3.7
La Paz - Centro,2026-08-24 06:00:00,83,0.0,18,25,53,3.0
La Paz - Centro,2026-08-24 06:00:00,86,0.0,13,26,38,2.3
La Paz - Centro,2026-08-24 06:00:00,89,0.0,7,26,309,1.5
La Paz - Centro,2026-08-24 06:00:00,92,0.0,7,26,229,0.6
Laguna Colorada (GPRS),2026-08-24 06:00:00,2,0.9,-2,90,270,1.4
Laguna Colorada (GPRS),2026-08-24 06:00:00,5,1.4,1,89,260,4.9
Laguna Colorada (GPRS),2026-08-24 06:00:00,8,1.3,6,89,250,8.5
Laguna Colorada (GPRS),2026-08-24 06:00:00,11,1.4,6,89,250,5.7
Laguna Colorada (GPRS),2026-08-24 06:00:00,14,0.0,-1,56,243,2.9
Laguna Colorada (GPRS),2026-08-24 06:00:00,17,0.0,-5,55,246,2.4
Laguna Colorada (GPRS),2026-08-24 06:00:00,20,0.0,-7,36,246,1.9
Laguna Colorada (GPRS),2026-08-24 06:00:00,23,0.0,-7,36,245,3.0
Laguna Colorada (GPRS),2026-08-24 06:00:00,26,0.0,-4,36,235,3.0
Laguna Colorada (GPRS),2026-08-24 06:00:00,29,0.0,0,37,243,4.6
Laguna Colorada (GPRS),2026-08-24 06:00:00,32,0.0,6,36,250,6.3
Laguna Colorada (GPRS),2026-08-24 06:00:00,35,0.0,6,36,250,4.5
Laguna Colorada (GPRS),2026-08-24 06:00:00,38,0.0,1,26,250,2.8
Laguna Colorada (GPRS),2026-08-24 06:00:00,41,0.0,-2,26,235,2.1
Laguna Colorada (GPRS),2026-08-24 06:00:00,44,0.0,-5,26,218,1.5
Laguna Colorada (GPRS),2026-08-24 06:00:00,47,0.0,-5,26,236,1.7
Laguna Colorada (GPRS),2026-08-24 06:00:00,50,0.0,-2,26,228,1.4
Laguna Colorada (GPRS),2026-08-24 06:00:00,53,0.0,2,26,243,3.5
Laguna Colorada (GPRS),2026-08-24 06:00:00,56,0.0,9,26,250,5.6
Laguna Colorada (GPRS),2026-08-24 06:00:00,59,0.0,9,26,250,4.3
Laguna Colorada (GPRS),2026-08-24 06:00:00,62,0.0,4,26,250,2.9
Laguna Colorada (GPRS),2026-08-24 06:00:00,65,0.0,-1,26,265,2.5
Laguna Colorada (GPRS),2026-08-24 06:00:00,68,0.0,-5,26,273,2.2
Laguna Colorada (GPRS),2026-08-24 06:00:00,71,0.0,-5,26,251,2.0
Laguna Colorada (GPRS),2026-08-24 06:00:00,74,0.0,0,26,251,1.8
Laguna Colorada (GPRS),2026-08-24 06:00:00,77,0.0,4,26,260,4.0
Laguna Colorada (GPRS),2026-08-24 06:00:00,80,0.0,11,26,260,6.2
Laguna Colorada (GPRS),2026-08-24 06:00:00,83,0.0,11,26,260,4.3
Laguna Colorada (GPRS),2026-08-24 06:00:00,86,0.0,1,26,250,2.3
Laguna Colorada (GPRS),2026-08-24 06:00:00,89,0.0,-4,26,267,2.1
Laguna Colorada (GPRS),2026-08-24 06:00:00,92,0.0,-4,26,283,1.9
Magdalena,2026-08-24 06:00:00,2,0.0,24,56,150,4.8
Magdalena,2026-08-24 06:00:00,5,0.0,28,56,158,4.7
Magdalena,2026-08-24 06:00:00,8,0.0,33,56,158,4.5
Magdalena,2026-08-24 06:00:00,11,0.0,33,56,176,5.2
Magdalena,2026-08-24 06:00:00,14,0.0,27,56,186,6.0
Magdalena,2026-08-24 06:00:00,17,0.0,22,56,186,4.7
Magdalena,2026-08-24 06:00:00,20,0.0,20,57,180,3.5
Magdalena,2026-08-24 06:00:00,23,0.0,20,56,200,2.3
Magdalena,2026-08-24 06:00:00,26,0.0,23,56,200,1.9
Magdalena,2026-08-24 06:00:00,29,0.0,26,56,243,3.1
Magdalena,2026-08-24 06:00:00,32,0.0,33,56,283,4.3
Magdalena,2026-08-24 06:00:00,35,0.0,33,56,283,3.7
Magdalena,2026-08-24 06:00:00,38,0.0,28,56,280,3.0
Magdalena,2026-08-24 06:00:00,41,0.0,25,56,290,2.8
Magdalena,2026-08-24 06:00:00,44,0.0,20,26,290,2.5
Magdalena,2026-08-24 06:00:00,47,0.0,20,26,300,3.0
Magdalena,2026-08-24 06:00:00,50,0.0,27,26,310,2.9
Magdalena,2026-08-24 06:00:00,53,0.0,30,26,310,4.0
Magdalena,2026-08-24 06:00:00,56,0.0,33,26,303,5.0
Magdalena,2026-08-24 06:00:00,59,0.0,33,26,333,4.3
Magdalena,2026-08-24 06:00:00,62,0.0,29,27,360,3.5
Magdalena,2026-08-24 06:00:00,65,0.0,24,26,340,3.1
Magdalena,2026-08-24 06:00:00,68,0.0,20,26,320,2.8
Magdalena,2026-08-24 06:00:00,71,0.0,20,26,320,3.8
Magdalena,2026-08-24 06:00:00,74,0.0,26,26,300,4.3
Magdalena,2026-08-24 06:00:00,77,0.0,31,26,310,5.3
Magdalena,2026-08-24 06:00:00,80,0.0,35,36,310,6.2
Magdalena,2026-08-24 06:00:00,83,0.0,35,36,320,4.8
Magdalena,2026-08-24 06:00:00,86,0.0,31,26,323,3.3
Magdalena,2026-08-24 06:00:00,89,0.0,21,26,323,3.7
Magdalena,2026-08-24 06:00:00,92,0.0,21,26,320,4.1
Mecapaca,2026-08-24 06:00:00,2,2.1,11,89,284,0.8
Mecapaca,2026-08-24 06:00:00,5,1.6,14,89,306,1.5
Mecapaca,2026-08-24 06:00:00,8,1.6,18,89,328,2.1
Mecapaca,2026-08-24 06:00:00,11,1.6,18,89,26,1.9
Mecapaca,2026-08-24 06:00:00,14,1.2,14,89,83,1.7
Mecapaca,2026-08-24 06:00:00,17,1.1,12,89,73,1.2
Mecapaca,2026-08-24 06:00:00,20,0.0,9,56,58,0.7
Mecapaca,2026-08-24 06:00:00,23,0.0,9,56,300,1.9
Mecapaca,2026-08-24 06:00:00,26,0.0,11,56,308,1.7
Mecapaca,2026-08-24 06:00:00,29,0.0,14,36,357,1.8
Mecapaca,2026-08-24 06:00:00,32,0.0,18,36,36,1.9
Mecapaca,2026-08-24 06:00:00,35,0.0,18,36,26,1.5
Mecapaca,2026-08-24 06:00:00,38,0.0,14,26,10,1.2
Mecapaca,2026-08-24 06:00:00,41,0.0,11,26,329,1.6
Mecapaca,2026-08-24 06:00:00,44,0.0,9,26,284,2.0
Mecapaca,2026-08-24 06:00:00,47,0.0,9,26,275,2.7
Mecapaca,2026-08-24 06:00:00,50,0.0,12,26,271,3.0
Mecapaca,2026-08-24 06:00:00,53,0.0,15,26,260,2.8
Mecapaca,2026-08-24 06:00:00,56,0.0,18,26,239,2.6
Mecapaca,2026-08-24 06:00:00,59,0.0,18,26,285,1.8
Mecapaca,2026-08-24 06:00:00,62,0.0,15,27,331,0.9
Mecapaca,2026-08-24 06:00:00,65,0.0,13,26,306,1.9
Mecapaca,2026-08-24 06:00:00,68,0.0,11,25,280,2.9
Mecapaca,2026-08-24 06:00:00,71,0.0,10,26,213,1.0
Mecapaca,2026-08-24 06:00:00,74,0.0,13,26,283,1.4
Mecapaca,2026-08-24 06:00:00,77,0.0,16,26,318,2.1
Mecapaca,2026-08-24 06:00:00,80,0.0,19,27,99,2.7
Mecapaca,2026-08-24 06:00:00,83,0.0,19,25,93,2.4
Mecapaca,2026-08-24 06:00:00,86,0.0,15,26,83,2.1
Mecapaca,2026-08-24 06:00:00,89,0.0,11,26,126,1.6
Mecapaca,2026-08-24 06:00:00,92,0.0,11,26,163,1.0
Misicuni-Sivingani,2026-08-24 06:00:00,2,0.6,3,90,330,3.5
Misicuni-Sivingani,2026-08-24 06:00:00,5,0.6,5,90,332,3.5
Misicuni-Sivingani,2026-08-24 06:00:00,8,1.1,6,89,331,3.6
Misicuni-Sivingani,2026-08-24 06:00:00,11,1.5,6,90,331,4.0
Misicuni-Sivingani,2026-08-24 06:00:00,14,0.0,5,56,329,4.5
Misicuni-Sivingani,2026-08-24 06:00:00,17,0.0,3,56,337,3.8
Misicuni-Sivingani,2026-08-24 06:00:00,20,0.0,2,36,345,3.0
Misicuni-Sivingani,2026-08-24 06:00:00,23,0.0,2,36,336,3.7
Misicuni-Sivingani,2026-08-24 06:00:00,26,0.0,3,37,329,3.5
Misicuni-Sivingani,2026-08-24 06:00:00,29,0.0,5,36,331,4.3
Misicuni-Sivingani,2026-08-24 06:00:00,32,0.0,6,36,331,5.1
Misicuni-Sivingani,2026-08-24 06:00:00,35,0.0,6,36,331,5.1
Misicuni-Sivingani,2026-08-24 06:00:00,38,0.0,4,27,331,5.1
Misicuni-Sivingani,2026-08-24 06:00:00,41,0.0,3,26,335,3.6
Misicuni-Sivingani,2026-08-24 06:00:00,44,0.0,1,27,332,2.2
Misicuni-Sivingani,2026-08-24 06:00:00,47,0.0,1,27,317,2.4
Misicuni-Sivingani,2026-08-24 06:00:00,50,0.0,3,26,305,1.9
Misicuni-Sivingani,2026-08-24 06:00:00,53,0.0,6,26,312,3.3
Misicuni-Sivingani,2026-08-24 06:00:00,56,0.0,7,26,311,4.6
Misicuni-Sivingani,2026-08-24 06:00:00,59,0.0,7,26,319,4.4
Misicuni-Sivingani,2026-08-24 06:00:00,62,0.0,6,26,327,4.3
Misicuni-Sivingani,2026-08-24 06:00:00,65,0.0,3,26,326,3.8
Misicuni-Sivingani,2026-08-24 06:00:00,68,0.0,1,27,323,3.2
Misicuni-Sivingani,2026-08-24 06:00:00,71,0.0,1,26,323,2.9
Misicuni-Sivingani,2026-08-24 06:00:00,74,0.0,4,26,314,2.1
Misicuni-Sivingani,2026-08-24 06:00:00,77,0.0,6,27,317,3.6
Misicuni-Sivingani,2026-08-24 06:00:00,80,0.0,8,26,313,5.2
Misicuni-Sivingani,2026-08-24 06:00:00,83,0.0,8,26,321,5.1
Misicuni-Sivingani,2026-08-24 06:00:00,86,0.0,5,26,321,4.9
Misicuni-Sivingani,2026-08-24 06:00:00,89,0.0,2,26,328,4.6
Misicuni-Sivingani,2026-08-24 06:00:00,92,0.0,2,26,326,4.3
Mizque,2026-08-24 06:00:00,2,1.5,14,90,357,1.4
Mizque,2026-08-24 06:00:00,5,1.6,16,89,25,2.0
Mizque,2026-08-24 06:00:00,8,1.5,22,90,53,2.6
Mizque,2026-08-24 06:00:00,11,1.9,22,89,60,2.0
Mizque,2026-08-24 06:00:00,14,0.0,15,56,60,1.4
Mizque,2026-08-24 06:00:00,17,0.0,13,57,50,1.1
Mizque,2026-08-24 06:00:00,20,0.0,10,56,29,0.8
Mizque,2026-08-24 06:00:00,23,0.0,10,57,330,1.5
Mizque,2026-08-24 06:00:00,26,0.0,13,56,310,1.5
Mizque,2026-08-24 06:00:00,29,0.0,17,56,340,2.7
Mizque,2026-08-24 06:00:00,32,0.0,22,36,10,4.0
Mizque,2026-08-24 06:00:00,35,0.0,22,36,20,2.9
Mizque,2026-08-24 06:00:00,38,0.0,17,36,20,2.0
Mizque,2026-08-24 06:00:00,41,0.0,12,36,350,1.9
Mizque,2026-08-24 06:00:00,44,0.0,9,25,313,1.8
Mizque,2026-08-24 06:00:00,47,0.0,9,26,300,1.8
Mizque,2026-08-24 06:00:00,50,0.0,16,27,290,1.6
Mizque,2026-08-24 06:00:00,53,0.0,19,26,295,2.4
Mizque,2026-08-24 06:00:00,56,0.0,22,27,297,3.3
Mizque,2026-08-24 06:00:00,59,0.0,22,25,342,2.8
Mizque,2026-08-24 06:00:00,62,0.0,17,26,17,2.4
Mizque,2026-08-24 06:00:00,65,0.0,13,26,357,2.3
Mizque,2026-08-24 06:00:00,68,0.0,10,26,327,2.2
Mizque,2026-08-24 06:00:00,71,0.0,10,26,320,2.0
Mizque,2026-08-24 06:00:00,74,0.0,14,26,320,1.9
Mizque,2026-08-24 06:00:00,77,0.0,20,27,350,3.3
Mizque,2026-08-24 06:00:00,80,0.0,24,26,10,4.6
Mizque,2026-08-24 06:00:00,83,0.0,24,26,10,3.6
Mizque,2026-08-24 06:00:00,86,0.0,18,26,7,2.6
Mizque,2026-08-24 06:00:00,89,0.0,11,26,347,2.5
Mizque,2026-08-24 06:00:00,92,0.0,11,26,320,2.4
Monteagudo,2026-08-24 06:00:00,2,0.0,15,56,31,0.4
Monteagudo,2026-08-24 06:00:00,5,0.0,18,57,58,1.6
Monteagudo,2026-08-24 06:00:00,8,0.0,25,56,77,2.7
Monteagudo,2026-08-24 06:00:00,11,0.0,25,56,84,1.8
Monteagudo,2026-08-24 06:00:00,14,0.0,19,56,83,0.9
Monteagudo,2026-08-24 06:00:00,17,0.0,16,56,126,0.8
Monteagudo,2026-08-24 06:00:00,20,0.0,11,56,159,0.7
Monteagudo,2026-08-24 06:00:00,23,0.0,11,56,222,0.6
Monteagudo,2026-08-24 06:00:00,26,0.0,15,56,196,0.4
Monteagudo,2026-08-24 06:00:00,29,0.0,20,56,143,1.4
Monteagudo,2026-08-24 06:00:00,32,0.0,27,37,83,2.4
Monteagudo,2026-08-24 06:00:00,35,0.0,27,36,12,1.5
Monteagudo,2026-08-24 06:00:00,38,0.0,20,35,297,0.6
Monteagudo,2026-08-24 06:00:00,41,0.0,16,36,284,0.8
Monteagudo,2026-08-24 06:00:00,44,0.0,10,27,269,1.0
Monteagudo,2026-08-24 06:00:00,47,0.0,10,26,258,0.9
Monteagudo,2026-08-24 06:00:00,50,0.0,17,26,251,0.5
Monteagudo,2026-08-24 06:00:00,53,0.0,23,26,276,1.8
Monteagudo,2026-08-24 06:00:00,56,0.0,27,27,68,3.1
Monteagudo,2026-08-24 06:00:00,59,0.0,27,26,36,2.1
Monteagudo,2026-08-24 06:00:00,62,0.0,20,26,252,1.2
Monteagudo,2026-08-24 06:00:00,65,0.0,15,26,280,1.5
Monteagudo,2026-08-24 06:00:00,68,0.0,11,26,303,1.9
Monteagudo,2026-08-24 06:00:00,71,0.0,11,26,299,1.5
Monteagudo,2026-08-24 06:00:00,74,0.0,19,26,300,1.4
Monteagudo,2026-08-24 06:00:00,77,0.0,26,27,350,2.8
Monteagudo,2026-08-24 06:00:00,80,0.0,30,26,37,4.3
Monteagudo,2026-08-24 06:00:00,83,0.0,29,26,4,3.0
Monteagudo,2026-08-24 06:00:00,86,0.0,22,26,329,1.7
Monteagudo,2026-08-24 06:00:00,89,0.0,12,26,309,1.5
Monteagudo,2026-08-24 06:00:00,92,0.0,11,27,284,1.4
Orinoca,2026-08-24 06:00:00,2,1.9,3,89,340,3.2
Orinoca,2026-08-24 06:00:00,5,1.2,5,89,320,4.4
Orinoca,2026-08-24 06:00:00,8,2.1,7,89,293,5.6
Orinoca,2026-08-24 06:00:00,11,1.7,7,89,283,3.9
Orinoca,2026-08-24 06:00:00,14,0.0,5,56,265,2.3
Orinoca,2026-08-24 06:00:00,17,0.0,3,56,230,2.2
Orinoca,2026-08-24 06:00:00,20,0.0,0,36,195,2.1
Orinoca,2026-08-24 06:00:00,23,0.0,0,36,300,2.0
Orinoca,2026-08-24 06:00:00,26,0.0,2,37,338,1.9
Orinoca,2026-08-24 06:00:00,29,0.0,5,36,318,2.6
Orinoca,2026-08-24 06:00:00,32,0.0,8,36,291,3.3
Orinoca,2026-08-24 06:00:00,35,0.0,8,36,324,2.4
Orinoca,2026-08-24 06:00:00,38,0.0,6,27,106,1.5
Orinoca,2026-08-24 06:00:00,41,0.0,3,26,178,1.9
Orinoca,2026-08-24 06:00:00,44,0.0,0,26,282,2.3
Orinoca,2026-08-24 06:00:00,47,0.0,0,26,304,1.5
Orinoca,2026-08-24 06:00:00,50,0.0,3,26,346,1.0
Orinoca,2026-08-24 06:00:00,53,0.0,7,26,318,2.2
Orinoca,2026-08-24 06:00:00,56,0.0,9,25,283,3.3
Orinoca,2026-08-24 06:00:00,59,0.0,9,26,8,2.6
Orinoca,2026-08-24 06:00:00,62,0.0,7,26,86,1.8
Orinoca,2026-08-24 06:00:00,65,0.0,2,26,184,2.4
Orinoca,2026-08-24 06:00:00,68,0.0,-1,26,260,3.0
Orinoca,2026-08-24 06:00:00,71,0.0,-1,26,272,1.3
Orinoca,2026-08-24 06:00:00,74,0.0,4,26,305,0.9
Orinoca,2026-08-24 06:00:00,77,0.0,8,26,328,1.8
Orinoca,2026-08-24 06:00:00,80,0.0,10,25,346,2.8
Orinoca,2026-08-24 06:00:00,83,0.0,10,26,28,2.8
Orinoca,2026-08-24 06:00:00,86,0.0,7,26,70,2.8
Orinoca,2026-08-24 06:00:00,89,0.0,0,27,73,2.7
Orinoca,2026-08-24 06:00:00,92,0.0,0,26,250,2.6
Oruro - Aeropuerto,2026-08-24 06:00:00,2,1.0,6,89,323,3.5
Oruro - Aeropuerto,2026-08-24 06:00:00,5,1.4,9,89,309,4.2
Oruro - Aeropuerto,2026-08-24 06:00:00,8,2.4,16,89,288,4.9
Oruro - Aeropuerto,2026-08-24 06:00:00,11,1.9,16,89,318,3.7
Oruro - Aeropuerto,2026-08-24 06:00:00,14,0.0,9,57,340,2.4
Oruro - Aeropuerto,2026-08-24 06:00:00,17,0.0,5,56,278,2.0
Oruro - Aeropuerto,2026-08-24 06:00:00,20,0.0,1,36,210,1.6
Oruro - Aeropuerto,2026-08-24 06:00:00,23,0.0,1,36,342,2.2
Oruro - Aeropuerto,2026-08-24 06:00:00,26,0.0,4,36,330,2.0
Oruro - Aeropuerto,2026-08-24 06:00:00,29,0.0,8,36,300,3.6
Oruro - Aeropuerto,2026-08-24 06:00:00,32,0.0,15,36,269,5.2
Oruro - Aeropuerto,2026-08-24 06:00:00,35,0.0,15,36,252,3.8
Oruro - Aeropuerto,2026-08-24 06:00:00,38,0.0,8,27,227,2.4
Oruro - Aeropuerto,2026-08-24 06:00:00,41,0.0,4,26,284,1.8
Oruro - Aeropuerto,2026-08-24 06:00:00,44,0.0,1,26,330,1.1
Oruro - Aeropuerto,2026-08-24 06:00:00,47,0.0,1,26,259,1.1
Oruro - Aeropuerto,2026-08-24 06:00:00,50,0.0,4,26,302,0.7
Oruro - Aeropuerto,2026-08-24 06:00:00,53,0.0,8,26,285,3.0
Oruro - Aeropuerto,2026-08-24 06:00:00,56,0.0,15,26,260,5.2
Oruro - Aeropuerto,2026-08-24 06:00:00,59,0.0,15,26,282,3.6
Oruro - Aeropuerto,2026-08-24 06:00:00,62,0.0,9,26,304,2.0
Oruro - Aeropuerto,2026-08-24 06:00:00,65,0.0,5,26,304,1.9
Oruro - Aeropuerto,2026-08-24 06:00:00,68,0.0,0,27,302,1.8
Oruro - Aeropuerto,2026-08-24 06:00:00,71,0.0,0,27,8,1.4
Oruro - Aeropuerto,2026-08-24 06:00:00,74,0.0,7,26,72,0.7
Oruro - Aeropuerto,2026-08-24 06:00:00,77,0.0,11,26,3,1.6
Oruro - Aeropuerto,2026-08-24 06:00:00,80,0.0,16,26,284,2.5
Oruro - Aeropuerto,2026-08-24 06:00:00,83,0.0,16,26,257,1.8
Oruro - Aeropuerto,2026-08-24 06:00:00,86,0.0,11,26,215,1.1
Oruro - Aeropuerto,2026-08-24 06:00:00,89,0.0,1,26,259,1.3
Oruro - Aeropuerto,2026-08-24 06:00:00,92,0.0,1,26,292,1.4
Oruro - Ciudad,2026-08-24 06:00:00,2,1.6,5,89,330,4.8
Oruro - Ciudad,2026-08-24 06:00:00,5,1.9,8,89,310,5.0
Oruro - Ciudad,2026-08-24 06:00:00,8,1.3,15,89,290,5.3
Oruro - Ciudad,2026-08-24 06:00:00,11,1.7,15,89,293,3.9
Oruro - Ciudad,2026-08-24 06:00:00,14,0.0,8,56,297,2.4
Oruro - Ciudad,2026-08-24 06:00:00,17,0.0,6,56,275,2.5
Oruro - Ciudad,2026-08-24 06:00:00,20,0.0,1,36,245,2.6
Oruro - Ciudad,2026-08-24 06:00:00,23,0.0,1,36,332,2.8
Oruro - Ciudad,2026-08-24 06:00:00,26,0.0,4,36,334,2.0
Oruro - Ciudad,2026-08-24 06:00:00,29,0.0,8,36,314,2.8
Oruro - Ciudad,2026-08-24 06:00:00,32,0.0,14,36,290,3.6
Oruro - Ciudad,2026-08-24 06:00:00,35,0.0,14,36,241,3.0
Oruro - Ciudad,2026-08-24 06:00:00,38,0.0,9,26,186,2.5
Oruro - Ciudad,2026-08-24 06:00:00,41,0.0,4,25,233,2.5
Oruro - Ciudad,2026-08-24 06:00:00,44,0.0,1,26,276,2.4
Oruro - Ciudad,2026-08-24 06:00:00,47,0.0,1,25,326,1.8
Oruro - Ciudad,2026-08-24 06:00:00,50,0.0,6,26,18,1.2
Oruro - Ciudad,2026-08-24 06:00:00,53,0.0,10,26,326,1.8
Oruro - Ciudad,2026-08-24 06:00:00,56,0.0,15,26,265,2.2
Oruro - Ciudad,2026-08-24 06:00:00,59,0.0,15,26,243,2.3
Oruro - Ciudad,2026-08-24 06:00:00,62,0.0,10,26,212,2.3
Oruro - Ciudad,2026-08-24 06:00:00,65,0.0,5,25,244,2.6
Oruro - Ciudad,2026-08-24 06:00:00,68,0.0,0,26,274,2.9
Oruro - Ciudad,2026-08-24 06:00:00,71,0.0,0,26,302,1.5
Oruro - Ciudad,2026-08-24 06:00:00,74,0.0,7,26,21,0.9
Oruro - Ciudad,2026-08-24 06:00:00,77,0.0,11,26,4,1.6
Oruro - Ciudad,2026-08-24 06:00:00,80,0.0,16,26,347,2.3
Oruro - Ciudad,2026-08-24 06:00:00,83,0.0,16,26,17,2.0
Oruro - Ciudad,2026-08-24 06:00:00,86,0.0,12,26,46,1.8
Oruro - Ciudad,2026-08-24 06:00:00,89,0.0,1,26,344,2.3
Oruro - Ciudad,2026-08-24 06:00:00,92,0.0,1,26,276,2.7
Pailon - Pozo del Tigre,2026-08-24 06:00:00,2,0.0,20,56,173,4.6
Pailon - Pozo del Tigre,2026-08-24 06:00:00,5,0.0,22,56,180,4.2
Pailon - Pozo del Tigre,2026-08-24 06:00:00,8,0.0,24,37,180,3.7
Pailon - Pozo del Tigre,2026-08-24 06:00:00,11,0.0,24,36,190,3.0
Pailon - Pozo del Tigre,2026-08-24 06:00:00,14,0.0,21,56,190,2.3
Pailon - Pozo del Tigre,2026-08-24 06:00:00,17,0.0,19,57,186,2.9
Pailon - Pozo del Tigre,2026-08-24 06:00:00,20,0.0,16,56,176,3.5
Pailon - Pozo del Tigre,2026-08-24 06:00:00,23,0.0,16,57,211,1.8
Pailon - Pozo del Tigre,2026-08-24 06:00:00,26,0.0,20,56,181,2.3
Pailon - Pozo del Tigre,2026-08-24 06:00:00,29,0.0,22,56,250,2.3
Pailon - Pozo del Tigre,2026-08-24 06:00:00,32,0.0,27,57,310,2.2
Pailon - Pozo del Tigre,2026-08-24 06:00:00,35,0.0,27,57,310,2.3
Pailon - Pozo del Tigre,2026-08-24 06:00:00,38,0.0,23,36,300,2.3
Pailon - Pozo del Tigre,2026-08-24 06:00:00,41,0.0,16,36,320,2.4
Pailon - Pozo del Tigre,2026-08-24 06:00:00,44,0.0,16,26,333,2.5
Pailon - Pozo del Tigre,2026-08-24 06:00:00,47,0.0,25,27,330,4.7
Pailon - Pozo del Tigre,2026-08-24 06:00:00,50,0.0,26,26,330,4.9
Pailon - Pozo del Tigre,2026-08-24 06:00:00,53,0.0,32,26,330,6.4
Pailon - Pozo del Tigre,2026-08-24 06:00:00,56,0.0,38,26,320,8.0
Pailon - Pozo del Tigre,2026-08-24 06:00:00,59,0.0,35,26,340,6.4
Pailon - Pozo del Tigre,2026-08-24 06:00:00,62,0.0,32,26,350,4.8
Pailon - Pozo del Tigre,2026-08-24 06:00:00,65,0.0,30,26,343,5.4
Pailon - Pozo del Tigre,2026-08-24 06:00:00,68,0.0,28,27,333,6.0
Pailon - Pozo del Tigre,2026-08-24 06:00:00,71,0.0,28,27,330,4.8
Pailon - Pozo del Tigre,2026-08-24 06:00:00,74,0.0,30,26,320,5.8
Pailon - Pozo del Tigre,2026-08-24 06:00:00,77,0.0,35,27,320,7.5
Pailon - Pozo del Tigre,2026-08-24 06:00:00,80,0.0,41,25,320,9.1
Pailon - Pozo del Tigre,2026-08-24 06:00:00,83,0.0,39,26,320,7.7
Pailon - Pozo del Tigre,2026-08-24 06:00:00,86,0.0,36,27,320,6.3
Pailon - Pozo del Tigre,2026-08-24 06:00:00,89,0.0,33,26,330,6.3
Pailon - Pozo del Tigre,2026-08-24 06:00:00,92,0.0,31,26,330,6.2
Palos Blancos,2026-08-24 06:00:00,2,2.5,21,89,220,1.1
Palos Blancos,2026-08-24 06:00:00,5,1.4,24,89,185,0.9
Palos Blancos,2026-08-24 06:00:00,8,0.8,29,89,146,0.7
Palos Blancos,2026-08-24 06:00:00,11,2.1,29,89,174,0.6
Palos Blancos,2026-08-24 06:00:00,14,1.0,24,89,191,0.6
Palos Blancos,2026-08-24 06:00:00,17,2.0,22,89,183,0.8
Palos Blancos,2026-08-24 06:00:00,20,0.0,19,57,175,0.9
Palos Blancos,2026-08-24 06:00:00,23,0.0,19,56,205,0.8
Palos Blancos,2026-08-24 06:00:00,26,0.0,22,56,213,0.8
Palos Blancos,2026-08-24 06:00:00,29,0.0,24,56,283,1.4
Palos Blancos,2026-08-24 06:00:00,32,0.0,29,55,353,1.9
Palos Blancos,2026-08-24 06:00:00,35,0.0,29,56,57,1.4
Palos Blancos,2026-08-24 06:00:00,38,0.0,25,37,111,0.9
Palos Blancos,2026-08-24 06:00:00,41,0.0,22,36,133,0.9
Palos Blancos,2026-08-24 06:00:00,44,0.0,19,36,151,1.1
Palos Blancos,2026-08-24 06:00:00,47,0.0,19,36,193,0.9
Palos Blancos,2026-08-24 06:00:00,50,0.0,23,37,202,0.8
Palos Blancos,2026-08-24 06:00:00,53,0.0,26,37,273,1.3
Palos Blancos,2026-08-24 06:00:00,56,0.0,29,36,335,1.8
Palos Blancos,2026-08-24 06:00:00,59,0.0,29,36,48,1.5
Palos Blancos,2026-08-24 06:00:00,62,0.0,25,36,119,1.1
Palos Blancos,2026-08-24 06:00:00,65,0.0,22,36,148,1.1
Palos Blancos,2026-08-24 06:00:00,68,0.0,20,36,167,1.1
Palos Blancos,2026-08-24 06:00:00,71,0.0,20,36,193,0.9
Palos Blancos,2026-08-24 06:00:00,74,0.0,23,36,203,0.6
Palos Blancos,2026-08-24 06:00:00,77,0.0,27,36,281,1.1
Palos Blancos,2026-08-24 06:00:00,80,1.6,30,76,351,1.7
Palos Blancos,2026-08-24 06:00:00,83,0.9,30,76,56,1.4
Palos Blancos,2026-08-24 06:00:00,86,0.0,25,36,119,1.1
Palos Blancos,2026-08-24 06:00:00,89,0.0,21,35,148,1.1
Palos Blancos,2026-08-24 06:00:00,92,0.0,21,26,176,1.1
Paniagua_M (GPRS),2026-08-24 06:00:00,2,1.7,21,89,231,0.5
Paniagua_M (GPRS),2026-08-24 06:00:00,5,1.4,23,88,286,0.7
Paniagua_M (GPRS),2026-08-24 06:00:00,8,1.7,26,89,11,0.9
Paniagua_M (GPRS),2026-08-24 06:00:00,11,1.6,26,89,310,1.1
Paniagua_M (GPRS),2026-08-24 06:00:00,14,1.1,23,89,244,1.3
Paniagua_M (GPRS),2026-08-24 06:00:00,17,2.1,20,89,254,1.4
Paniagua_M (GPRS),2026-08-24 06:00:00,20,0.0,18,56,259,1.4
Paniagua_M (GPRS),2026-08-24 06:00:00,23,0.0,18,56,259,1.3
Paniagua_M (GPRS),2026-08-24 06:00:00,26,0.0,20,56,249,1.0
Paniagua_M (GPRS),2026-08-24 06:00:00,29,0.0,22,56,329,1.3
Paniagua_M (GPRS),2026-08-24 06:00:00,32,0.0,26,57,40,1.5
Paniagua_M (GPRS),2026-08-24 06:00:00,35,0.0,26,56,40,1.6
Paniagua_M (GPRS),2026-08-24 06:00:00,38,0.0,22,36,220,1.7
Paniagua_M (GPRS),2026-08-24 06:00:00,41,0.0,20,35,235,1.9
Paniagua_M (GPRS),2026-08-24 06:00:00,44,0.0,18,36,247,2.1
Paniagua_M (GPRS),2026-08-24 06:00:00,47,0.0,18,36,249,1.5
Paniagua_M (GPRS),2026-08-24 06:00:00,50,0.0,19,36,254,1.0
Paniagua_M (GPRS),2026-08-24 06:00:00,53,0.0,21,36,299,1.2
Paniagua_M (GPRS),2026-08-24 06:00:00,56,0.0,26,36,66,1.5
Paniagua_M (GPRS),2026-08-24 06:00:00,59,0.0,26,36,147,1.7
Paniagua_M (GPRS),2026-08-24 06:00:00,62,0.0,23,36,220,1.9
Paniagua_M (GPRS),2026-08-24 06:00:00,65,0.0,21,36,235,1.9
Paniagua_M (GPRS),2026-08-24 06:00:00,68,0.0,19,36,247,1.9
Paniagua_M (GPRS),2026-08-24 06:00:00,71,0.0,19,35,256,1.2
Paniagua_M (GPRS),2026-08-24 06:00:00,74,0.0,22,36,261,0.6
Paniagua_M (GPRS),2026-08-24 06:00:00,77,0.0,24,36,339,1.1
Paniagua_M (GPRS),2026-08-24 06:00:00,80,0.9,27,76,49,1.7
Paniagua_M (GPRS),2026-08-24 06:00:00,83,1.0,27,76,4,1.6
Paniagua_M (GPRS),2026-08-24 06:00:00,86,0.0,23,36,238,1.5
Paniagua_M (GPRS),2026-08-24 06:00:00,89,0.0,20,36,245,1.5
Paniagua_M (GPRS),2026-08-24 06:00:00,92,0.0,20,26,247,1.7
Patacamaya (INIAF),2026-08-24 06:00:00,2,0.8,5,89,351,3.6
Patacamaya (INIAF),2026-08-24 06:00:00,5,2.4,8,90,330,4.3
Patacamaya (INIAF),2026-08-24 06:00:00,8,0.8,12,89,299,4.9
Patacamaya (INIAF),2026-08-24 06:00:00,11,2.3,12,90,328,4.2
Patacamaya (INIAF),2026-08-24 06:00:00,14,1.4,8,89,349,3.4
Patacamaya (INIAF),2026-08-24 06:00:00,17,1.6,6,89,339,2.6
Patacamaya (INIAF),2026-08-24 06:00:00,20,0.0,2,36,319,1.9
Patacamaya (INIAF),2026-08-24 06:00:00,23,0.0,2,36,339,2.8
Patacamaya (INIAF),2026-08-24 06:00:00,26,0.0,4,35,338,2.7
Patacamaya (INIAF),2026-08-24 06:00:00,29,0.0,7,37,327,3.3
Patacamaya (INIAF),2026-08-24 06:00:00,32,0.0,12,37,308,4.0
Patacamaya (INIAF),2026-08-24 06:00:00,35,0.0,12,36,340,4.3
Patacamaya (INIAF),2026-08-24 06:00:00,38,0.0,8,27,10,4.6
Patacamaya (INIAF),2026-08-24 06:00:00,41,0.0,4,26,358,2.6
Patacamaya (INIAF),2026-08-24 06:00:00,44,0.0,2,27,337,0.7
Patacamaya (INIAF),2026-08-24 06:00:00,47,0.0,2,25,300,2.2
Patacamaya (INIAF),2026-08-24 06:00:00,50,0.0,5,26,280,1.6
Patacamaya (INIAF),2026-08-24 06:00:00,53,0.0,9,26,309,2.7
Patacamaya (INIAF),2026-08-24 06:00:00,56,0.0,12,26,338,3.8
Patacamaya (INIAF),2026-08-24 06:00:00,59,0.0,12,26,349,3.9
Patacamaya (INIAF),2026-08-24 06:00:00,62,0.0,7,25,350,4.0
Patacamaya (INIAF),2026-08-24 06:00:00,65,0.0,4,27,339,3.5
Patacamaya (INIAF),2026-08-24 06:00:00,68,0.0,2,26,319,3.1
Patacamaya (INIAF),2026-08-24 06:00:00,71,0.0,2,25,291,1.5
Patacamaya (INIAF),2026-08-24 06:00:00,74,0.0,7,25,243,0.7
Patacamaya (INIAF),2026-08-24 06:00:00,77,0.0,11,25,309,1.0
Patacamaya (INIAF),2026-08-24 06:00:00,80,0.0,14,26,7,1.5
Patacamaya (INIAF),2026-08-24 06:00:00,83,0.0,14,26,18,2.2
Patacamaya (INIAF),2026-08-24 06:00:00,86,0.0,10,25,20,2.8
Patacamaya (INIAF),2026-08-24 06:00:00,89,0.0,3,26,360,2.5
Patacamaya (INIAF),2026-08-24 06:00:00,92,0.0,3,26,340,2.2
Potosí,2026-08-24 06:00:00,2,2.4,6,89,333,2.6
Potosí,2026-08-24 06:00:00,5,1.5,9,89,306,5.1
Potosí,2026-08-24 06:00:00,8,0.0,16,55,277,7.7
Potosí,2026-08-24 06:00:00,11,0.0,16,56,289,5.4
Potosí,2026-08-24 06:00:00,14,0.0,8,57,299,3.1
Potosí,2026-08-24 06:00:00,17,0.0,3,56,316,3.1
Potosí,2026-08-24 06:00:00,20,0.0,0,36,323,2.9
Potosí,2026-08-24 06:00:00,23,0.0,0,36,314,3.3
Potosí,2026-08-24 06:00:00,26,0.0,5,36,314,2.9
Potosí,2026-08-24 06:00:00,29,0.0,9,36,277,3.3
Potosí,2026-08-24 06:00:00,32,0.0,16,36,237,3.7
Potosí,2026-08-24 06:00:00,35,0.0,16,36,251,2.5
Potosí,2026-08-24 06:00:00,38,0.0,8,26,256,1.3
Potosí,2026-08-24 06:00:00,41,0.0,4,26,280,1.9
Potosí,2026-08-24 06:00:00,44,0.0,1,27,297,2.5
Potosí,2026-08-24 06:00:00,47,0.0,1,26,285,2.9
Potosí,2026-08-24 06:00:00,50,0.0,6,27,285,3.0
Potosí,2026-08-24 06:00:00,53,0.0,9,27,257,3.0
Potosí,2026-08-24 06:00:00,56,0.0,17,26,224,3.0
Potosí,2026-08-24 06:00:00,59,0.0,17,26,260,3.1
Potosí,2026-08-24 06:00:00,62,0.0,10,26,294,3.1
Potosí,2026-08-24 06:00:00,65,0.0,5,26,295,3.3
Potosí,2026-08-24 06:00:00,68,0.0,1,27,292,3.6
Potosí,2026-08-24 06:00:00,71,0.0,1,26,297,2.4
Potosí,2026-08-24 06:00:00,74,0.0,6,26,307,2.2
Potosí,2026-08-24 06:00:00,77,0.0,10,26,311,2.1
Potosí,2026-08-24 06:00:00,80,0.0,19,27,307,2.0
Potosí,2026-08-24 06:00:00,83,0.0,19,26,301,2.3
Potosí,2026-08-24 06:00:00,86,0.0,9,26,288,2.8
Potosí,2026-08-24 06:00:00,89,0.0,2,26,295,2.7
Potosí,2026-08-24 06:00:00,92,0.0,2,26,302,2.6
Potosí Aeropuerto,2026-08-24 06:00:00,2,1.8,4,89,310,2.0
Potosí Aeropuerto,2026-08-24 06:00:00,5,2.0,7,89,300,5.9
Potosí Aeropuerto,2026-08-24 06:00:00,8,0.0,13,57,280,9.8
Potosí Aeropuerto,2026-08-24 06:00:00,11,0.0,13,56,271,7.2
Potosí Aeropuerto,2026-08-24 06:00:00,14,0.0,6,57,261,4.6
Potosí Aeropuerto,2026-08-24 06:00:00,17,0.0,2,56,291,3.5
Potosí Aeropuerto,2026-08-24 06:00:00,20,0.0,-1,35,311,2.4
Potosí Aeropuerto,2026-08-24 06:00:00,23,0.0,-1,36,291,3.2
Potosí Aeropuerto,2026-08-24 06:00:00,26,0.0,5,35,301,3.1
Potosí Aeropuerto,2026-08-24 06:00:00,29,0.0,8,37,290,4.2
Potosí Aeropuerto,2026-08-24 06:00:00,32,0.0,13,36,269,5.3
Potosí Aeropuerto,2026-08-24 06:00:00,35,0.0,13,37,279,3.5
Potosí Aeropuerto,2026-08-24 06:00:00,38,0.0,8,26,289,1.7
Potosí Aeropuerto,2026-08-24 06:00:00,41,0.0,5,26,290,2.3
Potosí Aeropuerto,2026-08-24 06:00:00,44,0.0,1,26,291,2.8
Potosí Aeropuerto,2026-08-24 06:00:00,47,0.0,1,26,280,2.8
Potosí Aeropuerto,2026-08-24 06:00:00,50,0.0,4,26,280,2.8
Potosí Aeropuerto,2026-08-24 06:00:00,53,0.0,9,26,269,3.8
Potosí Aeropuerto,2026-08-24 06:00:00,56,0.0,14,25,249,4.9
Potosí Aeropuerto,2026-08-24 06:00:00,59,0.0,14,25,279,3.7
Potosí Aeropuerto,2026-08-24 06:00:00,62,0.0,10,26,300,2.5
Potosí Aeropuerto,2026-08-24 06:00:00,65,0.0,5,27,310,2.8
Potosí Aeropuerto,2026-08-24 06:00:00,68,0.0,1,26,311,3.1
Potosí Aeropuerto,2026-08-24 06:00:00,71,0.0,1,26,310,2.5
Potosí Aeropuerto,2026-08-24 06:00:00,74,0.0,5,25,310,2.1
Potosí Aeropuerto,2026-08-24 06:00:00,77,0.0,10,25,291,2.2
Potosí Aeropuerto,2026-08-24 06:00:00,80,0.0,16,26,271,2.1
Potosí Aeropuerto,2026-08-24 06:00:00,83,0.0,16,25,290,2.9
Potosí Aeropuerto,2026-08-24 06:00:00,86,0.0,9,27,309,3.6
Potosí Aeropuerto,2026-08-24 06:00:00,89,0.0,2,26,310,3.3
Potosí Aeropuerto,2026-08-24 06:00:00,92,0.0,2,25,311,2.9
Puerto Rico S,2026-08-24 06:00:00,2,0.0,26,36,144,1.6
Puerto Rico S,2026-08-24 06:00:00,5,0.0,30,35,154,2.7
Puerto Rico S,2026-08-24 06:00:00,8,0.0,34,56,163,3.7
Puerto Rico S,2026-08-24 06:00:00,11,0.0,34,55,180,3.7
Puerto Rico S,2026-08-24 06:00:00,14,0.0,29,56,190,3.7
Puerto Rico S,2026-08-24 06:00:00,17,0.0,25,56,230,2.3
Puerto Rico S,2026-08-24 06:00:00,20,0.0,19,56,260,0.9
Puerto Rico S,2026-08-24 06:00:00,23,0.0,19,55,249,1.5
Puerto Rico S,2026-08-24 06:00:00,26,0.0,26,57,249,1.9
Puerto Rico S,2026-08-24 06:00:00,29,0.0,30,56,240,2.2
Puerto Rico S,2026-08-24 06:00:00,32,0.0,34,56,230,2.4
Puerto Rico S,2026-08-24 06:00:00,35,0.0,34,56,260,1.9
Puerto Rico S,2026-08-24 06:00:00,38,0.0,29,56,290,1.4
Puerto Rico S,2026-08-24 06:00:00,41,0.0,26,56,261,1.0
Puerto Rico S,2026-08-24 06:00:00,44,0.0,20,26,224,0.6
Puerto Rico S,2026-08-24 06:00:00,47,0.0,20,26,274,1.8
Puerto Rico S,2026-08-24 06:00:00,50,0.0,24,26,280,1.9
Puerto Rico S,2026-08-24 06:00:00,53,0.0,30,26,300,2.2
Puerto Rico S,2026-08-24 06:00:00,56,0.0,33,36,320,2.4
Puerto Rico S,2026-08-24 06:00:00,59,0.0,33,36,330,1.8
Puerto Rico S,2026-08-24 06:00:00,62,0.0,28,27,340,1.1
Puerto Rico S,2026-08-24 06:00:00,65,0.0,25,25,320,1.2
Puerto Rico S,2026-08-24 06:00:00,68,0.0,22,26,296,1.3
Puerto Rico S,2026-08-24 06:00:00,71,0.0,22,26,310,1.8
Puerto Rico S,2026-08-24 06:00:00,74,0.0,28,26,290,2.2
Puerto Rico S,2026-08-24 06:00:00,77,0.0,33,27,310,2.3
Puerto Rico S,2026-08-24 06:00:00,80,0.0,35,36,320,2.4
Puerto Rico S,2026-08-24 06:00:00,83,0.0,35,36,324,2.0
Puerto Rico S,2026-08-24 06:00:00,86,0.0,32,26,327,1.5
Puerto Rico S,2026-08-24 06:00:00,89,0.0,23,27,314,1.5
Puerto Rico S,2026-08-24 06:00:00,92,0.0,23,26,300,1.4
Puerto Suárez,2026-08-24 06:00:00,2,0.0,20,36,207,1.5
Puerto Suárez,2026-08-24 06:00:00,5,0.0,25,37,210,2.4
Puerto Suárez,2026-08-24 06:00:00,8,0.0,32,56,210,3.2
Puerto Suárez,2026-08-24 06:00:00,11,0.0,32,56,210,3.0
Puerto Suárez,2026-08-24 06:00:00,14,0.0,25,56,210,2.9
Puerto Suárez,2026-08-24 06:00:00,17,0.0,18,56,217,2.5
Puerto Suárez,2026-08-24 06:00:00,20,0.0,12,56,217,2.2
Puerto Suárez,2026-08-24 06:00:00,23,0.0,12,56,228,1.5
Puerto Suárez,2026-08-24 06:00:00,26,0.0,21,56,247,1.5
Puerto Suárez,2026-08-24 06:00:00,29,0.0,25,56,280,1.6
Puerto Suárez,2026-08-24 06:00:00,32,0.0,32,56,309,1.7
Puerto Suárez,2026-08-24 06:00:00,35,0.0,32,56,286,1.1
Puerto Suárez,2026-08-24 06:00:00,38,0.0,27,56,253,0.6
Puerto Suárez,2026-08-24 06:00:00,41,0.0,23,57,243,0.9
Puerto Suárez,2026-08-24 06:00:00,44,0.0,15,26,224,1.2
Puerto Suárez,2026-08-24 06:00:00,47,0.0,15,26,329,0.8
Puerto Suárez,2026-08-24 06:00:00,50,0.0,24,26,38,0.6
Puerto Suárez,2026-08-24 06:00:00,53,0.0,28,26,19,2.5
Puerto Suárez,2026-08-24 06:00:00,56,0.0,33,26,350,4.5
Puerto Suárez,2026-08-24 06:00:00,59,0.0,33,27,20,3.5
Puerto Suárez,2026-08-24 06:00:00,62,0.0,29,26,49,2.5
Puerto Suárez,2026-08-24 06:00:00,65,0.0,23,26,59,2.3
Puerto Suárez,2026-08-24 06:00:00,68,0.0,18,26,59,2.2
Puerto Suárez,2026-08-24 06:00:00,71,0.0,18,26,77,1.9
Puerto Suárez,2026-08-24 06:00:00,74,0.0,24,26,70,2.0
Puerto Suárez,2026-08-24 06:00:00,77,0.0,27,27,30,3.9
Puerto Suárez,2026-08-24 06:00:00,80,0.0,34,26,340,5.8
Puerto Suárez,2026-08-24 06:00:00,83,0.0,34,26,350,3.5
Puerto Suárez,2026-08-24 06:00:00,86,0.0,25,26,353,1.1
Puerto Suárez,2026-08-24 06:00:00,89,0.0,19,25,3,1.5
Puerto Suárez,2026-08-24 06:00:00,92,0.0,19,26,13,1.9
Puerto Villarroel,2026-08-24 06:00:00,2,0.0,22,56,113,1.3
Puerto Villarroel,2026-08-24 06:00:00,5,0.0,25,56,180,1.9
Puerto Villarroel,2026-08-24 06:00:00,8,0.0,32,56,244,2.6
Puerto Villarroel,2026-08-24 06:00:00,11,0.0,32,56,244,1.9
Puerto Villarroel,2026-08-24 06:00:00,14,0.0,26,56,239,1.2
Puerto Villarroel,2026-08-24 06:00:00,17,0.0,23,57,197,0.9
Puerto Villarroel,2026-08-24 06:00:00,20,0.0,19,56,153,0.5
Puerto Villarroel,2026-08-24 06:00:00,23,0.0,19,56,16,1.2
Puerto Villarroel,2026-08-24 06:00:00,26,0.0,24,56,93,1.9
Puerto Villarroel,2026-08-24 06:00:00,29,0.0,26,56,40,1.7
Puerto Villarroel,2026-08-24 06:00:00,32,0.0,32,55,340,1.4
Puerto Villarroel,2026-08-24 06:00:00,35,0.0,32,56,303,1.1
Puerto Villarroel,2026-08-24 06:00:00,38,0.0,29,56,259,0.9
Puerto Villarroel,2026-08-24 06:00:00,41,0.0,24,56,294,0.9
Puerto Villarroel,2026-08-24 06:00:00,44,0.0,18,26,320,1.0
Puerto Villarroel,2026-08-24 06:00:00,47,0.0,18,26,302,1.1
Puerto Villarroel,2026-08-24 06:00:00,50,0.0,23,26,294,1.3
Puerto Villarroel,2026-08-24 06:00:00,53,0.0,31,26,308,2.7
Puerto Villarroel,2026-08-24 06:00:00,56,0.0,33,36,320,4.1
Puerto Villarroel,2026-08-24 06:00:00,59,0.0,33,36,306,2.8
Puerto Villarroel,2026-08-24 06:00:00,62,0.0,27,36,292,1.4
Puerto Villarroel,2026-08-24 06:00:00,65,0.0,23,36,274,1.2
Puerto Villarroel,2026-08-24 06:00:00,68,0.0,18,36,254,1.0
Puerto Villarroel,2026-08-24 06:00:00,71,0.0,18,36,288,1.1
Puerto Villarroel,2026-08-24 06:00:00,74,0.0,24,36,312,1.1
Puerto Villarroel,2026-08-24 06:00:00,77,0.0,29,36,312,2.9
Puerto Villarroel,2026-08-24 06:00:00,80,0.0,34,36,310,4.6
Puerto Villarroel,2026-08-24 06:00:00,83,0.0,34,36,300,3.5
Puerto Villarroel,2026-08-24 06:00:00,86,0.0,29,36,286,2.3
Puerto Villarroel,2026-08-24 06:00:00,89,0.0,19,36,314,1.8
Puerto Villarroel,2026-08-24 06:00:00,92,0.0,19,36,334,1.3
Quetenas (GPRS),2026-08-24 06:00:00,2,1.8,-1,89,277,1.9
Quetenas (GPRS),2026-08-24 06:00:00,5,1.1,3,89,265,5.5
Quetenas (GPRS),2026-08-24 06:00:00,8,1.1,9,89,250,9.2
Quetenas (GPRS),2026-08-24 06:00:00,11,1.6,9,89,250,6.8
Quetenas (GPRS),2026-08-24 06:00:00,14,0.0,3,56,244,4.3
Quetenas (GPRS),2026-08-24 06:00:00,17,0.0,-2,56,238,3.1
Quetenas (GPRS),2026-08-24 06:00:00,20,0.0,-6,36,227,1.9
Quetenas (GPRS),2026-08-24 06:00:00,23,0.0,-6,36,253,2.7
Quetenas (GPRS),2026-08-24 06:00:00,26,0.0,-1,36,223,2.5
Quetenas (GPRS),2026-08-24 06:00:00,29,0.0,4,37,244,4.1
Quetenas (GPRS),2026-08-24 06:00:00,32,0.0,9,36,261,5.6
Quetenas (GPRS),2026-08-24 06:00:00,35,0.0,9,36,260,4.2
Quetenas (GPRS),2026-08-24 06:00:00,38,0.0,4,27,253,2.9
Quetenas (GPRS),2026-08-24 06:00:00,41,0.0,0,26,233,2.5
Quetenas (GPRS),2026-08-24 06:00:00,44,0.0,-4,26,213,2.0
Quetenas (GPRS),2026-08-24 06:00:00,47,0.0,-4,26,217,2.4
Quetenas (GPRS),2026-08-24 06:00:00,50,0.0,0,26,221,2.1
Quetenas (GPRS),2026-08-24 06:00:00,53,0.0,5,27,239,3.3
Quetenas (GPRS),2026-08-24 06:00:00,56,0.0,11,27,256,4.6
Quetenas (GPRS),2026-08-24 06:00:00,59,0.0,11,26,250,3.9
Quetenas (GPRS),2026-08-24 06:00:00,62,0.0,3,26,234,3.2
Quetenas (GPRS),2026-08-24 06:00:00,65,0.0,-1,26,234,3.1
Quetenas (GPRS),2026-08-24 06:00:00,68,0.0,-4,26,233,3.1
Quetenas (GPRS),2026-08-24 06:00:00,71,0.0,-4,26,233,2.0
Quetenas (GPRS),2026-08-24 06:00:00,74,0.0,0,26,233,1.7
Quetenas (GPRS),2026-08-24 06:00:00,77,0.0,5,26,254,4.9
Quetenas (GPRS),2026-08-24 06:00:00,80,0.0,13,27,270,8.0
Quetenas (GPRS),2026-08-24 06:00:00,83,0.0,13,26,254,5.3
Quetenas (GPRS),2026-08-24 06:00:00,86,0.0,3,27,233,2.5
Quetenas (GPRS),2026-08-24 06:00:00,89,0.0,-3,26,243,2.4
Quetenas (GPRS),2026-08-24 06:00:00,92,0.0,-3,26,244,2.4
Reyes,2026-08-24 06:00:00,2,0.0,23,56,178,1.6
Reyes,2026-08-24 06:00:00,5,0.0,25,56,190,1.8
Reyes,2026-08-24 06:00:00,8,0.0,32,56,202,2.1
Reyes,2026-08-24 06:00:00,11,0.0,32,56,222,1.6
Reyes,2026-08-24 06:00:00,14,0.0,26,56,236,1.2
Reyes,2026-08-24 06:00:00,17,0.0,23,56,236,1.1
Reyes,2026-08-24 06:00:00,20,0.0,20,56,234,1.1
Reyes,2026-08-24 06:00:00,23,0.0,20,56,290,1.3
Reyes,2026-08-24 06:00:00,26,0.0,23,56,307,1.3
Reyes,2026-08-24 06:00:00,29,0.0,26,56,319,2.7
Reyes,2026-08-24 06:00:00,32,0.0,32,56,328,4.1
Reyes,2026-08-24 06:00:00,35,0.0,32,56,320,2.9
Reyes,2026-08-24 06:00:00,38,0.0,26,36,310,1.7
Reyes,2026-08-24 06:00:00,41,0.0,23,36,300,1.5
Reyes,2026-08-24 06:00:00,44,0.0,20,25,282,1.2
Reyes,2026-08-24 06:00:00,47,0.0,20,26,307,1.0
Reyes,2026-08-24 06:00:00,50,0.0,24,25,281,1.2
Reyes,2026-08-24 06:00:00,53,0.0,30,26,309,2.8
Reyes,2026-08-24 06:00:00,56,0.0,32,26,328,4.4
Reyes,2026-08-24 06:00:00,59,0.0,32,26,330,3.0
Reyes,2026-08-24 06:00:00,62,0.0,28,26,330,1.6
Reyes,2026-08-24 06:00:00,65,0.0,24,26,311,1.5
Reyes,2026-08-24 06:00:00,68,0.0,21,26,290,1.3
Reyes,2026-08-24 06:00:00,71,0.0,21,26,290,1.3
Reyes,2026-08-24 06:00:00,74,0.0,25,26,317,1.4
Reyes,2026-08-24 06:00:00,77,0.0,31,25,319,2.8
Reyes,2026-08-24 06:00:00,80,0.0,35,26,320,4.3
Reyes,2026-08-24 06:00:00,83,0.0,34,25,311,3.0
Reyes,2026-08-24 06:00:00,86,0.0,30,26,301,1.7
Reyes,2026-08-24 06:00:00,89,0.0,23,26,319,1.5
Reyes,2026-08-24 06:00:00,92,0.0,22,26,328,1.4
Riberalta,2026-08-24 06:00:00,2,0.0,25,35,161,1.8
Riberalta,2026-08-24 06:00:00,5,0.0,27,37,171,2.1
Riberalta,2026-08-24 06:00:00,8,0.0,34,56,171,2.3
Riberalta,2026-08-24 06:00:00,11,0.0,34,56,190,3.0
Riberalta,2026-08-24 06:00:00,14,0.0,28,37,200,3.7
Riberalta,2026-08-24 06:00:00,17,0.0,25,36,221,2.1
Riberalta,2026-08-24 06:00:00,20,0.0,20,56,241,0.5
Riberalta,2026-08-24 06:00:00,23,0.0,20,56,239,1.3
Riberalta,2026-08-24 06:00:00,26,0.0,26,56,259,1.7
Riberalta,2026-08-24 06:00:00,29,0.0,29,56,259,2.7
Riberalta,2026-08-24 06:00:00,32,0.0,34,56,256,3.8
Riberalta,2026-08-24 06:00:00,35,0.0,34,55,260,2.5
Riberalta,2026-08-24 06:00:00,38,0.0,29,56,260,1.3
Riberalta,2026-08-24 06:00:00,41,0.0,26,56,261,1.3
Riberalta,2026-08-24 06:00:00,44,0.0,20,36,261,1.3
Riberalta,2026-08-24 06:00:00,47,0.0,20,36,263,1.1
Riberalta,2026-08-24 06:00:00,50,0.0,25,36,260,1.2
Riberalta,2026-08-24 06:00:00,53,0.0,31,36,306,1.8
Riberalta,2026-08-24 06:00:00,56,0.0,34,26,346,2.3
Riberalta,2026-08-24 06:00:00,59,0.0,34,26,331,1.9
Riberalta,2026-08-24 06:00:00,62,0.0,29,26,316,1.4
Riberalta,2026-08-24 06:00:00,65,0.0,26,26,301,1.4
Riberalta,2026-08-24 06:00:00,68,0.0,22,26,280,1.3
Riberalta,2026-08-24 06:00:00,71,0.0,22,26,310,1.7
Riberalta,2026-08-24 06:00:00,74,0.0,29,26,280,2.2
Riberalta,2026-08-24 06:00:00,77,0.0,32,26,300,2.4
Riberalta,2026-08-24 06:00:00,80,0.0,35,36,319,2.5
Riberalta,2026-08-24 06:00:00,83,0.0,35,35,339,1.9
Riberalta,2026-08-24 06:00:00,86,0.0,31,26,357,1.2
Riberalta,2026-08-24 06:00:00,89,0.0,23,26,339,1.3
Riberalta,2026-08-24 06:00:00,92,0.0,23,26,310,1.3
Río Chilenas(GPRS),2026-08-24 06:00:00,2,0.9,-1,89,290,2.5
Río Chilenas(GPRS),2026-08-24 06:00:00,5,0.6,3,89,280,5.4
Río Chilenas(GPRS),2026-08-24 06:00:00,8,0.6,8,89,270,8.2
Río Chilenas(GPRS),2026-08-24 06:00:00,11,1.0,8,89,260,7.5
Río Chilenas(GPRS),2026-08-24 06:00:00,14,0.0,3,56,250,6.7
Río Chilenas(GPRS),2026-08-24 06:00:00,17,0.0,-1,56,260,4.8
Río Chilenas(GPRS),2026-08-24 06:00:00,20,0.0,-4,36,265,2.8
Río Chilenas(GPRS),2026-08-24 06:00:00,23,0.0,-4,36,265,3.4
Río Chilenas(GPRS),2026-08-24 06:00:00,26,0.0,-2,36,255,3.1
Río Chilenas(GPRS),2026-08-24 06:00:00,29,0.0,2,36,258,3.7
Río Chilenas(GPRS),2026-08-24 06:00:00,32,0.0,8,36,256,4.4
Río Chilenas(GPRS),2026-08-24 06:00:00,35,0.0,8,36,263,3.7
Río Chilenas(GPRS),2026-08-24 06:00:00,38,0.0,4,26,263,2.8
Río Chilenas(GPRS),2026-08-24 06:00:00,41,0.0,1,26,273,2.8
Río Chilenas(GPRS),2026-08-24 06:00:00,44,0.0,-2,26,278,2.7
Río Chilenas(GPRS),2026-08-24 06:00:00,47,0.0,-2,27,265,3.0
Río Chilenas(GPRS),2026-08-24 06:00:00,50,0.0,1,26,265,2.9
Río Chilenas(GPRS),2026-08-24 06:00:00,53,0.0,4,27,265,4.2
Río Chilenas(GPRS),2026-08-24 06:00:00,56,0.0,10,27,263,5.5
Río Chilenas(GPRS),2026-08-24 06:00:00,59,0.0,10,26,263,4.2
Río Chilenas(GPRS),2026-08-24 06:00:00,62,0.0,6,26,257,3.0
Río Chilenas(GPRS),2026-08-24 06:00:00,65,0.0,2,26,265,3.3
Río Chilenas(GPRS),2026-08-24 06:00:00,68,0.0,-2,26,265,3.7
Río Chilenas(GPRS),2026-08-24 06:00:00,71,0.0,-2,27,270,2.9
Río Chilenas(GPRS),2026-08-24 06:00:00,74,0.0,3,26,270,2.7
Río Chilenas(GPRS),2026-08-24 06:00:00,77,0.0,6,27,280,6.2
Río Chilenas(GPRS),2026-08-24 06:00:00,80,0.0,12,26,280,9.6
Río Chilenas(GPRS),2026-08-24 06:00:00,83,0.0,12,26,277,6.7
Río Chilenas(GPRS),2026-08-24 06:00:00,86,0.0,3,26,269,3.8
Río Chilenas(GPRS),2026-08-24 06:00:00,89,0.0,-1,26,277,3.8
Río Chilenas(GPRS),2026-08-24 06:00:00,92,0.0,-1,26,280,3.8
Robore,2026-08-24 06:00:00,2,0.0,23,36,170,2.0
Robore,2026-08-24 06:00:00,5,0.0,26,36,180,2.4
Robore,2026-08-24 06:00:00,8,0.0,32,56,180,2.8
Robore,2026-08-24 06:00:00,11,0.0,32,56,190,2.3
Robore,2026-08-24 06:00:00,14,0.0,28,56,190,1.7
Robore,2026-08-24 06:00:00,17,0.0,24,55,190,1.7
Robore,2026-08-24 06:00:00,20,0.0,18,56,190,1.7
Robore,2026-08-24 06:00:00,23,0.0,18,56,190,1.5
Robore,2026-08-24 06:00:00,26,0.0,23,56,210,2.0
Robore,2026-08-24 06:00:00,29,0.0,26,56,262,2.1
Robore,2026-08-24 06:00:00,32,0.0,32,56,311,2.2
Robore,2026-08-24 06:00:00,35,0.0,32,56,310,2.0
Robore,2026-08-24 06:00:00,38,0.0,26,56,300,1.7
Robore,2026-08-24 06:00:00,41,0.0,22,56,260,1.3
Robore,2026-08-24 06:00:00,44,0.0,19,26,221,0.9
Robore,2026-08-24 06:00:00,47,0.0,19,26,350,2.5
Robore,2026-08-24 06:00:00,50,0.0,26,26,330,2.8
Robore,2026-08-24 06:00:00,53,0.0,30,26,330,4.7
Robore,2026-08-24 06:00:00,56,0.0,34,26,330,6.5
Robore,2026-08-24 06:00:00,59,0.0,34,26,350,4.8
Robore,2026-08-24 06:00:00,62,0.0,29,27,360,3.0
Robore,2026-08-24 06:00:00,65,0.0,20,26,350,3.3
Robore,2026-08-24 06:00:00,68,0.0,19,26,340,3.6
Robore,2026-08-24 06:00:00,71,0.0,19,26,340,2.9
Robore,2026-08-24 06:00:00,74,0.0,28,26,340,3.0
Robore,2026-08-24 06:00:00,77,0.0,33,26,340,5.3
Robore,2026-08-24 06:00:00,80,0.0,35,26,330,7.6
Robore,2026-08-24 06:00:00,83,0.0,35,26,350,6.1
Robore,2026-08-24 06:00:00,86,0.0,31,26,360,4.7
Robore,2026-08-24 06:00:00,89,0.0,20,26,350,5.1
Robore,2026-08-24 06:00:00,92,0.0,20,26,340,5.5
Rurrenabaque,2026-08-24 06:00:00,2,0.0,22,56,180,1.6
Rurrenabaque,2026-08-24 06:00:00,5,0.0,25,56,190,1.6
Rurrenabaque,2026-08-24 06:00:00,8,0.0,30,56,197,1.7
Rurrenabaque,2026-08-24 06:00:00,11,0.0,30,56,218,1.5
Rurrenabaque,2026-08-24 06:00:00,14,0.0,24,56,238,1.4
Rurrenabaque,2026-08-24 06:00:00,17,0.0,22,56,239,1.2
Rurrenabaque,2026-08-24 06:00:00,20,0.0,19,56,236,1.0
Rurrenabaque,2026-08-24 06:00:00,23,0.0,19,57,247,1.4
Rurrenabaque,2026-08-24 06:00:00,26,0.0,23,56,253,1.0
Rurrenabaque,2026-08-24 06:00:00,29,0.0,25,57,300,2.2
Rurrenabaque,2026-08-24 06:00:00,32,0.0,31,56,341,3.3
Rurrenabaque,2026-08-24 06:00:00,35,0.0,30,57,331,2.2
Rurrenabaque,2026-08-24 06:00:00,38,0.0,26,36,314,1.2
Rurrenabaque,2026-08-24 06:00:00,41,0.0,23,36,297,1.1
Rurrenabaque,2026-08-24 06:00:00,44,0.0,19,26,277,1.1
Rurrenabaque,2026-08-24 06:00:00,47,0.0,19,26,257,0.9
Rurrenabaque,2026-08-24 06:00:00,50,0.0,24,26,252,0.9
Rurrenabaque,2026-08-24 06:00:00,53,0.0,29,27,295,2.6
Rurrenabaque,2026-08-24 06:00:00,56,0.0,31,26,334,4.2
Rurrenabaque,2026-08-24 06:00:00,59,0.0,31,27,334,2.8
Rurrenabaque,2026-08-24 06:00:00,62,0.0,27,26,330,1.5
Rurrenabaque,2026-08-24 06:00:00,65,0.0,23,26,291,1.3
Rurrenabaque,2026-08-24 06:00:00,68,0.0,20,27,249,1.1
Rurrenabaque,2026-08-24 06:00:00,71,0.0,20,27,254,1.0
Rurrenabaque,2026-08-24 06:00:00,74,0.0,24,26,265,0.9
Rurrenabaque,2026-08-24 06:00:00,77,0.0,30,27,298,2.6
Rurrenabaque,2026-08-24 06:00:00,80,0.0,34,26,324,4.2
Rurrenabaque,2026-08-24 06:00:00,83,0.0,34,27,324,3.0
Rurrenabaque,2026-08-24 06:00:00,86,0.0,29,27,314,1.8
Rurrenabaque,2026-08-24 06:00:00,89,0.0,22,26,298,1.5
Rurrenabaque,2026-08-24 06:00:00,92,0.0,21,26,280,1.1
Salinas (INIAF),2026-08-24 06:00:00,2,2.4,6,89,331,2.4
Salinas (INIAF),2026-08-24 06:00:00,5,2.4,8,89,304,3.6
Salinas (INIAF),2026-08-24 06:00:00,8,1.9,11,89,268,4.7
Salinas (INIAF),2026-08-24 06:00:00,11,0.9,11,89,258,5.2
Salinas (INIAF),2026-08-24 06:00:00,14,0.0,7,56,239,5.7
Salinas (INIAF),2026-08-24 06:00:00,17,0.0,4,56,220,3.6
Salinas (INIAF),2026-08-24 06:00:00,20,0.0,2,36,201,1.4
Salinas (INIAF),2026-08-24 06:00:00,23,0.0,2,36,275,1.8
Salinas (INIAF),2026-08-24 06:00:00,26,0.0,4,36,329,1.8
Salinas (INIAF),2026-08-24 06:00:00,29,0.0,6,36,319,2.4
Salinas (INIAF),2026-08-24 06:00:00,32,0.0,11,36,300,3.0
Salinas (INIAF),2026-08-24 06:00:00,35,0.0,11,36,292,2.3
Salinas (INIAF),2026-08-24 06:00:00,38,0.0,7,26,127,1.4
Salinas (INIAF),2026-08-24 06:00:00,41,0.0,5,27,165,1.3
Salinas (INIAF),2026-08-24 06:00:00,44,0.0,2,26,197,1.1
Salinas (INIAF),2026-08-24 06:00:00,47,0.0,2,27,280,1.6
Salinas (INIAF),2026-08-24 06:00:00,50,0.0,4,26,355,1.9
Salinas (INIAF),2026-08-24 06:00:00,53,0.0,7,26,325,2.2
Salinas (INIAF),2026-08-24 06:00:00,56,0.0,12,26,285,2.6
Salinas (INIAF),2026-08-24 06:00:00,59,0.0,12,25,277,2.3
Salinas (INIAF),2026-08-24 06:00:00,62,0.0,9,26,252,2.0
Salinas (INIAF),2026-08-24 06:00:00,65,0.0,4,26,248,1.8
Salinas (INIAF),2026-08-24 06:00:00,68,0.0,1,27,227,1.6
Salinas (INIAF),2026-08-24 06:00:00,71,0.0,1,27,339,1.0
Salinas (INIAF),2026-08-24 06:00:00,74,0.0,6,26,33,0.9
Salinas (INIAF),2026-08-24 06:00:00,77,0.0,10,26,359,1.7
Salinas (INIAF),2026-08-24 06:00:00,80,0.0,14,26,319,2.5
Salinas (INIAF),2026-08-24 06:00:00,83,0.0,14,26,360,1.7
Salinas (INIAF),2026-08-24 06:00:00,86,0.0,9,26,36,0.9
Salinas (INIAF),2026-08-24 06:00:00,89,0.0,2,27,131,0.8
Salinas (INIAF),2026-08-24 06:00:00,92,0.0,2,26,183,0.7
Salo,2026-08-24 06:00:00,2,1.3,5,89,325,4.0
Salo,2026-08-24 06:00:00,5,2.1,9,89,305,7.6
Salo,2026-08-24 06:00:00,8,0.0,15,56,280,11.2
Salo,2026-08-24 06:00:00,11,0.0,15,56,300,8.5
Salo,2026-08-24 06:00:00,14,0.0,8,57,320,5.8
Salo,2026-08-24 06:00:00,17,0.0,2,56,315,4.0
Salo,2026-08-24 06:00:00,20,0.0,-4,36,305,2.3
Salo,2026-08-24 06:00:00,23,0.0,-4,36,291,3.1
Salo,2026-08-24 06:00:00,26,0.0,5,36,275,2.4
Salo,2026-08-24 06:00:00,29,0.0,9,36,280,4.9
Salo,2026-08-24 06:00:00,32,0.0,15,36,280,7.4
Salo,2026-08-24 06:00:00,35,0.0,15,36,300,5.6
Salo,2026-08-24 06:00:00,38,0.0,9,26,310,3.7
Salo,2026-08-24 06:00:00,41,0.0,3,26,295,3.4
Salo,2026-08-24 06:00:00,44,0.0,-3,26,275,3.3
Salo,2026-08-24 06:00:00,47,0.0,-2,26,290,3.2
Salo,2026-08-24 06:00:00,50,0.0,5,26,280,3.1
Salo,2026-08-24 06:00:00,53,0.0,10,26,280,5.2
Salo,2026-08-24 06:00:00,56,0.0,17,26,274,7.3
Salo,2026-08-24 06:00:00,59,0.0,17,26,290,5.9
Salo,2026-08-24 06:00:00,62,0.0,10,27,300,4.6
Salo,2026-08-24 06:00:00,65,0.0,4,26,290,4.2
Salo,2026-08-24 06:00:00,68,0.0,-2,26,280,3.7
Salo,2026-08-24 06:00:00,71,0.0,-1,26,285,2.8
Salo,2026-08-24 06:00:00,74,0.0,7,26,275,2.5
Salo,2026-08-24 06:00:00,77,0.0,13,26,290,5.0
Salo,2026-08-24 06:00:00,80,0.0,19,26,305,7.3
Salo,2026-08-24 06:00:00,83,0.0,19,25,305,5.6
Salo,2026-08-24 06:00:00,86,0.0,12,26,300,3.9
Salo,2026-08-24 06:00:00,89,0.0,0,26,290,3.6
Salo,2026-08-24 06:00:00,92,0.0,0,26,275,3.2
San Antonio - Los Ángeles,2026-08-24 06:00:00,2,0.0,22,57,120,2.5
San Antonio - Los Ángeles,2026-08-24 06:00:00,5,0.0,25,56,170,2.2
San Antonio - Los Ángeles,2026-08-24 06:00:00,8,0.0,28,36,217,1.8
San Antonio - Los Ángeles,2026-08-24 06:00:00,11,0.0,28,36,204,1.2
San Antonio - Los Ángeles,2026-08-24 06:00:00,14,0.0,26,56,191,0.5
San Antonio - Los Ángeles,2026-08-24 06:00:00,17,0.0,23,56,177,0.9
San Antonio - Los Ángeles,2026-08-24 06:00:00,20,0.0,19,56,160,1.3
San Antonio - Los Ángeles,2026-08-24 06:00:00,23,0.0,19,57,128,1.2
San Antonio - Los Ángeles,2026-08-24 06:00:00,26,0.0,22,56,100,1.5
San Antonio - Los Ángeles,2026-08-24 06:00:00,29,0.0,26,56,20,1.8
San Antonio - Los Ángeles,2026-08-24 06:00:00,32,0.0,28,56,291,2.0
San Antonio - Los Ángeles,2026-08-24 06:00:00,35,0.0,28,56,297,1.6
San Antonio - Los Ángeles,2026-08-24 06:00:00,38,0.0,26,36,297,1.2
San Antonio - Los Ángeles,2026-08-24 06:00:00,41,0.0,23,36,317,1.3
San Antonio - Los Ángeles,2026-08-24 06:00:00,44,0.0,20,26,330,1.4
San Antonio - Los Ángeles,2026-08-24 06:00:00,47,0.0,20,26,310,2.0
San Antonio - Los Ángeles,2026-08-24 06:00:00,50,0.0,24,26,300,2.2
San Antonio - Los Ángeles,2026-08-24 06:00:00,53,0.0,27,26,310,3.3
San Antonio - Los Ángeles,2026-08-24 06:00:00,56,0.0,30,25,317,4.4
San Antonio - Los Ángeles,2026-08-24 06:00:00,59,0.0,30,26,320,3.0
San Antonio - Los Ángeles,2026-08-24 06:00:00,62,0.0,27,26,320,1.6
San Antonio - Los Ángeles,2026-08-24 06:00:00,65,0.0,24,26,320,1.6
San Antonio - Los Ángeles,2026-08-24 06:00:00,68,0.0,21,27,310,1.7
San Antonio - Los Ángeles,2026-08-24 06:00:00,71,0.0,21,26,300,2.0
San Antonio - Los Ángeles,2026-08-24 06:00:00,74,0.0,27,27,307,2.3
San Antonio - Los Ángeles,2026-08-24 06:00:00,77,0.0,30,26,307,3.6
San Antonio - Los Ángeles,2026-08-24 06:00:00,80,0.0,32,26,307,5.0
San Antonio - Los Ángeles,2026-08-24 06:00:00,83,0.0,32,26,307,3.6
San Antonio - Los Ángeles,2026-08-24 06:00:00,86,0.0,28,26,297,2.3
San Antonio - Los Ángeles,2026-08-24 06:00:00,89,0.0,22,27,307,2.1
San Antonio - Los Ángeles,2026-08-24 06:00:00,92,0.0,22,26,317,1.9
San Borja,2026-08-24 06:00:00,2,0.0,23,55,183,2.1
San Borja,2026-08-24 06:00:00,5,0.0,26,56,201,2.6
San Borja,2026-08-24 06:00:00,8,0.0,30,56,210,3.2
San Borja,2026-08-24 06:00:00,11,0.0,30,55,253,1.8
San Borja,2026-08-24 06:00:00,14,0.0,26,56,293,0.4
San Borja,2026-08-24 06:00:00,17,0.0,23,56,260,0.8
San Borja,2026-08-24 06:00:00,20,0.0,20,56,217,1.2
San Borja,2026-08-24 06:00:00,23,0.0,20,56,266,1.5
San Borja,2026-08-24 06:00:00,26,0.0,22,55,283,1.3
San Borja,2026-08-24 06:00:00,29,0.0,26,56,307,2.9
San Borja,2026-08-24 06:00:00,32,0.0,30,57,330,4.6
San Borja,2026-08-24 06:00:00,35,0.0,30,56,320,3.1
San Borja,2026-08-24 06:00:00,38,0.0,26,36,310,1.6
San Borja,2026-08-24 06:00:00,41,0.0,24,36,309,1.6
San Borja,2026-08-24 06:00:00,44,0.0,20,26,304,1.6
San Borja,2026-08-24 06:00:00,47,0.0,20,26,312,1.6
San Borja,2026-08-24 06:00:00,50,0.0,24,27,302,1.8
San Borja,2026-08-24 06:00:00,53,0.0,28,26,312,3.4
San Borja,2026-08-24 06:00:00,56,0.0,30,27,313,4.9
San Borja,2026-08-24 06:00:00,59,0.0,30,26,310,3.2
San Borja,2026-08-24 06:00:00,62,0.0,27,27,305,1.6
San Borja,2026-08-24 06:00:00,65,0.0,24,26,299,1.4
San Borja,2026-08-24 06:00:00,68,0.0,21,26,289,1.2
San Borja,2026-08-24 06:00:00,71,0.0,21,26,286,1.8
San Borja,2026-08-24 06:00:00,74,0.0,26,27,306,1.9
San Borja,2026-08-24 06:00:00,77,0.0,29,26,316,3.4
San Borja,2026-08-24 06:00:00,80,0.0,33,27,320,4.8
San Borja,2026-08-24 06:00:00,83,0.0,33,26,310,3.3
San Borja,2026-08-24 06:00:00,86,0.0,30,26,296,1.7
San Borja,2026-08-24 06:00:00,89,0.0,22,26,320,1.7
San Borja,2026-08-24 06:00:00,92,0.0,22,27,340,1.6
San Buenaventura,2026-08-24 06:00:00,2,0.0,21,36,173,1.2
San Buenaventura,2026-08-24 06:00:00,5,0.0,26,36,183,1.3
San Buenaventura,2026-08-24 06:00:00,8,0.0,31,56,183,1.3
San Buenaventura,2026-08-24 06:00:00,11,0.0,31,56,210,1.3
San Buenaventura,2026-08-24 06:00:00,14,0.0,25,36,228,1.2
San Buenaventura,2026-08-24 06:00:00,17,0.0,21,36,238,1.0
San Buenaventura,2026-08-24 06:00:00,20,0.0,16,56,247,0.8
San Buenaventura,2026-08-24 06:00:00,23,0.0,16,56,225,1.1
San Buenaventura,2026-08-24 06:00:00,26,0.0,21,56,212,0.7
San Buenaventura,2026-08-24 06:00:00,29,0.0,26,56,285,1.8
San Buenaventura,2026-08-24 06:00:00,32,0.0,31,56,357,3.0
San Buenaventura,2026-08-24 06:00:00,35,0.0,31,56,347,1.9
San Buenaventura,2026-08-24 06:00:00,38,0.0,26,36,337,0.8
San Buenaventura,2026-08-24 06:00:00,41,0.0,21,36,315,0.8
San Buenaventura,2026-08-24 06:00:00,44,0.0,17,26,285,0.9
San Buenaventura,2026-08-24 06:00:00,47,0.0,17,27,233,0.8
San Buenaventura,2026-08-24 06:00:00,50,0.0,22,26,232,0.7
San Buenaventura,2026-08-24 06:00:00,53,0.0,26,26,290,2.4
San Buenaventura,2026-08-24 06:00:00,56,0.0,30,26,340,4.0
San Buenaventura,2026-08-24 06:00:00,59,0.0,30,27,340,3.0
San Buenaventura,2026-08-24 06:00:00,62,0.0,26,26,330,1.9
San Buenaventura,2026-08-24 06:00:00,65,0.0,23,27,283,1.5
San Buenaventura,2026-08-24 06:00:00,68,0.0,18,25,235,1.0
San Buenaventura,2026-08-24 06:00:00,71,0.0,18,25,242,0.8
San Buenaventura,2026-08-24 06:00:00,74,0.0,24,26,245,0.5
San Buenaventura,2026-08-24 06:00:00,77,0.0,28,27,292,2.3
San Buenaventura,2026-08-24 06:00:00,80,0.0,32,27,337,4.2
San Buenaventura,2026-08-24 06:00:00,83,0.0,32,26,328,3.2
San Buenaventura,2026-08-24 06:00:00,86,0.0,28,25,318,2.1
San Buenaventura,2026-08-24 06:00:00,89,0.0,19,26,290,1.5
San Buenaventura,2026-08-24 06:00:00,92,0.0,19,27,255,1.0
San Ignacio de Moxos,2026-08-24 06:00:00,2,0.0,22,56,150,3.1
San Ignacio de Moxos,2026-08-24 06:00:00,5,0.0,26,56,180,3.6
San Ignacio de Moxos,2026-08-24 06:00:00,8,0.0,32,56,200,4.1
San Ignacio de Moxos,2026-08-24 06:00:00,11,0.0,32,56,190,2.8
San Ignacio de Moxos,2026-08-24 06:00:00,14,0.0,27,56,176,1.5
San Ignacio de Moxos,2026-08-24 06:00:00,17,0.0,24,56,196,1.6
San Ignacio de Moxos,2026-08-24 06:00:00,20,0.0,19,56,210,1.8
San Ignacio de Moxos,2026-08-24 06:00:00,23,0.0,19,56,271,1.7
San Ignacio de Moxos,2026-08-24 06:00:00,26,0.0,25,55,304,1.2
San Ignacio de Moxos,2026-08-24 06:00:00,29,0.0,27,56,314,2.3
San Ignacio de Moxos,2026-08-24 06:00:00,32,0.0,32,56,320,3.6
San Ignacio de Moxos,2026-08-24 06:00:00,35,0.0,32,56,316,2.8
San Ignacio de Moxos,2026-08-24 06:00:00,38,0.0,27,56,306,2.0
San Ignacio de Moxos,2026-08-24 06:00:00,41,0.0,23,56,314,1.9
San Ignacio de Moxos,2026-08-24 06:00:00,44,0.0,19,26,318,1.6
San Ignacio de Moxos,2026-08-24 06:00:00,47,0.0,19,26,320,2.2
San Ignacio de Moxos,2026-08-24 06:00:00,50,0.0,25,26,312,2.7
San Ignacio de Moxos,2026-08-24 06:00:00,53,0.0,29,26,320,3.7
San Ignacio de Moxos,2026-08-24 06:00:00,56,0.0,32,26,320,4.7
San Ignacio de Moxos,2026-08-24 06:00:00,59,0.0,32,26,320,3.2
San Ignacio de Moxos,2026-08-24 06:00:00,62,0.0,30,26,314,1.6
San Ignacio de Moxos,2026-08-24 06:00:00,65,0.0,25,26,323,1.6
San Ignacio de Moxos,2026-08-24 06:00:00,68,0.0,21,26,329,1.7
San Ignacio de Moxos,2026-08-24 06:00:00,71,0.0,21,26,318,2.1
San Ignacio de Moxos,2026-08-24 06:00:00,74,0.0,29,26,318,2.8
San Ignacio de Moxos,2026-08-24 06:00:00,77,0.0,32,26,318,3.7
San Ignacio de Moxos,2026-08-24 06:00:00,80,0.0,34,36,310,4.7
San Ignacio de Moxos,2026-08-24 06:00:00,83,0.0,34,36,306,3.2
San Ignacio de Moxos,2026-08-24 06:00:00,86,0.0,31,26,296,1.7
San Ignacio de Moxos,2026-08-24 06:00:00,89,0.0,22,26,314,1.7
San Ignacio de Moxos,2026-08-24 06:00:00,92,0.0,22,26,328,1.8
San Ignacio de Velasco,2026-08-24 06:00:00,2,0.0,22,36,170,3.5
San Ignacio de Velasco,2026-08-24 06:00:00,5,0.0,27,36,180,3.4
San Ignacio de Velasco,2026-08-24 06:00:00,8,0.0,31,56,184,3.2
San Ignacio de Velasco,2026-08-24 06:00:00,11,0.0,31,56,190,3.0
San Ignacio de Velasco,2026-08-24 06:00:00,14,0.0,25,56,196,2.8
San Ignacio de Velasco,2026-08-24 06:00:00,17,0.0,22,57,194,3.0
San Ignacio de Velasco,2026-08-24 06:00:00,20,0.0,17,56,188,3.3
San Ignacio de Velasco,2026-08-24 06:00:00,23,0.0,17,56,197,2.8
San Ignacio de Velasco,2026-08-24 06:00:00,26,0.0,24,57,179,2.2
San Ignacio de Velasco,2026-08-24 06:00:00,29,0.0,27,56,219,2.4
San Ignacio de Velasco,2026-08-24 06:00:00,32,0.0,31,56,253,2.6
San Ignacio de Velasco,2026-08-24 06:00:00,35,0.0,31,56,263,2.5
San Ignacio de Velasco,2026-08-24 06:00:00,38,0.0,27,56,263,2.4
San Ignacio de Velasco,2026-08-24 06:00:00,41,0.0,24,56,273,2.1
San Ignacio de Velasco,2026-08-24 06:00:00,44,0.0,18,26,282,1.9
San Ignacio de Velasco,2026-08-24 06:00:00,47,0.0,18,26,302,2.8
San Ignacio de Velasco,2026-08-24 06:00:00,50,0.0,24,26,300,3.2
San Ignacio de Velasco,2026-08-24 06:00:00,53,0.0,28,26,310,4.5
San Ignacio de Velasco,2026-08-24 06:00:00,56,0.0,33,26,316,5.8
San Ignacio de Velasco,2026-08-24 06:00:00,59,0.0,33,26,332,4.6
San Ignacio de Velasco,2026-08-24 06:00:00,62,0.0,29,26,342,3.5
San Ignacio de Velasco,2026-08-24 06:00:00,65,0.0,24,26,332,2.9
San Ignacio de Velasco,2026-08-24 06:00:00,68,0.0,19,27,322,2.3
San Ignacio de Velasco,2026-08-24 06:00:00,71,0.0,19,26,302,3.3
San Ignacio de Velasco,2026-08-24 06:00:00,74,0.0,24,26,310,4.1
San Ignacio de Velasco,2026-08-24 06:00:00,77,0.0,29,26,320,5.5
San Ignacio de Velasco,2026-08-24 06:00:00,80,0.0,34,26,330,6.9
San Ignacio de Velasco,2026-08-24 06:00:00,83,0.0,34,26,340,5.2
San Ignacio de Velasco,2026-08-24 06:00:00,86,0.0,26,26,350,3.5
San Ignacio de Velasco,2026-08-24 06:00:00,89,0.0,20,26,340,3.7
San Ignacio de Velasco,2026-08-24 06:00:00,92,0.0,20,26,320,4.0
San Javier,2026-08-24 06:00:00,2,0.0,22,36,159,3.7
San Javier,2026-08-24 06:00:00,5,0.0,25,36,170,3.4
San Javier,2026-08-24 06:00:00,8,0.0,30,56,173,3.0
San Javier,2026-08-24 06:00:00,11,0.0,30,55,173,2.3
San Javier,2026-08-24 06:00:00,14,0.0,26,56,169,1.5
San Javier,2026-08-24 06:00:00,17,0.0,21,56,191,1.5
San Javier,2026-08-24 06:00:00,20,0.0,18,56,209,1.5
San Javier,2026-08-24 06:00:00,23,0.0,18,57,185,1.2
San Javier,2026-08-24 06:00:00,26,0.0,22,57,176,1.1
San Javier,2026-08-24 06:00:00,29,0.0,28,55,246,2.3
San Javier,2026-08-24 06:00:00,32,0.0,30,55,316,3.5
San Javier,2026-08-24 06:00:00,35,0.0,30,57,327,2.4
San Javier,2026-08-24 06:00:00,38,0.0,25,56,331,1.3
San Javier,2026-08-24 06:00:00,41,0.0,22,55,347,1.4
San Javier,2026-08-24 06:00:00,44,0.0,19,26,357,1.5
San Javier,2026-08-24 06:00:00,47,0.0,19,26,320,3.3
San Javier,2026-08-24 06:00:00,50,0.0,25,26,330,3.1
San Javier,2026-08-24 06:00:00,53,0.0,28,26,330,4.2
San Javier,2026-08-24 06:00:00,56,0.0,32,26,320,5.4
San Javier,2026-08-24 06:00:00,59,0.0,32,25,340,3.7
San Javier,2026-08-24 06:00:00,62,0.0,27,25,351,2.0
San Javier,2026-08-24 06:00:00,65,0.0,23,26,341,2.7
San Javier,2026-08-24 06:00:00,68,0.0,20,26,330,3.4
San Javier,2026-08-24 06:00:00,71,0.0,20,26,320,2.9
San Javier,2026-08-24 06:00:00,74,0.0,26,26,310,3.2
San Javier,2026-08-24 06:00:00,77,0.0,29,26,320,4.6
San Javier,2026-08-24 06:00:00,80,0.0,34,25,320,6.0
San Javier,2026-08-24 06:00:00,83,0.0,34,26,330,4.2
San Javier,2026-08-24 06:00:00,86,0.0,30,27,340,2.4
San Javier,2026-08-24 06:00:00,89,0.0,21,26,330,3.1
San Javier,2026-08-24 06:00:00,92,0.0,21,26,320,3.6
San Jose,2026-08-24 06:00:00,2,0.0,20,36,165,3.1
San Jose,2026-08-24 06:00:00,5,0.0,25,36,175,3.0
San Jose,2026-08-24 06:00:00,8,0.0,33,57,180,2.9
San Jose,2026-08-24 06:00:00,11,0.0,33,56,185,2.7
San Jose,2026-08-24 06:00:00,14,0.0,28,56,185,2.5
San Jose,2026-08-24 06:00:00,17,0.0,24,56,177,3.0
San Jose,2026-08-24 06:00:00,20,0.0,18,57,167,3.5
San Jose,2026-08-24 06:00:00,23,0.0,18,56,145,1.5
San Jose,2026-08-24 06:00:00,26,0.0,24,56,125,1.7
San Jose,2026-08-24 06:00:00,29,0.0,30,56,106,2.2
San Jose,2026-08-24 06:00:00,32,0.0,33,57,307,2.6
San Jose,2026-08-24 06:00:00,35,0.0,33,56,308,1.9
San Jose,2026-08-24 06:00:00,38,0.0,27,56,303,1.1
San Jose,2026-08-24 06:00:00,41,0.0,23,56,310,1.1
San Jose,2026-08-24 06:00:00,44,0.0,19,26,312,1.2
San Jose,2026-08-24 06:00:00,47,0.0,19,26,344,2.0
San Jose,2026-08-24 06:00:00,50,0.0,28,26,334,2.9
San Jose,2026-08-24 06:00:00,53,0.0,32,26,334,4.6
San Jose,2026-08-24 06:00:00,56,0.0,35,26,329,6.4
San Jose,2026-08-24 06:00:00,59,0.0,35,26,339,4.7
San Jose,2026-08-24 06:00:00,62,0.0,30,26,340,3.0
San Jose,2026-08-24 06:00:00,65,0.0,23,26,350,3.0
San Jose,2026-08-24 06:00:00,68,0.0,19,26,354,3.0
San Jose,2026-08-24 06:00:00,71,0.0,19,26,331,2.9
San Jose,2026-08-24 06:00:00,74,0.0,26,27,321,3.9
San Jose,2026-08-24 06:00:00,77,0.0,30,27,330,5.9
San Jose,2026-08-24 06:00:00,80,0.0,36,26,330,7.8
San Jose,2026-08-24 06:00:00,83,0.0,36,26,340,5.8
San Jose,2026-08-24 06:00:00,86,0.0,32,26,350,3.7
San Jose,2026-08-24 06:00:00,89,0.0,20,26,341,4.2
San Jose,2026-08-24 06:00:00,92,0.0,20,26,331,4.8
San Julian - Comunidad Los Angeles,2026-08-24 06:00:00,2,0.0,23,56,150,4.0
San Julian - Comunidad Los Angeles,2026-08-24 06:00:00,5,0.0,26,56,160,3.5
San Julian - Comunidad Los Angeles,2026-08-24 06:00:00,8,0.0,33,37,168,3.0
San Julian - Comunidad Los Angeles,2026-08-24 06:00:00,11,0.0,33,37,170,2.8
San Julian - Comunidad Los Angeles,2026-08-24 06:00:00,14,0.0,26,56,170,2.6
San Julian - Comunidad Los Angeles,2026-08-24 06:00:00,17,0.0,24,56,168,2.5
San Julian - Comunidad Los Angeles,2026-08-24 06:00:00,20,0.0,20,56,159,2.4
San Julian - Comunidad Los Angeles,2026-08-24 06:00:00,23,0.0,20,56,169,1.4
San Julian - Comunidad Los Angeles,2026-08-24 06:00:00,26,0.0,23,56,170,1.7
San Julian - Comunidad Los Angeles,2026-08-24 06:00:00,29,0.0,26,56,240,2.2
San Julian - Comunidad Los Angeles,2026-08-24 06:00:00,32,0.0,33,56,310,2.7
San Julian - Comunidad Los Angeles,2026-08-24 06:00:00,35,0.0,33,56,318,2.1
San Julian - Comunidad Los Angeles,2026-08-24 06:00:00,38,0.0,27,37,319,1.5
San Julian - Comunidad Los Angeles,2026-08-24 06:00:00,41,0.0,24,37,321,1.9
San Julian - Comunidad Los Angeles,2026-08-24 06:00:00,44,0.0,21,26,320,2.2
San Julian - Comunidad Los Angeles,2026-08-24 06:00:00,47,0.0,21,26,320,3.3
San Julian - Comunidad Los Angeles,2026-08-24 06:00:00,50,0.0,25,26,320,3.3
San Julian - Comunidad Los Angeles,2026-08-24 06:00:00,53,0.0,28,26,320,4.9
San Julian - Comunidad Los Angeles,2026-08-24 06:00:00,56,0.0,33,26,320,6.4
San Julian - Comunidad Los Angeles,2026-08-24 06:00:00,59,0.0,33,26,340,4.6
San Julian - Comunidad Los Angeles,2026-08-24 06:00:00,62,0.0,27,25,351,2.7
San Julian - Comunidad Los Angeles,2026-08-24 06:00:00,65,0.0,24,26,340,3.2
San Julian - Comunidad Los Angeles,2026-08-24 06:00:00,68,0.0,21,27,329,3.6
San Julian - Comunidad Los Angeles,2026-08-24 06:00:00,71,0.0,21,26,320,3.6
San Julian - Comunidad Los Angeles,2026-08-24 06:00:00,74,0.0,27,26,320,4.1
San Julian - Comunidad Los Angeles,2026-08-24 06:00:00,77,0.0,32,26,320,5.6
San Julian - Comunidad Los Angeles,2026-08-24 06:00:00,80,0.0,35,27,320,7.1
San Julian - Comunidad Los Angeles,2026-08-24 06:00:00,83,0.0,35,26,320,5.7
San Julian - Comunidad Los Angeles,2026-08-24 06:00:00,86,0.0,30,26,318,4.3
San Julian - Comunidad Los Angeles,2026-08-24 06:00:00,89,0.0,22,26,320,4.3
San Julian - Comunidad Los Angeles,2026-08-24 06:00:00,92,0.0,22,26,320,4.4
San Julián - Núcleo 32,2026-08-24 06:00:00,2,0.0,20,56,140,3.2
San Julián - Núcleo 32,2026-08-24 06:00:00,5,0.0,24,56,160,2.7
San Julián - Núcleo 32,2026-08-24 06:00:00,8,0.0,31,36,170,2.3
San Julián - Núcleo 32,2026-08-24 06:00:00,11,0.0,31,36,170,1.8
San Julián - Núcleo 32,2026-08-24 06:00:00,14,0.0,26,55,160,1.4
San Julián - Núcleo 32,2026-08-24 06:00:00,17,0.0,22,56,129,1.4
San Julián - Núcleo 32,2026-08-24 06:00:00,20,0.0,18,55,89,1.3
San Julián - Núcleo 32,2026-08-24 06:00:00,23,0.0,18,55,173,1.2
San Julián - Núcleo 32,2026-08-24 06:00:00,26,0.0,22,56,167,1.4
San Julián - Núcleo 32,2026-08-24 06:00:00,29,0.0,27,55,248,1.9
San Julián - Núcleo 32,2026-08-24 06:00:00,32,0.0,31,56,321,2.5
San Julián - Núcleo 32,2026-08-24 06:00:00,35,0.0,31,55,322,1.9
San Julián - Núcleo 32,2026-08-24 06:00:00,38,0.0,27,36,314,1.2
San Julián - Núcleo 32,2026-08-24 06:00:00,41,0.0,23,37,321,1.4
San Julián - Núcleo 32,2026-08-24 06:00:00,44,0.0,19,26,320,1.5
San Julián - Núcleo 32,2026-08-24 06:00:00,47,0.0,19,26,330,2.6
San Julián - Núcleo 32,2026-08-24 06:00:00,50,0.0,24,27,330,2.6
San Julián - Núcleo 32,2026-08-24 06:00:00,53,0.0,28,27,330,3.7
San Julián - Núcleo 32,2026-08-24 06:00:00,56,0.0,33,26,320,4.9
San Julián - Núcleo 32,2026-08-24 06:00:00,59,0.0,33,27,340,3.4
San Julián - Núcleo 32,2026-08-24 06:00:00,62,0.0,28,26,360,2.0
San Julián - Núcleo 32,2026-08-24 06:00:00,65,0.0,24,26,350,2.3
San Julián - Núcleo 32,2026-08-24 06:00:00,68,0.0,20,26,330,2.7
San Julián - Núcleo 32,2026-08-24 06:00:00,71,0.0,20,25,322,2.3
San Julián - Núcleo 32,2026-08-24 06:00:00,74,0.0,26,26,320,2.6
San Julián - Núcleo 32,2026-08-24 06:00:00,77,0.0,30,25,320,4.0
San Julián - Núcleo 32,2026-08-24 06:00:00,80,0.0,35,26,310,5.4
San Julián - Núcleo 32,2026-08-24 06:00:00,83,0.0,35,25,310,4.4
San Julián - Núcleo 32,2026-08-24 06:00:00,86,0.0,29,27,309,3.4
San Julián - Núcleo 32,2026-08-24 06:00:00,89,0.0,21,26,319,3.3
San Julián - Núcleo 32,2026-08-24 06:00:00,92,0.0,21,26,320,3.2
San Matias,2026-08-24 06:00:00,2,0.0,22,36,160,3.4
San Matias,2026-08-24 06:00:00,5,0.0,26,37,171,2.8
San Matias,2026-08-24 06:00:00,8,0.0,31,56,181,2.2
San Matias,2026-08-24 06:00:00,11,0.0,31,56,191,2.5
San Matias,2026-08-24 06:00:00,14,0.0,27,56,193,2.8
San Matias,2026-08-24 06:00:00,17,0.0,24,56,191,2.8
San Matias,2026-08-24 06:00:00,20,0.0,18,56,181,2.8
San Matias,2026-08-24 06:00:00,23,0.0,18,55,232,2.2
San Matias,2026-08-24 06:00:00,26,0.0,24,56,262,1.0
San Matias,2026-08-24 06:00:00,29,0.0,28,56,230,1.1
San Matias,2026-08-24 06:00:00,32,0.0,31,56,197,1.1
San Matias,2026-08-24 06:00:00,35,0.0,31,56,206,1.4
San Matias,2026-08-24 06:00:00,38,0.0,27,56,208,1.6
San Matias,2026-08-24 06:00:00,41,0.0,23,57,248,1.8
San Matias,2026-08-24 06:00:00,44,0.0,19,25,287,1.9
San Matias,2026-08-24 06:00:00,47,0.0,19,25,287,1.5
San Matias,2026-08-24 06:00:00,50,0.0,26,26,259,1.3
San Matias,2026-08-24 06:00:00,53,0.0,31,26,282,2.6
San Matias,2026-08-24 06:00:00,56,0.0,33,26,303,4.1
San Matias,2026-08-24 06:00:00,59,0.0,33,27,223,2.6
San Matias,2026-08-24 06:00:00,62,0.0,29,25,135,1.1
San Matias,2026-08-24 06:00:00,65,0.0,24,26,72,1.5
San Matias,2026-08-24 06:00:00,68,0.0,19,26,360,1.8
San Matias,2026-08-24 06:00:00,71,0.0,19,26,347,2.5
San Matias,2026-08-24 06:00:00,74,0.0,24,26,337,2.5
San Matias,2026-08-24 06:00:00,77,0.0,30,26,329,3.9
San Matias,2026-08-24 06:00:00,80,0.0,34,25,317,5.2
San Matias,2026-08-24 06:00:00,83,0.0,34,26,337,4.5
San Matias,2026-08-24 06:00:00,86,0.0,26,26,349,3.8
San Matias,2026-08-24 06:00:00,89,0.0,20,25,350,3.5
San Matias,2026-08-24 06:00:00,92,0.0,20,26,350,3.2
San Pablo de Lipez (GPRS),2026-08-24 06:00:00,2,0.9,0,89,329,2.9
San Pablo de Lipez (GPRS),2026-08-24 06:00:00,5,0.8,3,90,319,5.4
San Pablo de Lipez (GPRS),2026-08-24 06:00:00,8,1.3,7,90,299,7.9
San Pablo de Lipez (GPRS),2026-08-24 06:00:00,11,1.7,7,89,260,6.0
San Pablo de Lipez (GPRS),2026-08-24 06:00:00,14,0.0,3,56,221,4.0
San Pablo de Lipez (GPRS),2026-08-24 06:00:00,17,0.0,0,56,246,3.2
San Pablo de Lipez (GPRS),2026-08-24 06:00:00,20,0.0,-4,36,266,2.4
San Pablo de Lipez (GPRS),2026-08-24 06:00:00,23,0.0,-4,36,295,3.1
San Pablo de Lipez (GPRS),2026-08-24 06:00:00,26,0.0,0,36,285,2.2
San Pablo de Lipez (GPRS),2026-08-24 06:00:00,29,0.0,4,36,290,3.8
San Pablo de Lipez (GPRS),2026-08-24 06:00:00,32,0.0,7,36,289,5.5
San Pablo de Lipez (GPRS),2026-08-24 06:00:00,35,0.0,7,36,309,4.4
San Pablo de Lipez (GPRS),2026-08-24 06:00:00,38,0.0,3,26,329,3.3
San Pablo de Lipez (GPRS),2026-08-24 06:00:00,41,0.0,-1,26,297,2.7
San Pablo de Lipez (GPRS),2026-08-24 06:00:00,44,0.0,-4,26,258,2.1
San Pablo de Lipez (GPRS),2026-08-24 06:00:00,47,0.0,-4,26,290,2.0
San Pablo de Lipez (GPRS),2026-08-24 06:00:00,50,0.0,0,26,299,2.2
San Pablo de Lipez (GPRS),2026-08-24 06:00:00,53,0.0,4,26,299,3.8
San Pablo de Lipez (GPRS),2026-08-24 06:00:00,56,0.0,10,26,299,5.5
San Pablo de Lipez (GPRS),2026-08-24 06:00:00,59,0.0,10,26,319,4.3
San Pablo de Lipez (GPRS),2026-08-24 06:00:00,62,0.0,4,27,338,3.2
San Pablo de Lipez (GPRS),2026-08-24 06:00:00,65,0.0,0,26,309,3.0
San Pablo de Lipez (GPRS),2026-08-24 06:00:00,68,0.0,-4,26,280,2.8
San Pablo de Lipez (GPRS),2026-08-24 06:00:00,71,0.0,-4,26,295,1.8
San Pablo de Lipez (GPRS),2026-08-24 06:00:00,74,0.0,3,26,309,1.7
San Pablo de Lipez (GPRS),2026-08-24 06:00:00,77,0.0,7,26,300,4.1
San Pablo de Lipez (GPRS),2026-08-24 06:00:00,80,0.0,12,26,290,6.4
San Pablo de Lipez (GPRS),2026-08-24 06:00:00,83,0.0,12,26,319,4.9
San Pablo de Lipez (GPRS),2026-08-24 06:00:00,86,0.0,5,26,348,3.3
San Pablo de Lipez (GPRS),2026-08-24 06:00:00,89,0.0,-3,26,314,2.9
San Pablo de Lipez (GPRS),2026-08-24 06:00:00,92,0.0,-3,26,275,2.6
San Pedro - Río Victoria,2026-08-24 06:00:00,2,0.0,21,56,133,3.0
San Pedro - Río Victoria,2026-08-24 06:00:00,5,0.0,23,56,160,2.6
San Pedro - Río Victoria,2026-08-24 06:00:00,8,0.0,28,36,186,2.3
San Pedro - Río Victoria,2026-08-24 06:00:00,11,0.0,28,36,191,1.6
San Pedro - Río Victoria,2026-08-24 06:00:00,14,0.0,25,56,191,1.0
San Pedro - Río Victoria,2026-08-24 06:00:00,17,0.0,22,56,176,1.1
San Pedro - Río Victoria,2026-08-24 06:00:00,20,0.0,17,56,160,1.2
San Pedro - Río Victoria,2026-08-24 06:00:00,23,0.0,17,56,160,1.2
San Pedro - Río Victoria,2026-08-24 06:00:00,26,0.0,22,56,125,0.9
San Pedro - Río Victoria,2026-08-24 06:00:00,29,0.0,25,56,78,1.9
San Pedro - Río Victoria,2026-08-24 06:00:00,32,0.0,28,56,313,2.9
San Pedro - Río Victoria,2026-08-24 06:00:00,35,0.0,28,56,293,2.0
San Pedro - Río Victoria,2026-08-24 06:00:00,38,0.0,24,36,266,1.1
San Pedro - Río Victoria,2026-08-24 06:00:00,41,0.0,22,37,300,1.2
San Pedro - Río Victoria,2026-08-24 06:00:00,44,0.0,18,26,330,1.3
San Pedro - Río Victoria,2026-08-24 06:00:00,47,0.0,18,26,320,1.8
San Pedro - Río Victoria,2026-08-24 06:00:00,50,0.0,24,26,313,2.3
San Pedro - Río Victoria,2026-08-24 06:00:00,53,0.0,27,26,320,3.4
San Pedro - Río Victoria,2026-08-24 06:00:00,56,0.0,30,26,320,4.5
San Pedro - Río Victoria,2026-08-24 06:00:00,59,0.0,30,26,330,3.3
San Pedro - Río Victoria,2026-08-24 06:00:00,62,0.0,25,26,340,2.1
San Pedro - Río Victoria,2026-08-24 06:00:00,65,0.0,23,26,333,2.0
San Pedro - Río Victoria,2026-08-24 06:00:00,68,0.0,19,26,323,1.8
San Pedro - Río Victoria,2026-08-24 06:00:00,71,0.0,19,26,303,2.0
San Pedro - Río Victoria,2026-08-24 06:00:00,74,0.0,25,26,303,2.3
San Pedro - Río Victoria,2026-08-24 06:00:00,77,0.0,27,25,313,3.5
San Pedro - Río Victoria,2026-08-24 06:00:00,80,0.0,32,26,313,4.8
San Pedro - Río Victoria,2026-08-24 06:00:00,83,0.0,32,26,313,3.9
San Pedro - Río Victoria,2026-08-24 06:00:00,86,0.0,27,26,303,3.0
San Pedro - Río Victoria,2026-08-24 06:00:00,89,0.0,20,26,313,2.5
San Pedro - Río Victoria,2026-08-24 06:00:00,92,0.0,20,26,318,1.9
San Pedro de Buena Vista,2026-08-24 06:00:00,2,1.3,6,89,28,1.8
San Pedro de Buena Vista,2026-08-24 06:00:00,5,1.4,10,89,38,2.2
San Pedro de Buena Vista,2026-08-24 06:00:00,8,0.0,13,56,38,2.5
San Pedro de Buena Vista,2026-08-24 06:00:00,11,0.0,13,56,48,2.1
San Pedro de Buena Vista,2026-08-24 06:00:00,14,0.0,10,56,49,1.7
San Pedro de Buena Vista,2026-08-24 06:00:00,17,0.0,4,56,358,1.8
San Pedro de Buena Vista,2026-08-24 06:00:00,20,0.0,1,36,303,1.8
San Pedro de Buena Vista,2026-08-24 06:00:00,23,0.0,1,36,288,3.2
San Pedro de Buena Vista,2026-08-24 06:00:00,26,0.0,6,36,278,3.0
San Pedro de Buena Vista,2026-08-24 06:00:00,29,0.0,9,36,305,2.9
San Pedro de Buena Vista,2026-08-24 06:00:00,32,0.0,13,36,323,2.7
San Pedro de Buena Vista,2026-08-24 06:00:00,35,0.0,13,36,330,2.6
San Pedro de Buena Vista,2026-08-24 06:00:00,38,0.0,10,26,330,2.6
San Pedro de Buena Vista,2026-08-24 06:00:00,41,0.0,6,26,305,2.8
San Pedro de Buena Vista,2026-08-24 06:00:00,44,0.0,2,26,278,3.0
San Pedro de Buena Vista,2026-08-24 06:00:00,47,0.0,2,26,268,4.0
San Pedro de Buena Vista,2026-08-24 06:00:00,50,0.0,6,27,258,3.8
San Pedro de Buena Vista,2026-08-24 06:00:00,53,0.0,9,25,250,2.8
San Pedro de Buena Vista,2026-08-24 06:00:00,56,0.0,14,27,242,1.9
San Pedro de Buena Vista,2026-08-24 06:00:00,59,0.0,14,26,248,2.3
San Pedro de Buena Vista,2026-08-24 06:00:00,62,0.0,10,26,246,2.7
San Pedro de Buena Vista,2026-08-24 06:00:00,65,0.0,5,26,258,3.4
San Pedro de Buena Vista,2026-08-24 06:00:00,68,0.0,2,25,268,4.0
San Pedro de Buena Vista,2026-08-24 06:00:00,71,0.0,2,27,273,2.4
San Pedro de Buena Vista,2026-08-24 06:00:00,74,0.0,6,27,266,2.8
San Pedro de Buena Vista,2026-08-24 06:00:00,77,0.0,10,26,308,2.2
San Pedro de Buena Vista,2026-08-24 06:00:00,80,0.0,16,26,347,1.7
San Pedro de Buena Vista,2026-08-24 06:00:00,83,0.0,16,26,342,2.3
San Pedro de Buena Vista,2026-08-24 06:00:00,86,0.0,10,26,330,3.0
San Pedro de Buena Vista,2026-08-24 06:00:00,89,0.0,3,27,303,3.2
San Pedro de Buena Vista,2026-08-24 06:00:00,92,0.0,3,26,270,3.2
San Pedro de Tiquina,2026-08-24 06:00:00,2,2.1,6,89,342,2.9
San Pedro de Tiquina,2026-08-24 06:00:00,5,1.6,8,88,330,3.5
San Pedro de Tiquina,2026-08-24 06:00:00,8,2.6,10,89,318,4.0
San Pedro de Tiquina,2026-08-24 06:00:00,11,1.4,10,89,340,2.8
San Pedro de Tiquina,2026-08-24 06:00:00,14,0.9,7,90,356,1.5
San Pedro de Tiquina,2026-08-24 06:00:00,17,0.8,6,89,6,1.6
San Pedro de Tiquina,2026-08-24 06:00:00,20,0.0,4,36,16,1.6
San Pedro de Tiquina,2026-08-24 06:00:00,23,0.0,4,37,347,1.0
San Pedro de Tiquina,2026-08-24 06:00:00,26,0.0,5,36,17,0.8
San Pedro de Tiquina,2026-08-24 06:00:00,29,0.0,7,36,341,1.7
San Pedro de Tiquina,2026-08-24 06:00:00,32,0.0,10,36,298,2.5
San Pedro de Tiquina,2026-08-24 06:00:00,35,0.0,10,36,350,2.6
San Pedro de Tiquina,2026-08-24 06:00:00,38,0.0,8,27,32,2.6
San Pedro de Tiquina,2026-08-24 06:00:00,41,0.0,6,26,49,2.1
San Pedro de Tiquina,2026-08-24 06:00:00,44,0.0,4,26,66,1.6
San Pedro de Tiquina,2026-08-24 06:00:00,47,0.0,4,25,140,1.8
San Pedro de Tiquina,2026-08-24 06:00:00,50,0.0,6,26,191,1.9
San Pedro de Tiquina,2026-08-24 06:00:00,53,0.0,8,26,241,3.0
San Pedro de Tiquina,2026-08-24 06:00:00,56,0.0,10,26,288,4.0
San Pedro de Tiquina,2026-08-24 06:00:00,59,0.0,10,26,348,3.5
San Pedro de Tiquina,2026-08-24 06:00:00,62,0.0,9,26,40,2.8
San Pedro de Tiquina,2026-08-24 06:00:00,65,0.0,7,26,97,1.8
San Pedro de Tiquina,2026-08-24 06:00:00,68,0.0,5,25,144,0.8
San Pedro de Tiquina,2026-08-24 06:00:00,71,0.0,4,26,224,0.8
San Pedro de Tiquina,2026-08-24 06:00:00,74,0.0,8,26,205,1.0
San Pedro de Tiquina,2026-08-24 06:00:00,77,0.0,10,26,248,2.1
San Pedro de Tiquina,2026-08-24 06:00:00,80,0.0,12,25,288,3.2
San Pedro de Tiquina,2026-08-24 06:00:00,83,0.0,12,26,327,4.1
San Pedro de Tiquina,2026-08-24 06:00:00,86,0.0,9,26,7,4.8
San Pedro de Tiquina,2026-08-24 06:00:00,89,0.0,5,27,7,3.2
San Pedro de Tiquina,2026-08-24 06:00:00,92,0.0,5,26,357,1.7
San Ramon,2026-08-24 06:00:00,2,0.0,23,56,140,4.6
San Ramon,2026-08-24 06:00:00,5,0.0,28,56,155,4.7
San Ramon,2026-08-24 06:00:00,8,0.0,33,55,165,4.7
San Ramon,2026-08-24 06:00:00,11,0.0,33,56,182,5.8
San Ramon,2026-08-24 06:00:00,14,0.0,28,55,198,6.8
San Ramon,2026-08-24 06:00:00,17,0.0,23,56,190,5.0
San Ramon,2026-08-24 06:00:00,20,0.0,20,56,180,3.2
San Ramon,2026-08-24 06:00:00,23,0.0,20,56,230,1.9
San Ramon,2026-08-24 06:00:00,26,0.0,25,56,262,2.3
San Ramon,2026-08-24 06:00:00,29,0.0,28,56,285,2.9
San Ramon,2026-08-24 06:00:00,32,0.0,33,56,303,3.5
San Ramon,2026-08-24 06:00:00,35,0.0,33,56,293,2.9
San Ramon,2026-08-24 06:00:00,38,0.0,27,56,280,2.3
San Ramon,2026-08-24 06:00:00,41,0.0,23,56,290,2.3
San Ramon,2026-08-24 06:00:00,44,0.0,20,26,290,2.2
San Ramon,2026-08-24 06:00:00,47,0.0,20,26,300,3.0
San Ramon,2026-08-24 06:00:00,50,0.0,27,26,300,3.5
San Ramon,2026-08-24 06:00:00,53,0.0,31,26,308,4.1
San Ramon,2026-08-24 06:00:00,56,0.0,33,26,308,4.6
San Ramon,2026-08-24 06:00:00,59,0.0,33,26,340,3.8
San Ramon,2026-08-24 06:00:00,62,0.0,31,26,2,3.0
San Ramon,2026-08-24 06:00:00,65,0.0,26,26,332,2.8
San Ramon,2026-08-24 06:00:00,68,0.0,20,26,300,2.6
San Ramon,2026-08-24 06:00:00,71,0.0,20,26,308,3.6
San Ramon,2026-08-24 06:00:00,74,0.0,27,26,300,4.4
San Ramon,2026-08-24 06:00:00,77,0.0,32,27,310,5.1
San Ramon,2026-08-24 06:00:00,80,0.0,35,36,310,5.8
San Ramon,2026-08-24 06:00:00,83,0.0,35,36,320,4.4
San Ramon,2026-08-24 06:00:00,86,0.0,31,26,320,2.9
San Ramon,2026-08-24 06:00:00,89,0.0,21,26,330,3.1
San Ramon,2026-08-24 06:00:00,92,0.0,21,26,330,3.3
San Roque - La Paz,2026-08-24 06:00:00,2,1.9,4,89,313,1.6
San Roque - La Paz,2026-08-24 06:00:00,5,2.2,7,89,310,3.1
San Roque - La Paz,2026-08-24 06:00:00,8,1.4,10,89,307,4.6
San Roque - La Paz,2026-08-24 06:00:00,11,2.0,10,89,259,2.8
San Roque - La Paz,2026-08-24 06:00:00,14,0.5,6,89,147,0.8
San Roque - La Paz,2026-08-24 06:00:00,17,1.0,3,89,135,0.7
San Roque - La Paz,2026-08-24 06:00:00,20,0.0,0,36,115,0.5
San Roque - La Paz,2026-08-24 06:00:00,23,0.0,0,36,306,0.9
San Roque - La Paz,2026-08-24 06:00:00,26,0.0,3,36,312,0.9
San Roque - La Paz,2026-08-24 06:00:00,29,0.0,6,36,313,1.5
San Roque - La Paz,2026-08-24 06:00:00,32,0.0,10,36,314,2.1
San Roque - La Paz,2026-08-24 06:00:00,35,0.0,10,37,340,2.0
San Roque - La Paz,2026-08-24 06:00:00,38,0.0,6,26,359,1.8
San Roque - La Paz,2026-08-24 06:00:00,41,0.0,3,26,349,1.6
San Roque - La Paz,2026-08-24 06:00:00,44,0.0,0,26,333,1.4
San Roque - La Paz,2026-08-24 06:00:00,47,0.0,1,27,188,0.9
San Roque - La Paz,2026-08-24 06:00:00,50,0.0,3,26,233,0.7
San Roque - La Paz,2026-08-24 06:00:00,53,0.0,7,26,257,2.4
San Roque - La Paz,2026-08-24 06:00:00,56,0.0,10,26,277,4.1
San Roque - La Paz,2026-08-24 06:00:00,59,0.0,10,26,217,2.6
San Roque - La Paz,2026-08-24 06:00:00,62,0.0,7,26,101,1.1
San Roque - La Paz,2026-08-24 06:00:00,65,0.0,4,26,132,1.0
San Roque - La Paz,2026-08-24 06:00:00,68,0.0,1,26,162,1.0
San Roque - La Paz,2026-08-24 06:00:00,71,0.0,1,27,194,0.9
San Roque - La Paz,2026-08-24 06:00:00,74,0.0,6,26,238,0.5
San Roque - La Paz,2026-08-24 06:00:00,77,0.0,9,26,268,2.3
San Roque - La Paz,2026-08-24 06:00:00,80,0.0,12,26,291,4.1
San Roque - La Paz,2026-08-24 06:00:00,83,0.0,12,27,317,3.4
San Roque - La Paz,2026-08-24 06:00:00,86,0.0,9,26,333,2.6
San Roque - La Paz,2026-08-24 06:00:00,89,0.0,2,26,43,1.7
San Roque - La Paz,2026-08-24 06:00:00,92,0.0,2,26,104,0.7
Santa Ana,2026-08-24 06:00:00,2,0.0,22,56,150,4.6
Santa Ana,2026-08-24 06:00:00,5,0.0,27,56,160,5.7
Santa Ana,2026-08-24 06:00:00,8,0.0,32,57,170,6.7
Santa Ana,2026-08-24 06:00:00,11,0.0,32,56,190,5.4
Santa Ana,2026-08-24 06:00:00,14,0.0,26,57,200,4.1
Santa Ana,2026-08-24 06:00:00,17,0.0,22,55,200,3.2
Santa Ana,2026-08-24 06:00:00,20,0.0,19,56,200,2.4
Santa Ana,2026-08-24 06:00:00,23,0.0,19,56,311,1.5
Santa Ana,2026-08-24 06:00:00,26,0.0,22,56,26,1.5
Santa Ana,2026-08-24 06:00:00,29,0.0,25,56,330,3.1
Santa Ana,2026-08-24 06:00:00,32,0.0,32,55,270,4.7
Santa Ana,2026-08-24 06:00:00,35,0.0,32,56,280,4.8
Santa Ana,2026-08-24 06:00:00,38,0.0,27,55,290,4.8
Santa Ana,2026-08-24 06:00:00,41,0.0,24,55,290,3.8
Santa Ana,2026-08-24 06:00:00,44,0.0,19,26,290,2.8
Santa Ana,2026-08-24 06:00:00,47,0.0,19,26,310,3.4
Santa Ana,2026-08-24 06:00:00,50,0.0,25,25,320,4.3
Santa Ana,2026-08-24 06:00:00,53,0.0,29,26,320,5.0
Santa Ana,2026-08-24 06:00:00,56,0.0,32,26,310,5.6
Santa Ana,2026-08-24 06:00:00,59,0.0,32,26,321,4.2
Santa Ana,2026-08-24 06:00:00,62,0.0,28,26,331,2.6
Santa Ana,2026-08-24 06:00:00,65,0.0,25,26,321,2.6
Santa Ana,2026-08-24 06:00:00,68,0.0,21,25,310,2.6
Santa Ana,2026-08-24 06:00:00,71,0.0,21,26,290,3.4
Santa Ana,2026-08-24 06:00:00,74,0.0,25,26,290,4.5
Santa Ana,2026-08-24 06:00:00,77,0.0,29,26,300,5.5
Santa Ana,2026-08-24 06:00:00,80,0.0,34,36,300,6.5
Santa Ana,2026-08-24 06:00:00,83,0.0,34,36,320,5.6
Santa Ana,2026-08-24 06:00:00,86,0.0,27,26,340,4.8
Santa Ana,2026-08-24 06:00:00,89,0.0,22,26,330,3.7
Santa Ana,2026-08-24 06:00:00,92,0.0,22,26,320,2.5
Santa Cruz - Trompillo,2026-08-24 06:00:00,2,0.0,22,56,168,5.8
Santa Cruz - Trompillo,2026-08-24 06:00:00,5,0.0,24,57,156,4.2
Santa Cruz - Trompillo,2026-08-24 06:00:00,8,0.0,27,36,136,2.5
Santa Cruz - Trompillo,2026-08-24 06:00:00,11,0.0,27,36,150,2.4
Santa Cruz - Trompillo,2026-08-24 06:00:00,14,0.0,24,55,162,2.2
Santa Cruz - Trompillo,2026-08-24 06:00:00,17,0.0,22,55,169,3.2
Santa Cruz - Trompillo,2026-08-24 06:00:00,20,0.0,19,56,168,4.2
Santa Cruz - Trompillo,2026-08-24 06:00:00,23,0.0,19,56,178,2.8
Santa Cruz - Trompillo,2026-08-24 06:00:00,26,0.0,22,56,168,3.4
Santa Cruz - Trompillo,2026-08-24 06:00:00,29,0.0,24,55,241,2.9
Santa Cruz - Trompillo,2026-08-24 06:00:00,32,0.0,27,56,344,2.3
Santa Cruz - Trompillo,2026-08-24 06:00:00,35,0.0,27,56,340,3.5
Santa Cruz - Trompillo,2026-08-24 06:00:00,38,0.0,25,36,328,4.6
Santa Cruz - Trompillo,2026-08-24 06:00:00,41,0.0,22,36,328,3.9
Santa Cruz - Trompillo,2026-08-24 06:00:00,44,0.0,19,26,326,3.1
Santa Cruz - Trompillo,2026-08-24 06:00:00,47,0.0,19,27,322,5.8
Santa Cruz - Trompillo,2026-08-24 06:00:00,50,0.0,23,27,322,5.5
Santa Cruz - Trompillo,2026-08-24 06:00:00,53,0.0,27,25,322,7.1
Santa Cruz - Trompillo,2026-08-24 06:00:00,56,0.0,29,26,322,8.8
Santa Cruz - Trompillo,2026-08-24 06:00:00,59,0.0,29,26,330,7.3
Santa Cruz - Trompillo,2026-08-24 06:00:00,62,0.0,26,26,330,5.9
Santa Cruz - Trompillo,2026-08-24 06:00:00,65,0.0,22,26,330,6.8
Santa Cruz - Trompillo,2026-08-24 06:00:00,68,0.0,20,26,322,7.7
Santa Cruz - Trompillo,2026-08-24 06:00:00,71,0.0,20,26,322,7.1
Santa Cruz - Trompillo,2026-08-24 06:00:00,74,0.0,23,26,322,7.3
Santa Cruz - Trompillo,2026-08-24 06:00:00,77,0.0,27,27,322,8.6
Santa Cruz - Trompillo,2026-08-24 06:00:00,80,0.0,31,26,320,9.7
Santa Cruz - Trompillo,2026-08-24 06:00:00,83,0.0,31,25,320,9.0
Santa Cruz - Trompillo,2026-08-24 06:00:00,86,0.0,26,25,320,8.2
Santa Cruz - Trompillo,2026-08-24 06:00:00,89,0.0,21,26,320,8.6
Santa Cruz - Trompillo,2026-08-24 06:00:00,92,0.0,21,27,320,9.0
Santa Cruz - Viru Viru,2026-08-24 06:00:00,2,0.0,20,56,161,5.8
Santa Cruz - Viru Viru,2026-08-24 06:00:00,5,0.0,23,57,161,4.3
Santa Cruz - Viru Viru,2026-08-24 06:00:00,8,0.0,28,36,152,2.8
Santa Cruz - Viru Viru,2026-08-24 06:00:00,11,0.0,28,36,152,2.6
Santa Cruz - Viru Viru,2026-08-24 06:00:00,14,0.0,24,56,150,2.4
Santa Cruz - Viru Viru,2026-08-24 06:00:00,17,0.0,21,56,160,3.4
Santa Cruz - Viru Viru,2026-08-24 06:00:00,20,0.0,17,57,162,4.5
Santa Cruz - Viru Viru,2026-08-24 06:00:00,23,0.0,17,56,175,2.8
Santa Cruz - Viru Viru,2026-08-24 06:00:00,26,0.0,22,56,162,3.6
Santa Cruz - Viru Viru,2026-08-24 06:00:00,29,0.0,24,56,225,3.0
Santa Cruz - Viru Viru,2026-08-24 06:00:00,32,0.0,28,56,335,2.3
Santa Cruz - Viru Viru,2026-08-24 06:00:00,35,0.0,28,56,330,3.4
Santa Cruz - Viru Viru,2026-08-24 06:00:00,38,0.0,25,36,320,4.4
Santa Cruz - Viru Viru,2026-08-24 06:00:00,41,0.0,21,36,330,4.1
Santa Cruz - Viru Viru,2026-08-24 06:00:00,44,0.0,19,26,331,3.7
Santa Cruz - Viru Viru,2026-08-24 06:00:00,47,0.0,18,26,321,5.5
Santa Cruz - Viru Viru,2026-08-24 06:00:00,50,0.0,23,26,321,5.1
Santa Cruz - Viru Viru,2026-08-24 06:00:00,53,0.0,26,26,321,6.9
Santa Cruz - Viru Viru,2026-08-24 06:00:00,56,0.0,30,26,320,8.6
Santa Cruz - Viru Viru,2026-08-24 06:00:00,59,0.0,30,26,330,6.8
Santa Cruz - Viru Viru,2026-08-24 06:00:00,62,0.0,25,26,332,5.0
Santa Cruz - Viru Viru,2026-08-24 06:00:00,65,0.0,22,26,330,6.0
Santa Cruz - Viru Viru,2026-08-24 06:00:00,68,0.0,20,26,320,6.9
Santa Cruz - Viru Viru,2026-08-24 06:00:00,71,0.0,20,26,321,6.5
Santa Cruz - Viru Viru,2026-08-24 06:00:00,74,0.0,23,26,321,6.7
Santa Cruz - Viru Viru,2026-08-24 06:00:00,77,0.0,28,27,321,8.2
Santa Cruz - Viru Viru,2026-08-24 06:00:00,80,0.0,32,26,314,9.6
Santa Cruz - Viru Viru,2026-08-24 06:00:00,83,0.0,32,26,314,8.6
Santa Cruz - Viru Viru,2026-08-24 06:00:00,86,0.0,27,27,314,7.5
Santa Cruz - Viru Viru,2026-08-24 06:00:00,89,0.0,21,26,314,7.9
Santa Cruz - Viru Viru,2026-08-24 06:00:00,92,0.0,21,25,314,8.2
Santa Rosa,2026-08-24 06:00:00,2,0.0,23,56,160,3.8
Santa Rosa,2026-08-24 06:00:00,5,0.0,25,56,170,3.7
Santa Rosa,2026-08-24 06:00:00,8,0.0,33,56,180,3.6
Santa Rosa,2026-08-24 06:00:00,11,0.0,33,56,200,2.5
Santa Rosa,2026-08-24 06:00:00,14,0.0,26,56,210,1.5
Santa Rosa,2026-08-24 06:00:00,17,0.0,23,56,210,1.9
Santa Rosa,2026-08-24 06:00:00,20,0.0,19,56,210,2.2
Santa Rosa,2026-08-24 06:00:00,23,0.0,19,56,278,2.4
Santa Rosa,2026-08-24 06:00:00,26,0.0,23,57,293,2.7
Santa Rosa,2026-08-24 06:00:00,29,0.0,26,56,299,4.2
Santa Rosa,2026-08-24 06:00:00,32,0.0,33,56,300,5.6
Santa Rosa,2026-08-24 06:00:00,35,0.0,33,57,300,4.5
Santa Rosa,2026-08-24 06:00:00,38,0.0,26,36,290,3.4
Santa Rosa,2026-08-24 06:00:00,41,0.0,23,36,310,2.7
Santa Rosa,2026-08-24 06:00:00,44,0.0,19,27,330,1.9
Santa Rosa,2026-08-24 06:00:00,47,0.0,19,26,320,3.1
Santa Rosa,2026-08-24 06:00:00,50,0.0,24,26,300,3.7
Santa Rosa,2026-08-24 06:00:00,53,0.0,29,26,310,4.7
Santa Rosa,2026-08-24 06:00:00,56,0.0,33,26,320,5.8
Santa Rosa,2026-08-24 06:00:00,59,0.0,33,26,314,4.2
Santa Rosa,2026-08-24 06:00:00,62,0.0,29,27,304,2.5
Santa Rosa,2026-08-24 06:00:00,65,0.0,26,26,314,2.6
Santa Rosa,2026-08-24 06:00:00,68,0.0,20,26,320,2.7
Santa Rosa,2026-08-24 06:00:00,71,0.0,20,27,317,2.8
Santa Rosa,2026-08-24 06:00:00,74,0.0,27,26,326,3.5
Santa Rosa,2026-08-24 06:00:00,77,0.0,34,26,320,4.7
Santa Rosa,2026-08-24 06:00:00,80,0.0,35,26,310,5.9
Santa Rosa,2026-08-24 06:00:00,83,0.0,35,26,300,4.2
Santa Rosa,2026-08-24 06:00:00,86,0.0,31,26,284,2.5
Santa Rosa,2026-08-24 06:00:00,89,0.0,21,26,304,2.8
Santa Rosa,2026-08-24 06:00:00,92,0.0,21,26,320,3.1
Santos Mercado - PD,2026-08-24 06:00:00,2,0.0,27,36,180,2.2
Santos Mercado - PD,2026-08-24 06:00:00,5,0.0,31,37,180,2.2
Santos Mercado - PD,2026-08-24 06:00:00,8,0.0,34,57,170,2.2
Santos Mercado - PD,2026-08-24 06:00:00,11,0.0,34,57,190,3.0
Santos Mercado - PD,2026-08-24 06:00:00,14,0.0,30,56,200,3.9
Santos Mercado - PD,2026-08-24 06:00:00,17,0.0,27,57,210,2.4
Santos Mercado - PD,2026-08-24 06:00:00,20,0.0,21,56,220,0.9
Santos Mercado - PD,2026-08-24 06:00:00,23,0.0,21,57,230,1.4
Santos Mercado - PD,2026-08-24 06:00:00,26,0.0,27,57,260,1.8
Santos Mercado - PD,2026-08-24 06:00:00,29,0.0,30,57,249,2.4
Santos Mercado - PD,2026-08-24 06:00:00,32,0.0,34,56,229,3.0
Santos Mercado - PD,2026-08-24 06:00:00,35,0.0,34,56,239,2.3
Santos Mercado - PD,2026-08-24 06:00:00,38,0.0,29,56,239,1.6
Santos Mercado - PD,2026-08-24 06:00:00,41,0.0,25,57,249,1.5
Santos Mercado - PD,2026-08-24 06:00:00,44,0.0,21,26,250,1.3
Santos Mercado - PD,2026-08-24 06:00:00,47,0.0,21,26,270,1.1
Santos Mercado - PD,2026-08-24 06:00:00,50,0.0,25,26,290,1.2
Santos Mercado - PD,2026-08-24 06:00:00,53,0.0,29,26,290,1.9
Santos Mercado - PD,2026-08-24 06:00:00,56,0.0,34,37,280,2.5
Santos Mercado - PD,2026-08-24 06:00:00,59,0.0,34,36,261,2.0
Santos Mercado - PD,2026-08-24 06:00:00,62,0.0,30,26,240,1.4
Santos Mercado - PD,2026-08-24 06:00:00,65,0.0,27,26,271,1.3
Santos Mercado - PD,2026-08-24 06:00:00,68,0.0,21,27,300,1.1
Santos Mercado - PD,2026-08-24 06:00:00,71,0.0,21,26,310,2.0
Santos Mercado - PD,2026-08-24 06:00:00,74,0.0,26,27,300,2.3
Santos Mercado - PD,2026-08-24 06:00:00,77,0.0,29,26,310,2.3
Santos Mercado - PD,2026-08-24 06:00:00,80,0.0,34,35,320,2.3
Santos Mercado - PD,2026-08-24 06:00:00,83,0.0,34,36,320,1.9
Santos Mercado - PD,2026-08-24 06:00:00,86,0.0,31,26,320,1.4
Santos Mercado - PD,2026-08-24 06:00:00,89,0.0,22,26,320,1.5
Santos Mercado - PD,2026-08-24 06:00:00,92,0.0,22,26,320,1.5
Sena - PD,2026-08-24 06:00:00,2,0.0,26,36,140,2.1
Sena - PD,2026-08-24 06:00:00,5,0.0,29,36,155,2.9
Sena - PD,2026-08-24 06:00:00,8,0.0,33,56,165,3.7
Sena - PD,2026-08-24 06:00:00,11,0.0,33,56,190,3.6
Sena - PD,2026-08-24 06:00:00,14,0.0,28,56,210,3.4
Sena - PD,2026-08-24 06:00:00,17,0.0,25,56,230,2.2
Sena - PD,2026-08-24 06:00:00,20,0.0,20,56,250,1.0
Sena - PD,2026-08-24 06:00:00,23,0.0,20,56,255,1.7
Sena - PD,2026-08-24 06:00:00,26,0.0,25,56,275,2.5
Sena - PD,2026-08-24 06:00:00,29,0.0,29,57,272,2.2
Sena - PD,2026-08-24 06:00:00,32,0.0,33,56,265,1.9
Sena - PD,2026-08-24 06:00:00,35,0.0,33,56,260,2.0
Sena - PD,2026-08-24 06:00:00,38,0.0,27,56,250,2.0
Sena - PD,2026-08-24 06:00:00,41,0.0,24,57,240,1.6
Sena - PD,2026-08-24 06:00:00,44,0.0,20,26,227,1.2
Sena - PD,2026-08-24 06:00:00,47,0.0,20,26,300,1.6
Sena - PD,2026-08-24 06:00:00,50,0.0,26,26,280,2.1
Sena - PD,2026-08-24 06:00:00,53,0.0,31,26,300,2.4
Sena - PD,2026-08-24 06:00:00,56,0.0,33,37,310,2.7
Sena - PD,2026-08-24 06:00:00,59,0.0,33,36,320,1.9
Sena - PD,2026-08-24 06:00:00,62,0.0,28,26,320,1.0
Sena - PD,2026-08-24 06:00:00,65,0.0,25,26,320,1.2
Sena - PD,2026-08-24 06:00:00,68,0.0,22,26,318,1.3
Sena - PD,2026-08-24 06:00:00,71,0.0,22,26,305,1.6
Sena - PD,2026-08-24 06:00:00,74,0.0,29,26,285,2.0
Sena - PD,2026-08-24 06:00:00,77,0.0,33,26,295,2.4
Sena - PD,2026-08-24 06:00:00,80,0.0,35,36,303,2.8
Sena - PD,2026-08-24 06:00:00,83,0.0,35,36,320,2.1
Sena - PD,2026-08-24 06:00:00,86,0.0,32,25,338,1.4
Sena - PD,2026-08-24 06:00:00,89,0.0,23,26,328,1.5
Sena - PD,2026-08-24 06:00:00,92,0.0,23,26,318,1.4
Soracachi,2026-08-24 06:00:00,2,1.0,4,89,337,3.1
Soracachi,2026-08-24 06:00:00,5,2.1,6,89,320,4.1
Soracachi,2026-08-24 06:00:00,8,1.7,8,89,300,5.0
Soracachi,2026-08-24 06:00:00,11,1.8,8,89,337,3.6
Soracachi,2026-08-24 06:00:00,14,0.0,6,57,13,2.3
Soracachi,2026-08-24 06:00:00,17,0.0,4,57,343,2.3
Soracachi,2026-08-24 06:00:00,20,0.0,2,36,310,2.4
Soracachi,2026-08-24 06:00:00,23,0.0,2,35,337,2.5
Soracachi,2026-08-24 06:00:00,26,0.0,5,36,343,2.0
Soracachi,2026-08-24 06:00:00,29,0.0,7,36,323,3.0
Soracachi,2026-08-24 06:00:00,32,0.0,8,36,296,4.0
Soracachi,2026-08-24 06:00:00,35,0.0,8,36,333,4.3
Soracachi,2026-08-24 06:00:00,38,0.0,6,26,3,4.5
Soracachi,2026-08-24 06:00:00,41,0.0,4,26,331,3.0
Soracachi,2026-08-24 06:00:00,44,0.0,2,26,291,1.4
Soracachi,2026-08-24 06:00:00,47,0.0,2,26,307,2.4
Soracachi,2026-08-24 06:00:00,50,0.0,4,26,280,1.8
Soracachi,2026-08-24 06:00:00,53,0.0,7,26,287,3.3
Soracachi,2026-08-24 06:00:00,56,0.0,9,26,287,4.8
Soracachi,2026-08-24 06:00:00,59,0.0,9,26,320,4.4
Soracachi,2026-08-24 06:00:00,62,0.0,7,27,350,4.0
Soracachi,2026-08-24 06:00:00,65,0.0,3,26,339,3.4
Soracachi,2026-08-24 06:00:00,68,0.0,1,27,323,2.9
Soracachi,2026-08-24 06:00:00,71,0.0,1,26,261,1.2
Soracachi,2026-08-24 06:00:00,74,0.0,4,27,202,0.3
Soracachi,2026-08-24 06:00:00,77,0.0,7,26,234,1.5
Soracachi,2026-08-24 06:00:00,80,0.0,10,26,265,2.6
Soracachi,2026-08-24 06:00:00,83,0.0,10,26,320,2.5
Soracachi,2026-08-24 06:00:00,86,0.0,8,26,11,2.4
Soracachi,2026-08-24 06:00:00,89,0.0,2,26,351,2.4
Soracachi,2026-08-24 06:00:00,92,0.0,2,26,331,2.3
Sucre,2026-08-24 06:00:00,2,2.5,10,89,22,2.2
Sucre,2026-08-24 06:00:00,5,2.2,14,89,30,3.3
Sucre,2026-08-24 06:00:00,8,0.9,23,90,29,4.3
Sucre,2026-08-24 06:00:00,11,1.1,23,89,39,3.1
Sucre,2026-08-24 06:00:00,14,0.0,12,56,40,1.9
Sucre,2026-08-24 06:00:00,17,0.0,9,56,12,2.0
Sucre,2026-08-24 06:00:00,20,0.0,7,37,342,2.1
Sucre,2026-08-24 06:00:00,23,0.0,7,37,350,1.9
Sucre,2026-08-24 06:00:00,26,0.0,11,36,332,1.4
Sucre,2026-08-24 06:00:00,29,0.0,15,37,11,2.6
Sucre,2026-08-24 06:00:00,32,0.0,25,36,41,3.9
Sucre,2026-08-24 06:00:00,35,0.0,25,35,41,2.9
Sucre,2026-08-24 06:00:00,38,0.0,16,36,40,2.1
Sucre,2026-08-24 06:00:00,41,0.0,10,36,38,1.6
Sucre,2026-08-24 06:00:00,44,0.0,6,26,30,1.2
Sucre,2026-08-24 06:00:00,47,0.0,6,27,258,1.5
Sucre,2026-08-24 06:00:00,50,0.0,12,26,248,2.0
Sucre,2026-08-24 06:00:00,53,0.0,16,27,335,2.3
Sucre,2026-08-24 06:00:00,56,0.0,26,27,55,2.6
Sucre,2026-08-24 06:00:00,59,0.0,26,26,347,2.0
Sucre,2026-08-24 06:00:00,62,0.0,16,26,277,1.4
Sucre,2026-08-24 06:00:00,65,0.0,10,26,302,1.5
Sucre,2026-08-24 06:00:00,68,0.0,6,26,324,1.6
Sucre,2026-08-24 06:00:00,71,0.0,6,27,300,1.3
Sucre,2026-08-24 06:00:00,74,0.0,15,26,259,1.2
Sucre,2026-08-24 06:00:00,77,0.0,19,26,338,2.3
Sucre,2026-08-24 06:00:00,80,0.0,27,26,48,3.4
Sucre,2026-08-24 06:00:00,83,0.0,27,26,28,2.1
Sucre,2026-08-24 06:00:00,86,0.0,19,26,1,0.9
Sucre,2026-08-24 06:00:00,89,0.0,7,27,360,1.3
Sucre,2026-08-24 06:00:00,92,0.0,7,27,352,1.6
Sultaca,2026-08-24 06:00:00,2,1.9,7,89,350,2.4
Sultaca,2026-08-24 06:00:00,5,1.9,9,89,356,3.7
Sultaca,2026-08-24 06:00:00,8,0.6,19,89,358,5.1
Sultaca,2026-08-24 06:00:00,11,1.3,19,89,349,4.7
Sultaca,2026-08-24 06:00:00,14,0.0,11,56,335,4.4
Sultaca,2026-08-24 06:00:00,17,0.0,8,56,327,3.7
Sultaca,2026-08-24 06:00:00,20,0.0,4,36,311,3.1
Sultaca,2026-08-24 06:00:00,23,0.0,3,36,307,2.5
Sultaca,2026-08-24 06:00:00,26,0.0,7,36,289,2.6
Sultaca,2026-08-24 06:00:00,29,0.0,11,36,287,3.4
Sultaca,2026-08-24 06:00:00,32,0.0,21,36,280,4.2
Sultaca,2026-08-24 06:00:00,35,0.0,21,36,301,3.4
Sultaca,2026-08-24 06:00:00,38,0.0,12,36,315,2.4
Sultaca,2026-08-24 06:00:00,41,0.0,7,36,313,2.5
Sultaca,2026-08-24 06:00:00,44,0.0,3,26,305,2.5
Sultaca,2026-08-24 06:00:00,47,0.0,3,26,289,2.8
Sultaca,2026-08-24 06:00:00,50,0.0,8,26,279,2.6
Sultaca,2026-08-24 06:00:00,53,0.0,11,26,269,3.0
Sultaca,2026-08-24 06:00:00,56,0.0,23,26,259,3.5
Sultaca,2026-08-24 06:00:00,59,0.0,23,26,271,2.9
Sultaca,2026-08-24 06:00:00,62,0.0,11,26,281,2.2
Sultaca,2026-08-24 06:00:00,65,0.0,6,26,291,2.8
Sultaca,2026-08-24 06:00:00,68,0.0,2,26,291,3.3
Sultaca,2026-08-24 06:00:00,71,0.0,3,26,299,2.3
Sultaca,2026-08-24 06:00:00,74,0.0,11,26,299,2.2
Sultaca,2026-08-24 06:00:00,77,0.0,15,27,298,2.8
Sultaca,2026-08-24 06:00:00,80,0.0,26,26,290,3.4
Sultaca,2026-08-24 06:00:00,83,0.0,26,26,281,2.5
Sultaca,2026-08-24 06:00:00,86,0.0,15,27,271,1.7
Sultaca,2026-08-24 06:00:00,89,0.0,4,26,281,2.3
Sultaca,2026-08-24 06:00:00,92,0.0,4,26,289,2.9
Tarapaya,2026-08-24 06:00:00,2,1.3,5,89,339,2.1
Tarapaya,2026-08-24 06:00:00,5,2.8,10,89,331,3.7
Tarapaya,2026-08-24 06:00:00,8,0.0,20,56,323,5.3
Tarapaya,2026-08-24 06:00:00,11,0.0,20,56,321,3.8
Tarapaya,2026-08-24 06:00:00,14,0.0,8,56,319,2.4
Tarapaya,2026-08-24 06:00:00,17,0.0,4,57,300,2.3
Tarapaya,2026-08-24 06:00:00,20,0.0,-1,36,278,2.3
Tarapaya,2026-08-24 06:00:00,23,0.0,-1,36,274,2.2
Tarapaya,2026-08-24 06:00:00,26,0.0,4,36,291,2.4
Tarapaya,2026-08-24 06:00:00,29,0.0,8,36,281,4.4
Tarapaya,2026-08-24 06:00:00,32,0.0,20,36,270,6.4
Tarapaya,2026-08-24 06:00:00,35,0.0,20,36,280,4.3
Tarapaya,2026-08-24 06:00:00,38,0.0,10,26,290,2.1
Tarapaya,2026-08-24 06:00:00,41,0.0,6,27,280,1.9
Tarapaya,2026-08-24 06:00:00,44,0.0,1,25,270,1.6
Tarapaya,2026-08-24 06:00:00,47,0.0,1,25,277,2.4
Tarapaya,2026-08-24 06:00:00,50,0.0,6,25,277,2.2
Tarapaya,2026-08-24 06:00:00,53,0.0,11,26,260,3.1
Tarapaya,2026-08-24 06:00:00,56,0.0,20,26,242,4.0
Tarapaya,2026-08-24 06:00:00,59,0.0,20,26,260,3.8
Tarapaya,2026-08-24 06:00:00,62,0.0,10,26,270,3.5
Tarapaya,2026-08-24 06:00:00,65,0.0,5,26,253,3.5
Tarapaya,2026-08-24 06:00:00,68,0.0,1,26,233,3.5
Tarapaya,2026-08-24 06:00:00,71,0.0,1,25,260,2.1
Tarapaya,2026-08-24 06:00:00,74,0.0,7,26,277,1.5
Tarapaya,2026-08-24 06:00:00,77,0.0,11,26,314,1.4
Tarapaya,2026-08-24 06:00:00,80,0.0,22,26,343,1.2
Tarapaya,2026-08-24 06:00:00,83,0.0,22,27,291,2.4
Tarapaya,2026-08-24 06:00:00,86,0.0,10,26,236,3.5
Tarapaya,2026-08-24 06:00:00,89,0.0,2,26,244,3.0
Tarapaya,2026-08-24 06:00:00,92,0.0,2,26,244,2.4
Tarija - Centro,2026-08-24 06:00:00,2,0.0,9,56,91,1.7
Tarija - Centro,2026-08-24 06:00:00,5,0.0,13,56,115,2.8
Tarija - Centro,2026-08-24 06:00:00,8,0.0,24,56,136,3.9
Tarija - Centro,2026-08-24 06:00:00,11,0.0,24,56,156,2.3
Tarija - Centro,2026-08-24 06:00:00,14,0.0,14,57,171,0.7
Tarija - Centro,2026-08-24 06:00:00,17,0.0,8,56,136,0.7
Tarija - Centro,2026-08-24 06:00:00,20,0.0,5,35,101,0.7
Tarija - Centro,2026-08-24 06:00:00,23,0.0,5,35,216,1.0
Tarija - Centro,2026-08-24 06:00:00,26,0.0,10,35,280,0.9
Tarija - Centro,2026-08-24 06:00:00,29,0.0,16,35,225,1.9
Tarija - Centro,2026-08-24 06:00:00,32,0.0,25,35,165,2.8
Tarija - Centro,2026-08-24 06:00:00,35,0.0,25,35,102,2.4
Tarija - Centro,2026-08-24 06:00:00,38,0.0,14,35,30,1.9
Tarija - Centro,2026-08-24 06:00:00,41,0.0,11,35,344,1.7
Tarija - Centro,2026-08-24 06:00:00,44,0.0,6,37,293,1.4
Tarija - Centro,2026-08-24 06:00:00,47,0.0,6,37,285,1.4
Tarija - Centro,2026-08-24 06:00:00,50,0.0,16,37,295,1.9
Tarija - Centro,2026-08-24 06:00:00,53,0.0,21,37,330,1.7
Tarija - Centro,2026-08-24 06:00:00,56,0.0,27,26,101,1.5
Tarija - Centro,2026-08-24 06:00:00,59,0.0,27,27,65,1.6
Tarija - Centro,2026-08-24 06:00:00,62,0.0,18,27,25,1.7
Tarija - Centro,2026-08-24 06:00:00,65,0.0,10,27,340,2.4
Tarija - Centro,2026-08-24 06:00:00,68,0.0,6,36,295,3.0
Tarija - Centro,2026-08-24 06:00:00,71,0.0,6,36,305,2.6
Tarija - Centro,2026-08-24 06:00:00,74,0.0,14,36,295,2.8
Tarija - Centro,2026-08-24 06:00:00,77,0.0,21,36,320,3.7
Tarija - Centro,2026-08-24 06:00:00,80,0.0,27,36,340,4.5
Tarija - Centro,2026-08-24 06:00:00,83,0.0,27,36,334,3.7
Tarija - Centro,2026-08-24 06:00:00,86,0.0,22,26,324,2.9
Tarija - Centro,2026-08-24 06:00:00,89,0.0,7,26,304,2.6
Tarija - Centro,2026-08-24 06:00:00,92,0.0,7,26,280,2.3
Tolarapa (INIAF),2026-08-24 06:00:00,2,1.6,11,89,245,4.1
Tolarapa (INIAF),2026-08-24 06:00:00,5,1.2,12,89,317,3.0
Tolarapa (INIAF),2026-08-24 06:00:00,8,1.0,14,89,18,1.8
Tolarapa (INIAF),2026-08-24 06:00:00,11,1.1,14,89,312,2.1
Tolarapa (INIAF),2026-08-24 06:00:00,14,0.0,12,56,240,2.3
Tolarapa (INIAF),2026-08-24 06:00:00,17,0.0,10,56,250,2.4
Tolarapa (INIAF),2026-08-24 06:00:00,20,0.0,8,56,259,2.5
Tolarapa (INIAF),2026-08-24 06:00:00,23,0.0,9,57,259,2.6
Tolarapa (INIAF),2026-08-24 06:00:00,26,0.0,11,56,260,2.3
Tolarapa (INIAF),2026-08-24 06:00:00,29,0.0,13,56,318,2.9
Tolarapa (INIAF),2026-08-24 06:00:00,32,0.0,14,36,14,3.5
Tolarapa (INIAF),2026-08-24 06:00:00,35,0.0,14,37,316,3.1
Tolarapa (INIAF),2026-08-24 06:00:00,38,0.0,12,36,258,2.7
Tolarapa (INIAF),2026-08-24 06:00:00,41,0.0,10,36,253,2.9
Tolarapa (INIAF),2026-08-24 06:00:00,44,0.0,7,25,243,3.1
Tolarapa (INIAF),2026-08-24 06:00:00,47,0.0,7,25,252,2.9
Tolarapa (INIAF),2026-08-24 06:00:00,50,0.0,11,26,257,1.9
Tolarapa (INIAF),2026-08-24 06:00:00,53,0.0,14,25,315,2.8
Tolarapa (INIAF),2026-08-24 06:00:00,56,0.0,15,25,9,3.6
Tolarapa (INIAF),2026-08-24 06:00:00,59,0.0,15,26,312,3.2
Tolarapa (INIAF),2026-08-24 06:00:00,62,0.0,13,27,255,2.6
Tolarapa (INIAF),2026-08-24 06:00:00,65,0.0,11,26,259,3.0
Tolarapa (INIAF),2026-08-24 06:00:00,68,0.0,8,25,253,3.4
Tolarapa (INIAF),2026-08-24 06:00:00,71,0.0,8,26,268,2.6
Tolarapa (INIAF),2026-08-24 06:00:00,74,0.0,13,26,278,1.8
Tolarapa (INIAF),2026-08-24 06:00:00,77,0.0,16,26,327,2.7
Tolarapa (INIAF),2026-08-24 06:00:00,80,0.0,18,25,14,3.6
Tolarapa (INIAF),2026-08-24 06:00:00,83,0.0,18,25,317,3.2
Tolarapa (INIAF),2026-08-24 06:00:00,86,0.0,14,26,255,2.7
Tolarapa (INIAF),2026-08-24 06:00:00,89,0.0,9,26,259,3.0
Tolarapa (INIAF),2026-08-24 06:00:00,92,0.0,9,26,258,3.2
Totoral,2026-08-24 06:00:00,2,1.1,9,89,6,1.9
Totoral,2026-08-24 06:00:00,5,1.2,13,89,326,6.0
Totoral,2026-08-24 06:00:00,8,0.0,18,57,283,10.0
Totoral,2026-08-24 06:00:00,11,0.0,18,55,303,6.9
Totoral,2026-08-24 06:00:00,14,0.0,8,56,323,3.8
Totoral,2026-08-24 06:00:00,17,0.0,3,56,291,3.4
Totoral,2026-08-24 06:00:00,20,0.0,-1,36,258,2.9
Totoral,2026-08-24 06:00:00,23,0.0,-1,36,248,3.4
Totoral,2026-08-24 06:00:00,26,0.0,6,36,244,3.2
Totoral,2026-08-24 06:00:00,29,0.0,10,36,273,4.5
Totoral,2026-08-24 06:00:00,32,0.0,18,36,299,5.8
Totoral,2026-08-24 06:00:00,35,0.0,18,36,306,4.1
Totoral,2026-08-24 06:00:00,38,0.0,10,26,306,2.4
Totoral,2026-08-24 06:00:00,41,0.0,5,26,280,2.7
Totoral,2026-08-24 06:00:00,44,0.0,1,26,248,3.0
Totoral,2026-08-24 06:00:00,47,0.0,1,26,258,3.1
Totoral,2026-08-24 06:00:00,50,0.0,6,26,260,2.7
Totoral,2026-08-24 06:00:00,53,0.0,12,26,277,4.0
Totoral,2026-08-24 06:00:00,56,0.0,19,26,287,5.3
Totoral,2026-08-24 06:00:00,59,0.0,19,26,292,4.1
Totoral,2026-08-24 06:00:00,62,0.0,12,26,292,2.8
Totoral,2026-08-24 06:00:00,65,0.0,6,26,280,3.1
Totoral,2026-08-24 06:00:00,68,0.0,1,26,258,3.3
Totoral,2026-08-24 06:00:00,71,0.0,1,27,254,2.7
Totoral,2026-08-24 06:00:00,74,0.0,9,26,248,2.3
Totoral,2026-08-24 06:00:00,77,0.0,14,27,290,2.8
Totoral,2026-08-24 06:00:00,80,0.0,21,26,329,3.4
Totoral,2026-08-24 06:00:00,83,0.0,21,26,307,2.9
Totoral,2026-08-24 06:00:00,86,0.0,14,26,280,2.4
Totoral,2026-08-24 06:00:00,89,0.0,2,26,264,2.8
Totoral,2026-08-24 06:00:00,92,0.0,2,26,244,3.1
Trancas,2026-08-24 06:00:00,2,0.0,10,56,351,2.2
Trancas,2026-08-24 06:00:00,5,0.0,15,56,35,3.1
Trancas,2026-08-24 06:00:00,8,0.0,28,56,69,4.1
Trancas,2026-08-24 06:00:00,11,0.0,28,56,82,2.7
Trancas,2026-08-24 06:00:00,14,0.0,15,56,87,1.5
Trancas,2026-08-24 06:00:00,17,0.0,9,56,1,1.5
Trancas,2026-08-24 06:00:00,20,0.0,5,36,264,1.7
Trancas,2026-08-24 06:00:00,23,0.0,5,36,296,3.3
Trancas,2026-08-24 06:00:00,26,0.0,11,36,281,3.2
Trancas,2026-08-24 06:00:00,29,0.0,15,36,287,3.9
Trancas,2026-08-24 06:00:00,32,0.0,29,36,291,4.5
Trancas,2026-08-24 06:00:00,35,0.0,29,36,341,3.4
Trancas,2026-08-24 06:00:00,38,0.0,15,36,24,2.3
Trancas,2026-08-24 06:00:00,41,0.0,11,36,332,2.9
Trancas,2026-08-24 06:00:00,44,0.0,6,36,275,3.5
Trancas,2026-08-24 06:00:00,47,0.0,6,36,283,3.4
Trancas,2026-08-24 06:00:00,50,0.0,12,36,284,3.7
Trancas,2026-08-24 06:00:00,53,0.0,17,36,291,3.8
Trancas,2026-08-24 06:00:00,56,0.0,31,26,288,4.0
Trancas,2026-08-24 06:00:00,59,0.0,31,26,333,3.4
Trancas,2026-08-24 06:00:00,62,0.0,16,26,2,2.7
Trancas,2026-08-24 06:00:00,65,0.0,10,26,325,3.4
Trancas,2026-08-24 06:00:00,68,0.0,6,36,284,4.1
Trancas,2026-08-24 06:00:00,71,0.0,6,36,284,4.0
Trancas,2026-08-24 06:00:00,74,0.0,15,35,284,4.0
Trancas,2026-08-24 06:00:00,77,0.0,20,36,301,4.4
Trancas,2026-08-24 06:00:00,80,0.0,30,36,309,4.8
Trancas,2026-08-24 06:00:00,83,0.0,30,36,318,3.7
Trancas,2026-08-24 06:00:00,86,0.0,19,26,320,2.4
Trancas,2026-08-24 06:00:00,89,0.0,7,26,303,3.1
Trancas,2026-08-24 06:00:00,92,0.0,7,26,283,3.9
Trinidad,2026-08-24 06:00:00,2,0.0,23,56,150,3.7
Trinidad,2026-08-24 06:00:00,5,0.0,27,56,170,4.5
Trinidad,2026-08-24 06:00:00,8,0.0,33,56,190,5.3
Trinidad,2026-08-24 06:00:00,11,0.0,33,56,200,3.8
Trinidad,2026-08-24 06:00:00,14,0.0,27,56,210,2.3
Trinidad,2026-08-24 06:00:00,17,0.0,24,56,207,2.0
Trinidad,2026-08-24 06:00:00,20,0.0,19,56,197,1.8
Trinidad,2026-08-24 06:00:00,23,0.0,19,57,351,1.1
Trinidad,2026-08-24 06:00:00,26,0.0,24,56,61,1.0
Trinidad,2026-08-24 06:00:00,29,0.0,27,56,360,2.7
Trinidad,2026-08-24 06:00:00,32,0.0,33,56,290,4.4
Trinidad,2026-08-24 06:00:00,35,0.0,33,56,280,3.8
Trinidad,2026-08-24 06:00:00,38,0.0,27,56,270,3.1
Trinidad,2026-08-24 06:00:00,41,0.0,24,56,290,2.4
Trinidad,2026-08-24 06:00:00,44,0.0,19,26,307,1.7
Trinidad,2026-08-24 06:00:00,47,0.0,19,26,320,2.7
Trinidad,2026-08-24 06:00:00,50,0.0,26,26,320,3.2
Trinidad,2026-08-24 06:00:00,53,0.0,30,25,320,4.2
Trinidad,2026-08-24 06:00:00,56,0.0,33,26,320,5.2
Trinidad,2026-08-24 06:00:00,59,0.0,33,27,322,3.5
Trinidad,2026-08-24 06:00:00,62,0.0,30,26,322,1.9
Trinidad,2026-08-24 06:00:00,65,0.0,26,26,330,2.0
Trinidad,2026-08-24 06:00:00,68,0.0,20,26,330,2.1
Trinidad,2026-08-24 06:00:00,71,0.0,20,26,310,2.5
Trinidad,2026-08-24 06:00:00,74,0.0,27,26,310,3.0
Trinidad,2026-08-24 06:00:00,77,0.0,31,26,310,4.2
Trinidad,2026-08-24 06:00:00,80,0.0,35,36,302,5.4
Trinidad,2026-08-24 06:00:00,83,0.0,35,36,302,3.8
Trinidad,2026-08-24 06:00:00,86,0.0,32,26,300,2.1
Trinidad,2026-08-24 06:00:00,89,0.0,21,26,310,2.0
Trinidad,2026-08-24 06:00:00,92,0.0,21,26,320,2.0
Tupiza,2026-08-24 06:00:00,2,1.6,10,89,317,3.8
Tupiza,2026-08-24 06:00:00,5,0.9,13,89,300,7.4
Tupiza,2026-08-24 06:00:00,8,0.0,19,56,280,10.9
Tupiza,2026-08-24 06:00:00,11,0.0,19,57,300,8.1
Tupiza,2026-08-24 06:00:00,14,0.0,12,56,320,5.1
Tupiza,2026-08-24 06:00:00,17,0.0,8,56,352,3.0
Tupiza,2026-08-24 06:00:00,20,0.0,4,36,15,0.9
Tupiza,2026-08-24 06:00:00,23,0.0,4,36,305,3.0
Tupiza,2026-08-24 06:00:00,26,0.0,7,36,288,1.8
Tupiza,2026-08-24 06:00:00,29,0.0,10,36,273,3.0
Tupiza,2026-08-24 06:00:00,32,0.0,19,36,256,4.3
Tupiza,2026-08-24 06:00:00,35,0.0,19,36,290,3.7
Tupiza,2026-08-24 06:00:00,38,0.0,12,26,317,3.1
Tupiza,2026-08-24 06:00:00,41,0.0,8,26,309,2.9
Tupiza,2026-08-24 06:00:00,44,0.0,4,26,297,2.8
Tupiza,2026-08-24 06:00:00,47,0.0,4,25,307,2.4
Tupiza,2026-08-24 06:00:00,50,0.0,7,25,292,2.3
Tupiza,2026-08-24 06:00:00,53,0.0,12,26,265,2.6
Tupiza,2026-08-24 06:00:00,56,0.0,19,25,238,2.9
Tupiza,2026-08-24 06:00:00,59,0.0,19,25,273,3.9
Tupiza,2026-08-24 06:00:00,62,0.0,12,27,305,4.7
Tupiza,2026-08-24 06:00:00,65,0.0,8,26,305,4.1
Tupiza,2026-08-24 06:00:00,68,0.0,4,26,297,3.3
Tupiza,2026-08-24 06:00:00,71,0.0,3,25,297,2.4
Tupiza,2026-08-24 06:00:00,74,0.0,8,26,287,1.9
Tupiza,2026-08-24 06:00:00,77,0.0,15,26,292,4.2
Tupiza,2026-08-24 06:00:00,80,0.0,21,25,295,6.4
Tupiza,2026-08-24 06:00:00,83,0.0,21,25,310,5.5
Tupiza,2026-08-24 06:00:00,86,0.0,14,26,315,4.6
Tupiza,2026-08-24 06:00:00,89,0.0,4,26,307,3.5
Tupiza,2026-08-24 06:00:00,92,0.0,4,25,297,2.6
Uyuni,2026-08-24 06:00:00,2,0.7,1,89,323,5.4
Uyuni,2026-08-24 06:00:00,5,1.7,6,89,303,7.3
Uyuni,2026-08-24 06:00:00,8,2.0,11,90,282,9.2
Uyuni,2026-08-24 06:00:00,11,1.3,11,89,280,7.6
Uyuni,2026-08-24 06:00:00,14,0.0,6,56,278,6.0
Uyuni,2026-08-24 06:00:00,17,0.0,0,55,300,5.2
Uyuni,2026-08-24 06:00:00,20,0.0,-6,37,320,4.3
Uyuni,2026-08-24 06:00:00,23,0.0,-6,36,312,5.1
Uyuni,2026-08-24 06:00:00,26,0.0,2,37,312,5.7
Uyuni,2026-08-24 06:00:00,29,0.0,6,36,302,7.0
Uyuni,2026-08-24 06:00:00,32,0.0,11,35,290,8.3
Uyuni,2026-08-24 06:00:00,35,0.0,11,36,320,6.6
Uyuni,2026-08-24 06:00:00,38,0.0,6,26,342,4.9
Uyuni,2026-08-24 06:00:00,41,0.0,-1,27,342,4.3
Uyuni,2026-08-24 06:00:00,44,0.0,-6,26,332,3.8
Uyuni,2026-08-24 06:00:00,47,0.0,-6,26,332,4.2
Uyuni,2026-08-24 06:00:00,50,0.0,2,26,313,4.3
Uyuni,2026-08-24 06:00:00,53,0.0,7,25,303,6.2
Uyuni,2026-08-24 06:00:00,56,0.0,12,25,292,8.0
Uyuni,2026-08-24 06:00:00,59,0.0,12,27,320,6.5
Uyuni,2026-08-24 06:00:00,62,0.0,7,25,340,5.0
Uyuni,2026-08-24 06:00:00,65,0.0,2,25,340,4.8
Uyuni,2026-08-24 06:00:00,68,0.0,-6,25,332,4.7
Uyuni,2026-08-24 06:00:00,71,0.0,-5,26,323,3.4
Uyuni,2026-08-24 06:00:00,74,0.0,4,25,330,2.7
Uyuni,2026-08-24 06:00:00,77,0.0,9,26,320,4.6
Uyuni,2026-08-24 06:00:00,80,0.0,14,26,300,6.6
Uyuni,2026-08-24 06:00:00,83,0.0,14,25,320,5.4
Uyuni,2026-08-24 06:00:00,86,0.0,9,26,331,4.2
Uyuni,2026-08-24 06:00:00,89,0.0,-4,27,333,4.2
Uyuni,2026-08-24 06:00:00,92,0.0,-4,26,333,4.1
Vallegrande,2026-08-24 06:00:00,2,0.0,10,56,349,1.5
Vallegrande,2026-08-24 06:00:00,5,0.0,15,56,349,3.3
Vallegrande,2026-08-24 06:00:00,8,1.2,21,75,349,5.0
Vallegrande,2026-08-24 06:00:00,11,1.1,21,77,31,3.2
Vallegrande,2026-08-24 06:00:00,14,0.0,15,56,74,1.4
Vallegrande,2026-08-24 06:00:00,17,0.0,12,56,44,1.4
Vallegrande,2026-08-24 06:00:00,20,0.0,7,56,4,1.3
Vallegrande,2026-08-24 06:00:00,23,0.0,7,56,351,1.3
Vallegrande,2026-08-24 06:00:00,26,0.0,13,57,339,1.1
Vallegrande,2026-08-24 06:00:00,29,0.0,16,56,341,2.6
Vallegrande,2026-08-24 06:00:00,32,0.0,21,36,341,4.0
Vallegrande,2026-08-24 06:00:00,35,0.0,21,36,360,2.9
Vallegrande,2026-08-24 06:00:00,38,0.0,16,36,10,1.8
Vallegrande,2026-08-24 06:00:00,41,0.0,12,36,358,1.8
Vallegrande,2026-08-24 06:00:00,44,0.0,6,26,339,1.8
Vallegrande,2026-08-24 06:00:00,47,0.0,6,27,330,1.9
Vallegrande,2026-08-24 06:00:00,50,0.0,13,26,319,1.9
Vallegrande,2026-08-24 06:00:00,53,0.0,19,26,331,3.5
Vallegrande,2026-08-24 06:00:00,56,0.0,23,26,340,4.9
Vallegrande,2026-08-24 06:00:00,59,0.0,23,26,351,4.0
Vallegrande,2026-08-24 06:00:00,62,0.0,15,36,360,3.1
Vallegrande,2026-08-24 06:00:00,65,0.0,11,36,350,2.8
Vallegrande,2026-08-24 06:00:00,68,0.0,7,56,338,2.4
Vallegrande,2026-08-24 06:00:00,71,0.0,7,56,330,2.2
Vallegrande,2026-08-24 06:00:00,74,0.0,16,56,319,2.6
Vallegrande,2026-08-24 06:00:00,77,0.0,20,56,331,4.2
Vallegrande,2026-08-24 06:00:00,80,0.0,25,36,340,5.9
Vallegrande,2026-08-24 06:00:00,83,0.0,25,37,351,4.6
Vallegrande,2026-08-24 06:00:00,86,0.0,16,57,359,3.2
Vallegrande,2026-08-24 06:00:00,89,0.0,8,56,347,2.9
Vallegrande,2026-08-24 06:00:00,92,0.0,8,26,328,2.5
Viacha,2026-08-24 06:00:00,2,2.1,5,89,339,1.3
Viacha,2026-08-24 06:00:00,5,1.9,8,89,323,2.8
Viacha,2026-08-24 06:00:00,8,1.6,13,89,304,4.4
Viacha,2026-08-24 06:00:00,11,2.1,13,89,4,2.8
Viacha,2026-08-24 06:00:00,14,1.7,6,89,61,1.1
Viacha,2026-08-24 06:00:00,17,1.2,4,88,2,1.0
Viacha,2026-08-24 06:00:00,20,0.0,0,39,297,0.9
Viacha,2026-08-24 06:00:00,23,0.0,0,38,291,1.7
Viacha,2026-08-24 06:00:00,26,0.0,4,39,291,1.6
Viacha,2026-08-24 06:00:00,29,0.0,7,38,295,2.5
Viacha,2026-08-24 06:00:00,32,0.0,13,39,296,3.4
Viacha,2026-08-24 06:00:00,35,0.0,13,39,316,3.0
Viacha,2026-08-24 06:00:00,38,0.0,8,30,336,2.5
Viacha,2026-08-24 06:00:00,41,0.0,4,30,322,2.0
Viacha,2026-08-24 06:00:00,44,0.0,0,26,299,1.4
Viacha,2026-08-24 06:00:00,47,0.0,0,26,250,1.9
Viacha,2026-08-24 06:00:00,50,0.0,2,26,250,1.9
Viacha,2026-08-24 06:00:00,53,0.0,6,26,248,2.9
Viacha,2026-08-24 06:00:00,56,0.0,13,27,240,3.8
Viacha,2026-08-24 06:00:00,59,0.0,13,26,261,2.5
Viacha,2026-08-24 06:00:00,62,0.0,8,26,279,1.3
Viacha,2026-08-24 06:00:00,65,0.0,4,26,271,1.6
Viacha,2026-08-24 06:00:00,68,0.0,1,26,254,2.0
Viacha,2026-08-24 06:00:00,71,0.0,1,26,221,0.7
Viacha,2026-08-24 06:00:00,74,0.0,6,26,277,0.8
Viacha,2026-08-24 06:00:00,77,0.0,11,26,312,1.6
Viacha,2026-08-24 06:00:00,80,0.0,15,25,343,2.4
Viacha,2026-08-24 06:00:00,83,0.0,15,26,20,2.1
Viacha,2026-08-24 06:00:00,86,0.0,10,26,52,1.8
Viacha,2026-08-24 06:00:00,89,0.0,2,25,94,1.3
Viacha,2026-08-24 06:00:00,92,0.0,2,26,127,0.8
Villa Rivero,2026-08-24 06:00:00,2,1.0,11,89,335,4.8
Villa Rivero,2026-08-24 06:00:00,5,1.3,14,89,355,3.8
Villa Rivero,2026-08-24 06:00:00,8,0.9,16,88,6,2.8
Villa Rivero,2026-08-24 06:00:00,11,1.3,16,89,9,2.2
Villa Rivero,2026-08-24 06:00:00,14,0.0,11,56,8,1.6
Villa Rivero,2026-08-24 06:00:00,17,0.0,9,56,358,1.9
Villa Rivero,2026-08-24 06:00:00,20,0.0,7,57,347,2.3
Villa Rivero,2026-08-24 06:00:00,23,0.0,7,56,347,3.3
Villa Rivero,2026-08-24 06:00:00,26,0.0,8,56,349,3.0
Villa Rivero,2026-08-24 06:00:00,29,0.0,11,56,339,3.4
Villa Rivero,2026-08-24 06:00:00,32,0.0,16,36,328,3.7
Villa Rivero,2026-08-24 06:00:00,35,0.0,16,36,334,3.7
Villa Rivero,2026-08-24 06:00:00,38,0.0,11,36,332,3.7
Villa Rivero,2026-08-24 06:00:00,41,0.0,10,36,332,3.7
Villa Rivero,2026-08-24 06:00:00,44,0.0,6,26,322,3.8
Villa Rivero,2026-08-24 06:00:00,47,0.0,6,26,315,4.4
Villa Rivero,2026-08-24 06:00:00,50,0.0,9,26,315,4.0
Villa Rivero,2026-08-24 06:00:00,53,0.0,12,25,310,4.2
Villa Rivero,2026-08-24 06:00:00,56,0.0,17,26,302,4.4
Villa Rivero,2026-08-24 06:00:00,59,0.0,17,26,326,4.3
Villa Rivero,2026-08-24 06:00:00,62,0.0,12,26,344,4.3
Villa Rivero,2026-08-24 06:00:00,65,0.0,9,26,342,4.7
Villa Rivero,2026-08-24 06:00:00,68,0.0,7,27,332,5.1
Villa Rivero,2026-08-24 06:00:00,71,0.0,6,26,334,3.7
Villa Rivero,2026-08-24 06:00:00,74,0.0,11,26,327,3.1
Villa Rivero,2026-08-24 06:00:00,77,0.0,15,26,358,3.3
Villa Rivero,2026-08-24 06:00:00,80,0.0,18,26,19,3.3
Villa Rivero,2026-08-24 06:00:00,83,0.0,18,26,9,3.6
Villa Rivero,2026-08-24 06:00:00,86,0.0,13,26,348,3.8
Villa Rivero,2026-08-24 06:00:00,89,0.0,7,26,345,4.1
Villa Rivero,2026-08-24 06:00:00,92,0.0,7,26,334,4.4
Villamontes,2026-08-24 06:00:00,2,0.0,15,56,198,0.8
Villamontes,2026-08-24 06:00:00,5,0.0,19,56,164,1.1
Villamontes,2026-08-24 06:00:00,8,0.0,27,56,127,1.5
Villamontes,2026-08-24 06:00:00,11,0.0,27,56,175,1.1
Villamontes,2026-08-24 06:00:00,14,0.0,22,56,215,0.7
Villamontes,2026-08-24 06:00:00,17,0.0,18,56,258,0.8
Villamontes,2026-08-24 06:00:00,20,0.0,13,56,301,0.8
Villamontes,2026-08-24 06:00:00,23,0.0,13,56,298,0.9
Villamontes,2026-08-24 06:00:00,26,0.0,17,56,318,0.5
Villamontes,2026-08-24 06:00:00,29,0.0,22,56,17,0.8
Villamontes,2026-08-24 06:00:00,32,0.0,28,36,70,1.2
Villamontes,2026-08-24 06:00:00,35,0.0,28,36,12,1.1
Villamontes,2026-08-24 06:00:00,38,0.0,24,36,313,1.0
Villamontes,2026-08-24 06:00:00,41,0.0,19,36,297,1.1
Villamontes,2026-08-24 06:00:00,44,0.0,14,26,274,1.2
Villamontes,2026-08-24 06:00:00,47,0.0,14,26,290,1.3
Villamontes,2026-08-24 06:00:00,50,0.0,19,26,277,1.3
Villamontes,2026-08-24 06:00:00,53,0.0,27,26,357,1.7
Villamontes,2026-08-24 06:00:00,56,0.0,30,26,74,2.1
Villamontes,2026-08-24 06:00:00,59,0.0,30,26,14,1.8
Villamontes,2026-08-24 06:00:00,62,0.0,25,27,306,1.6
Villamontes,2026-08-24 06:00:00,65,0.0,20,26,313,2.0
Villamontes,2026-08-24 06:00:00,68,0.0,14,56,313,2.3
Villamontes,2026-08-24 06:00:00,71,0.0,14,56,302,2.0
Villamontes,2026-08-24 06:00:00,74,0.0,21,56,292,1.9
Villamontes,2026-08-24 06:00:00,77,0.0,26,56,281,1.8
Villamontes,2026-08-24 06:00:00,80,0.0,30,36,141,1.8
Villamontes,2026-08-24 06:00:00,83,0.0,30,36,12,1.8
Villamontes,2026-08-24 06:00:00,86,0.0,26,26,341,1.9
Villamontes,2026-08-24 06:00:00,89,0.0,15,26,307,1.7
Villamontes,2026-08-24 06:00:00,92,0.0,15,26,268,1.6
Yacuiba,2026-08-24 06:00:00,2,0.0,15,56,235,1.3
Yacuiba,2026-08-24 06:00:00,5,0.0,18,56,180,2.1
Yacuiba,2026-08-24 06:00:00,8,0.0,26,56,117,2.9
Yacuiba,2026-08-24 06:00:00,11,0.0,26,57,125,1.8
Yacuiba,2026-08-24 06:00:00,14,0.0,21,56,300,0.7
Yacuiba,2026-08-24 06:00:00,17,0.0,16,56,294,0.9
Yacuiba,2026-08-24 06:00:00,20,0.0,12,56,283,1.0
Yacuiba,2026-08-24 06:00:00,23,0.0,12,56,281,1.0
Yacuiba,2026-08-24 06:00:00,26,0.0,16,56,283,0.6
Yacuiba,2026-08-24 06:00:00,29,0.0,21,56,357,1.7
Yacuiba,2026-08-24 06:00:00,32,0.0,27,36,68,2.8
Yacuiba,2026-08-24 06:00:00,35,0.0,27,36,18,2.2
Yacuiba,2026-08-24 06:00:00,38,0.0,23,36,327,1.7
Yacuiba,2026-08-24 06:00:00,41,0.0,19,36,316,1.5
Yacuiba,2026-08-24 06:00:00,44,0.0,13,26,300,1.4
Yacuiba,2026-08-24 06:00:00,47,0.0,13,26,293,1.2
Yacuiba,2026-08-24 06:00:00,50,0.0,21,26,283,0.9
Yacuiba,2026-08-24 06:00:00,53,0.0,25,26,353,1.9
Yacuiba,2026-08-24 06:00:00,56,0.0,29,26,57,2.9
Yacuiba,2026-08-24 06:00:00,59,0.0,29,26,8,2.5
Yacuiba,2026-08-24 06:00:00,62,0.0,24,26,318,2.0
Yacuiba,2026-08-24 06:00:00,65,0.0,19,26,303,2.0
Yacuiba,2026-08-24 06:00:00,68,0.0,13,56,280,2.0
Yacuiba,2026-08-24 06:00:00,71,0.0,13,56,273,1.6
Yacuiba,2026-08-24 06:00:00,74,0.0,20,56,270,1.3
Yacuiba,2026-08-24 06:00:00,77,0.0,25,56,354,2.3
Yacuiba,2026-08-24 06:00:00,80,0.0,29,36,72,3.2
Yacuiba,2026-08-24 06:00:00,83,0.0,29,36,354,2.4
Yacuiba,2026-08-24 06:00:00,86,0.0,25,26,270,1.5
Yacuiba,2026-08-24 06:00:00,89,0.0,14,26,268,1.9
Yacuiba,2026-08-24 06:00:00,92,0.0,14,26,261,2.2
Yesera Norte,2026-08-24 06:00:00,2,0.0,8,56,20,1.9
Yesera Norte,2026-08-24 06:00:00,5,0.0,12,56,58,2.8
Yesera Norte,2026-08-24 06:00:00,8,0.0,21,55,88,3.7
Yesera Norte,2026-08-24 06:00:00,11,0.0,21,55,78,2.2
Yesera Norte,2026-08-24 06:00:00,14,0.0,13,57,68,0.7
Yesera Norte,2026-08-24 06:00:00,17,0.0,10,56,8,0.9
Yesera Norte,2026-08-24 06:00:00,20,0.0,5,36,299,1.0
Yesera Norte,2026-08-24 06:00:00,23,0.0,5,36,318,1.9
Yesera Norte,2026-08-24 06:00:00,26,0.0,11,36,278,1.5
Yesera Norte,2026-08-24 06:00:00,29,0.0,15,36,292,2.3
Yesera Norte,2026-08-24 06:00:00,32,0.0,21,36,297,3.0
Yesera Norte,2026-08-24 06:00:00,35,0.0,21,36,332,2.7
Yesera Norte,2026-08-24 06:00:00,38,0.0,14,36,359,2.4
Yesera Norte,2026-08-24 06:00:00,41,0.0,10,36,328,2.2
Yesera Norte,2026-08-24 06:00:00,44,0.0,6,36,289,1.9
Yesera Norte,2026-08-24 06:00:00,47,0.0,6,36,299,1.9
Yesera Norte,2026-08-24 06:00:00,50,0.0,13,36,289,1.9
Yesera Norte,2026-08-24 06:00:00,53,0.0,18,36,311,2.7
Yesera Norte,2026-08-24 06:00:00,56,0.0,24,26,331,3.3
Yesera Norte,2026-08-24 06:00:00,59,0.0,23,25,350,3.0
Yesera Norte,2026-08-24 06:00:00,62,0.0,16,25,358,2.6
Yesera Norte,2026-08-24 06:00:00,65,0.0,10,26,328,2.8
Yesera Norte,2026-08-24 06:00:00,68,0.0,6,36,289,2.9
Yesera Norte,2026-08-24 06:00:00,71,0.0,6,37,298,2.6
Yesera Norte,2026-08-24 06:00:00,74,0.0,16,36,289,2.5
Yesera Norte,2026-08-24 06:00:00,77,0.0,21,36,309,3.9
Yesera Norte,2026-08-24 06:00:00,80,0.0,25,36,320,5.2
Yesera Norte,2026-08-24 06:00:00,83,0.0,25,36,11,3.7
Yesera Norte,2026-08-24 06:00:00,86,0.0,20,26,57,2.3
Yesera Norte,2026-08-24 06:00:00,89,0.0,7,26,352,2.2
Yesera Norte,2026-08-24 06:00:00,92,0.0,7,25,288,2.1
