estacion,fecha,fecha_diff,precipitacion,temperatura,humedad_relativa,vientos,vi
Anzaldo,2026-09-21 12:00:00,2,0.0,25,36,312,4.9
Anzaldo,2026-09-21 12:00:00,5,0.0,25,36,333,4.0
Anzaldo,2026-09-21 12:00:00,8,0.0,19,26,353,3.0
Anzaldo,2026-09-21 12:00:00,11,0.0,11,25,358,2.7
Anzaldo,2026-09-21 12:00:00,14,0.0,6,37,358,2.5
Anzaldo,2026-09-21 12:00:00,17,0.0,6,37,352,2.8
Anzaldo,2026-09-21 12:00:00,20,0.0,13,36,347,2.2
Anzaldo,2026-09-21 12:00:00,23,0.0,17,36,347,3.9
Anzaldo,2026-09-21 12:00:00,26,0.0,25,36,344,5.5
Anzaldo,2026-09-21 12:00:00,29,0.0,25,36,5,4.2
Anzaldo,2026-09-21 12:00:00,32,0.0,18,36,18,2.9
Anzaldo,2026-09-21 12:00:00,35,0.0,11,36,10,3.1
Anzaldo,2026-09-21 12:00:00,38,0.0,4,36,352,3.4
Anzaldo,2026-09-21 12:00:00,41,0.0,4,26,338,3.1
Anzaldo,2026-09-21 12:00:00,44,0.0,13,26,331,3.7
Anzaldo,2026-09-21 12:00:00,47,0.0,18,26,313,3.0
Anzaldo,2026-09-21 12:00:00,50,0.0,26,26,293,2.3
Anzaldo,2026-09-21 12:00:00,53,0.0,26,26,19,2.3
Anzaldo,2026-09-21 12:00:00,56,0.0,21,26,99,2.4
Anzaldo,2026-09-21 12:00:00,59,0.0,14,26,42,1.6
Anzaldo,2026-09-21 12:00:00,62,0.0,7,27,337,0.7
Anzaldo,2026-09-21 12:00:00,65,0.0,7,26,350,1.4
Anzaldo,2026-09-21 12:00:00,68,0.0,14,26,354,1.6
Anzaldo,2026-09-21 12:00:00,71,0.0,20,26,65,4.0
Anzaldo,2026-09-21 12:00:00,74,0.0,27,36,128,6.3
Anzaldo,2026-09-21 12:00:00,77,0.0,27,36,118,4.2
Anzaldo,2026-09-21 12:00:00,80,0.0,17,26,101,2.1
Anzaldo,2026-09-21 12:00:00,83,0.0,11,26,53,1.6
Anzaldo,2026-09-21 12:00:00,86,0.0,6,25,3,1.2
Anzaldo,2026-09-21 12:00:00,89,0.0,7,26,360,2.0
Anzaldo,2026-09-21 12:00:00,92,0.0,15,26,354,2.1
Anzaldo,2026-09-21 12:00:00,95,0.0,19,27,320,2.8
Anzaldo,2026-09-21 12:00:00,98,0.0,28,36,189,3.5
Anzaldo,2026-09-21 12:00:00,101,0.0,27,36,256,3.0
Anzaldo,2026-09-21 12:00:00,104,0.0,16,27,312,2.5
Anzaldo,2026-09-21 12:00:00,107,0.0,8,26,332,2.3
Anzaldo,2026-09-21 12:00:00,110,0.0,8,27,351,2.1
Apolo Chupiluzani,2026-09-21 12:00:00,2,0.0,28,36,359,3.1
Apolo Chupiluzani,2026-09-21 12:00:00,5,0.0,28,36,304,2.1
Apolo Chupiluzani,2026-09-21 12:00:00,8,1.8,25,76,247,1.2
Apolo Chupiluzani,2026-09-21 12:00:00,11,1.2,21,76,276,1.2
Apolo Chupiluzani,2026-09-21 12:00:00,14,0.0,17,55,298,1.2
Apolo Chupiluzani,2026-09-21 12:00:00,17,0.0,17,56,322,1.2
Apolo Chupiluzani,2026-09-21 12:00:00,20,0.0,20,57,312,1.4
Apolo Chupiluzani,2026-09-21 12:00:00,23,0.0,24,57,344,2.2
Apolo Chupiluzani,2026-09-21 12:00:00,26,1.6,28,84,15,3.0
Apolo Chupiluzani,2026-09-21 12:00:00,29,0.9,28,84,79,1.9
Apolo Chupiluzani,2026-09-21 12:00:00,32,1.6,24,88,169,0.9
Apolo Chupiluzani,2026-09-21 12:00:00,35,2.5,21,90,77,0.9
Apolo Chupiluzani,2026-09-21 12:00:00,38,0.0,14,25,357,0.9
Apolo Chupiluzani,2026-09-21 12:00:00,41,0.0,14,25,334,0.5
Apolo Chupiluzani,2026-09-21 12:00:00,44,0.0,20,26,297,0.3
Apolo Chupiluzani,2026-09-21 12:00:00,47,0.0,23,26,341,2.0
Apolo Chupiluzani,2026-09-21 12:00:00,50,0.0,26,26,21,3.7
Apolo Chupiluzani,2026-09-21 12:00:00,53,0.0,26,26,10,2.3
Apolo Chupiluzani,2026-09-21 12:00:00,56,0.0,21,26,356,1.0
Apolo Chupiluzani,2026-09-21 12:00:00,59,0.0,19,26,339,0.9
Apolo Chupiluzani,2026-09-21 12:00:00,62,0.0,16,56,313,0.8
Apolo Chupiluzani,2026-09-21 12:00:00,65,0.0,16,56,328,0.9
Apolo Chupiluzani,2026-09-21 12:00:00,68,0.0,19,56,310,0.9
Apolo Chupiluzani,2026-09-21 12:00:00,71,0.0,21,56,343,2.0
Apolo Chupiluzani,2026-09-21 12:00:00,74,0.0,27,55,14,3.0
Apolo Chupiluzani,2026-09-21 12:00:00,77,0.0,27,56,7,2.1
Apolo Chupiluzani,2026-09-21 12:00:00,80,0.0,23,36,354,1.1
Apolo Chupiluzani,2026-09-21 12:00:00,83,0.0,19,36,353,0.9
Apolo Chupiluzani,2026-09-21 12:00:00,86,0.0,16,56,352,0.6
Apolo Chupiluzani,2026-09-21 12:00:00,89,0.0,16,56,312,1.0
Apolo Chupiluzani,2026-09-21 12:00:00,92,0.0,22,57,303,1.2
Apolo Chupiluzani,2026-09-21 12:00:00,95,0.0,27,56,344,1.8
Apolo Chupiluzani,2026-09-21 12:00:00,98,0.8,29,76,23,2.4
Apolo Chupiluzani,2026-09-21 12:00:00,101,1.1,29,76,29,1.6
Apolo Chupiluzani,2026-09-21 12:00:00,104,0.0,23,36,26,0.9
Apolo Chupiluzani,2026-09-21 12:00:00,107,0.0,17,36,351,1.0
Apolo Chupiluzani,2026-09-21 12:00:00,110,0.0,17,25,309,1.1
Ascencion de Guarayos,2026-09-21 12:00:00,2,0.0,36,36,320,4.1
Ascencion de Guarayos,2026-09-21 12:00:00,5,0.0,36,36,345,3.4
Ascencion de Guarayos,2026-09-21 12:00:00,8,1.6,31,84,5,2.7
Ascencion de Guarayos,2026-09-21 12:00:00,11,1.3,26,83,5,2.3
Ascencion de Guarayos,2026-09-21 12:00:00,14,1.2,21,89,1,2.0
Ascencion de Guarayos,2026-09-21 12:00:00,17,2.1,21,89,310,1.5
Ascencion de Guarayos,2026-09-21 12:00:00,20,2.7,23,89,249,1.8
Ascencion de Guarayos,2026-09-21 12:00:00,23,1.2,25,89,220,2.1
Ascencion de Guarayos,2026-09-21 12:00:00,26,0.0,30,56,187,2.4
Ascencion de Guarayos,2026-09-21 12:00:00,29,0.0,30,56,109,2.3
Ascencion de Guarayos,2026-09-21 12:00:00,32,0.0,26,56,30,2.1
Ascencion de Guarayos,2026-09-21 12:00:00,35,0.0,22,56,56,1.4
Ascencion de Guarayos,2026-09-21 12:00:00,38,0.0,19,55,77,0.6
Ascencion de Guarayos,2026-09-21 12:00:00,41,0.0,19,56,144,1.4
Ascencion de Guarayos,2026-09-21 12:00:00,44,0.0,22,57,140,1.6
Ascencion de Guarayos,2026-09-21 12:00:00,47,0.0,25,56,226,1.9
Ascencion de Guarayos,2026-09-21 12:00:00,50,0.0,28,56,306,2.2
Ascencion de Guarayos,2026-09-21 12:00:00,53,0.0,28,56,231,1.4
Ascencion de Guarayos,2026-09-21 12:00:00,56,0.0,25,56,156,0.6
Ascencion de Guarayos,2026-09-21 12:00:00,59,0.0,23,57,141,0.9
Ascencion de Guarayos,2026-09-21 12:00:00,62,0.0,20,36,126,1.1
Ascencion de Guarayos,2026-09-21 12:00:00,65,0.0,20,35,105,0.9
Ascencion de Guarayos,2026-09-21 12:00:00,68,0.0,24,36,50,1.0
Ascencion de Guarayos,2026-09-21 12:00:00,71,0.0,27,36,4,2.0
Ascencion de Guarayos,2026-09-21 12:00:00,74,0.0,30,36,314,3.0
Ascencion de Guarayos,2026-09-21 12:00:00,77,0.0,30,36,310,2.0
Ascencion de Guarayos,2026-09-21 12:00:00,80,0.0,28,26,296,1.0
Ascencion de Guarayos,2026-09-21 12:00:00,83,0.0,26,25,340,1.0
Ascencion de Guarayos,2026-09-21 12:00:00,86,0.0,22,26,20,0.9
Ascencion de Guarayos,2026-09-21 12:00:00,89,0.0,22,26,320,0.8
Ascencion de Guarayos,2026-09-21 12:00:00,92,0.0,25,26,329,1.3
Ascencion de Guarayos,2026-09-21 12:00:00,95,0.0,28,26,324,2.0
Ascencion de Guarayos,2026-09-21 12:00:00,98,0.0,32,35,315,2.6
Ascencion de Guarayos,2026-09-21 12:00:00,101,0.0,32,37,350,2.0
Ascencion de Guarayos,2026-09-21 12:00:00,104,0.0,27,26,20,1.5
Ascencion de Guarayos,2026-09-21 12:00:00,107,0.0,23,26,16,1.5
Ascencion de Guarayos,2026-09-21 12:00:00,110,0.0,23,26,6,1.4
Baures,2026-09-21 12:00:00,2,0.0,37,56,300,4.9
Baures,2026-09-21 12:00:00,5,0.0,37,56,344,4.1
Baures,2026-09-21 12:00:00,8,0.0,32,36,24,3.2
Baures,2026-09-21 12:00:00,11,0.0,27,36,4,2.7
Baures,2026-09-21 12:00:00,14,1.1,21,89,340,2.3
Baures,2026-09-21 12:00:00,17,2.2,21,90,330,2.8
Baures,2026-09-21 12:00:00,20,2.0,25,89,299,3.2
Baures,2026-09-21 12:00:00,23,2.2,30,89,300,4.6
Baures,2026-09-21 12:00:00,26,3.8,33,84,300,5.9
Baures,2026-09-21 12:00:00,29,3.0,33,84,20,4.8
Baures,2026-09-21 12:00:00,32,0.8,29,89,96,3.7
Baures,2026-09-21 12:00:00,35,2.0,23,89,96,2.5
Baures,2026-09-21 12:00:00,38,0.0,20,56,86,1.4
Baures,2026-09-21 12:00:00,41,0.0,20,56,101,2.0
Baures,2026-09-21 12:00:00,44,0.0,23,56,100,2.3
Baures,2026-09-21 12:00:00,47,0.0,25,56,55,2.7
Baures,2026-09-21 12:00:00,50,0.0,29,56,285,3.0
Baures,2026-09-21 12:00:00,53,0.0,29,56,295,2.5
Baures,2026-09-21 12:00:00,56,0.0,26,56,299,1.9
Baures,2026-09-21 12:00:00,59,0.0,22,56,325,1.9
Baures,2026-09-21 12:00:00,62,0.0,18,36,346,1.8
Baures,2026-09-21 12:00:00,65,0.0,18,36,308,1.8
Baures,2026-09-21 12:00:00,68,0.0,23,36,340,2.3
Baures,2026-09-21 12:00:00,71,0.0,28,36,320,3.1
Baures,2026-09-21 12:00:00,74,0.0,32,36,296,3.9
Baures,2026-09-21 12:00:00,77,0.0,32,36,330,2.8
Baures,2026-09-21 12:00:00,80,0.0,25,26,360,1.6
Baures,2026-09-21 12:00:00,83,0.0,18,26,10,2.1
Baures,2026-09-21 12:00:00,86,0.0,18,36,10,2.5
Baures,2026-09-21 12:00:00,89,0.0,32,36,330,2.6
Baures,2026-09-21 12:00:00,92,0.0,33,35,320,2.7
Baures,2026-09-21 12:00:00,95,0.0,38,36,310,2.9
Baures,2026-09-21 12:00:00,98,0.0,42,26,299,3.1
Baures,2026-09-21 12:00:00,101,0.0,38,27,334,3.4
Baures,2026-09-21 12:00:00,104,0.0,34,26,4,3.7
Baures,2026-09-21 12:00:00,107,0.0,32,26,350,2.9
Baures,2026-09-21 12:00:00,110,0.0,30,26,336,2.0
Bolpebra - PD,2026-09-21 12:00:00,2,0.0,35,36,310,2.9
Bolpebra - PD,2026-09-21 12:00:00,5,0.0,35,36,310,2.0
Bolpebra - PD,2026-09-21 12:00:00,8,0.0,31,26,308,0.9
Bolpebra - PD,2026-09-21 12:00:00,11,0.0,28,26,326,1.2
Bolpebra - PD,2026-09-21 12:00:00,14,0.0,25,36,338,1.4
Bolpebra - PD,2026-09-21 12:00:00,17,0.0,25,35,302,1.5
Bolpebra - PD,2026-09-21 12:00:00,20,0.0,27,36,252,1.1
Bolpebra - PD,2026-09-21 12:00:00,23,0.0,31,36,293,2.1
Bolpebra - PD,2026-09-21 12:00:00,26,2.4,35,76,331,3.0
Bolpebra - PD,2026-09-21 12:00:00,29,1.3,35,76,320,2.2
Bolpebra - PD,2026-09-21 12:00:00,32,0.0,31,55,308,1.3
Bolpebra - PD,2026-09-21 12:00:00,35,0.0,27,56,300,1.2
Bolpebra - PD,2026-09-21 12:00:00,38,0.0,24,56,283,1.1
Bolpebra - PD,2026-09-21 12:00:00,41,0.0,24,56,310,0.9
Bolpebra - PD,2026-09-21 12:00:00,44,0.0,27,56,307,0.9
Bolpebra - PD,2026-09-21 12:00:00,47,0.0,32,56,313,1.6
Bolpebra - PD,2026-09-21 12:00:00,50,3.0,34,76,313,2.3
Bolpebra - PD,2026-09-21 12:00:00,53,2.2,34,76,350,2.1
Bolpebra - PD,2026-09-21 12:00:00,56,0.0,30,56,27,1.9
Bolpebra - PD,2026-09-21 12:00:00,59,0.0,27,56,360,1.6
Bolpebra - PD,2026-09-21 12:00:00,62,0.0,24,56,330,1.4
Bolpebra - PD,2026-09-21 12:00:00,65,0.0,24,55,334,1.3
Bolpebra - PD,2026-09-21 12:00:00,68,0.0,26,56,304,1.2
Bolpebra - PD,2026-09-21 12:00:00,71,0.0,29,57,304,1.7
Bolpebra - PD,2026-09-21 12:00:00,74,2.2,31,84,304,2.2
Bolpebra - PD,2026-09-21 12:00:00,77,2.2,31,84,322,1.6
Bolpebra - PD,2026-09-21 12:00:00,80,0.0,28,36,338,1.1
Bolpebra - PD,2026-09-21 12:00:00,83,0.0,24,35,320,1.1
Bolpebra - PD,2026-09-21 12:00:00,86,0.0,24,36,302,1.1
Bolpebra - PD,2026-09-21 12:00:00,89,0.0,27,36,304,1.2
Bolpebra - PD,2026-09-21 12:00:00,92,0.0,29,37,303,1.7
Bolpebra - PD,2026-09-21 12:00:00,95,0.0,33,36,273,1.5
Bolpebra - PD,2026-09-21 12:00:00,98,0.0,37,56,237,1.4
Bolpebra - PD,2026-09-21 12:00:00,101,0.0,32,56,293,1.1
Bolpebra - PD,2026-09-21 12:00:00,104,0.0,27,36,346,0.9
Bolpebra - PD,2026-09-21 12:00:00,107,0.0,26,37,332,1.0
Bolpebra - PD,2026-09-21 12:00:00,110,0.0,25,27,315,1.1
Bulo Bulo,2026-09-21 12:00:00,2,0.8,32,76,310,4.8
Bulo Bulo,2026-09-21 12:00:00,5,0.8,32,76,282,3.3
Bulo Bulo,2026-09-21 12:00:00,8,0.8,29,76,254,1.8
Bulo Bulo,2026-09-21 12:00:00,11,0.8,26,76,244,1.5
Bulo Bulo,2026-09-21 12:00:00,14,2.8,22,84,234,1.3
Bulo Bulo,2026-09-21 12:00:00,17,3.6,22,85,170,1.1
Bulo Bulo,2026-09-21 12:00:00,20,3.6,23,85,98,1.5
Bulo Bulo,2026-09-21 12:00:00,23,0.6,25,84,70,2.0
Bulo Bulo,2026-09-21 12:00:00,26,2.9,26,89,40,2.4
Bulo Bulo,2026-09-21 12:00:00,29,1.9,26,89,68,1.5
Bulo Bulo,2026-09-21 12:00:00,32,2.9,24,89,96,0.6
Bulo Bulo,2026-09-21 12:00:00,35,2.9,21,89,80,0.6
Bulo Bulo,2026-09-21 12:00:00,38,0.0,19,56,54,0.7
Bulo Bulo,2026-09-21 12:00:00,41,0.0,19,56,90,0.8
Bulo Bulo,2026-09-21 12:00:00,44,0.0,20,56,64,1.0
Bulo Bulo,2026-09-21 12:00:00,47,0.0,21,56,52,1.4
Bulo Bulo,2026-09-21 12:00:00,50,0.0,23,56,32,1.8
Bulo Bulo,2026-09-21 12:00:00,53,0.0,23,56,110,1.7
Bulo Bulo,2026-09-21 12:00:00,56,0.0,23,56,188,1.6
Bulo Bulo,2026-09-21 12:00:00,59,0.0,22,56,178,1.4
Bulo Bulo,2026-09-21 12:00:00,62,0.0,22,56,166,1.2
Bulo Bulo,2026-09-21 12:00:00,65,0.0,22,56,152,1.2
Bulo Bulo,2026-09-21 12:00:00,68,0.0,24,56,94,1.0
Bulo Bulo,2026-09-21 12:00:00,71,0.0,26,56,22,1.9
Bulo Bulo,2026-09-21 12:00:00,74,0.0,29,36,308,2.7
Bulo Bulo,2026-09-21 12:00:00,77,0.0,29,36,270,2.0
Bulo Bulo,2026-09-21 12:00:00,80,0.0,25,26,222,1.2
Bulo Bulo,2026-09-21 12:00:00,83,0.0,23,26,222,1.1
Bulo Bulo,2026-09-21 12:00:00,86,0.0,21,27,214,1.1
Bulo Bulo,2026-09-21 12:00:00,89,0.0,21,26,272,0.8
Bulo Bulo,2026-09-21 12:00:00,92,0.0,24,26,318,0.6
Bulo Bulo,2026-09-21 12:00:00,95,0.0,28,26,328,2.2
Bulo Bulo,2026-09-21 12:00:00,98,0.0,32,36,330,3.7
Bulo Bulo,2026-09-21 12:00:00,101,0.0,32,36,282,2.5
Bulo Bulo,2026-09-21 12:00:00,104,0.0,28,27,232,1.2
Bulo Bulo,2026-09-21 12:00:00,107,0.0,22,26,224,0.9
Bulo Bulo,2026-09-21 12:00:00,110,0.0,22,26,214,0.7
Camargo,2026-09-21 12:00:00,2,0.0,26,37,293,2.0
Camargo,2026-09-21 12:00:00,5,0.0,26,36,299,3.0
Camargo,2026-09-21 12:00:00,8,0.0,20,37,126,4.1
Camargo,2026-09-21 12:00:00,11,0.0,17,37,98,3.1
Camargo,2026-09-21 12:00:00,14,0.0,15,56,82,2.0
Camargo,2026-09-21 12:00:00,17,0.0,15,57,350,1.6
Camargo,2026-09-21 12:00:00,20,0.0,17,57,303,1.3
Camargo,2026-09-21 12:00:00,23,0.0,19,56,300,2.3
Camargo,2026-09-21 12:00:00,26,0.3,23,77,289,3.3
Camargo,2026-09-21 12:00:00,29,1.0,23,77,230,3.0
Camargo,2026-09-21 12:00:00,32,0.0,19,56,111,2.9
Camargo,2026-09-21 12:00:00,35,0.0,16,56,116,2.1
Camargo,2026-09-21 12:00:00,38,0.0,13,36,131,1.2
Camargo,2026-09-21 12:00:00,41,0.0,13,37,261,1.8
Camargo,2026-09-21 12:00:00,44,0.0,15,37,288,2.0
Camargo,2026-09-21 12:00:00,47,0.0,18,37,272,2.0
Camargo,2026-09-21 12:00:00,50,0.0,24,27,122,2.0
Camargo,2026-09-21 12:00:00,53,0.0,24,26,106,2.4
Camargo,2026-09-21 12:00:00,56,0.0,20,26,87,2.9
Camargo,2026-09-21 12:00:00,59,0.0,17,26,116,2.0
Camargo,2026-09-21 12:00:00,62,0.0,15,26,137,0.9
Camargo,2026-09-21 12:00:00,65,0.0,16,26,297,0.9
Camargo,2026-09-21 12:00:00,68,0.0,18,27,248,0.8
Camargo,2026-09-21 12:00:00,71,0.0,21,25,189,2.9
Camargo,2026-09-21 12:00:00,74,0.0,25,36,121,4.8
Camargo,2026-09-21 12:00:00,77,0.0,25,36,109,4.2
Camargo,2026-09-21 12:00:00,80,0.0,21,26,87,3.4
Camargo,2026-09-21 12:00:00,83,0.0,18,27,81,2.0
Camargo,2026-09-21 12:00:00,86,0.0,16,26,76,0.5
Camargo,2026-09-21 12:00:00,89,0.0,16,25,346,0.9
Camargo,2026-09-21 12:00:00,92,0.0,19,26,282,0.8
Camargo,2026-09-21 12:00:00,95,0.0,22,26,212,2.1
Camargo,2026-09-21 12:00:00,98,0.0,26,36,129,3.3
Camargo,2026-09-21 12:00:00,101,0.0,25,36,89,3.4
Camargo,2026-09-21 12:00:00,104,0.0,20,25,40,3.4
Camargo,2026-09-21 12:00:00,107,0.0,17,26,97,2.1
Camargo,2026-09-21 12:00:00,110,0.0,17,26,145,0.7
Camiri,2026-09-21 12:00:00,2,0.0,36,57,107,3.2
Camiri,2026-09-21 12:00:00,5,0.0,36,56,126,2.1
Camiri,2026-09-21 12:00:00,8,0.0,29,57,139,0.8
Camiri,2026-09-21 12:00:00,11,0.0,23,56,199,1.1
Camiri,2026-09-21 12:00:00,14,2.8,16,89,259,1.4
Camiri,2026-09-21 12:00:00,17,1.9,16,89,141,2.6
Camiri,2026-09-21 12:00:00,20,1.4,19,90,160,3.1
Camiri,2026-09-21 12:00:00,23,1.2,23,90,151,2.2
Camiri,2026-09-21 12:00:00,26,0.0,26,56,133,1.2
Camiri,2026-09-21 12:00:00,29,0.0,26,56,124,1.4
Camiri,2026-09-21 12:00:00,32,0.0,22,56,114,1.6
Camiri,2026-09-21 12:00:00,35,0.0,18,56,113,1.5
Camiri,2026-09-21 12:00:00,38,0.0,15,56,103,1.3
Camiri,2026-09-21 12:00:00,41,0.0,15,56,94,0.9
Camiri,2026-09-21 12:00:00,44,0.0,20,56,54,0.4
Camiri,2026-09-21 12:00:00,47,0.0,24,56,71,1.5
Camiri,2026-09-21 12:00:00,50,0.0,29,36,78,2.7
Camiri,2026-09-21 12:00:00,53,0.0,28,37,40,2.0
Camiri,2026-09-21 12:00:00,56,0.0,24,26,360,1.2
Camiri,2026-09-21 12:00:00,59,0.0,19,26,317,1.2
Camiri,2026-09-21 12:00:00,62,0.0,14,26,267,1.2
Camiri,2026-09-21 12:00:00,65,0.0,14,26,200,0.7
Camiri,2026-09-21 12:00:00,68,0.0,22,27,139,0.4
Camiri,2026-09-21 12:00:00,71,0.0,26,27,120,1.6
Camiri,2026-09-21 12:00:00,74,0.0,32,27,97,2.9
Camiri,2026-09-21 12:00:00,77,0.0,31,27,20,1.8
Camiri,2026-09-21 12:00:00,80,0.0,24,27,303,0.7
Camiri,2026-09-21 12:00:00,83,0.0,20,26,283,1.0
Camiri,2026-09-21 12:00:00,86,0.0,16,26,260,1.3
Camiri,2026-09-21 12:00:00,89,0.0,16,26,248,1.1
Camiri,2026-09-21 12:00:00,92,0.0,24,26,228,1.0
Camiri,2026-09-21 12:00:00,95,0.0,30,27,318,2.4
Camiri,2026-09-21 12:00:00,98,0.0,34,26,38,3.8
Camiri,2026-09-21 12:00:00,101,0.0,33,26,30,3.9
Camiri,2026-09-21 12:00:00,104,0.0,29,26,20,4.1
Camiri,2026-09-21 12:00:00,107,0.0,18,26,330,2.8
Camiri,2026-09-21 12:00:00,110,0.0,17,26,273,1.3
Campanario,2026-09-21 12:00:00,2,0.0,20,36,342,2.4
Campanario,2026-09-21 12:00:00,5,0.0,20,36,35,3.1
Campanario,2026-09-21 12:00:00,8,0.0,12,56,79,3.7
Campanario,2026-09-21 12:00:00,11,0.0,5,56,73,2.6
Campanario,2026-09-21 12:00:00,14,0.0,-5,36,61,1.4
Campanario,2026-09-21 12:00:00,17,0.0,-5,36,5,2.2
Campanario,2026-09-21 12:00:00,20,0.0,2,36,330,2.1
Campanario,2026-09-21 12:00:00,23,0.0,10,36,332,4.7
Campanario,2026-09-21 12:00:00,26,0.0,17,36,333,7.2
Campanario,2026-09-21 12:00:00,29,0.0,17,36,26,5.0
Campanario,2026-09-21 12:00:00,32,0.0,10,37,69,2.8
Campanario,2026-09-21 12:00:00,35,0.0,2,37,132,2.5
Campanario,2026-09-21 12:00:00,38,0.0,-4,26,243,2.2
Campanario,2026-09-21 12:00:00,41,0.0,-4,26,291,1.8
Campanario,2026-09-21 12:00:00,44,0.0,4,26,253,2.3
Campanario,2026-09-21 12:00:00,47,0.0,11,26,333,2.0
Campanario,2026-09-21 12:00:00,50,0.0,20,26,47,1.7
Campanario,2026-09-21 12:00:00,53,0.0,20,26,70,2.2
Campanario,2026-09-21 12:00:00,56,0.0,15,26,89,2.7
Campanario,2026-09-21 12:00:00,59,0.0,7,26,29,1.7
Campanario,2026-09-21 12:00:00,62,0.0,-3,26,290,0.7
Campanario,2026-09-21 12:00:00,65,0.0,-3,26,239,1.6
Campanario,2026-09-21 12:00:00,68,0.0,4,26,245,1.5
Campanario,2026-09-21 12:00:00,71,0.0,12,26,274,2.3
Campanario,2026-09-21 12:00:00,74,0.0,21,26,57,3.0
Campanario,2026-09-21 12:00:00,77,0.0,21,26,71,2.8
Campanario,2026-09-21 12:00:00,80,0.0,14,26,83,2.7
Campanario,2026-09-21 12:00:00,83,0.0,7,26,157,2.2
Campanario,2026-09-21 12:00:00,86,0.0,-3,26,227,1.7
Campanario,2026-09-21 12:00:00,89,0.0,-3,26,243,1.7
Campanario,2026-09-21 12:00:00,92,0.0,13,26,248,2.0
Campanario,2026-09-21 12:00:00,95,0.0,18,26,323,3.0
Campanario,2026-09-21 12:00:00,98,0.0,21,36,54,4.1
Campanario,2026-09-21 12:00:00,101,0.0,21,36,71,3.9
Campanario,2026-09-21 12:00:00,104,0.0,14,36,82,3.8
Campanario,2026-09-21 12:00:00,107,0.0,-2,36,30,2.2
Campanario,2026-09-21 12:00:00,110,0.0,-2,26,297,0.6
Carura,2026-09-21 12:00:00,2,0.0,33,36,117,0.9
Carura,2026-09-21 12:00:00,5,0.0,33,36,195,1.1
Carura,2026-09-21 12:00:00,8,2.0,29,75,275,1.4
Carura,2026-09-21 12:00:00,11,2.2,25,77,277,1.3
Carura,2026-09-21 12:00:00,14,0.0,22,56,275,1.2
Carura,2026-09-21 12:00:00,17,0.0,22,56,282,0.9
Carura,2026-09-21 12:00:00,20,0.0,24,56,292,0.8
Carura,2026-09-21 12:00:00,23,0.0,28,56,2,1.0
Carura,2026-09-21 12:00:00,26,1.6,32,84,69,1.2
Carura,2026-09-21 12:00:00,29,0.7,32,85,9,0.9
Carura,2026-09-21 12:00:00,32,1.8,28,89,307,0.6
Carura,2026-09-21 12:00:00,35,2.4,25,89,292,0.7
Carura,2026-09-21 12:00:00,38,0.0,19,27,275,0.9
Carura,2026-09-21 12:00:00,41,0.0,19,26,2,0.3
Carura,2026-09-21 12:00:00,44,0.0,24,26,91,0.2
Carura,2026-09-21 12:00:00,47,0.0,27,26,81,1.3
Carura,2026-09-21 12:00:00,50,0.0,30,26,60,2.2
Carura,2026-09-21 12:00:00,53,0.0,30,26,346,1.5
Carura,2026-09-21 12:00:00,56,0.0,27,27,264,0.6
Carura,2026-09-21 12:00:00,59,0.0,24,26,278,0.8
Carura,2026-09-21 12:00:00,62,0.0,21,56,285,1.0
Carura,2026-09-21 12:00:00,65,0.0,21,56,308,0.5
Carura,2026-09-21 12:00:00,68,0.0,24,56,297,0.4
Carura,2026-09-21 12:00:00,71,0.0,26,56,352,1.4
Carura,2026-09-21 12:00:00,74,0.0,32,56,43,2.3
Carura,2026-09-21 12:00:00,77,0.0,32,57,340,1.5
Carura,2026-09-21 12:00:00,80,0.0,27,36,273,0.6
Carura,2026-09-21 12:00:00,83,0.0,24,36,270,0.7
Carura,2026-09-21 12:00:00,86,0.0,21,56,265,0.7
Carura,2026-09-21 12:00:00,89,0.0,21,56,284,0.8
Carura,2026-09-21 12:00:00,92,0.0,25,56,289,0.8
Carura,2026-09-21 12:00:00,95,0.0,31,56,356,1.0
Carura,2026-09-21 12:00:00,98,1.4,35,76,91,1.2
Carura,2026-09-21 12:00:00,101,1.1,35,75,140,1.1
Carura,2026-09-21 12:00:00,104,0.0,26,36,273,1.1
Carura,2026-09-21 12:00:00,107,0.0,23,37,270,1.0
Carura,2026-09-21 12:00:00,110,0.0,22,26,265,0.9
Chacala (INIAF),2026-09-21 12:00:00,2,0.0,14,26,284,7.2
Chacala (INIAF),2026-09-21 12:00:00,5,0.0,14,26,280,5.9
Chacala (INIAF),2026-09-21 12:00:00,8,0.0,9,27,273,4.4
Chacala (INIAF),2026-09-21 12:00:00,11,0.0,4,27,318,3.3
Chacala (INIAF),2026-09-21 12:00:00,14,0.0,-3,26,355,2.2
Chacala (INIAF),2026-09-21 12:00:00,17,0.0,-3,26,334,2.8
Chacala (INIAF),2026-09-21 12:00:00,20,0.0,5,26,326,2.2
Chacala (INIAF),2026-09-21 12:00:00,23,0.0,9,26,307,5.2
Chacala (INIAF),2026-09-21 12:00:00,26,0.0,15,27,283,8.2
Chacala (INIAF),2026-09-21 12:00:00,29,0.0,15,26,288,5.9
Chacala (INIAF),2026-09-21 12:00:00,32,0.0,9,27,291,3.7
Chacala (INIAF),2026-09-21 12:00:00,35,0.0,3,26,320,3.0
Chacala (INIAF),2026-09-21 12:00:00,38,0.0,-3,26,349,2.4
Chacala (INIAF),2026-09-21 12:00:00,41,0.0,-3,26,354,2.6
Chacala (INIAF),2026-09-21 12:00:00,44,0.0,6,27,337,2.5
Chacala (INIAF),2026-09-21 12:00:00,47,0.0,11,27,308,3.5
Chacala (INIAF),2026-09-21 12:00:00,50,0.0,16,27,276,4.5
Chacala (INIAF),2026-09-21 12:00:00,53,0.0,16,26,311,3.3
Chacala (INIAF),2026-09-21 12:00:00,56,0.0,11,26,340,2.1
Chacala (INIAF),2026-09-21 12:00:00,59,0.0,4,27,307,1.8
Chacala (INIAF),2026-09-21 12:00:00,62,0.0,-2,26,264,1.5
Chacala (INIAF),2026-09-21 12:00:00,65,0.0,-2,26,278,1.5
Chacala (INIAF),2026-09-21 12:00:00,68,0.0,6,26,253,0.7
Chacala (INIAF),2026-09-21 12:00:00,71,0.0,11,26,243,2.7
Chacala (INIAF),2026-09-21 12:00:00,74,0.0,16,26,225,4.6
Chacala (INIAF),2026-09-21 12:00:00,77,0.0,16,26,177,3.1
Chacala (INIAF),2026-09-21 12:00:00,80,0.0,9,25,71,1.6
Chacala (INIAF),2026-09-21 12:00:00,83,0.0,4,26,23,1.4
Chacala (INIAF),2026-09-21 12:00:00,86,0.0,-2,27,331,1.2
Chacala (INIAF),2026-09-21 12:00:00,89,0.0,-2,26,264,0.8
Chacala (INIAF),2026-09-21 12:00:00,92,0.0,6,26,310,0.8
Chacala (INIAF),2026-09-21 12:00:00,95,0.0,12,26,288,2.6
Chacala (INIAF),2026-09-21 12:00:00,98,0.0,16,26,260,4.5
Chacala (INIAF),2026-09-21 12:00:00,101,0.0,16,26,256,2.7
Chacala (INIAF),2026-09-21 12:00:00,104,0.0,10,26,243,1.0
Chacala (INIAF),2026-09-21 12:00:00,107,0.0,-1,26,305,1.2
Chacala (INIAF),2026-09-21 12:00:00,110,0.0,-1,27,20,1.3
Charazani,2026-09-21 12:00:00,2,0.0,20,37,85,5.2
Charazani,2026-09-21 12:00:00,5,0.0,20,37,65,3.8
Charazani,2026-09-21 12:00:00,8,0.0,14,26,42,2.3
Charazani,2026-09-21 12:00:00,11,0.0,10,26,356,1.6
Charazani,2026-09-21 12:00:00,14,0.0,3,26,307,0.8
Charazani,2026-09-21 12:00:00,17,0.0,3,26,47,0.9
Charazani,2026-09-21 12:00:00,20,0.0,7,27,53,0.5
Charazani,2026-09-21 12:00:00,23,0.0,12,25,69,2.6
Charazani,2026-09-21 12:00:00,26,0.0,21,36,82,4.6
Charazani,2026-09-21 12:00:00,29,0.0,21,36,83,3.4
Charazani,2026-09-21 12:00:00,32,0.0,10,35,81,2.3
Charazani,2026-09-21 12:00:00,35,0.0,5,35,43,1.7
Charazani,2026-09-21 12:00:00,38,0.0,2,36,355,1.2
Charazani,2026-09-21 12:00:00,41,0.0,2,26,287,0.9
Charazani,2026-09-21 12:00:00,44,0.0,7,26,264,0.7
Charazani,2026-09-21 12:00:00,47,0.0,13,27,245,3.0
Charazani,2026-09-21 12:00:00,50,0.0,21,26,86,5.3
Charazani,2026-09-21 12:00:00,53,0.0,21,26,67,3.2
Charazani,2026-09-21 12:00:00,56,0.0,16,26,44,1.0
Charazani,2026-09-21 12:00:00,59,0.0,9,26,72,0.8
Charazani,2026-09-21 12:00:00,62,0.0,2,27,215,0.7
Charazani,2026-09-21 12:00:00,65,0.0,2,25,230,1.3
Charazani,2026-09-21 12:00:00,68,0.0,7,26,216,1.1
Charazani,2026-09-21 12:00:00,71,0.0,12,26,145,3.2
Charazani,2026-09-21 12:00:00,74,0.0,21,37,73,5.2
Charazani,2026-09-21 12:00:00,77,0.0,21,36,62,3.7
Charazani,2026-09-21 12:00:00,80,0.0,11,26,42,2.2
Charazani,2026-09-21 12:00:00,83,0.0,6,26,13,1.6
Charazani,2026-09-21 12:00:00,86,0.0,2,26,337,1.0
Charazani,2026-09-21 12:00:00,89,0.0,2,26,14,1.5
Charazani,2026-09-21 12:00:00,92,0.0,8,26,80,1.4
Charazani,2026-09-21 12:00:00,95,0.0,13,26,73,3.6
Charazani,2026-09-21 12:00:00,98,0.0,22,36,63,5.9
Charazani,2026-09-21 12:00:00,101,0.0,22,36,63,4.4
Charazani,2026-09-21 12:00:00,104,0.0,10,26,53,2.9
Charazani,2026-09-21 12:00:00,107,0.0,3,26,6,1.9
Charazani,2026-09-21 12:00:00,110,0.0,3,26,310,0.8
Chipaya,2026-09-21 12:00:00,2,0.0,18,26,313,2.2
Chipaya,2026-09-21 12:00:00,5,0.0,18,26,272,4.0
Chipaya,2026-09-21 12:00:00,8,0.0,12,26,220,6.0
Chipaya,2026-09-21 12:00:00,11,0.0,5,26,226,4.0
Chipaya,2026-09-21 12:00:00,14,0.0,-3,25,232,2.1
Chipaya,2026-09-21 12:00:00,17,0.0,-3,26,286,1.9
Chipaya,2026-09-21 12:00:00,20,0.0,4,26,356,1.3
Chipaya,2026-09-21 12:00:00,23,0.0,12,26,306,1.8
Chipaya,2026-09-21 12:00:00,26,0.0,19,26,256,2.5
Chipaya,2026-09-21 12:00:00,29,0.0,19,25,240,4.8
Chipaya,2026-09-21 12:00:00,32,0.0,12,27,220,7.2
Chipaya,2026-09-21 12:00:00,35,0.0,4,26,226,5.0
Chipaya,2026-09-21 12:00:00,38,0.0,-3,37,226,2.8
Chipaya,2026-09-21 12:00:00,41,0.0,-3,36,208,1.8
Chipaya,2026-09-21 12:00:00,44,0.0,5,36,88,0.7
Chipaya,2026-09-21 12:00:00,47,0.0,13,36,140,1.8
Chipaya,2026-09-21 12:00:00,50,0.0,20,26,188,2.8
Chipaya,2026-09-21 12:00:00,53,0.0,20,26,204,3.5
Chipaya,2026-09-21 12:00:00,56,0.0,13,26,214,4.0
Chipaya,2026-09-21 12:00:00,59,0.0,5,26,220,3.9
Chipaya,2026-09-21 12:00:00,62,0.0,-4,26,220,3.7
Chipaya,2026-09-21 12:00:00,65,0.0,-4,25,220,2.5
Chipaya,2026-09-21 12:00:00,68,0.0,4,26,214,1.3
Chipaya,2026-09-21 12:00:00,71,0.0,10,26,198,1.5
Chipaya,2026-09-21 12:00:00,74,0.0,21,26,178,1.7
Chipaya,2026-09-21 12:00:00,77,0.0,21,26,204,2.1
Chipaya,2026-09-21 12:00:00,80,0.0,12,27,220,2.6
Chipaya,2026-09-21 12:00:00,83,0.0,5,26,230,2.2
Chipaya,2026-09-21 12:00:00,86,0.0,-4,26,234,1.8
Chipaya,2026-09-21 12:00:00,89,0.0,-4,25,208,1.1
Chipaya,2026-09-21 12:00:00,92,0.0,8,26,160,1.4
Chipaya,2026-09-21 12:00:00,95,0.0,16,26,136,1.3
Chipaya,2026-09-21 12:00:00,98,0.0,22,36,334,1.2
Chipaya,2026-09-21 12:00:00,101,0.0,22,36,26,3.8
Chipaya,2026-09-21 12:00:00,104,0.0,15,26,78,6.4
Chipaya,2026-09-21 12:00:00,107,0.0,-3,26,30,4.4
Chipaya,2026-09-21 12:00:00,110,0.0,-3,26,338,2.3
Cobija,2026-09-21 12:00:00,2,0.0,38,35,330,2.8
Cobija,2026-09-21 12:00:00,5,0.0,38,36,340,2.0
Cobija,2026-09-21 12:00:00,8,0.0,33,26,350,1.3
Cobija,2026-09-21 12:00:00,11,0.0,29,26,350,1.4
Cobija,2026-09-21 12:00:00,14,0.0,24,36,340,1.4
Cobija,2026-09-21 12:00:00,17,0.0,24,35,330,1.3
Cobija,2026-09-21 12:00:00,20,0.0,27,35,313,1.0
Cobija,2026-09-21 12:00:00,23,0.0,32,36,330,1.5
Cobija,2026-09-21 12:00:00,26,1.0,38,76,347,2.1
Cobija,2026-09-21 12:00:00,29,2.1,38,76,330,1.9
Cobija,2026-09-21 12:00:00,32,0.0,32,57,310,1.7
Cobija,2026-09-21 12:00:00,35,0.0,27,56,303,1.4
Cobija,2026-09-21 12:00:00,38,0.0,23,56,297,1.1
Cobija,2026-09-21 12:00:00,41,0.0,23,55,293,1.1
Cobija,2026-09-21 12:00:00,44,0.0,27,56,317,0.9
Cobija,2026-09-21 12:00:00,47,0.0,32,56,323,1.4
Cobija,2026-09-21 12:00:00,50,2.8,37,76,330,1.9
Cobija,2026-09-21 12:00:00,53,1.3,37,76,330,2.0
Cobija,2026-09-21 12:00:00,56,0.0,32,56,330,2.1
Cobija,2026-09-21 12:00:00,59,0.0,27,56,340,1.7
Cobija,2026-09-21 12:00:00,62,0.0,23,56,350,1.3
Cobija,2026-09-21 12:00:00,65,0.0,23,56,320,1.2
Cobija,2026-09-21 12:00:00,68,0.0,27,56,310,1.5
Cobija,2026-09-21 12:00:00,71,0.0,30,57,310,1.8
Cobija,2026-09-21 12:00:00,74,1.2,34,84,310,2.0
Cobija,2026-09-21 12:00:00,77,1.9,34,85,350,1.5
Cobija,2026-09-21 12:00:00,80,0.0,29,36,20,0.9
Cobija,2026-09-21 12:00:00,83,0.0,23,35,360,1.2
Cobija,2026-09-21 12:00:00,86,0.0,23,37,330,1.5
Cobija,2026-09-21 12:00:00,89,0.0,28,35,310,1.5
Cobija,2026-09-21 12:00:00,92,0.0,30,35,310,1.7
Cobija,2026-09-21 12:00:00,95,0.0,34,36,320,1.5
Cobija,2026-09-21 12:00:00,98,0.0,39,56,320,1.2
Cobija,2026-09-21 12:00:00,101,0.0,33,56,320,1.2
Cobija,2026-09-21 12:00:00,104,0.0,28,35,320,1.2
Cobija,2026-09-21 12:00:00,107,0.0,27,36,330,1.4
Cobija,2026-09-21 12:00:00,110,0.0,26,26,340,1.5
Cochabamba - Aeropuerto,2026-09-21 12:00:00,2,0.0,28,36,27,2.7
Cochabamba - Aeropuerto,2026-09-21 12:00:00,5,0.0,28,36,330,2.6
Cochabamba - Aeropuerto,2026-09-21 12:00:00,8,0.0,24,26,264,2.6
Cochabamba - Aeropuerto,2026-09-21 12:00:00,11,0.0,17,26,252,2.4
Cochabamba - Aeropuerto,2026-09-21 12:00:00,14,0.0,8,36,240,2.2
Cochabamba - Aeropuerto,2026-09-21 12:00:00,17,0.0,8,35,237,1.6
Cochabamba - Aeropuerto,2026-09-21 12:00:00,20,0.0,17,36,244,1.1
Cochabamba - Aeropuerto,2026-09-21 12:00:00,23,0.0,23,36,308,1.5
Cochabamba - Aeropuerto,2026-09-21 12:00:00,26,0.0,31,36,4,1.8
Cochabamba - Aeropuerto,2026-09-21 12:00:00,29,0.0,31,36,318,2.3
Cochabamba - Aeropuerto,2026-09-21 12:00:00,32,0.0,22,36,264,2.7
Cochabamba - Aeropuerto,2026-09-21 12:00:00,35,0.0,14,37,319,1.9
Cochabamba - Aeropuerto,2026-09-21 12:00:00,38,0.0,6,36,10,1.1
Cochabamba - Aeropuerto,2026-09-21 12:00:00,41,0.0,6,26,332,1.2
Cochabamba - Aeropuerto,2026-09-21 12:00:00,44,0.0,15,26,346,1.3
Cochabamba - Aeropuerto,2026-09-21 12:00:00,47,0.0,20,26,16,2.0
Cochabamba - Aeropuerto,2026-09-21 12:00:00,50,0.0,32,26,38,2.6
Cochabamba - Aeropuerto,2026-09-21 12:00:00,53,0.0,32,25,344,2.1
Cochabamba - Aeropuerto,2026-09-21 12:00:00,56,0.0,24,26,280,1.6
Cochabamba - Aeropuerto,2026-09-21 12:00:00,59,0.0,18,26,255,1.8
Cochabamba - Aeropuerto,2026-09-21 12:00:00,62,0.0,9,26,230,1.9
Cochabamba - Aeropuerto,2026-09-21 12:00:00,65,0.0,9,26,298,1.5
Cochabamba - Aeropuerto,2026-09-21 12:00:00,68,0.0,15,26,40,1.3
Cochabamba - Aeropuerto,2026-09-21 12:00:00,71,0.0,22,26,38,1.9
Cochabamba - Aeropuerto,2026-09-21 12:00:00,74,0.0,33,36,27,2.5
Cochabamba - Aeropuerto,2026-09-21 12:00:00,77,0.0,33,36,329,2.1
Cochabamba - Aeropuerto,2026-09-21 12:00:00,80,0.0,23,26,269,1.7
Cochabamba - Aeropuerto,2026-09-21 12:00:00,83,0.0,14,27,257,1.9
Cochabamba - Aeropuerto,2026-09-21 12:00:00,86,0.0,9,26,238,2.1
Cochabamba - Aeropuerto,2026-09-21 12:00:00,89,0.0,10,26,280,1.6
Cochabamba - Aeropuerto,2026-09-21 12:00:00,92,0.0,19,26,317,1.2
Cochabamba - Aeropuerto,2026-09-21 12:00:00,95,0.0,24,26,359,1.7
Cochabamba - Aeropuerto,2026-09-21 12:00:00,98,0.0,33,36,36,2.3
Cochabamba - Aeropuerto,2026-09-21 12:00:00,101,0.0,33,37,328,2.4
Cochabamba - Aeropuerto,2026-09-21 12:00:00,104,0.0,22,26,251,2.5
Cochabamba - Aeropuerto,2026-09-21 12:00:00,107,0.0,11,26,239,2.4
Cochabamba - Aeropuerto,2026-09-21 12:00:00,110,0.0,11,26,226,2.4
Cochabamba - Sarco,2026-09-21 12:00:00,2,0.0,30,37,17,2.6
Cochabamba - Sarco,2026-09-21 12:00:00,5,0.0,30,36,26,3.1
Cochabamba - Sarco,2026-09-21 12:00:00,8,0.0,24,26,28,3.5
Cochabamba - Sarco,2026-09-21 12:00:00,11,0.0,18,25,4,2.6
Cochabamba - Sarco,2026-09-21 12:00:00,14,0.0,10,36,334,1.8
Cochabamba - Sarco,2026-09-21 12:00:00,17,0.0,10,36,340,1.4
Cochabamba - Sarco,2026-09-21 12:00:00,20,0.0,15,36,352,1.5
Cochabamba - Sarco,2026-09-21 12:00:00,23,0.0,20,36,350,2.6
Cochabamba - Sarco,2026-09-21 12:00:00,26,0.0,32,36,346,3.7
Cochabamba - Sarco,2026-09-21 12:00:00,29,0.0,32,36,6,3.7
Cochabamba - Sarco,2026-09-21 12:00:00,32,0.0,21,36,18,3.7
Cochabamba - Sarco,2026-09-21 12:00:00,35,0.0,14,36,356,3.2
Cochabamba - Sarco,2026-09-21 12:00:00,38,0.0,8,36,326,2.6
Cochabamba - Sarco,2026-09-21 12:00:00,41,0.0,8,27,288,2.3
Cochabamba - Sarco,2026-09-21 12:00:00,44,0.0,16,25,277,1.6
Cochabamba - Sarco,2026-09-21 12:00:00,47,0.0,22,26,203,2.1
Cochabamba - Sarco,2026-09-21 12:00:00,50,0.0,33,25,120,2.5
Cochabamba - Sarco,2026-09-21 12:00:00,53,0.0,33,26,67,2.3
Cochabamba - Sarco,2026-09-21 12:00:00,56,0.0,25,27,340,2.1
Cochabamba - Sarco,2026-09-21 12:00:00,59,0.0,18,26,307,1.5
Cochabamba - Sarco,2026-09-21 12:00:00,62,0.0,11,26,264,1.0
Cochabamba - Sarco,2026-09-21 12:00:00,65,0.0,11,26,340,0.9
Cochabamba - Sarco,2026-09-21 12:00:00,68,0.0,19,25,64,0.9
Cochabamba - Sarco,2026-09-21 12:00:00,71,0.0,24,26,89,2.1
Cochabamba - Sarco,2026-09-21 12:00:00,74,0.0,33,36,113,3.3
Cochabamba - Sarco,2026-09-21 12:00:00,77,0.0,33,36,67,2.8
Cochabamba - Sarco,2026-09-21 12:00:00,80,0.0,23,26,14,2.2
Cochabamba - Sarco,2026-09-21 12:00:00,83,0.0,14,27,347,1.5
Cochabamba - Sarco,2026-09-21 12:00:00,86,0.0,10,27,309,0.9
Cochabamba - Sarco,2026-09-21 12:00:00,89,0.0,9,26,344,1.1
Cochabamba - Sarco,2026-09-21 12:00:00,92,0.0,13,26,56,1.1
Cochabamba - Sarco,2026-09-21 12:00:00,95,0.0,19,26,60,2.7
Cochabamba - Sarco,2026-09-21 12:00:00,98,0.0,32,36,62,4.2
Cochabamba - Sarco,2026-09-21 12:00:00,101,0.0,32,36,29,3.3
Cochabamba - Sarco,2026-09-21 12:00:00,104,0.0,20,26,347,2.2
Cochabamba - Sarco,2026-09-21 12:00:00,107,0.0,10,25,0,2.0
Cochabamba - Sarco,2026-09-21 12:00:00,110,0.0,10,26,14,1.8
Concepcion,2026-09-21 12:00:00,2,0.0,33,36,3,5.0
Concepcion,2026-09-21 12:00:00,5,0.0,33,36,4,4.2
Concepcion,2026-09-21 12:00:00,8,1.0,28,84,360,3.4
Concepcion,2026-09-21 12:00:00,11,1.9,24,84,350,3.0
Concepcion,2026-09-21 12:00:00,14,2.3,20,89,339,2.7
Concepcion,2026-09-21 12:00:00,17,1.1,20,89,270,3.3
Concepcion,2026-09-21 12:00:00,20,1.7,22,89,210,4.2
Concepcion,2026-09-21 12:00:00,23,1.5,26,89,218,2.6
Concepcion,2026-09-21 12:00:00,26,0.0,29,56,221,1.1
Concepcion,2026-09-21 12:00:00,29,0.0,29,56,180,1.2
Concepcion,2026-09-21 12:00:00,32,0.0,25,56,132,1.2
Concepcion,2026-09-21 12:00:00,35,0.0,21,56,172,1.2
Concepcion,2026-09-21 12:00:00,38,0.0,18,56,212,1.2
Concepcion,2026-09-21 12:00:00,41,0.0,18,57,160,2.8
Concepcion,2026-09-21 12:00:00,44,0.0,21,56,156,3.5
Concepcion,2026-09-21 12:00:00,47,0.0,24,56,240,3.2
Concepcion,2026-09-21 12:00:00,50,0.0,27,55,316,2.8
Concepcion,2026-09-21 12:00:00,53,0.0,27,56,275,2.3
Concepcion,2026-09-21 12:00:00,56,0.0,24,56,225,1.7
Concepcion,2026-09-21 12:00:00,59,0.0,21,56,191,1.4
Concepcion,2026-09-21 12:00:00,62,0.0,19,36,151,1.0
Concepcion,2026-09-21 12:00:00,65,0.0,19,35,146,1.3
Concepcion,2026-09-21 12:00:00,68,0.0,22,36,71,1.0
Concepcion,2026-09-21 12:00:00,71,0.0,26,35,16,2.8
Concepcion,2026-09-21 12:00:00,74,0.0,29,36,316,4.7
Concepcion,2026-09-21 12:00:00,77,0.0,29,36,305,3.4
Concepcion,2026-09-21 12:00:00,80,0.0,27,26,289,2.1
Concepcion,2026-09-21 12:00:00,83,0.0,24,25,290,1.8
Concepcion,2026-09-21 12:00:00,86,0.0,21,26,289,1.5
Concepcion,2026-09-21 12:00:00,89,0.0,21,26,306,1.7
Concepcion,2026-09-21 12:00:00,92,0.0,26,26,335,2.0
Concepcion,2026-09-21 12:00:00,95,0.0,29,25,340,3.1
Concepcion,2026-09-21 12:00:00,98,0.0,31,37,336,4.1
Concepcion,2026-09-21 12:00:00,101,0.0,31,35,340,3.1
Concepcion,2026-09-21 12:00:00,104,0.0,27,26,340,2.1
Concepcion,2026-09-21 12:00:00,107,0.0,22,26,330,2.0
Concepcion,2026-09-21 12:00:00,110,0.0,22,26,315,1.9
Cota Cota Baja,2026-09-21 12:00:00,2,0.0,16,36,284,6.0
Cota Cota Baja,2026-09-21 12:00:00,5,0.0,16,37,330,5.0
Cota Cota Baja,2026-09-21 12:00:00,8,0.0,11,27,15,4.0
Cota Cota Baja,2026-09-21 12:00:00,11,0.0,7,26,30,3.0
Cota Cota Baja,2026-09-21 12:00:00,14,0.0,-2,26,41,1.9
Cota Cota Baja,2026-09-21 12:00:00,17,0.0,-2,26,23,1.1
Cota Cota Baja,2026-09-21 12:00:00,20,0.0,7,26,348,0.9
Cota Cota Baja,2026-09-21 12:00:00,23,0.0,10,26,316,3.0
Cota Cota Baja,2026-09-21 12:00:00,26,0.0,17,36,284,5.1
Cota Cota Baja,2026-09-21 12:00:00,29,0.0,17,35,330,5.2
Cota Cota Baja,2026-09-21 12:00:00,32,0.0,11,36,16,5.3
Cota Cota Baja,2026-09-21 12:00:00,35,0.0,6,35,34,3.6
Cota Cota Baja,2026-09-21 12:00:00,38,0.0,-2,36,47,1.7
Cota Cota Baja,2026-09-21 12:00:00,41,0.0,-2,26,82,1.4
Cota Cota Baja,2026-09-21 12:00:00,44,0.0,7,25,161,0.9
Cota Cota Baja,2026-09-21 12:00:00,47,0.0,10,27,281,2.7
Cota Cota Baja,2026-09-21 12:00:00,50,0.0,18,26,279,4.6
Cota Cota Baja,2026-09-21 12:00:00,53,0.0,18,26,324,4.0
Cota Cota Baja,2026-09-21 12:00:00,56,0.0,13,26,6,3.4
Cota Cota Baja,2026-09-21 12:00:00,59,0.0,7,25,31,2.5
Cota Cota Baja,2026-09-21 12:00:00,62,0.0,-2,26,47,1.6
Cota Cota Baja,2026-09-21 12:00:00,65,0.0,-2,27,111,1.2
Cota Cota Baja,2026-09-21 12:00:00,68,0.0,9,26,174,1.2
Cota Cota Baja,2026-09-21 12:00:00,71,0.0,13,26,228,3.1
Cota Cota Baja,2026-09-21 12:00:00,74,0.0,18,36,272,5.0
Cota Cota Baja,2026-09-21 12:00:00,77,0.0,18,36,330,4.7
Cota Cota Baja,2026-09-21 12:00:00,80,0.0,10,26,28,4.3
Cota Cota Baja,2026-09-21 12:00:00,83,0.0,4,27,18,3.0
Cota Cota Baja,2026-09-21 12:00:00,86,0.0,-2,26,8,1.6
Cota Cota Baja,2026-09-21 12:00:00,89,0.0,-2,27,336,1.5
Cota Cota Baja,2026-09-21 12:00:00,92,0.0,9,25,343,0.7
Cota Cota Baja,2026-09-21 12:00:00,95,0.0,12,26,331,2.9
Cota Cota Baja,2026-09-21 12:00:00,98,0.0,19,36,319,5.2
Cota Cota Baja,2026-09-21 12:00:00,101,0.0,19,36,356,4.8
Cota Cota Baja,2026-09-21 12:00:00,104,0.0,9,26,32,4.3
Cota Cota Baja,2026-09-21 12:00:00,107,0.0,-1,25,16,3.2
Cota Cota Baja,2026-09-21 12:00:00,110,0.0,-1,25,356,2.2
Cotagaita,2026-09-21 12:00:00,2,0.0,26,36,261,7.5
Cotagaita,2026-09-21 12:00:00,5,0.0,26,36,279,5.0
Cotagaita,2026-09-21 12:00:00,8,0.0,19,57,288,2.4
Cotagaita,2026-09-21 12:00:00,11,0.0,11,56,289,2.6
Cotagaita,2026-09-21 12:00:00,14,0.0,2,26,280,2.9
Cotagaita,2026-09-21 12:00:00,17,0.0,2,26,279,2.1
Cotagaita,2026-09-21 12:00:00,20,0.0,13,27,269,2.0
Cotagaita,2026-09-21 12:00:00,23,0.0,18,27,279,4.6
Cotagaita,2026-09-21 12:00:00,26,0.0,27,26,280,7.2
Cotagaita,2026-09-21 12:00:00,29,0.0,27,26,290,5.1
Cotagaita,2026-09-21 12:00:00,32,0.0,17,26,299,3.1
Cotagaita,2026-09-21 12:00:00,35,0.0,9,26,290,2.9
Cotagaita,2026-09-21 12:00:00,38,0.0,2,26,280,2.7
Cotagaita,2026-09-21 12:00:00,41,0.0,2,26,279,2.2
Cotagaita,2026-09-21 12:00:00,44,0.0,13,26,279,1.9
Cotagaita,2026-09-21 12:00:00,47,0.0,18,26,258,2.1
Cotagaita,2026-09-21 12:00:00,50,0.0,28,26,104,2.4
Cotagaita,2026-09-21 12:00:00,53,0.0,28,26,77,1.9
Cotagaita,2026-09-21 12:00:00,56,0.0,20,25,42,1.5
Cotagaita,2026-09-21 12:00:00,59,0.0,11,26,107,1.2
Cotagaita,2026-09-21 12:00:00,62,0.0,3,26,161,0.9
Cotagaita,2026-09-21 12:00:00,65,0.0,3,27,261,1.4
Cotagaita,2026-09-21 12:00:00,68,0.0,13,27,267,1.4
Cotagaita,2026-09-21 12:00:00,71,0.0,21,26,189,2.6
Cotagaita,2026-09-21 12:00:00,74,0.0,28,27,102,3.8
Cotagaita,2026-09-21 12:00:00,77,0.0,28,26,90,2.9
Cotagaita,2026-09-21 12:00:00,80,0.0,20,26,69,2.1
Cotagaita,2026-09-21 12:00:00,83,0.0,12,26,92,1.5
Cotagaita,2026-09-21 12:00:00,86,0.0,3,26,114,0.8
Cotagaita,2026-09-21 12:00:00,89,0.0,3,26,70,0.6
Cotagaita,2026-09-21 12:00:00,92,0.0,16,26,61,0.4
Cotagaita,2026-09-21 12:00:00,95,0.0,21,26,74,2.2
Cotagaita,2026-09-21 12:00:00,98,0.0,28,37,84,4.0
Cotagaita,2026-09-21 12:00:00,101,0.0,28,36,35,3.7
Cotagaita,2026-09-21 12:00:00,104,0.0,14,26,343,3.4
Cotagaita,2026-09-21 12:00:00,107,0.0,4,26,270,2.3
Cotagaita,2026-09-21 12:00:00,110,0.0,4,25,190,1.3
Covendo,2026-09-21 12:00:00,2,0.0,31,36,337,2.6
Covendo,2026-09-21 12:00:00,5,0.0,31,36,287,1.8
Covendo,2026-09-21 12:00:00,8,1.7,26,76,230,1.0
Covendo,2026-09-21 12:00:00,11,2.0,22,76,230,1.0
Covendo,2026-09-21 12:00:00,14,0.0,19,56,225,1.0
Covendo,2026-09-21 12:00:00,17,0.0,19,56,203,1.1
Covendo,2026-09-21 12:00:00,20,0.0,21,57,191,1.0
Covendo,2026-09-21 12:00:00,23,0.0,27,57,278,1.8
Covendo,2026-09-21 12:00:00,26,1.5,29,84,357,2.7
Covendo,2026-09-21 12:00:00,29,1.5,29,84,72,2.0
Covendo,2026-09-21 12:00:00,32,2.0,27,89,171,1.3
Covendo,2026-09-21 12:00:00,35,2.4,23,89,141,1.2
Covendo,2026-09-21 12:00:00,38,0.0,16,26,111,1.1
Covendo,2026-09-21 12:00:00,41,0.0,16,26,168,0.9
Covendo,2026-09-21 12:00:00,44,0.0,21,26,155,0.7
Covendo,2026-09-21 12:00:00,47,0.0,24,26,87,1.4
Covendo,2026-09-21 12:00:00,50,0.0,27,26,13,2.1
Covendo,2026-09-21 12:00:00,53,0.0,27,26,101,1.6
Covendo,2026-09-21 12:00:00,56,0.0,24,27,181,1.0
Covendo,2026-09-21 12:00:00,59,0.0,21,26,191,1.0
Covendo,2026-09-21 12:00:00,62,0.0,18,56,191,0.9
Covendo,2026-09-21 12:00:00,65,0.0,18,56,201,0.9
Covendo,2026-09-21 12:00:00,68,0.0,21,56,213,0.7
Covendo,2026-09-21 12:00:00,71,0.0,23,57,164,1.4
Covendo,2026-09-21 12:00:00,74,0.0,28,56,34,2.1
Covendo,2026-09-21 12:00:00,77,0.0,28,56,118,1.5
Covendo,2026-09-21 12:00:00,80,0.0,23,36,198,0.9
Covendo,2026-09-21 12:00:00,83,0.0,21,36,201,1.0
Covendo,2026-09-21 12:00:00,86,0.0,18,56,201,1.0
Covendo,2026-09-21 12:00:00,89,0.0,18,56,201,0.9
Covendo,2026-09-21 12:00:00,92,0.0,23,56,203,0.9
Covendo,2026-09-21 12:00:00,95,0.0,26,56,273,1.6
Covendo,2026-09-21 12:00:00,98,1.4,30,76,338,2.3
Covendo,2026-09-21 12:00:00,101,1.6,30,76,268,1.7
Covendo,2026-09-21 12:00:00,104,0.0,25,36,191,1.1
Covendo,2026-09-21 12:00:00,107,0.0,19,36,198,1.2
Covendo,2026-09-21 12:00:00,110,0.0,19,26,198,1.2
Cuatro Cañadas - Colonia Chihuahua,2026-09-21 12:00:00,2,0.0,37,36,310,8.4
Cuatro Cañadas - Colonia Chihuahua,2026-09-21 12:00:00,5,0.0,37,36,340,7.6
Cuatro Cañadas - Colonia Chihuahua,2026-09-21 12:00:00,8,0.0,32,36,360,6.8
Cuatro Cañadas - Colonia Chihuahua,2026-09-21 12:00:00,11,0.0,26,36,350,5.9
Cuatro Cañadas - Colonia Chihuahua,2026-09-21 12:00:00,14,1.0,19,90,340,5.0
Cuatro Cañadas - Colonia Chihuahua,2026-09-21 12:00:00,17,1.0,19,89,262,3.8
Cuatro Cañadas - Colonia Chihuahua,2026-09-21 12:00:00,20,1.6,23,89,192,4.2
Cuatro Cañadas - Colonia Chihuahua,2026-09-21 12:00:00,23,1.5,27,89,162,3.3
Cuatro Cañadas - Colonia Chihuahua,2026-09-21 12:00:00,26,0.0,29,57,129,2.3
Cuatro Cañadas - Colonia Chihuahua,2026-09-21 12:00:00,29,0.0,29,56,72,1.7
Cuatro Cañadas - Colonia Chihuahua,2026-09-21 12:00:00,32,0.0,25,56,9,1.0
Cuatro Cañadas - Colonia Chihuahua,2026-09-21 12:00:00,35,0.0,22,56,89,2.1
Cuatro Cañadas - Colonia Chihuahua,2026-09-21 12:00:00,38,0.0,17,56,166,3.0
Cuatro Cañadas - Colonia Chihuahua,2026-09-21 12:00:00,41,0.0,17,56,160,4.1
Cuatro Cañadas - Colonia Chihuahua,2026-09-21 12:00:00,44,0.0,21,57,160,4.1
Cuatro Cañadas - Colonia Chihuahua,2026-09-21 12:00:00,47,0.0,23,56,220,2.7
Cuatro Cañadas - Colonia Chihuahua,2026-09-21 12:00:00,50,0.0,27,56,279,1.3
Cuatro Cañadas - Colonia Chihuahua,2026-09-21 12:00:00,53,0.0,27,56,249,2.0
Cuatro Cañadas - Colonia Chihuahua,2026-09-21 12:00:00,56,0.0,23,56,210,2.5
Cuatro Cañadas - Colonia Chihuahua,2026-09-21 12:00:00,59,0.0,21,56,160,2.2
Cuatro Cañadas - Colonia Chihuahua,2026-09-21 12:00:00,62,0.0,18,55,104,1.8
Cuatro Cañadas - Colonia Chihuahua,2026-09-21 12:00:00,65,0.0,18,56,87,1.6
Cuatro Cañadas - Colonia Chihuahua,2026-09-21 12:00:00,68,0.0,22,56,80,2.6
Cuatro Cañadas - Colonia Chihuahua,2026-09-21 12:00:00,71,0.0,27,56,10,4.2
Cuatro Cañadas - Colonia Chihuahua,2026-09-21 12:00:00,74,0.0,29,35,298,5.7
Cuatro Cañadas - Colonia Chihuahua,2026-09-21 12:00:00,77,0.0,29,36,308,4.3
Cuatro Cañadas - Colonia Chihuahua,2026-09-21 12:00:00,80,0.0,26,26,310,2.8
Cuatro Cañadas - Colonia Chihuahua,2026-09-21 12:00:00,83,0.0,23,26,320,2.4
Cuatro Cañadas - Colonia Chihuahua,2026-09-21 12:00:00,86,0.0,20,36,320,2.0
Cuatro Cañadas - Colonia Chihuahua,2026-09-21 12:00:00,89,0.0,20,35,355,1.9
Cuatro Cañadas - Colonia Chihuahua,2026-09-21 12:00:00,92,0.0,26,36,5,2.4
Cuatro Cañadas - Colonia Chihuahua,2026-09-21 12:00:00,95,0.0,30,36,344,4.3
Cuatro Cañadas - Colonia Chihuahua,2026-09-21 12:00:00,98,0.0,32,56,318,6.2
Cuatro Cañadas - Colonia Chihuahua,2026-09-21 12:00:00,101,0.0,32,56,330,4.6
Cuatro Cañadas - Colonia Chihuahua,2026-09-21 12:00:00,104,0.0,28,36,340,2.9
Cuatro Cañadas - Colonia Chihuahua,2026-09-21 12:00:00,107,0.0,21,36,342,2.8
Cuatro Cañadas - Colonia Chihuahua,2026-09-21 12:00:00,110,0.0,21,27,340,2.6
Cuatro Cañadas CEA-2,2026-09-21 12:00:00,2,0.0,36,36,310,7.9
Cuatro Cañadas CEA-2,2026-09-21 12:00:00,5,0.0,36,36,330,6.8
Cuatro Cañadas CEA-2,2026-09-21 12:00:00,8,0.0,30,37,348,5.8
Cuatro Cañadas CEA-2,2026-09-21 12:00:00,11,0.0,25,37,348,5.6
Cuatro Cañadas CEA-2,2026-09-21 12:00:00,14,1.6,20,88,340,5.3
Cuatro Cañadas CEA-2,2026-09-21 12:00:00,17,2.6,20,88,250,3.3
Cuatro Cañadas CEA-2,2026-09-21 12:00:00,20,1.8,24,88,181,4.3
Cuatro Cañadas CEA-2,2026-09-21 12:00:00,23,1.8,27,88,151,3.4
Cuatro Cañadas CEA-2,2026-09-21 12:00:00,26,0.0,30,57,118,2.6
Cuatro Cañadas CEA-2,2026-09-21 12:00:00,29,0.0,30,55,153,2.0
Cuatro Cañadas CEA-2,2026-09-21 12:00:00,32,0.0,26,56,185,1.3
Cuatro Cañadas CEA-2,2026-09-21 12:00:00,35,0.0,23,56,170,2.5
Cuatro Cañadas CEA-2,2026-09-21 12:00:00,38,0.0,18,56,148,3.7
Cuatro Cañadas CEA-2,2026-09-21 12:00:00,41,0.0,18,56,160,4.3
Cuatro Cañadas CEA-2,2026-09-21 12:00:00,44,0.0,21,57,160,4.3
Cuatro Cañadas CEA-2,2026-09-21 12:00:00,47,0.0,24,56,163,2.7
Cuatro Cañadas CEA-2,2026-09-21 12:00:00,50,0.0,28,56,163,1.0
Cuatro Cañadas CEA-2,2026-09-21 12:00:00,53,0.0,28,56,190,1.5
Cuatro Cañadas CEA-2,2026-09-21 12:00:00,56,0.0,24,56,208,2.2
Cuatro Cañadas CEA-2,2026-09-21 12:00:00,59,0.0,22,57,171,1.8
Cuatro Cañadas CEA-2,2026-09-21 12:00:00,62,0.0,19,56,134,1.4
Cuatro Cañadas CEA-2,2026-09-21 12:00:00,65,0.0,19,57,103,1.3
Cuatro Cañadas CEA-2,2026-09-21 12:00:00,68,0.0,21,57,155,1.5
Cuatro Cañadas CEA-2,2026-09-21 12:00:00,71,0.0,26,56,233,3.3
Cuatro Cañadas CEA-2,2026-09-21 12:00:00,74,0.0,30,36,310,5.1
Cuatro Cañadas CEA-2,2026-09-21 12:00:00,77,0.0,30,37,300,3.9
Cuatro Cañadas CEA-2,2026-09-21 12:00:00,80,0.0,26,26,280,2.7
Cuatro Cañadas CEA-2,2026-09-21 12:00:00,83,0.0,23,26,300,2.3
Cuatro Cañadas CEA-2,2026-09-21 12:00:00,86,0.0,21,37,312,2.0
Cuatro Cañadas CEA-2,2026-09-21 12:00:00,89,0.0,21,37,340,2.3
Cuatro Cañadas CEA-2,2026-09-21 12:00:00,92,0.0,28,36,330,2.7
Cuatro Cañadas CEA-2,2026-09-21 12:00:00,95,0.0,32,36,330,4.3
Cuatro Cañadas CEA-2,2026-09-21 12:00:00,98,0.0,33,56,320,5.9
Cuatro Cañadas CEA-2,2026-09-21 12:00:00,101,0.0,33,56,320,4.1
Cuatro Cañadas CEA-2,2026-09-21 12:00:00,104,0.0,30,36,318,2.3
Cuatro Cañadas CEA-2,2026-09-21 12:00:00,107,0.0,22,36,328,2.4
Cuatro Cañadas CEA-2,2026-09-21 12:00:00,110,0.0,22,26,330,2.5
Desaguadero_M,2026-09-21 12:00:00,2,0.0,15,36,346,6.1
Desaguadero_M,2026-09-21 12:00:00,5,0.0,15,36,333,4.1
Desaguadero_M,2026-09-21 12:00:00,8,0.0,11,26,318,2.1
Desaguadero_M,2026-09-21 12:00:00,11,0.0,4,26,30,2.0
Desaguadero_M,2026-09-21 12:00:00,14,0.0,-4,26,98,1.8
Desaguadero_M,2026-09-21 12:00:00,17,0.0,-4,26,142,1.7
Desaguadero_M,2026-09-21 12:00:00,20,0.0,5,26,155,0.6
Desaguadero_M,2026-09-21 12:00:00,23,0.0,11,26,93,2.9
Desaguadero_M,2026-09-21 12:00:00,26,0.0,16,36,343,5.2
Desaguadero_M,2026-09-21 12:00:00,29,0.0,16,36,345,3.9
Desaguadero_M,2026-09-21 12:00:00,32,0.0,10,36,342,2.6
Desaguadero_M,2026-09-21 12:00:00,35,0.0,4,36,22,2.0
Desaguadero_M,2026-09-21 12:00:00,38,0.0,-5,36,54,1.5
Desaguadero_M,2026-09-21 12:00:00,41,0.0,-5,26,355,1.2
Desaguadero_M,2026-09-21 12:00:00,44,0.0,5,26,325,0.9
Desaguadero_M,2026-09-21 12:00:00,47,0.0,12,26,339,2.8
Desaguadero_M,2026-09-21 12:00:00,50,0.0,17,26,347,4.8
Desaguadero_M,2026-09-21 12:00:00,53,0.0,17,26,5,3.4
Desaguadero_M,2026-09-21 12:00:00,56,0.0,11,26,14,1.9
Desaguadero_M,2026-09-21 12:00:00,59,0.0,5,26,94,1.5
Desaguadero_M,2026-09-21 12:00:00,62,0.0,-5,26,164,1.2
Desaguadero_M,2026-09-21 12:00:00,65,0.0,-5,26,163,1.3
Desaguadero_M,2026-09-21 12:00:00,68,0.0,9,26,188,1.0
Desaguadero_M,2026-09-21 12:00:00,71,0.0,14,26,185,1.8
Desaguadero_M,2026-09-21 12:00:00,74,0.0,17,36,24,2.6
Desaguadero_M,2026-09-21 12:00:00,77,0.0,17,36,21,2.7
Desaguadero_M,2026-09-21 12:00:00,80,0.0,11,26,13,2.8
Desaguadero_M,2026-09-21 12:00:00,83,0.0,2,26,37,2.4
Desaguadero_M,2026-09-21 12:00:00,86,0.0,-5,26,54,1.9
Desaguadero_M,2026-09-21 12:00:00,89,0.0,-5,27,10,1.6
Desaguadero_M,2026-09-21 12:00:00,92,0.0,9,26,27,1.3
Desaguadero_M,2026-09-21 12:00:00,95,0.0,13,26,13,3.7
Desaguadero_M,2026-09-21 12:00:00,98,0.0,18,36,354,6.1
Desaguadero_M,2026-09-21 12:00:00,101,0.0,18,36,12,4.3
Desaguadero_M,2026-09-21 12:00:00,104,0.0,10,26,28,2.4
Desaguadero_M,2026-09-21 12:00:00,107,0.0,-4,26,38,2.2
Desaguadero_M,2026-09-21 12:00:00,110,0.0,-4,26,44,2.0
El Alto,2026-09-21 12:00:00,2,0.0,17,36,326,5.1
El Alto,2026-09-21 12:00:00,5,0.0,17,36,13,4.0
El Alto,2026-09-21 12:00:00,8,0.0,11,26,53,2.8
El Alto,2026-09-21 12:00:00,11,0.0,5,26,61,2.2
El Alto,2026-09-21 12:00:00,14,0.0,-4,26,61,1.6
El Alto,2026-09-21 12:00:00,17,0.0,-4,26,100,0.9
El Alto,2026-09-21 12:00:00,20,0.0,5,26,127,0.5
El Alto,2026-09-21 12:00:00,23,0.0,10,26,126,2.1
El Alto,2026-09-21 12:00:00,26,0.0,18,36,349,3.6
El Alto,2026-09-21 12:00:00,29,0.0,18,36,17,3.7
El Alto,2026-09-21 12:00:00,32,0.0,10,36,51,3.8
El Alto,2026-09-21 12:00:00,35,0.0,4,36,65,2.8
El Alto,2026-09-21 12:00:00,38,0.0,-5,35,78,1.8
El Alto,2026-09-21 12:00:00,41,0.0,-5,26,31,1.4
El Alto,2026-09-21 12:00:00,44,0.0,5,26,259,1.3
El Alto,2026-09-21 12:00:00,47,0.0,11,26,233,2.0
El Alto,2026-09-21 12:00:00,50,0.0,19,26,201,2.7
El Alto,2026-09-21 12:00:00,53,0.0,19,26,162,2.3
El Alto,2026-09-21 12:00:00,56,0.0,12,26,117,1.8
El Alto,2026-09-21 12:00:00,59,0.0,5,26,110,1.5
El Alto,2026-09-21 12:00:00,62,0.0,-5,26,101,1.2
El Alto,2026-09-21 12:00:00,65,0.0,-5,26,165,0.7
El Alto,2026-09-21 12:00:00,68,0.0,7,26,166,0.6
El Alto,2026-09-21 12:00:00,71,0.0,13,25,141,3.2
El Alto,2026-09-21 12:00:00,74,0.0,19,36,110,5.7
El Alto,2026-09-21 12:00:00,77,0.0,19,36,85,4.9
El Alto,2026-09-21 12:00:00,80,0.0,10,26,51,4.1
El Alto,2026-09-21 12:00:00,83,0.0,3,26,65,2.8
El Alto,2026-09-21 12:00:00,86,0.0,-5,26,78,1.5
El Alto,2026-09-21 12:00:00,89,0.0,-4,26,97,0.7
El Alto,2026-09-21 12:00:00,92,0.0,9,26,328,0.7
El Alto,2026-09-21 12:00:00,95,0.0,13,26,18,3.7
El Alto,2026-09-21 12:00:00,98,0.0,20,36,63,6.7
El Alto,2026-09-21 12:00:00,101,0.0,20,36,61,5.8
El Alto,2026-09-21 12:00:00,104,0.0,9,26,52,4.7
El Alto,2026-09-21 12:00:00,107,0.0,-3,26,32,3.4
El Alto,2026-09-21 12:00:00,110,0.0,-3,26,8,1.9
El Puente,2026-09-21 12:00:00,2,0.0,37,36,310,5.0
El Puente,2026-09-21 12:00:00,5,0.0,37,36,340,4.3
El Puente,2026-09-21 12:00:00,8,0.0,32,36,360,3.6
El Puente,2026-09-21 12:00:00,11,0.0,25,36,359,2.9
El Puente,2026-09-21 12:00:00,14,1.4,20,89,349,2.2
El Puente,2026-09-21 12:00:00,17,1.5,20,89,59,2.0
El Puente,2026-09-21 12:00:00,20,2.3,23,89,130,2.1
El Puente,2026-09-21 12:00:00,23,1.4,27,89,150,2.8
El Puente,2026-09-21 12:00:00,26,0.0,29,56,160,3.5
El Puente,2026-09-21 12:00:00,29,0.0,29,56,152,2.3
El Puente,2026-09-21 12:00:00,32,0.0,26,57,143,1.0
El Puente,2026-09-21 12:00:00,35,0.0,21,56,152,1.2
El Puente,2026-09-21 12:00:00,38,0.0,18,56,160,1.4
El Puente,2026-09-21 12:00:00,41,0.0,18,56,140,2.8
El Puente,2026-09-21 12:00:00,44,0.0,20,56,140,3.4
El Puente,2026-09-21 12:00:00,47,0.0,23,56,186,2.2
El Puente,2026-09-21 12:00:00,50,0.0,27,56,230,1.0
El Puente,2026-09-21 12:00:00,53,0.0,27,56,204,1.3
El Puente,2026-09-21 12:00:00,56,0.0,24,57,174,1.4
El Puente,2026-09-21 12:00:00,59,0.0,21,56,160,1.4
El Puente,2026-09-21 12:00:00,62,0.0,19,56,136,1.3
El Puente,2026-09-21 12:00:00,65,0.0,19,57,180,0.6
El Puente,2026-09-21 12:00:00,68,0.0,22,57,227,0.5
El Puente,2026-09-21 12:00:00,71,0.0,26,56,268,1.8
El Puente,2026-09-21 12:00:00,74,0.0,29,36,310,3.1
El Puente,2026-09-21 12:00:00,77,0.0,29,36,312,2.2
El Puente,2026-09-21 12:00:00,80,0.0,26,26,314,1.2
El Puente,2026-09-21 12:00:00,83,0.0,23,26,336,1.0
El Puente,2026-09-21 12:00:00,86,0.0,21,35,352,0.8
El Puente,2026-09-21 12:00:00,89,0.0,21,35,6,1.6
El Puente,2026-09-21 12:00:00,92,0.0,25,35,350,2.1
El Puente,2026-09-21 12:00:00,95,0.0,28,36,330,2.5
El Puente,2026-09-21 12:00:00,98,0.0,32,56,310,3.1
El Puente,2026-09-21 12:00:00,101,0.0,32,56,339,2.3
El Puente,2026-09-21 12:00:00,104,0.0,27,36,2,1.6
El Puente,2026-09-21 12:00:00,107,0.0,22,36,12,1.6
El Puente,2026-09-21 12:00:00,110,0.0,22,26,19,1.7
El Villar,2026-09-21 12:00:00,2,0.0,29,36,50,2.6
El Villar,2026-09-21 12:00:00,5,0.0,29,37,126,2.5
El Villar,2026-09-21 12:00:00,8,0.0,22,56,229,2.4
El Villar,2026-09-21 12:00:00,11,0.0,15,56,209,1.6
El Villar,2026-09-21 12:00:00,14,1.8,10,90,189,0.8
El Villar,2026-09-21 12:00:00,17,1.9,10,89,143,1.1
El Villar,2026-09-21 12:00:00,20,1.4,14,88,67,1.4
El Villar,2026-09-21 12:00:00,23,1.4,20,88,85,2.0
El Villar,2026-09-21 12:00:00,26,0.0,28,56,95,2.5
El Villar,2026-09-21 12:00:00,29,0.0,28,56,80,1.8
El Villar,2026-09-21 12:00:00,32,0.0,19,56,61,1.2
El Villar,2026-09-21 12:00:00,35,0.0,12,56,67,1.2
El Villar,2026-09-21 12:00:00,38,0.0,6,36,67,1.2
El Villar,2026-09-21 12:00:00,41,0.0,6,36,63,1.1
El Villar,2026-09-21 12:00:00,44,0.0,13,36,37,0.9
El Villar,2026-09-21 12:00:00,47,0.0,19,36,67,2.1
El Villar,2026-09-21 12:00:00,50,0.0,22,26,89,3.3
El Villar,2026-09-21 12:00:00,53,0.0,22,26,106,2.0
El Villar,2026-09-21 12:00:00,56,0.0,17,26,125,0.7
El Villar,2026-09-21 12:00:00,59,0.0,12,26,202,0.9
El Villar,2026-09-21 12:00:00,62,0.0,7,26,282,1.1
El Villar,2026-09-21 12:00:00,65,0.0,7,26,345,1.2
El Villar,2026-09-21 12:00:00,68,0.0,12,26,33,0.8
El Villar,2026-09-21 12:00:00,71,0.0,20,26,65,2.0
El Villar,2026-09-21 12:00:00,74,0.0,26,35,95,3.3
El Villar,2026-09-21 12:00:00,77,0.0,26,36,68,2.0
El Villar,2026-09-21 12:00:00,80,0.0,17,26,302,0.6
El Villar,2026-09-21 12:00:00,83,0.0,12,26,291,1.1
El Villar,2026-09-21 12:00:00,86,0.0,7,26,271,1.7
El Villar,2026-09-21 12:00:00,89,0.0,7,27,252,1.3
El Villar,2026-09-21 12:00:00,92,0.0,17,26,78,0.7
El Villar,2026-09-21 12:00:00,95,0.0,21,26,73,2.4
El Villar,2026-09-21 12:00:00,98,0.0,26,37,65,4.1
El Villar,2026-09-21 12:00:00,101,0.0,26,36,347,2.6
El Villar,2026-09-21 12:00:00,104,0.0,20,26,260,1.1
El Villar,2026-09-21 12:00:00,107,0.0,8,27,269,1.5
El Villar,2026-09-21 12:00:00,110,0.0,8,26,270,2.0
Filadelfia - PD,2026-09-21 12:00:00,2,0.0,36,36,330,2.9
Filadelfia - PD,2026-09-21 12:00:00,5,0.0,36,37,332,2.3
Filadelfia - PD,2026-09-21 12:00:00,8,0.0,32,26,325,1.6
Filadelfia - PD,2026-09-21 12:00:00,11,0.0,28,27,323,1.5
Filadelfia - PD,2026-09-21 12:00:00,14,0.0,25,35,320,1.5
Filadelfia - PD,2026-09-21 12:00:00,17,0.0,25,36,278,1.1
Filadelfia - PD,2026-09-21 12:00:00,20,0.0,27,36,298,1.1
Filadelfia - PD,2026-09-21 12:00:00,23,0.0,30,36,318,1.9
Filadelfia - PD,2026-09-21 12:00:00,26,2.3,36,77,330,2.7
Filadelfia - PD,2026-09-21 12:00:00,29,2.3,36,76,331,2.7
Filadelfia - PD,2026-09-21 12:00:00,32,0.0,31,56,330,2.7
Filadelfia - PD,2026-09-21 12:00:00,35,0.0,27,56,320,1.9
Filadelfia - PD,2026-09-21 12:00:00,38,0.0,24,56,306,1.1
Filadelfia - PD,2026-09-21 12:00:00,41,0.0,24,56,300,1.3
Filadelfia - PD,2026-09-21 12:00:00,44,0.0,28,56,284,1.2
Filadelfia - PD,2026-09-21 12:00:00,47,0.0,32,56,310,1.7
Filadelfia - PD,2026-09-21 12:00:00,50,1.7,35,76,330,2.2
Filadelfia - PD,2026-09-21 12:00:00,53,3.0,35,76,350,2.0
Filadelfia - PD,2026-09-21 12:00:00,56,0.0,30,55,360,1.7
Filadelfia - PD,2026-09-21 12:00:00,59,0.0,28,56,350,1.6
Filadelfia - PD,2026-09-21 12:00:00,62,0.0,24,56,330,1.6
Filadelfia - PD,2026-09-21 12:00:00,65,0.0,24,56,329,1.5
Filadelfia - PD,2026-09-21 12:00:00,68,0.0,26,57,309,1.7
Filadelfia - PD,2026-09-21 12:00:00,71,0.0,29,56,320,2.0
Filadelfia - PD,2026-09-21 12:00:00,74,1.0,32,84,331,2.3
Filadelfia - PD,2026-09-21 12:00:00,77,1.1,32,83,343,1.6
Filadelfia - PD,2026-09-21 12:00:00,80,0.0,28,36,353,1.0
Filadelfia - PD,2026-09-21 12:00:00,83,0.0,24,36,330,1.0
Filadelfia - PD,2026-09-21 12:00:00,86,0.0,24,37,300,1.0
Filadelfia - PD,2026-09-21 12:00:00,89,0.0,29,36,328,1.7
Filadelfia - PD,2026-09-21 12:00:00,92,0.0,30,36,310,1.9
Filadelfia - PD,2026-09-21 12:00:00,95,0.0,34,36,298,2.0
Filadelfia - PD,2026-09-21 12:00:00,98,0.0,37,57,278,2.0
Filadelfia - PD,2026-09-21 12:00:00,101,0.0,34,56,300,1.5
Filadelfia - PD,2026-09-21 12:00:00,104,0.0,31,36,318,1.1
Filadelfia - PD,2026-09-21 12:00:00,107,0.0,28,35,318,1.3
Filadelfia - PD,2026-09-21 12:00:00,110,0.0,26,26,310,1.4
Guayaramerin,2026-09-21 12:00:00,2,1.9,38,76,327,2.9
Guayaramerin,2026-09-21 12:00:00,5,2.5,38,76,277,1.8
Guayaramerin,2026-09-21 12:00:00,8,0.0,32,37,224,0.7
Guayaramerin,2026-09-21 12:00:00,11,0.0,28,36,284,1.0
Guayaramerin,2026-09-21 12:00:00,14,0.0,24,36,343,1.3
Guayaramerin,2026-09-21 12:00:00,17,0.0,24,37,315,1.0
Guayaramerin,2026-09-21 12:00:00,20,0.0,27,35,304,1.4
Guayaramerin,2026-09-21 12:00:00,23,0.0,30,36,290,2.1
Guayaramerin,2026-09-21 12:00:00,26,0.7,38,78,270,2.7
Guayaramerin,2026-09-21 12:00:00,29,0.8,38,79,244,1.9
Guayaramerin,2026-09-21 12:00:00,32,0.0,32,57,211,1.0
Guayaramerin,2026-09-21 12:00:00,35,0.0,27,55,219,1.1
Guayaramerin,2026-09-21 12:00:00,38,2.4,23,84,20,1.1
Guayaramerin,2026-09-21 12:00:00,41,2.8,23,84,224,0.5
Guayaramerin,2026-09-21 12:00:00,44,0.9,26,85,222,0.6
Guayaramerin,2026-09-21 12:00:00,47,2.7,30,84,256,1.5
Guayaramerin,2026-09-21 12:00:00,50,0.0,34,56,282,2.4
Guayaramerin,2026-09-21 12:00:00,53,0.0,34,56,270,1.6
Guayaramerin,2026-09-21 12:00:00,56,0.0,30,56,250,0.8
Guayaramerin,2026-09-21 12:00:00,59,0.0,26,56,300,1.0
Guayaramerin,2026-09-21 12:00:00,62,0.0,24,36,340,1.3
Guayaramerin,2026-09-21 12:00:00,65,0.0,24,36,320,1.1
Guayaramerin,2026-09-21 12:00:00,68,0.0,28,36,310,1.1
Guayaramerin,2026-09-21 12:00:00,71,0.0,32,36,320,1.5
Guayaramerin,2026-09-21 12:00:00,74,0.0,37,55,320,1.8
Guayaramerin,2026-09-21 12:00:00,77,0.0,37,56,348,2.0
Guayaramerin,2026-09-21 12:00:00,80,0.0,30,36,7,2.1
Guayaramerin,2026-09-21 12:00:00,83,0.0,24,36,360,1.7
Guayaramerin,2026-09-21 12:00:00,86,0.0,24,36,352,1.2
Guayaramerin,2026-09-21 12:00:00,89,0.0,28,36,343,1.5
Guayaramerin,2026-09-21 12:00:00,92,0.0,31,36,333,1.6
Guayaramerin,2026-09-21 12:00:00,95,0.0,35,37,353,1.6
Guayaramerin,2026-09-21 12:00:00,98,0.0,40,36,3,1.6
Guayaramerin,2026-09-21 12:00:00,101,0.0,35,37,313,1.5
Guayaramerin,2026-09-21 12:00:00,104,0.0,30,36,260,1.4
Guayaramerin,2026-09-21 12:00:00,107,0.0,28,37,312,1.4
Guayaramerin,2026-09-21 12:00:00,110,0.0,27,26,2,1.3
Guayaramerin_M (GPRS),2026-09-21 12:00:00,2,1.0,37,76,300,2.7
Guayaramerin_M (GPRS),2026-09-21 12:00:00,5,1.0,37,75,261,1.9
Guayaramerin_M (GPRS),2026-09-21 12:00:00,8,0.0,31,35,222,1.1
Guayaramerin_M (GPRS),2026-09-21 12:00:00,11,0.0,27,36,281,1.1
Guayaramerin_M (GPRS),2026-09-21 12:00:00,14,0.0,23,35,331,1.2
Guayaramerin_M (GPRS),2026-09-21 12:00:00,17,0.0,23,36,321,1.3
Guayaramerin_M (GPRS),2026-09-21 12:00:00,20,0.0,27,36,282,1.6
Guayaramerin_M (GPRS),2026-09-21 12:00:00,23,0.0,31,35,272,2.4
Guayaramerin_M (GPRS),2026-09-21 12:00:00,26,0.8,37,80,260,3.2
Guayaramerin_M (GPRS),2026-09-21 12:00:00,29,0.6,37,78,309,2.2
Guayaramerin_M (GPRS),2026-09-21 12:00:00,32,0.0,31,55,358,1.2
Guayaramerin_M (GPRS),2026-09-21 12:00:00,35,0.0,26,56,20,1.2
Guayaramerin_M (GPRS),2026-09-21 12:00:00,38,1.0,22,84,41,1.2
Guayaramerin_M (GPRS),2026-09-21 12:00:00,41,3.6,22,84,345,0.4
Guayaramerin_M (GPRS),2026-09-21 12:00:00,44,2.5,25,84,294,0.3
Guayaramerin_M (GPRS),2026-09-21 12:00:00,47,2.9,29,84,292,1.3
Guayaramerin_M (GPRS),2026-09-21 12:00:00,50,0.0,33,56,289,2.3
Guayaramerin_M (GPRS),2026-09-21 12:00:00,53,0.0,33,56,280,1.6
Guayaramerin_M (GPRS),2026-09-21 12:00:00,56,0.0,29,56,262,0.9
Guayaramerin_M (GPRS),2026-09-21 12:00:00,59,0.0,26,56,302,1.3
Guayaramerin_M (GPRS),2026-09-21 12:00:00,62,0.0,23,36,341,1.6
Guayaramerin_M (GPRS),2026-09-21 12:00:00,65,0.0,23,36,312,1.3
Guayaramerin_M (GPRS),2026-09-21 12:00:00,68,0.0,27,37,301,1.4
Guayaramerin_M (GPRS),2026-09-21 12:00:00,71,0.0,32,37,320,1.8
Guayaramerin_M (GPRS),2026-09-21 12:00:00,74,0.0,36,56,330,2.1
Guayaramerin_M (GPRS),2026-09-21 12:00:00,77,0.0,36,56,352,1.9
Guayaramerin_M (GPRS),2026-09-21 12:00:00,80,0.0,29,36,12,1.7
Guayaramerin_M (GPRS),2026-09-21 12:00:00,83,0.0,23,36,360,1.5
Guayaramerin_M (GPRS),2026-09-21 12:00:00,86,0.0,23,36,339,1.4
Guayaramerin_M (GPRS),2026-09-21 12:00:00,89,0.0,28,36,340,1.6
Guayaramerin_M (GPRS),2026-09-21 12:00:00,92,0.0,31,36,330,1.7
Guayaramerin_M (GPRS),2026-09-21 12:00:00,95,0.0,35,37,350,1.6
Guayaramerin_M (GPRS),2026-09-21 12:00:00,98,0.0,40,36,1,1.6
Guayaramerin_M (GPRS),2026-09-21 12:00:00,101,0.0,35,36,320,1.4
Guayaramerin_M (GPRS),2026-09-21 12:00:00,104,0.0,31,36,269,1.2
Guayaramerin_M (GPRS),2026-09-21 12:00:00,107,0.0,29,36,309,1.3
Guayaramerin_M (GPRS),2026-09-21 12:00:00,110,0.0,27,26,339,1.3
Incapampa,2026-09-21 12:00:00,2,0.0,29,35,17,2.8
Incapampa,2026-09-21 12:00:00,5,0.0,29,36,358,2.4
Incapampa,2026-09-21 12:00:00,8,2.3,26,76,332,2.0
Incapampa,2026-09-21 12:00:00,11,2.1,21,76,275,2.0
Incapampa,2026-09-21 12:00:00,14,0.0,16,55,211,2.1
Incapampa,2026-09-21 12:00:00,17,0.0,16,56,179,1.5
Incapampa,2026-09-21 12:00:00,20,0.0,19,56,151,0.8
Incapampa,2026-09-21 12:00:00,23,0.0,22,56,74,1.5
Incapampa,2026-09-21 12:00:00,26,1.8,29,84,349,2.2
Incapampa,2026-09-21 12:00:00,29,2.3,29,84,294,1.9
Incapampa,2026-09-21 12:00:00,32,1.9,24,89,233,1.5
Incapampa,2026-09-21 12:00:00,35,2.3,20,89,219,1.6
Incapampa,2026-09-21 12:00:00,38,0.0,13,26,204,1.8
Incapampa,2026-09-21 12:00:00,41,0.0,13,26,144,1.0
Incapampa,2026-09-21 12:00:00,44,0.0,19,26,55,0.4
Incapampa,2026-09-21 12:00:00,47,0.0,22,26,36,1.4
Incapampa,2026-09-21 12:00:00,50,0.0,27,26,10,2.4
Incapampa,2026-09-21 12:00:00,53,0.0,27,26,335,1.5
Incapampa,2026-09-21 12:00:00,56,0.0,21,26,290,0.6
Incapampa,2026-09-21 12:00:00,59,0.0,18,26,252,0.9
Incapampa,2026-09-21 12:00:00,62,0.0,15,55,205,1.2
Incapampa,2026-09-21 12:00:00,65,0.0,15,57,137,0.9
Incapampa,2026-09-21 12:00:00,68,0.0,18,55,46,0.6
Incapampa,2026-09-21 12:00:00,71,0.0,21,56,14,1.6
Incapampa,2026-09-21 12:00:00,74,0.0,28,56,13,2.6
Incapampa,2026-09-21 12:00:00,77,0.0,28,56,328,1.6
Incapampa,2026-09-21 12:00:00,80,0.0,21,37,280,0.6
Incapampa,2026-09-21 12:00:00,83,0.0,18,36,241,0.8
Incapampa,2026-09-21 12:00:00,86,0.0,15,56,192,1.1
Incapampa,2026-09-21 12:00:00,89,0.0,15,56,175,1.0
Incapampa,2026-09-21 12:00:00,92,0.0,19,56,139,0.5
Incapampa,2026-09-21 12:00:00,95,0.0,23,56,81,1.6
Incapampa,2026-09-21 12:00:00,98,1.2,30,76,14,2.7
Incapampa,2026-09-21 12:00:00,101,1.2,30,76,304,2.2
Incapampa,2026-09-21 12:00:00,104,0.0,19,36,224,1.7
Incapampa,2026-09-21 12:00:00,107,0.0,16,36,221,2.1
Incapampa,2026-09-21 12:00:00,110,0.0,16,26,209,2.3
Ixiamas,2026-09-21 12:00:00,2,0.0,34,36,312,4.4
Ixiamas,2026-09-21 12:00:00,5,0.0,34,37,301,3.0
Ixiamas,2026-09-21 12:00:00,8,0.0,30,27,287,1.5
Ixiamas,2026-09-21 12:00:00,11,0.0,26,26,299,1.4
Ixiamas,2026-09-21 12:00:00,14,0.0,21,37,308,1.2
Ixiamas,2026-09-21 12:00:00,17,0.0,21,37,278,1.5
Ixiamas,2026-09-21 12:00:00,20,0.0,25,36,276,1.4
Ixiamas,2026-09-21 12:00:00,23,0.0,29,36,299,2.9
Ixiamas,2026-09-21 12:00:00,26,0.0,33,57,320,4.4
Ixiamas,2026-09-21 12:00:00,29,0.0,33,57,309,2.8
Ixiamas,2026-09-21 12:00:00,32,1.4,29,83,288,1.1
Ixiamas,2026-09-21 12:00:00,35,2.5,23,84,240,1.0
Ixiamas,2026-09-21 12:00:00,38,0.0,18,26,183,0.9
Ixiamas,2026-09-21 12:00:00,41,0.0,18,26,138,1.0
Ixiamas,2026-09-21 12:00:00,44,0.0,24,26,140,1.3
Ixiamas,2026-09-21 12:00:00,47,0.0,27,26,70,1.9
Ixiamas,2026-09-21 12:00:00,50,0.0,30,26,350,2.6
Ixiamas,2026-09-21 12:00:00,53,0.0,30,26,299,1.7
Ixiamas,2026-09-21 12:00:00,56,0.0,27,26,248,0.7
Ixiamas,2026-09-21 12:00:00,59,0.0,24,27,239,0.9
Ixiamas,2026-09-21 12:00:00,62,2.3,21,76,229,1.2
Ixiamas,2026-09-21 12:00:00,65,0.8,21,76,277,0.9
Ixiamas,2026-09-21 12:00:00,68,2.3,23,75,316,0.8
Ixiamas,2026-09-21 12:00:00,71,1.4,27,75,318,2.1
Ixiamas,2026-09-21 12:00:00,74,0.0,31,56,319,3.3
Ixiamas,2026-09-21 12:00:00,77,0.0,31,56,279,2.3
Ixiamas,2026-09-21 12:00:00,80,0.0,27,37,239,1.2
Ixiamas,2026-09-21 12:00:00,83,0.0,23,37,239,1.3
Ixiamas,2026-09-21 12:00:00,86,0.0,21,36,238,1.4
Ixiamas,2026-09-21 12:00:00,89,0.0,21,37,280,1.1
Ixiamas,2026-09-21 12:00:00,92,0.0,26,36,318,1.0
Ixiamas,2026-09-21 12:00:00,95,0.0,30,37,320,1.9
Ixiamas,2026-09-21 12:00:00,98,1.6,33,77,321,2.8
Ixiamas,2026-09-21 12:00:00,101,1.0,33,76,288,2.0
Ixiamas,2026-09-21 12:00:00,104,0.0,27,36,248,1.2
Ixiamas,2026-09-21 12:00:00,107,0.0,22,36,258,1.3
Ixiamas,2026-09-21 12:00:00,110,0.0,22,25,268,1.3
Jesús de Machaca,2026-09-21 12:00:00,2,0.0,18,36,335,5.2
Jesús de Machaca,2026-09-21 12:00:00,5,0.0,18,36,293,4.4
Jesús de Machaca,2026-09-21 12:00:00,8,0.0,14,26,245,3.5
Jesús de Machaca,2026-09-21 12:00:00,11,0.0,8,26,195,2.5
Jesús de Machaca,2026-09-21 12:00:00,14,0.0,-8,26,140,1.5
Jesús de Machaca,2026-09-21 12:00:00,17,0.0,-8,26,142,1.5
Jesús de Machaca,2026-09-21 12:00:00,20,0.0,5,26,147,0.4
Jesús de Machaca,2026-09-21 12:00:00,23,0.0,12,26,179,2.8
Jesús de Machaca,2026-09-21 12:00:00,26,0.0,19,36,338,5.1
Jesús de Machaca,2026-09-21 12:00:00,29,0.0,19,36,311,3.6
Jesús de Machaca,2026-09-21 12:00:00,32,0.0,11,36,278,2.1
Jesús de Machaca,2026-09-21 12:00:00,35,0.0,3,36,324,1.7
Jesús de Machaca,2026-09-21 12:00:00,38,0.0,-9,36,54,1.1
Jesús de Machaca,2026-09-21 12:00:00,41,0.0,-9,26,353,1.3
Jesús de Machaca,2026-09-21 12:00:00,44,0.0,5,26,325,1.1
Jesús de Machaca,2026-09-21 12:00:00,47,0.0,13,26,323,2.0
Jesús de Machaca,2026-09-21 12:00:00,50,0.0,20,26,316,2.8
Jesús de Machaca,2026-09-21 12:00:00,53,0.0,20,26,356,2.2
Jesús de Machaca,2026-09-21 12:00:00,56,0.0,12,27,33,1.6
Jesús de Machaca,2026-09-21 12:00:00,59,0.0,6,26,103,1.8
Jesús de Machaca,2026-09-21 12:00:00,62,0.0,-9,26,167,2.0
Jesús de Machaca,2026-09-21 12:00:00,65,0.0,-8,26,161,1.8
Jesús de Machaca,2026-09-21 12:00:00,68,0.0,7,26,178,1.6
Jesús de Machaca,2026-09-21 12:00:00,71,0.0,15,26,160,2.2
Jesús de Machaca,2026-09-21 12:00:00,74,0.0,20,36,142,2.9
Jesús de Machaca,2026-09-21 12:00:00,77,0.0,20,36,85,3.5
Jesús de Machaca,2026-09-21 12:00:00,80,0.0,11,26,25,4.0
Jesús de Machaca,2026-09-21 12:00:00,83,0.0,-2,26,37,2.9
Jesús de Machaca,2026-09-21 12:00:00,86,0.0,-9,26,44,1.7
Jesús de Machaca,2026-09-21 12:00:00,89,0.0,-9,25,13,1.6
Jesús de Machaca,2026-09-21 12:00:00,92,0.0,9,26,3,1.5
Jesús de Machaca,2026-09-21 12:00:00,95,0.0,14,25,10,3.5
Jesús de Machaca,2026-09-21 12:00:00,98,0.0,21,36,17,5.5
Jesús de Machaca,2026-09-21 12:00:00,101,0.0,21,36,10,4.5
Jesús de Machaca,2026-09-21 12:00:00,104,0.0,10,26,357,3.5
Jesús de Machaca,2026-09-21 12:00:00,107,0.0,-8,26,8,2.8
Jesús de Machaca,2026-09-21 12:00:00,110,0.0,-8,26,18,2.1
Kocani,2026-09-21 12:00:00,2,0.0,13,26,310,9.8
Kocani,2026-09-21 12:00:00,5,0.0,13,26,290,7.8
Kocani,2026-09-21 12:00:00,8,0.0,9,26,267,5.7
Kocani,2026-09-21 12:00:00,11,0.0,3,26,266,3.6
Kocani,2026-09-21 12:00:00,14,0.0,-4,26,263,1.5
Kocani,2026-09-21 12:00:00,17,0.0,-4,26,321,2.4
Kocani,2026-09-21 12:00:00,20,0.0,3,26,317,2.2
Kocani,2026-09-21 12:00:00,23,0.0,8,27,314,5.3
Kocani,2026-09-21 12:00:00,26,0.0,15,26,300,8.4
Kocani,2026-09-21 12:00:00,29,0.0,15,26,288,6.4
Kocani,2026-09-21 12:00:00,32,0.0,9,27,269,4.5
Kocani,2026-09-21 12:00:00,35,0.0,3,26,259,3.6
Kocani,2026-09-21 12:00:00,38,0.0,-4,26,243,2.7
Kocani,2026-09-21 12:00:00,41,0.0,-4,27,288,1.9
Kocani,2026-09-21 12:00:00,44,0.0,5,26,305,1.6
Kocani,2026-09-21 12:00:00,47,0.0,10,26,295,3.4
Kocani,2026-09-21 12:00:00,50,0.0,16,26,285,5.1
Kocani,2026-09-21 12:00:00,53,0.0,16,26,315,4.0
Kocani,2026-09-21 12:00:00,56,0.0,12,26,340,2.8
Kocani,2026-09-21 12:00:00,59,0.0,6,26,0,2.1
Kocani,2026-09-21 12:00:00,62,0.0,-3,26,15,1.4
Kocani,2026-09-21 12:00:00,65,0.0,-3,26,289,1.5
Kocani,2026-09-21 12:00:00,68,0.0,4,26,326,1.3
Kocani,2026-09-21 12:00:00,71,0.0,11,26,309,2.1
Kocani,2026-09-21 12:00:00,74,0.0,16,26,290,3.0
Kocani,2026-09-21 12:00:00,77,0.0,16,26,346,3.3
Kocani,2026-09-21 12:00:00,80,0.0,10,27,41,3.7
Kocani,2026-09-21 12:00:00,83,0.0,3,27,52,2.4
Kocani,2026-09-21 12:00:00,86,0.0,-3,26,54,1.1
Kocani,2026-09-21 12:00:00,89,0.0,-3,27,204,1.1
Kocani,2026-09-21 12:00:00,92,0.0,7,26,250,1.1
Kocani,2026-09-21 12:00:00,95,0.0,12,26,275,3.1
Kocani,2026-09-21 12:00:00,98,0.0,16,26,294,5.0
Kocani,2026-09-21 12:00:00,101,0.0,16,26,346,4.3
Kocani,2026-09-21 12:00:00,104,0.0,11,27,29,3.6
Kocani,2026-09-21 12:00:00,107,0.0,-2,26,37,2.4
Kocani,2026-09-21 12:00:00,110,0.0,-2,26,45,1.2
La Paz - Centro,2026-09-21 12:00:00,2,0.0,21,36,53,4.7
La Paz - Centro,2026-09-21 12:00:00,5,0.0,21,36,49,3.8
La Paz - Centro,2026-09-21 12:00:00,8,0.0,16,26,38,2.9
La Paz - Centro,2026-09-21 12:00:00,11,0.0,11,26,68,2.0
La Paz - Centro,2026-09-21 12:00:00,14,0.0,6,26,90,1.1
La Paz - Centro,2026-09-21 12:00:00,17,0.0,6,26,66,0.8
La Paz - Centro,2026-09-21 12:00:00,20,0.0,11,26,80,0.7
La Paz - Centro,2026-09-21 12:00:00,23,0.0,15,26,70,2.5
La Paz - Centro,2026-09-21 12:00:00,26,0.0,21,36,52,4.4
La Paz - Centro,2026-09-21 12:00:00,29,0.0,21,36,52,3.9
La Paz - Centro,2026-09-21 12:00:00,32,0.0,15,36,42,3.4
La Paz - Centro,2026-09-21 12:00:00,35,0.0,10,36,45,2.4
La Paz - Centro,2026-09-21 12:00:00,38,0.0,5,36,43,1.4
La Paz - Centro,2026-09-21 12:00:00,41,0.0,5,26,111,1.2
La Paz - Centro,2026-09-21 12:00:00,44,0.0,10,26,169,0.8
La Paz - Centro,2026-09-21 12:00:00,47,0.0,15,26,117,2.4
La Paz - Centro,2026-09-21 12:00:00,50,0.0,21,26,62,4.0
La Paz - Centro,2026-09-21 12:00:00,53,0.0,21,26,55,3.4
La Paz - Centro,2026-09-21 12:00:00,56,0.0,15,25,41,2.9
La Paz - Centro,2026-09-21 12:00:00,59,0.0,9,26,45,1.9
La Paz - Centro,2026-09-21 12:00:00,62,0.0,5,26,45,0.9
La Paz - Centro,2026-09-21 12:00:00,65,0.0,5,26,175,0.9
La Paz - Centro,2026-09-21 12:00:00,68,0.0,10,26,82,1.1
La Paz - Centro,2026-09-21 12:00:00,71,0.0,17,26,72,3.1
La Paz - Centro,2026-09-21 12:00:00,74,0.0,21,36,53,5.1
La Paz - Centro,2026-09-21 12:00:00,77,0.0,21,36,50,4.2
La Paz - Centro,2026-09-21 12:00:00,80,0.0,15,26,42,3.3
La Paz - Centro,2026-09-21 12:00:00,83,0.0,10,26,47,2.2
La Paz - Centro,2026-09-21 12:00:00,86,0.0,5,26,42,1.0
La Paz - Centro,2026-09-21 12:00:00,89,0.0,5,26,83,1.0
La Paz - Centro,2026-09-21 12:00:00,92,0.0,12,26,70,1.1
La Paz - Centro,2026-09-21 12:00:00,95,0.0,17,26,62,3.1
La Paz - Centro,2026-09-21 12:00:00,98,0.0,22,36,53,5.1
La Paz - Centro,2026-09-21 12:00:00,101,0.0,22,36,45,4.3
La Paz - Centro,2026-09-21 12:00:00,104,0.0,14,26,32,3.5
La Paz - Centro,2026-09-21 12:00:00,107,0.0,6,26,42,2.3
La Paz - Centro,2026-09-21 12:00:00,110,0.0,6,26,43,1.0
Laguna Colorada (GPRS),2026-09-21 12:00:00,2,0.0,7,27,250,6.5
Laguna Colorada (GPRS),2026-09-21 12:00:00,5,0.0,7,26,250,4.7
Laguna Colorada (GPRS),2026-09-21 12:00:00,8,0.0,4,26,242,2.9
Laguna Colorada (GPRS),2026-09-21 12:00:00,11,0.0,1,26,252,2.4
Laguna Colorada (GPRS),2026-09-21 12:00:00,14,0.0,-2,26,253,1.8
Laguna Colorada (GPRS),2026-09-21 12:00:00,17,0.0,-2,26,228,2.1
Laguna Colorada (GPRS),2026-09-21 12:00:00,20,0.0,2,26,228,2.1
Laguna Colorada (GPRS),2026-09-21 12:00:00,23,0.0,6,25,245,3.9
Laguna Colorada (GPRS),2026-09-21 12:00:00,26,0.0,11,26,252,5.6
Laguna Colorada (GPRS),2026-09-21 12:00:00,29,0.0,11,26,252,4.7
Laguna Colorada (GPRS),2026-09-21 12:00:00,32,0.0,6,26,243,3.7
Laguna Colorada (GPRS),2026-09-21 12:00:00,35,0.0,3,26,235,3.0
Laguna Colorada (GPRS),2026-09-21 12:00:00,38,0.0,-2,26,228,2.3
Laguna Colorada (GPRS),2026-09-21 12:00:00,41,0.0,-2,26,236,2.4
Laguna Colorada (GPRS),2026-09-21 12:00:00,44,0.0,2,26,242,2.0
Laguna Colorada (GPRS),2026-09-21 12:00:00,47,0.0,6,26,242,4.1
Laguna Colorada (GPRS),2026-09-21 12:00:00,50,0.0,12,26,240,6.1
Laguna Colorada (GPRS),2026-09-21 12:00:00,53,0.0,12,26,240,5.1
Laguna Colorada (GPRS),2026-09-21 12:00:00,56,0.0,6,26,240,4.0
Laguna Colorada (GPRS),2026-09-21 12:00:00,59,0.0,3,26,223,2.8
Laguna Colorada (GPRS),2026-09-21 12:00:00,62,0.0,-1,26,205,1.5
Laguna Colorada (GPRS),2026-09-21 12:00:00,65,0.0,-1,26,216,1.5
Laguna Colorada (GPRS),2026-09-21 12:00:00,68,0.0,4,26,199,1.2
Laguna Colorada (GPRS),2026-09-21 12:00:00,71,0.0,8,26,226,3.9
Laguna Colorada (GPRS),2026-09-21 12:00:00,74,0.0,12,26,249,6.7
Laguna Colorada (GPRS),2026-09-21 12:00:00,77,0.0,12,26,242,4.8
Laguna Colorada (GPRS),2026-09-21 12:00:00,80,0.0,7,26,233,3.0
Laguna Colorada (GPRS),2026-09-21 12:00:00,83,0.0,3,26,215,2.4
Laguna Colorada (GPRS),2026-09-21 12:00:00,86,0.0,-1,26,188,1.8
Laguna Colorada (GPRS),2026-09-21 12:00:00,89,0.0,-1,26,208,1.6
Laguna Colorada (GPRS),2026-09-21 12:00:00,92,0.0,5,26,191,1.4
Laguna Colorada (GPRS),2026-09-21 12:00:00,95,0.0,8,26,225,4.5
Laguna Colorada (GPRS),2026-09-21 12:00:00,98,0.0,12,26,249,7.7
Laguna Colorada (GPRS),2026-09-21 12:00:00,101,0.0,12,26,242,4.9
Laguna Colorada (GPRS),2026-09-21 12:00:00,104,0.0,6,26,234,2.1
Laguna Colorada (GPRS),2026-09-21 12:00:00,107,0.0,0,26,149,2.2
Laguna Colorada (GPRS),2026-09-21 12:00:00,110,0.0,0,25,55,2.3
Magdalena,2026-09-21 12:00:00,2,0.0,36,56,307,5.9
Magdalena,2026-09-21 12:00:00,5,0.0,36,56,343,5.0
Magdalena,2026-09-21 12:00:00,8,0.0,32,36,13,4.2
Magdalena,2026-09-21 12:00:00,11,0.0,28,36,3,3.8
Magdalena,2026-09-21 12:00:00,14,1.1,22,89,350,3.4
Magdalena,2026-09-21 12:00:00,17,1.5,22,90,324,3.9
Magdalena,2026-09-21 12:00:00,20,1.8,25,89,297,4.8
Magdalena,2026-09-21 12:00:00,23,0.8,29,89,297,5.9
Magdalena,2026-09-21 12:00:00,26,1.1,32,84,290,7.0
Magdalena,2026-09-21 12:00:00,29,1.9,32,84,344,5.7
Magdalena,2026-09-21 12:00:00,32,2.7,28,89,99,4.3
Magdalena,2026-09-21 12:00:00,35,1.1,25,89,71,3.3
Magdalena,2026-09-21 12:00:00,38,0.0,21,56,35,2.3
Magdalena,2026-09-21 12:00:00,41,0.0,21,56,90,2.3
Magdalena,2026-09-21 12:00:00,44,0.0,23,56,100,2.5
Magdalena,2026-09-21 12:00:00,47,0.0,25,56,77,3.2
Magdalena,2026-09-21 12:00:00,50,0.0,28,56,283,4.0
Magdalena,2026-09-21 12:00:00,53,0.0,28,56,292,2.9
Magdalena,2026-09-21 12:00:00,56,0.0,25,56,299,1.9
Magdalena,2026-09-21 12:00:00,59,0.0,22,56,327,2.3
Magdalena,2026-09-21 12:00:00,62,0.0,19,36,350,2.6
Magdalena,2026-09-21 12:00:00,65,0.0,19,36,337,2.5
Magdalena,2026-09-21 12:00:00,68,0.0,23,36,334,2.5
Magdalena,2026-09-21 12:00:00,71,0.0,28,36,320,3.3
Magdalena,2026-09-21 12:00:00,74,0.0,31,36,296,4.1
Magdalena,2026-09-21 12:00:00,77,0.0,31,36,333,3.2
Magdalena,2026-09-21 12:00:00,80,0.0,26,26,7,2.2
Magdalena,2026-09-21 12:00:00,83,0.0,19,26,17,2.6
Magdalena,2026-09-21 12:00:00,86,0.0,19,36,24,2.9
Magdalena,2026-09-21 12:00:00,89,0.0,32,36,330,2.9
Magdalena,2026-09-21 12:00:00,92,0.0,33,36,323,3.0
Magdalena,2026-09-21 12:00:00,95,0.0,38,36,313,3.2
Magdalena,2026-09-21 12:00:00,98,0.0,42,26,296,3.4
Magdalena,2026-09-21 12:00:00,101,0.0,38,26,340,3.5
Magdalena,2026-09-21 12:00:00,104,0.0,33,26,21,3.6
Magdalena,2026-09-21 12:00:00,107,0.0,32,27,357,3.2
Magdalena,2026-09-21 12:00:00,110,0.0,31,26,330,2.8
Mecapaca,2026-09-21 12:00:00,2,0.0,25,37,61,2.5
Mecapaca,2026-09-21 12:00:00,5,0.0,25,36,73,2.8
Mecapaca,2026-09-21 12:00:00,8,0.0,19,27,77,3.0
Mecapaca,2026-09-21 12:00:00,11,0.0,14,26,82,2.3
Mecapaca,2026-09-21 12:00:00,14,0.0,7,26,83,1.5
Mecapaca,2026-09-21 12:00:00,17,0.0,6,26,109,1.1
Mecapaca,2026-09-21 12:00:00,20,0.0,11,26,105,0.6
Mecapaca,2026-09-21 12:00:00,23,0.0,16,26,98,2.2
Mecapaca,2026-09-21 12:00:00,26,0.0,24,36,83,3.8
Mecapaca,2026-09-21 12:00:00,29,0.0,24,36,74,3.7
Mecapaca,2026-09-21 12:00:00,32,0.0,13,35,64,3.6
Mecapaca,2026-09-21 12:00:00,35,0.0,10,35,78,2.8
Mecapaca,2026-09-21 12:00:00,38,0.0,6,35,88,1.9
Mecapaca,2026-09-21 12:00:00,41,0.0,6,26,18,1.4
Mecapaca,2026-09-21 12:00:00,44,0.0,10,26,276,1.0
Mecapaca,2026-09-21 12:00:00,47,0.0,16,26,182,2.0
Mecapaca,2026-09-21 12:00:00,50,0.0,24,26,109,3.0
Mecapaca,2026-09-21 12:00:00,53,0.0,24,26,103,2.8
Mecapaca,2026-09-21 12:00:00,56,0.0,20,26,92,2.7
Mecapaca,2026-09-21 12:00:00,59,0.0,13,26,103,1.8
Mecapaca,2026-09-21 12:00:00,62,0.0,5,26,104,1.0
Mecapaca,2026-09-21 12:00:00,65,0.0,5,26,151,0.9
Mecapaca,2026-09-21 12:00:00,68,0.0,10,26,139,0.7
Mecapaca,2026-09-21 12:00:00,71,0.0,14,26,119,2.5
Mecapaca,2026-09-21 12:00:00,74,0.0,24,35,93,4.4
Mecapaca,2026-09-21 12:00:00,77,0.0,24,36,83,4.1
Mecapaca,2026-09-21 12:00:00,80,0.0,18,26,64,3.7
Mecapaca,2026-09-21 12:00:00,83,0.0,12,26,78,2.8
Mecapaca,2026-09-21 12:00:00,86,0.0,5,26,88,1.8
Mecapaca,2026-09-21 12:00:00,89,0.0,5,26,98,1.1
Mecapaca,2026-09-21 12:00:00,92,0.0,12,26,90,0.8
Mecapaca,2026-09-21 12:00:00,95,0.0,17,26,89,3.1
Mecapaca,2026-09-21 12:00:00,98,0.0,24,36,83,5.2
Mecapaca,2026-09-21 12:00:00,101,0.0,24,36,73,4.4
Mecapaca,2026-09-21 12:00:00,104,0.0,13,26,53,3.6
Mecapaca,2026-09-21 12:00:00,107,0.0,6,26,54,2.5
Mecapaca,2026-09-21 12:00:00,110,0.0,6,27,49,1.3
Misicuni-Sivingani,2026-09-21 12:00:00,2,0.0,14,36,314,5.9
Misicuni-Sivingani,2026-09-21 12:00:00,5,0.0,14,37,323,5.0
Misicuni-Sivingani,2026-09-21 12:00:00,8,0.0,8,27,330,4.1
Misicuni-Sivingani,2026-09-21 12:00:00,11,0.0,3,26,326,3.8
Misicuni-Sivingani,2026-09-21 12:00:00,14,0.0,-3,36,323,3.5
Misicuni-Sivingani,2026-09-21 12:00:00,17,0.0,-3,36,329,3.4
Misicuni-Sivingani,2026-09-21 12:00:00,20,0.0,6,36,319,3.2
Misicuni-Sivingani,2026-09-21 12:00:00,23,0.0,10,36,322,4.8
Misicuni-Sivingani,2026-09-21 12:00:00,26,2.2,13,89,322,6.4
Misicuni-Sivingani,2026-09-21 12:00:00,29,2.2,13,89,329,6.2
Misicuni-Sivingani,2026-09-21 12:00:00,32,0.0,9,57,328,6.0
Misicuni-Sivingani,2026-09-21 12:00:00,35,0.0,2,56,320,5.8
Misicuni-Sivingani,2026-09-21 12:00:00,38,0.0,-4,37,310,5.6
Misicuni-Sivingani,2026-09-21 12:00:00,41,0.0,-4,37,320,5.2
Misicuni-Sivingani,2026-09-21 12:00:00,44,0.0,3,37,320,4.0
Misicuni-Sivingani,2026-09-21 12:00:00,47,0.0,9,37,321,4.4
Misicuni-Sivingani,2026-09-21 12:00:00,50,0.0,15,36,313,4.9
Misicuni-Sivingani,2026-09-21 12:00:00,53,0.0,15,37,321,5.2
Misicuni-Sivingani,2026-09-21 12:00:00,56,0.0,9,37,321,5.3
Misicuni-Sivingani,2026-09-21 12:00:00,59,0.0,4,37,321,4.2
Misicuni-Sivingani,2026-09-21 12:00:00,62,0.0,-3,25,311,3.0
Misicuni-Sivingani,2026-09-21 12:00:00,65,0.0,-3,27,329,2.4
Misicuni-Sivingani,2026-09-21 12:00:00,68,0.0,4,26,319,2.6
Misicuni-Sivingani,2026-09-21 12:00:00,71,0.0,12,26,327,3.1
Misicuni-Sivingani,2026-09-21 12:00:00,74,0.0,16,56,324,3.5
Misicuni-Sivingani,2026-09-21 12:00:00,77,0.0,16,56,320,3.0
Misicuni-Sivingani,2026-09-21 12:00:00,80,0.0,13,26,312,2.6
Misicuni-Sivingani,2026-09-21 12:00:00,83,0.0,2,26,319,2.5
Misicuni-Sivingani,2026-09-21 12:00:00,86,0.0,-3,27,319,2.3
Misicuni-Sivingani,2026-09-21 12:00:00,89,0.0,-2,27,321,3.1
Misicuni-Sivingani,2026-09-21 12:00:00,92,0.0,9,27,320,2.7
Misicuni-Sivingani,2026-09-21 12:00:00,95,0.0,14,27,313,3.1
Misicuni-Sivingani,2026-09-21 12:00:00,98,0.0,17,36,305,3.4
Misicuni-Sivingani,2026-09-21 12:00:00,101,0.0,17,36,321,3.6
Misicuni-Sivingani,2026-09-21 12:00:00,104,0.0,11,26,330,3.6
Misicuni-Sivingani,2026-09-21 12:00:00,107,0.0,-1,26,337,3.4
Misicuni-Sivingani,2026-09-21 12:00:00,110,0.0,-1,26,337,3.2
Mizque,2026-09-21 12:00:00,2,0.0,31,36,28,6.1
Mizque,2026-09-21 12:00:00,5,0.0,31,37,28,4.0
Mizque,2026-09-21 12:00:00,8,0.0,25,27,18,1.9
Mizque,2026-09-21 12:00:00,11,0.0,17,26,357,1.9
Mizque,2026-09-21 12:00:00,14,0.0,9,36,330,1.8
Mizque,2026-09-21 12:00:00,17,0.0,9,36,55,1.0
Mizque,2026-09-21 12:00:00,20,0.0,15,36,62,1.2
Mizque,2026-09-21 12:00:00,23,0.0,22,36,63,3.6
Mizque,2026-09-21 12:00:00,26,0.0,34,36,60,5.9
Mizque,2026-09-21 12:00:00,29,0.0,34,36,70,4.3
Mizque,2026-09-21 12:00:00,32,0.0,23,36,70,2.7
Mizque,2026-09-21 12:00:00,35,0.0,14,36,72,2.0
Mizque,2026-09-21 12:00:00,38,0.0,7,36,72,1.4
Mizque,2026-09-21 12:00:00,41,0.0,7,27,62,1.4
Mizque,2026-09-21 12:00:00,44,0.0,15,26,45,1.3
Mizque,2026-09-21 12:00:00,47,0.0,21,27,62,3.3
Mizque,2026-09-21 12:00:00,50,0.0,35,26,80,5.3
Mizque,2026-09-21 12:00:00,53,0.0,35,27,70,3.5
Mizque,2026-09-21 12:00:00,56,0.0,24,25,60,1.8
Mizque,2026-09-21 12:00:00,59,0.0,18,26,69,1.5
Mizque,2026-09-21 12:00:00,62,0.0,10,26,69,1.1
Mizque,2026-09-21 12:00:00,65,0.0,10,27,70,1.3
Mizque,2026-09-21 12:00:00,68,0.0,17,26,70,1.5
Mizque,2026-09-21 12:00:00,71,0.0,22,27,80,3.2
Mizque,2026-09-21 12:00:00,74,0.0,36,37,87,4.9
Mizque,2026-09-21 12:00:00,77,0.0,36,37,67,3.4
Mizque,2026-09-21 12:00:00,80,0.0,21,26,40,1.9
Mizque,2026-09-21 12:00:00,83,0.0,14,26,10,1.4
Mizque,2026-09-21 12:00:00,86,0.0,9,26,330,0.9
Mizque,2026-09-21 12:00:00,89,0.0,9,25,7,1.5
Mizque,2026-09-21 12:00:00,92,0.0,19,25,20,1.5
Mizque,2026-09-21 12:00:00,95,0.0,24,25,40,3.4
Mizque,2026-09-21 12:00:00,98,0.0,36,35,60,5.2
Mizque,2026-09-21 12:00:00,101,0.0,36,35,50,3.5
Mizque,2026-09-21 12:00:00,104,0.0,21,25,30,1.8
Mizque,2026-09-21 12:00:00,107,0.0,10,26,8,1.7
Mizque,2026-09-21 12:00:00,110,0.0,10,26,345,1.6
Monteagudo,2026-09-21 12:00:00,2,0.0,35,36,77,4.0
Monteagudo,2026-09-21 12:00:00,5,0.0,35,36,157,3.0
Monteagudo,2026-09-21 12:00:00,8,0.0,25,56,232,1.9
Monteagudo,2026-09-21 12:00:00,11,0.0,19,56,238,1.9
Monteagudo,2026-09-21 12:00:00,14,0.0,13,57,243,1.7
Monteagudo,2026-09-21 12:00:00,17,0.0,13,57,190,1.8
Monteagudo,2026-09-21 12:00:00,20,0.0,16,57,178,2.4
Monteagudo,2026-09-21 12:00:00,23,0.0,19,57,155,1.9
Monteagudo,2026-09-21 12:00:00,26,0.0,23,57,128,1.3
Monteagudo,2026-09-21 12:00:00,29,0.0,23,57,101,1.1
Monteagudo,2026-09-21 12:00:00,32,0.0,19,57,64,0.9
Monteagudo,2026-09-21 12:00:00,35,0.0,14,57,76,0.8
Monteagudo,2026-09-21 12:00:00,38,0.0,10,56,83,0.7
Monteagudo,2026-09-21 12:00:00,41,0.0,11,27,74,0.6
Monteagudo,2026-09-21 12:00:00,44,0.0,17,26,19,0.4
Monteagudo,2026-09-21 12:00:00,47,0.0,23,26,46,1.8
Monteagudo,2026-09-21 12:00:00,50,0.0,26,26,65,3.1
Monteagudo,2026-09-21 12:00:00,53,0.0,26,27,90,2.0
Monteagudo,2026-09-21 12:00:00,56,0.0,22,26,107,0.9
Monteagudo,2026-09-21 12:00:00,59,0.0,16,27,192,1.0
Monteagudo,2026-09-21 12:00:00,62,0.0,10,26,247,1.1
Monteagudo,2026-09-21 12:00:00,65,0.0,10,26,268,0.7
Monteagudo,2026-09-21 12:00:00,68,0.0,16,26,77,0.3
Monteagudo,2026-09-21 12:00:00,71,0.0,23,26,82,1.7
Monteagudo,2026-09-21 12:00:00,74,0.0,29,26,84,3.1
Monteagudo,2026-09-21 12:00:00,77,0.0,29,26,163,2.0
Monteagudo,2026-09-21 12:00:00,80,0.0,20,26,240,0.9
Monteagudo,2026-09-21 12:00:00,83,0.0,14,26,246,1.2
Monteagudo,2026-09-21 12:00:00,86,0.0,10,26,249,1.4
Monteagudo,2026-09-21 12:00:00,89,0.0,11,26,230,1.1
Monteagudo,2026-09-21 12:00:00,92,0.0,22,26,205,0.8
Monteagudo,2026-09-21 12:00:00,95,0.0,26,26,133,2.4
Monteagudo,2026-09-21 12:00:00,98,0.0,30,36,55,4.1
Monteagudo,2026-09-21 12:00:00,101,0.0,30,36,357,3.4
Monteagudo,2026-09-21 12:00:00,104,0.0,26,35,293,2.6
Monteagudo,2026-09-21 12:00:00,107,0.0,12,35,279,2.1
Monteagudo,2026-09-21 12:00:00,110,0.0,12,26,255,1.5
Orinoca,2026-09-21 12:00:00,2,0.0,19,26,301,4.7
Orinoca,2026-09-21 12:00:00,5,0.0,19,26,260,5.2
Orinoca,2026-09-21 12:00:00,8,0.0,14,26,218,5.7
Orinoca,2026-09-21 12:00:00,11,0.0,8,26,168,3.6
Orinoca,2026-09-21 12:00:00,14,0.0,-3,26,112,1.5
Orinoca,2026-09-21 12:00:00,17,0.0,-3,26,288,1.4
Orinoca,2026-09-21 12:00:00,20,0.0,7,26,292,1.3
Orinoca,2026-09-21 12:00:00,23,0.0,12,26,310,2.6
Orinoca,2026-09-21 12:00:00,26,0.0,20,26,321,3.8
Orinoca,2026-09-21 12:00:00,29,0.0,20,26,270,3.3
Orinoca,2026-09-21 12:00:00,32,0.0,12,26,218,2.8
Orinoca,2026-09-21 12:00:00,35,0.0,6,25,216,2.7
Orinoca,2026-09-21 12:00:00,38,0.0,-3,36,208,2.6
Orinoca,2026-09-21 12:00:00,41,0.0,-3,36,305,1.7
Orinoca,2026-09-21 12:00:00,44,0.0,6,36,360,1.3
Orinoca,2026-09-21 12:00:00,47,0.0,12,36,68,1.5
Orinoca,2026-09-21 12:00:00,50,0.0,21,26,159,1.6
Orinoca,2026-09-21 12:00:00,53,0.0,21,26,210,1.3
Orinoca,2026-09-21 12:00:00,56,0.0,15,26,254,0.9
Orinoca,2026-09-21 12:00:00,59,0.0,8,26,240,1.6
Orinoca,2026-09-21 12:00:00,62,0.0,-4,26,215,2.3
Orinoca,2026-09-21 12:00:00,65,0.0,-4,26,220,2.3
Orinoca,2026-09-21 12:00:00,68,0.0,7,26,202,1.3
Orinoca,2026-09-21 12:00:00,71,0.0,14,26,202,2.1
Orinoca,2026-09-21 12:00:00,74,0.0,22,26,195,3.0
Orinoca,2026-09-21 12:00:00,77,0.0,22,27,182,3.3
Orinoca,2026-09-21 12:00:00,80,0.0,13,26,160,3.6
Orinoca,2026-09-21 12:00:00,83,0.0,7,27,238,2.4
Orinoca,2026-09-21 12:00:00,86,0.0,-4,26,315,1.1
Orinoca,2026-09-21 12:00:00,89,0.0,-4,26,328,2.7
Orinoca,2026-09-21 12:00:00,92,0.0,11,25,358,3.0
Orinoca,2026-09-21 12:00:00,95,0.0,15,26,24,2.6
Orinoca,2026-09-21 12:00:00,98,0.0,23,35,43,2.2
Orinoca,2026-09-21 12:00:00,101,0.0,23,36,35,6.6
Orinoca,2026-09-21 12:00:00,104,0.0,11,25,20,11.1
Orinoca,2026-09-21 12:00:00,107,0.0,-3,26,340,6.7
Orinoca,2026-09-21 12:00:00,110,0.0,-3,26,290,2.3
Oruro - Aeropuerto,2026-09-21 12:00:00,2,0.0,19,26,275,4.6
Oruro - Aeropuerto,2026-09-21 12:00:00,5,0.0,19,26,235,4.1
Oruro - Aeropuerto,2026-09-21 12:00:00,8,0.0,12,26,187,3.6
Oruro - Aeropuerto,2026-09-21 12:00:00,11,0.0,5,26,201,2.7
Oruro - Aeropuerto,2026-09-21 12:00:00,14,0.0,-2,26,206,1.7
Oruro - Aeropuerto,2026-09-21 12:00:00,17,0.0,-2,26,298,1.4
Oruro - Aeropuerto,2026-09-21 12:00:00,20,0.0,5,27,7,0.8
Oruro - Aeropuerto,2026-09-21 12:00:00,23,0.0,12,26,322,3.6
Oruro - Aeropuerto,2026-09-21 12:00:00,26,0.0,19,26,275,6.5
Oruro - Aeropuerto,2026-09-21 12:00:00,29,0.0,19,26,219,5.0
Oruro - Aeropuerto,2026-09-21 12:00:00,32,0.0,12,26,159,3.6
Oruro - Aeropuerto,2026-09-21 12:00:00,35,0.0,7,26,167,2.3
Oruro - Aeropuerto,2026-09-21 12:00:00,38,0.0,-2,37,170,1.0
Oruro - Aeropuerto,2026-09-21 12:00:00,41,0.0,-2,35,300,1.9
Oruro - Aeropuerto,2026-09-21 12:00:00,44,0.0,6,36,354,1.5
Oruro - Aeropuerto,2026-09-21 12:00:00,47,0.0,13,35,298,2.5
Oruro - Aeropuerto,2026-09-21 12:00:00,50,0.0,20,26,241,3.4
Oruro - Aeropuerto,2026-09-21 12:00:00,53,0.0,20,26,211,3.1
Oruro - Aeropuerto,2026-09-21 12:00:00,56,0.0,15,26,173,2.7
Oruro - Aeropuerto,2026-09-21 12:00:00,59,0.0,8,26,203,2.4
Oruro - Aeropuerto,2026-09-21 12:00:00,62,0.0,-3,27,225,1.9
Oruro - Aeropuerto,2026-09-21 12:00:00,65,0.0,-3,26,206,1.8
Oruro - Aeropuerto,2026-09-21 12:00:00,68,0.0,9,27,186,1.3
Oruro - Aeropuerto,2026-09-21 12:00:00,71,0.0,15,26,204,3.5
Oruro - Aeropuerto,2026-09-21 12:00:00,74,0.0,21,26,213,5.7
Oruro - Aeropuerto,2026-09-21 12:00:00,77,0.0,21,26,144,6.5
Oruro - Aeropuerto,2026-09-21 12:00:00,80,0.0,12,26,72,7.3
Oruro - Aeropuerto,2026-09-21 12:00:00,83,0.0,6,27,63,4.9
Oruro - Aeropuerto,2026-09-21 12:00:00,86,0.0,-3,26,46,2.6
Oruro - Aeropuerto,2026-09-21 12:00:00,89,0.0,-3,26,15,1.7
Oruro - Aeropuerto,2026-09-21 12:00:00,92,0.0,11,27,345,1.0
Oruro - Aeropuerto,2026-09-21 12:00:00,95,0.0,16,26,357,2.7
Oruro - Aeropuerto,2026-09-21 12:00:00,98,0.0,22,36,2,4.3
Oruro - Aeropuerto,2026-09-21 12:00:00,101,0.0,22,36,57,6.6
Oruro - Aeropuerto,2026-09-21 12:00:00,104,0.0,11,26,110,8.9
Oruro - Aeropuerto,2026-09-21 12:00:00,107,0.0,-2,27,70,5.4
Oruro - Aeropuerto,2026-09-21 12:00:00,110,0.0,-2,26,23,1.9
Oruro - Ciudad,2026-09-21 12:00:00,2,0.0,19,26,238,3.5
Oruro - Ciudad,2026-09-21 12:00:00,5,0.0,19,26,234,5.3
Oruro - Ciudad,2026-09-21 12:00:00,8,0.0,13,26,223,7.1
Oruro - Ciudad,2026-09-21 12:00:00,11,0.0,6,26,211,4.8
Oruro - Ciudad,2026-09-21 12:00:00,14,0.0,-1,26,191,2.5
Oruro - Ciudad,2026-09-21 12:00:00,17,0.0,-1,26,126,2.2
Oruro - Ciudad,2026-09-21 12:00:00,20,0.0,5,26,15,1.6
Oruro - Ciudad,2026-09-21 12:00:00,23,0.0,13,26,337,3.6
Oruro - Ciudad,2026-09-21 12:00:00,26,0.0,20,26,299,5.5
Oruro - Ciudad,2026-09-21 12:00:00,29,0.0,20,26,242,4.8
Oruro - Ciudad,2026-09-21 12:00:00,32,0.0,13,26,183,4.2
Oruro - Ciudad,2026-09-21 12:00:00,35,0.0,5,26,235,3.2
Oruro - Ciudad,2026-09-21 12:00:00,38,0.0,-1,36,278,2.3
Oruro - Ciudad,2026-09-21 12:00:00,41,0.0,-1,36,320,2.9
Oruro - Ciudad,2026-09-21 12:00:00,44,0.0,8,37,348,3.2
Oruro - Ciudad,2026-09-21 12:00:00,47,0.0,13,36,288,2.9
Oruro - Ciudad,2026-09-21 12:00:00,50,0.0,21,27,174,2.6
Oruro - Ciudad,2026-09-21 12:00:00,53,0.0,21,27,166,3.0
Oruro - Ciudad,2026-09-21 12:00:00,56,0.0,15,26,149,3.3
Oruro - Ciudad,2026-09-21 12:00:00,59,0.0,7,26,184,3.7
Oruro - Ciudad,2026-09-21 12:00:00,62,0.0,-2,26,215,4.0
Oruro - Ciudad,2026-09-21 12:00:00,65,0.0,-2,26,197,2.7
Oruro - Ciudad,2026-09-21 12:00:00,68,0.0,9,25,187,2.1
Oruro - Ciudad,2026-09-21 12:00:00,71,0.0,15,26,180,3.4
Oruro - Ciudad,2026-09-21 12:00:00,74,0.0,22,26,167,4.8
Oruro - Ciudad,2026-09-21 12:00:00,77,0.0,22,27,120,6.5
Oruro - Ciudad,2026-09-21 12:00:00,80,0.0,15,26,73,8.3
Oruro - Ciudad,2026-09-21 12:00:00,83,0.0,7,25,41,6.0
Oruro - Ciudad,2026-09-21 12:00:00,86,0.0,-2,26,359,3.7
Oruro - Ciudad,2026-09-21 12:00:00,89,0.0,-2,26,348,3.5
Oruro - Ciudad,2026-09-21 12:00:00,92,0.0,11,26,351,2.8
Oruro - Ciudad,2026-09-21 12:00:00,95,0.0,16,25,0,2.5
Oruro - Ciudad,2026-09-21 12:00:00,98,0.0,23,36,9,2.3
Oruro - Ciudad,2026-09-21 12:00:00,101,0.0,23,36,44,5.4
Oruro - Ciudad,2026-09-21 12:00:00,104,0.0,11,25,73,8.6
Oruro - Ciudad,2026-09-21 12:00:00,107,0.0,-1,26,29,6.6
Oruro - Ciudad,2026-09-21 12:00:00,110,0.0,-1,26,340,4.5
Pailon - Pozo del Tigre,2026-09-21 12:00:00,2,0.0,35,37,320,8.2
Pailon - Pozo del Tigre,2026-09-21 12:00:00,5,0.0,35,36,340,6.9
Pailon - Pozo del Tigre,2026-09-21 12:00:00,8,0.0,30,36,352,5.6
Pailon - Pozo del Tigre,2026-09-21 12:00:00,11,0.0,25,36,352,5.2
Pailon - Pozo del Tigre,2026-09-21 12:00:00,14,1.1,19,90,343,4.7
Pailon - Pozo del Tigre,2026-09-21 12:00:00,17,1.7,19,88,260,3.5
Pailon - Pozo del Tigre,2026-09-21 12:00:00,20,1.6,24,89,190,4.7
Pailon - Pozo del Tigre,2026-09-21 12:00:00,23,1.6,27,89,178,3.6
Pailon - Pozo del Tigre,2026-09-21 12:00:00,26,0.0,29,56,158,2.5
Pailon - Pozo del Tigre,2026-09-21 12:00:00,29,0.0,29,56,170,2.0
Pailon - Pozo del Tigre,2026-09-21 12:00:00,32,0.0,26,56,180,1.5
Pailon - Pozo del Tigre,2026-09-21 12:00:00,35,0.0,22,56,170,2.6
Pailon - Pozo del Tigre,2026-09-21 12:00:00,38,0.0,17,56,160,3.6
Pailon - Pozo del Tigre,2026-09-21 12:00:00,41,0.0,17,56,170,4.0
Pailon - Pozo del Tigre,2026-09-21 12:00:00,44,0.0,21,56,170,4.0
Pailon - Pozo del Tigre,2026-09-21 12:00:00,47,0.0,25,56,208,2.7
Pailon - Pozo del Tigre,2026-09-21 12:00:00,50,0.0,27,56,244,1.4
Pailon - Pozo del Tigre,2026-09-21 12:00:00,53,0.0,27,56,228,1.9
Pailon - Pozo del Tigre,2026-09-21 12:00:00,56,0.0,24,56,213,2.4
Pailon - Pozo del Tigre,2026-09-21 12:00:00,59,0.0,20,56,164,2.0
Pailon - Pozo del Tigre,2026-09-21 12:00:00,62,0.0,18,56,114,1.6
Pailon - Pozo del Tigre,2026-09-21 12:00:00,65,0.0,18,56,90,1.4
Pailon - Pozo del Tigre,2026-09-21 12:00:00,68,0.0,20,56,92,1.7
Pailon - Pozo del Tigre,2026-09-21 12:00:00,71,0.0,25,56,22,3.1
Pailon - Pozo del Tigre,2026-09-21 12:00:00,74,0.0,29,36,304,4.5
Pailon - Pozo del Tigre,2026-09-21 12:00:00,77,0.0,29,36,300,3.5
Pailon - Pozo del Tigre,2026-09-21 12:00:00,80,0.0,25,26,286,2.5
Pailon - Pozo del Tigre,2026-09-21 12:00:00,83,0.0,22,27,310,2.3
Pailon - Pozo del Tigre,2026-09-21 12:00:00,86,0.0,20,36,330,2.0
Pailon - Pozo del Tigre,2026-09-21 12:00:00,89,0.0,20,35,359,2.1
Pailon - Pozo del Tigre,2026-09-21 12:00:00,92,0.0,24,36,350,2.4
Pailon - Pozo del Tigre,2026-09-21 12:00:00,95,0.0,27,36,340,4.3
Pailon - Pozo del Tigre,2026-09-21 12:00:00,98,0.0,32,57,320,6.1
Pailon - Pozo del Tigre,2026-09-21 12:00:00,101,0.0,32,56,327,4.3
Pailon - Pozo del Tigre,2026-09-21 12:00:00,104,0.0,27,36,327,2.5
Pailon - Pozo del Tigre,2026-09-21 12:00:00,107,0.0,21,36,330,2.4
Pailon - Pozo del Tigre,2026-09-21 12:00:00,110,0.0,21,26,333,2.3
Palos Blancos,2026-09-21 12:00:00,2,0.0,32,35,343,2.0
Palos Blancos,2026-09-21 12:00:00,5,0.0,32,36,267,1.7
Palos Blancos,2026-09-21 12:00:00,8,2.6,28,76,188,1.3
Palos Blancos,2026-09-21 12:00:00,11,1.1,24,76,212,1.0
Palos Blancos,2026-09-21 12:00:00,14,0.0,20,55,229,0.8
Palos Blancos,2026-09-21 12:00:00,17,0.0,20,56,203,0.9
Palos Blancos,2026-09-21 12:00:00,20,0.0,22,56,212,0.5
Palos Blancos,2026-09-21 12:00:00,23,0.0,26,56,275,1.2
Palos Blancos,2026-09-21 12:00:00,26,2.5,29,84,335,1.9
Palos Blancos,2026-09-21 12:00:00,29,1.4,29,83,264,1.5
Palos Blancos,2026-09-21 12:00:00,32,1.4,25,89,165,1.1
Palos Blancos,2026-09-21 12:00:00,35,1.4,21,89,139,0.9
Palos Blancos,2026-09-21 12:00:00,38,0.0,17,27,110,0.8
Palos Blancos,2026-09-21 12:00:00,41,0.0,17,25,155,0.7
Palos Blancos,2026-09-21 12:00:00,44,0.0,22,27,142,0.5
Palos Blancos,2026-09-21 12:00:00,47,0.0,24,26,80,1.3
Palos Blancos,2026-09-21 12:00:00,50,0.0,27,26,10,2.0
Palos Blancos,2026-09-21 12:00:00,53,0.0,27,26,83,1.6
Palos Blancos,2026-09-21 12:00:00,56,0.0,25,26,155,1.2
Palos Blancos,2026-09-21 12:00:00,59,0.0,23,26,166,0.9
Palos Blancos,2026-09-21 12:00:00,62,0.0,19,56,176,0.7
Palos Blancos,2026-09-21 12:00:00,65,0.0,19,56,189,0.8
Palos Blancos,2026-09-21 12:00:00,68,0.0,22,56,221,0.4
Palos Blancos,2026-09-21 12:00:00,71,0.0,25,56,236,1.3
Palos Blancos,2026-09-21 12:00:00,74,0.0,29,56,26,2.3
Palos Blancos,2026-09-21 12:00:00,77,0.0,29,56,92,1.6
Palos Blancos,2026-09-21 12:00:00,80,0.0,24,36,156,0.9
Palos Blancos,2026-09-21 12:00:00,83,0.0,22,36,166,0.9
Palos Blancos,2026-09-21 12:00:00,86,0.0,19,56,175,0.8
Palos Blancos,2026-09-21 12:00:00,89,0.0,19,55,193,0.6
Palos Blancos,2026-09-21 12:00:00,92,0.0,23,56,212,0.4
Palos Blancos,2026-09-21 12:00:00,95,0.0,26,55,283,1.1
Palos Blancos,2026-09-21 12:00:00,98,0.9,29,75,353,1.8
Palos Blancos,2026-09-21 12:00:00,101,0.9,29,75,60,1.5
Palos Blancos,2026-09-21 12:00:00,104,0.0,26,36,150,1.2
Palos Blancos,2026-09-21 12:00:00,107,0.0,20,36,167,1.2
Palos Blancos,2026-09-21 12:00:00,110,0.0,20,25,175,1.1
Paniagua_M (GPRS),2026-09-21 12:00:00,2,0.0,32,36,79,1.3
Paniagua_M (GPRS),2026-09-21 12:00:00,5,0.0,32,36,137,1.3
Paniagua_M (GPRS),2026-09-21 12:00:00,8,1.4,28,76,252,1.4
Paniagua_M (GPRS),2026-09-21 12:00:00,11,0.8,24,77,254,1.6
Paniagua_M (GPRS),2026-09-21 12:00:00,14,0.0,21,56,252,1.8
Paniagua_M (GPRS),2026-09-21 12:00:00,17,0.0,21,56,300,1.2
Paniagua_M (GPRS),2026-09-21 12:00:00,20,0.0,23,56,346,0.6
Paniagua_M (GPRS),2026-09-21 12:00:00,23,0.0,26,56,36,0.9
Paniagua_M (GPRS),2026-09-21 12:00:00,26,2.1,30,84,78,1.0
Paniagua_M (GPRS),2026-09-21 12:00:00,29,1.9,30,84,176,1.2
Paniagua_M (GPRS),2026-09-21 12:00:00,32,1.9,27,89,266,1.4
Paniagua_M (GPRS),2026-09-21 12:00:00,35,0.9,23,89,260,1.5
Paniagua_M (GPRS),2026-09-21 12:00:00,38,0.0,18,26,252,1.5
Paniagua_M (GPRS),2026-09-21 12:00:00,41,0.0,18,26,339,0.8
Paniagua_M (GPRS),2026-09-21 12:00:00,44,0.0,23,26,50,0.5
Paniagua_M (GPRS),2026-09-21 12:00:00,47,0.0,26,26,53,1.1
Paniagua_M (GPRS),2026-09-21 12:00:00,50,0.0,28,26,45,1.7
Paniagua_M (GPRS),2026-09-21 12:00:00,53,0.0,28,27,344,1.3
Paniagua_M (GPRS),2026-09-21 12:00:00,56,0.0,25,26,237,1.0
Paniagua_M (GPRS),2026-09-21 12:00:00,59,0.0,23,26,247,1.2
Paniagua_M (GPRS),2026-09-21 12:00:00,62,0.0,20,56,252,1.5
Paniagua_M (GPRS),2026-09-21 12:00:00,65,0.0,20,56,327,0.7
Paniagua_M (GPRS),2026-09-21 12:00:00,68,0.0,23,56,25,0.5
Paniagua_M (GPRS),2026-09-21 12:00:00,71,0.0,25,56,39,1.4
Paniagua_M (GPRS),2026-09-21 12:00:00,74,0.0,31,56,50,2.2
Paniagua_M (GPRS),2026-09-21 12:00:00,77,0.0,31,56,333,1.6
Paniagua_M (GPRS),2026-09-21 12:00:00,80,0.0,26,37,247,1.0
Paniagua_M (GPRS),2026-09-21 12:00:00,83,0.0,23,36,247,1.2
Paniagua_M (GPRS),2026-09-21 12:00:00,86,0.0,20,56,247,1.4
Paniagua_M (GPRS),2026-09-21 12:00:00,89,0.0,20,56,305,0.9
Paniagua_M (GPRS),2026-09-21 12:00:00,92,0.0,23,56,359,0.5
Paniagua_M (GPRS),2026-09-21 12:00:00,95,0.0,28,56,31,0.7
Paniagua_M (GPRS),2026-09-21 12:00:00,98,1.5,32,76,60,0.9
Paniagua_M (GPRS),2026-09-21 12:00:00,101,1.3,32,76,156,1.5
Paniagua_M (GPRS),2026-09-21 12:00:00,104,0.0,24,36,242,2.1
Paniagua_M (GPRS),2026-09-21 12:00:00,107,0.0,21,36,249,1.9
Paniagua_M (GPRS),2026-09-21 12:00:00,110,0.0,21,26,249,1.8
Patacamaya (INIAF),2026-09-21 12:00:00,2,0.0,18,35,308,5.1
Patacamaya (INIAF),2026-09-21 12:00:00,5,0.0,18,35,328,3.9
Patacamaya (INIAF),2026-09-21 12:00:00,8,0.0,13,25,338,2.7
Patacamaya (INIAF),2026-09-21 12:00:00,11,0.0,8,26,348,2.6
Patacamaya (INIAF),2026-09-21 12:00:00,14,0.0,-2,26,349,2.5
Patacamaya (INIAF),2026-09-21 12:00:00,17,0.0,-2,26,350,1.4
Patacamaya (INIAF),2026-09-21 12:00:00,20,0.0,7,26,338,1.4
Patacamaya (INIAF),2026-09-21 12:00:00,23,0.0,11,27,356,3.2
Patacamaya (INIAF),2026-09-21 12:00:00,26,0.0,20,36,6,4.9
Patacamaya (INIAF),2026-09-21 12:00:00,29,0.0,20,36,17,4.4
Patacamaya (INIAF),2026-09-21 12:00:00,32,0.0,13,36,20,3.9
Patacamaya (INIAF),2026-09-21 12:00:00,35,0.0,7,36,10,3.5
Patacamaya (INIAF),2026-09-21 12:00:00,38,0.0,-3,36,360,3.2
Patacamaya (INIAF),2026-09-21 12:00:00,41,0.0,-3,26,350,3.0
Patacamaya (INIAF),2026-09-21 12:00:00,44,0.0,8,26,340,2.8
Patacamaya (INIAF),2026-09-21 12:00:00,47,0.0,12,26,261,2.2
Patacamaya (INIAF),2026-09-21 12:00:00,50,0.0,21,25,182,1.5
Patacamaya (INIAF),2026-09-21 12:00:00,53,0.0,21,27,102,2.3
Patacamaya (INIAF),2026-09-21 12:00:00,56,0.0,14,26,22,3.1
Patacamaya (INIAF),2026-09-21 12:00:00,59,0.0,7,26,0,2.3
Patacamaya (INIAF),2026-09-21 12:00:00,62,0.0,-3,27,329,1.6
Patacamaya (INIAF),2026-09-21 12:00:00,65,0.0,-3,25,237,1.0
Patacamaya (INIAF),2026-09-21 12:00:00,68,0.0,7,27,151,1.6
Patacamaya (INIAF),2026-09-21 12:00:00,71,0.0,13,27,151,3.0
Patacamaya (INIAF),2026-09-21 12:00:00,74,0.0,21,36,141,4.3
Patacamaya (INIAF),2026-09-21 12:00:00,77,0.0,21,36,82,4.1
Patacamaya (INIAF),2026-09-21 12:00:00,80,0.0,12,27,22,3.9
Patacamaya (INIAF),2026-09-21 12:00:00,83,0.0,5,26,11,3.3
Patacamaya (INIAF),2026-09-21 12:00:00,86,0.0,-3,27,360,2.8
Patacamaya (INIAF),2026-09-21 12:00:00,89,0.0,-3,26,10,2.3
Patacamaya (INIAF),2026-09-21 12:00:00,92,0.0,10,26,10,2.0
Patacamaya (INIAF),2026-09-21 12:00:00,95,0.0,14,26,21,3.7
Patacamaya (INIAF),2026-09-21 12:00:00,98,0.0,22,37,31,5.6
Patacamaya (INIAF),2026-09-21 12:00:00,101,0.0,22,36,21,5.7
Patacamaya (INIAF),2026-09-21 12:00:00,104,0.0,11,26,11,5.9
Patacamaya (INIAF),2026-09-21 12:00:00,107,0.0,-2,26,10,4.3
Patacamaya (INIAF),2026-09-21 12:00:00,110,0.0,-2,26,359,2.8
Potosí,2026-09-21 12:00:00,2,0.0,20,36,290,5.3
Potosí,2026-09-21 12:00:00,5,0.0,20,36,289,4.1
Potosí,2026-09-21 12:00:00,8,0.0,15,56,284,2.8
Potosí,2026-09-21 12:00:00,11,0.0,9,56,315,2.2
Potosí,2026-09-21 12:00:00,14,0.0,1,27,340,1.6
Potosí,2026-09-21 12:00:00,17,0.0,1,26,336,2.4
Potosí,2026-09-21 12:00:00,20,0.0,8,27,323,2.8
Potosí,2026-09-21 12:00:00,23,0.0,11,26,301,4.9
Potosí,2026-09-21 12:00:00,26,0.0,21,26,273,7.0
Potosí,2026-09-21 12:00:00,29,0.0,21,27,271,5.4
Potosí,2026-09-21 12:00:00,32,0.0,13,26,265,3.8
Potosí,2026-09-21 12:00:00,35,0.0,8,26,286,3.1
Potosí,2026-09-21 12:00:00,38,0.0,1,26,300,2.5
Potosí,2026-09-21 12:00:00,41,0.0,1,27,306,2.4
Potosí,2026-09-21 12:00:00,44,0.0,8,26,291,2.5
Potosí,2026-09-21 12:00:00,47,0.0,12,26,228,3.2
Potosí,2026-09-21 12:00:00,50,0.0,22,27,164,3.8
Potosí,2026-09-21 12:00:00,53,0.0,22,27,124,2.7
Potosí,2026-09-21 12:00:00,56,0.0,16,27,81,1.6
Potosí,2026-09-21 12:00:00,59,0.0,10,26,23,1.8
Potosí,2026-09-21 12:00:00,62,0.0,2,26,319,1.9
Potosí,2026-09-21 12:00:00,65,0.0,2,26,258,1.9
Potosí,2026-09-21 12:00:00,68,0.0,9,27,235,1.8
Potosí,2026-09-21 12:00:00,71,0.0,14,26,185,3.5
Potosí,2026-09-21 12:00:00,74,0.0,22,26,129,5.1
Potosí,2026-09-21 12:00:00,77,0.0,22,26,89,4.3
Potosí,2026-09-21 12:00:00,80,0.0,14,26,47,3.5
Potosí,2026-09-21 12:00:00,83,0.0,9,26,20,2.7
Potosí,2026-09-21 12:00:00,86,0.0,2,27,343,2.0
Potosí,2026-09-21 12:00:00,89,0.0,2,27,328,1.9
Potosí,2026-09-21 12:00:00,92,0.0,11,26,323,1.3
Potosí,2026-09-21 12:00:00,95,0.0,15,26,27,3.4
Potosí,2026-09-21 12:00:00,98,0.0,22,36,89,5.5
Potosí,2026-09-21 12:00:00,101,0.0,22,36,46,5.1
Potosí,2026-09-21 12:00:00,104,0.0,7,27,354,4.7
Potosí,2026-09-21 12:00:00,107,0.0,3,26,341,3.5
Potosí,2026-09-21 12:00:00,110,0.0,3,27,327,2.3
Potosí Aeropuerto,2026-09-21 12:00:00,2,0.0,18,36,280,7.9
Potosí Aeropuerto,2026-09-21 12:00:00,5,0.0,18,35,290,4.7
Potosí Aeropuerto,2026-09-21 12:00:00,8,0.0,12,56,290,1.4
Potosí Aeropuerto,2026-09-21 12:00:00,11,0.0,7,57,300,1.9
Potosí Aeropuerto,2026-09-21 12:00:00,14,0.0,1,26,309,2.3
Potosí Aeropuerto,2026-09-21 12:00:00,17,0.0,1,26,301,2.6
Potosí Aeropuerto,2026-09-21 12:00:00,20,0.0,7,26,291,3.0
Potosí Aeropuerto,2026-09-21 12:00:00,23,0.0,11,25,291,5.9
Potosí Aeropuerto,2026-09-21 12:00:00,26,0.0,18,26,290,8.7
Potosí Aeropuerto,2026-09-21 12:00:00,29,0.0,18,26,289,5.7
Potosí Aeropuerto,2026-09-21 12:00:00,32,0.0,12,25,279,2.5
Potosí Aeropuerto,2026-09-21 12:00:00,35,0.0,7,25,289,2.9
Potosí Aeropuerto,2026-09-21 12:00:00,38,0.0,1,27,290,3.3
Potosí Aeropuerto,2026-09-21 12:00:00,41,0.0,1,25,280,2.8
Potosí Aeropuerto,2026-09-21 12:00:00,44,0.0,7,25,270,2.4
Potosí Aeropuerto,2026-09-21 12:00:00,47,0.0,12,26,230,3.2
Potosí Aeropuerto,2026-09-21 12:00:00,50,0.0,19,27,190,4.0
Potosí Aeropuerto,2026-09-21 12:00:00,53,0.0,19,25,198,2.7
Potosí Aeropuerto,2026-09-21 12:00:00,56,0.0,15,26,205,1.5
Potosí Aeropuerto,2026-09-21 12:00:00,59,0.0,9,26,247,1.6
Potosí Aeropuerto,2026-09-21 12:00:00,62,0.0,2,27,280,1.7
Potosí Aeropuerto,2026-09-21 12:00:00,65,0.0,2,27,260,2.0
Potosí Aeropuerto,2026-09-21 12:00:00,68,0.0,8,27,231,1.8
Potosí Aeropuerto,2026-09-21 12:00:00,71,0.0,14,25,191,2.7
Potosí Aeropuerto,2026-09-21 12:00:00,74,0.0,19,26,150,3.5
Potosí Aeropuerto,2026-09-21 12:00:00,77,0.0,19,26,109,3.2
Potosí Aeropuerto,2026-09-21 12:00:00,80,0.0,14,27,59,2.8
Potosí Aeropuerto,2026-09-21 12:00:00,83,0.0,9,27,29,2.0
Potosí Aeropuerto,2026-09-21 12:00:00,86,0.0,2,26,359,1.2
Potosí Aeropuerto,2026-09-21 12:00:00,89,0.0,2,25,302,1.3
Potosí Aeropuerto,2026-09-21 12:00:00,92,0.0,11,27,292,1.0
Potosí Aeropuerto,2026-09-21 12:00:00,95,0.0,15,26,232,2.0
Potosí Aeropuerto,2026-09-21 12:00:00,98,0.0,19,36,171,2.9
Potosí Aeropuerto,2026-09-21 12:00:00,101,0.0,19,36,100,3.9
Potosí Aeropuerto,2026-09-21 12:00:00,104,0.0,9,25,20,4.9
Potosí Aeropuerto,2026-09-21 12:00:00,107,0.0,3,26,20,3.3
Potosí Aeropuerto,2026-09-21 12:00:00,110,0.0,3,25,19,1.8
Puerto Rico S,2026-09-21 12:00:00,2,0.0,36,35,304,2.9
Puerto Rico S,2026-09-21 12:00:00,5,0.0,36,36,340,2.5
Puerto Rico S,2026-09-21 12:00:00,8,0.0,32,26,13,2.1
Puerto Rico S,2026-09-21 12:00:00,11,0.0,28,26,356,1.7
Puerto Rico S,2026-09-21 12:00:00,14,0.0,25,36,336,1.3
Puerto Rico S,2026-09-21 12:00:00,17,0.0,25,36,300,1.2
Puerto Rico S,2026-09-21 12:00:00,20,0.0,28,36,264,0.9
Puerto Rico S,2026-09-21 12:00:00,23,0.0,31,36,300,1.2
Puerto Rico S,2026-09-21 12:00:00,26,2.5,36,76,327,1.4
Puerto Rico S,2026-09-21 12:00:00,29,2.1,36,76,357,1.9
Puerto Rico S,2026-09-21 12:00:00,32,0.0,31,57,20,2.4
Puerto Rico S,2026-09-21 12:00:00,35,0.0,27,56,350,1.8
Puerto Rico S,2026-09-21 12:00:00,38,0.0,24,57,316,1.2
Puerto Rico S,2026-09-21 12:00:00,41,0.0,24,55,241,1.1
Puerto Rico S,2026-09-21 12:00:00,44,0.0,28,56,181,0.7
Puerto Rico S,2026-09-21 12:00:00,47,0.0,31,56,256,1.5
Puerto Rico S,2026-09-21 12:00:00,50,3.3,35,76,325,2.2
Puerto Rico S,2026-09-21 12:00:00,53,1.3,35,76,329,1.7
Puerto Rico S,2026-09-21 12:00:00,56,0.0,32,56,323,1.3
Puerto Rico S,2026-09-21 12:00:00,59,0.0,28,56,333,1.5
Puerto Rico S,2026-09-21 12:00:00,62,0.0,24,56,340,1.6
Puerto Rico S,2026-09-21 12:00:00,65,0.0,24,56,340,1.7
Puerto Rico S,2026-09-21 12:00:00,68,0.0,26,56,320,1.8
Puerto Rico S,2026-09-21 12:00:00,71,0.0,29,56,320,1.9
Puerto Rico S,2026-09-21 12:00:00,74,2.5,32,85,316,2.0
Puerto Rico S,2026-09-21 12:00:00,77,1.9,32,84,320,1.4
Puerto Rico S,2026-09-21 12:00:00,80,0.0,28,36,314,0.7
Puerto Rico S,2026-09-21 12:00:00,83,0.0,24,35,334,0.9
Puerto Rico S,2026-09-21 12:00:00,86,0.0,24,36,353,1.2
Puerto Rico S,2026-09-21 12:00:00,89,0.0,28,36,350,1.6
Puerto Rico S,2026-09-21 12:00:00,92,0.0,30,36,330,1.7
Puerto Rico S,2026-09-21 12:00:00,95,0.0,35,35,330,1.5
Puerto Rico S,2026-09-21 12:00:00,98,0.0,40,56,320,1.4
Puerto Rico S,2026-09-21 12:00:00,101,0.0,35,56,323,1.2
Puerto Rico S,2026-09-21 12:00:00,104,0.0,31,37,323,1.0
Puerto Rico S,2026-09-21 12:00:00,107,0.0,29,36,350,1.2
Puerto Rico S,2026-09-21 12:00:00,110,0.0,27,26,16,1.4
Puerto Suárez,2026-09-21 12:00:00,2,0.0,39,36,350,5.6
Puerto Suárez,2026-09-21 12:00:00,5,0.0,39,37,359,4.3
Puerto Suárez,2026-09-21 12:00:00,8,2.2,32,84,359,3.0
Puerto Suárez,2026-09-21 12:00:00,11,2.3,27,84,37,2.3
Puerto Suárez,2026-09-21 12:00:00,14,1.8,20,89,67,1.5
Puerto Suárez,2026-09-21 12:00:00,17,1.7,20,89,260,1.8
Puerto Suárez,2026-09-21 12:00:00,20,1.4,24,89,250,1.2
Puerto Suárez,2026-09-21 12:00:00,23,0.6,28,89,250,2.7
Puerto Suárez,2026-09-21 12:00:00,26,0.0,31,56,240,4.0
Puerto Suárez,2026-09-21 12:00:00,29,0.0,31,57,191,2.9
Puerto Suárez,2026-09-21 12:00:00,32,0.0,26,56,135,1.8
Puerto Suárez,2026-09-21 12:00:00,35,0.0,22,56,171,2.0
Puerto Suárez,2026-09-21 12:00:00,38,0.0,18,55,207,2.1
Puerto Suárez,2026-09-21 12:00:00,41,0.0,18,57,217,1.8
Puerto Suárez,2026-09-21 12:00:00,44,0.0,21,56,207,1.7
Puerto Suárez,2026-09-21 12:00:00,47,0.0,24,56,237,2.0
Puerto Suárez,2026-09-21 12:00:00,50,0.0,29,57,259,2.4
Puerto Suárez,2026-09-21 12:00:00,53,0.0,29,56,220,2.8
Puerto Suárez,2026-09-21 12:00:00,56,0.0,25,57,171,3.1
Puerto Suárez,2026-09-21 12:00:00,59,0.0,22,57,188,2.0
Puerto Suárez,2026-09-21 12:00:00,62,0.0,19,35,198,1.0
Puerto Suárez,2026-09-21 12:00:00,65,0.0,19,36,161,1.0
Puerto Suárez,2026-09-21 12:00:00,68,0.0,24,35,151,0.8
Puerto Suárez,2026-09-21 12:00:00,71,0.0,27,36,231,1.5
Puerto Suárez,2026-09-21 12:00:00,74,0.0,31,35,310,2.3
Puerto Suárez,2026-09-21 12:00:00,77,0.0,31,37,40,2.0
Puerto Suárez,2026-09-21 12:00:00,80,0.0,29,26,120,1.6
Puerto Suárez,2026-09-21 12:00:00,83,0.0,25,26,100,1.5
Puerto Suárez,2026-09-21 12:00:00,86,0.0,21,26,79,1.3
Puerto Suárez,2026-09-21 12:00:00,89,0.0,21,25,79,2.3
Puerto Suárez,2026-09-21 12:00:00,92,0.0,27,26,60,3.2
Puerto Suárez,2026-09-21 12:00:00,95,0.0,31,26,49,2.7
Puerto Suárez,2026-09-21 12:00:00,98,0.0,33,36,29,2.1
Puerto Suárez,2026-09-21 12:00:00,101,0.0,33,35,49,1.8
Puerto Suárez,2026-09-21 12:00:00,104,0.0,29,25,69,1.5
Puerto Suárez,2026-09-21 12:00:00,107,0.0,22,26,77,2.3
Puerto Suárez,2026-09-21 12:00:00,110,0.0,22,27,77,3.0
Puerto Villarroel,2026-09-21 12:00:00,2,2.3,33,76,310,4.6
Puerto Villarroel,2026-09-21 12:00:00,5,2.1,33,76,286,3.0
Puerto Villarroel,2026-09-21 12:00:00,8,1.4,29,75,258,1.3
Puerto Villarroel,2026-09-21 12:00:00,11,1.1,25,76,248,1.1
Puerto Villarroel,2026-09-21 12:00:00,14,2.1,21,83,236,1.0
Puerto Villarroel,2026-09-21 12:00:00,17,1.8,21,84,30,1.8
Puerto Villarroel,2026-09-21 12:00:00,20,2.2,23,83,108,2.4
Puerto Villarroel,2026-09-21 12:00:00,23,3.2,25,85,67,2.1
Puerto Villarroel,2026-09-21 12:00:00,26,2.4,27,89,22,1.8
Puerto Villarroel,2026-09-21 12:00:00,29,2.8,27,89,67,1.8
Puerto Villarroel,2026-09-21 12:00:00,32,2.1,24,89,107,1.9
Puerto Villarroel,2026-09-21 12:00:00,35,2.1,21,89,105,1.4
Puerto Villarroel,2026-09-21 12:00:00,38,0.0,18,56,101,0.8
Puerto Villarroel,2026-09-21 12:00:00,41,0.0,18,56,111,1.4
Puerto Villarroel,2026-09-21 12:00:00,44,0.0,19,56,106,2.1
Puerto Villarroel,2026-09-21 12:00:00,47,0.0,22,56,76,1.8
Puerto Villarroel,2026-09-21 12:00:00,50,0.0,24,56,46,1.4
Puerto Villarroel,2026-09-21 12:00:00,53,0.0,24,56,100,1.3
Puerto Villarroel,2026-09-21 12:00:00,56,0.0,23,56,144,1.2
Puerto Villarroel,2026-09-21 12:00:00,59,0.0,21,56,147,1.1
Puerto Villarroel,2026-09-21 12:00:00,62,0.0,21,57,147,1.0
Puerto Villarroel,2026-09-21 12:00:00,65,0.0,21,56,134,0.8
Puerto Villarroel,2026-09-21 12:00:00,68,0.0,23,56,90,0.5
Puerto Villarroel,2026-09-21 12:00:00,71,0.0,26,56,20,1.4
Puerto Villarroel,2026-09-21 12:00:00,74,0.0,30,36,308,2.3
Puerto Villarroel,2026-09-21 12:00:00,77,0.0,30,36,273,1.5
Puerto Villarroel,2026-09-21 12:00:00,80,0.0,26,26,232,0.8
Puerto Villarroel,2026-09-21 12:00:00,83,0.0,23,26,234,0.7
Puerto Villarroel,2026-09-21 12:00:00,86,0.0,20,26,234,0.6
Puerto Villarroel,2026-09-21 12:00:00,89,0.0,20,26,258,0.6
Puerto Villarroel,2026-09-21 12:00:00,92,0.0,23,26,283,0.5
Puerto Villarroel,2026-09-21 12:00:00,95,0.0,26,26,307,1.9
Puerto Villarroel,2026-09-21 12:00:00,98,0.0,33,35,324,3.2
Puerto Villarroel,2026-09-21 12:00:00,101,0.0,33,36,306,2.2
Puerto Villarroel,2026-09-21 12:00:00,104,0.0,27,26,280,1.2
Puerto Villarroel,2026-09-21 12:00:00,107,0.0,21,26,294,0.9
Puerto Villarroel,2026-09-21 12:00:00,110,0.0,21,26,308,0.8
Quetenas (GPRS),2026-09-21 12:00:00,2,0.0,9,27,260,8.2
Quetenas (GPRS),2026-09-21 12:00:00,5,0.0,9,27,250,5.8
Quetenas (GPRS),2026-09-21 12:00:00,8,0.0,5,26,240,3.5
Quetenas (GPRS),2026-09-21 12:00:00,11,0.0,2,27,229,3.0
Quetenas (GPRS),2026-09-21 12:00:00,14,0.0,-5,26,217,2.5
Quetenas (GPRS),2026-09-21 12:00:00,17,0.0,-6,26,227,2.2
Quetenas (GPRS),2026-09-21 12:00:00,20,0.0,1,27,223,2.3
Quetenas (GPRS),2026-09-21 12:00:00,23,0.0,5,27,239,5.1
Quetenas (GPRS),2026-09-21 12:00:00,26,0.0,12,27,250,7.8
Quetenas (GPRS),2026-09-21 12:00:00,29,0.0,12,25,245,5.9
Quetenas (GPRS),2026-09-21 12:00:00,32,0.0,6,26,235,4.0
Quetenas (GPRS),2026-09-21 12:00:00,35,0.0,2,26,225,3.6
Quetenas (GPRS),2026-09-21 12:00:00,38,0.0,-5,26,214,3.1
Quetenas (GPRS),2026-09-21 12:00:00,41,0.0,-6,27,213,2.9
Quetenas (GPRS),2026-09-21 12:00:00,44,0.0,3,26,213,2.4
Quetenas (GPRS),2026-09-21 12:00:00,47,0.0,8,26,223,5.2
Quetenas (GPRS),2026-09-21 12:00:00,50,0.0,13,26,228,7.9
Quetenas (GPRS),2026-09-21 12:00:00,53,0.0,13,26,234,5.7
Quetenas (GPRS),2026-09-21 12:00:00,56,0.0,8,26,235,3.7
Quetenas (GPRS),2026-09-21 12:00:00,59,0.0,3,26,219,3.0
Quetenas (GPRS),2026-09-21 12:00:00,62,0.0,-4,26,198,2.2
Quetenas (GPRS),2026-09-21 12:00:00,65,0.0,-5,26,213,2.4
Quetenas (GPRS),2026-09-21 12:00:00,68,0.0,4,26,203,2.1
Quetenas (GPRS),2026-09-21 12:00:00,71,0.0,9,26,213,2.1
Quetenas (GPRS),2026-09-21 12:00:00,74,0.0,13,26,223,2.1
Quetenas (GPRS),2026-09-21 12:00:00,77,0.0,13,27,224,2.8
Quetenas (GPRS),2026-09-21 12:00:00,80,0.0,8,26,219,3.4
Quetenas (GPRS),2026-09-21 12:00:00,83,0.0,0,27,214,3.1
Quetenas (GPRS),2026-09-21 12:00:00,86,0.0,-5,26,203,2.7
Quetenas (GPRS),2026-09-21 12:00:00,89,0.0,-4,26,203,2.5
Quetenas (GPRS),2026-09-21 12:00:00,92,0.0,5,26,203,2.2
Quetenas (GPRS),2026-09-21 12:00:00,95,0.0,10,26,224,3.0
Quetenas (GPRS),2026-09-21 12:00:00,98,0.0,13,26,239,3.8
Quetenas (GPRS),2026-09-21 12:00:00,101,0.0,13,27,238,3.3
Quetenas (GPRS),2026-09-21 12:00:00,104,0.0,8,26,228,2.8
Quetenas (GPRS),2026-09-21 12:00:00,107,0.0,-3,26,299,2.5
Quetenas (GPRS),2026-09-21 12:00:00,110,0.0,-3,27,9,2.1
Reyes,2026-09-21 12:00:00,2,0.0,36,36,321,4.6
Reyes,2026-09-21 12:00:00,5,0.0,36,36,330,3.7
Reyes,2026-09-21 12:00:00,8,0.0,31,26,329,2.7
Reyes,2026-09-21 12:00:00,11,0.0,27,27,318,2.0
Reyes,2026-09-21 12:00:00,14,0.0,23,36,307,1.4
Reyes,2026-09-21 12:00:00,17,0.0,23,36,306,2.0
Reyes,2026-09-21 12:00:00,20,0.0,26,37,287,1.5
Reyes,2026-09-21 12:00:00,23,0.0,29,37,319,3.2
Reyes,2026-09-21 12:00:00,26,3.1,36,84,348,4.9
Reyes,2026-09-21 12:00:00,29,2.5,36,84,328,3.3
Reyes,2026-09-21 12:00:00,32,0.7,29,85,307,1.6
Reyes,2026-09-21 12:00:00,35,1.1,24,85,249,1.6
Reyes,2026-09-21 12:00:00,38,0.9,21,85,181,1.6
Reyes,2026-09-21 12:00:00,41,2.5,22,84,158,2.1
Reyes,2026-09-21 12:00:00,44,2.5,24,85,140,2.4
Reyes,2026-09-21 12:00:00,47,2.4,28,85,68,1.9
Reyes,2026-09-21 12:00:00,50,0.0,30,56,347,1.5
Reyes,2026-09-21 12:00:00,53,0.0,30,56,297,1.1
Reyes,2026-09-21 12:00:00,56,0.0,27,55,240,0.7
Reyes,2026-09-21 12:00:00,59,0.0,25,56,251,0.7
Reyes,2026-09-21 12:00:00,62,1.8,23,76,261,0.7
Reyes,2026-09-21 12:00:00,65,2.1,23,76,272,0.9
Reyes,2026-09-21 12:00:00,68,1.0,24,76,293,0.7
Reyes,2026-09-21 12:00:00,71,1.9,28,76,301,1.7
Reyes,2026-09-21 12:00:00,74,0.0,31,37,308,2.8
Reyes,2026-09-21 12:00:00,77,0.0,31,36,257,1.7
Reyes,2026-09-21 12:00:00,80,0.0,26,36,204,0.6
Reyes,2026-09-21 12:00:00,83,0.0,23,36,218,0.8
Reyes,2026-09-21 12:00:00,86,0.0,23,25,222,1.0
Reyes,2026-09-21 12:00:00,89,0.0,28,26,291,1.3
Reyes,2026-09-21 12:00:00,92,0.0,30,26,319,1.3
Reyes,2026-09-21 12:00:00,95,0.0,36,26,320,2.2
Reyes,2026-09-21 12:00:00,98,0.0,42,26,319,3.0
Reyes,2026-09-21 12:00:00,101,0.0,37,26,328,2.3
Reyes,2026-09-21 12:00:00,104,0.0,32,26,329,1.5
Reyes,2026-09-21 12:00:00,107,0.0,29,26,328,1.4
Reyes,2026-09-21 12:00:00,110,0.0,27,25,318,1.2
Riberalta,2026-09-21 12:00:00,2,2.8,37,77,310,2.1
Riberalta,2026-09-21 12:00:00,5,1.3,37,77,353,1.8
Riberalta,2026-09-21 12:00:00,8,0.0,31,36,36,1.4
Riberalta,2026-09-21 12:00:00,11,0.0,28,36,12,1.2
Riberalta,2026-09-21 12:00:00,14,0.0,24,36,339,1.0
Riberalta,2026-09-21 12:00:00,17,0.0,24,36,322,1.6
Riberalta,2026-09-21 12:00:00,20,0.0,26,36,312,1.9
Riberalta,2026-09-21 12:00:00,23,0.0,29,36,281,2.5
Riberalta,2026-09-21 12:00:00,26,0.8,37,79,250,3.1
Riberalta,2026-09-21 12:00:00,29,1.6,37,79,294,2.4
Riberalta,2026-09-21 12:00:00,32,0.0,31,56,334,1.7
Riberalta,2026-09-21 12:00:00,35,0.0,27,56,320,1.5
Riberalta,2026-09-21 12:00:00,38,1.8,23,84,296,1.4
Riberalta,2026-09-21 12:00:00,41,2.5,23,84,307,0.6
Riberalta,2026-09-21 12:00:00,44,1.2,25,85,281,0.2
Riberalta,2026-09-21 12:00:00,47,1.1,30,84,296,1.3
Riberalta,2026-09-21 12:00:00,50,0.0,33,56,303,2.2
Riberalta,2026-09-21 12:00:00,53,0.0,33,56,282,1.5
Riberalta,2026-09-21 12:00:00,56,0.0,30,56,252,0.7
Riberalta,2026-09-21 12:00:00,59,0.0,27,57,293,1.0
Riberalta,2026-09-21 12:00:00,62,0.0,24,36,331,1.3
Riberalta,2026-09-21 12:00:00,65,0.0,24,36,320,1.2
Riberalta,2026-09-21 12:00:00,68,0.0,28,36,290,1.3
Riberalta,2026-09-21 12:00:00,71,0.0,32,36,300,1.6
Riberalta,2026-09-21 12:00:00,74,0.0,36,56,309,2.0
Riberalta,2026-09-21 12:00:00,77,0.0,36,56,343,1.9
Riberalta,2026-09-21 12:00:00,80,0.0,30,36,15,1.7
Riberalta,2026-09-21 12:00:00,83,0.0,24,36,21,1.3
Riberalta,2026-09-21 12:00:00,86,0.0,24,36,26,1.0
Riberalta,2026-09-21 12:00:00,89,0.0,28,36,346,1.4
Riberalta,2026-09-21 12:00:00,92,0.0,30,37,329,1.4
Riberalta,2026-09-21 12:00:00,95,0.0,35,36,320,1.4
Riberalta,2026-09-21 12:00:00,98,0.0,40,36,311,1.4
Riberalta,2026-09-21 12:00:00,101,0.0,34,37,322,1.0
Riberalta,2026-09-21 12:00:00,104,0.0,29,36,326,0.7
Riberalta,2026-09-21 12:00:00,107,0.0,28,36,335,0.9
Riberalta,2026-09-21 12:00:00,110,0.0,27,27,340,1.3
Río Chilenas(GPRS),2026-09-21 12:00:00,2,0.0,6,26,275,7.9
Río Chilenas(GPRS),2026-09-21 12:00:00,5,0.0,6,26,265,5.9
Río Chilenas(GPRS),2026-09-21 12:00:00,8,0.0,4,26,253,3.9
Río Chilenas(GPRS),2026-09-21 12:00:00,11,0.0,0,26,255,3.1
Río Chilenas(GPRS),2026-09-21 12:00:00,14,0.0,-5,27,255,2.3
Río Chilenas(GPRS),2026-09-21 12:00:00,17,0.0,-5,26,272,2.9
Río Chilenas(GPRS),2026-09-21 12:00:00,20,0.0,0,26,270,2.9
Río Chilenas(GPRS),2026-09-21 12:00:00,23,0.0,4,27,270,5.6
Río Chilenas(GPRS),2026-09-21 12:00:00,26,0.0,12,27,260,8.3
Río Chilenas(GPRS),2026-09-21 12:00:00,29,0.0,12,26,263,5.9
Río Chilenas(GPRS),2026-09-21 12:00:00,32,0.0,4,27,261,3.5
Río Chilenas(GPRS),2026-09-21 12:00:00,35,0.0,0,26,261,3.5
Río Chilenas(GPRS),2026-09-21 12:00:00,38,0.0,-5,26,258,3.5
Río Chilenas(GPRS),2026-09-21 12:00:00,41,0.0,-5,26,255,3.1
Río Chilenas(GPRS),2026-09-21 12:00:00,44,0.0,1,26,255,2.7
Río Chilenas(GPRS),2026-09-21 12:00:00,47,0.0,3,26,240,5.0
Río Chilenas(GPRS),2026-09-21 12:00:00,50,0.0,13,26,225,7.3
Río Chilenas(GPRS),2026-09-21 12:00:00,53,0.0,13,26,235,5.1
Río Chilenas(GPRS),2026-09-21 12:00:00,56,0.0,5,26,240,2.9
Río Chilenas(GPRS),2026-09-21 12:00:00,59,0.0,1,26,245,2.9
Río Chilenas(GPRS),2026-09-21 12:00:00,62,0.0,-4,26,245,2.8
Río Chilenas(GPRS),2026-09-21 12:00:00,65,0.0,-4,26,265,2.4
Río Chilenas(GPRS),2026-09-21 12:00:00,68,0.0,1,26,255,2.4
Río Chilenas(GPRS),2026-09-21 12:00:00,71,0.0,6,27,237,2.2
Río Chilenas(GPRS),2026-09-21 12:00:00,74,0.0,13,27,212,2.0
Río Chilenas(GPRS),2026-09-21 12:00:00,77,0.0,13,26,206,2.0
Río Chilenas(GPRS),2026-09-21 12:00:00,80,0.0,5,26,196,2.1
Río Chilenas(GPRS),2026-09-21 12:00:00,83,0.0,0,26,217,1.8
Río Chilenas(GPRS),2026-09-21 12:00:00,86,0.0,-4,27,230,1.6
Río Chilenas(GPRS),2026-09-21 12:00:00,89,0.0,-4,26,255,2.3
Río Chilenas(GPRS),2026-09-21 12:00:00,92,0.0,6,26,247,2.0
Río Chilenas(GPRS),2026-09-21 12:00:00,95,0.0,10,26,250,3.0
Río Chilenas(GPRS),2026-09-21 12:00:00,98,0.0,13,26,243,3.9
Río Chilenas(GPRS),2026-09-21 12:00:00,101,0.0,13,26,214,3.1
Río Chilenas(GPRS),2026-09-21 12:00:00,104,0.0,9,26,184,2.3
Río Chilenas(GPRS),2026-09-21 12:00:00,107,0.0,-3,26,256,2.3
Río Chilenas(GPRS),2026-09-21 12:00:00,110,0.0,-3,26,324,2.4
Robore,2026-09-21 12:00:00,2,0.0,37,36,340,7.4
Robore,2026-09-21 12:00:00,5,0.0,37,36,360,6.1
Robore,2026-09-21 12:00:00,8,1.2,31,84,10,4.8
Robore,2026-09-21 12:00:00,11,1.1,25,85,360,4.8
Robore,2026-09-21 12:00:00,14,0.5,20,89,350,4.8
Robore,2026-09-21 12:00:00,17,1.5,20,90,277,3.3
Robore,2026-09-21 12:00:00,20,1.5,23,90,230,4.3
Robore,2026-09-21 12:00:00,23,1.5,27,90,230,3.7
Robore,2026-09-21 12:00:00,26,0.0,29,56,222,3.1
Robore,2026-09-21 12:00:00,29,0.0,29,56,202,2.6
Robore,2026-09-21 12:00:00,32,0.0,25,56,180,2.1
Robore,2026-09-21 12:00:00,35,0.0,21,57,190,2.0
Robore,2026-09-21 12:00:00,38,0.0,18,56,190,1.8
Robore,2026-09-21 12:00:00,41,0.0,18,57,172,2.0
Robore,2026-09-21 12:00:00,44,0.0,19,56,172,2.2
Robore,2026-09-21 12:00:00,47,0.0,22,56,240,1.8
Robore,2026-09-21 12:00:00,50,0.0,27,55,306,1.4
Robore,2026-09-21 12:00:00,53,0.0,27,56,248,1.7
Robore,2026-09-21 12:00:00,56,0.0,25,57,190,2.0
Robore,2026-09-21 12:00:00,59,0.0,22,56,170,1.8
Robore,2026-09-21 12:00:00,62,0.0,19,36,150,1.5
Robore,2026-09-21 12:00:00,65,0.0,19,36,130,1.5
Robore,2026-09-21 12:00:00,68,0.0,21,36,100,1.7
Robore,2026-09-21 12:00:00,71,0.0,26,36,30,2.8
Robore,2026-09-21 12:00:00,74,0.0,29,36,310,3.9
Robore,2026-09-21 12:00:00,77,0.0,29,37,348,2.6
Robore,2026-09-21 12:00:00,80,0.0,27,26,18,1.3
Robore,2026-09-21 12:00:00,83,0.0,23,26,18,1.2
Robore,2026-09-21 12:00:00,86,0.0,21,26,10,1.1
Robore,2026-09-21 12:00:00,89,0.0,21,27,132,1.1
Robore,2026-09-21 12:00:00,92,0.0,25,27,42,1.5
Robore,2026-09-21 12:00:00,95,0.0,28,26,30,2.6
Robore,2026-09-21 12:00:00,98,0.0,31,36,10,3.7
Robore,2026-09-21 12:00:00,101,0.0,31,36,20,3.1
Robore,2026-09-21 12:00:00,104,0.0,28,27,20,2.5
Robore,2026-09-21 12:00:00,107,0.0,22,26,18,2.3
Robore,2026-09-21 12:00:00,110,0.0,22,26,8,2.0
Rurrenabaque,2026-09-21 12:00:00,2,0.0,34,36,334,4.6
Rurrenabaque,2026-09-21 12:00:00,5,0.0,34,36,330,3.5
Rurrenabaque,2026-09-21 12:00:00,8,0.0,30,26,320,2.3
Rurrenabaque,2026-09-21 12:00:00,11,0.0,27,27,284,1.6
Rurrenabaque,2026-09-21 12:00:00,14,0.0,23,36,246,0.8
Rurrenabaque,2026-09-21 12:00:00,17,0.0,23,36,285,1.2
Rurrenabaque,2026-09-21 12:00:00,20,0.0,26,36,246,1.2
Rurrenabaque,2026-09-21 12:00:00,23,0.0,29,36,301,3.0
Rurrenabaque,2026-09-21 12:00:00,26,1.8,34,84,350,4.7
Rurrenabaque,2026-09-21 12:00:00,29,2.0,34,84,292,3.3
Rurrenabaque,2026-09-21 12:00:00,32,1.7,29,84,232,1.8
Rurrenabaque,2026-09-21 12:00:00,35,0.6,24,84,194,1.4
Rurrenabaque,2026-09-21 12:00:00,38,2.0,21,84,150,1.1
Rurrenabaque,2026-09-21 12:00:00,41,1.8,21,84,164,1.5
Rurrenabaque,2026-09-21 12:00:00,44,2.7,24,84,144,1.7
Rurrenabaque,2026-09-21 12:00:00,47,2.6,27,84,81,1.7
Rurrenabaque,2026-09-21 12:00:00,50,0.0,30,56,11,1.8
Rurrenabaque,2026-09-21 12:00:00,53,0.0,30,56,297,1.3
Rurrenabaque,2026-09-21 12:00:00,56,0.0,27,56,215,0.8
Rurrenabaque,2026-09-21 12:00:00,59,0.0,24,57,228,0.8
Rurrenabaque,2026-09-21 12:00:00,62,1.6,22,76,238,0.8
Rurrenabaque,2026-09-21 12:00:00,65,1.5,22,76,250,0.8
Rurrenabaque,2026-09-21 12:00:00,68,1.2,24,76,259,0.5
Rurrenabaque,2026-09-21 12:00:00,71,1.2,27,76,263,1.1
Rurrenabaque,2026-09-21 12:00:00,74,0.0,30,36,265,1.8
Rurrenabaque,2026-09-21 12:00:00,77,0.0,30,36,244,1.2
Rurrenabaque,2026-09-21 12:00:00,80,0.0,26,36,221,0.7
Rurrenabaque,2026-09-21 12:00:00,83,0.0,23,36,220,0.9
Rurrenabaque,2026-09-21 12:00:00,86,0.0,22,26,213,1.0
Rurrenabaque,2026-09-21 12:00:00,89,0.0,26,26,271,0.9
Rurrenabaque,2026-09-21 12:00:00,92,0.0,28,27,297,0.8
Rurrenabaque,2026-09-21 12:00:00,95,0.0,33,26,320,1.8
Rurrenabaque,2026-09-21 12:00:00,98,0.0,39,26,337,2.8
Rurrenabaque,2026-09-21 12:00:00,101,0.0,36,26,329,1.9
Rurrenabaque,2026-09-21 12:00:00,104,0.0,31,26,313,0.9
Rurrenabaque,2026-09-21 12:00:00,107,0.0,28,27,296,0.9
Rurrenabaque,2026-09-21 12:00:00,110,0.0,25,27,275,0.9
Salinas (INIAF),2026-09-21 12:00:00,2,0.0,17,26,301,4.8
Salinas (INIAF),2026-09-21 12:00:00,5,0.0,17,26,265,4.9
Salinas (INIAF),2026-09-21 12:00:00,8,0.0,12,26,229,4.9
Salinas (INIAF),2026-09-21 12:00:00,11,0.0,4,26,218,2.9
Salinas (INIAF),2026-09-21 12:00:00,14,0.0,-1,27,202,1.0
Salinas (INIAF),2026-09-21 12:00:00,17,0.0,-1,25,322,1.2
Salinas (INIAF),2026-09-21 12:00:00,20,0.0,5,25,323,1.5
Salinas (INIAF),2026-09-21 12:00:00,23,0.0,11,26,309,3.0
Salinas (INIAF),2026-09-21 12:00:00,26,0.0,18,26,289,4.6
Salinas (INIAF),2026-09-21 12:00:00,29,0.0,18,26,250,3.9
Salinas (INIAF),2026-09-21 12:00:00,32,0.0,11,26,209,3.3
Salinas (INIAF),2026-09-21 12:00:00,35,0.0,4,25,187,2.2
Salinas (INIAF),2026-09-21 12:00:00,38,0.0,-1,35,160,1.1
Salinas (INIAF),2026-09-21 12:00:00,41,0.0,-1,35,96,1.1
Salinas (INIAF),2026-09-21 12:00:00,44,0.0,5,35,20,1.1
Salinas (INIAF),2026-09-21 12:00:00,47,0.0,12,35,315,1.5
Salinas (INIAF),2026-09-21 12:00:00,50,0.0,19,26,241,1.9
Salinas (INIAF),2026-09-21 12:00:00,53,0.0,19,26,225,2.1
Salinas (INIAF),2026-09-21 12:00:00,56,0.0,14,26,201,2.3
Salinas (INIAF),2026-09-21 12:00:00,59,0.0,7,27,206,2.3
Salinas (INIAF),2026-09-21 12:00:00,62,0.0,-2,26,205,2.4
Salinas (INIAF),2026-09-21 12:00:00,65,0.0,-2,26,171,1.4
Salinas (INIAF),2026-09-21 12:00:00,68,0.0,7,26,131,0.7
Salinas (INIAF),2026-09-21 12:00:00,71,0.0,14,25,176,1.5
Salinas (INIAF),2026-09-21 12:00:00,74,0.0,20,26,217,2.3
Salinas (INIAF),2026-09-21 12:00:00,77,0.0,20,25,197,2.1
Salinas (INIAF),2026-09-21 12:00:00,80,0.0,11,26,175,1.9
Salinas (INIAF),2026-09-21 12:00:00,83,0.0,4,26,262,1.4
Salinas (INIAF),2026-09-21 12:00:00,86,0.0,-2,26,346,1.0
Salinas (INIAF),2026-09-21 12:00:00,89,0.0,-2,26,65,1.2
Salinas (INIAF),2026-09-21 12:00:00,92,0.0,11,26,49,0.7
Salinas (INIAF),2026-09-21 12:00:00,95,0.0,15,26,41,1.1
Salinas (INIAF),2026-09-21 12:00:00,98,0.0,21,35,37,1.4
Salinas (INIAF),2026-09-21 12:00:00,101,0.0,21,35,103,1.6
Salinas (INIAF),2026-09-21 12:00:00,104,0.0,16,26,163,1.6
Salinas (INIAF),2026-09-21 12:00:00,107,0.0,-1,26,189,2.0
Salinas (INIAF),2026-09-21 12:00:00,110,0.0,-1,26,342,2.4
Salo,2026-09-21 12:00:00,2,0.0,19,37,290,8.8
Salo,2026-09-21 12:00:00,5,0.0,19,36,310,7.1
Salo,2026-09-21 12:00:00,8,0.0,13,56,330,5.4
Salo,2026-09-21 12:00:00,11,0.0,5,55,326,4.2
Salo,2026-09-21 12:00:00,14,0.0,-1,26,316,2.9
Salo,2026-09-21 12:00:00,17,0.0,-1,26,300,3.2
Salo,2026-09-21 12:00:00,20,0.0,4,26,290,3.0
Salo,2026-09-21 12:00:00,23,0.0,10,26,290,6.8
Salo,2026-09-21 12:00:00,26,0.0,21,26,280,10.6
Salo,2026-09-21 12:00:00,29,0.0,21,26,290,8.8
Salo,2026-09-21 12:00:00,32,0.0,12,26,300,7.0
Salo,2026-09-21 12:00:00,35,0.0,4,26,290,4.8
Salo,2026-09-21 12:00:00,38,0.0,-1,26,280,2.7
Salo,2026-09-21 12:00:00,41,0.0,-1,26,285,2.4
Salo,2026-09-21 12:00:00,44,0.0,5,26,280,2.3
Salo,2026-09-21 12:00:00,47,0.0,13,26,200,2.7
Salo,2026-09-21 12:00:00,50,0.0,22,26,116,3.1
Salo,2026-09-21 12:00:00,53,0.0,22,26,86,2.5
Salo,2026-09-21 12:00:00,56,0.0,14,26,50,1.9
Salo,2026-09-21 12:00:00,59,0.0,7,26,346,1.7
Salo,2026-09-21 12:00:00,62,0.0,0,26,276,1.3
Salo,2026-09-21 12:00:00,65,0.0,0,26,250,1.2
Salo,2026-09-21 12:00:00,68,0.0,8,27,225,0.8
Salo,2026-09-21 12:00:00,71,0.0,15,26,180,2.1
Salo,2026-09-21 12:00:00,74,0.0,22,27,135,3.4
Salo,2026-09-21 12:00:00,77,0.0,22,26,100,2.8
Salo,2026-09-21 12:00:00,80,0.0,14,26,60,2.2
Salo,2026-09-21 12:00:00,83,0.0,6,26,30,2.3
Salo,2026-09-21 12:00:00,86,0.0,0,26,355,2.4
Salo,2026-09-21 12:00:00,89,0.0,2,27,276,1.8
Salo,2026-09-21 12:00:00,92,0.0,12,26,190,0.8
Salo,2026-09-21 12:00:00,95,0.0,18,26,145,2.0
Salo,2026-09-21 12:00:00,98,0.0,23,36,95,3.2
Salo,2026-09-21 12:00:00,101,0.0,23,36,65,5.5
Salo,2026-09-21 12:00:00,104,0.0,15,25,36,7.8
Salo,2026-09-21 12:00:00,107,0.0,2,26,16,5.0
Salo,2026-09-21 12:00:00,110,0.0,2,26,346,2.1
San Antonio - Los Ángeles,2026-09-21 12:00:00,2,0.0,36,36,310,5.1
San Antonio - Los Ángeles,2026-09-21 12:00:00,5,0.0,36,36,300,3.8
San Antonio - Los Ángeles,2026-09-21 12:00:00,8,0.0,30,35,283,2.4
San Antonio - Los Ángeles,2026-09-21 12:00:00,11,0.0,24,36,303,2.5
San Antonio - Los Ángeles,2026-09-21 12:00:00,14,2.6,19,89,322,2.6
San Antonio - Los Ángeles,2026-09-21 12:00:00,17,0.7,19,89,40,1.9
San Antonio - Los Ángeles,2026-09-21 12:00:00,20,1.7,22,89,110,2.6
San Antonio - Los Ángeles,2026-09-21 12:00:00,23,1.8,26,90,103,3.0
San Antonio - Los Ángeles,2026-09-21 12:00:00,26,0.0,30,56,93,3.3
San Antonio - Los Ángeles,2026-09-21 12:00:00,29,0.0,30,55,73,1.9
San Antonio - Los Ángeles,2026-09-21 12:00:00,32,0.0,25,56,44,0.5
San Antonio - Los Ángeles,2026-09-21 12:00:00,35,0.0,22,57,73,1.1
San Antonio - Los Ángeles,2026-09-21 12:00:00,38,0.0,17,55,102,1.8
San Antonio - Los Ángeles,2026-09-21 12:00:00,41,0.0,17,56,110,2.4
San Antonio - Los Ángeles,2026-09-21 12:00:00,44,0.0,21,56,110,2.8
San Antonio - Los Ángeles,2026-09-21 12:00:00,47,0.0,25,57,117,1.9
San Antonio - Los Ángeles,2026-09-21 12:00:00,50,0.0,28,56,117,0.9
San Antonio - Los Ángeles,2026-09-21 12:00:00,53,0.0,28,56,139,1.0
San Antonio - Los Ángeles,2026-09-21 12:00:00,56,0.0,25,55,153,1.2
San Antonio - Los Ángeles,2026-09-21 12:00:00,59,0.0,21,56,140,1.3
San Antonio - Los Ángeles,2026-09-21 12:00:00,62,0.0,18,56,120,1.4
San Antonio - Los Ángeles,2026-09-21 12:00:00,65,0.0,18,56,144,0.6
San Antonio - Los Ángeles,2026-09-21 12:00:00,68,0.0,22,56,92,0.7
San Antonio - Los Ángeles,2026-09-21 12:00:00,71,0.0,25,57,14,2.0
San Antonio - Los Ángeles,2026-09-21 12:00:00,74,0.0,30,36,290,3.3
San Antonio - Los Ángeles,2026-09-21 12:00:00,77,0.0,30,36,280,2.4
San Antonio - Los Ángeles,2026-09-21 12:00:00,80,0.0,24,27,263,1.5
San Antonio - Los Ángeles,2026-09-21 12:00:00,83,0.0,22,27,273,1.3
San Antonio - Los Ángeles,2026-09-21 12:00:00,86,0.0,20,36,282,1.1
San Antonio - Los Ángeles,2026-09-21 12:00:00,89,0.0,20,36,310,1.1
San Antonio - Los Ángeles,2026-09-21 12:00:00,92,0.0,23,36,313,1.3
San Antonio - Los Ángeles,2026-09-21 12:00:00,95,0.0,26,36,320,2.5
San Antonio - Los Ángeles,2026-09-21 12:00:00,98,0.0,34,57,317,3.6
San Antonio - Los Ángeles,2026-09-21 12:00:00,101,0.0,33,56,320,2.5
San Antonio - Los Ángeles,2026-09-21 12:00:00,104,0.0,29,36,313,1.4
San Antonio - Los Ángeles,2026-09-21 12:00:00,107,0.0,21,36,323,1.4
San Antonio - Los Ángeles,2026-09-21 12:00:00,110,0.0,21,26,323,1.3
San Borja,2026-09-21 12:00:00,2,0.0,35,35,330,5.1
San Borja,2026-09-21 12:00:00,5,0.0,35,36,340,4.5
San Borja,2026-09-21 12:00:00,8,0.0,33,25,350,3.9
San Borja,2026-09-21 12:00:00,11,0.0,29,26,330,2.8
San Borja,2026-09-21 12:00:00,14,0.0,24,36,308,1.8
San Borja,2026-09-21 12:00:00,17,0.0,24,37,300,1.9
San Borja,2026-09-21 12:00:00,20,0.0,27,36,300,2.0
San Borja,2026-09-21 12:00:00,23,0.0,30,36,320,3.5
San Borja,2026-09-21 12:00:00,26,2.0,35,83,330,5.1
San Borja,2026-09-21 12:00:00,29,3.5,35,84,270,3.2
San Borja,2026-09-21 12:00:00,32,2.1,31,84,201,1.3
San Borja,2026-09-21 12:00:00,35,2.2,28,84,190,1.7
San Borja,2026-09-21 12:00:00,38,1.2,23,84,176,2.2
San Borja,2026-09-21 12:00:00,41,2.7,23,84,160,2.4
San Borja,2026-09-21 12:00:00,44,1.2,25,84,140,2.9
San Borja,2026-09-21 12:00:00,47,2.8,27,84,63,2.0
San Borja,2026-09-21 12:00:00,50,0.0,29,56,338,1.1
San Borja,2026-09-21 12:00:00,53,0.0,29,56,290,1.1
San Borja,2026-09-21 12:00:00,56,0.0,27,56,233,1.0
San Borja,2026-09-21 12:00:00,59,0.0,25,56,217,1.0
San Borja,2026-09-21 12:00:00,62,2.1,22,76,195,1.0
San Borja,2026-09-21 12:00:00,65,1.3,22,76,290,1.3
San Borja,2026-09-21 12:00:00,68,1.5,25,76,337,1.6
San Borja,2026-09-21 12:00:00,71,1.0,28,76,326,2.4
San Borja,2026-09-21 12:00:00,74,0.0,30,36,306,3.2
San Borja,2026-09-21 12:00:00,77,0.0,30,36,270,2.2
San Borja,2026-09-21 12:00:00,80,0.0,27,36,235,1.3
San Borja,2026-09-21 12:00:00,83,0.0,22,36,251,1.3
San Borja,2026-09-21 12:00:00,86,0.0,22,26,265,1.3
San Borja,2026-09-21 12:00:00,89,0.0,30,26,286,1.5
San Borja,2026-09-21 12:00:00,92,0.0,31,26,326,1.7
San Borja,2026-09-21 12:00:00,95,0.0,37,26,326,2.5
San Borja,2026-09-21 12:00:00,98,0.0,43,26,320,3.2
San Borja,2026-09-21 12:00:00,101,0.0,39,26,319,2.4
San Borja,2026-09-21 12:00:00,104,0.0,34,26,315,1.7
San Borja,2026-09-21 12:00:00,107,0.0,31,26,315,1.8
San Borja,2026-09-21 12:00:00,110,0.0,28,26,309,1.8
San Buenaventura,2026-09-21 12:00:00,2,0.0,33,35,347,4.9
San Buenaventura,2026-09-21 12:00:00,5,0.0,33,35,337,3.6
San Buenaventura,2026-09-21 12:00:00,8,0.0,30,26,320,2.3
San Buenaventura,2026-09-21 12:00:00,11,0.0,26,27,259,1.4
San Buenaventura,2026-09-21 12:00:00,14,0.0,21,36,195,0.5
San Buenaventura,2026-09-21 12:00:00,17,0.0,21,35,273,0.8
San Buenaventura,2026-09-21 12:00:00,20,0.0,25,36,225,0.9
San Buenaventura,2026-09-21 12:00:00,23,0.0,29,36,292,2.9
San Buenaventura,2026-09-21 12:00:00,26,0.0,32,54,350,4.9
San Buenaventura,2026-09-21 12:00:00,29,0.0,32,54,277,3.3
San Buenaventura,2026-09-21 12:00:00,32,1.7,28,80,201,1.6
San Buenaventura,2026-09-21 12:00:00,35,1.3,24,80,184,1.2
San Buenaventura,2026-09-21 12:00:00,38,0.0,18,27,157,0.8
San Buenaventura,2026-09-21 12:00:00,41,0.0,19,26,163,1.0
San Buenaventura,2026-09-21 12:00:00,44,0.0,23,26,150,1.3
San Buenaventura,2026-09-21 12:00:00,47,0.0,26,26,81,1.4
San Buenaventura,2026-09-21 12:00:00,50,0.0,29,26,11,1.5
San Buenaventura,2026-09-21 12:00:00,53,0.0,29,26,300,1.2
San Buenaventura,2026-09-21 12:00:00,56,0.0,26,26,220,0.7
San Buenaventura,2026-09-21 12:00:00,59,0.0,23,26,230,0.7
San Buenaventura,2026-09-21 12:00:00,62,1.7,21,76,240,0.7
San Buenaventura,2026-09-21 12:00:00,65,1.0,21,76,211,0.6
San Buenaventura,2026-09-21 12:00:00,68,2.5,22,76,165,0.3
San Buenaventura,2026-09-21 12:00:00,71,2.7,25,77,183,0.7
San Buenaventura,2026-09-21 12:00:00,74,0.0,30,56,190,1.0
San Buenaventura,2026-09-21 12:00:00,77,0.0,30,55,229,0.9
San Buenaventura,2026-09-21 12:00:00,80,0.0,26,36,256,0.8
San Buenaventura,2026-09-21 12:00:00,83,0.0,23,37,239,0.9
San Buenaventura,2026-09-21 12:00:00,86,0.0,21,36,220,0.9
San Buenaventura,2026-09-21 12:00:00,89,0.0,22,36,272,0.7
San Buenaventura,2026-09-21 12:00:00,92,0.0,25,36,287,0.3
San Buenaventura,2026-09-21 12:00:00,95,0.0,29,36,322,1.7
San Buenaventura,2026-09-21 12:00:00,98,0.4,34,73,357,3.1
San Buenaventura,2026-09-21 12:00:00,101,1.4,33,73,330,2.2
San Buenaventura,2026-09-21 12:00:00,104,0.0,28,35,293,1.2
San Buenaventura,2026-09-21 12:00:00,107,0.0,23,36,275,0.9
San Buenaventura,2026-09-21 12:00:00,110,0.0,23,25,249,0.6
San Ignacio de Moxos,2026-09-21 12:00:00,2,0.0,38,56,320,4.9
San Ignacio de Moxos,2026-09-21 12:00:00,5,0.0,38,56,336,4.0
San Ignacio de Moxos,2026-09-21 12:00:00,8,0.0,31,36,346,3.1
San Ignacio de Moxos,2026-09-21 12:00:00,11,0.0,27,37,340,3.0
San Ignacio de Moxos,2026-09-21 12:00:00,14,2.1,22,89,330,2.8
San Ignacio de Moxos,2026-09-21 12:00:00,17,1.5,22,89,330,2.4
San Ignacio de Moxos,2026-09-21 12:00:00,20,1.8,27,89,320,2.4
San Ignacio de Moxos,2026-09-21 12:00:00,23,1.5,30,89,317,3.3
San Ignacio de Moxos,2026-09-21 12:00:00,26,2.5,34,84,307,4.2
San Ignacio de Moxos,2026-09-21 12:00:00,29,1.8,34,84,297,2.8
San Ignacio de Moxos,2026-09-21 12:00:00,32,1.8,30,89,281,1.4
San Ignacio de Moxos,2026-09-21 12:00:00,35,2.1,25,89,227,1.3
San Ignacio de Moxos,2026-09-21 12:00:00,38,0.0,21,56,168,1.3
San Ignacio de Moxos,2026-09-21 12:00:00,41,0.0,21,56,157,2.2
San Ignacio de Moxos,2026-09-21 12:00:00,44,0.0,24,56,141,2.6
San Ignacio de Moxos,2026-09-21 12:00:00,47,0.0,27,56,218,1.9
San Ignacio de Moxos,2026-09-21 12:00:00,50,0.0,30,56,313,1.2
San Ignacio de Moxos,2026-09-21 12:00:00,53,0.0,30,56,305,0.9
San Ignacio de Moxos,2026-09-21 12:00:00,56,0.0,26,56,289,0.7
San Ignacio de Moxos,2026-09-21 12:00:00,59,0.0,23,56,235,0.9
San Ignacio de Moxos,2026-09-21 12:00:00,62,0.0,19,36,171,1.1
San Ignacio de Moxos,2026-09-21 12:00:00,65,0.0,19,36,270,1.4
San Ignacio de Moxos,2026-09-21 12:00:00,68,0.0,23,36,320,1.5
San Ignacio de Moxos,2026-09-21 12:00:00,71,0.0,29,36,316,2.3
San Ignacio de Moxos,2026-09-21 12:00:00,74,0.0,33,36,306,3.1
San Ignacio de Moxos,2026-09-21 12:00:00,77,0.0,33,36,314,1.9
San Ignacio de Moxos,2026-09-21 12:00:00,80,0.0,26,27,318,0.8
San Ignacio de Moxos,2026-09-21 12:00:00,83,0.0,19,26,308,1.0
San Ignacio de Moxos,2026-09-21 12:00:00,86,0.0,19,36,298,1.2
San Ignacio de Moxos,2026-09-21 12:00:00,89,0.0,30,36,300,1.8
San Ignacio de Moxos,2026-09-21 12:00:00,92,0.0,33,36,320,2.4
San Ignacio de Moxos,2026-09-21 12:00:00,95,0.0,38,36,330,2.8
San Ignacio de Moxos,2026-09-21 12:00:00,98,0.0,44,26,330,3.2
San Ignacio de Moxos,2026-09-21 12:00:00,101,0.0,39,26,346,2.5
San Ignacio de Moxos,2026-09-21 12:00:00,104,0.0,34,26,356,1.8
San Ignacio de Moxos,2026-09-21 12:00:00,107,0.0,32,26,345,1.7
San Ignacio de Moxos,2026-09-21 12:00:00,110,0.0,29,27,329,1.6
San Ignacio de Velasco,2026-09-21 12:00:00,2,0.0,33,36,330,6.6
San Ignacio de Velasco,2026-09-21 12:00:00,5,0.0,33,36,342,5.6
San Ignacio de Velasco,2026-09-21 12:00:00,8,1.6,29,85,352,4.6
San Ignacio de Velasco,2026-09-21 12:00:00,11,1.7,24,85,352,3.6
San Ignacio de Velasco,2026-09-21 12:00:00,14,0.9,19,89,342,2.6
San Ignacio de Velasco,2026-09-21 12:00:00,17,1.9,19,89,266,2.7
San Ignacio de Velasco,2026-09-21 12:00:00,20,1.4,21,89,213,3.2
San Ignacio de Velasco,2026-09-21 12:00:00,23,1.6,22,89,223,3.7
San Ignacio de Velasco,2026-09-21 12:00:00,26,0.0,28,56,224,4.3
San Ignacio de Velasco,2026-09-21 12:00:00,29,0.0,28,56,281,2.8
San Ignacio de Velasco,2026-09-21 12:00:00,32,0.0,24,56,337,1.2
San Ignacio de Velasco,2026-09-21 12:00:00,35,0.0,20,55,277,0.9
San Ignacio de Velasco,2026-09-21 12:00:00,38,0.0,17,55,215,0.6
San Ignacio de Velasco,2026-09-21 12:00:00,41,0.0,17,56,178,2.8
San Ignacio de Velasco,2026-09-21 12:00:00,44,0.0,20,56,160,3.1
San Ignacio de Velasco,2026-09-21 12:00:00,47,0.0,23,56,240,2.7
San Ignacio de Velasco,2026-09-21 12:00:00,50,0.0,26,56,310,2.3
San Ignacio de Velasco,2026-09-21 12:00:00,53,0.0,26,56,288,1.7
San Ignacio de Velasco,2026-09-21 12:00:00,56,0.0,24,56,258,1.1
San Ignacio de Velasco,2026-09-21 12:00:00,59,0.0,20,57,228,1.7
San Ignacio de Velasco,2026-09-21 12:00:00,62,0.0,18,36,188,2.3
San Ignacio de Velasco,2026-09-21 12:00:00,65,0.0,18,36,157,1.5
San Ignacio de Velasco,2026-09-21 12:00:00,68,0.0,22,36,126,1.2
San Ignacio de Velasco,2026-09-21 12:00:00,71,0.0,26,36,54,2.3
San Ignacio de Velasco,2026-09-21 12:00:00,74,0.0,28,36,334,3.3
San Ignacio de Velasco,2026-09-21 12:00:00,77,0.0,28,36,340,2.4
San Ignacio de Velasco,2026-09-21 12:00:00,80,0.0,26,26,342,1.5
San Ignacio de Velasco,2026-09-21 12:00:00,83,0.0,24,26,313,1.4
San Ignacio de Velasco,2026-09-21 12:00:00,86,0.0,20,26,283,1.3
San Ignacio de Velasco,2026-09-21 12:00:00,89,0.0,20,26,330,1.7
San Ignacio de Velasco,2026-09-21 12:00:00,92,0.0,25,26,27,1.8
San Ignacio de Velasco,2026-09-21 12:00:00,95,0.0,27,26,19,2.5
San Ignacio de Velasco,2026-09-21 12:00:00,98,0.0,30,36,2,3.3
San Ignacio de Velasco,2026-09-21 12:00:00,101,0.0,30,36,6,3.4
San Ignacio de Velasco,2026-09-21 12:00:00,104,0.0,26,26,4,3.6
San Ignacio de Velasco,2026-09-21 12:00:00,107,0.0,21,26,356,2.9
San Ignacio de Velasco,2026-09-21 12:00:00,110,0.0,21,26,339,2.1
San Javier,2026-09-21 12:00:00,2,0.0,34,37,330,5.8
San Javier,2026-09-21 12:00:00,5,0.0,34,36,340,4.9
San Javier,2026-09-21 12:00:00,8,1.7,29,85,350,4.0
San Javier,2026-09-21 12:00:00,11,1.1,24,84,360,3.9
San Javier,2026-09-21 12:00:00,14,1.7,20,89,360,3.8
San Javier,2026-09-21 12:00:00,17,2.8,20,89,270,3.1
San Javier,2026-09-21 12:00:00,20,1.2,23,89,183,3.2
San Javier,2026-09-21 12:00:00,23,1.1,26,89,183,3.9
San Javier,2026-09-21 12:00:00,26,0.0,28,56,182,4.5
San Javier,2026-09-21 12:00:00,29,0.0,28,56,124,2.8
San Javier,2026-09-21 12:00:00,32,0.0,25,56,65,1.1
San Javier,2026-09-21 12:00:00,35,0.0,21,56,68,0.8
San Javier,2026-09-21 12:00:00,38,0.0,18,57,65,0.4
San Javier,2026-09-21 12:00:00,41,0.0,18,57,170,2.4
San Javier,2026-09-21 12:00:00,44,0.0,21,56,160,3.2
San Javier,2026-09-21 12:00:00,47,0.0,23,56,219,2.9
San Javier,2026-09-21 12:00:00,50,0.0,26,56,275,2.5
San Javier,2026-09-21 12:00:00,53,0.0,26,56,236,2.1
San Javier,2026-09-21 12:00:00,56,0.0,23,56,191,1.8
San Javier,2026-09-21 12:00:00,59,0.0,21,56,150,1.3
San Javier,2026-09-21 12:00:00,62,0.0,19,36,103,0.7
San Javier,2026-09-21 12:00:00,65,0.0,19,36,109,1.0
San Javier,2026-09-21 12:00:00,68,0.0,22,36,30,1.6
San Javier,2026-09-21 12:00:00,71,0.0,24,36,350,2.9
San Javier,2026-09-21 12:00:00,74,0.0,28,37,300,4.3
San Javier,2026-09-21 12:00:00,77,0.0,28,36,311,2.8
San Javier,2026-09-21 12:00:00,80,0.0,26,26,314,1.3
San Javier,2026-09-21 12:00:00,83,0.0,24,26,324,1.2
San Javier,2026-09-21 12:00:00,86,0.0,21,26,334,1.2
San Javier,2026-09-21 12:00:00,89,0.0,21,25,351,1.9
San Javier,2026-09-21 12:00:00,92,0.0,24,25,350,2.4
San Javier,2026-09-21 12:00:00,95,0.0,26,26,330,3.1
San Javier,2026-09-21 12:00:00,98,0.0,30,37,310,3.8
San Javier,2026-09-21 12:00:00,101,0.0,30,36,333,3.1
San Javier,2026-09-21 12:00:00,104,0.0,26,26,353,2.4
San Javier,2026-09-21 12:00:00,107,0.0,22,26,360,2.4
San Javier,2026-09-21 12:00:00,110,0.0,22,26,360,2.4
San Jose,2026-09-21 12:00:00,2,0.0,36,36,330,7.2
San Jose,2026-09-21 12:00:00,5,0.0,36,37,9,5.0
San Jose,2026-09-21 12:00:00,8,2.0,30,84,43,2.8
San Jose,2026-09-21 12:00:00,11,2.2,25,84,27,3.2
San Jose,2026-09-21 12:00:00,14,1.6,21,88,4,3.6
San Jose,2026-09-21 12:00:00,17,2.0,21,89,270,2.9
San Jose,2026-09-21 12:00:00,20,1.4,23,89,186,4.0
San Jose,2026-09-21 12:00:00,23,1.9,26,88,220,3.4
San Jose,2026-09-21 12:00:00,26,0.0,30,56,245,2.7
San Jose,2026-09-21 12:00:00,29,0.0,30,56,210,2.4
San Jose,2026-09-21 12:00:00,32,0.0,25,56,171,2.2
San Jose,2026-09-21 12:00:00,35,0.0,21,56,167,2.9
San Jose,2026-09-21 12:00:00,38,0.0,19,56,155,3.6
San Jose,2026-09-21 12:00:00,41,0.0,19,56,160,3.6
San Jose,2026-09-21 12:00:00,44,0.0,22,56,160,3.1
San Jose,2026-09-21 12:00:00,47,0.0,25,56,240,2.9
San Jose,2026-09-21 12:00:00,50,0.0,28,56,310,2.7
San Jose,2026-09-21 12:00:00,53,0.0,28,56,260,2.3
San Jose,2026-09-21 12:00:00,56,0.0,26,57,200,2.0
San Jose,2026-09-21 12:00:00,59,0.0,23,56,175,2.0
San Jose,2026-09-21 12:00:00,62,0.0,20,36,147,1.9
San Jose,2026-09-21 12:00:00,65,0.0,20,36,113,2.0
San Jose,2026-09-21 12:00:00,68,0.0,23,36,63,2.0
San Jose,2026-09-21 12:00:00,71,0.0,27,36,23,2.4
San Jose,2026-09-21 12:00:00,74,0.0,30,36,334,2.9
San Jose,2026-09-21 12:00:00,77,0.0,30,36,294,1.9
San Jose,2026-09-21 12:00:00,80,0.0,27,27,244,1.0
San Jose,2026-09-21 12:00:00,83,0.0,25,27,250,0.9
San Jose,2026-09-21 12:00:00,86,0.0,22,26,248,0.9
San Jose,2026-09-21 12:00:00,89,0.0,22,26,123,1.4
San Jose,2026-09-21 12:00:00,92,0.0,26,25,35,2.0
San Jose,2026-09-21 12:00:00,95,0.0,29,26,15,2.9
San Jose,2026-09-21 12:00:00,98,0.0,32,36,350,3.8
San Jose,2026-09-21 12:00:00,101,0.0,32,36,20,3.0
San Jose,2026-09-21 12:00:00,104,0.0,28,26,40,2.3
San Jose,2026-09-21 12:00:00,107,0.0,23,26,63,1.7
San Jose,2026-09-21 12:00:00,110,0.0,23,26,82,1.1
San Julian - Comunidad Los Angeles,2026-09-21 12:00:00,2,0.0,38,36,310,6.9
San Julian - Comunidad Los Angeles,2026-09-21 12:00:00,5,0.0,38,36,330,6.3
San Julian - Comunidad Los Angeles,2026-09-21 12:00:00,8,0.0,33,36,350,5.6
San Julian - Comunidad Los Angeles,2026-09-21 12:00:00,11,0.0,27,36,340,4.9
San Julian - Comunidad Los Angeles,2026-09-21 12:00:00,14,0.7,20,90,330,4.2
San Julian - Comunidad Los Angeles,2026-09-21 12:00:00,17,1.1,20,89,260,3.3
San Julian - Comunidad Los Angeles,2026-09-21 12:00:00,20,0.6,24,89,180,3.4
San Julian - Comunidad Los Angeles,2026-09-21 12:00:00,23,1.7,27,88,151,3.0
San Julian - Comunidad Los Angeles,2026-09-21 12:00:00,26,0.0,29,55,119,2.6
San Julian - Comunidad Los Angeles,2026-09-21 12:00:00,29,0.0,29,56,121,2.1
San Julian - Comunidad Los Angeles,2026-09-21 12:00:00,32,0.0,27,56,114,1.6
San Julian - Comunidad Los Angeles,2026-09-21 12:00:00,35,0.0,24,56,141,1.9
San Julian - Comunidad Los Angeles,2026-09-21 12:00:00,38,0.0,18,57,169,2.1
San Julian - Comunidad Los Angeles,2026-09-21 12:00:00,41,0.0,18,56,149,3.5
San Julian - Comunidad Los Angeles,2026-09-21 12:00:00,44,0.0,21,56,149,3.8
San Julian - Comunidad Los Angeles,2026-09-21 12:00:00,47,0.0,24,56,158,2.3
San Julian - Comunidad Los Angeles,2026-09-21 12:00:00,50,0.0,27,56,164,0.8
San Julian - Comunidad Los Angeles,2026-09-21 12:00:00,53,0.0,27,56,185,1.4
San Julian - Comunidad Los Angeles,2026-09-21 12:00:00,56,0.0,23,56,197,2.0
San Julian - Comunidad Los Angeles,2026-09-21 12:00:00,59,0.0,21,56,150,1.8
San Julian - Comunidad Los Angeles,2026-09-21 12:00:00,62,0.0,19,56,101,1.5
San Julian - Comunidad Los Angeles,2026-09-21 12:00:00,65,0.0,19,56,91,1.0
San Julian - Comunidad Los Angeles,2026-09-21 12:00:00,68,0.0,21,57,102,0.9
San Julian - Comunidad Los Angeles,2026-09-21 12:00:00,71,0.0,26,56,34,2.7
San Julian - Comunidad Los Angeles,2026-09-21 12:00:00,74,0.0,29,36,300,4.5
San Julian - Comunidad Los Angeles,2026-09-21 12:00:00,77,0.0,29,36,308,3.4
San Julian - Comunidad Los Angeles,2026-09-21 12:00:00,80,0.0,26,26,309,2.2
San Julian - Comunidad Los Angeles,2026-09-21 12:00:00,83,0.0,23,26,328,1.9
San Julian - Comunidad Los Angeles,2026-09-21 12:00:00,86,0.0,21,36,340,1.5
San Julian - Comunidad Los Angeles,2026-09-21 12:00:00,89,0.0,21,36,330,2.1
San Julian - Comunidad Los Angeles,2026-09-21 12:00:00,92,0.0,26,35,328,2.7
San Julian - Comunidad Los Angeles,2026-09-21 12:00:00,95,0.0,29,35,328,3.7
San Julian - Comunidad Los Angeles,2026-09-21 12:00:00,98,0.0,32,56,320,4.6
San Julian - Comunidad Los Angeles,2026-09-21 12:00:00,101,0.0,32,56,340,3.4
San Julian - Comunidad Los Angeles,2026-09-21 12:00:00,104,0.0,27,36,360,2.2
San Julian - Comunidad Los Angeles,2026-09-21 12:00:00,107,0.0,22,36,350,2.2
San Julian - Comunidad Los Angeles,2026-09-21 12:00:00,110,0.0,22,26,338,2.1
San Julián - Núcleo 32,2026-09-21 12:00:00,2,0.0,38,36,310,5.3
San Julián - Núcleo 32,2026-09-21 12:00:00,5,0.0,38,36,330,4.8
San Julián - Núcleo 32,2026-09-21 12:00:00,8,0.0,32,36,350,4.3
San Julián - Núcleo 32,2026-09-21 12:00:00,11,0.0,26,35,340,3.6
San Julián - Núcleo 32,2026-09-21 12:00:00,14,1.6,20,89,330,3.0
San Julián - Núcleo 32,2026-09-21 12:00:00,17,0.7,20,89,250,2.3
San Julián - Núcleo 32,2026-09-21 12:00:00,20,1.6,24,88,162,2.0
San Julián - Núcleo 32,2026-09-21 12:00:00,23,2.1,28,89,152,2.2
San Julián - Núcleo 32,2026-09-21 12:00:00,26,0.0,30,56,140,2.4
San Julián - Núcleo 32,2026-09-21 12:00:00,29,0.0,30,56,130,1.8
San Julián - Núcleo 32,2026-09-21 12:00:00,32,0.0,27,56,118,1.2
San Julián - Núcleo 32,2026-09-21 12:00:00,35,0.0,23,56,148,1.3
San Julián - Núcleo 32,2026-09-21 12:00:00,38,0.0,18,56,170,1.4
San Julián - Núcleo 32,2026-09-21 12:00:00,41,0.0,18,56,140,2.8
San Julián - Núcleo 32,2026-09-21 12:00:00,44,0.0,21,56,140,3.2
San Julián - Núcleo 32,2026-09-21 12:00:00,47,0.0,24,57,162,2.0
San Julián - Núcleo 32,2026-09-21 12:00:00,50,0.0,28,56,184,0.8
San Julián - Núcleo 32,2026-09-21 12:00:00,53,0.0,28,56,182,1.1
San Julián - Núcleo 32,2026-09-21 12:00:00,56,0.0,24,56,176,1.5
San Julián - Núcleo 32,2026-09-21 12:00:00,59,0.0,22,56,148,1.5
San Julián - Núcleo 32,2026-09-21 12:00:00,62,0.0,19,56,118,1.4
San Julián - Núcleo 32,2026-09-21 12:00:00,65,0.0,19,56,144,0.6
San Julián - Núcleo 32,2026-09-21 12:00:00,68,0.0,23,56,198,0.6
San Julián - Núcleo 32,2026-09-21 12:00:00,71,0.0,27,56,254,2.0
San Julián - Núcleo 32,2026-09-21 12:00:00,74,0.0,30,37,310,3.5
San Julián - Núcleo 32,2026-09-21 12:00:00,77,0.0,30,36,304,2.3
San Julián - Núcleo 32,2026-09-21 12:00:00,80,0.0,28,26,298,1.2
San Julián - Núcleo 32,2026-09-21 12:00:00,83,0.0,24,26,326,1.0
San Julián - Núcleo 32,2026-09-21 12:00:00,86,0.0,21,36,351,0.8
San Julián - Núcleo 32,2026-09-21 12:00:00,89,0.0,21,36,340,1.7
San Julián - Núcleo 32,2026-09-21 12:00:00,92,0.0,25,36,330,2.3
San Julián - Núcleo 32,2026-09-21 12:00:00,95,0.0,28,36,330,2.8
San Julián - Núcleo 32,2026-09-21 12:00:00,98,0.0,33,56,320,3.4
San Julián - Núcleo 32,2026-09-21 12:00:00,101,0.0,33,55,340,2.5
San Julián - Núcleo 32,2026-09-21 12:00:00,104,0.0,29,36,354,1.6
San Julián - Núcleo 32,2026-09-21 12:00:00,107,0.0,22,36,350,2.0
San Julián - Núcleo 32,2026-09-21 12:00:00,110,0.0,22,25,340,2.4
San Matias,2026-09-21 12:00:00,2,0.0,37,36,334,4.7
San Matias,2026-09-21 12:00:00,5,0.0,37,36,342,4.4
San Matias,2026-09-21 12:00:00,8,2.1,31,85,340,4.3
San Matias,2026-09-21 12:00:00,11,1.7,26,84,352,3.3
San Matias,2026-09-21 12:00:00,14,0.7,22,89,0,2.2
San Matias,2026-09-21 12:00:00,17,0.7,22,90,275,2.5
San Matias,2026-09-21 12:00:00,20,0.9,25,89,204,2.3
San Matias,2026-09-21 12:00:00,23,1.9,28,89,212,2.2
San Matias,2026-09-21 12:00:00,26,0.0,33,57,209,2.1
San Matias,2026-09-21 12:00:00,29,0.0,33,56,276,2.7
San Matias,2026-09-21 12:00:00,32,0.0,26,56,1,3.1
San Matias,2026-09-21 12:00:00,35,0.0,23,57,5,2.5
San Matias,2026-09-21 12:00:00,38,0.0,20,57,5,1.8
San Matias,2026-09-21 12:00:00,41,0.0,20,55,161,2.6
San Matias,2026-09-21 12:00:00,44,0.0,24,56,147,3.2
San Matias,2026-09-21 12:00:00,47,0.0,27,56,202,2.7
San Matias,2026-09-21 12:00:00,50,0.0,31,56,252,2.1
San Matias,2026-09-21 12:00:00,53,0.0,31,56,201,1.9
San Matias,2026-09-21 12:00:00,56,0.0,27,56,141,1.7
San Matias,2026-09-21 12:00:00,59,0.0,23,56,98,1.9
San Matias,2026-09-21 12:00:00,62,0.0,21,36,47,2.0
San Matias,2026-09-21 12:00:00,65,0.0,21,36,77,1.5
San Matias,2026-09-21 12:00:00,68,0.0,24,36,80,1.6
San Matias,2026-09-21 12:00:00,71,0.0,29,36,8,2.3
San Matias,2026-09-21 12:00:00,74,0.0,33,36,291,2.9
San Matias,2026-09-21 12:00:00,77,0.0,33,36,360,2.3
San Matias,2026-09-21 12:00:00,80,0.0,30,26,67,1.7
San Matias,2026-09-21 12:00:00,83,0.0,26,26,40,1.8
San Matias,2026-09-21 12:00:00,86,0.0,23,26,10,2.0
San Matias,2026-09-21 12:00:00,89,0.0,23,26,19,1.8
San Matias,2026-09-21 12:00:00,92,0.0,27,26,24,1.7
San Matias,2026-09-21 12:00:00,95,0.0,31,26,326,1.4
San Matias,2026-09-21 12:00:00,98,0.0,35,36,261,1.1
San Matias,2026-09-21 12:00:00,101,0.0,35,36,336,1.3
San Matias,2026-09-21 12:00:00,104,0.0,30,25,51,1.6
San Matias,2026-09-21 12:00:00,107,0.0,24,26,29,2.0
San Matias,2026-09-21 12:00:00,110,0.0,24,26,360,2.5
San Pablo de Lipez (GPRS),2026-09-21 12:00:00,2,0.0,7,26,299,7.3
San Pablo de Lipez (GPRS),2026-09-21 12:00:00,5,0.0,7,26,271,5.3
San Pablo de Lipez (GPRS),2026-09-21 12:00:00,8,0.0,3,26,237,3.4
San Pablo de Lipez (GPRS),2026-09-21 12:00:00,11,0.0,0,26,201,2.1
San Pablo de Lipez (GPRS),2026-09-21 12:00:00,14,0.0,-3,26,151,0.9
San Pablo de Lipez (GPRS),2026-09-21 12:00:00,17,0.0,-3,26,300,2.5
San Pablo de Lipez (GPRS),2026-09-21 12:00:00,20,0.0,1,26,314,3.0
San Pablo de Lipez (GPRS),2026-09-21 12:00:00,23,0.0,5,26,304,5.3
San Pablo de Lipez (GPRS),2026-09-21 12:00:00,26,0.0,13,26,285,7.7
San Pablo de Lipez (GPRS),2026-09-21 12:00:00,29,0.0,13,26,275,6.0
San Pablo de Lipez (GPRS),2026-09-21 12:00:00,32,0.0,6,26,256,4.3
San Pablo de Lipez (GPRS),2026-09-21 12:00:00,35,0.0,2,26,256,3.0
San Pablo de Lipez (GPRS),2026-09-21 12:00:00,38,0.0,-3,26,251,1.7
San Pablo de Lipez (GPRS),2026-09-21 12:00:00,41,0.0,-3,26,256,2.0
San Pablo de Lipez (GPRS),2026-09-21 12:00:00,44,0.0,1,26,275,1.4
San Pablo de Lipez (GPRS),2026-09-21 12:00:00,47,0.0,5,26,290,3.4
San Pablo de Lipez (GPRS),2026-09-21 12:00:00,50,0.0,14,26,300,5.3
San Pablo de Lipez (GPRS),2026-09-21 12:00:00,53,0.0,14,26,329,4.1
San Pablo de Lipez (GPRS),2026-09-21 12:00:00,56,0.0,6,26,353,2.8
San Pablo de Lipez (GPRS),2026-09-21 12:00:00,59,0.0,3,26,308,2.4
San Pablo de Lipez (GPRS),2026-09-21 12:00:00,62,0.0,-2,26,181,2.0
San Pablo de Lipez (GPRS),2026-09-21 12:00:00,65,0.0,-2,26,206,1.7
San Pablo de Lipez (GPRS),2026-09-21 12:00:00,68,0.0,3,26,186,1.2
San Pablo de Lipez (GPRS),2026-09-21 12:00:00,71,0.0,7,26,232,2.0
San Pablo de Lipez (GPRS),2026-09-21 12:00:00,74,0.0,14,26,282,2.8
San Pablo de Lipez (GPRS),2026-09-21 12:00:00,77,0.0,14,26,316,3.3
San Pablo de Lipez (GPRS),2026-09-21 12:00:00,80,0.0,6,26,331,3.9
San Pablo de Lipez (GPRS),2026-09-21 12:00:00,83,0.0,1,26,344,2.6
San Pablo de Lipez (GPRS),2026-09-21 12:00:00,86,0.0,-2,26,352,1.4
San Pablo de Lipez (GPRS),2026-09-21 12:00:00,89,0.0,-2,26,130,1.0
San Pablo de Lipez (GPRS),2026-09-21 12:00:00,92,0.0,5,26,84,0.4
San Pablo de Lipez (GPRS),2026-09-21 12:00:00,95,0.0,9,26,30,2.4
San Pablo de Lipez (GPRS),2026-09-21 12:00:00,98,0.0,14,26,336,4.3
San Pablo de Lipez (GPRS),2026-09-21 12:00:00,101,0.0,14,26,327,3.1
San Pablo de Lipez (GPRS),2026-09-21 12:00:00,104,0.0,9,26,318,1.9
San Pablo de Lipez (GPRS),2026-09-21 12:00:00,107,0.0,-1,26,297,1.9
San Pablo de Lipez (GPRS),2026-09-21 12:00:00,110,0.0,-1,27,275,1.9
San Pedro - Río Victoria,2026-09-21 12:00:00,2,0.0,37,37,320,5.0
San Pedro - Río Victoria,2026-09-21 12:00:00,5,0.0,37,36,337,4.5
San Pedro - Río Victoria,2026-09-21 12:00:00,8,0.0,30,36,347,4.0
San Pedro - Río Victoria,2026-09-21 12:00:00,11,0.0,24,36,347,3.3
San Pedro - Río Victoria,2026-09-21 12:00:00,14,2.0,18,89,347,2.5
San Pedro - Río Victoria,2026-09-21 12:00:00,17,1.9,18,90,50,1.9
San Pedro - Río Victoria,2026-09-21 12:00:00,20,2.1,24,89,130,2.5
San Pedro - Río Victoria,2026-09-21 12:00:00,23,1.2,27,89,140,3.3
San Pedro - Río Victoria,2026-09-21 12:00:00,26,0.0,30,56,144,4.0
San Pedro - Río Victoria,2026-09-21 12:00:00,29,0.0,30,56,169,2.8
San Pedro - Río Victoria,2026-09-21 12:00:00,32,0.0,26,56,193,1.5
San Pedro - Río Victoria,2026-09-21 12:00:00,35,0.0,21,56,174,1.6
San Pedro - Río Victoria,2026-09-21 12:00:00,38,0.0,16,56,150,1.8
San Pedro - Río Victoria,2026-09-21 12:00:00,41,0.0,16,56,130,2.5
San Pedro - Río Victoria,2026-09-21 12:00:00,44,0.0,20,56,130,3.4
San Pedro - Río Victoria,2026-09-21 12:00:00,47,0.0,23,56,150,2.1
San Pedro - Río Victoria,2026-09-21 12:00:00,50,0.0,28,55,171,0.8
San Pedro - Río Victoria,2026-09-21 12:00:00,53,0.0,28,56,180,1.3
San Pedro - Río Victoria,2026-09-21 12:00:00,56,0.0,23,55,183,1.7
San Pedro - Río Victoria,2026-09-21 12:00:00,59,0.0,20,57,153,1.5
San Pedro - Río Victoria,2026-09-21 12:00:00,62,0.0,17,56,117,1.3
San Pedro - Río Victoria,2026-09-21 12:00:00,65,0.0,17,56,124,0.7
San Pedro - Río Victoria,2026-09-21 12:00:00,68,0.0,20,56,63,0.6
San Pedro - Río Victoria,2026-09-21 12:00:00,71,0.0,26,56,3,1.9
San Pedro - Río Victoria,2026-09-21 12:00:00,74,0.0,30,36,303,3.2
San Pedro - Río Victoria,2026-09-21 12:00:00,77,0.0,30,36,290,2.2
San Pedro - Río Victoria,2026-09-21 12:00:00,80,0.0,25,26,270,1.2
San Pedro - Río Victoria,2026-09-21 12:00:00,83,0.0,22,26,280,1.0
San Pedro - Río Victoria,2026-09-21 12:00:00,86,0.0,19,36,290,0.8
San Pedro - Río Victoria,2026-09-21 12:00:00,89,0.0,19,36,326,1.2
San Pedro - Río Victoria,2026-09-21 12:00:00,92,0.0,24,36,333,1.7
San Pedro - Río Victoria,2026-09-21 12:00:00,95,0.0,29,36,320,2.5
San Pedro - Río Victoria,2026-09-21 12:00:00,98,0.0,33,56,300,3.2
San Pedro - Río Victoria,2026-09-21 12:00:00,101,0.0,33,56,320,2.4
San Pedro - Río Victoria,2026-09-21 12:00:00,104,0.0,29,36,340,1.5
San Pedro - Río Victoria,2026-09-21 12:00:00,107,0.0,20,36,340,1.4
San Pedro - Río Victoria,2026-09-21 12:00:00,110,0.0,20,26,337,1.4
San Pedro de Buena Vista,2026-09-21 12:00:00,2,0.0,24,35,32,2.2
San Pedro de Buena Vista,2026-09-21 12:00:00,5,0.0,24,36,18,2.8
San Pedro de Buena Vista,2026-09-21 12:00:00,8,0.0,18,57,357,3.3
San Pedro de Buena Vista,2026-09-21 12:00:00,11,0.0,13,56,334,2.4
San Pedro de Buena Vista,2026-09-21 12:00:00,14,0.0,6,25,303,1.5
San Pedro de Buena Vista,2026-09-21 12:00:00,17,0.0,6,26,336,1.7
San Pedro de Buena Vista,2026-09-21 12:00:00,20,0.0,13,27,343,1.8
San Pedro de Buena Vista,2026-09-21 12:00:00,23,0.0,18,26,5,2.6
San Pedro de Buena Vista,2026-09-21 12:00:00,26,0.0,24,26,25,3.3
San Pedro de Buena Vista,2026-09-21 12:00:00,29,0.0,24,27,40,3.1
San Pedro de Buena Vista,2026-09-21 12:00:00,32,0.0,17,27,53,2.8
San Pedro de Buena Vista,2026-09-21 12:00:00,35,0.0,12,27,10,2.6
San Pedro de Buena Vista,2026-09-21 12:00:00,38,0.0,6,26,318,2.3
San Pedro de Buena Vista,2026-09-21 12:00:00,41,0.0,6,26,318,2.0
San Pedro de Buena Vista,2026-09-21 12:00:00,44,0.0,14,25,276,2.3
San Pedro de Buena Vista,2026-09-21 12:00:00,47,0.0,19,26,200,2.4
San Pedro de Buena Vista,2026-09-21 12:00:00,50,0.0,25,26,121,2.5
San Pedro de Buena Vista,2026-09-21 12:00:00,53,0.0,25,26,100,2.3
San Pedro de Buena Vista,2026-09-21 12:00:00,56,0.0,21,26,70,2.2
San Pedro de Buena Vista,2026-09-21 12:00:00,59,0.0,15,26,50,1.4
San Pedro de Buena Vista,2026-09-21 12:00:00,62,0.0,7,27,20,0.6
San Pedro de Buena Vista,2026-09-21 12:00:00,65,0.0,7,27,25,0.9
San Pedro de Buena Vista,2026-09-21 12:00:00,68,0.0,14,26,40,1.1
San Pedro de Buena Vista,2026-09-21 12:00:00,71,0.0,20,26,68,2.8
San Pedro de Buena Vista,2026-09-21 12:00:00,74,0.0,25,26,88,4.4
San Pedro de Buena Vista,2026-09-21 12:00:00,77,0.0,25,26,88,3.4
San Pedro de Buena Vista,2026-09-21 12:00:00,80,0.0,18,26,78,2.5
San Pedro de Buena Vista,2026-09-21 12:00:00,83,0.0,14,26,30,1.5
San Pedro de Buena Vista,2026-09-21 12:00:00,86,0.0,7,26,341,0.7
San Pedro de Buena Vista,2026-09-21 12:00:00,89,0.0,7,26,350,1.3
San Pedro de Buena Vista,2026-09-21 12:00:00,92,0.0,16,26,355,1.3
San Pedro de Buena Vista,2026-09-21 12:00:00,95,0.0,20,27,38,3.0
San Pedro de Buena Vista,2026-09-21 12:00:00,98,0.0,25,36,76,4.7
San Pedro de Buena Vista,2026-09-21 12:00:00,101,0.0,25,36,81,3.4
San Pedro de Buena Vista,2026-09-21 12:00:00,104,0.0,18,26,78,2.0
San Pedro de Buena Vista,2026-09-21 12:00:00,107,0.0,8,26,40,1.6
San Pedro de Buena Vista,2026-09-21 12:00:00,110,0.0,8,25,355,1.2
San Pedro de Tiquina,2026-09-21 12:00:00,2,0.0,15,36,298,5.4
San Pedro de Tiquina,2026-09-21 12:00:00,5,0.0,15,35,337,4.8
San Pedro de Tiquina,2026-09-21 12:00:00,8,0.0,11,27,9,4.3
San Pedro de Tiquina,2026-09-21 12:00:00,11,0.0,8,26,23,3.3
San Pedro de Tiquina,2026-09-21 12:00:00,14,0.0,3,26,33,2.2
San Pedro de Tiquina,2026-09-21 12:00:00,17,0.0,3,26,56,1.3
San Pedro de Tiquina,2026-09-21 12:00:00,20,0.0,8,26,54,1.1
San Pedro de Tiquina,2026-09-21 12:00:00,23,0.0,10,26,355,2.7
San Pedro de Tiquina,2026-09-21 12:00:00,26,0.0,15,36,297,4.3
San Pedro de Tiquina,2026-09-21 12:00:00,29,0.0,15,36,330,5.3
San Pedro de Tiquina,2026-09-21 12:00:00,32,0.0,11,36,2,6.3
San Pedro de Tiquina,2026-09-21 12:00:00,35,0.0,8,35,2,4.4
San Pedro de Tiquina,2026-09-21 12:00:00,38,0.0,2,36,355,2.5
San Pedro de Tiquina,2026-09-21 12:00:00,41,0.0,1,26,8,1.8
San Pedro de Tiquina,2026-09-21 12:00:00,44,0.0,7,26,21,0.8
San Pedro de Tiquina,2026-09-21 12:00:00,47,0.0,10,26,343,2.4
San Pedro de Tiquina,2026-09-21 12:00:00,50,0.0,16,26,298,3.8
San Pedro de Tiquina,2026-09-21 12:00:00,53,0.0,16,26,330,4.3
San Pedro de Tiquina,2026-09-21 12:00:00,56,0.0,12,26,360,4.7
San Pedro de Tiquina,2026-09-21 12:00:00,59,0.0,8,26,12,3.3
San Pedro de Tiquina,2026-09-21 12:00:00,62,0.0,2,26,22,1.9
San Pedro de Tiquina,2026-09-21 12:00:00,65,0.0,1,25,100,1.1
San Pedro de Tiquina,2026-09-21 12:00:00,68,0.0,10,26,180,1.0
San Pedro de Tiquina,2026-09-21 12:00:00,71,0.0,13,26,247,2.8
San Pedro de Tiquina,2026-09-21 12:00:00,74,0.0,16,36,304,4.5
San Pedro de Tiquina,2026-09-21 12:00:00,77,0.0,17,36,337,4.8
San Pedro de Tiquina,2026-09-21 12:00:00,80,0.0,10,27,3,5.1
San Pedro de Tiquina,2026-09-21 12:00:00,83,0.0,6,26,353,3.8
San Pedro de Tiquina,2026-09-21 12:00:00,86,0.0,1,26,343,2.5
San Pedro de Tiquina,2026-09-21 12:00:00,89,0.0,1,27,7,2.2
San Pedro de Tiquina,2026-09-21 12:00:00,92,0.0,9,26,28,1.0
San Pedro de Tiquina,2026-09-21 12:00:00,95,0.0,12,27,357,3.6
San Pedro de Tiquina,2026-09-21 12:00:00,98,0.0,17,36,319,6.1
San Pedro de Tiquina,2026-09-21 12:00:00,101,0.0,18,36,350,5.2
San Pedro de Tiquina,2026-09-21 12:00:00,104,0.0,10,26,13,4.2
San Pedro de Tiquina,2026-09-21 12:00:00,107,0.0,2,26,3,3.3
San Pedro de Tiquina,2026-09-21 12:00:00,110,0.0,2,26,350,2.5
San Ramon,2026-09-21 12:00:00,2,0.0,37,56,300,6.1
San Ramon,2026-09-21 12:00:00,5,0.0,37,56,332,5.5
San Ramon,2026-09-21 12:00:00,8,0.0,33,36,2,4.9
San Ramon,2026-09-21 12:00:00,11,0.0,29,36,360,4.7
San Ramon,2026-09-21 12:00:00,14,1.4,22,89,350,4.4
San Ramon,2026-09-21 12:00:00,17,1.5,22,89,310,3.6
San Ramon,2026-09-21 12:00:00,20,1.7,26,89,290,4.4
San Ramon,2026-09-21 12:00:00,23,2.0,29,89,300,5.1
San Ramon,2026-09-21 12:00:00,26,2.7,33,84,300,5.8
San Ramon,2026-09-21 12:00:00,29,2.2,33,84,340,5.4
San Ramon,2026-09-21 12:00:00,32,2.3,29,89,15,5.1
San Ramon,2026-09-21 12:00:00,35,2.5,25,89,40,4.0
San Ramon,2026-09-21 12:00:00,38,0.0,21,56,60,2.9
San Ramon,2026-09-21 12:00:00,41,0.0,21,56,117,2.0
San Ramon,2026-09-21 12:00:00,44,0.0,24,56,122,2.3
San Ramon,2026-09-21 12:00:00,47,0.0,26,56,195,2.9
San Ramon,2026-09-21 12:00:00,50,0.0,29,56,295,3.4
San Ramon,2026-09-21 12:00:00,53,0.0,29,56,285,2.6
San Ramon,2026-09-21 12:00:00,56,0.0,25,56,268,1.9
San Ramon,2026-09-21 12:00:00,59,0.0,22,56,318,2.2
San Ramon,2026-09-21 12:00:00,62,0.0,19,36,360,2.6
San Ramon,2026-09-21 12:00:00,65,0.0,19,36,315,2.7
San Ramon,2026-09-21 12:00:00,68,0.0,24,36,310,3.2
San Ramon,2026-09-21 12:00:00,71,0.0,29,36,320,3.4
San Ramon,2026-09-21 12:00:00,74,0.0,32,36,320,3.8
San Ramon,2026-09-21 12:00:00,77,0.0,32,36,313,3.0
San Ramon,2026-09-21 12:00:00,80,0.0,26,26,300,2.2
San Ramon,2026-09-21 12:00:00,83,0.0,19,26,323,2.3
San Ramon,2026-09-21 12:00:00,86,0.0,19,37,343,2.4
San Ramon,2026-09-21 12:00:00,89,0.0,32,36,333,3.1
San Ramon,2026-09-21 12:00:00,92,0.0,34,37,315,3.6
San Ramon,2026-09-21 12:00:00,95,0.0,38,36,315,3.6
San Ramon,2026-09-21 12:00:00,98,0.0,43,26,310,3.6
San Ramon,2026-09-21 12:00:00,101,0.0,39,26,340,3.8
San Ramon,2026-09-21 12:00:00,104,0.0,34,26,360,4.0
San Ramon,2026-09-21 12:00:00,107,0.0,32,26,350,3.2
San Ramon,2026-09-21 12:00:00,110,0.0,31,26,340,2.5
San Roque - La Paz,2026-09-21 12:00:00,2,0.0,17,36,297,6.4
San Roque - La Paz,2026-09-21 12:00:00,5,0.0,17,36,313,4.7
San Roque - La Paz,2026-09-21 12:00:00,8,0.0,11,27,322,2.8
San Roque - La Paz,2026-09-21 12:00:00,11,0.0,5,27,34,2.2
San Roque - La Paz,2026-09-21 12:00:00,14,0.0,2,26,98,1.6
San Roque - La Paz,2026-09-21 12:00:00,17,0.0,2,26,147,1.4
San Roque - La Paz,2026-09-21 12:00:00,20,0.0,7,27,154,0.8
San Roque - La Paz,2026-09-21 12:00:00,23,0.0,11,26,221,3.3
San Roque - La Paz,2026-09-21 12:00:00,26,0.0,18,36,287,5.9
San Roque - La Paz,2026-09-21 12:00:00,29,0.0,18,36,324,3.8
San Roque - La Paz,2026-09-21 12:00:00,32,0.0,12,36,0,1.8
San Roque - La Paz,2026-09-21 12:00:00,35,0.0,7,36,64,1.8
San Roque - La Paz,2026-09-21 12:00:00,38,0.0,1,36,126,1.7
San Roque - La Paz,2026-09-21 12:00:00,41,0.0,1,26,203,1.0
San Roque - La Paz,2026-09-21 12:00:00,44,0.0,7,26,288,0.9
San Roque - La Paz,2026-09-21 12:00:00,47,0.0,12,26,294,3.0
San Roque - La Paz,2026-09-21 12:00:00,50,0.0,19,27,301,5.0
San Roque - La Paz,2026-09-21 12:00:00,53,0.0,19,26,314,3.0
San Roque - La Paz,2026-09-21 12:00:00,56,0.0,15,26,320,1.0
San Roque - La Paz,2026-09-21 12:00:00,59,0.0,9,26,40,1.1
San Roque - La Paz,2026-09-21 12:00:00,62,0.0,1,26,111,1.1
San Roque - La Paz,2026-09-21 12:00:00,65,0.0,1,26,177,0.3
San Roque - La Paz,2026-09-21 12:00:00,68,0.0,10,27,127,0.4
San Roque - La Paz,2026-09-21 12:00:00,71,0.0,15,26,139,2.9
San Roque - La Paz,2026-09-21 12:00:00,74,0.0,19,35,145,5.4
San Roque - La Paz,2026-09-21 12:00:00,77,0.0,19,37,166,3.3
San Roque - La Paz,2026-09-21 12:00:00,80,0.0,12,26,185,1.3
San Roque - La Paz,2026-09-21 12:00:00,83,0.0,5,27,147,1.5
San Roque - La Paz,2026-09-21 12:00:00,86,0.0,1,26,107,1.6
San Roque - La Paz,2026-09-21 12:00:00,89,0.0,0,26,335,0.4
San Roque - La Paz,2026-09-21 12:00:00,92,0.0,9,26,288,0.4
San Roque - La Paz,2026-09-21 12:00:00,95,0.0,14,26,309,1.7
San Roque - La Paz,2026-09-21 12:00:00,98,0.0,20,37,325,3.0
San Roque - La Paz,2026-09-21 12:00:00,101,0.0,20,36,18,3.2
San Roque - La Paz,2026-09-21 12:00:00,104,0.0,10,26,60,3.4
San Roque - La Paz,2026-09-21 12:00:00,107,0.0,1,26,57,2.3
San Roque - La Paz,2026-09-21 12:00:00,110,0.0,1,26,44,1.2
Santa Ana,2026-09-21 12:00:00,2,0.0,37,57,310,6.7
Santa Ana,2026-09-21 12:00:00,5,0.0,37,56,340,5.2
Santa Ana,2026-09-21 12:00:00,8,0.0,30,36,1,3.6
Santa Ana,2026-09-21 12:00:00,11,0.0,25,36,350,3.5
Santa Ana,2026-09-21 12:00:00,14,0.7,21,89,330,3.4
Santa Ana,2026-09-21 12:00:00,17,0.7,21,89,330,3.7
Santa Ana,2026-09-21 12:00:00,20,2.2,25,89,310,4.0
Santa Ana,2026-09-21 12:00:00,23,1.4,29,88,310,5.9
Santa Ana,2026-09-21 12:00:00,26,2.4,33,83,300,7.9
Santa Ana,2026-09-21 12:00:00,29,0.9,33,84,320,5.5
Santa Ana,2026-09-21 12:00:00,32,2.6,28,89,330,3.1
Santa Ana,2026-09-21 12:00:00,35,2.7,25,89,43,2.3
Santa Ana,2026-09-21 12:00:00,38,0.0,20,57,147,1.5
Santa Ana,2026-09-21 12:00:00,41,0.0,20,56,160,2.8
Santa Ana,2026-09-21 12:00:00,44,0.0,23,56,140,2.9
Santa Ana,2026-09-21 12:00:00,47,0.0,26,57,220,3.1
Santa Ana,2026-09-21 12:00:00,50,0.0,29,56,300,3.2
Santa Ana,2026-09-21 12:00:00,53,0.0,29,56,326,2.1
Santa Ana,2026-09-21 12:00:00,56,0.0,25,57,353,1.0
Santa Ana,2026-09-21 12:00:00,59,0.0,22,56,347,1.7
Santa Ana,2026-09-21 12:00:00,62,0.0,18,36,334,2.4
Santa Ana,2026-09-21 12:00:00,65,0.0,18,36,317,2.1
Santa Ana,2026-09-21 12:00:00,68,0.0,22,36,320,3.4
Santa Ana,2026-09-21 12:00:00,71,0.0,27,36,320,3.9
Santa Ana,2026-09-21 12:00:00,74,0.0,32,36,317,4.5
Santa Ana,2026-09-21 12:00:00,77,0.0,32,37,330,2.9
Santa Ana,2026-09-21 12:00:00,80,0.0,25,26,335,1.4
Santa Ana,2026-09-21 12:00:00,83,0.0,18,27,332,1.8
Santa Ana,2026-09-21 12:00:00,86,0.0,18,36,329,2.2
Santa Ana,2026-09-21 12:00:00,89,0.0,32,36,337,3.7
Santa Ana,2026-09-21 12:00:00,92,0.0,34,36,320,4.6
Santa Ana,2026-09-21 12:00:00,95,0.0,38,36,320,4.3
Santa Ana,2026-09-21 12:00:00,98,0.0,43,26,310,3.9
Santa Ana,2026-09-21 12:00:00,101,0.0,39,26,320,2.8
Santa Ana,2026-09-21 12:00:00,104,0.0,35,26,330,1.6
Santa Ana,2026-09-21 12:00:00,107,0.0,33,27,340,2.1
Santa Ana,2026-09-21 12:00:00,110,0.0,31,27,350,2.7
Santa Cruz - Trompillo,2026-09-21 12:00:00,2,0.0,35,36,320,8.9
Santa Cruz - Trompillo,2026-09-21 12:00:00,5,0.0,35,36,320,7.2
Santa Cruz - Trompillo,2026-09-21 12:00:00,8,0.0,29,36,320,5.5
Santa Cruz - Trompillo,2026-09-21 12:00:00,11,0.0,23,36,328,5.2
Santa Cruz - Trompillo,2026-09-21 12:00:00,14,1.6,19,89,328,5.0
Santa Cruz - Trompillo,2026-09-21 12:00:00,17,2.3,19,89,206,3.8
Santa Cruz - Trompillo,2026-09-21 12:00:00,20,2.9,22,90,168,5.0
Santa Cruz - Trompillo,2026-09-21 12:00:00,23,2.9,24,90,168,4.8
Santa Cruz - Trompillo,2026-09-21 12:00:00,26,0.0,26,56,158,4.5
Santa Cruz - Trompillo,2026-09-21 12:00:00,29,0.0,26,57,178,4.2
Santa Cruz - Trompillo,2026-09-21 12:00:00,32,0.0,23,56,188,3.9
Santa Cruz - Trompillo,2026-09-21 12:00:00,35,0.0,21,56,178,3.7
Santa Cruz - Trompillo,2026-09-21 12:00:00,38,0.0,17,55,160,3.5
Santa Cruz - Trompillo,2026-09-21 12:00:00,41,0.0,17,56,162,4.5
Santa Cruz - Trompillo,2026-09-21 12:00:00,44,0.0,19,56,162,3.9
Santa Cruz - Trompillo,2026-09-21 12:00:00,47,0.0,21,56,120,3.1
Santa Cruz - Trompillo,2026-09-21 12:00:00,50,0.0,24,56,70,2.3
Santa Cruz - Trompillo,2026-09-21 12:00:00,53,0.0,24,56,43,1.5
Santa Cruz - Trompillo,2026-09-21 12:00:00,56,0.0,22,56,257,0.7
Santa Cruz - Trompillo,2026-09-21 12:00:00,59,0.0,19,56,215,1.2
Santa Cruz - Trompillo,2026-09-21 12:00:00,62,0.0,18,56,172,1.8
Santa Cruz - Trompillo,2026-09-21 12:00:00,65,0.0,18,57,208,1.5
Santa Cruz - Trompillo,2026-09-21 12:00:00,68,0.0,21,56,158,2.2
Santa Cruz - Trompillo,2026-09-21 12:00:00,71,0.0,24,55,238,4.2
Santa Cruz - Trompillo,2026-09-21 12:00:00,74,0.0,26,36,312,6.3
Santa Cruz - Trompillo,2026-09-21 12:00:00,77,0.0,26,36,311,4.4
Santa Cruz - Trompillo,2026-09-21 12:00:00,80,0.0,24,26,310,2.6
Santa Cruz - Trompillo,2026-09-21 12:00:00,83,0.0,22,26,316,2.3
Santa Cruz - Trompillo,2026-09-21 12:00:00,86,0.0,20,36,316,2.0
Santa Cruz - Trompillo,2026-09-21 12:00:00,89,0.0,20,36,320,2.8
Santa Cruz - Trompillo,2026-09-21 12:00:00,92,0.0,24,36,330,3.5
Santa Cruz - Trompillo,2026-09-21 12:00:00,95,0.0,27,36,330,5.3
Santa Cruz - Trompillo,2026-09-21 12:00:00,98,0.0,29,55,330,7.2
Santa Cruz - Trompillo,2026-09-21 12:00:00,101,0.0,29,56,320,4.8
Santa Cruz - Trompillo,2026-09-21 12:00:00,104,0.0,26,35,308,2.5
Santa Cruz - Trompillo,2026-09-21 12:00:00,107,0.0,21,36,318,2.9
Santa Cruz - Trompillo,2026-09-21 12:00:00,110,0.0,21,26,318,3.3
Santa Cruz - Viru Viru,2026-09-21 12:00:00,2,0.0,36,36,314,8.9
Santa Cruz - Viru Viru,2026-09-21 12:00:00,5,0.0,36,36,324,7.0
Santa Cruz - Viru Viru,2026-09-21 12:00:00,8,0.0,29,36,330,5.2
Santa Cruz - Viru Viru,2026-09-21 12:00:00,11,0.0,23,36,332,5.1
Santa Cruz - Viru Viru,2026-09-21 12:00:00,14,1.6,18,90,332,4.9
Santa Cruz - Viru Viru,2026-09-21 12:00:00,17,1.3,18,89,209,3.6
Santa Cruz - Viru Viru,2026-09-21 12:00:00,20,1.7,21,89,162,5.0
Santa Cruz - Viru Viru,2026-09-21 12:00:00,23,1.7,24,89,162,4.5
Santa Cruz - Viru Viru,2026-09-21 12:00:00,26,0.0,27,56,152,3.9
Santa Cruz - Viru Viru,2026-09-21 12:00:00,29,0.0,27,56,166,3.6
Santa Cruz - Viru Viru,2026-09-21 12:00:00,32,0.0,23,57,176,3.4
Santa Cruz - Viru Viru,2026-09-21 12:00:00,35,0.0,20,57,165,3.5
Santa Cruz - Viru Viru,2026-09-21 12:00:00,38,0.0,16,57,150,3.6
Santa Cruz - Viru Viru,2026-09-21 12:00:00,41,0.0,16,56,154,4.7
Santa Cruz - Viru Viru,2026-09-21 12:00:00,44,0.0,19,56,154,4.1
Santa Cruz - Viru Viru,2026-09-21 12:00:00,47,0.0,22,56,122,3.0
Santa Cruz - Viru Viru,2026-09-21 12:00:00,50,0.0,25,56,88,1.8
Santa Cruz - Viru Viru,2026-09-21 12:00:00,53,0.0,25,56,157,1.4
Santa Cruz - Viru Viru,2026-09-21 12:00:00,56,0.0,22,56,218,0.9
Santa Cruz - Viru Viru,2026-09-21 12:00:00,59,0.0,19,56,192,1.4
Santa Cruz - Viru Viru,2026-09-21 12:00:00,62,0.0,17,56,161,1.9
Santa Cruz - Viru Viru,2026-09-21 12:00:00,65,0.0,17,56,229,1.5
Santa Cruz - Viru Viru,2026-09-21 12:00:00,68,0.0,21,56,160,2.0
Santa Cruz - Viru Viru,2026-09-21 12:00:00,71,0.0,24,56,240,3.9
Santa Cruz - Viru Viru,2026-09-21 12:00:00,74,0.0,27,36,310,5.8
Santa Cruz - Viru Viru,2026-09-21 12:00:00,77,0.0,27,36,310,4.2
Santa Cruz - Viru Viru,2026-09-21 12:00:00,80,0.0,24,26,300,2.5
Santa Cruz - Viru Viru,2026-09-21 12:00:00,83,0.0,21,25,310,2.3
Santa Cruz - Viru Viru,2026-09-21 12:00:00,86,0.0,19,37,320,2.0
Santa Cruz - Viru Viru,2026-09-21 12:00:00,89,0.0,20,36,315,2.7
Santa Cruz - Viru Viru,2026-09-21 12:00:00,92,0.0,24,36,324,3.3
Santa Cruz - Viru Viru,2026-09-21 12:00:00,95,0.0,27,36,330,5.1
Santa Cruz - Viru Viru,2026-09-21 12:00:00,98,0.0,30,56,330,6.9
Santa Cruz - Viru Viru,2026-09-21 12:00:00,101,0.0,30,57,322,4.7
Santa Cruz - Viru Viru,2026-09-21 12:00:00,104,0.0,26,36,312,2.4
Santa Cruz - Viru Viru,2026-09-21 12:00:00,107,0.0,21,36,317,2.9
Santa Cruz - Viru Viru,2026-09-21 12:00:00,110,0.0,21,26,317,3.3
Santa Rosa,2026-09-21 12:00:00,2,0.0,37,36,320,5.9
Santa Rosa,2026-09-21 12:00:00,5,0.0,37,36,330,5.1
Santa Rosa,2026-09-21 12:00:00,8,0.0,32,26,340,4.3
Santa Rosa,2026-09-21 12:00:00,11,0.0,28,27,340,3.4
Santa Rosa,2026-09-21 12:00:00,14,0.0,23,36,340,2.4
Santa Rosa,2026-09-21 12:00:00,17,0.0,23,36,320,4.0
Santa Rosa,2026-09-21 12:00:00,20,0.0,25,37,320,4.4
Santa Rosa,2026-09-21 12:00:00,23,0.0,28,36,320,5.6
Santa Rosa,2026-09-21 12:00:00,26,1.5,37,84,320,6.8
Santa Rosa,2026-09-21 12:00:00,29,2.6,37,84,336,4.9
Santa Rosa,2026-09-21 12:00:00,32,2.0,30,84,346,2.9
Santa Rosa,2026-09-21 12:00:00,35,2.7,25,84,278,2.6
Santa Rosa,2026-09-21 12:00:00,38,1.8,22,83,202,2.2
Santa Rosa,2026-09-21 12:00:00,41,2.0,22,83,160,2.8
Santa Rosa,2026-09-21 12:00:00,44,1.9,25,84,140,3.7
Santa Rosa,2026-09-21 12:00:00,47,1.8,27,83,78,3.1
Santa Rosa,2026-09-21 12:00:00,50,0.0,31,56,328,2.5
Santa Rosa,2026-09-21 12:00:00,53,0.0,31,56,354,2.0
Santa Rosa,2026-09-21 12:00:00,56,0.0,27,56,16,1.5
Santa Rosa,2026-09-21 12:00:00,59,0.0,25,56,326,1.5
Santa Rosa,2026-09-21 12:00:00,62,1.9,22,76,266,1.4
Santa Rosa,2026-09-21 12:00:00,65,1.9,22,76,283,1.8
Santa Rosa,2026-09-21 12:00:00,68,1.5,24,76,303,1.9
Santa Rosa,2026-09-21 12:00:00,71,2.3,28,76,320,3.1
Santa Rosa,2026-09-21 12:00:00,74,0.0,31,37,330,4.3
Santa Rosa,2026-09-21 12:00:00,77,0.0,31,36,336,3.1
Santa Rosa,2026-09-21 12:00:00,80,0.0,26,36,333,1.8
Santa Rosa,2026-09-21 12:00:00,83,0.0,22,36,290,1.7
Santa Rosa,2026-09-21 12:00:00,86,0.0,22,26,244,1.6
Santa Rosa,2026-09-21 12:00:00,89,0.0,31,26,311,2.5
Santa Rosa,2026-09-21 12:00:00,92,0.0,32,26,320,3.1
Santa Rosa,2026-09-21 12:00:00,95,0.0,38,26,330,3.4
Santa Rosa,2026-09-21 12:00:00,98,0.0,43,26,330,3.6
Santa Rosa,2026-09-21 12:00:00,101,0.0,40,26,350,3.4
Santa Rosa,2026-09-21 12:00:00,104,0.0,36,26,3,3.0
Santa Rosa,2026-09-21 12:00:00,107,0.0,33,26,340,2.8
Santa Rosa,2026-09-21 12:00:00,110,0.0,29,26,310,2.6
Santos Mercado - PD,2026-09-21 12:00:00,2,0.0,36,36,320,2.4
Santos Mercado - PD,2026-09-21 12:00:00,5,0.0,36,35,20,1.7
Santos Mercado - PD,2026-09-21 12:00:00,8,0.0,31,26,71,1.0
Santos Mercado - PD,2026-09-21 12:00:00,11,0.0,28,27,31,1.3
Santos Mercado - PD,2026-09-21 12:00:00,14,0.0,25,35,350,1.5
Santos Mercado - PD,2026-09-21 12:00:00,17,0.0,25,36,290,1.0
Santos Mercado - PD,2026-09-21 12:00:00,20,0.0,28,35,250,0.9
Santos Mercado - PD,2026-09-21 12:00:00,23,0.0,32,36,280,2.0
Santos Mercado - PD,2026-09-21 12:00:00,26,0.3,36,75,300,3.1
Santos Mercado - PD,2026-09-21 12:00:00,29,1.6,36,76,320,2.5
Santos Mercado - PD,2026-09-21 12:00:00,32,0.0,31,56,330,1.8
Santos Mercado - PD,2026-09-21 12:00:00,35,0.0,27,55,330,1.1
Santos Mercado - PD,2026-09-21 12:00:00,38,0.0,24,56,319,0.5
Santos Mercado - PD,2026-09-21 12:00:00,41,0.0,24,55,180,0.8
Santos Mercado - PD,2026-09-21 12:00:00,44,0.0,28,56,150,0.5
Santos Mercado - PD,2026-09-21 12:00:00,47,0.0,32,57,190,1.4
Santos Mercado - PD,2026-09-21 12:00:00,50,3.3,35,75,230,2.3
Santos Mercado - PD,2026-09-21 12:00:00,53,1.4,35,77,270,1.6
Santos Mercado - PD,2026-09-21 12:00:00,56,0.0,32,55,300,1.0
Santos Mercado - PD,2026-09-21 12:00:00,59,0.0,28,56,320,1.1
Santos Mercado - PD,2026-09-21 12:00:00,62,0.0,24,55,340,1.2
Santos Mercado - PD,2026-09-21 12:00:00,65,0.0,24,57,310,1.3
Santos Mercado - PD,2026-09-21 12:00:00,68,0.0,26,56,290,1.1
Santos Mercado - PD,2026-09-21 12:00:00,71,0.0,29,57,300,1.5
Santos Mercado - PD,2026-09-21 12:00:00,74,0.4,32,84,310,1.9
Santos Mercado - PD,2026-09-21 12:00:00,77,2.3,32,85,340,1.9
Santos Mercado - PD,2026-09-21 12:00:00,80,0.0,28,36,10,1.9
Santos Mercado - PD,2026-09-21 12:00:00,83,0.0,24,36,20,1.6
Santos Mercado - PD,2026-09-21 12:00:00,86,0.0,24,36,30,1.3
Santos Mercado - PD,2026-09-21 12:00:00,89,0.0,28,36,339,1.6
Santos Mercado - PD,2026-09-21 12:00:00,92,0.0,31,35,330,1.8
Santos Mercado - PD,2026-09-21 12:00:00,95,0.0,35,36,350,1.8
Santos Mercado - PD,2026-09-21 12:00:00,98,0.0,39,56,360,1.7
Santos Mercado - PD,2026-09-21 12:00:00,101,0.0,34,56,320,1.3
Santos Mercado - PD,2026-09-21 12:00:00,104,0.0,30,37,279,0.8
Santos Mercado - PD,2026-09-21 12:00:00,107,0.0,27,37,300,1.0
Santos Mercado - PD,2026-09-21 12:00:00,110,0.0,24,27,320,1.3
Sena - PD,2026-09-21 12:00:00,2,0.0,36,36,320,3.0
Sena - PD,2026-09-21 12:00:00,5,0.0,36,36,328,2.3
Sena - PD,2026-09-21 12:00:00,8,0.0,32,26,330,1.6
Sena - PD,2026-09-21 12:00:00,11,0.0,29,26,330,1.6
Sena - PD,2026-09-21 12:00:00,14,0.0,25,36,325,1.6
Sena - PD,2026-09-21 12:00:00,17,0.0,25,36,295,1.5
Sena - PD,2026-09-21 12:00:00,20,0.0,28,36,285,1.7
Sena - PD,2026-09-21 12:00:00,23,0.0,32,36,308,2.2
Sena - PD,2026-09-21 12:00:00,26,2.9,36,75,325,2.6
Sena - PD,2026-09-21 12:00:00,29,2.1,36,76,358,2.4
Sena - PD,2026-09-21 12:00:00,32,0.0,31,56,28,2.2
Sena - PD,2026-09-21 12:00:00,35,0.0,27,56,348,1.7
Sena - PD,2026-09-21 12:00:00,38,0.0,24,56,300,1.1
Sena - PD,2026-09-21 12:00:00,41,0.0,24,56,240,0.9
Sena - PD,2026-09-21 12:00:00,44,0.0,28,56,160,1.3
Sena - PD,2026-09-21 12:00:00,47,0.0,32,56,240,1.7
Sena - PD,2026-09-21 12:00:00,50,2.4,35,76,320,2.1
Sena - PD,2026-09-21 12:00:00,53,2.6,35,76,338,1.8
Sena - PD,2026-09-21 12:00:00,56,0.0,31,56,348,1.4
Sena - PD,2026-09-21 12:00:00,59,0.0,28,56,338,1.3
Sena - PD,2026-09-21 12:00:00,62,0.0,24,56,325,1.2
Sena - PD,2026-09-21 12:00:00,65,0.0,24,56,318,1.5
Sena - PD,2026-09-21 12:00:00,68,0.0,27,56,288,1.6
Sena - PD,2026-09-21 12:00:00,71,0.0,30,56,298,2.0
Sena - PD,2026-09-21 12:00:00,74,1.6,32,84,300,2.3
Sena - PD,2026-09-21 12:00:00,77,2.3,32,84,293,1.6
Sena - PD,2026-09-21 12:00:00,80,0.0,28,36,280,0.9
Sena - PD,2026-09-21 12:00:00,83,0.0,24,36,318,0.9
Sena - PD,2026-09-21 12:00:00,86,0.0,24,36,350,0.8
Sena - PD,2026-09-21 12:00:00,89,0.0,29,36,350,1.7
Sena - PD,2026-09-21 12:00:00,92,0.0,31,36,320,2.0
Sena - PD,2026-09-21 12:00:00,95,0.0,35,36,330,1.6
Sena - PD,2026-09-21 12:00:00,98,0.0,39,56,336,1.3
Sena - PD,2026-09-21 12:00:00,101,0.0,34,56,360,1.4
Sena - PD,2026-09-21 12:00:00,104,0.0,30,36,20,1.5
Sena - PD,2026-09-21 12:00:00,107,0.0,28,36,360,1.5
Sena - PD,2026-09-21 12:00:00,110,0.0,27,26,333,1.3
Soracachi,2026-09-21 12:00:00,2,0.0,17,26,266,5.2
Soracachi,2026-09-21 12:00:00,5,0.0,17,25,301,3.8
Soracachi,2026-09-21 12:00:00,8,0.0,12,26,333,2.4
Soracachi,2026-09-21 12:00:00,11,0.0,8,26,32,1.6
Soracachi,2026-09-21 12:00:00,14,0.0,-2,26,85,0.9
Soracachi,2026-09-21 12:00:00,17,0.0,-2,26,58,1.2
Soracachi,2026-09-21 12:00:00,20,0.0,7,26,348,1.2
Soracachi,2026-09-21 12:00:00,23,0.0,12,26,324,3.5
Soracachi,2026-09-21 12:00:00,26,0.0,19,26,299,5.8
Soracachi,2026-09-21 12:00:00,29,0.0,19,26,330,4.8
Soracachi,2026-09-21 12:00:00,32,0.0,11,26,356,3.8
Soracachi,2026-09-21 12:00:00,35,0.0,5,26,8,3.0
Soracachi,2026-09-21 12:00:00,38,0.0,-2,36,15,2.2
Soracachi,2026-09-21 12:00:00,41,0.0,-2,36,341,2.4
Soracachi,2026-09-21 12:00:00,44,0.0,8,35,317,2.6
Soracachi,2026-09-21 12:00:00,47,0.0,13,36,272,3.6
Soracachi,2026-09-21 12:00:00,50,0.0,20,26,222,4.6
Soracachi,2026-09-21 12:00:00,53,0.0,20,26,154,3.1
Soracachi,2026-09-21 12:00:00,56,0.0,13,26,78,1.5
Soracachi,2026-09-21 12:00:00,59,0.0,7,26,150,1.3
Soracachi,2026-09-21 12:00:00,62,0.0,-3,26,216,1.1
Soracachi,2026-09-21 12:00:00,65,0.0,-3,26,156,1.7
Soracachi,2026-09-21 12:00:00,68,0.0,8,25,143,2.3
Soracachi,2026-09-21 12:00:00,71,0.0,14,26,159,3.6
Soracachi,2026-09-21 12:00:00,74,0.0,21,27,169,4.8
Soracachi,2026-09-21 12:00:00,77,0.0,21,26,111,4.4
Soracachi,2026-09-21 12:00:00,80,0.0,12,26,47,3.9
Soracachi,2026-09-21 12:00:00,83,0.0,6,26,41,3.1
Soracachi,2026-09-21 12:00:00,86,0.0,-3,26,28,2.1
Soracachi,2026-09-21 12:00:00,89,0.0,-3,26,28,1.5
Soracachi,2026-09-21 12:00:00,92,0.0,10,26,37,0.8
Soracachi,2026-09-21 12:00:00,95,0.0,14,26,40,4.1
Soracachi,2026-09-21 12:00:00,98,0.0,22,37,42,7.5
Soracachi,2026-09-21 12:00:00,101,0.0,22,36,56,6.2
Soracachi,2026-09-21 12:00:00,104,0.0,11,26,67,5.0
Soracachi,2026-09-21 12:00:00,107,0.0,-2,26,46,3.3
Soracachi,2026-09-21 12:00:00,110,0.0,-2,26,20,1.5
Sucre,2026-09-21 12:00:00,2,0.0,24,37,48,5.3
Sucre,2026-09-21 12:00:00,5,0.0,24,36,18,4.2
Sucre,2026-09-21 12:00:00,8,0.0,20,36,348,3.2
Sucre,2026-09-21 12:00:00,11,0.0,15,37,350,2.7
Sucre,2026-09-21 12:00:00,14,0.0,12,55,349,2.1
Sucre,2026-09-21 12:00:00,17,0.0,12,56,15,2.0
Sucre,2026-09-21 12:00:00,20,0.0,14,56,22,2.5
Sucre,2026-09-21 12:00:00,23,0.0,16,57,32,4.0
Sucre,2026-09-21 12:00:00,26,1.1,22,76,32,5.6
Sucre,2026-09-21 12:00:00,29,1.0,22,76,28,4.9
Sucre,2026-09-21 12:00:00,32,0.0,16,56,17,4.0
Sucre,2026-09-21 12:00:00,35,0.0,13,55,20,3.1
Sucre,2026-09-21 12:00:00,38,0.0,10,36,15,2.1
Sucre,2026-09-21 12:00:00,41,0.0,10,36,5,2.5
Sucre,2026-09-21 12:00:00,44,0.0,14,36,355,2.1
Sucre,2026-09-21 12:00:00,47,0.0,18,36,29,2.8
Sucre,2026-09-21 12:00:00,50,0.0,23,26,57,3.7
Sucre,2026-09-21 12:00:00,53,0.0,23,26,49,3.1
Sucre,2026-09-21 12:00:00,56,0.0,19,26,39,2.5
Sucre,2026-09-21 12:00:00,59,0.0,16,27,30,2.2
Sucre,2026-09-21 12:00:00,62,0.0,13,26,20,1.8
Sucre,2026-09-21 12:00:00,65,0.0,13,26,31,1.7
Sucre,2026-09-21 12:00:00,68,0.0,15,26,39,1.5
Sucre,2026-09-21 12:00:00,71,0.0,19,26,49,2.4
Sucre,2026-09-21 12:00:00,74,0.0,24,36,51,3.4
Sucre,2026-09-21 12:00:00,77,0.0,24,36,63,2.8
Sucre,2026-09-21 12:00:00,80,0.0,20,26,70,2.1
Sucre,2026-09-21 12:00:00,83,0.0,16,26,40,2.0
Sucre,2026-09-21 12:00:00,86,0.0,13,26,2,1.8
Sucre,2026-09-21 12:00:00,89,0.0,13,26,20,1.7
Sucre,2026-09-21 12:00:00,92,0.0,16,27,29,1.6
Sucre,2026-09-21 12:00:00,95,0.0,20,27,33,3.5
Sucre,2026-09-21 12:00:00,98,0.0,25,36,33,5.5
Sucre,2026-09-21 12:00:00,101,0.0,25,36,40,4.0
Sucre,2026-09-21 12:00:00,104,0.0,21,26,45,2.4
Sucre,2026-09-21 12:00:00,107,0.0,14,26,29,1.8
Sucre,2026-09-21 12:00:00,110,0.0,14,26,10,1.2
Sultaca,2026-09-21 12:00:00,2,0.0,18,36,271,3.3
Sultaca,2026-09-21 12:00:00,5,0.0,18,36,245,4.1
Sultaca,2026-09-21 12:00:00,8,0.0,14,36,153,5.0
Sultaca,2026-09-21 12:00:00,11,0.0,12,36,108,3.6
Sultaca,2026-09-21 12:00:00,14,0.0,10,55,57,2.1
Sultaca,2026-09-21 12:00:00,17,0.0,10,56,12,2.4
Sultaca,2026-09-21 12:00:00,20,0.0,11,56,349,2.6
Sultaca,2026-09-21 12:00:00,23,0.0,12,56,320,3.3
Sultaca,2026-09-21 12:00:00,26,0.8,14,76,286,4.1
Sultaca,2026-09-21 12:00:00,29,1.1,14,76,332,3.6
Sultaca,2026-09-21 12:00:00,32,0.0,12,56,8,3.1
Sultaca,2026-09-21 12:00:00,35,0.0,10,56,356,2.6
Sultaca,2026-09-21 12:00:00,38,0.0,8,36,337,2.2
Sultaca,2026-09-21 12:00:00,41,0.0,8,36,317,2.3
Sultaca,2026-09-21 12:00:00,44,0.0,10,36,291,2.1
Sultaca,2026-09-21 12:00:00,47,0.0,12,36,225,2.5
Sultaca,2026-09-21 12:00:00,50,0.0,15,26,152,2.9
Sultaca,2026-09-21 12:00:00,53,0.0,15,26,117,2.9
Sultaca,2026-09-21 12:00:00,56,0.0,13,26,78,2.8
Sultaca,2026-09-21 12:00:00,59,0.0,11,26,65,1.9
Sultaca,2026-09-21 12:00:00,62,0.0,11,26,50,1.0
Sultaca,2026-09-21 12:00:00,65,0.0,11,26,284,1.2
Sultaca,2026-09-21 12:00:00,68,0.0,12,26,222,0.8
Sultaca,2026-09-21 12:00:00,71,0.0,15,26,171,3.0
Sultaca,2026-09-21 12:00:00,74,0.0,16,36,117,5.2
Sultaca,2026-09-21 12:00:00,77,0.0,16,36,101,4.2
Sultaca,2026-09-21 12:00:00,80,0.0,15,26,82,3.2
Sultaca,2026-09-21 12:00:00,83,0.0,13,26,32,2.1
Sultaca,2026-09-21 12:00:00,86,0.0,11,26,337,1.0
Sultaca,2026-09-21 12:00:00,89,0.0,11,26,337,1.1
Sultaca,2026-09-21 12:00:00,92,0.0,14,26,313,1.0
Sultaca,2026-09-21 12:00:00,95,0.0,16,26,26,3.1
Sultaca,2026-09-21 12:00:00,98,0.0,19,36,94,5.3
Sultaca,2026-09-21 12:00:00,101,0.0,19,36,67,3.9
Sultaca,2026-09-21 12:00:00,104,0.0,15,26,35,2.6
Sultaca,2026-09-21 12:00:00,107,0.0,12,26,76,1.5
Sultaca,2026-09-21 12:00:00,110,0.0,12,26,116,0.4
Tarapaya,2026-09-21 12:00:00,2,0.0,21,36,280,7.5
Tarapaya,2026-09-21 12:00:00,5,0.0,21,36,260,4.8
Tarapaya,2026-09-21 12:00:00,8,0.0,17,56,239,2.1
Tarapaya,2026-09-21 12:00:00,11,0.0,11,57,285,2.0
Tarapaya,2026-09-21 12:00:00,14,0.0,2,26,332,1.9
Tarapaya,2026-09-21 12:00:00,17,0.0,2,26,345,1.6
Tarapaya,2026-09-21 12:00:00,20,0.0,8,26,308,1.7
Tarapaya,2026-09-21 12:00:00,23,0.0,13,26,300,4.2
Tarapaya,2026-09-21 12:00:00,26,0.0,24,26,290,6.6
Tarapaya,2026-09-21 12:00:00,29,0.0,24,26,280,5.1
Tarapaya,2026-09-21 12:00:00,32,0.0,14,26,270,3.5
Tarapaya,2026-09-21 12:00:00,35,0.0,8,26,270,2.8
Tarapaya,2026-09-21 12:00:00,38,0.0,2,26,267,2.0
Tarapaya,2026-09-21 12:00:00,41,0.0,2,25,295,1.6
Tarapaya,2026-09-21 12:00:00,44,0.0,8,26,277,1.9
Tarapaya,2026-09-21 12:00:00,47,0.0,14,26,208,2.2
Tarapaya,2026-09-21 12:00:00,50,0.0,25,26,139,2.5
Tarapaya,2026-09-21 12:00:00,53,0.0,25,26,107,2.1
Tarapaya,2026-09-21 12:00:00,56,0.0,17,26,73,1.7
Tarapaya,2026-09-21 12:00:00,59,0.0,11,26,28,1.2
Tarapaya,2026-09-21 12:00:00,62,0.0,3,26,340,0.7
Tarapaya,2026-09-21 12:00:00,65,0.0,3,26,242,1.6
Tarapaya,2026-09-21 12:00:00,68,0.0,10,26,222,2.0
Tarapaya,2026-09-21 12:00:00,71,0.0,16,26,170,4.2
Tarapaya,2026-09-21 12:00:00,74,0.0,25,26,118,6.3
Tarapaya,2026-09-21 12:00:00,77,0.0,25,26,87,4.9
Tarapaya,2026-09-21 12:00:00,80,0.0,14,26,49,3.6
Tarapaya,2026-09-21 12:00:00,83,0.0,9,25,21,2.3
Tarapaya,2026-09-21 12:00:00,86,0.0,3,26,351,0.9
Tarapaya,2026-09-21 12:00:00,89,0.0,3,25,278,0.8
Tarapaya,2026-09-21 12:00:00,92,0.0,12,26,279,0.9
Tarapaya,2026-09-21 12:00:00,95,0.0,16,26,341,3.0
Tarapaya,2026-09-21 12:00:00,98,0.0,25,36,35,5.2
Tarapaya,2026-09-21 12:00:00,101,0.0,25,36,47,3.1
Tarapaya,2026-09-21 12:00:00,104,0.0,8,26,49,1.1
Tarapaya,2026-09-21 12:00:00,107,0.0,4,26,319,1.1
Tarapaya,2026-09-21 12:00:00,110,0.0,4,26,238,1.2
Tarija - Centro,2026-09-21 12:00:00,2,2.5,32,89,355,1.9
Tarija - Centro,2026-09-21 12:00:00,5,1.7,32,89,65,2.1
Tarija - Centro,2026-09-21 12:00:00,8,1.4,24,89,129,2.3
Tarija - Centro,2026-09-21 12:00:00,11,1.8,16,89,176,1.5
Tarija - Centro,2026-09-21 12:00:00,14,1.8,4,89,212,0.9
Tarija - Centro,2026-09-21 12:00:00,17,1.1,4,89,130,2.3
Tarija - Centro,2026-09-21 12:00:00,20,1.1,9,89,134,2.5
Tarija - Centro,2026-09-21 12:00:00,23,1.1,14,89,130,3.5
Tarija - Centro,2026-09-21 12:00:00,26,0.0,22,57,126,4.4
Tarija - Centro,2026-09-21 12:00:00,29,0.0,22,57,135,3.5
Tarija - Centro,2026-09-21 12:00:00,32,0.0,14,57,135,2.5
Tarija - Centro,2026-09-21 12:00:00,35,0.0,9,57,110,1.8
Tarija - Centro,2026-09-21 12:00:00,38,0.0,3,37,86,1.1
Tarija - Centro,2026-09-21 12:00:00,41,0.0,3,37,86,1.1
Tarija - Centro,2026-09-21 12:00:00,44,0.0,11,37,76,1.2
Tarija - Centro,2026-09-21 12:00:00,47,0.0,17,37,121,2.0
Tarija - Centro,2026-09-21 12:00:00,50,0.0,31,27,156,2.7
Tarija - Centro,2026-09-21 12:00:00,53,0.0,31,27,126,2.2
Tarija - Centro,2026-09-21 12:00:00,56,0.0,20,26,95,1.5
Tarija - Centro,2026-09-21 12:00:00,59,0.0,13,27,115,1.2
Tarija - Centro,2026-09-21 12:00:00,62,0.0,6,26,136,0.8
Tarija - Centro,2026-09-21 12:00:00,65,0.0,6,26,107,0.9
Tarija - Centro,2026-09-21 12:00:00,68,0.0,14,26,82,0.8
Tarija - Centro,2026-09-21 12:00:00,71,0.0,21,26,121,2.1
Tarija - Centro,2026-09-21 12:00:00,74,0.0,36,26,151,3.5
Tarija - Centro,2026-09-21 12:00:00,77,0.0,37,26,116,2.5
Tarija - Centro,2026-09-21 12:00:00,80,0.0,22,26,81,1.5
Tarija - Centro,2026-09-21 12:00:00,83,0.0,16,26,81,1.2
Tarija - Centro,2026-09-21 12:00:00,86,0.0,9,26,80,0.9
Tarija - Centro,2026-09-21 12:00:00,89,0.0,9,26,100,1.1
Tarija - Centro,2026-09-21 12:00:00,92,0.0,18,26,110,1.0
Tarija - Centro,2026-09-21 12:00:00,95,0.0,23,27,126,2.2
Tarija - Centro,2026-09-21 12:00:00,98,0.0,38,37,136,3.3
Tarija - Centro,2026-09-21 12:00:00,101,0.0,38,35,131,2.4
Tarija - Centro,2026-09-21 12:00:00,104,0.0,21,36,121,1.4
Tarija - Centro,2026-09-21 12:00:00,107,0.0,10,36,170,1.0
Tarija - Centro,2026-09-21 12:00:00,110,0.0,10,27,214,0.7
Tolarapa (INIAF),2026-09-21 12:00:00,2,0.0,18,36,14,3.7
Tolarapa (INIAF),2026-09-21 12:00:00,5,0.0,18,36,317,3.6
Tolarapa (INIAF),2026-09-21 12:00:00,8,0.0,12,26,259,3.4
Tolarapa (INIAF),2026-09-21 12:00:00,11,0.0,8,26,259,3.1
Tolarapa (INIAF),2026-09-21 12:00:00,14,0.0,1,36,253,2.9
Tolarapa (INIAF),2026-09-21 12:00:00,17,0.0,1,36,322,2.3
Tolarapa (INIAF),2026-09-21 12:00:00,20,0.0,10,36,14,1.8
Tolarapa (INIAF),2026-09-21 12:00:00,23,0.0,13,36,10,2.3
Tolarapa (INIAF),2026-09-21 12:00:00,26,0.0,18,35,4,2.9
Tolarapa (INIAF),2026-09-21 12:00:00,29,0.0,18,36,318,2.7
Tolarapa (INIAF),2026-09-21 12:00:00,32,0.0,14,36,271,2.5
Tolarapa (INIAF),2026-09-21 12:00:00,35,0.0,8,36,303,2.3
Tolarapa (INIAF),2026-09-21 12:00:00,38,0.0,-1,35,330,2.0
Tolarapa (INIAF),2026-09-21 12:00:00,41,0.0,-1,26,314,2.3
Tolarapa (INIAF),2026-09-21 12:00:00,44,0.0,9,25,337,2.4
Tolarapa (INIAF),2026-09-21 12:00:00,47,0.0,15,25,359,2.4
Tolarapa (INIAF),2026-09-21 12:00:00,50,0.0,19,27,21,2.5
Tolarapa (INIAF),2026-09-21 12:00:00,53,0.0,19,26,337,2.0
Tolarapa (INIAF),2026-09-21 12:00:00,56,0.0,14,26,284,1.6
Tolarapa (INIAF),2026-09-21 12:00:00,59,0.0,9,26,264,1.8
Tolarapa (INIAF),2026-09-21 12:00:00,62,0.0,2,26,242,2.0
Tolarapa (INIAF),2026-09-21 12:00:00,65,0.0,2,25,315,1.9
Tolarapa (INIAF),2026-09-21 12:00:00,68,0.0,9,25,19,1.5
Tolarapa (INIAF),2026-09-21 12:00:00,71,0.0,13,27,24,2.1
Tolarapa (INIAF),2026-09-21 12:00:00,74,0.0,20,36,26,2.6
Tolarapa (INIAF),2026-09-21 12:00:00,77,0.0,20,36,329,2.0
Tolarapa (INIAF),2026-09-21 12:00:00,80,0.0,14,26,261,1.5
Tolarapa (INIAF),2026-09-21 12:00:00,83,0.0,7,26,255,2.0
Tolarapa (INIAF),2026-09-21 12:00:00,86,0.0,2,26,243,2.5
Tolarapa (INIAF),2026-09-21 12:00:00,89,0.0,3,25,297,2.0
Tolarapa (INIAF),2026-09-21 12:00:00,92,0.0,11,25,346,1.1
Tolarapa (INIAF),2026-09-21 12:00:00,95,0.0,17,26,6,1.9
Tolarapa (INIAF),2026-09-21 12:00:00,98,0.0,21,36,15,2.6
Tolarapa (INIAF),2026-09-21 12:00:00,101,0.0,22,36,319,2.5
Tolarapa (INIAF),2026-09-21 12:00:00,104,0.0,17,26,260,2.4
Tolarapa (INIAF),2026-09-21 12:00:00,107,0.0,4,27,255,2.8
Tolarapa (INIAF),2026-09-21 12:00:00,110,0.0,4,25,244,3.1
Totoral,2026-09-21 12:00:00,2,0.0,21,37,282,7.9
Totoral,2026-09-21 12:00:00,5,0.0,21,36,303,5.2
Totoral,2026-09-21 12:00:00,8,0.0,16,57,323,2.6
Totoral,2026-09-21 12:00:00,11,0.0,9,56,303,2.1
Totoral,2026-09-21 12:00:00,14,0.0,1,26,275,1.6
Totoral,2026-09-21 12:00:00,17,0.0,1,26,276,2.1
Totoral,2026-09-21 12:00:00,20,0.0,8,26,270,2.0
Totoral,2026-09-21 12:00:00,23,0.0,14,26,280,5.6
Totoral,2026-09-21 12:00:00,26,0.0,23,26,283,9.1
Totoral,2026-09-21 12:00:00,29,0.0,23,26,296,6.2
Totoral,2026-09-21 12:00:00,32,0.0,14,26,301,3.2
Totoral,2026-09-21 12:00:00,35,0.0,7,26,286,3.1
Totoral,2026-09-21 12:00:00,38,0.0,1,26,260,3.0
Totoral,2026-09-21 12:00:00,41,0.0,1,26,280,2.1
Totoral,2026-09-21 12:00:00,44,0.0,8,26,270,1.8
Totoral,2026-09-21 12:00:00,47,0.0,15,27,320,2.6
Totoral,2026-09-21 12:00:00,50,0.0,24,26,7,3.3
Totoral,2026-09-21 12:00:00,53,0.0,24,26,43,2.3
Totoral,2026-09-21 12:00:00,56,0.0,15,26,74,1.4
Totoral,2026-09-21 12:00:00,59,0.0,8,26,143,1.0
Totoral,2026-09-21 12:00:00,62,0.0,2,26,211,0.7
Totoral,2026-09-21 12:00:00,65,0.0,2,26,280,1.0
Totoral,2026-09-21 12:00:00,68,0.0,8,26,291,0.8
Totoral,2026-09-21 12:00:00,71,0.0,15,26,11,2.0
Totoral,2026-09-21 12:00:00,74,0.0,24,26,87,3.2
Totoral,2026-09-21 12:00:00,77,0.0,24,26,83,2.4
Totoral,2026-09-21 12:00:00,80,0.0,15,26,76,1.7
Totoral,2026-09-21 12:00:00,83,0.0,9,25,47,1.3
Totoral,2026-09-21 12:00:00,86,0.0,2,27,15,0.9
Totoral,2026-09-21 12:00:00,89,0.0,2,26,87,1.1
Totoral,2026-09-21 12:00:00,92,0.0,15,26,159,0.6
Totoral,2026-09-21 12:00:00,95,0.0,20,26,102,2.7
Totoral,2026-09-21 12:00:00,98,0.0,24,36,43,4.9
Totoral,2026-09-21 12:00:00,101,0.0,24,36,26,5.4
Totoral,2026-09-21 12:00:00,104,0.0,14,26,4,6.0
Totoral,2026-09-21 12:00:00,107,0.0,3,26,292,3.6
Totoral,2026-09-21 12:00:00,110,0.0,3,26,216,1.2
Trancas,2026-09-21 12:00:00,2,1.5,28,89,341,4.2
Trancas,2026-09-21 12:00:00,5,1.5,28,89,21,3.6
Trancas,2026-09-21 12:00:00,8,2.3,20,88,53,3.1
Trancas,2026-09-21 12:00:00,11,1.4,14,89,51,2.2
Trancas,2026-09-21 12:00:00,14,0.8,10,89,232,1.2
Trancas,2026-09-21 12:00:00,17,1.0,10,89,69,1.8
Trancas,2026-09-21 12:00:00,20,1.0,13,89,54,1.8
Trancas,2026-09-21 12:00:00,23,1.4,16,89,72,3.1
Trancas,2026-09-21 12:00:00,26,0.0,20,56,84,4.5
Trancas,2026-09-21 12:00:00,29,0.0,20,56,89,3.4
Trancas,2026-09-21 12:00:00,32,0.0,16,56,86,2.2
Trancas,2026-09-21 12:00:00,35,0.0,13,56,30,2.0
Trancas,2026-09-21 12:00:00,38,0.0,9,36,324,1.7
Trancas,2026-09-21 12:00:00,41,0.0,9,36,7,1.2
Trancas,2026-09-21 12:00:00,44,0.0,14,36,346,1.6
Trancas,2026-09-21 12:00:00,47,0.0,19,36,43,2.3
Trancas,2026-09-21 12:00:00,50,0.0,29,27,94,2.8
Trancas,2026-09-21 12:00:00,53,0.0,29,26,88,2.3
Trancas,2026-09-21 12:00:00,56,0.0,20,26,79,1.7
Trancas,2026-09-21 12:00:00,59,0.0,16,26,125,1.3
Trancas,2026-09-21 12:00:00,62,0.0,12,26,164,0.8
Trancas,2026-09-21 12:00:00,65,0.0,12,26,325,1.3
Trancas,2026-09-21 12:00:00,68,0.0,18,26,8,1.4
Trancas,2026-09-21 12:00:00,71,0.0,22,26,64,2.7
Trancas,2026-09-21 12:00:00,74,0.0,34,26,116,4.1
Trancas,2026-09-21 12:00:00,77,0.0,34,26,93,3.0
Trancas,2026-09-21 12:00:00,80,0.0,23,26,69,2.0
Trancas,2026-09-21 12:00:00,83,0.0,20,26,12,1.9
Trancas,2026-09-21 12:00:00,86,0.0,15,26,282,1.7
Trancas,2026-09-21 12:00:00,89,0.0,14,26,357,1.6
Trancas,2026-09-21 12:00:00,92,0.0,20,26,36,1.3
Trancas,2026-09-21 12:00:00,95,0.0,26,26,68,2.7
Trancas,2026-09-21 12:00:00,98,0.0,36,36,97,4.1
Trancas,2026-09-21 12:00:00,101,0.0,36,36,98,3.3
Trancas,2026-09-21 12:00:00,104,0.0,22,36,95,2.5
Trancas,2026-09-21 12:00:00,107,0.0,15,36,148,1.8
Trancas,2026-09-21 12:00:00,110,0.0,15,26,200,1.1
Trinidad,2026-09-21 12:00:00,2,0.0,36,56,310,5.8
Trinidad,2026-09-21 12:00:00,5,0.0,36,56,331,4.8
Trinidad,2026-09-21 12:00:00,8,0.0,30,37,351,3.8
Trinidad,2026-09-21 12:00:00,11,0.0,26,36,350,3.2
Trinidad,2026-09-21 12:00:00,14,2.1,22,89,342,2.6
Trinidad,2026-09-21 12:00:00,17,1.7,22,89,330,3.0
Trinidad,2026-09-21 12:00:00,20,1.3,26,89,320,3.0
Trinidad,2026-09-21 12:00:00,23,1.7,29,89,300,3.4
Trinidad,2026-09-21 12:00:00,26,1.2,32,84,280,3.9
Trinidad,2026-09-21 12:00:00,29,2.3,32,84,220,3.2
Trinidad,2026-09-21 12:00:00,32,2.2,28,88,151,2.5
Trinidad,2026-09-21 12:00:00,35,1.0,25,90,148,2.0
Trinidad,2026-09-21 12:00:00,38,0.0,21,56,137,1.4
Trinidad,2026-09-21 12:00:00,41,0.0,21,55,160,2.3
Trinidad,2026-09-21 12:00:00,44,0.0,23,57,140,2.9
Trinidad,2026-09-21 12:00:00,47,0.0,26,57,217,2.3
Trinidad,2026-09-21 12:00:00,50,0.0,28,57,287,1.6
Trinidad,2026-09-21 12:00:00,53,0.0,28,56,315,1.3
Trinidad,2026-09-21 12:00:00,56,0.0,25,56,335,1.0
Trinidad,2026-09-21 12:00:00,59,0.0,22,57,57,1.4
Trinidad,2026-09-21 12:00:00,62,0.0,19,37,130,1.8
Trinidad,2026-09-21 12:00:00,65,0.0,19,37,277,1.2
Trinidad,2026-09-21 12:00:00,68,0.0,22,36,349,1.4
Trinidad,2026-09-21 12:00:00,71,0.0,28,36,330,2.2
Trinidad,2026-09-21 12:00:00,74,0.0,31,36,308,3.1
Trinidad,2026-09-21 12:00:00,77,0.0,31,37,326,2.3
Trinidad,2026-09-21 12:00:00,80,0.0,26,27,336,1.5
Trinidad,2026-09-21 12:00:00,83,0.0,19,26,298,1.3
Trinidad,2026-09-21 12:00:00,86,0.0,19,36,260,1.2
Trinidad,2026-09-21 12:00:00,89,0.0,31,36,290,1.9
Trinidad,2026-09-21 12:00:00,92,0.0,33,36,320,2.4
Trinidad,2026-09-21 12:00:00,95,0.0,39,36,320,3.0
Trinidad,2026-09-21 12:00:00,98,0.0,44,27,320,3.6
Trinidad,2026-09-21 12:00:00,101,0.0,40,26,330,3.0
Trinidad,2026-09-21 12:00:00,104,0.0,35,26,332,2.3
Trinidad,2026-09-21 12:00:00,107,0.0,33,26,342,2.2
Trinidad,2026-09-21 12:00:00,110,0.0,30,26,350,2.1
Tupiza,2026-09-21 12:00:00,2,0.0,25,36,290,8.6
Tupiza,2026-09-21 12:00:00,5,0.0,25,37,310,7.8
Tupiza,2026-09-21 12:00:00,8,0.0,19,55,330,7.1
Tupiza,2026-09-21 12:00:00,11,0.0,14,55,337,4.6
Tupiza,2026-09-21 12:00:00,14,0.0,6,26,342,2.1
Tupiza,2026-09-21 12:00:00,17,0.0,6,25,310,2.9
Tupiza,2026-09-21 12:00:00,20,0.0,9,26,300,2.5
Tupiza,2026-09-21 12:00:00,23,0.0,15,26,299,6.4
Tupiza,2026-09-21 12:00:00,26,0.0,27,26,289,10.4
Tupiza,2026-09-21 12:00:00,29,0.0,27,26,299,8.4
Tupiza,2026-09-21 12:00:00,32,0.0,17,26,309,6.3
Tupiza,2026-09-21 12:00:00,35,0.0,12,27,300,4.1
Tupiza,2026-09-21 12:00:00,38,0.0,6,25,283,1.9
Tupiza,2026-09-21 12:00:00,41,0.0,6,26,249,1.7
Tupiza,2026-09-21 12:00:00,44,0.0,11,25,292,1.8
Tupiza,2026-09-21 12:00:00,47,0.0,16,26,219,2.4
Tupiza,2026-09-21 12:00:00,50,0.0,28,25,130,2.9
Tupiza,2026-09-21 12:00:00,53,0.0,28,26,85,3.0
Tupiza,2026-09-21 12:00:00,56,0.0,18,26,30,3.1
Tupiza,2026-09-21 12:00:00,59,0.0,12,25,63,2.1
Tupiza,2026-09-21 12:00:00,62,0.0,7,26,163,1.0
Tupiza,2026-09-21 12:00:00,65,0.0,7,26,267,0.8
Tupiza,2026-09-21 12:00:00,68,0.0,12,27,225,0.6
Tupiza,2026-09-21 12:00:00,71,0.0,18,26,178,1.5
Tupiza,2026-09-21 12:00:00,74,0.0,28,26,128,2.3
Tupiza,2026-09-21 12:00:00,77,0.0,28,26,88,2.6
Tupiza,2026-09-21 12:00:00,80,0.0,18,26,48,3.0
Tupiza,2026-09-21 12:00:00,83,0.0,13,26,42,2.2
Tupiza,2026-09-21 12:00:00,86,0.0,7,25,29,1.3
Tupiza,2026-09-21 12:00:00,89,0.0,6,26,300,1.2
Tupiza,2026-09-21 12:00:00,92,0.0,14,26,195,1.0
Tupiza,2026-09-21 12:00:00,95,0.0,19,25,157,1.6
Tupiza,2026-09-21 12:00:00,98,0.0,27,36,114,2.1
Tupiza,2026-09-21 12:00:00,101,0.0,27,35,77,4.4
Tupiza,2026-09-21 12:00:00,104,0.0,16,27,37,6.5
Tupiza,2026-09-21 12:00:00,107,0.0,7,26,25,4.4
Tupiza,2026-09-21 12:00:00,110,0.0,7,26,5,2.1
Uyuni,2026-09-21 12:00:00,2,0.0,15,27,290,9.8
Uyuni,2026-09-21 12:00:00,5,0.0,15,26,298,7.3
Uyuni,2026-09-21 12:00:00,8,0.0,10,26,298,4.8
Uyuni,2026-09-21 12:00:00,11,0.0,4,27,320,4.2
Uyuni,2026-09-21 12:00:00,14,0.0,-3,25,342,3.5
Uyuni,2026-09-21 12:00:00,17,0.0,-3,26,320,3.8
Uyuni,2026-09-21 12:00:00,20,0.0,4,26,310,4.2
Uyuni,2026-09-21 12:00:00,23,0.0,9,25,302,6.3
Uyuni,2026-09-21 12:00:00,26,0.0,17,26,292,8.4
Uyuni,2026-09-21 12:00:00,29,0.0,17,25,309,7.2
Uyuni,2026-09-21 12:00:00,32,0.0,10,25,317,6.1
Uyuni,2026-09-21 12:00:00,35,0.0,4,26,329,5.1
Uyuni,2026-09-21 12:00:00,38,0.0,-3,26,332,4.1
Uyuni,2026-09-21 12:00:00,41,0.0,-3,26,332,4.3
Uyuni,2026-09-21 12:00:00,44,0.0,4,26,322,3.7
Uyuni,2026-09-21 12:00:00,47,0.0,11,26,310,4.7
Uyuni,2026-09-21 12:00:00,50,0.0,18,26,290,5.7
Uyuni,2026-09-21 12:00:00,53,0.0,18,26,320,4.4
Uyuni,2026-09-21 12:00:00,56,0.0,11,26,340,3.2
Uyuni,2026-09-21 12:00:00,59,0.0,5,25,329,2.8
Uyuni,2026-09-21 12:00:00,62,0.0,-2,26,309,2.5
Uyuni,2026-09-21 12:00:00,65,0.0,-2,26,321,2.0
Uyuni,2026-09-21 12:00:00,68,0.0,6,25,321,0.9
Uyuni,2026-09-21 12:00:00,71,0.0,13,25,283,2.0
Uyuni,2026-09-21 12:00:00,74,0.0,18,26,243,3.1
Uyuni,2026-09-21 12:00:00,77,0.0,18,26,301,2.8
Uyuni,2026-09-21 12:00:00,80,0.0,10,26,358,2.6
Uyuni,2026-09-21 12:00:00,83,0.0,3,26,357,2.2
Uyuni,2026-09-21 12:00:00,86,0.0,-2,25,353,1.7
Uyuni,2026-09-21 12:00:00,89,0.0,-2,25,96,0.8
Uyuni,2026-09-21 12:00:00,92,0.0,9,26,70,0.7
Uyuni,2026-09-21 12:00:00,95,0.0,14,25,357,2.5
Uyuni,2026-09-21 12:00:00,98,0.0,18,26,281,4.2
Uyuni,2026-09-21 12:00:00,101,0.0,18,25,299,3.3
Uyuni,2026-09-21 12:00:00,104,0.0,13,26,309,2.4
Uyuni,2026-09-21 12:00:00,107,0.0,-1,26,245,1.7
Uyuni,2026-09-21 12:00:00,110,0.0,-1,26,151,1.1
Vallegrande,2026-09-21 12:00:00,2,0.0,29,36,350,5.9
Vallegrande,2026-09-21 12:00:00,5,0.0,29,36,1,4.6
Vallegrande,2026-09-21 12:00:00,8,0.0,21,56,9,3.2
Vallegrande,2026-09-21 12:00:00,11,0.0,16,56,359,2.1
Vallegrande,2026-09-21 12:00:00,14,1.5,11,89,199,0.9
Vallegrande,2026-09-21 12:00:00,17,1.5,11,89,100,1.5
Vallegrande,2026-09-21 12:00:00,20,1.6,14,89,81,1.1
Vallegrande,2026-09-21 12:00:00,23,1.6,17,89,69,1.9
Vallegrande,2026-09-21 12:00:00,26,2.0,22,89,55,2.7
Vallegrande,2026-09-21 12:00:00,29,2.0,22,89,85,2.1
Vallegrande,2026-09-21 12:00:00,32,0.0,17,56,108,1.4
Vallegrande,2026-09-21 12:00:00,35,0.0,13,56,72,1.5
Vallegrande,2026-09-21 12:00:00,38,0.0,9,56,35,1.4
Vallegrande,2026-09-21 12:00:00,41,0.0,9,56,24,1.3
Vallegrande,2026-09-21 12:00:00,44,0.0,15,56,4,1.6
Vallegrande,2026-09-21 12:00:00,47,0.0,20,56,23,2.3
Vallegrande,2026-09-21 12:00:00,50,0.0,23,35,34,3.1
Vallegrande,2026-09-21 12:00:00,53,0.0,23,36,33,2.3
Vallegrande,2026-09-21 12:00:00,56,0.0,18,26,23,1.5
Vallegrande,2026-09-21 12:00:00,59,0.0,13,26,351,1.2
Vallegrande,2026-09-21 12:00:00,62,0.0,8,35,318,0.9
Vallegrande,2026-09-21 12:00:00,65,0.0,8,36,355,1.6
Vallegrande,2026-09-21 12:00:00,68,0.0,14,36,357,1.9
Vallegrande,2026-09-21 12:00:00,71,0.0,20,35,19,2.3
Vallegrande,2026-09-21 12:00:00,74,0.0,25,35,32,2.7
Vallegrande,2026-09-21 12:00:00,77,0.0,25,36,23,2.3
Vallegrande,2026-09-21 12:00:00,80,0.0,19,36,10,1.9
Vallegrande,2026-09-21 12:00:00,83,0.0,14,36,358,1.6
Vallegrande,2026-09-21 12:00:00,86,0.0,10,36,339,1.3
Vallegrande,2026-09-21 12:00:00,89,0.0,10,36,357,1.7
Vallegrande,2026-09-21 12:00:00,92,0.0,16,36,348,2.1
Vallegrande,2026-09-21 12:00:00,95,0.0,19,36,2,3.6
Vallegrande,2026-09-21 12:00:00,98,0.0,26,36,12,5.1
Vallegrande,2026-09-21 12:00:00,101,0.0,26,36,9,3.7
Vallegrande,2026-09-21 12:00:00,104,0.0,20,26,358,2.2
Vallegrande,2026-09-21 12:00:00,107,0.0,11,26,358,1.7
Vallegrande,2026-09-21 12:00:00,110,0.0,11,26,355,1.2
Viacha,2026-09-21 12:00:00,2,0.0,18,36,307,6.2
Viacha,2026-09-21 12:00:00,5,0.0,18,37,6,4.8
Viacha,2026-09-21 12:00:00,8,0.0,14,26,101,3.3
Viacha,2026-09-21 12:00:00,11,0.0,8,26,104,2.4
Viacha,2026-09-21 12:00:00,14,0.0,-5,26,101,1.6
Viacha,2026-09-21 12:00:00,17,0.0,-5,26,179,0.8
Viacha,2026-09-21 12:00:00,20,0.0,7,26,229,0.3
Viacha,2026-09-21 12:00:00,23,0.0,11,26,280,1.5
Viacha,2026-09-21 12:00:00,26,0.0,19,36,324,2.7
Viacha,2026-09-21 12:00:00,29,0.0,19,36,19,3.3
Viacha,2026-09-21 12:00:00,32,0.0,11,36,67,3.9
Viacha,2026-09-21 12:00:00,35,0.0,6,36,91,3.0
Viacha,2026-09-21 12:00:00,38,0.0,-6,36,111,2.1
Viacha,2026-09-21 12:00:00,41,0.0,-6,26,18,1.5
Viacha,2026-09-21 12:00:00,44,0.0,5,26,292,1.1
Viacha,2026-09-21 12:00:00,47,0.0,12,26,329,1.7
Viacha,2026-09-21 12:00:00,50,0.0,20,26,39,2.1
Viacha,2026-09-21 12:00:00,53,0.0,20,26,73,2.2
Viacha,2026-09-21 12:00:00,56,0.0,16,26,106,2.4
Viacha,2026-09-21 12:00:00,59,0.0,9,26,110,1.9
Viacha,2026-09-21 12:00:00,62,0.0,-6,26,111,1.4
Viacha,2026-09-21 12:00:00,65,0.0,-6,26,187,0.5
Viacha,2026-09-21 12:00:00,68,0.0,7,27,145,0.7
Viacha,2026-09-21 12:00:00,71,0.0,15,26,126,3.4
Viacha,2026-09-21 12:00:00,74,0.0,20,36,106,6.1
Viacha,2026-09-21 12:00:00,77,0.0,20,36,90,5.1
Viacha,2026-09-21 12:00:00,80,0.0,12,26,71,4.0
Viacha,2026-09-21 12:00:00,83,0.0,3,26,91,2.9
Viacha,2026-09-21 12:00:00,86,0.0,-6,26,111,1.7
Viacha,2026-09-21 12:00:00,89,0.0,-6,27,44,0.9
Viacha,2026-09-21 12:00:00,92,0.0,9,26,325,0.7
Viacha,2026-09-21 12:00:00,95,0.0,14,26,24,3.4
Viacha,2026-09-21 12:00:00,98,0.0,21,36,77,6.0
Viacha,2026-09-21 12:00:00,101,0.0,21,36,66,5.4
Viacha,2026-09-21 12:00:00,104,0.0,10,26,50,4.9
Viacha,2026-09-21 12:00:00,107,0.0,-5,26,40,3.2
Viacha,2026-09-21 12:00:00,110,0.0,-5,26,24,1.4
Villa Rivero,2026-09-21 12:00:00,2,0.0,27,36,32,3.8
Villa Rivero,2026-09-21 12:00:00,5,0.0,27,37,14,3.5
Villa Rivero,2026-09-21 12:00:00,8,0.0,18,27,347,3.2
Villa Rivero,2026-09-21 12:00:00,11,0.0,13,26,347,2.9
Villa Rivero,2026-09-21 12:00:00,14,0.0,9,37,345,2.7
Villa Rivero,2026-09-21 12:00:00,17,0.0,9,37,0,2.6
Villa Rivero,2026-09-21 12:00:00,20,0.0,13,36,4,2.0
Villa Rivero,2026-09-21 12:00:00,23,0.0,17,36,18,2.7
Villa Rivero,2026-09-21 12:00:00,26,0.0,27,36,21,3.3
Villa Rivero,2026-09-21 12:00:00,29,0.0,27,36,18,3.2
Villa Rivero,2026-09-21 12:00:00,32,0.0,18,36,11,3.1
Villa Rivero,2026-09-21 12:00:00,35,0.0,11,36,358,3.3
Villa Rivero,2026-09-21 12:00:00,38,0.0,7,36,345,3.5
Villa Rivero,2026-09-21 12:00:00,41,0.0,7,26,305,2.9
Villa Rivero,2026-09-21 12:00:00,44,0.0,14,26,288,3.1
Villa Rivero,2026-09-21 12:00:00,47,0.0,19,26,333,3.1
Villa Rivero,2026-09-21 12:00:00,50,0.0,28,26,33,3.0
Villa Rivero,2026-09-21 12:00:00,53,0.0,28,27,44,2.2
Villa Rivero,2026-09-21 12:00:00,56,0.0,21,27,50,1.4
Villa Rivero,2026-09-21 12:00:00,59,0.0,14,25,17,1.1
Villa Rivero,2026-09-21 12:00:00,62,0.0,10,26,340,0.8
Villa Rivero,2026-09-21 12:00:00,65,0.0,9,26,352,1.7
Villa Rivero,2026-09-21 12:00:00,68,0.0,15,27,18,1.7
Villa Rivero,2026-09-21 12:00:00,71,0.0,21,26,49,3.2
Villa Rivero,2026-09-21 12:00:00,74,0.0,28,36,76,4.7
Villa Rivero,2026-09-21 12:00:00,77,0.0,28,37,63,3.2
Villa Rivero,2026-09-21 12:00:00,80,0.0,19,27,49,1.8
Villa Rivero,2026-09-21 12:00:00,83,0.0,13,26,6,1.7
Villa Rivero,2026-09-21 12:00:00,86,0.0,8,26,322,1.7
Villa Rivero,2026-09-21 12:00:00,89,0.0,7,26,351,2.3
Villa Rivero,2026-09-21 12:00:00,92,0.0,13,26,14,1.8
Villa Rivero,2026-09-21 12:00:00,95,0.0,18,26,36,3.1
Villa Rivero,2026-09-21 12:00:00,98,0.0,27,36,57,4.3
Villa Rivero,2026-09-21 12:00:00,101,0.0,27,36,25,3.1
Villa Rivero,2026-09-21 12:00:00,104,0.0,17,26,348,2.0
Villa Rivero,2026-09-21 12:00:00,107,0.0,8,26,349,2.2
Villa Rivero,2026-09-21 12:00:00,110,0.0,8,26,347,2.3
Villamontes,2026-09-21 12:00:00,2,1.9,37,89,116,3.6
Villamontes,2026-09-21 12:00:00,5,1.4,37,89,168,3.2
Villamontes,2026-09-21 12:00:00,8,1.8,30,89,214,2.8
Villamontes,2026-09-21 12:00:00,11,1.1,23,89,200,4.1
Villamontes,2026-09-21 12:00:00,14,0.0,13,56,184,5.4
Villamontes,2026-09-21 12:00:00,17,0.0,13,56,192,4.4
Villamontes,2026-09-21 12:00:00,20,0.0,19,56,194,3.9
Villamontes,2026-09-21 12:00:00,23,0.0,24,56,174,4.4
Villamontes,2026-09-21 12:00:00,26,0.0,29,56,154,4.8
Villamontes,2026-09-21 12:00:00,29,0.0,29,56,160,3.5
Villamontes,2026-09-21 12:00:00,32,0.0,23,56,159,2.2
Villamontes,2026-09-21 12:00:00,35,0.0,18,56,172,1.7
Villamontes,2026-09-21 12:00:00,38,0.0,11,36,180,1.1
Villamontes,2026-09-21 12:00:00,41,0.0,11,36,254,0.8
Villamontes,2026-09-21 12:00:00,44,0.0,21,36,263,0.8
Villamontes,2026-09-21 12:00:00,47,0.0,26,36,338,1.7
Villamontes,2026-09-21 12:00:00,50,0.0,35,26,88,2.5
Villamontes,2026-09-21 12:00:00,53,0.0,35,26,127,1.7
Villamontes,2026-09-21 12:00:00,56,0.0,24,26,209,1.0
Villamontes,2026-09-21 12:00:00,59,0.0,19,25,275,1.0
Villamontes,2026-09-21 12:00:00,62,0.0,12,26,270,1.1
Villamontes,2026-09-21 12:00:00,65,0.0,12,26,314,1.3
Villamontes,2026-09-21 12:00:00,68,0.0,22,26,334,1.2
Villamontes,2026-09-21 12:00:00,71,0.0,28,26,32,1.8
Villamontes,2026-09-21 12:00:00,74,0.0,40,26,89,2.3
Villamontes,2026-09-21 12:00:00,77,0.0,40,27,25,1.9
Villamontes,2026-09-21 12:00:00,80,0.0,29,26,315,1.4
Villamontes,2026-09-21 12:00:00,83,0.0,21,27,296,1.4
Villamontes,2026-09-21 12:00:00,86,0.0,13,26,274,1.5
Villamontes,2026-09-21 12:00:00,89,0.0,13,26,228,1.4
Villamontes,2026-09-21 12:00:00,92,0.0,26,26,201,1.3
Villamontes,2026-09-21 12:00:00,95,0.0,32,26,141,1.8
Villamontes,2026-09-21 12:00:00,98,0.0,43,37,74,2.2
Villamontes,2026-09-21 12:00:00,101,0.0,43,36,10,1.8
Villamontes,2026-09-21 12:00:00,104,0.0,29,36,304,1.4
Villamontes,2026-09-21 12:00:00,107,0.0,14,36,285,1.5
Villamontes,2026-09-21 12:00:00,110,0.0,14,26,260,1.7
Yacuiba,2026-09-21 12:00:00,2,1.9,33,89,146,3.9
Yacuiba,2026-09-21 12:00:00,5,1.7,33,89,200,3.1
Yacuiba,2026-09-21 12:00:00,8,1.5,28,89,251,2.3
Yacuiba,2026-09-21 12:00:00,11,1.5,23,89,242,2.9
Yacuiba,2026-09-21 12:00:00,14,0.0,14,57,232,3.4
Yacuiba,2026-09-21 12:00:00,17,0.0,14,56,210,4.5
Yacuiba,2026-09-21 12:00:00,20,0.0,19,56,210,4.4
Yacuiba,2026-09-21 12:00:00,23,0.0,24,56,193,4.4
Yacuiba,2026-09-21 12:00:00,26,0.0,29,56,173,4.4
Yacuiba,2026-09-21 12:00:00,29,0.0,29,56,187,2.7
Yacuiba,2026-09-21 12:00:00,32,0.0,22,56,193,0.9
Yacuiba,2026-09-21 12:00:00,35,0.0,16,56,247,0.9
Yacuiba,2026-09-21 12:00:00,38,0.0,12,37,294,1.0
Yacuiba,2026-09-21 12:00:00,41,0.0,12,36,290,1.0
Yacuiba,2026-09-21 12:00:00,44,0.0,19,36,324,0.5
Yacuiba,2026-09-21 12:00:00,47,0.0,25,37,29,2.1
Yacuiba,2026-09-21 12:00:00,50,0.0,35,26,83,3.6
Yacuiba,2026-09-21 12:00:00,53,0.0,35,26,38,2.7
Yacuiba,2026-09-21 12:00:00,56,0.0,24,26,349,1.7
Yacuiba,2026-09-21 12:00:00,59,0.0,18,26,318,1.6
Yacuiba,2026-09-21 12:00:00,62,0.0,14,26,283,1.4
Yacuiba,2026-09-21 12:00:00,65,0.0,14,27,336,1.2
Yacuiba,2026-09-21 12:00:00,68,0.0,21,26,3,1.1
Yacuiba,2026-09-21 12:00:00,71,0.0,28,26,36,2.4
Yacuiba,2026-09-21 12:00:00,74,0.0,40,26,63,3.7
Yacuiba,2026-09-21 12:00:00,77,0.0,40,27,23,2.9
Yacuiba,2026-09-21 12:00:00,80,0.0,29,26,337,2.0
Yacuiba,2026-09-21 12:00:00,83,0.0,22,26,313,1.8
Yacuiba,2026-09-21 12:00:00,86,0.0,15,26,282,1.5
Yacuiba,2026-09-21 12:00:00,89,0.0,15,26,267,1.2
Yacuiba,2026-09-21 12:00:00,92,0.0,25,26,234,1.0
Yacuiba,2026-09-21 12:00:00,95,0.0,31,26,158,2.2
Yacuiba,2026-09-21 12:00:00,98,0.0,43,36,74,3.3
Yacuiba,2026-09-21 12:00:00,101,0.0,43,36,4,2.6
Yacuiba,2026-09-21 12:00:00,104,0.0,27,36,289,1.9
Yacuiba,2026-09-21 12:00:00,107,0.0,16,36,277,1.9
Yacuiba,2026-09-21 12:00:00,110,0.0,16,26,261,1.9
Yesera Norte,2026-09-21 12:00:00,2,2.3,28,90,330,3.0
Yesera Norte,2026-09-21 12:00:00,5,2.0,28,88,41,2.3
Yesera Norte,2026-09-21 12:00:00,8,1.9,23,90,112,1.7
Yesera Norte,2026-09-21 12:00:00,11,2.7,16,89,160,1.6
Yesera Norte,2026-09-21 12:00:00,14,1.2,5,90,199,1.5
Yesera Norte,2026-09-21 12:00:00,17,1.5,5,89,98,1.8
Yesera Norte,2026-09-21 12:00:00,20,1.5,11,89,99,2.1
Yesera Norte,2026-09-21 12:00:00,23,1.4,16,89,99,2.7
Yesera Norte,2026-09-21 12:00:00,26,0.0,20,56,98,3.1
Yesera Norte,2026-09-21 12:00:00,29,0.0,20,56,88,2.6
Yesera Norte,2026-09-21 12:00:00,32,0.0,16,56,77,2.2
Yesera Norte,2026-09-21 12:00:00,35,0.0,10,56,38,2.0
Yesera Norte,2026-09-21 12:00:00,38,0.0,4,37,358,1.7
Yesera Norte,2026-09-21 12:00:00,41,0.0,4,36,359,0.9
Yesera Norte,2026-09-21 12:00:00,44,0.0,11,36,360,1.1
Yesera Norte,2026-09-21 12:00:00,47,0.0,18,36,58,2.3
Yesera Norte,2026-09-21 12:00:00,50,0.0,30,26,108,3.4
Yesera Norte,2026-09-21 12:00:00,53,0.0,30,26,78,2.5
Yesera Norte,2026-09-21 12:00:00,56,0.0,18,25,48,1.5
Yesera Norte,2026-09-21 12:00:00,59,0.0,13,26,99,1.1
Yesera Norte,2026-09-21 12:00:00,62,0.0,7,26,141,0.7
Yesera Norte,2026-09-21 12:00:00,65,0.0,7,26,50,1.0
Yesera Norte,2026-09-21 12:00:00,68,0.0,14,25,9,1.3
Yesera Norte,2026-09-21 12:00:00,71,0.0,20,25,58,2.8
Yesera Norte,2026-09-21 12:00:00,74,0.0,36,25,106,4.2
Yesera Norte,2026-09-21 12:00:00,77,0.0,36,26,77,3.1
Yesera Norte,2026-09-21 12:00:00,80,0.0,22,26,48,2.0
Yesera Norte,2026-09-21 12:00:00,83,0.0,15,25,5,1.6
Yesera Norte,2026-09-21 12:00:00,86,0.0,10,25,315,1.3
Yesera Norte,2026-09-21 12:00:00,89,0.0,10,25,18,1.4
Yesera Norte,2026-09-21 12:00:00,92,0.0,19,26,69,1.2
Yesera Norte,2026-09-21 12:00:00,95,0.0,24,26,79,2.7
Yesera Norte,2026-09-21 12:00:00,98,0.0,38,37,88,4.1
Yesera Norte,2026-09-21 12:00:00,101,0.0,38,37,89,2.9
Yesera Norte,2026-09-21 12:00:00,104,0.0,19,37,89,1.7
Yesera Norte,2026-09-21 12:00:00,107,0.0,11,36,160,1.6
Yesera Norte,2026-09-21 12:00:00,110,0.0,11,26,231,1.5
