estacion,fecha,fecha_diff,humedad_relativa,precipitacion,temperatura,vi,vientos
Anzaldo,2026-08-31 13:00:00,1,26.0,0.0,26.0,6.2,339.0
Anzaldo,2026-08-31 13:00:00,4,26.0,0.0,26.0,4.7,360.0
Anzaldo,2026-08-31 13:00:00,7,36.0,0.0,21.0,3.2,18.0
Anzaldo,2026-08-31 13:00:00,10,36.0,0.0,14.0,2.7,18.0
Anzaldo,2026-08-31 13:00:00,13,36.0,0.0,4.0,2.2,18.0
Anzaldo,2026-08-31 13:00:00,16,35.0,0.0,4.0,2.6,352.0
Anzaldo,2026-08-31 13:00:00,19,36.0,0.0,12.0,3.0,342.0
Anzaldo,2026-08-31 13:00:00,22,36.0,0.0,18.0,3.6,332.0
Anzaldo,2026-08-31 13:00:00,25,36.0,0.0,22.0,4.2,318.0
Anzaldo,2026-08-31 13:00:00,28,36.0,0.0,22.0,3.1,355.0
Anzaldo,2026-08-31 13:00:00,31,36.0,0.0,18.0,1.9,24.0
Anzaldo,2026-08-31 13:00:00,34,36.0,0.0,11.0,1.6,8.0
Anzaldo,2026-08-31 13:00:00,37,35.0,0.0,4.0,1.4,341.0
Anzaldo,2026-08-31 13:00:00,40,36.0,0.0,4.0,1.8,326.0
Anzaldo,2026-08-31 13:00:00,43,36.0,0.0,12.0,2.4,325.0
Anzaldo,2026-08-31 13:00:00,46,36.0,0.0,16.0,3.1,329.0
Anzaldo,2026-08-31 13:00:00,49,26.0,0.0,24.0,3.7,324.0
Anzaldo,2026-08-31 13:00:00,52,26.0,0.0,24.0,2.6,274.0
Anzaldo,2026-08-31 13:00:00,55,26.0,0.0,17.0,1.4,222.0
Anzaldo,2026-08-31 13:00:00,58,26.0,0.0,10.0,1.6,289.0
Anzaldo,2026-08-31 13:00:00,61,26.0,0.0,5.0,1.7,350.0
Anzaldo,2026-08-31 13:00:00,64,26.0,0.0,5.0,2.9,351.0
Anzaldo,2026-08-31 13:00:00,67,26.0,0.0,13.0,3.3,348.0
Anzaldo,2026-08-31 13:00:00,70,26.0,0.0,17.0,4.4,344.0
Anzaldo,2026-08-31 13:00:00,73,36.0,0.0,26.0,5.4,334.0
Anzaldo,2026-08-31 13:00:00,76,36.0,0.0,26.0,4.5,350.0
Anzaldo,2026-08-31 13:00:00,79,26.0,0.0,14.0,3.5,3.0
Anzaldo,2026-08-31 13:00:00,82,27.0,0.0,7.0,2.9,1.0
Anzaldo,2026-08-31 13:00:00,85,56.0,0.0,6.0,2.3,358.0
Anzaldo,2026-08-31 13:00:00,88,56.0,0.0,6.0,2.8,352.0
Anzaldo,2026-08-31 13:00:00,91,56.0,0.0,12.0,2.9,352.0
Anzaldo,2026-08-31 13:00:00,94,56.0,0.0,15.0,4.6,358.0
Anzaldo,2026-08-31 13:00:00,97,56.0,0.0,26.0,6.4,358.0
Anzaldo,2026-08-31 13:00:00,100,56.0,0.0,26.0,4.7,1.0
Anzaldo,2026-08-31 13:00:00,103,35.0,0.0,12.0,3.1,356.0
Anzaldo,2026-08-31 13:00:00,106,36.0,0.0,6.0,3.2,356.0
Anzaldo,2026-08-31 13:00:00,109,36.0,0.0,6.0,3.4,352.0
Anzaldo,2026-09-01 11:00:00,90,36.0,0.0,11.0,3.2,356.0
Anzaldo,2026-09-01 11:00:00,93,36.0,0.0,11.0,3.6,342.0
Anzaldo,2026-09-01 11:00:00,96,36.0,0.0,14.0,5.0,349.0
Anzaldo,2026-09-01 11:00:00,99,35.0,0.0,17.0,6.5,354.0
Anzaldo,2026-09-01 11:00:00,102,35.0,0.0,14.0,4.2,344.0
Anzaldo,2026-09-01 11:00:00,105,36.0,0.0,12.0,1.9,326.0
Anzaldo,2026-09-01 11:00:00,108,36.0,0.0,11.0,1.8,337.0
Anzaldo,2026-09-01 11:00:00,111,36.0,0.0,10.0,1.7,340.0
Anzaldo,2026-09-01 15:00:00,11,,,7.0,,
Anzaldo,2026-09-01 15:00:00,14,,,7.0,,
Anzaldo,2026-09-01 15:00:00,23,,,26.0,,
Anzaldo,2026-09-01 15:00:00,26,,,26.0,,
Anzaldo,2026-09-01 15:00:00,29,,,19.0,,
Anzaldo,2026-09-01 15:00:00,32,,,14.0,,
Anzaldo,2026-09-01 15:00:00,35,,,8.0,,
Anzaldo,2026-09-01 15:00:00,38,,,8.0,,
Anzaldo,2026-09-01 15:00:00,44,,,19.0,,
Anzaldo,2026-09-01 15:00:00,47,,,25.0,,
Anzaldo,2026-09-01 15:00:00,50,,,25.0,,
Anzaldo,2026-09-01 15:00:00,53,,,19.0,,
Anzaldo,2026-09-01 15:00:00,56,,,14.0,,
Anzaldo,2026-09-01 15:00:00,59,,,9.0,,
Anzaldo,2026-09-01 15:00:00,62,,,9.0,,
Anzaldo,2026-09-01 15:00:00,65,,,14.0,,
Anzaldo,2026-09-01 15:00:00,68,,,19.0,,
Anzaldo,2026-09-01 15:00:00,77,,,19.0,,
Anzaldo,2026-09-01 15:00:00,80,,,14.0,,
Anzaldo,2026-09-01 15:00:00,83,,,8.0,,
Anzaldo,2026-09-01 15:00:00,86,,,8.0,,
Anzaldo,2026-09-01 15:00:00,89,,,14.0,,
Anzaldo,2026-09-01 15:00:00,92,,,19.0,,
Anzaldo,2026-09-01 15:00:00,95,,,25.0,,
Anzaldo,2026-09-01 15:00:00,98,,,25.0,,
Anzaldo,2026-09-01 15:00:00,101,,,21.0,,
Anzaldo,2026-09-01 15:00:00,104,,,18.0,,
Anzaldo,2026-09-01 15:00:00,107,,,14.0,,
Anzaldo,2026-09-02 10:00:00,34,36.0,,,,
Anzaldo,2026-09-02 10:00:00,37,36.0,,,,
Anzaldo,2026-09-02 10:00:00,40,36.0,,,,
Anzaldo,2026-09-02 10:00:00,91,36.0,0.0,10.0,2.0,12.0
Anzaldo,2026-09-02 10:00:00,94,36.0,0.0,10.0,2.0,2.0
Anzaldo,2026-09-02 10:00:00,97,36.0,0.0,13.0,2.9,7.0
Anzaldo,2026-09-02 10:00:00,100,76.0,1.3,16.0,3.8,7.0
Anzaldo,2026-09-02 10:00:00,103,76.0,1.3,13.0,2.8,67.0
Anzaldo,2026-09-02 10:00:00,106,56.0,0.0,11.0,1.8,184.0
Anzaldo,2026-09-02 10:00:00,109,56.0,0.0,9.0,1.5,223.0
Anzaldo,2026-09-02 10:00:00,112,56.0,0.0,8.0,1.2,354.0
Anzaldo,2026-09-02 15:00:00,11,,,9.0,,
Anzaldo,2026-09-02 15:00:00,14,,,9.0,,
Anzaldo,2026-09-02 15:00:00,23,,,28.0,,
Anzaldo,2026-09-02 15:00:00,26,,,28.0,,
Anzaldo,2026-09-02 15:00:00,47,,,27.0,,
Anzaldo,2026-09-02 15:00:00,50,,,27.0,,
Anzaldo,2026-09-02 15:00:00,68,,,18.0,,
Anzaldo,2026-09-02 15:00:00,71,,,26.0,,
Anzaldo,2026-09-02 15:00:00,74,,,26.0,,
Anzaldo,2026-09-02 15:00:00,83,,,8.0,,
Anzaldo,2026-09-02 15:00:00,86,,,8.0,,
Anzaldo,2026-09-02 15:00:00,89,,,14.0,,
Anzaldo,2026-09-02 15:00:00,92,,,19.0,,
Anzaldo,2026-09-02 15:00:00,95,,,23.0,,
Anzaldo,2026-09-02 15:00:00,98,,,23.0,,
Anzaldo,2026-09-02 15:00:00,101,,,19.0,,
Anzaldo,2026-09-02 15:00:00,104,,,15.0,,
Anzaldo,2026-09-02 15:00:00,107,,,12.0,,
Apolo Chupiluzani,2026-08-31 13:00:00,1,75.0,1.5,29.0,3.5,353.0
Apolo Chupiluzani,2026-08-31 13:00:00,4,75.0,1.4,29.0,2.7,359.0
Apolo Chupiluzani,2026-08-31 13:00:00,7,36.0,0.0,26.0,1.8,355.0
Apolo Chupiluzani,2026-08-31 13:00:00,10,36.0,0.0,22.0,1.5,354.0
Apolo Chupiluzani,2026-08-31 13:00:00,13,57.0,0.0,16.0,1.2,347.0
Apolo Chupiluzani,2026-08-31 13:00:00,16,57.0,0.0,16.0,0.8,322.0
Apolo Chupiluzani,2026-08-31 13:00:00,19,57.0,0.0,19.0,0.6,304.0
Apolo Chupiluzani,2026-08-31 13:00:00,22,56.0,0.0,19.0,1.6,344.0
Apolo Chupiluzani,2026-08-31 13:00:00,25,84.0,0.9,22.0,2.7,14.0
Apolo Chupiluzani,2026-08-31 13:00:00,28,85.0,0.9,22.0,1.9,61.0
Apolo Chupiluzani,2026-08-31 13:00:00,31,90.0,1.2,19.0,1.0,99.0
Apolo Chupiluzani,2026-08-31 13:00:00,34,89.0,1.0,18.0,0.9,54.0
Apolo Chupiluzani,2026-08-31 13:00:00,37,56.0,0.0,15.0,0.7,1.0
Apolo Chupiluzani,2026-08-31 13:00:00,40,56.0,0.0,15.0,0.6,18.0
Apolo Chupiluzani,2026-08-31 13:00:00,43,57.0,0.0,18.0,0.6,2.0
Apolo Chupiluzani,2026-08-31 13:00:00,46,56.0,0.0,20.0,1.5,14.0
Apolo Chupiluzani,2026-08-31 13:00:00,49,56.0,0.0,23.0,2.3,26.0
Apolo Chupiluzani,2026-08-31 13:00:00,52,56.0,0.0,23.0,1.4,65.0
Apolo Chupiluzani,2026-08-31 13:00:00,55,36.0,0.0,20.0,0.6,102.0
Apolo Chupiluzani,2026-08-31 13:00:00,58,36.0,0.0,18.0,0.9,43.0
Apolo Chupiluzani,2026-08-31 13:00:00,61,26.0,0.0,16.0,1.2,347.0
Apolo Chupiluzani,2026-08-31 13:00:00,64,25.0,0.0,16.0,1.0,332.0
Apolo Chupiluzani,2026-08-31 13:00:00,67,26.0,0.0,19.0,0.9,313.0
Apolo Chupiluzani,2026-08-31 13:00:00,70,26.0,0.0,21.0,2.3,334.0
Apolo Chupiluzani,2026-08-31 13:00:00,73,36.0,0.0,24.0,3.8,354.0
Apolo Chupiluzani,2026-08-31 13:00:00,76,37.0,0.0,24.0,2.6,350.0
Apolo Chupiluzani,2026-08-31 13:00:00,79,36.0,0.0,20.0,1.3,340.0
Apolo Chupiluzani,2026-08-31 13:00:00,82,36.0,0.0,18.0,1.4,339.0
Apolo Chupiluzani,2026-08-31 13:00:00,85,36.0,0.0,16.0,1.5,338.0
Apolo Chupiluzani,2026-08-31 13:00:00,88,36.0,0.0,16.0,1.2,325.0
Apolo Chupiluzani,2026-08-31 13:00:00,91,36.0,0.0,20.0,1.0,309.0
Apolo Chupiluzani,2026-08-31 13:00:00,94,35.0,0.0,21.0,2.4,342.0
Apolo Chupiluzani,2026-08-31 13:00:00,97,56.0,0.0,24.0,3.8,9.0
Apolo Chupiluzani,2026-08-31 13:00:00,100,57.0,0.0,24.0,2.7,359.0
Apolo Chupiluzani,2026-08-31 13:00:00,103,56.0,0.0,21.0,1.5,346.0
Apolo Chupiluzani,2026-08-31 13:00:00,106,56.0,0.0,16.0,1.4,345.0
Apolo Chupiluzani,2026-08-31 13:00:00,109,36.0,0.0,16.0,1.3,338.0
Apolo Chupiluzani,2026-09-01 11:00:00,15,57.0,,,,
Apolo Chupiluzani,2026-09-01 11:00:00,21,56.0,,,,
Apolo Chupiluzani,2026-09-01 11:00:00,27,57.0,,,,
Apolo Chupiluzani,2026-09-01 11:00:00,33,56.0,,,,
Apolo Chupiluzani,2026-09-01 11:00:00,36,56.0,,,,
Apolo Chupiluzani,2026-09-01 11:00:00,39,56.0,,,,
Apolo Chupiluzani,2026-09-01 11:00:00,87,35.0,,,,
Apolo Chupiluzani,2026-09-01 11:00:00,90,35.0,0.0,19.0,1.1,325.0
Apolo Chupiluzani,2026-09-01 11:00:00,93,36.0,0.0,21.0,0.8,309.0
Apolo Chupiluzani,2026-09-01 11:00:00,96,36.0,0.0,24.0,2.1,347.0
Apolo Chupiluzani,2026-09-01 11:00:00,99,56.0,0.0,28.0,3.2,22.0
Apolo Chupiluzani,2026-09-01 11:00:00,102,56.0,0.0,23.0,2.3,106.0
Apolo Chupiluzani,2026-09-01 11:00:00,105,89.0,1.9,17.0,1.3,195.0
Apolo Chupiluzani,2026-09-01 11:00:00,108,89.0,1.8,16.0,1.0,246.0
Apolo Chupiluzani,2026-09-01 11:00:00,111,89.0,2.1,15.0,0.8,289.0
Apolo Chupiluzani,2026-09-01 15:00:00,5,,,22.0,,
Apolo Chupiluzani,2026-09-01 15:00:00,8,,,21.0,,
Apolo Chupiluzani,2026-09-01 15:00:00,11,,,17.0,,
Apolo Chupiluzani,2026-09-01 15:00:00,14,,,17.0,,
Apolo Chupiluzani,2026-09-01 15:00:00,17,,,21.0,,
Apolo Chupiluzani,2026-09-01 15:00:00,20,,,24.0,,
Apolo Chupiluzani,2026-09-01 15:00:00,23,,,28.0,,
Apolo Chupiluzani,2026-09-01 15:00:00,26,,,28.0,,
Apolo Chupiluzani,2026-09-01 15:00:00,29,,,24.0,,
Apolo Chupiluzani,2026-09-01 15:00:00,32,,,20.0,,
Apolo Chupiluzani,2026-09-01 15:00:00,41,,,20.0,,
Apolo Chupiluzani,2026-09-01 15:00:00,44,,,24.0,,
Apolo Chupiluzani,2026-09-01 15:00:00,47,,,29.0,,
Apolo Chupiluzani,2026-09-01 15:00:00,50,,,29.0,,
Apolo Chupiluzani,2026-09-01 15:00:00,53,,,24.0,,
Apolo Chupiluzani,2026-09-01 15:00:00,56,,,20.0,,
Apolo Chupiluzani,2026-09-01 15:00:00,59,,,17.0,,
Apolo Chupiluzani,2026-09-01 15:00:00,62,,,17.0,,
Apolo Chupiluzani,2026-09-01 15:00:00,65,,,21.0,,
Apolo Chupiluzani,2026-09-01 15:00:00,68,,,25.0,,
Apolo Chupiluzani,2026-09-01 15:00:00,71,,,29.0,,
Apolo Chupiluzani,2026-09-01 15:00:00,74,,,29.0,,
Apolo Chupiluzani,2026-09-01 15:00:00,77,,,26.0,,
Apolo Chupiluzani,2026-09-01 15:00:00,80,,,22.0,,
Apolo Chupiluzani,2026-09-01 15:00:00,83,,,18.0,,
Apolo Chupiluzani,2026-09-01 15:00:00,86,,,18.0,,
Apolo Chupiluzani,2026-09-01 15:00:00,89,,,22.0,,
Apolo Chupiluzani,2026-09-01 15:00:00,92,,,25.0,,
Apolo Chupiluzani,2026-09-01 15:00:00,98,,,28.0,,
Apolo Chupiluzani,2026-09-01 15:00:00,101,,,26.0,,
Apolo Chupiluzani,2026-09-01 15:00:00,104,,,24.0,,
Apolo Chupiluzani,2026-09-01 15:00:00,107,,,21.0,,
Apolo Chupiluzani,2026-09-02 10:00:00,19,27.0,,,,
Apolo Chupiluzani,2026-09-02 10:00:00,22,25.0,,,,
Apolo Chupiluzani,2026-09-02 10:00:00,31,36.0,,,,
Apolo Chupiluzani,2026-09-02 10:00:00,37,35.0,,,,
Apolo Chupiluzani,2026-09-02 10:00:00,40,35.0,,,,
Apolo Chupiluzani,2026-09-02 10:00:00,88,90.0,2.3,,,
Apolo Chupiluzani,2026-09-02 10:00:00,91,89.0,2.9,17.0,0.8,48.0
Apolo Chupiluzani,2026-09-02 10:00:00,94,89.0,3.1,18.0,0.8,119.0
Apolo Chupiluzani,2026-09-02 10:00:00,97,90.0,2.3,18.0,0.9,71.0
Apolo Chupiluzani,2026-09-02 10:00:00,100,89.0,3.6,18.0,1.0,14.0
Apolo Chupiluzani,2026-09-02 10:00:00,103,89.0,2.8,17.0,0.9,39.0
Apolo Chupiluzani,2026-09-02 10:00:00,106,89.0,3.7,16.0,0.9,57.0
Apolo Chupiluzani,2026-09-02 10:00:00,109,89.0,3.2,15.0,0.8,86.0
Apolo Chupiluzani,2026-09-02 10:00:00,112,89.0,2.4,15.0,0.7,108.0
Apolo Chupiluzani,2026-09-02 15:00:00,5,,,25.0,,
Apolo Chupiluzani,2026-09-02 15:00:00,8,,,24.0,,
Apolo Chupiluzani,2026-09-02 15:00:00,11,,,20.0,,
Apolo Chupiluzani,2026-09-02 15:00:00,14,,,20.0,,
Apolo Chupiluzani,2026-09-02 15:00:00,17,,,24.0,,
Apolo Chupiluzani,2026-09-02 15:00:00,20,,,27.0,,
Apolo Chupiluzani,2026-09-02 15:00:00,23,,,30.0,,
Apolo Chupiluzani,2026-09-02 15:00:00,26,,,30.0,,
Apolo Chupiluzani,2026-09-02 15:00:00,29,,,26.0,,
Apolo Chupiluzani,2026-09-02 15:00:00,32,,,23.0,,
Apolo Chupiluzani,2026-09-02 15:00:00,35,,,21.0,,
Apolo Chupiluzani,2026-09-02 15:00:00,38,,,21.0,,
Apolo Chupiluzani,2026-09-02 15:00:00,41,,,25.0,,
Apolo Chupiluzani,2026-09-02 15:00:00,44,,,28.0,,
Apolo Chupiluzani,2026-09-02 15:00:00,47,,,31.0,,
Apolo Chupiluzani,2026-09-02 15:00:00,50,,,31.0,,
Apolo Chupiluzani,2026-09-02 15:00:00,53,,,27.0,,
Apolo Chupiluzani,2026-09-02 15:00:00,56,,,24.0,,
Apolo Chupiluzani,2026-09-02 15:00:00,59,,,21.0,,
Apolo Chupiluzani,2026-09-02 15:00:00,62,,,21.0,,
Apolo Chupiluzani,2026-09-02 15:00:00,65,,,24.0,,
Apolo Chupiluzani,2026-09-02 15:00:00,68,,,28.0,,
Apolo Chupiluzani,2026-09-02 15:00:00,71,,,32.0,,
Apolo Chupiluzani,2026-09-02 15:00:00,74,,,32.0,,
Apolo Chupiluzani,2026-09-02 15:00:00,83,,,20.0,,
Apolo Chupiluzani,2026-09-02 15:00:00,86,,,20.0,,
Apolo Chupiluzani,2026-09-02 15:00:00,89,,,24.0,,
Apolo Chupiluzani,2026-09-02 15:00:00,92,,,28.0,,
Apolo Chupiluzani,2026-09-02 15:00:00,95,,,30.0,,
Apolo Chupiluzani,2026-09-02 15:00:00,98,,,30.0,,
Apolo Chupiluzani,2026-09-02 15:00:00,101,,,28.0,,
Apolo Chupiluzani,2026-09-02 15:00:00,104,,,25.0,,
Apolo Chupiluzani,2026-09-02 15:00:00,107,,,22.0,,
Ascencion de Guarayos,2026-08-31 13:00:00,1,89.0,3.0,35.0,4.0,330.0
Ascencion de Guarayos,2026-08-31 13:00:00,4,89.0,2.5,35.0,2.9,340.0
Ascencion de Guarayos,2026-08-31 13:00:00,7,90.0,2.6,31.0,1.7,340.0
Ascencion de Guarayos,2026-08-31 13:00:00,10,90.0,2.0,26.0,1.3,324.0
Ascencion de Guarayos,2026-08-31 13:00:00,13,55.0,0.0,22.0,0.7,298.0
Ascencion de Guarayos,2026-08-31 13:00:00,16,56.0,0.0,22.0,2.2,192.0
Ascencion de Guarayos,2026-08-31 13:00:00,19,55.0,0.0,23.0,3.3,134.0
Ascencion de Guarayos,2026-08-31 13:00:00,22,56.0,0.0,25.0,2.8,140.0
Ascencion de Guarayos,2026-08-31 13:00:00,25,55.0,0.0,30.0,2.2,140.0
Ascencion de Guarayos,2026-08-31 13:00:00,28,56.0,0.0,30.0,1.8,140.0
Ascencion de Guarayos,2026-08-31 13:00:00,31,36.0,0.0,27.0,1.3,140.0
Ascencion de Guarayos,2026-08-31 13:00:00,34,36.0,0.0,23.0,1.6,150.0
Ascencion de Guarayos,2026-08-31 13:00:00,37,56.0,0.0,22.0,2.0,150.0
Ascencion de Guarayos,2026-08-31 13:00:00,40,36.0,0.0,22.0,2.3,160.0
Ascencion de Guarayos,2026-08-31 13:00:00,43,37.0,0.0,23.0,2.3,149.0
Ascencion de Guarayos,2026-08-31 13:00:00,46,36.0,0.0,29.0,1.6,220.0
Ascencion de Guarayos,2026-08-31 13:00:00,49,36.0,0.0,31.0,0.9,286.0
Ascencion de Guarayos,2026-08-31 13:00:00,52,36.0,0.0,31.0,0.9,241.0
Ascencion de Guarayos,2026-08-31 13:00:00,55,26.0,0.0,29.0,0.9,191.0
Ascencion de Guarayos,2026-08-31 13:00:00,58,26.0,0.0,24.0,0.9,191.0
Ascencion de Guarayos,2026-08-31 13:00:00,61,26.0,0.0,22.0,1.0,181.0
Ascencion de Guarayos,2026-08-31 13:00:00,64,26.0,0.0,22.0,0.4,264.0
Ascencion de Guarayos,2026-08-31 13:00:00,67,26.0,0.0,23.0,0.2,298.0
Ascencion de Guarayos,2026-08-31 13:00:00,70,26.0,0.0,28.0,1.6,314.0
Ascencion de Guarayos,2026-08-31 13:00:00,73,26.0,0.0,34.0,3.1,320.0
Ascencion de Guarayos,2026-08-31 13:00:00,76,26.0,0.0,34.0,2.2,320.0
Ascencion de Guarayos,2026-08-31 13:00:00,79,36.0,0.0,28.0,1.2,315.0
Ascencion de Guarayos,2026-08-31 13:00:00,82,37.0,0.0,25.0,0.9,325.0
Ascencion de Guarayos,2026-08-31 13:00:00,85,36.0,0.0,22.0,0.7,334.0
Ascencion de Guarayos,2026-08-31 13:00:00,88,36.0,0.0,22.0,1.1,360.0
Ascencion de Guarayos,2026-08-31 13:00:00,91,36.0,0.0,24.0,1.6,350.0
Ascencion de Guarayos,2026-08-31 13:00:00,94,36.0,0.0,26.0,2.3,340.0
Ascencion de Guarayos,2026-08-31 13:00:00,97,56.0,0.0,34.0,2.9,329.0
Ascencion de Guarayos,2026-08-31 13:00:00,100,57.0,0.0,34.0,2.2,349.0
Ascencion de Guarayos,2026-08-31 13:00:00,103,36.0,0.0,28.0,1.5,360.0
Ascencion de Guarayos,2026-08-31 13:00:00,106,36.0,0.0,22.0,1.4,360.0
Ascencion de Guarayos,2026-08-31 13:00:00,109,36.0,0.0,22.0,1.3,350.0
Ascencion de Guarayos,2026-09-01 11:00:00,27,26.0,,,,
Ascencion de Guarayos,2026-09-01 11:00:00,30,26.0,,,,
Ascencion de Guarayos,2026-09-01 11:00:00,90,36.0,0.0,28.0,1.3,76.0
Ascencion de Guarayos,2026-09-01 11:00:00,93,36.0,0.0,28.0,1.3,120.0
Ascencion de Guarayos,2026-09-01 11:00:00,96,36.0,0.0,33.0,1.8,283.0
Ascencion de Guarayos,2026-09-01 11:00:00,99,36.0,0.0,37.0,2.3,293.0
Ascencion de Guarayos,2026-09-01 11:00:00,102,36.0,0.0,32.0,1.6,14.0
Ascencion de Guarayos,2026-09-01 11:00:00,105,36.0,0.0,27.0,1.0,85.0
Ascencion de Guarayos,2026-09-01 11:00:00,108,36.0,0.0,26.0,2.4,125.0
Ascencion de Guarayos,2026-09-01 11:00:00,111,36.0,0.0,25.0,4.0,160.0
Ascencion de Guarayos,2026-09-01 15:00:00,11,36.0,,20.0,,
Ascencion de Guarayos,2026-09-01 15:00:00,14,,,20.0,,
Ascencion de Guarayos,2026-09-01 15:00:00,17,36.0,,,,
Ascencion de Guarayos,2026-09-01 15:00:00,20,,,27.0,,
Ascencion de Guarayos,2026-09-01 15:00:00,23,,,32.0,,
Ascencion de Guarayos,2026-09-01 15:00:00,26,,,32.0,,
Ascencion de Guarayos,2026-09-01 15:00:00,29,36.0,,,,
Ascencion de Guarayos,2026-09-01 15:00:00,32,36.0,,25.0,,
Ascencion de Guarayos,2026-09-01 15:00:00,35,36.0,,,,
Ascencion de Guarayos,2026-09-01 15:00:00,41,,,26.0,,
Ascencion de Guarayos,2026-09-01 15:00:00,44,,,29.0,,
Ascencion de Guarayos,2026-09-01 15:00:00,47,,,35.0,,
Ascencion de Guarayos,2026-09-01 15:00:00,50,,,35.0,,
Ascencion de Guarayos,2026-09-01 15:00:00,53,,,30.0,,
Ascencion de Guarayos,2026-09-01 15:00:00,56,,,26.0,,
Ascencion de Guarayos,2026-09-01 15:00:00,65,,,26.0,,
Ascencion de Guarayos,2026-09-01 15:00:00,68,,,30.0,,
Ascencion de Guarayos,2026-09-01 15:00:00,71,,,35.0,,
Ascencion de Guarayos,2026-09-01 15:00:00,74,,,35.0,,
Ascencion de Guarayos,2026-09-01 15:00:00,77,,,29.0,,
Ascencion de Guarayos,2026-09-01 15:00:00,80,,,24.0,,
Ascencion de Guarayos,2026-09-01 15:00:00,83,,,21.0,,
Ascencion de Guarayos,2026-09-01 15:00:00,86,,,21.0,,
Ascencion de Guarayos,2026-09-01 15:00:00,89,,,26.0,,
Ascencion de Guarayos,2026-09-01 15:00:00,92,,,29.0,,
Ascencion de Guarayos,2026-09-01 15:00:00,95,,,34.0,,
Ascencion de Guarayos,2026-09-01 15:00:00,98,,,34.0,,
Ascencion de Guarayos,2026-09-01 15:00:00,101,,,29.0,,
Ascencion de Guarayos,2026-09-01 15:00:00,107,,,22.0,,
Ascencion de Guarayos,2026-09-02 10:00:00,16,27.0,,,,
Ascencion de Guarayos,2026-09-02 10:00:00,28,35.0,,,,
Ascencion de Guarayos,2026-09-02 10:00:00,31,37.0,,,,
Ascencion de Guarayos,2026-09-02 10:00:00,34,26.0,,,,
Ascencion de Guarayos,2026-09-02 10:00:00,37,26.0,,,,
Ascencion de Guarayos,2026-09-02 10:00:00,40,26.0,,,,
Ascencion de Guarayos,2026-09-02 10:00:00,88,56.0,,,,
Ascencion de Guarayos,2026-09-02 10:00:00,91,57.0,0.0,26.0,3.4,160.0
Ascencion de Guarayos,2026-09-02 10:00:00,94,56.0,0.0,27.0,3.5,150.0
Ascencion de Guarayos,2026-09-02 10:00:00,97,56.0,0.0,29.0,3.3,150.0
Ascencion de Guarayos,2026-09-02 10:00:00,100,56.0,0.0,32.0,3.2,150.0
Ascencion de Guarayos,2026-09-02 10:00:00,103,56.0,0.0,29.0,3.2,160.0
Ascencion de Guarayos,2026-09-02 10:00:00,106,56.0,0.0,26.0,3.2,170.0
Ascencion de Guarayos,2026-09-02 10:00:00,109,56.0,0.0,24.0,3.4,160.0
Ascencion de Guarayos,2026-09-02 10:00:00,112,56.0,0.0,22.0,3.6,150.0
Ascencion de Guarayos,2026-09-02 15:00:00,11,,,20.0,,
Ascencion de Guarayos,2026-09-02 15:00:00,14,,,20.0,,
Ascencion de Guarayos,2026-09-02 15:00:00,23,,,37.0,,
Ascencion de Guarayos,2026-09-02 15:00:00,26,,,37.0,,
Ascencion de Guarayos,2026-09-02 15:00:00,35,,,21.0,,
Ascencion de Guarayos,2026-09-02 15:00:00,38,,,21.0,,
Ascencion de Guarayos,2026-09-02 15:00:00,47,,,36.0,,
Ascencion de Guarayos,2026-09-02 15:00:00,50,,,36.0,,
Ascencion de Guarayos,2026-09-02 15:00:00,62,,,22.0,,
Ascencion de Guarayos,2026-09-02 15:00:00,83,,,19.0,,
Ascencion de Guarayos,2026-09-02 15:00:00,86,,,19.0,,
Ascencion de Guarayos,2026-09-02 15:00:00,89,,,22.0,,
Ascencion de Guarayos,2026-09-02 15:00:00,92,,,27.0,,
Ascencion de Guarayos,2026-09-02 15:00:00,95,,,29.0,,
Baures,2026-08-31 13:00:00,1,37.0,0.0,35.0,5.1,306.0
Baures,2026-08-31 13:00:00,4,35.0,0.0,35.0,3.9,315.0
Baures,2026-08-31 13:00:00,7,36.0,0.0,29.0,2.6,320.0
Baures,2026-08-31 13:00:00,10,36.0,0.0,25.0,2.9,330.0
Baures,2026-08-31 13:00:00,13,56.0,0.0,20.0,3.3,330.0
Baures,2026-08-31 13:00:00,16,56.0,0.0,20.0,2.8,90.0
Baures,2026-08-31 13:00:00,19,56.0,0.0,24.0,3.7,159.0
Baures,2026-08-31 13:00:00,22,57.0,0.0,27.0,4.0,175.0
Baures,2026-08-31 13:00:00,25,56.0,0.0,32.0,4.2,186.0
Baures,2026-08-31 13:00:00,28,55.0,0.0,32.0,3.8,166.0
Baures,2026-08-31 13:00:00,31,56.0,0.0,29.0,3.4,140.0
Baures,2026-08-31 13:00:00,34,56.0,0.0,25.0,3.2,150.0
Baures,2026-08-31 13:00:00,37,56.0,0.0,17.0,3.1,150.0
Baures,2026-08-31 13:00:00,40,26.0,0.0,17.0,3.6,156.0
Baures,2026-08-31 13:00:00,43,26.0,0.0,25.0,4.2,150.0
Baures,2026-08-31 13:00:00,46,26.0,0.0,29.0,2.6,89.0
Baures,2026-08-31 13:00:00,49,26.0,0.0,34.0,1.0,18.0
Baures,2026-08-31 13:00:00,52,27.0,0.0,34.0,1.4,309.0
Baures,2026-08-31 13:00:00,55,26.0,0.0,27.0,1.7,230.0
Baures,2026-08-31 13:00:00,58,26.0,0.0,24.0,1.5,220.0
Baures,2026-08-31 13:00:00,61,26.0,0.0,18.0,1.4,206.0
Baures,2026-08-31 13:00:00,64,27.0,0.0,18.0,1.7,84.0
Baures,2026-08-31 13:00:00,67,26.0,0.0,25.0,1.6,14.0
Baures,2026-08-31 13:00:00,70,27.0,0.0,29.0,2.9,350.0
Baures,2026-08-31 13:00:00,73,36.0,0.0,35.0,4.2,315.0
Baures,2026-08-31 13:00:00,76,36.0,0.0,35.0,3.1,315.0
Baures,2026-08-31 13:00:00,79,26.0,0.0,29.0,2.1,309.0
Baures,2026-08-31 13:00:00,82,26.0,0.0,22.0,2.3,320.0
Baures,2026-08-31 13:00:00,85,36.0,0.0,20.0,2.4,330.0
Baures,2026-08-31 13:00:00,88,36.0,0.0,20.0,3.0,340.0
Baures,2026-08-31 13:00:00,91,36.0,0.0,28.0,3.9,326.0
Baures,2026-08-31 13:00:00,94,37.0,0.0,31.0,4.6,320.0
Baures,2026-08-31 13:00:00,97,56.0,0.0,36.0,5.3,310.0
Baures,2026-08-31 13:00:00,100,56.0,0.0,36.0,3.8,334.0
Baures,2026-08-31 13:00:00,103,56.0,0.0,32.0,2.3,354.0
Baures,2026-08-31 13:00:00,106,56.0,0.0,20.0,2.7,360.0
Baures,2026-08-31 13:00:00,109,37.0,0.0,20.0,3.0,356.0
Baures,2026-09-01 11:00:00,87,36.0,,,,
Baures,2026-09-01 11:00:00,90,36.0,0.0,31.0,3.0,14.0
Baures,2026-09-01 11:00:00,93,36.0,0.0,32.0,4.4,325.0
Baures,2026-09-01 11:00:00,96,36.0,0.0,37.0,4.5,320.0
Baures,2026-09-01 11:00:00,99,36.0,0.0,42.0,4.7,309.0
Baures,2026-09-01 11:00:00,102,36.0,0.0,36.0,3.4,354.0
Baures,2026-09-01 11:00:00,105,55.0,0.0,30.0,2.2,36.0
Baures,2026-09-01 11:00:00,108,56.0,0.0,28.0,1.7,71.0
Baures,2026-09-01 11:00:00,111,57.0,0.0,26.0,1.1,102.0
Baures,2026-09-01 15:00:00,11,,,22.0,,
Baures,2026-09-01 15:00:00,14,,,22.0,,
Baures,2026-09-01 15:00:00,17,,,26.0,,
Baures,2026-09-01 15:00:00,20,,,30.0,,
Baures,2026-09-01 15:00:00,29,,,30.0,,
Baures,2026-09-01 15:00:00,32,,,26.0,,
Baures,2026-09-01 15:00:00,35,,,23.0,,
Baures,2026-09-01 15:00:00,38,,,23.0,,
Baures,2026-09-01 15:00:00,41,,,27.0,,
Baures,2026-09-01 15:00:00,44,,,31.0,,
Baures,2026-09-01 15:00:00,53,,,31.0,,
Baures,2026-09-01 15:00:00,56,,,27.0,,
Baures,2026-09-01 15:00:00,59,,,23.0,,
Baures,2026-09-01 15:00:00,62,,,23.0,,
Baures,2026-09-01 15:00:00,65,,,27.0,,
Baures,2026-09-01 15:00:00,80,,,27.0,,
Baures,2026-09-01 15:00:00,83,,,23.0,,
Baures,2026-09-01 15:00:00,86,,,23.0,,
Baures,2026-09-01 15:00:00,89,,,28.0,,
Baures,2026-09-01 15:00:00,92,,,32.0,,
Baures,2026-09-01 15:00:00,95,,,36.0,,
Baures,2026-09-01 15:00:00,101,,,32.0,,
Baures,2026-09-01 15:00:00,104,,,29.0,,
Baures,2026-09-01 15:00:00,107,,,27.0,,
Baures,2026-09-02 10:00:00,19,26.0,,,,
Baures,2026-09-02 10:00:00,22,27.0,,,,
Baures,2026-09-02 10:00:00,25,26.0,,,,
Baures,2026-09-02 10:00:00,28,37.0,,,,
Baures,2026-09-02 10:00:00,37,27.0,,,,
Baures,2026-09-02 10:00:00,40,25.0,,,,
Baures,2026-09-02 10:00:00,88,89.0,1.5,,,
Baures,2026-09-02 10:00:00,91,90.0,2.9,30.0,3.7,141.0
Baures,2026-09-02 10:00:00,94,89.0,2.1,29.0,5.7,136.0
Baures,2026-09-02 10:00:00,97,89.0,2.9,33.0,4.4,135.0
Baures,2026-09-02 10:00:00,100,56.0,0.0,36.0,3.1,125.0
Baures,2026-09-02 10:00:00,103,56.0,0.0,33.0,3.8,150.0
Baures,2026-09-02 10:00:00,106,56.0,0.0,30.0,4.4,170.0
Baures,2026-09-02 10:00:00,109,56.0,0.0,27.0,4.4,170.0
Baures,2026-09-02 10:00:00,112,56.0,0.0,25.0,4.5,160.0
Baures,2026-09-02 15:00:00,11,,,22.0,,
Baures,2026-09-02 15:00:00,14,,,22.0,,
Baures,2026-09-02 15:00:00,23,,,37.0,,
Baures,2026-09-02 15:00:00,26,,,37.0,,
Baures,2026-09-02 15:00:00,35,,,21.0,,
Baures,2026-09-02 15:00:00,38,,,21.0,,
Baures,2026-09-02 15:00:00,59,,,22.0,,
Baures,2026-09-02 15:00:00,62,,,22.0,,
Baures,2026-09-02 15:00:00,71,,,37.0,,
Baures,2026-09-02 15:00:00,74,,,37.0,,
Baures,2026-09-02 15:00:00,83,,,19.0,,
Baures,2026-09-02 15:00:00,86,,,19.0,,
Baures,2026-09-02 15:00:00,89,,,25.0,,
Baures,2026-09-02 15:00:00,92,,,30.0,,
Baures,2026-09-02 15:00:00,95,,,33.0,,
Bolpebra - PD,2026-08-31 13:00:00,1,36.0,0.0,35.0,2.7,330.0
Bolpebra - PD,2026-08-31 13:00:00,4,37.0,0.0,35.0,2.0,343.0
Bolpebra - PD,2026-08-31 13:00:00,7,37.0,0.0,30.0,1.2,351.0
Bolpebra - PD,2026-08-31 13:00:00,10,37.0,0.0,26.0,1.4,343.0
Bolpebra - PD,2026-08-31 13:00:00,13,36.0,0.0,22.0,1.5,333.0
Bolpebra - PD,2026-08-31 13:00:00,16,36.0,0.0,22.0,1.5,320.0
Bolpebra - PD,2026-08-31 13:00:00,19,36.0,0.0,25.0,1.7,300.0
Bolpebra - PD,2026-08-31 13:00:00,22,36.0,0.0,30.0,1.7,310.0
Bolpebra - PD,2026-08-31 13:00:00,25,57.0,0.0,37.0,1.7,320.0
Bolpebra - PD,2026-08-31 13:00:00,28,56.0,0.0,37.0,1.4,257.0
Bolpebra - PD,2026-08-31 13:00:00,31,56.0,0.0,32.0,1.0,187.0
Bolpebra - PD,2026-08-31 13:00:00,34,55.0,0.0,25.0,0.9,175.0
Bolpebra - PD,2026-08-31 13:00:00,37,56.0,0.0,20.0,0.7,162.0
Bolpebra - PD,2026-08-31 13:00:00,40,56.0,0.0,20.0,1.0,190.0
Bolpebra - PD,2026-08-31 13:00:00,43,55.0,0.0,24.0,1.3,155.0
Bolpebra - PD,2026-08-31 13:00:00,46,56.0,0.0,31.0,0.9,197.0
Bolpebra - PD,2026-08-31 13:00:00,49,56.0,0.0,35.0,0.5,237.0
Bolpebra - PD,2026-08-31 13:00:00,52,57.0,0.0,35.0,0.6,270.0
Bolpebra - PD,2026-08-31 13:00:00,55,37.0,0.0,30.0,0.7,302.0
Bolpebra - PD,2026-08-31 13:00:00,58,36.0,0.0,25.0,0.9,290.0
Bolpebra - PD,2026-08-31 13:00:00,61,26.0,0.0,21.0,1.2,274.0
Bolpebra - PD,2026-08-31 13:00:00,64,26.0,0.0,21.0,0.9,280.0
Bolpebra - PD,2026-08-31 13:00:00,67,27.0,0.0,25.0,1.1,300.0
Bolpebra - PD,2026-08-31 13:00:00,70,26.0,0.0,30.0,1.9,313.0
Bolpebra - PD,2026-08-31 13:00:00,73,26.0,0.0,36.0,2.6,323.0
Bolpebra - PD,2026-08-31 13:00:00,76,26.0,0.0,36.0,2.2,324.0
Bolpebra - PD,2026-08-31 13:00:00,79,26.0,0.0,30.0,1.8,324.0
Bolpebra - PD,2026-08-31 13:00:00,82,26.0,0.0,24.0,1.6,324.0
Bolpebra - PD,2026-08-31 13:00:00,85,35.0,0.0,22.0,1.2,320.0
Bolpebra - PD,2026-08-31 13:00:00,88,36.0,0.0,22.0,1.5,338.0
Bolpebra - PD,2026-08-31 13:00:00,91,37.0,0.0,27.0,2.0,343.0
Bolpebra - PD,2026-08-31 13:00:00,94,35.0,0.0,34.0,2.3,333.0
Bolpebra - PD,2026-08-31 13:00:00,97,56.0,0.0,37.0,2.7,323.0
Bolpebra - PD,2026-08-31 13:00:00,100,56.0,0.0,37.0,1.9,324.0
Bolpebra - PD,2026-08-31 13:00:00,103,36.0,0.0,30.0,1.0,322.0
Bolpebra - PD,2026-08-31 13:00:00,106,36.0,0.0,22.0,1.6,331.0
Bolpebra - PD,2026-08-31 13:00:00,109,36.0,0.0,22.0,2.3,333.0
Bolpebra - PD,2026-09-01 11:00:00,15,36.0,,,,
Bolpebra - PD,2026-09-01 11:00:00,18,37.0,,,,
Bolpebra - PD,2026-09-01 11:00:00,21,36.0,,,,
Bolpebra - PD,2026-09-01 11:00:00,24,37.0,,,,
Bolpebra - PD,2026-09-01 11:00:00,27,36.0,,,,
Bolpebra - PD,2026-09-01 11:00:00,30,36.0,,,,
Bolpebra - PD,2026-09-01 11:00:00,33,36.0,,,,
Bolpebra - PD,2026-09-01 11:00:00,39,36.0,,,,
Bolpebra - PD,2026-09-01 11:00:00,87,25.0,,,,
Bolpebra - PD,2026-09-01 11:00:00,90,26.0,0.0,27.0,1.8,350.0
Bolpebra - PD,2026-09-01 11:00:00,93,26.0,0.0,27.0,2.0,330.0
Bolpebra - PD,2026-09-01 11:00:00,96,26.0,0.0,33.0,2.3,320.0
Bolpebra - PD,2026-09-01 11:00:00,99,36.0,0.0,39.0,2.6,310.0
Bolpebra - PD,2026-09-01 11:00:00,102,36.0,0.0,32.0,2.4,343.0
Bolpebra - PD,2026-09-01 11:00:00,105,26.0,0.0,25.0,2.2,13.0
Bolpebra - PD,2026-09-01 11:00:00,108,26.0,0.0,23.0,1.7,358.0
Bolpebra - PD,2026-09-01 11:00:00,111,26.0,0.0,22.0,1.3,335.0
Bolpebra - PD,2026-09-01 15:00:00,23,,,33.0,,
Bolpebra - PD,2026-09-01 15:00:00,26,,,33.0,,
Bolpebra - PD,2026-09-01 15:00:00,80,,,27.0,,
Bolpebra - PD,2026-09-01 15:00:00,86,,,22.0,,
Bolpebra - PD,2026-09-01 15:00:00,95,,,37.0,,
Bolpebra - PD,2026-09-01 15:00:00,98,,,37.0,,
Bolpebra - PD,2026-09-01 15:00:00,101,,,32.0,,
Bolpebra - PD,2026-09-01 15:00:00,104,,,29.0,,
Bolpebra - PD,2026-09-01 15:00:00,107,,,24.0,,
Bolpebra - PD,2026-09-02 10:00:00,28,36.0,,,,
Bolpebra - PD,2026-09-02 10:00:00,31,37.0,,,,
Bolpebra - PD,2026-09-02 10:00:00,34,36.0,,,,
Bolpebra - PD,2026-09-02 10:00:00,37,36.0,,,,
Bolpebra - PD,2026-09-02 10:00:00,40,36.0,,,,
Bolpebra - PD,2026-09-02 10:00:00,88,56.0,,,,
Bolpebra - PD,2026-09-02 10:00:00,91,57.0,0.0,24.0,1.4,282.0
Bolpebra - PD,2026-09-02 10:00:00,94,56.0,0.0,24.0,1.4,300.0
Bolpebra - PD,2026-09-02 10:00:00,97,57.0,0.0,29.0,1.6,276.0
Bolpebra - PD,2026-09-02 10:00:00,100,89.0,1.2,35.0,1.7,251.0
Bolpebra - PD,2026-09-02 10:00:00,103,89.0,2.3,28.0,1.3,232.0
Bolpebra - PD,2026-09-02 10:00:00,106,89.0,1.6,21.0,0.8,205.0
Bolpebra - PD,2026-09-02 10:00:00,109,89.0,4.8,21.0,0.9,169.0
Bolpebra - PD,2026-09-02 10:00:00,112,89.0,3.4,21.0,1.0,130.0
Bolpebra - PD,2026-09-02 15:00:00,29,,,32.0,,
Bolpebra - PD,2026-09-02 15:00:00,32,,,28.0,,
Bolpebra - PD,2026-09-02 15:00:00,41,,,25.0,,
Bolpebra - PD,2026-09-02 15:00:00,44,,,31.0,,
Bolpebra - PD,2026-09-02 15:00:00,47,,,35.0,,
Bolpebra - PD,2026-09-02 15:00:00,50,,,35.0,,
Bolpebra - PD,2026-09-02 15:00:00,59,,,21.0,,
Bolpebra - PD,2026-09-02 15:00:00,62,,,21.0,,
Bolpebra - PD,2026-09-02 15:00:00,71,,,36.0,,
Bolpebra - PD,2026-09-02 15:00:00,74,,,36.0,,
Bolpebra - PD,2026-09-02 15:00:00,77,,,31.0,,
Bolpebra - PD,2026-09-02 15:00:00,80,,,28.0,,
Bolpebra - PD,2026-09-02 15:00:00,83,27.0,,19.0,,
Bolpebra - PD,2026-09-02 15:00:00,86,26.0,,19.0,,
Bolpebra - PD,2026-09-02 15:00:00,89,27.0,,23.0,,
Bolpebra - PD,2026-09-02 15:00:00,92,26.0,,,,
Bolpebra - PD,2026-09-02 15:00:00,95,26.0,0.0,32.0,,
Bolpebra - PD,2026-09-02 15:00:00,98,26.0,0.0,32.0,,
Bolpebra - PD,2026-09-02 15:00:00,101,26.0,0.0,29.0,,
Bolpebra - PD,2026-09-02 15:00:00,104,26.0,0.0,25.0,,
Bolpebra - PD,2026-09-02 15:00:00,107,26.0,0.0,22.0,,
Bulo Bulo,2026-08-31 13:00:00,1,76.0,2.1,34.0,4.3,310.0
Bulo Bulo,2026-08-31 13:00:00,4,76.0,2.1,34.0,3.2,292.0
Bulo Bulo,2026-08-31 13:00:00,7,36.0,0.0,29.0,2.1,274.0
Bulo Bulo,2026-08-31 13:00:00,10,35.0,0.0,25.0,2.4,187.0
Bulo Bulo,2026-08-31 13:00:00,13,88.0,1.2,20.0,2.6,108.0
Bulo Bulo,2026-08-31 13:00:00,16,88.0,1.2,20.0,1.5,88.0
Bulo Bulo,2026-08-31 13:00:00,19,88.0,1.2,23.0,0.7,63.0
Bulo Bulo,2026-08-31 13:00:00,22,88.0,1.2,25.0,1.5,49.0
Bulo Bulo,2026-08-31 13:00:00,25,88.0,0.7,28.0,2.3,32.0
Bulo Bulo,2026-08-31 13:00:00,28,88.0,1.2,28.0,1.8,100.0
Bulo Bulo,2026-08-31 13:00:00,31,56.0,0.0,25.0,1.2,168.0
Bulo Bulo,2026-08-31 13:00:00,34,56.0,0.0,23.0,1.1,168.0
Bulo Bulo,2026-08-31 13:00:00,37,57.0,0.0,20.0,1.1,158.0
Bulo Bulo,2026-08-31 13:00:00,40,56.0,0.0,20.0,0.7,112.0
Bulo Bulo,2026-08-31 13:00:00,43,57.0,0.0,25.0,0.6,67.0
Bulo Bulo,2026-08-31 13:00:00,46,57.0,0.0,29.0,1.0,24.0
Bulo Bulo,2026-08-31 13:00:00,49,37.0,0.0,31.0,1.4,340.0
Bulo Bulo,2026-08-31 13:00:00,52,37.0,0.0,31.0,1.2,270.0
Bulo Bulo,2026-08-31 13:00:00,55,37.0,0.0,28.0,1.1,198.0
Bulo Bulo,2026-08-31 13:00:00,58,36.0,0.0,24.0,1.2,200.0
Bulo Bulo,2026-08-31 13:00:00,61,26.0,0.0,21.0,1.4,200.0
Bulo Bulo,2026-08-31 13:00:00,64,27.0,0.0,21.0,0.9,234.0
Bulo Bulo,2026-08-31 13:00:00,67,25.0,0.0,25.0,0.8,234.0
Bulo Bulo,2026-08-31 13:00:00,70,27.0,0.0,31.0,2.9,282.0
Bulo Bulo,2026-08-31 13:00:00,73,36.0,0.0,33.0,5.0,320.0
Bulo Bulo,2026-08-31 13:00:00,76,36.0,0.0,33.0,3.3,292.0
Bulo Bulo,2026-08-31 13:00:00,79,36.0,0.0,29.0,1.5,264.0
Bulo Bulo,2026-08-31 13:00:00,82,36.0,0.0,23.0,1.2,254.0
Bulo Bulo,2026-08-31 13:00:00,85,56.0,0.0,21.0,0.9,234.0
Bulo Bulo,2026-08-31 13:00:00,88,56.0,0.0,21.0,0.6,244.0
Bulo Bulo,2026-08-31 13:00:00,91,56.0,0.0,25.0,0.4,246.0
Bulo Bulo,2026-08-31 13:00:00,94,55.0,0.0,28.0,2.7,284.0
Bulo Bulo,2026-08-31 13:00:00,97,57.0,0.0,32.0,5.0,320.0
Bulo Bulo,2026-08-31 13:00:00,100,56.0,0.0,32.0,3.3,292.0
Bulo Bulo,2026-08-31 13:00:00,103,56.0,0.0,28.0,1.6,256.0
Bulo Bulo,2026-08-31 13:00:00,106,56.0,0.0,21.0,1.2,266.0
Bulo Bulo,2026-08-31 13:00:00,109,35.0,0.0,21.0,0.7,266.0
Bulo Bulo,2026-09-01 11:00:00,15,56.0,,,,
Bulo Bulo,2026-09-01 11:00:00,21,56.0,,,,
Bulo Bulo,2026-09-01 11:00:00,24,56.0,,,,
Bulo Bulo,2026-09-01 11:00:00,27,56.0,,,,
Bulo Bulo,2026-09-01 11:00:00,30,56.0,,,,
Bulo Bulo,2026-09-01 11:00:00,87,56.0,,,,
Bulo Bulo,2026-09-01 11:00:00,90,56.0,0.0,25.0,1.0,148.0
Bulo Bulo,2026-09-01 11:00:00,93,56.0,0.0,25.0,0.9,98.0
Bulo Bulo,2026-09-01 11:00:00,96,56.0,0.0,31.0,1.6,62.0
Bulo Bulo,2026-09-01 11:00:00,99,56.0,0.0,37.0,2.3,24.0
Bulo Bulo,2026-09-01 11:00:00,102,56.0,0.0,34.0,2.5,90.0
Bulo Bulo,2026-09-01 11:00:00,105,88.0,2.5,31.0,2.7,146.0
Bulo Bulo,2026-09-01 11:00:00,108,89.0,0.5,26.0,1.6,138.0
Bulo Bulo,2026-09-01 11:00:00,111,88.0,2.5,21.0,0.4,128.0
Bulo Bulo,2026-09-01 15:00:00,17,,,23.0,,
Bulo Bulo,2026-09-01 15:00:00,20,,,27.0,,
Bulo Bulo,2026-09-01 15:00:00,23,,,30.0,,
Bulo Bulo,2026-09-01 15:00:00,26,,,30.0,,
Bulo Bulo,2026-09-01 15:00:00,32,,,26.0,,
Bulo Bulo,2026-09-01 15:00:00,35,,,22.0,,
Bulo Bulo,2026-09-01 15:00:00,38,,,22.0,,
Bulo Bulo,2026-09-01 15:00:00,41,,,26.0,,
Bulo Bulo,2026-09-01 15:00:00,56,,,24.0,,
Bulo Bulo,2026-09-01 15:00:00,80,,,25.0,,
Bulo Bulo,2026-09-01 15:00:00,83,,,22.0,,
Bulo Bulo,2026-09-01 15:00:00,86,,,22.0,,
Bulo Bulo,2026-09-01 15:00:00,92,,,28.0,,
Bulo Bulo,2026-09-01 15:00:00,95,,,30.0,,
Bulo Bulo,2026-09-01 15:00:00,98,,,30.0,,
Bulo Bulo,2026-09-01 15:00:00,101,,,28.0,,
Bulo Bulo,2026-09-01 15:00:00,104,,,27.0,,
Bulo Bulo,2026-09-01 15:00:00,107,,,25.0,,
Bulo Bulo,2026-09-02 10:00:00,19,26.0,,,,
Bulo Bulo,2026-09-02 10:00:00,22,26.0,,,,
Bulo Bulo,2026-09-02 10:00:00,25,26.0,,,,
Bulo Bulo,2026-09-02 10:00:00,40,36.0,,,,
Bulo Bulo,2026-09-02 10:00:00,88,90.0,3.7,,,
Bulo Bulo,2026-09-02 10:00:00,91,89.0,1.2,20.0,1.1,120.0
Bulo Bulo,2026-09-02 10:00:00,94,89.0,1.2,20.0,1.0,92.0
Bulo Bulo,2026-09-02 10:00:00,97,89.0,1.2,22.0,1.5,82.0
Bulo Bulo,2026-09-02 10:00:00,100,56.0,0.0,24.0,2.0,72.0
Bulo Bulo,2026-09-02 10:00:00,103,56.0,0.0,23.0,1.4,132.0
Bulo Bulo,2026-09-02 10:00:00,106,56.0,0.0,21.0,0.7,190.0
Bulo Bulo,2026-09-02 10:00:00,109,56.0,0.0,20.0,0.9,168.0
Bulo Bulo,2026-09-02 10:00:00,112,56.0,0.0,18.0,1.1,136.0
Bulo Bulo,2026-09-02 15:00:00,11,,,20.0,,
Bulo Bulo,2026-09-02 15:00:00,14,,,20.0,,
Bulo Bulo,2026-09-02 15:00:00,35,,,19.0,,
Bulo Bulo,2026-09-02 15:00:00,38,,,19.0,,
Bulo Bulo,2026-09-02 15:00:00,59,,,17.0,,
Bulo Bulo,2026-09-02 15:00:00,62,,,17.0,,
Bulo Bulo,2026-09-02 15:00:00,65,,,21.0,,
Bulo Bulo,2026-09-02 15:00:00,68,,,24.0,,
Bulo Bulo,2026-09-02 15:00:00,71,,,25.0,,
Bulo Bulo,2026-09-02 15:00:00,74,,,25.0,,
Bulo Bulo,2026-09-02 15:00:00,77,,,22.0,,
Bulo Bulo,2026-09-02 15:00:00,80,,,19.0,,
Bulo Bulo,2026-09-02 15:00:00,83,,,14.0,,
Bulo Bulo,2026-09-02 15:00:00,86,,,14.0,,
Bulo Bulo,2026-09-02 15:00:00,89,,,17.0,,
Bulo Bulo,2026-09-02 15:00:00,92,,,19.0,,
Bulo Bulo,2026-09-02 15:00:00,95,,,21.0,,
Bulo Bulo,2026-09-02 15:00:00,98,,,21.0,,
Bulo Bulo,2026-09-02 15:00:00,101,,,19.0,,
Bulo Bulo,2026-09-02 15:00:00,104,,,17.0,,
Bulo Bulo,2026-09-02 15:00:00,107,,,17.0,,
Camargo,2026-08-31 13:00:00,1,37.0,0.0,30.0,11.9,278.0
Camargo,2026-08-31 13:00:00,4,36.0,0.0,30.0,7.6,299.0
Camargo,2026-08-31 13:00:00,7,37.0,0.0,19.0,3.3,319.0
Camargo,2026-08-31 13:00:00,10,36.0,0.0,13.0,2.7,308.0
Camargo,2026-08-31 13:00:00,13,56.0,0.0,10.0,2.1,294.0
Camargo,2026-08-31 13:00:00,16,55.0,0.0,10.0,1.8,113.0
Camargo,2026-08-31 13:00:00,19,56.0,0.0,13.0,1.4,160.0
Camargo,2026-08-31 13:00:00,22,56.0,0.0,18.0,1.7,174.0
Camargo,2026-08-31 13:00:00,25,56.0,0.0,27.0,2.1,183.0
Camargo,2026-08-31 13:00:00,28,56.0,0.0,27.0,2.8,136.0
Camargo,2026-08-31 13:00:00,31,36.0,0.0,21.0,3.5,77.0
Camargo,2026-08-31 13:00:00,34,36.0,0.0,15.0,2.3,117.0
Camargo,2026-08-31 13:00:00,37,55.0,0.0,10.0,1.1,205.0
Camargo,2026-08-31 13:00:00,40,26.0,0.0,10.0,1.3,260.0
Camargo,2026-08-31 13:00:00,43,25.0,0.0,12.0,1.7,290.0
Camargo,2026-08-31 13:00:00,46,26.0,0.0,19.0,1.9,287.0
Camargo,2026-08-31 13:00:00,49,25.0,0.0,29.0,2.0,276.0
Camargo,2026-08-31 13:00:00,52,25.0,0.0,29.0,2.3,354.0
Camargo,2026-08-31 13:00:00,55,26.0,0.0,21.0,2.7,64.0
Camargo,2026-08-31 13:00:00,58,26.0,0.0,14.0,1.8,117.0
Camargo,2026-08-31 13:00:00,61,26.0,0.0,12.0,1.0,224.0
Camargo,2026-08-31 13:00:00,64,27.0,0.0,12.0,2.0,299.0
Camargo,2026-08-31 13:00:00,67,25.0,0.0,19.0,2.3,287.0
Camargo,2026-08-31 13:00:00,70,25.0,0.0,21.0,2.5,287.0
Camargo,2026-08-31 13:00:00,73,36.0,0.0,31.0,2.7,277.0
Camargo,2026-08-31 13:00:00,76,36.0,0.0,31.0,3.0,5.0
Camargo,2026-08-31 13:00:00,79,26.0,0.0,17.0,3.3,85.0
Camargo,2026-08-31 13:00:00,82,26.0,0.0,14.0,2.6,95.0
Camargo,2026-08-31 13:00:00,85,35.0,0.0,12.0,1.9,95.0
Camargo,2026-08-31 13:00:00,88,36.0,0.0,12.0,1.6,82.0
Camargo,2026-08-31 13:00:00,91,36.0,0.0,16.0,1.5,69.0
Camargo,2026-08-31 13:00:00,94,36.0,0.0,18.0,3.1,28.0
Camargo,2026-08-31 13:00:00,97,56.0,0.0,28.0,4.6,344.0
Camargo,2026-08-31 13:00:00,100,56.0,0.0,28.0,4.2,30.0
Camargo,2026-08-31 13:00:00,103,77.0,0.7,15.0,3.7,67.0
Camargo,2026-08-31 13:00:00,106,76.0,1.6,12.0,3.1,38.0
Camargo,2026-08-31 13:00:00,109,36.0,0.0,12.0,2.5,2.0
Camargo,2026-09-01 11:00:00,90,35.0,0.0,11.0,1.7,340.0
Camargo,2026-09-01 11:00:00,93,36.0,0.0,12.0,1.5,313.0
Camargo,2026-09-01 11:00:00,96,36.0,0.0,17.0,5.1,307.0
Camargo,2026-09-01 11:00:00,99,57.0,0.0,22.0,8.6,299.0
Camargo,2026-09-01 11:00:00,102,56.0,0.0,15.0,6.0,12.0
Camargo,2026-09-01 11:00:00,105,56.0,0.0,9.0,3.4,85.0
Camargo,2026-09-01 11:00:00,108,56.0,0.0,7.0,3.0,96.0
Camargo,2026-09-01 11:00:00,111,57.0,0.0,6.0,2.7,105.0
Camargo,2026-09-01 15:00:00,11,,,7.0,,
Camargo,2026-09-01 15:00:00,14,,,7.0,,
Camargo,2026-09-01 15:00:00,23,,,26.0,,
Camargo,2026-09-01 15:00:00,26,,,26.0,,
Camargo,2026-09-01 15:00:00,29,,,17.0,,
Camargo,2026-09-01 15:00:00,32,,,12.0,,
Camargo,2026-09-01 15:00:00,35,,,7.0,,
Camargo,2026-09-01 15:00:00,38,,,7.0,,
Camargo,2026-09-01 15:00:00,41,,,13.0,,
Camargo,2026-09-01 15:00:00,44,,,19.0,,
Camargo,2026-09-01 15:00:00,47,,,27.0,,
Camargo,2026-09-01 15:00:00,50,,,27.0,,
Camargo,2026-09-01 15:00:00,53,,,16.0,,
Camargo,2026-09-01 15:00:00,56,,,11.0,,
Camargo,2026-09-01 15:00:00,59,,,6.0,,
Camargo,2026-09-01 15:00:00,62,,,6.0,,
Camargo,2026-09-01 15:00:00,65,,,13.0,,
Camargo,2026-09-01 15:00:00,71,,,26.0,,
Camargo,2026-09-01 15:00:00,74,,,26.0,,
Camargo,2026-09-01 15:00:00,77,,,18.0,,
Camargo,2026-09-01 15:00:00,80,,,13.0,,
Camargo,2026-09-01 15:00:00,83,,,5.0,,
Camargo,2026-09-01 15:00:00,86,,,5.0,,
Camargo,2026-09-01 15:00:00,95,,,25.0,,
Camargo,2026-09-01 15:00:00,98,,,24.0,,
Camargo,2026-09-01 15:00:00,101,,,17.0,,
Camargo,2026-09-01 15:00:00,104,,,13.0,,
Camargo,2026-09-01 15:00:00,107,,,9.0,,
Camargo,2026-09-02 10:00:00,19,26.0,,,,
Camargo,2026-09-02 10:00:00,22,27.0,,,,
Camargo,2026-09-02 10:00:00,25,26.0,,,,
Camargo,2026-09-02 10:00:00,28,26.0,,,,
Camargo,2026-09-02 10:00:00,31,26.0,,,,
Camargo,2026-09-02 10:00:00,40,26.0,,,,
Camargo,2026-09-02 10:00:00,88,89.0,3.3,,,
Camargo,2026-09-02 10:00:00,91,89.0,3.0,7.0,1.9,87.0
Camargo,2026-09-02 10:00:00,94,89.0,3.0,8.0,1.2,73.0
Camargo,2026-09-02 10:00:00,97,89.0,3.0,14.0,3.2,168.0
Camargo,2026-09-02 10:00:00,100,57.0,0.0,20.0,5.2,244.0
Camargo,2026-09-02 10:00:00,103,56.0,0.0,14.0,4.0,165.0
Camargo,2026-09-02 10:00:00,106,56.0,0.0,8.0,2.7,76.0
Camargo,2026-09-02 10:00:00,109,55.0,0.0,6.0,2.4,79.0
Camargo,2026-09-02 10:00:00,112,55.0,0.0,5.0,2.0,83.0
Camargo,2026-09-02 15:00:00,11,,,6.0,,
Camargo,2026-09-02 15:00:00,14,,,6.0,,
Camargo,2026-09-02 15:00:00,23,,,30.0,,
Camargo,2026-09-02 15:00:00,26,,,30.0,,
Camargo,2026-09-02 15:00:00,35,,,7.0,,
Camargo,2026-09-02 15:00:00,38,,,7.0,,
Camargo,2026-09-02 15:00:00,59,,,8.0,,
Camargo,2026-09-02 15:00:00,62,,,8.0,,
Camargo,2026-09-02 15:00:00,71,,,24.0,,
Camargo,2026-09-02 15:00:00,83,,,5.0,,
Camargo,2026-09-02 15:00:00,86,,,5.0,,
Camargo,2026-09-02 15:00:00,95,,,21.0,,
Camargo,2026-09-02 15:00:00,98,,,21.0,,
Camargo,2026-09-02 15:00:00,101,,,16.0,,
Camargo,2026-09-02 15:00:00,104,,,12.0,,
Camargo,2026-09-02 15:00:00,107,,,10.0,,
Camiri,2026-08-31 13:00:00,1,56.0,0.0,29.0,4.5,97.0
Camiri,2026-08-31 13:00:00,4,56.0,0.0,29.0,3.8,130.0
Camiri,2026-08-31 13:00:00,7,89.0,2.6,24.0,3.1,161.0
Camiri,2026-08-31 13:00:00,10,89.0,1.7,20.0,2.2,198.0
Camiri,2026-08-31 13:00:00,13,56.0,0.0,15.0,1.3,227.0
Camiri,2026-08-31 13:00:00,16,56.0,0.0,15.0,3.1,180.0
Camiri,2026-08-31 13:00:00,19,56.0,0.0,17.0,2.6,170.0
Camiri,2026-08-31 13:00:00,22,56.0,0.0,18.0,2.1,160.0
Camiri,2026-08-31 13:00:00,25,36.0,0.0,21.0,1.7,143.0
Camiri,2026-08-31 13:00:00,28,36.0,0.0,21.0,1.1,133.0
Camiri,2026-08-31 13:00:00,31,36.0,0.0,18.0,0.5,120.0
Camiri,2026-08-31 13:00:00,34,35.0,0.0,17.0,0.7,187.0
Camiri,2026-08-31 13:00:00,37,56.0,0.0,16.0,0.9,247.0
Camiri,2026-08-31 13:00:00,40,26.0,0.0,16.0,0.8,244.0
Camiri,2026-08-31 13:00:00,43,26.0,0.0,18.0,0.4,223.0
Camiri,2026-08-31 13:00:00,46,26.0,0.0,20.0,1.8,154.0
Camiri,2026-08-31 13:00:00,49,25.0,0.0,24.0,3.2,78.0
Camiri,2026-08-31 13:00:00,52,26.0,0.0,24.0,2.1,57.0
Camiri,2026-08-31 13:00:00,55,26.0,0.0,20.0,0.9,30.0
Camiri,2026-08-31 13:00:00,58,26.0,0.0,18.0,1.1,320.0
Camiri,2026-08-31 13:00:00,61,26.0,0.0,15.0,1.3,247.0
Camiri,2026-08-31 13:00:00,64,26.0,0.0,15.0,1.0,260.0
Camiri,2026-08-31 13:00:00,67,27.0,0.0,18.0,1.0,227.0
Camiri,2026-08-31 13:00:00,70,26.0,0.0,20.0,1.4,147.0
Camiri,2026-08-31 13:00:00,73,37.0,0.0,26.0,1.8,57.0
Camiri,2026-08-31 13:00:00,76,36.0,0.0,26.0,1.7,117.0
Camiri,2026-08-31 13:00:00,79,36.0,0.0,22.0,1.6,170.0
Camiri,2026-08-31 13:00:00,82,36.0,0.0,17.0,1.7,210.0
Camiri,2026-08-31 13:00:00,85,56.0,0.0,15.0,1.7,240.0
Camiri,2026-08-31 13:00:00,88,56.0,0.0,16.0,1.4,250.0
Camiri,2026-08-31 13:00:00,91,56.0,0.0,19.0,1.3,257.0
Camiri,2026-08-31 13:00:00,94,56.0,0.0,20.0,2.6,318.0
Camiri,2026-08-31 13:00:00,97,56.0,0.0,27.0,3.9,18.0
Camiri,2026-08-31 13:00:00,100,56.0,0.0,26.0,3.7,88.0
Camiri,2026-08-31 13:00:00,103,56.0,0.0,21.0,3.4,150.0
Camiri,2026-08-31 13:00:00,106,56.0,0.0,16.0,2.4,160.0
Camiri,2026-08-31 13:00:00,109,36.0,0.0,16.0,1.4,168.0
Camiri,2026-09-01 11:00:00,90,36.0,0.0,18.0,2.4,190.0
Camiri,2026-09-01 11:00:00,93,36.0,0.0,18.0,3.2,170.0
Camiri,2026-09-01 11:00:00,96,36.0,0.0,20.0,3.7,160.0
Camiri,2026-09-01 11:00:00,99,57.0,0.0,21.0,4.1,150.0
Camiri,2026-09-01 11:00:00,102,56.0,0.0,19.0,4.2,160.0
Camiri,2026-09-01 11:00:00,105,56.0,0.0,16.0,4.3,160.0
Camiri,2026-09-01 11:00:00,108,56.0,0.0,15.0,4.3,170.0
Camiri,2026-09-01 11:00:00,111,56.0,0.0,15.0,4.2,170.0
Camiri,2026-09-01 15:00:00,5,,,22.0,,
Camiri,2026-09-01 15:00:00,8,,,20.0,,
Camiri,2026-09-01 15:00:00,11,,,18.0,,
Camiri,2026-09-01 15:00:00,14,,,18.0,,
Camiri,2026-09-01 15:00:00,17,,,21.0,,
Camiri,2026-09-01 15:00:00,20,,,23.0,,
Camiri,2026-09-01 15:00:00,23,,,26.0,,
Camiri,2026-09-01 15:00:00,26,,,26.0,,
Camiri,2026-09-01 15:00:00,29,,,23.0,,
Camiri,2026-09-01 15:00:00,32,,,19.0,,
Camiri,2026-09-01 15:00:00,35,,,18.0,,
Camiri,2026-09-01 15:00:00,38,,,18.0,,
Camiri,2026-09-01 15:00:00,41,,,20.0,,
Camiri,2026-09-01 15:00:00,44,,,23.0,,
Camiri,2026-09-01 15:00:00,47,,,30.0,,
Camiri,2026-09-01 15:00:00,50,,,30.0,,
Camiri,2026-09-01 15:00:00,53,,,25.0,,
Camiri,2026-09-01 15:00:00,56,,,22.0,,
Camiri,2026-09-01 15:00:00,59,,,18.0,,
Camiri,2026-09-01 15:00:00,62,,,18.0,,
Camiri,2026-09-01 15:00:00,65,,,21.0,,
Camiri,2026-09-01 15:00:00,68,,,25.0,,
Camiri,2026-09-01 15:00:00,71,,,29.0,,
Camiri,2026-09-01 15:00:00,74,,,29.0,,
Camiri,2026-09-01 15:00:00,77,,,25.0,,
Camiri,2026-09-01 15:00:00,80,,,21.0,,
Camiri,2026-09-01 15:00:00,83,,,17.0,,
Camiri,2026-09-01 15:00:00,86,,,17.0,,
Camiri,2026-09-01 15:00:00,89,,,20.0,,
Camiri,2026-09-01 15:00:00,92,,,23.0,,
Camiri,2026-09-01 15:00:00,95,,,25.0,,
Camiri,2026-09-01 15:00:00,98,,,25.0,,
Camiri,2026-09-01 15:00:00,101,,,21.0,,
Camiri,2026-09-01 15:00:00,104,,,19.0,,
Camiri,2026-09-01 15:00:00,107,,,17.0,,
Camiri,2026-09-02 10:00:00,22,26.0,,,,
Camiri,2026-09-02 10:00:00,28,26.0,,,,
Camiri,2026-09-02 10:00:00,31,26.0,,,,
Camiri,2026-09-02 10:00:00,34,26.0,,,,
Camiri,2026-09-02 10:00:00,37,26.0,,,,
Camiri,2026-09-02 10:00:00,40,26.0,,,,
Camiri,2026-09-02 10:00:00,91,57.0,0.0,16.0,3.7,170.0
Camiri,2026-09-02 10:00:00,94,55.0,0.0,14.0,3.8,160.0
Camiri,2026-09-02 10:00:00,97,56.0,0.0,18.0,3.7,141.0
Camiri,2026-09-02 10:00:00,100,36.0,0.0,22.0,3.6,121.0
Camiri,2026-09-02 10:00:00,103,36.0,0.0,18.0,3.1,141.0
Camiri,2026-09-02 10:00:00,106,36.0,0.0,14.0,2.4,160.0
Camiri,2026-09-02 10:00:00,109,36.0,0.0,12.0,2.1,180.0
Camiri,2026-09-02 10:00:00,112,36.0,0.0,9.0,1.9,200.0
Camiri,2026-09-02 15:00:00,11,,,14.0,,
Camiri,2026-09-02 15:00:00,14,,,14.0,,
Camiri,2026-09-02 15:00:00,23,,,32.0,,
Camiri,2026-09-02 15:00:00,26,,,32.0,,
Camiri,2026-09-02 15:00:00,35,,,14.0,,
Camiri,2026-09-02 15:00:00,38,,,14.0,,
Camiri,2026-09-02 15:00:00,47,,,30.0,,
Camiri,2026-09-02 15:00:00,50,,,30.0,,
Camiri,2026-09-02 15:00:00,59,,,13.0,,
Camiri,2026-09-02 15:00:00,62,,,13.0,,
Camiri,2026-09-02 15:00:00,68,,,22.0,,
Camiri,2026-09-02 15:00:00,71,,,27.0,,
Camiri,2026-09-02 15:00:00,74,,,27.0,,
Camiri,2026-09-02 15:00:00,80,,,18.0,,
Camiri,2026-09-02 15:00:00,83,,,10.0,,
Camiri,2026-09-02 15:00:00,86,,,10.0,,
Camiri,2026-09-02 15:00:00,95,,,23.0,,
Camiri,2026-09-02 15:00:00,98,,,22.0,,
Camiri,2026-09-02 15:00:00,101,,,19.0,,
Camiri,2026-09-02 15:00:00,104,,,17.0,,
Camiri,2026-09-02 15:00:00,107,,,15.0,,
Campanario,2026-08-31 13:00:00,1,37.0,0.0,19.0,16.3,290.0
Campanario,2026-08-31 13:00:00,4,36.0,0.0,19.0,9.9,327.0
Campanario,2026-08-31 13:00:00,7,36.0,0.0,13.0,3.6,3.0
Campanario,2026-08-31 13:00:00,10,36.0,0.0,8.0,2.5,351.0
Campanario,2026-08-31 13:00:00,13,36.0,0.0,3.0,1.4,333.0
Campanario,2026-08-31 13:00:00,16,36.0,0.0,3.0,1.4,35.0
Campanario,2026-08-31 13:00:00,19,36.0,0.0,8.0,0.9,4.0
Campanario,2026-08-31 13:00:00,22,36.0,0.0,13.0,2.5,30.0
Campanario,2026-08-31 13:00:00,25,26.0,0.0,19.0,4.2,49.0
Campanario,2026-08-31 13:00:00,28,26.0,0.0,19.0,3.9,69.0
Campanario,2026-08-31 13:00:00,31,26.0,0.0,15.0,3.6,85.0
Campanario,2026-08-31 13:00:00,34,26.0,0.0,9.0,2.5,46.0
Campanario,2026-08-31 13:00:00,37,26.0,0.0,2.0,1.4,260.0
Campanario,2026-08-31 13:00:00,40,26.0,0.0,2.0,2.0,278.0
Campanario,2026-08-31 13:00:00,43,26.0,0.0,8.0,2.6,254.0
Campanario,2026-08-31 13:00:00,46,26.0,0.0,13.0,2.5,322.0
Campanario,2026-08-31 13:00:00,49,26.0,0.0,17.0,2.4,21.0
Campanario,2026-08-31 13:00:00,52,25.0,0.0,17.0,2.5,58.0
Campanario,2026-08-31 13:00:00,55,26.0,0.0,15.0,2.6,87.0
Campanario,2026-08-31 13:00:00,58,26.0,0.0,9.0,2.0,97.0
Campanario,2026-08-31 13:00:00,61,26.0,0.0,2.0,1.3,260.0
Campanario,2026-08-31 13:00:00,64,26.0,0.0,2.0,3.0,243.0
Campanario,2026-08-31 13:00:00,67,26.0,0.0,9.0,3.6,243.0
Campanario,2026-08-31 13:00:00,70,26.0,0.0,15.0,2.4,297.0
Campanario,2026-08-31 13:00:00,73,26.0,0.0,18.0,1.2,17.0
Campanario,2026-08-31 13:00:00,76,26.0,0.0,18.0,2.2,56.0
Campanario,2026-08-31 13:00:00,79,36.0,0.0,11.0,3.3,89.0
Campanario,2026-08-31 13:00:00,82,36.0,0.0,4.0,2.7,97.0
Campanario,2026-08-31 13:00:00,85,36.0,0.0,2.0,1.9,99.0
Campanario,2026-08-31 13:00:00,88,36.0,0.0,2.0,1.8,67.0
Campanario,2026-08-31 13:00:00,91,37.0,0.0,9.0,1.6,20.0
Campanario,2026-08-31 13:00:00,94,36.0,0.0,14.0,3.4,14.0
Campanario,2026-08-31 13:00:00,97,36.0,0.0,16.0,5.2,1.0
Campanario,2026-08-31 13:00:00,100,36.0,0.0,16.0,4.5,40.0
Campanario,2026-08-31 13:00:00,103,36.0,0.0,11.0,3.7,69.0
Campanario,2026-08-31 13:00:00,106,36.0,0.0,2.0,2.5,27.0
Campanario,2026-08-31 13:00:00,109,36.0,0.0,2.0,1.2,339.0
Campanario,2026-09-01 11:00:00,90,36.0,0.0,8.0,1.7,333.0
Campanario,2026-09-01 11:00:00,93,36.0,0.0,9.0,1.9,332.0
Campanario,2026-09-01 11:00:00,96,36.0,0.0,13.0,3.8,354.0
Campanario,2026-09-01 11:00:00,99,36.0,0.0,17.0,5.8,13.0
Campanario,2026-09-01 11:00:00,102,36.0,0.0,10.0,4.9,52.0
Campanario,2026-09-01 11:00:00,105,36.0,0.0,3.0,4.0,88.0
Campanario,2026-09-01 11:00:00,108,36.0,0.0,2.0,3.3,88.0
Campanario,2026-09-01 11:00:00,111,36.0,0.0,1.0,2.6,83.0
Campanario,2026-09-01 15:00:00,23,,,16.0,,
Campanario,2026-09-01 15:00:00,26,,,16.0,,
Campanario,2026-09-01 15:00:00,29,,,11.0,,
Campanario,2026-09-01 15:00:00,32,,,7.0,,
Campanario,2026-09-01 15:00:00,35,,,1.0,,
Campanario,2026-09-01 15:00:00,38,,,1.0,,
Campanario,2026-09-01 15:00:00,41,,,6.0,,
Campanario,2026-09-01 15:00:00,44,,,13.0,,
Campanario,2026-09-01 15:00:00,47,,,17.0,,
Campanario,2026-09-01 15:00:00,50,,,17.0,,
Campanario,2026-09-01 15:00:00,56,,,6.0,,
Campanario,2026-09-01 15:00:00,65,,,8.0,,
Campanario,2026-09-01 15:00:00,68,,,12.0,,
Campanario,2026-09-01 15:00:00,71,,,17.0,,
Campanario,2026-09-01 15:00:00,74,,,17.0,,
Campanario,2026-09-01 15:00:00,80,,,6.0,,
Campanario,2026-09-01 15:00:00,83,,,1.0,,
Campanario,2026-09-01 15:00:00,86,,,1.0,,
Campanario,2026-09-01 15:00:00,89,,,6.0,,
Campanario,2026-09-01 15:00:00,92,,,11.0,,
Campanario,2026-09-01 15:00:00,95,,,16.0,,
Campanario,2026-09-01 15:00:00,98,,,16.0,,
Campanario,2026-09-01 15:00:00,101,,,10.0,,
Campanario,2026-09-01 15:00:00,104,,,5.0,,
Campanario,2026-09-01 15:00:00,107,,,2.0,,
Campanario,2026-09-02 10:00:00,34,26.0,,,,
Campanario,2026-09-02 10:00:00,37,26.0,,,,
Campanario,2026-09-02 10:00:00,40,26.0,,,,
Campanario,2026-09-02 10:00:00,91,36.0,0.0,4.0,2.4,25.0
Campanario,2026-09-02 10:00:00,94,36.0,0.0,6.0,2.2,342.0
Campanario,2026-09-02 10:00:00,97,36.0,0.0,10.0,4.4,11.0
Campanario,2026-09-02 10:00:00,100,36.0,0.0,14.0,6.6,40.0
Campanario,2026-09-02 10:00:00,103,36.0,0.0,8.0,4.8,60.0
Campanario,2026-09-02 10:00:00,106,36.0,0.0,3.0,2.9,73.0
Campanario,2026-09-02 10:00:00,109,36.0,0.0,3.0,2.5,33.0
Campanario,2026-09-02 10:00:00,112,36.0,0.0,3.0,2.1,344.0
Campanario,2026-09-02 15:00:00,11,,,3.0,,
Campanario,2026-09-02 15:00:00,14,,,3.0,,
Campanario,2026-09-02 15:00:00,23,,,19.0,,
Campanario,2026-09-02 15:00:00,26,,,19.0,,
Campanario,2026-09-02 15:00:00,35,,,3.0,,
Campanario,2026-09-02 15:00:00,38,,,3.0,,
Campanario,2026-09-02 15:00:00,47,,,20.0,,
Campanario,2026-09-02 15:00:00,50,,,20.0,,
Campanario,2026-09-02 15:00:00,59,,,4.0,,
Campanario,2026-09-02 15:00:00,62,,,4.0,,
Campanario,2026-09-02 15:00:00,71,,,19.0,,
Campanario,2026-09-02 15:00:00,74,,,19.0,,
Campanario,2026-09-02 15:00:00,77,,,12.0,,
Campanario,2026-09-02 15:00:00,86,,,2.0,,
Campanario,2026-09-02 15:00:00,95,,,18.0,,
Campanario,2026-09-02 15:00:00,98,,,18.0,,
Campanario,2026-09-02 15:00:00,101,,,14.0,,
Campanario,2026-09-02 15:00:00,104,,,9.0,,
Campanario,2026-09-02 15:00:00,107,,,8.0,,
Carura,2026-08-31 13:00:00,1,77.0,1.4,34.0,0.9,60.0
Carura,2026-08-31 13:00:00,4,77.0,1.5,34.0,0.9,112.0
Carura,2026-08-31 13:00:00,7,36.0,0.0,29.0,0.8,223.0
Carura,2026-08-31 13:00:00,10,37.0,0.0,25.0,0.9,248.0
Carura,2026-08-31 13:00:00,13,56.0,0.0,21.0,1.1,268.0
Carura,2026-08-31 13:00:00,16,56.0,0.0,21.0,0.9,290.0
Carura,2026-08-31 13:00:00,19,56.0,0.0,25.0,0.8,289.0
Carura,2026-08-31 13:00:00,22,56.0,0.0,28.0,1.0,8.0
Carura,2026-08-31 13:00:00,25,84.0,1.5,30.0,1.3,86.0
Carura,2026-08-31 13:00:00,28,84.0,1.1,30.0,1.1,26.0
Carura,2026-08-31 13:00:00,31,89.0,1.1,27.0,0.8,324.0
Carura,2026-08-31 13:00:00,34,90.0,1.1,24.0,0.8,294.0
Carura,2026-08-31 13:00:00,37,56.0,0.0,20.0,0.7,256.0
Carura,2026-08-31 13:00:00,40,56.0,0.0,20.0,0.5,327.0
Carura,2026-08-31 13:00:00,43,56.0,0.0,24.0,0.3,7.0
Carura,2026-08-31 13:00:00,46,56.0,0.0,27.0,1.0,35.0
Carura,2026-08-31 13:00:00,49,55.0,0.0,31.0,1.7,52.0
Carura,2026-08-31 13:00:00,52,56.0,0.0,31.0,1.1,130.0
Carura,2026-08-31 13:00:00,55,36.0,0.0,28.0,0.7,236.0
Carura,2026-08-31 13:00:00,58,36.0,0.0,25.0,0.7,251.0
Carura,2026-08-31 13:00:00,61,26.0,0.0,20.0,0.8,264.0
Carura,2026-08-31 13:00:00,64,26.0,0.0,20.0,0.7,280.0
Carura,2026-08-31 13:00:00,67,26.0,0.0,25.0,0.7,287.0
Carura,2026-08-31 13:00:00,70,26.0,0.0,28.0,1.0,342.0
Carura,2026-08-31 13:00:00,73,36.0,0.0,31.0,1.3,33.0
Carura,2026-08-31 13:00:00,76,35.0,0.0,31.0,1.1,320.0
Carura,2026-08-31 13:00:00,79,36.0,0.0,27.0,0.9,244.0
Carura,2026-08-31 13:00:00,82,36.0,0.0,22.0,1.0,261.0
Carura,2026-08-31 13:00:00,85,36.0,0.0,21.0,1.1,275.0
Carura,2026-08-31 13:00:00,88,36.0,0.0,21.0,1.0,282.0
Carura,2026-08-31 13:00:00,91,36.0,0.0,24.0,0.9,280.0
Carura,2026-08-31 13:00:00,94,35.0,0.0,28.0,1.1,342.0
Carura,2026-08-31 13:00:00,97,56.0,0.0,31.0,1.4,41.0
Carura,2026-08-31 13:00:00,100,56.0,0.0,32.0,1.1,331.0
Carura,2026-08-31 13:00:00,103,56.0,0.0,24.0,0.8,254.0
Carura,2026-08-31 13:00:00,106,57.0,0.0,21.0,0.9,274.0
Carura,2026-08-31 13:00:00,109,37.0,0.0,21.0,1.1,285.0
Carura,2026-09-01 11:00:00,87,35.0,,,,
Carura,2026-09-01 11:00:00,90,36.0,0.0,21.0,1.0,283.0
Carura,2026-09-01 11:00:00,93,36.0,0.0,22.0,0.9,280.0
Carura,2026-09-01 11:00:00,96,36.0,0.0,28.0,1.5,340.0
Carura,2026-09-01 11:00:00,99,56.0,0.0,34.0,2.0,39.0
Carura,2026-09-01 11:00:00,102,56.0,0.0,27.0,1.5,28.0
Carura,2026-09-01 11:00:00,105,89.0,1.2,19.0,1.0,226.0
Carura,2026-09-01 11:00:00,108,89.0,2.3,19.0,1.0,248.0
Carura,2026-09-01 11:00:00,111,89.0,1.3,18.0,1.0,268.0
Carura,2026-09-01 15:00:00,11,,,19.0,,
Carura,2026-09-01 15:00:00,14,,,19.0,,
Carura,2026-09-01 15:00:00,23,,,35.0,,
Carura,2026-09-01 15:00:00,26,,,35.0,,
Carura,2026-09-01 15:00:00,29,56.0,,27.0,,
Carura,2026-09-01 15:00:00,32,56.0,,23.0,,
Carura,2026-09-01 15:00:00,35,56.0,,18.0,,
Carura,2026-09-01 15:00:00,38,,,18.0,,
Carura,2026-09-01 15:00:00,41,,,23.0,,
Carura,2026-09-01 15:00:00,44,,,29.0,,
Carura,2026-09-01 15:00:00,47,,,35.0,,
Carura,2026-09-01 15:00:00,50,,,35.0,,
Carura,2026-09-01 15:00:00,53,,,28.0,,
Carura,2026-09-01 15:00:00,56,,,23.0,,
Carura,2026-09-01 15:00:00,59,,,19.0,,
Carura,2026-09-01 15:00:00,62,,,19.0,,
Carura,2026-09-01 15:00:00,68,,,29.0,,
Carura,2026-09-01 15:00:00,71,,,34.0,,
Carura,2026-09-01 15:00:00,74,,,35.0,,
Carura,2026-09-01 15:00:00,77,,,29.0,,
Carura,2026-09-01 15:00:00,80,,,24.0,,
Carura,2026-09-01 15:00:00,83,,,19.0,,
Carura,2026-09-01 15:00:00,86,,,19.0,,
Carura,2026-09-01 15:00:00,89,,,23.0,,
Carura,2026-09-01 15:00:00,92,,,29.0,,
Carura,2026-09-01 15:00:00,95,,,35.0,,
Carura,2026-09-01 15:00:00,98,,,35.0,,
Carura,2026-09-01 15:00:00,101,,,31.0,,
Carura,2026-09-01 15:00:00,104,,,26.0,,
Carura,2026-09-01 15:00:00,107,,,23.0,,
Carura,2026-09-02 10:00:00,16,27.0,,,,
Carura,2026-09-02 10:00:00,31,36.0,,,,
Carura,2026-09-02 10:00:00,88,,2.1,,,
Carura,2026-09-02 10:00:00,91,89.0,3.4,18.0,0.5,273.0
Carura,2026-09-02 10:00:00,94,90.0,2.6,19.0,0.3,284.0
Carura,2026-09-02 10:00:00,97,89.0,2.3,20.0,1.1,338.0
Carura,2026-09-02 10:00:00,100,89.0,3.3,21.0,1.9,30.0
Carura,2026-09-02 10:00:00,103,89.0,2.8,20.0,1.3,86.0
Carura,2026-09-02 10:00:00,106,89.0,3.8,18.0,0.7,133.0
Carura,2026-09-02 10:00:00,109,89.0,3.4,18.0,0.5,115.0
Carura,2026-09-02 10:00:00,112,89.0,2.4,18.0,0.3,98.0
Carura,2026-09-02 15:00:00,23,,,34.0,,
Carura,2026-09-02 15:00:00,26,,,34.0,,
Carura,2026-09-02 15:00:00,35,,,20.0,,
Carura,2026-09-02 15:00:00,38,,,20.0,,
Carura,2026-09-02 15:00:00,47,,,33.0,,
Carura,2026-09-02 15:00:00,50,,,33.0,,
Carura,2026-09-02 15:00:00,59,,,20.0,,
Carura,2026-09-02 15:00:00,62,,,20.0,,
Carura,2026-09-02 15:00:00,71,,,33.0,,
Carura,2026-09-02 15:00:00,74,,,33.0,,
Carura,2026-09-02 15:00:00,77,,,28.0,,
Carura,2026-09-02 15:00:00,80,,,25.0,,
Carura,2026-09-02 15:00:00,83,,,20.0,,
Carura,2026-09-02 15:00:00,86,,,20.0,,
Carura,2026-09-02 15:00:00,89,,,24.0,,
Carura,2026-09-02 15:00:00,92,,,27.0,,
Carura,2026-09-02 15:00:00,95,,,30.0,,
Carura,2026-09-02 15:00:00,98,,,31.0,,
Carura,2026-09-02 15:00:00,101,,,27.0,,
Carura,2026-09-02 15:00:00,104,,,23.0,,
Carura,2026-09-02 15:00:00,107,,,20.0,,
Chacala (INIAF),2026-08-31 13:00:00,1,26.0,0.0,13.0,9.2,290.0
Chacala (INIAF),2026-08-31 13:00:00,4,26.0,0.0,13.0,6.9,286.0
Chacala (INIAF),2026-08-31 13:00:00,7,26.0,0.0,7.0,4.5,278.0
Chacala (INIAF),2026-08-31 13:00:00,10,26.0,0.0,3.0,3.9,318.0
Chacala (INIAF),2026-08-31 13:00:00,13,27.0,0.0,-3.0,3.3,357.0
Chacala (INIAF),2026-08-31 13:00:00,16,26.0,0.0,-3.0,3.2,349.0
Chacala (INIAF),2026-08-31 13:00:00,19,26.0,0.0,4.0,3.1,346.0
Chacala (INIAF),2026-08-31 13:00:00,22,26.0,0.0,8.0,5.6,324.0
Chacala (INIAF),2026-08-31 13:00:00,25,26.0,0.0,15.0,8.1,302.0
Chacala (INIAF),2026-08-31 13:00:00,28,26.0,0.0,15.0,5.3,332.0
Chacala (INIAF),2026-08-31 13:00:00,31,26.0,0.0,7.0,2.6,360.0
Chacala (INIAF),2026-08-31 13:00:00,34,26.0,0.0,3.0,2.2,350.0
Chacala (INIAF),2026-08-31 13:00:00,37,26.0,0.0,-3.0,1.9,334.0
Chacala (INIAF),2026-08-31 13:00:00,40,26.0,0.0,-3.0,2.4,344.0
Chacala (INIAF),2026-08-31 13:00:00,43,26.0,0.0,4.0,2.4,344.0
Chacala (INIAF),2026-08-31 13:00:00,46,26.0,0.0,9.0,4.7,320.0
Chacala (INIAF),2026-08-31 13:00:00,49,26.0,0.0,15.0,7.0,290.0
Chacala (INIAF),2026-08-31 13:00:00,52,26.0,0.0,15.0,4.9,296.0
Chacala (INIAF),2026-08-31 13:00:00,55,26.0,0.0,9.0,2.8,303.0
Chacala (INIAF),2026-08-31 13:00:00,58,26.0,0.0,4.0,2.5,326.0
Chacala (INIAF),2026-08-31 13:00:00,61,26.0,0.0,-3.0,2.1,343.0
Chacala (INIAF),2026-08-31 13:00:00,64,26.0,0.0,-4.0,2.4,351.0
Chacala (INIAF),2026-08-31 13:00:00,67,25.0,0.0,4.0,2.0,340.0
Chacala (INIAF),2026-08-31 13:00:00,70,26.0,0.0,7.0,3.8,312.0
Chacala (INIAF),2026-08-31 13:00:00,73,26.0,0.0,15.0,5.4,278.0
Chacala (INIAF),2026-08-31 13:00:00,76,26.0,0.0,15.0,4.3,291.0
Chacala (INIAF),2026-08-31 13:00:00,79,26.0,0.0,8.0,3.1,302.0
Chacala (INIAF),2026-08-31 13:00:00,82,26.0,0.0,0.0,2.8,325.0
Chacala (INIAF),2026-08-31 13:00:00,85,36.0,0.0,-2.0,2.5,344.0
Chacala (INIAF),2026-08-31 13:00:00,88,36.0,0.0,-3.0,2.2,344.0
Chacala (INIAF),2026-08-31 13:00:00,91,36.0,0.0,7.0,2.6,346.0
Chacala (INIAF),2026-08-31 13:00:00,94,37.0,0.0,11.0,5.7,324.0
Chacala (INIAF),2026-08-31 13:00:00,97,26.0,0.0,15.0,8.7,294.0
Chacala (INIAF),2026-08-31 13:00:00,100,26.0,0.0,15.0,6.0,280.0
Chacala (INIAF),2026-08-31 13:00:00,103,36.0,0.0,9.0,3.3,265.0
Chacala (INIAF),2026-08-31 13:00:00,106,37.0,0.0,-3.0,3.2,296.0
Chacala (INIAF),2026-08-31 13:00:00,109,36.0,0.0,-3.0,3.0,325.0
Chacala (INIAF),2026-09-01 11:00:00,90,36.0,0.0,6.0,4.7,357.0
Chacala (INIAF),2026-09-01 11:00:00,93,36.0,0.0,6.0,5.0,354.0
Chacala (INIAF),2026-09-01 11:00:00,96,36.0,0.0,10.0,7.0,320.0
Chacala (INIAF),2026-09-01 11:00:00,99,36.0,0.0,14.0,8.9,280.0
Chacala (INIAF),2026-09-01 11:00:00,102,36.0,0.0,11.0,8.1,270.0
Chacala (INIAF),2026-09-01 11:00:00,105,26.0,0.0,8.0,7.3,253.0
Chacala (INIAF),2026-09-01 11:00:00,108,26.0,0.0,6.0,5.1,282.0
Chacala (INIAF),2026-09-01 11:00:00,111,26.0,0.0,4.0,2.8,304.0
Chacala (INIAF),2026-09-01 15:00:00,11,,,-9.0,,
Chacala (INIAF),2026-09-01 15:00:00,14,,,-9.0,,
Chacala (INIAF),2026-09-01 15:00:00,23,,,16.0,,
Chacala (INIAF),2026-09-01 15:00:00,26,,,16.0,,
Chacala (INIAF),2026-09-01 15:00:00,35,,,-8.0,,
Chacala (INIAF),2026-09-01 15:00:00,38,,,-8.0,,
Chacala (INIAF),2026-09-01 15:00:00,41,,,1.0,,
Chacala (INIAF),2026-09-01 15:00:00,47,,,17.0,,
Chacala (INIAF),2026-09-01 15:00:00,50,,,17.0,,
Chacala (INIAF),2026-09-01 15:00:00,56,,,1.0,,
Chacala (INIAF),2026-09-01 15:00:00,59,,,-7.0,,
Chacala (INIAF),2026-09-01 15:00:00,62,,,-7.0,,
Chacala (INIAF),2026-09-01 15:00:00,65,,,2.0,,
Chacala (INIAF),2026-09-01 15:00:00,68,,,10.0,,
Chacala (INIAF),2026-09-01 15:00:00,71,,,16.0,,
Chacala (INIAF),2026-09-01 15:00:00,74,,,16.0,,
Chacala (INIAF),2026-09-01 15:00:00,80,,,-1.0,,
Chacala (INIAF),2026-09-01 15:00:00,83,26.0,,-6.0,,
Chacala (INIAF),2026-09-01 15:00:00,86,26.0,,-6.0,,
Chacala (INIAF),2026-09-01 15:00:00,89,26.0,,2.0,,
Chacala (INIAF),2026-09-01 15:00:00,92,26.0,,,,
Chacala (INIAF),2026-09-01 15:00:00,95,26.0,,16.0,,
Chacala (INIAF),2026-09-01 15:00:00,98,26.0,,16.0,,
Chacala (INIAF),2026-09-01 15:00:00,101,,,10.0,,
Chacala (INIAF),2026-09-01 15:00:00,107,,,0.0,,
Chacala (INIAF),2026-09-02 10:00:00,22,26.0,,,,
Chacala (INIAF),2026-09-02 10:00:00,40,26.0,,,,
Chacala (INIAF),2026-09-02 10:00:00,91,26.0,0.0,4.0,3.2,339.0
Chacala (INIAF),2026-09-02 10:00:00,94,26.0,0.0,5.0,3.2,339.0
Chacala (INIAF),2026-09-02 10:00:00,97,26.0,0.0,8.0,5.8,310.0
Chacala (INIAF),2026-09-02 10:00:00,100,26.0,0.0,12.0,8.5,276.0
Chacala (INIAF),2026-09-02 10:00:00,103,26.0,0.0,10.0,7.9,271.0
Chacala (INIAF),2026-09-02 10:00:00,106,26.0,0.0,7.0,7.2,261.0
Chacala (INIAF),2026-09-02 10:00:00,109,26.0,0.0,5.0,5.2,298.0
Chacala (INIAF),2026-09-02 10:00:00,112,26.0,0.0,3.0,3.1,328.0
Chacala (INIAF),2026-09-02 15:00:00,35,,,-8.0,,
Chacala (INIAF),2026-09-02 15:00:00,38,,,-8.0,,
Chacala (INIAF),2026-09-02 15:00:00,59,,,-7.0,,
Chacala (INIAF),2026-09-02 15:00:00,62,,,-7.0,,
Chacala (INIAF),2026-09-02 15:00:00,68,,,9.0,,
Chacala (INIAF),2026-09-02 15:00:00,71,,,13.0,,
Chacala (INIAF),2026-09-02 15:00:00,74,,,13.0,,
Chacala (INIAF),2026-09-02 15:00:00,77,,,9.0,,
Chacala (INIAF),2026-09-02 15:00:00,80,,,5.0,,
Chacala (INIAF),2026-09-02 15:00:00,83,,,-8.0,,
Chacala (INIAF),2026-09-02 15:00:00,86,,,-8.0,,
Chacala (INIAF),2026-09-02 15:00:00,95,,,13.0,,
Chacala (INIAF),2026-09-02 15:00:00,98,,,14.0,,
Charazani,2026-08-31 13:00:00,1,27.0,0.0,20.0,5.5,85.0
Charazani,2026-08-31 13:00:00,4,26.0,0.0,20.0,4.0,76.0
Charazani,2026-08-31 13:00:00,7,26.0,0.0,15.0,2.5,65.0
Charazani,2026-08-31 13:00:00,10,26.0,0.0,11.0,1.8,53.0
Charazani,2026-08-31 13:00:00,13,37.0,0.0,7.0,1.1,32.0
Charazani,2026-08-31 13:00:00,16,36.0,0.0,7.0,2.3,70.0
Charazani,2026-08-31 13:00:00,19,37.0,0.0,9.0,2.6,60.0
Charazani,2026-08-31 13:00:00,22,36.0,0.0,13.0,3.4,70.0
Charazani,2026-08-31 13:00:00,25,26.0,0.0,22.0,4.1,79.0
Charazani,2026-08-31 13:00:00,28,27.0,0.0,22.0,3.1,69.0
Charazani,2026-08-31 13:00:00,31,37.0,0.0,14.0,2.2,52.0
Charazani,2026-08-31 13:00:00,34,36.0,0.0,9.0,1.9,42.0
Charazani,2026-08-31 13:00:00,37,37.0,0.0,6.0,1.5,32.0
Charazani,2026-08-31 13:00:00,40,26.0,0.0,6.0,1.2,349.0
Charazani,2026-08-31 13:00:00,43,25.0,0.0,10.0,0.9,319.0
Charazani,2026-08-31 13:00:00,46,26.0,0.0,14.0,2.7,22.0
Charazani,2026-08-31 13:00:00,49,36.0,0.0,21.0,4.5,76.0
Charazani,2026-08-31 13:00:00,52,36.0,0.0,21.0,2.9,55.0
Charazani,2026-08-31 13:00:00,55,26.0,0.0,14.0,1.4,30.0
Charazani,2026-08-31 13:00:00,58,26.0,0.0,9.0,1.2,13.0
Charazani,2026-08-31 13:00:00,61,36.0,0.0,7.0,1.1,353.0
Charazani,2026-08-31 13:00:00,64,36.0,0.0,7.0,1.1,285.0
Charazani,2026-08-31 13:00:00,67,36.0,0.0,10.0,0.8,286.0
Charazani,2026-08-31 13:00:00,70,35.0,0.0,14.0,3.1,6.0
Charazani,2026-08-31 13:00:00,73,76.0,2.8,21.0,5.4,82.0
Charazani,2026-08-31 13:00:00,76,77.0,2.4,21.0,3.9,62.0
Charazani,2026-08-31 13:00:00,79,36.0,0.0,10.0,2.5,42.0
Charazani,2026-08-31 13:00:00,82,36.0,0.0,8.0,1.6,37.0
Charazani,2026-08-31 13:00:00,85,36.0,0.0,6.0,0.7,33.0
Charazani,2026-08-31 13:00:00,88,36.0,0.0,6.0,1.2,39.0
Charazani,2026-08-31 13:00:00,91,37.0,0.0,10.0,1.1,49.0
Charazani,2026-08-31 13:00:00,94,36.0,0.0,13.0,2.9,61.0
Charazani,2026-08-31 13:00:00,97,56.0,0.0,20.0,4.7,71.0
Charazani,2026-08-31 13:00:00,100,56.0,0.0,20.0,3.4,42.0
Charazani,2026-08-31 13:00:00,103,56.0,0.0,8.0,2.2,13.0
Charazani,2026-08-31 13:00:00,106,56.0,0.0,6.0,1.9,33.0
Charazani,2026-08-31 13:00:00,109,36.0,0.0,6.0,1.5,53.0
Charazani,2026-09-01 11:00:00,87,37.0,,,,
Charazani,2026-09-01 11:00:00,90,36.0,0.0,3.0,1.4,53.0
Charazani,2026-09-01 11:00:00,93,36.0,0.0,4.0,1.6,65.0
Charazani,2026-09-01 11:00:00,96,36.0,0.0,6.0,3.1,74.0
Charazani,2026-09-01 11:00:00,99,56.0,0.0,8.0,4.6,73.0
Charazani,2026-09-01 11:00:00,102,56.0,0.0,6.0,3.2,59.0
Charazani,2026-09-01 11:00:00,105,56.0,0.0,4.0,1.7,38.0
Charazani,2026-09-01 11:00:00,108,56.0,0.0,4.0,1.4,329.0
Charazani,2026-09-01 11:00:00,111,56.0,0.0,3.0,1.0,252.0
Charazani,2026-09-01 15:00:00,11,,,4.0,,
Charazani,2026-09-01 15:00:00,14,,,4.0,,
Charazani,2026-09-01 15:00:00,23,,,18.0,,
Charazani,2026-09-01 15:00:00,26,,,18.0,,
Charazani,2026-09-01 15:00:00,35,,,5.0,,
Charazani,2026-09-01 15:00:00,38,,,5.0,,
Charazani,2026-09-01 15:00:00,47,,,19.0,,
Charazani,2026-09-01 15:00:00,50,,,19.0,,
Charazani,2026-09-01 15:00:00,53,,,13.0,,
Charazani,2026-09-01 15:00:00,56,,,9.0,,
Charazani,2026-09-01 15:00:00,59,,,4.0,,
Charazani,2026-09-01 15:00:00,62,,,4.0,,
Charazani,2026-09-01 15:00:00,65,,,9.0,,
Charazani,2026-09-01 15:00:00,71,,,18.0,,
Charazani,2026-09-01 15:00:00,74,,,18.0,,
Charazani,2026-09-01 15:00:00,77,,,12.0,,
Charazani,2026-09-01 15:00:00,80,,,8.0,,
Charazani,2026-09-01 15:00:00,83,,,4.0,,
Charazani,2026-09-01 15:00:00,86,,,4.0,,
Charazani,2026-09-01 15:00:00,89,,,8.0,,
Charazani,2026-09-01 15:00:00,92,,,13.0,,
Charazani,2026-09-01 15:00:00,95,,,17.0,,
Charazani,2026-09-01 15:00:00,98,,,17.0,,
Charazani,2026-09-01 15:00:00,101,,,13.0,,
Charazani,2026-09-01 15:00:00,104,,,10.0,,
Charazani,2026-09-01 15:00:00,107,,,6.0,,
Charazani,2026-09-02 10:00:00,16,26.0,,,,
Charazani,2026-09-02 10:00:00,19,26.0,,,,
Charazani,2026-09-02 10:00:00,22,26.0,,,,
Charazani,2026-09-02 10:00:00,25,26.0,,,,
Charazani,2026-09-02 10:00:00,28,36.0,0.0,,,
Charazani,2026-09-02 10:00:00,31,36.0,0.0,,,
Charazani,2026-09-02 10:00:00,88,36.0,,,,
Charazani,2026-09-02 10:00:00,91,36.0,0.0,3.0,1.7,306.0
Charazani,2026-09-02 10:00:00,94,36.0,0.0,3.0,1.4,350.0
Charazani,2026-09-02 10:00:00,97,36.0,0.0,5.0,2.0,29.0
Charazani,2026-09-02 10:00:00,100,76.0,1.6,6.0,2.7,62.0
Charazani,2026-09-02 10:00:00,103,77.0,1.7,5.0,2.4,20.0
Charazani,2026-09-02 10:00:00,106,76.0,2.0,4.0,2.0,331.0
Charazani,2026-09-02 10:00:00,109,77.0,2.4,4.0,1.6,359.0
Charazani,2026-09-02 10:00:00,112,76.0,1.6,3.0,1.2,24.0
Charazani,2026-09-02 15:00:00,11,,,6.0,,
Charazani,2026-09-02 15:00:00,14,,,6.0,,
Charazani,2026-09-02 15:00:00,59,,,5.0,,
Charazani,2026-09-02 15:00:00,62,,,5.0,,
Charazani,2026-09-02 15:00:00,83,,,5.0,,
Charazani,2026-09-02 15:00:00,86,,,5.0,,
Charazani,2026-09-02 15:00:00,89,,,9.0,,
Charazani,2026-09-02 15:00:00,92,,,12.0,,
Charazani,2026-09-02 15:00:00,95,,,15.0,,
Charazani,2026-09-02 15:00:00,98,,,15.0,,
Charazani,2026-09-02 15:00:00,101,,,11.0,,
Charazani,2026-09-02 15:00:00,104,,,9.0,,
Charazani,2026-09-02 15:00:00,107,,,8.0,,
Chipaya,2026-08-31 13:00:00,1,26.0,0.0,20.0,1.3,256.0
Chipaya,2026-08-31 13:00:00,4,27.0,0.0,20.0,3.7,246.0
Chipaya,2026-08-31 13:00:00,7,26.0,0.0,9.0,6.2,226.0
Chipaya,2026-08-31 13:00:00,10,26.0,0.0,0.0,4.0,232.0
Chipaya,2026-08-31 13:00:00,13,26.0,0.0,-5.0,1.8,232.0
Chipaya,2026-08-31 13:00:00,16,26.0,0.0,-5.0,1.1,330.0
Chipaya,2026-08-31 13:00:00,19,26.0,0.0,6.0,1.2,6.0
Chipaya,2026-08-31 13:00:00,22,26.0,0.0,11.0,1.9,336.0
Chipaya,2026-08-31 13:00:00,25,25.0,0.0,21.0,2.5,306.0
Chipaya,2026-08-31 13:00:00,28,26.0,0.0,21.0,3.7,266.0
Chipaya,2026-08-31 13:00:00,31,26.0,0.0,15.0,4.7,220.0
Chipaya,2026-08-31 13:00:00,34,26.0,0.0,10.0,3.6,236.0
Chipaya,2026-08-31 13:00:00,37,26.0,0.0,-4.0,2.4,246.0
Chipaya,2026-08-31 13:00:00,40,36.0,0.0,-4.0,1.2,278.0
Chipaya,2026-08-31 13:00:00,43,36.0,0.0,8.0,0.8,308.0
Chipaya,2026-08-31 13:00:00,46,37.0,0.0,12.0,1.1,257.0
Chipaya,2026-08-31 13:00:00,49,25.0,0.0,20.0,1.3,198.0
Chipaya,2026-08-31 13:00:00,52,25.0,0.0,20.0,3.3,212.0
Chipaya,2026-08-31 13:00:00,55,25.0,0.0,13.0,5.2,216.0
Chipaya,2026-08-31 13:00:00,58,26.0,0.0,5.0,4.1,236.0
Chipaya,2026-08-31 13:00:00,61,26.0,0.0,-5.0,2.9,246.0
Chipaya,2026-08-31 13:00:00,64,26.0,0.0,-5.0,1.8,264.0
Chipaya,2026-08-31 13:00:00,67,26.0,0.0,5.0,0.6,288.0
Chipaya,2026-08-31 13:00:00,70,26.0,0.0,12.0,0.9,238.0
Chipaya,2026-08-31 13:00:00,73,36.0,0.0,21.0,1.3,182.0
Chipaya,2026-08-31 13:00:00,76,36.0,0.0,21.0,3.4,201.0
Chipaya,2026-08-31 13:00:00,79,36.0,0.0,13.0,5.6,210.0
Chipaya,2026-08-31 13:00:00,82,36.0,0.0,-2.0,4.5,220.0
Chipaya,2026-08-31 13:00:00,85,36.0,0.0,-4.0,3.5,230.0
Chipaya,2026-08-31 13:00:00,88,35.0,0.0,-4.0,3.0,300.0
Chipaya,2026-08-31 13:00:00,91,36.0,0.0,8.0,2.7,0.0
Chipaya,2026-08-31 13:00:00,94,36.0,0.0,13.0,2.8,346.0
Chipaya,2026-08-31 13:00:00,97,35.0,0.0,20.0,2.7,326.0
Chipaya,2026-08-31 13:00:00,100,36.0,0.0,20.0,4.9,276.0
Chipaya,2026-08-31 13:00:00,103,55.0,0.0,12.0,7.2,220.0
Chipaya,2026-08-31 13:00:00,106,56.0,0.0,-4.0,4.9,230.0
Chipaya,2026-08-31 13:00:00,109,36.0,0.0,-4.0,2.6,240.0
Chipaya,2026-09-01 11:00:00,90,36.0,0.0,8.0,1.4,268.0
Chipaya,2026-09-01 11:00:00,93,36.0,0.0,8.0,0.7,236.0
Chipaya,2026-09-01 11:00:00,96,35.0,0.0,12.0,1.5,282.0
Chipaya,2026-09-01 11:00:00,99,36.0,0.0,16.0,2.4,328.0
Chipaya,2026-09-01 11:00:00,102,36.0,0.0,14.0,4.5,276.0
Chipaya,2026-09-01 11:00:00,105,57.0,0.0,12.0,6.7,220.0
Chipaya,2026-09-01 11:00:00,108,56.0,0.0,10.0,4.4,236.0
Chipaya,2026-09-01 11:00:00,111,56.0,0.0,8.0,2.1,246.0
Chipaya,2026-09-01 15:00:00,11,27.0,,-3.0,,
Chipaya,2026-09-01 15:00:00,14,26.0,,-3.0,,
Chipaya,2026-09-01 15:00:00,17,27.0,,,,
Chipaya,2026-09-01 15:00:00,20,26.0,,,,
Chipaya,2026-09-01 15:00:00,23,27.0,,21.0,,
Chipaya,2026-09-01 15:00:00,26,27.0,,21.0,,
Chipaya,2026-09-01 15:00:00,29,26.0,,,,
Chipaya,2026-09-01 15:00:00,32,27.0,,,,
Chipaya,2026-09-01 15:00:00,35,27.0,,-4.0,,
Chipaya,2026-09-01 15:00:00,38,,,-4.0,,
Chipaya,2026-09-01 15:00:00,56,,,4.0,,
Chipaya,2026-09-01 15:00:00,59,,,-3.0,,
Chipaya,2026-09-01 15:00:00,62,,,-3.0,,
Chipaya,2026-09-01 15:00:00,71,,,21.0,,
Chipaya,2026-09-01 15:00:00,74,,,21.0,,
Chipaya,2026-09-01 15:00:00,80,,,6.0,,
Chipaya,2026-09-01 15:00:00,83,,,-2.0,,
Chipaya,2026-09-01 15:00:00,86,,,-2.0,,
Chipaya,2026-09-01 15:00:00,89,,,5.0,,
Chipaya,2026-09-01 15:00:00,92,,,11.0,,
Chipaya,2026-09-01 15:00:00,95,,,18.0,,
Chipaya,2026-09-01 15:00:00,98,,,18.0,,
Chipaya,2026-09-01 15:00:00,101,,,14.0,,
Chipaya,2026-09-01 15:00:00,107,,,1.0,,
Chipaya,2026-09-02 10:00:00,16,25.0,,,,
Chipaya,2026-09-02 10:00:00,19,25.0,,,,
Chipaya,2026-09-02 10:00:00,25,25.0,,,,
Chipaya,2026-09-02 10:00:00,28,27.0,,,,
Chipaya,2026-09-02 10:00:00,31,27.0,,,,
Chipaya,2026-09-02 10:00:00,34,25.0,,,,
Chipaya,2026-09-02 10:00:00,37,27.0,,,,
Chipaya,2026-09-02 10:00:00,40,25.0,,,,
Chipaya,2026-09-02 10:00:00,88,37.0,,,,
Chipaya,2026-09-02 10:00:00,91,36.0,0.0,7.0,1.5,254.0
Chipaya,2026-09-02 10:00:00,94,37.0,0.0,7.0,1.4,216.0
Chipaya,2026-09-02 10:00:00,97,36.0,0.0,11.0,1.4,236.0
Chipaya,2026-09-02 10:00:00,100,36.0,0.0,16.0,1.5,256.0
Chipaya,2026-09-02 10:00:00,103,36.0,0.0,13.0,4.9,236.0
Chipaya,2026-09-02 10:00:00,106,76.0,3.0,11.0,8.3,210.0
Chipaya,2026-09-02 10:00:00,109,76.0,1.7,9.0,5.4,226.0
Chipaya,2026-09-02 10:00:00,112,76.0,1.7,7.0,2.5,236.0
Chipaya,2026-09-02 15:00:00,23,,,20.0,,
Chipaya,2026-09-02 15:00:00,26,,,20.0,,
Chipaya,2026-09-02 15:00:00,35,,,-6.0,,
Chipaya,2026-09-02 15:00:00,38,,,-6.0,,
Chipaya,2026-09-02 15:00:00,47,,,19.0,,
Chipaya,2026-09-02 15:00:00,50,,,19.0,,
Chipaya,2026-09-02 15:00:00,59,,,-6.0,,
Chipaya,2026-09-02 15:00:00,62,,,-6.0,,
Chipaya,2026-09-02 15:00:00,83,,,-7.0,,
Chipaya,2026-09-02 15:00:00,86,,,-7.0,,
Chipaya,2026-09-02 15:00:00,98,,,16.0,,
Chipaya,2026-09-02 15:00:00,101,,,12.0,,
Chipaya,2026-09-02 15:00:00,104,,,7.0,,
Chipaya,2026-09-02 15:00:00,107,,,4.0,,
Cobija,2026-08-31 13:00:00,1,36.0,0.0,37.0,2.7,320.0
Cobija,2026-08-31 13:00:00,4,36.0,0.0,37.0,2.0,330.0
Cobija,2026-08-31 13:00:00,7,36.0,0.0,33.0,1.2,340.0
Cobija,2026-08-31 13:00:00,10,36.0,0.0,29.0,1.3,340.0
Cobija,2026-08-31 13:00:00,13,36.0,0.0,24.0,1.4,330.0
Cobija,2026-08-31 13:00:00,16,37.0,0.0,24.0,1.8,330.0
Cobija,2026-08-31 13:00:00,19,36.0,0.0,27.0,2.1,300.0
Cobija,2026-08-31 13:00:00,22,36.0,0.0,31.0,2.0,310.0
Cobija,2026-08-31 13:00:00,25,56.0,0.0,38.0,1.9,320.0
Cobija,2026-08-31 13:00:00,28,56.0,0.0,38.0,1.4,244.0
Cobija,2026-08-31 13:00:00,31,55.0,0.0,34.0,1.0,168.0
Cobija,2026-08-31 13:00:00,34,56.0,0.0,28.0,1.0,144.0
Cobija,2026-08-31 13:00:00,37,56.0,0.0,22.0,1.1,117.0
Cobija,2026-08-31 13:00:00,40,56.0,0.0,22.0,1.1,150.0
Cobija,2026-08-31 13:00:00,43,56.0,0.0,25.0,1.2,190.0
Cobija,2026-08-31 13:00:00,46,56.0,0.0,32.0,1.3,190.0
Cobija,2026-08-31 13:00:00,49,57.0,0.0,36.0,1.3,190.0
Cobija,2026-08-31 13:00:00,52,56.0,0.0,36.0,1.3,260.0
Cobija,2026-08-31 13:00:00,55,37.0,0.0,30.0,1.2,324.0
Cobija,2026-08-31 13:00:00,58,36.0,0.0,26.0,1.1,304.0
Cobija,2026-08-31 13:00:00,61,26.0,0.0,23.0,1.1,280.0
Cobija,2026-08-31 13:00:00,64,26.0,0.0,23.0,1.3,280.0
Cobija,2026-08-31 13:00:00,67,27.0,0.0,27.0,1.4,280.0
Cobija,2026-08-31 13:00:00,70,26.0,0.0,34.0,1.9,300.0
Cobija,2026-08-31 13:00:00,73,27.0,0.0,37.0,2.4,320.0
Cobija,2026-08-31 13:00:00,76,26.0,0.0,37.0,2.0,330.0
Cobija,2026-08-31 13:00:00,79,26.0,0.0,31.0,1.5,330.0
Cobija,2026-08-31 13:00:00,82,25.0,0.0,26.0,1.4,317.0
Cobija,2026-08-31 13:00:00,85,36.0,0.0,24.0,1.3,297.0
Cobija,2026-08-31 13:00:00,88,37.0,0.0,24.0,2.0,310.0
Cobija,2026-08-31 13:00:00,91,36.0,0.0,29.0,2.1,310.0
Cobija,2026-08-31 13:00:00,94,35.0,0.0,35.0,2.4,310.0
Cobija,2026-08-31 13:00:00,97,56.0,0.0,38.0,2.7,310.0
Cobija,2026-08-31 13:00:00,100,56.0,0.0,38.0,2.1,324.0
Cobija,2026-08-31 13:00:00,103,36.0,0.0,33.0,1.5,334.0
Cobija,2026-08-31 13:00:00,106,37.0,0.0,24.0,1.8,334.0
Cobija,2026-08-31 13:00:00,109,36.0,0.0,24.0,2.0,330.0
Cobija,2026-09-01 11:00:00,15,36.0,,,,
Cobija,2026-09-01 11:00:00,18,37.0,,,,
Cobija,2026-09-01 11:00:00,21,36.0,,,,
Cobija,2026-09-01 11:00:00,24,35.0,,,,
Cobija,2026-09-01 11:00:00,27,36.0,,,,
Cobija,2026-09-01 11:00:00,30,36.0,,,,
Cobija,2026-09-01 11:00:00,33,36.0,,,,
Cobija,2026-09-01 11:00:00,39,37.0,,,,
Cobija,2026-09-01 11:00:00,87,26.0,,,,
Cobija,2026-09-01 11:00:00,90,26.0,0.0,28.0,2.1,330.0
Cobija,2026-09-01 11:00:00,93,26.0,0.0,28.0,2.3,320.0
Cobija,2026-09-01 11:00:00,96,27.0,0.0,34.0,2.3,320.0
Cobija,2026-09-01 11:00:00,99,35.0,0.0,40.0,2.4,320.0
Cobija,2026-09-01 11:00:00,102,36.0,0.0,32.0,2.3,307.0
Cobija,2026-09-01 11:00:00,105,26.0,0.0,23.0,2.1,287.0
Cobija,2026-09-01 11:00:00,108,27.0,0.0,23.0,1.4,307.0
Cobija,2026-09-01 11:00:00,111,26.0,0.0,23.0,0.7,320.0
Cobija,2026-09-01 15:00:00,11,,,21.0,,
Cobija,2026-09-01 15:00:00,14,,,21.0,,
Cobija,2026-09-01 15:00:00,23,,,34.0,,
Cobija,2026-09-01 15:00:00,26,,,34.0,,
Cobija,2026-09-01 15:00:00,35,,,22.0,,
Cobija,2026-09-01 15:00:00,38,,,22.0,,
Cobija,2026-09-01 15:00:00,53,,,33.0,,
Cobija,2026-09-01 15:00:00,59,,,23.0,,
Cobija,2026-09-01 15:00:00,62,,,23.0,,
Cobija,2026-09-01 15:00:00,80,,,27.0,,
Cobija,2026-09-01 15:00:00,83,,,23.0,,
Cobija,2026-09-01 15:00:00,86,,,23.0,,
Cobija,2026-09-01 15:00:00,95,,,38.0,,
Cobija,2026-09-01 15:00:00,98,,,38.0,,
Cobija,2026-09-01 15:00:00,101,,,33.0,,
Cobija,2026-09-01 15:00:00,104,,,29.0,,
Cobija,2026-09-01 15:00:00,107,,,25.0,,
Cobija,2026-09-02 10:00:00,22,25.0,,,,
Cobija,2026-09-02 10:00:00,28,37.0,,,,
Cobija,2026-09-02 10:00:00,31,36.0,,,,
Cobija,2026-09-02 10:00:00,34,36.0,,,,
Cobija,2026-09-02 10:00:00,37,36.0,,,,
Cobija,2026-09-02 10:00:00,88,55.0,,,,
Cobija,2026-09-02 10:00:00,91,56.0,0.0,27.0,1.6,300.0
Cobija,2026-09-02 10:00:00,94,56.0,0.0,28.0,1.7,280.0
Cobija,2026-09-02 10:00:00,97,57.0,0.0,29.0,2.3,327.0
Cobija,2026-09-02 10:00:00,100,89.0,3.4,31.0,2.8,7.0
Cobija,2026-09-02 10:00:00,103,89.0,4.3,26.0,2.1,27.0
Cobija,2026-09-02 10:00:00,106,89.0,1.7,21.0,1.4,46.0
Cobija,2026-09-02 10:00:00,109,89.0,3.4,21.0,1.3,86.0
Cobija,2026-09-02 10:00:00,112,89.0,0.8,21.0,1.1,117.0
Cobija,2026-09-02 15:00:00,11,,,21.0,,
Cobija,2026-09-02 15:00:00,14,,,21.0,,
Cobija,2026-09-02 15:00:00,17,,,24.0,,
Cobija,2026-09-02 15:00:00,20,,,31.0,,
Cobija,2026-09-02 15:00:00,35,,,22.0,,
Cobija,2026-09-02 15:00:00,38,,,22.0,,
Cobija,2026-09-02 15:00:00,41,,,27.0,,
Cobija,2026-09-02 15:00:00,44,,,32.0,,
Cobija,2026-09-02 15:00:00,47,,,36.0,,
Cobija,2026-09-02 15:00:00,50,,,36.0,,
Cobija,2026-09-02 15:00:00,53,,,30.0,,
Cobija,2026-09-02 15:00:00,56,,,26.0,,
Cobija,2026-09-02 15:00:00,59,,,21.0,,
Cobija,2026-09-02 15:00:00,62,,,21.0,,
Cobija,2026-09-02 15:00:00,71,,,36.0,,
Cobija,2026-09-02 15:00:00,74,,,36.0,,
Cobija,2026-09-02 15:00:00,77,,,28.0,,
Cobija,2026-09-02 15:00:00,80,,,24.0,,
Cobija,2026-09-02 15:00:00,83,,,19.0,,
Cobija,2026-09-02 15:00:00,86,26.0,,19.0,,
Cobija,2026-09-02 15:00:00,89,26.0,,24.0,,
Cobija,2026-09-02 15:00:00,92,26.0,,28.0,,
Cobija,2026-09-02 15:00:00,95,26.0,0.0,32.0,,
Cobija,2026-09-02 15:00:00,98,26.0,0.0,32.0,,
Cobija,2026-09-02 15:00:00,101,26.0,0.0,29.0,,
Cobija,2026-09-02 15:00:00,104,26.0,0.0,26.0,,
Cobija,2026-09-02 15:00:00,107,26.0,0.0,24.0,,
Cochabamba - Aeropuerto,2026-08-31 13:00:00,1,26.0,0.0,31.0,1.6,53.0
Cochabamba - Aeropuerto,2026-08-31 13:00:00,4,25.0,0.0,31.0,2.0,2.0
Cochabamba - Aeropuerto,2026-08-31 13:00:00,7,36.0,0.0,19.0,2.3,262.0
Cochabamba - Aeropuerto,2026-08-31 13:00:00,10,36.0,0.0,14.0,2.3,246.0
Cochabamba - Aeropuerto,2026-08-31 13:00:00,13,35.0,0.0,8.0,2.4,224.0
Cochabamba - Aeropuerto,2026-08-31 13:00:00,16,36.0,0.0,8.0,1.9,314.0
Cochabamba - Aeropuerto,2026-08-31 13:00:00,19,36.0,0.0,15.0,1.6,2.0
Cochabamba - Aeropuerto,2026-08-31 13:00:00,22,36.0,0.0,22.0,2.1,19.0
Cochabamba - Aeropuerto,2026-08-31 13:00:00,25,36.0,0.0,26.0,2.5,36.0
Cochabamba - Aeropuerto,2026-08-31 13:00:00,28,36.0,0.0,26.0,1.9,28.0
Cochabamba - Aeropuerto,2026-08-31 13:00:00,31,36.0,0.0,23.0,1.2,6.0
Cochabamba - Aeropuerto,2026-08-31 13:00:00,34,36.0,0.0,17.0,1.3,308.0
Cochabamba - Aeropuerto,2026-08-31 13:00:00,37,36.0,0.0,8.0,1.4,276.0
Cochabamba - Aeropuerto,2026-08-31 13:00:00,40,35.0,0.0,8.0,1.3,317.0
Cochabamba - Aeropuerto,2026-08-31 13:00:00,43,37.0,0.0,17.0,1.3,8.0
Cochabamba - Aeropuerto,2026-08-31 13:00:00,46,37.0,0.0,21.0,2.1,26.0
Cochabamba - Aeropuerto,2026-08-31 13:00:00,49,26.0,0.0,27.0,2.8,36.0
Cochabamba - Aeropuerto,2026-08-31 13:00:00,52,26.0,0.0,27.0,2.4,328.0
Cochabamba - Aeropuerto,2026-08-31 13:00:00,55,26.0,0.0,21.0,1.9,250.0
Cochabamba - Aeropuerto,2026-08-31 13:00:00,58,26.0,0.0,16.0,2.0,250.0
Cochabamba - Aeropuerto,2026-08-31 13:00:00,61,26.0,0.0,9.0,2.1,240.0
Cochabamba - Aeropuerto,2026-08-31 13:00:00,64,27.0,0.0,9.0,1.6,260.0
Cochabamba - Aeropuerto,2026-08-31 13:00:00,67,26.0,0.0,15.0,1.2,272.0
Cochabamba - Aeropuerto,2026-08-31 13:00:00,70,26.0,0.0,21.0,1.9,338.0
Cochabamba - Aeropuerto,2026-08-31 13:00:00,73,36.0,0.0,30.0,2.5,38.0
Cochabamba - Aeropuerto,2026-08-31 13:00:00,76,36.0,0.0,30.0,2.3,329.0
Cochabamba - Aeropuerto,2026-08-31 13:00:00,79,26.0,0.0,19.0,2.1,253.0
Cochabamba - Aeropuerto,2026-08-31 13:00:00,82,26.0,0.0,11.0,2.2,251.0
Cochabamba - Aeropuerto,2026-08-31 13:00:00,85,56.0,0.0,9.0,2.2,239.0
Cochabamba - Aeropuerto,2026-08-31 13:00:00,88,55.0,0.0,10.0,2.0,266.0
Cochabamba - Aeropuerto,2026-08-31 13:00:00,91,56.0,0.0,18.0,1.8,276.0
Cochabamba - Aeropuerto,2026-08-31 13:00:00,94,56.0,0.0,20.0,1.9,332.0
Cochabamba - Aeropuerto,2026-08-31 13:00:00,97,56.0,0.0,30.0,1.9,25.0
Cochabamba - Aeropuerto,2026-08-31 13:00:00,100,57.0,0.0,30.0,2.0,325.0
Cochabamba - Aeropuerto,2026-08-31 13:00:00,103,36.0,0.0,17.0,2.1,262.0
Cochabamba - Aeropuerto,2026-08-31 13:00:00,106,36.0,0.0,10.0,2.2,250.0
Cochabamba - Aeropuerto,2026-08-31 13:00:00,109,36.0,0.0,10.0,2.4,235.0
Cochabamba - Aeropuerto,2026-09-01 11:00:00,90,36.0,0.0,16.0,1.9,256.0
Cochabamba - Aeropuerto,2026-09-01 11:00:00,93,36.0,0.0,18.0,1.6,263.0
Cochabamba - Aeropuerto,2026-09-01 11:00:00,96,36.0,0.0,18.0,1.5,301.0
Cochabamba - Aeropuerto,2026-09-01 11:00:00,99,36.0,0.0,17.0,1.4,355.0
Cochabamba - Aeropuerto,2026-09-01 11:00:00,102,36.0,0.0,15.0,1.8,293.0
Cochabamba - Aeropuerto,2026-09-01 11:00:00,105,36.0,0.0,13.0,2.2,263.0
Cochabamba - Aeropuerto,2026-09-01 11:00:00,108,36.0,0.0,12.0,1.8,262.0
Cochabamba - Aeropuerto,2026-09-01 11:00:00,111,36.0,0.0,12.0,1.4,260.0
Cochabamba - Aeropuerto,2026-09-01 15:00:00,11,,,11.0,,
Cochabamba - Aeropuerto,2026-09-01 15:00:00,14,,,11.0,,
Cochabamba - Aeropuerto,2026-09-01 15:00:00,20,,,22.0,,
Cochabamba - Aeropuerto,2026-09-01 15:00:00,23,,,30.0,,
Cochabamba - Aeropuerto,2026-09-01 15:00:00,26,,,30.0,,
Cochabamba - Aeropuerto,2026-09-01 15:00:00,29,,,22.0,,
Cochabamba - Aeropuerto,2026-09-01 15:00:00,32,,,17.0,,
Cochabamba - Aeropuerto,2026-09-01 15:00:00,35,,,12.0,,
Cochabamba - Aeropuerto,2026-09-01 15:00:00,38,,,12.0,,
Cochabamba - Aeropuerto,2026-09-01 15:00:00,41,,,19.0,,
Cochabamba - Aeropuerto,2026-09-01 15:00:00,44,,,23.0,,
Cochabamba - Aeropuerto,2026-09-01 15:00:00,47,,,29.0,,
Cochabamba - Aeropuerto,2026-09-01 15:00:00,50,,,29.0,,
Cochabamba - Aeropuerto,2026-09-01 15:00:00,53,,,23.0,,
Cochabamba - Aeropuerto,2026-09-01 15:00:00,56,,,17.0,,
Cochabamba - Aeropuerto,2026-09-01 15:00:00,59,,,13.0,,
Cochabamba - Aeropuerto,2026-09-01 15:00:00,62,,,13.0,,
Cochabamba - Aeropuerto,2026-09-01 15:00:00,65,,,19.0,,
Cochabamba - Aeropuerto,2026-09-01 15:00:00,68,,,23.0,,
Cochabamba - Aeropuerto,2026-09-01 15:00:00,77,,,22.0,,
Cochabamba - Aeropuerto,2026-09-01 15:00:00,80,,,17.0,,
Cochabamba - Aeropuerto,2026-09-01 15:00:00,83,,,12.0,,
Cochabamba - Aeropuerto,2026-09-01 15:00:00,86,,,12.0,,
Cochabamba - Aeropuerto,2026-09-01 15:00:00,92,,,22.0,,
Cochabamba - Aeropuerto,2026-09-01 15:00:00,95,,,30.0,,
Cochabamba - Aeropuerto,2026-09-01 15:00:00,98,,,30.0,,
Cochabamba - Aeropuerto,2026-09-01 15:00:00,101,,,24.0,,
Cochabamba - Aeropuerto,2026-09-01 15:00:00,104,,,20.0,,
Cochabamba - Aeropuerto,2026-09-01 15:00:00,107,,,17.0,,
Cochabamba - Aeropuerto,2026-09-02 10:00:00,19,26.0,,,,
Cochabamba - Aeropuerto,2026-09-02 10:00:00,31,37.0,,,,
Cochabamba - Aeropuerto,2026-09-02 10:00:00,34,37.0,,,,
Cochabamba - Aeropuerto,2026-09-02 10:00:00,37,36.0,,,,
Cochabamba - Aeropuerto,2026-09-02 10:00:00,40,37.0,,,,
Cochabamba - Aeropuerto,2026-09-02 10:00:00,91,36.0,0.0,13.0,1.7,323.0
Cochabamba - Aeropuerto,2026-09-02 10:00:00,94,36.0,0.0,13.0,1.4,28.0
Cochabamba - Aeropuerto,2026-09-02 10:00:00,97,36.0,0.0,13.0,1.8,32.0
Cochabamba - Aeropuerto,2026-09-02 10:00:00,100,76.0,1.5,13.0,2.1,32.0
Cochabamba - Aeropuerto,2026-09-02 10:00:00,103,76.0,2.3,12.0,1.5,59.0
Cochabamba - Aeropuerto,2026-09-02 10:00:00,106,57.0,0.0,11.0,1.0,86.0
Cochabamba - Aeropuerto,2026-09-02 10:00:00,109,56.0,0.0,11.0,1.1,49.0
Cochabamba - Aeropuerto,2026-09-02 10:00:00,112,56.0,0.0,11.0,1.2,8.0
Cochabamba - Aeropuerto,2026-09-02 15:00:00,23,,,31.0,,
Cochabamba - Aeropuerto,2026-09-02 15:00:00,26,,,31.0,,
Cochabamba - Aeropuerto,2026-09-02 15:00:00,35,,,12.0,,
Cochabamba - Aeropuerto,2026-09-02 15:00:00,38,,,12.0,,
Cochabamba - Aeropuerto,2026-09-02 15:00:00,59,,,11.0,,
Cochabamba - Aeropuerto,2026-09-02 15:00:00,71,,,29.0,,
Cochabamba - Aeropuerto,2026-09-02 15:00:00,74,,,29.0,,
Cochabamba - Aeropuerto,2026-09-02 15:00:00,83,,,11.0,,
Cochabamba - Aeropuerto,2026-09-02 15:00:00,86,,,12.0,,
Cochabamba - Aeropuerto,2026-09-02 15:00:00,89,,,17.0,,
Cochabamba - Aeropuerto,2026-09-02 15:00:00,92,,,21.0,,
Cochabamba - Aeropuerto,2026-09-02 15:00:00,95,,,25.0,,
Cochabamba - Aeropuerto,2026-09-02 15:00:00,98,,,25.0,,
Cochabamba - Aeropuerto,2026-09-02 15:00:00,101,,,21.0,,
Cochabamba - Aeropuerto,2026-09-02 15:00:00,104,,,19.0,,
Cochabamba - Aeropuerto,2026-09-02 15:00:00,107,,,14.0,,
Cochabamba - Sarco,2026-08-31 13:00:00,1,26.0,0.0,32.0,2.8,44.0
Cochabamba - Sarco,2026-08-31 13:00:00,4,25.0,0.0,32.0,3.0,29.0
Cochabamba - Sarco,2026-08-31 13:00:00,7,37.0,0.0,22.0,3.2,14.0
Cochabamba - Sarco,2026-08-31 13:00:00,10,37.0,0.0,16.0,2.8,6.0
Cochabamba - Sarco,2026-08-31 13:00:00,13,37.0,0.0,11.0,2.4,356.0
Cochabamba - Sarco,2026-08-31 13:00:00,16,36.0,0.0,11.0,2.4,17.0
Cochabamba - Sarco,2026-08-31 13:00:00,19,36.0,0.0,16.0,2.2,356.0
Cochabamba - Sarco,2026-08-31 13:00:00,22,37.0,0.0,23.0,2.0,45.0
Cochabamba - Sarco,2026-08-31 13:00:00,25,36.0,0.0,30.0,1.9,86.0
Cochabamba - Sarco,2026-08-31 13:00:00,28,36.0,0.0,30.0,2.7,46.0
Cochabamba - Sarco,2026-08-31 13:00:00,31,36.0,0.0,23.0,3.4,2.0
Cochabamba - Sarco,2026-08-31 13:00:00,34,36.0,0.0,17.0,2.9,350.0
Cochabamba - Sarco,2026-08-31 13:00:00,37,36.0,0.0,10.0,2.5,336.0
Cochabamba - Sarco,2026-08-31 13:00:00,40,36.0,0.0,10.0,1.8,301.0
Cochabamba - Sarco,2026-08-31 13:00:00,43,36.0,0.0,15.0,1.8,302.0
Cochabamba - Sarco,2026-08-31 13:00:00,46,36.0,0.0,20.0,2.0,21.0
Cochabamba - Sarco,2026-08-31 13:00:00,49,26.0,0.0,31.0,2.3,101.0
Cochabamba - Sarco,2026-08-31 13:00:00,52,26.0,0.0,31.0,2.1,52.0
Cochabamba - Sarco,2026-08-31 13:00:00,55,25.0,0.0,19.0,2.0,2.0
Cochabamba - Sarco,2026-08-31 13:00:00,58,26.0,0.0,15.0,1.8,352.0
Cochabamba - Sarco,2026-08-31 13:00:00,61,26.0,0.0,11.0,1.4,334.0
Cochabamba - Sarco,2026-08-31 13:00:00,64,25.0,0.0,11.0,1.7,327.0
Cochabamba - Sarco,2026-08-31 13:00:00,67,26.0,0.0,14.0,1.6,337.0
Cochabamba - Sarco,2026-08-31 13:00:00,70,26.0,0.0,21.0,2.4,9.0
Cochabamba - Sarco,2026-08-31 13:00:00,73,36.0,0.0,33.0,3.2,40.0
Cochabamba - Sarco,2026-08-31 13:00:00,76,36.0,0.0,33.0,3.4,29.0
Cochabamba - Sarco,2026-08-31 13:00:00,79,26.0,0.0,20.0,3.5,8.0
Cochabamba - Sarco,2026-08-31 13:00:00,82,25.0,0.0,13.0,2.7,347.0
Cochabamba - Sarco,2026-08-31 13:00:00,85,56.0,0.0,11.0,1.9,324.0
Cochabamba - Sarco,2026-08-31 13:00:00,88,56.0,0.0,10.0,2.3,345.0
Cochabamba - Sarco,2026-08-31 13:00:00,91,56.0,0.0,13.0,2.1,6.0
Cochabamba - Sarco,2026-08-31 13:00:00,94,56.0,0.0,17.0,3.8,10.0
Cochabamba - Sarco,2026-08-31 13:00:00,97,57.0,0.0,31.0,5.3,12.0
Cochabamba - Sarco,2026-08-31 13:00:00,100,56.0,0.0,31.0,4.1,12.0
Cochabamba - Sarco,2026-08-31 13:00:00,103,36.0,0.0,13.0,2.7,9.0
Cochabamba - Sarco,2026-08-31 13:00:00,106,36.0,0.0,10.0,2.4,358.0
Cochabamba - Sarco,2026-08-31 13:00:00,109,36.0,0.0,10.0,2.1,337.0
Cochabamba - Sarco,2026-09-01 11:00:00,90,36.0,0.0,9.0,2.6,1.0
Cochabamba - Sarco,2026-09-01 11:00:00,93,36.0,0.0,10.0,2.6,13.0
Cochabamba - Sarco,2026-09-01 11:00:00,96,36.0,0.0,11.0,2.9,360.0
Cochabamba - Sarco,2026-09-01 11:00:00,99,36.0,0.0,13.0,3.1,337.0
Cochabamba - Sarco,2026-09-01 11:00:00,102,36.0,0.0,11.0,3.0,10.0
Cochabamba - Sarco,2026-09-01 11:00:00,105,35.0,0.0,10.0,2.9,41.0
Cochabamba - Sarco,2026-09-01 11:00:00,108,36.0,0.0,10.0,2.0,356.0
Cochabamba - Sarco,2026-09-01 11:00:00,111,36.0,0.0,9.0,1.1,305.0
Cochabamba - Sarco,2026-09-01 15:00:00,11,,,9.0,,
Cochabamba - Sarco,2026-09-01 15:00:00,14,,,9.0,,
Cochabamba - Sarco,2026-09-01 15:00:00,23,,,32.0,,
Cochabamba - Sarco,2026-09-01 15:00:00,26,,,32.0,,
Cochabamba - Sarco,2026-09-01 15:00:00,41,,,17.0,,
Cochabamba - Sarco,2026-09-01 15:00:00,44,,,22.0,,
Cochabamba - Sarco,2026-09-01 15:00:00,47,,,31.0,,
Cochabamba - Sarco,2026-09-01 15:00:00,50,,,31.0,,
Cochabamba - Sarco,2026-09-01 15:00:00,53,,,23.0,,
Cochabamba - Sarco,2026-09-01 15:00:00,56,,,18.0,,
Cochabamba - Sarco,2026-09-01 15:00:00,62,,,11.0,,
Cochabamba - Sarco,2026-09-01 15:00:00,65,,,16.0,,
Cochabamba - Sarco,2026-09-01 15:00:00,68,,,20.0,,
Cochabamba - Sarco,2026-09-01 15:00:00,77,,,20.0,,
Cochabamba - Sarco,2026-09-01 15:00:00,80,,,15.0,,
Cochabamba - Sarco,2026-09-01 15:00:00,89,,,15.0,,
Cochabamba - Sarco,2026-09-01 15:00:00,92,,,20.0,,
Cochabamba - Sarco,2026-09-01 15:00:00,95,,,29.0,,
Cochabamba - Sarco,2026-09-01 15:00:00,98,,,29.0,,
Cochabamba - Sarco,2026-09-01 15:00:00,101,,,24.0,,
Cochabamba - Sarco,2026-09-01 15:00:00,104,,,20.0,,
Cochabamba - Sarco,2026-09-01 15:00:00,107,,,16.0,,
Cochabamba - Sarco,2026-09-02 10:00:00,16,27.0,,,,
Cochabamba - Sarco,2026-09-02 10:00:00,19,26.0,,,,
Cochabamba - Sarco,2026-09-02 10:00:00,22,27.0,,,,
Cochabamba - Sarco,2026-09-02 10:00:00,34,37.0,,,,
Cochabamba - Sarco,2026-09-02 10:00:00,37,37.0,,,,
Cochabamba - Sarco,2026-09-02 10:00:00,40,36.0,,,,
Cochabamba - Sarco,2026-09-02 10:00:00,91,35.0,0.0,9.0,1.6,29.0
Cochabamba - Sarco,2026-09-02 10:00:00,94,36.0,0.0,9.0,1.1,37.0
Cochabamba - Sarco,2026-09-02 10:00:00,97,36.0,0.0,11.0,2.4,31.0
Cochabamba - Sarco,2026-09-02 10:00:00,100,77.0,1.1,13.0,3.8,16.0
Cochabamba - Sarco,2026-09-02 10:00:00,103,77.0,2.3,11.0,2.8,15.0
Cochabamba - Sarco,2026-09-02 10:00:00,106,56.0,0.0,10.0,1.7,14.0
Cochabamba - Sarco,2026-09-02 10:00:00,109,56.0,0.0,9.0,1.7,351.0
Cochabamba - Sarco,2026-09-02 10:00:00,112,57.0,0.0,8.0,1.8,321.0
Cochabamba - Sarco,2026-09-02 15:00:00,11,,,12.0,,
Cochabamba - Sarco,2026-09-02 15:00:00,14,,,13.0,,
Cochabamba - Sarco,2026-09-02 15:00:00,23,,,32.0,,
Cochabamba - Sarco,2026-09-02 15:00:00,26,,,32.0,,
Cochabamba - Sarco,2026-09-02 15:00:00,35,,,13.0,,
Cochabamba - Sarco,2026-09-02 15:00:00,38,,,13.0,,
Cochabamba - Sarco,2026-09-02 15:00:00,59,,,13.0,,
Cochabamba - Sarco,2026-09-02 15:00:00,62,,,12.0,,
Cochabamba - Sarco,2026-09-02 15:00:00,77,,,23.0,,
Cochabamba - Sarco,2026-09-02 15:00:00,80,,,19.0,,
Cochabamba - Sarco,2026-09-02 15:00:00,83,,,13.0,,
Cochabamba - Sarco,2026-09-02 15:00:00,86,,,11.0,,
Cochabamba - Sarco,2026-09-02 15:00:00,89,,,16.0,,
Cochabamba - Sarco,2026-09-02 15:00:00,92,,,21.0,,
Cochabamba - Sarco,2026-09-02 15:00:00,95,,,25.0,,
Cochabamba - Sarco,2026-09-02 15:00:00,98,,,25.0,,
Cochabamba - Sarco,2026-09-02 15:00:00,101,,,21.0,,
Cochabamba - Sarco,2026-09-02 15:00:00,104,,,18.0,,
Cochabamba - Sarco,2026-09-02 15:00:00,107,,,14.0,,
Concepcion,2026-08-31 13:00:00,1,88.0,1.1,34.0,5.7,320.0
Concepcion,2026-08-31 13:00:00,4,89.0,1.1,34.0,3.5,322.0
Concepcion,2026-08-31 13:00:00,7,89.0,0.9,30.0,1.4,322.0
Concepcion,2026-08-31 13:00:00,10,89.0,1.7,24.0,1.6,312.0
Concepcion,2026-08-31 13:00:00,13,56.0,0.0,21.0,1.8,292.0
Concepcion,2026-08-31 13:00:00,16,56.0,0.0,21.0,5.9,170.0
Concepcion,2026-08-31 13:00:00,19,56.0,0.0,22.0,5.9,160.0
Concepcion,2026-08-31 13:00:00,22,56.0,0.0,26.0,4.8,160.0
Concepcion,2026-08-31 13:00:00,25,56.0,0.0,30.0,3.8,160.0
Concepcion,2026-08-31 13:00:00,28,56.0,0.0,30.0,3.1,170.0
Concepcion,2026-08-31 13:00:00,31,36.0,0.0,26.0,2.5,170.0
Concepcion,2026-08-31 13:00:00,34,36.0,0.0,22.0,3.3,170.0
Concepcion,2026-08-31 13:00:00,37,57.0,0.0,20.0,4.1,160.0
Concepcion,2026-08-31 13:00:00,40,37.0,0.0,20.0,4.0,160.0
Concepcion,2026-08-31 13:00:00,43,36.0,0.0,24.0,3.9,150.0
Concepcion,2026-08-31 13:00:00,46,36.0,0.0,28.0,2.4,80.0
Concepcion,2026-08-31 13:00:00,49,36.0,0.0,31.0,0.9,2.0
Concepcion,2026-08-31 13:00:00,52,36.0,0.0,31.0,1.4,312.0
Concepcion,2026-08-31 13:00:00,55,26.0,0.0,27.0,1.8,258.0
Concepcion,2026-08-31 13:00:00,58,26.0,0.0,23.0,1.6,226.0
Concepcion,2026-08-31 13:00:00,61,26.0,0.0,21.0,1.4,190.0
Concepcion,2026-08-31 13:00:00,64,26.0,0.0,21.0,1.3,280.0
Concepcion,2026-08-31 13:00:00,67,26.0,0.0,21.0,1.2,305.0
Concepcion,2026-08-31 13:00:00,70,26.0,0.0,26.0,3.3,320.0
Concepcion,2026-08-31 13:00:00,73,26.0,0.0,34.0,5.5,330.0
Concepcion,2026-08-31 13:00:00,76,26.0,0.0,34.0,3.5,320.0
Concepcion,2026-08-31 13:00:00,79,36.0,0.0,29.0,1.6,300.0
Concepcion,2026-08-31 13:00:00,82,36.0,0.0,23.0,2.0,286.0
Concepcion,2026-08-31 13:00:00,85,36.0,0.0,21.0,2.2,267.0
Concepcion,2026-08-31 13:00:00,88,36.0,0.0,21.0,2.1,320.0
Concepcion,2026-08-31 13:00:00,91,36.0,0.0,25.0,2.5,349.0
Concepcion,2026-08-31 13:00:00,94,36.0,0.0,28.0,3.9,350.0
Concepcion,2026-08-31 13:00:00,97,55.0,0.0,34.0,5.2,352.0
Concepcion,2026-08-31 13:00:00,100,56.0,0.0,34.0,3.4,350.0
Concepcion,2026-08-31 13:00:00,103,36.0,0.0,29.0,1.7,339.0
Concepcion,2026-08-31 13:00:00,106,36.0,0.0,21.0,2.0,320.0
Concepcion,2026-08-31 13:00:00,109,36.0,0.0,21.0,2.2,296.0
Concepcion,2026-09-01 11:00:00,27,26.0,,,,
Concepcion,2026-09-01 11:00:00,30,25.0,,,,
Concepcion,2026-09-01 11:00:00,90,36.0,0.0,28.0,1.6,261.0
Concepcion,2026-09-01 11:00:00,93,36.0,0.0,27.0,1.8,195.0
Concepcion,2026-09-01 11:00:00,96,36.0,0.0,33.0,1.7,234.0
Concepcion,2026-09-01 11:00:00,99,36.0,0.0,39.0,1.5,269.0
Concepcion,2026-09-01 11:00:00,102,36.0,0.0,33.0,1.4,284.0
Concepcion,2026-09-01 11:00:00,105,36.0,0.0,26.0,1.2,294.0
Concepcion,2026-09-01 11:00:00,108,35.0,0.0,23.0,4.2,235.0
Concepcion,2026-09-01 11:00:00,111,36.0,0.0,21.0,7.1,170.0
Concepcion,2026-09-01 15:00:00,11,36.0,,17.0,,
Concepcion,2026-09-01 15:00:00,14,36.0,,17.0,,
Concepcion,2026-09-01 15:00:00,26,27.0,,,,
Concepcion,2026-09-01 15:00:00,29,36.0,,,,
Concepcion,2026-09-01 15:00:00,32,36.0,,24.0,,
Concepcion,2026-09-01 15:00:00,35,36.0,,19.0,,
Concepcion,2026-09-01 15:00:00,38,,,19.0,,
Concepcion,2026-09-01 15:00:00,41,,,23.0,,
Concepcion,2026-09-01 15:00:00,44,,,28.0,,
Concepcion,2026-09-01 15:00:00,47,,,35.0,,
Concepcion,2026-09-01 15:00:00,50,,,35.0,,
Concepcion,2026-09-01 15:00:00,56,,,25.0,,
Concepcion,2026-09-01 15:00:00,59,,,20.0,,
Concepcion,2026-09-01 15:00:00,62,,,20.0,,
Concepcion,2026-09-01 15:00:00,71,,,35.0,,
Concepcion,2026-09-01 15:00:00,74,,,35.0,,
Concepcion,2026-09-01 15:00:00,80,,,24.0,,
Concepcion,2026-09-01 15:00:00,83,,,19.0,,
Concepcion,2026-09-01 15:00:00,86,,,19.0,,
Concepcion,2026-09-01 15:00:00,89,,,26.0,,
Concepcion,2026-09-01 15:00:00,92,,,30.0,,
Concepcion,2026-09-01 15:00:00,95,,,35.0,,
Concepcion,2026-09-01 15:00:00,98,,,34.0,,
Concepcion,2026-09-01 15:00:00,101,,,30.0,,
Concepcion,2026-09-01 15:00:00,104,,,27.0,,
Concepcion,2026-09-01 15:00:00,107,,,23.0,,
Concepcion,2026-09-02 10:00:00,28,36.0,,,,
Concepcion,2026-09-02 10:00:00,31,37.0,,,,
Concepcion,2026-09-02 10:00:00,34,26.0,,,,
Concepcion,2026-09-02 10:00:00,37,26.0,,,,
Concepcion,2026-09-02 10:00:00,40,27.0,,,,
Concepcion,2026-09-02 10:00:00,88,56.0,,,,
Concepcion,2026-09-02 10:00:00,91,56.0,0.0,24.0,5.8,170.0
Concepcion,2026-09-02 10:00:00,94,57.0,0.0,23.0,5.9,160.0
Concepcion,2026-09-02 10:00:00,97,56.0,0.0,26.0,5.8,160.0
Concepcion,2026-09-02 10:00:00,100,56.0,0.0,29.0,5.8,160.0
Concepcion,2026-09-02 10:00:00,103,56.0,0.0,25.0,5.2,165.0
Concepcion,2026-09-02 10:00:00,106,55.0,0.0,22.0,4.4,165.0
Concepcion,2026-09-02 10:00:00,109,56.0,0.0,20.0,4.9,170.0
Concepcion,2026-09-02 10:00:00,112,55.0,0.0,18.0,5.4,165.0
Concepcion,2026-09-02 15:00:00,35,,,22.0,,
Concepcion,2026-09-02 15:00:00,38,,,22.0,,
Concepcion,2026-09-02 15:00:00,53,,,31.0,,
Concepcion,2026-09-02 15:00:00,56,,,28.0,,
Concepcion,2026-09-02 15:00:00,59,,,23.0,,
Concepcion,2026-09-02 15:00:00,62,,,23.0,,
Concepcion,2026-09-02 15:00:00,71,,,33.0,,
Concepcion,2026-09-02 15:00:00,80,,,26.0,,
Concepcion,2026-09-02 15:00:00,83,,,20.0,,
Concepcion,2026-09-02 15:00:00,86,,,20.0,,
Concepcion,2026-09-02 15:00:00,95,,,28.0,,
Concepcion,2026-09-02 15:00:00,98,,,28.0,,
Concepcion,2026-09-02 15:00:00,101,,,26.0,,
Concepcion,2026-09-02 15:00:00,104,,,24.0,,
Concepcion,2026-09-02 15:00:00,107,,,22.0,,
Cota Cota Baja,2026-08-31 13:00:00,1,26.0,0.0,18.0,6.2,284.0
Cota Cota Baja,2026-08-31 13:00:00,4,26.0,0.0,17.0,5.1,330.0
Cota Cota Baja,2026-08-31 13:00:00,7,26.0,0.0,11.0,4.1,15.0
Cota Cota Baja,2026-08-31 13:00:00,10,26.0,0.0,5.0,3.0,15.0
Cota Cota Baja,2026-08-31 13:00:00,13,27.0,0.0,-1.0,1.9,6.0
Cota Cota Baja,2026-08-31 13:00:00,16,26.0,0.0,-1.0,2.9,32.0
Cota Cota Baja,2026-08-31 13:00:00,19,26.0,0.0,5.0,2.8,36.0
Cota Cota Baja,2026-08-31 13:00:00,22,26.0,0.0,10.0,4.4,350.0
Cota Cota Baja,2026-08-31 13:00:00,25,26.0,0.0,18.0,6.1,294.0
Cota Cota Baja,2026-08-31 13:00:00,28,26.0,0.0,18.0,5.3,340.0
Cota Cota Baja,2026-08-31 13:00:00,31,26.0,0.0,11.0,4.3,26.0
Cota Cota Baja,2026-08-31 13:00:00,34,25.0,0.0,6.0,3.9,16.0
Cota Cota Baja,2026-08-31 13:00:00,37,26.0,0.0,-2.0,3.5,5.0
Cota Cota Baja,2026-08-31 13:00:00,40,26.0,0.0,-2.0,2.2,356.0
Cota Cota Baja,2026-08-31 13:00:00,43,25.0,0.0,6.0,1.0,344.0
Cota Cota Baja,2026-08-31 13:00:00,46,26.0,0.0,10.0,3.2,314.0
Cota Cota Baja,2026-08-31 13:00:00,49,36.0,0.0,17.0,5.3,279.0
Cota Cota Baja,2026-08-31 13:00:00,52,36.0,0.0,17.0,4.7,330.0
Cota Cota Baja,2026-08-31 13:00:00,55,27.0,0.0,11.0,4.2,21.0
Cota Cota Baja,2026-08-31 13:00:00,58,26.0,0.0,6.0,3.1,360.0
Cota Cota Baja,2026-08-31 13:00:00,61,37.0,0.0,-1.0,2.1,333.0
Cota Cota Baja,2026-08-31 13:00:00,64,36.0,0.0,0.0,1.2,16.0
Cota Cota Baja,2026-08-31 13:00:00,67,37.0,0.0,7.0,1.1,10.0
Cota Cota Baja,2026-08-31 13:00:00,70,35.0,0.0,10.0,3.3,334.0
Cota Cota Baja,2026-08-31 13:00:00,73,77.0,1.8,18.0,5.5,294.0
Cota Cota Baja,2026-08-31 13:00:00,76,75.0,1.6,17.0,4.9,346.0
Cota Cota Baja,2026-08-31 13:00:00,79,36.0,0.0,8.0,4.4,28.0
Cota Cota Baja,2026-08-31 13:00:00,82,36.0,0.0,2.0,3.1,32.0
Cota Cota Baja,2026-08-31 13:00:00,85,36.0,0.0,-1.0,1.8,26.0
Cota Cota Baja,2026-08-31 13:00:00,88,37.0,0.0,-1.0,2.0,62.0
Cota Cota Baja,2026-08-31 13:00:00,91,36.0,0.0,7.0,1.4,82.0
Cota Cota Baja,2026-08-31 13:00:00,94,36.0,0.0,10.0,3.9,16.0
Cota Cota Baja,2026-08-31 13:00:00,97,56.0,0.0,16.0,6.4,309.0
Cota Cota Baja,2026-08-31 13:00:00,100,56.0,0.0,16.0,5.3,352.0
Cota Cota Baja,2026-08-31 13:00:00,103,56.0,0.0,8.0,4.3,28.0
Cota Cota Baja,2026-08-31 13:00:00,106,57.0,0.0,-1.0,2.9,38.0
Cota Cota Baja,2026-08-31 13:00:00,109,36.0,0.0,-1.0,1.6,49.0
Cota Cota Baja,2026-09-01 11:00:00,90,36.0,0.0,6.0,2.2,356.0
Cota Cota Baja,2026-09-01 11:00:00,93,35.0,0.0,6.0,2.8,37.0
Cota Cota Baja,2026-09-01 11:00:00,96,36.0,0.0,9.0,3.8,350.0
Cota Cota Baja,2026-09-01 11:00:00,99,57.0,0.0,11.0,4.8,303.0
Cota Cota Baja,2026-09-01 11:00:00,102,56.0,0.0,9.0,3.8,327.0
Cota Cota Baja,2026-09-01 11:00:00,105,56.0,0.0,7.0,2.9,351.0
Cota Cota Baja,2026-09-01 11:00:00,108,57.0,0.0,6.0,3.4,11.0
Cota Cota Baja,2026-09-01 11:00:00,111,56.0,0.0,4.0,3.9,28.0
Cota Cota Baja,2026-09-01 15:00:00,11,,,-3.0,,
Cota Cota Baja,2026-09-01 15:00:00,14,,,-3.0,,
Cota Cota Baja,2026-09-01 15:00:00,17,,,7.0,,
Cota Cota Baja,2026-09-01 15:00:00,23,,,18.0,,
Cota Cota Baja,2026-09-01 15:00:00,32,,,5.0,,
Cota Cota Baja,2026-09-01 15:00:00,35,,,-4.0,,
Cota Cota Baja,2026-09-01 15:00:00,38,,,-3.0,,
Cota Cota Baja,2026-09-01 15:00:00,41,,,4.0,,
Cota Cota Baja,2026-09-01 15:00:00,44,,,11.0,,
Cota Cota Baja,2026-09-01 15:00:00,50,,,18.0,,
Cota Cota Baja,2026-09-01 15:00:00,53,,,10.0,,
Cota Cota Baja,2026-09-01 15:00:00,56,,,5.0,,
Cota Cota Baja,2026-09-01 15:00:00,59,,,-2.0,,
Cota Cota Baja,2026-09-01 15:00:00,62,,,-2.0,,
Cota Cota Baja,2026-09-01 15:00:00,65,,,4.0,,
Cota Cota Baja,2026-09-01 15:00:00,71,,,17.0,,
Cota Cota Baja,2026-09-01 15:00:00,74,,,17.0,,
Cota Cota Baja,2026-09-01 15:00:00,80,,,3.0,,
Cota Cota Baja,2026-09-01 15:00:00,83,,,-2.0,,
Cota Cota Baja,2026-09-01 15:00:00,86,,,-1.0,,
Cota Cota Baja,2026-09-01 15:00:00,89,,,4.0,,
Cota Cota Baja,2026-09-01 15:00:00,95,,,15.0,,
Cota Cota Baja,2026-09-01 15:00:00,98,,,15.0,,
Cota Cota Baja,2026-09-01 15:00:00,101,,,10.0,,
Cota Cota Baja,2026-09-01 15:00:00,107,,,2.0,,
Cota Cota Baja,2026-09-02 10:00:00,16,25.0,,,,
Cota Cota Baja,2026-09-02 10:00:00,19,26.0,,,,
Cota Cota Baja,2026-09-02 10:00:00,22,27.0,,,,
Cota Cota Baja,2026-09-02 10:00:00,25,26.0,,,,
Cota Cota Baja,2026-09-02 10:00:00,28,36.0,0.0,,,
Cota Cota Baja,2026-09-02 10:00:00,31,36.0,0.0,,,
Cota Cota Baja,2026-09-02 10:00:00,88,35.0,,,,
Cota Cota Baja,2026-09-02 10:00:00,91,36.0,0.0,5.0,2.2,355.0
Cota Cota Baja,2026-09-02 10:00:00,94,35.0,0.0,5.0,2.3,354.0
Cota Cota Baja,2026-09-02 10:00:00,97,36.0,0.0,8.0,3.4,324.0
Cota Cota Baja,2026-09-02 10:00:00,100,76.0,0.5,11.0,4.4,294.0
Cota Cota Baja,2026-09-02 10:00:00,103,76.0,1.3,9.0,4.2,330.0
Cota Cota Baja,2026-09-02 10:00:00,106,76.0,1.5,7.0,4.0,355.0
Cota Cota Baja,2026-09-02 10:00:00,109,76.0,2.0,6.0,3.2,6.0
Cota Cota Baja,2026-09-02 10:00:00,112,76.0,2.5,6.0,2.5,16.0
Cota Cota Baja,2026-09-02 15:00:00,11,,,0.0,,
Cota Cota Baja,2026-09-02 15:00:00,23,,,17.0,,
Cota Cota Baja,2026-09-02 15:00:00,35,,,1.0,,
Cota Cota Baja,2026-09-02 15:00:00,38,,,1.0,,
Cota Cota Baja,2026-09-02 15:00:00,59,,,1.0,,
Cota Cota Baja,2026-09-02 15:00:00,62,,,1.0,,
Cota Cota Baja,2026-09-02 15:00:00,74,,,14.0,,
Cota Cota Baja,2026-09-02 15:00:00,83,,,1.0,,
Cota Cota Baja,2026-09-02 15:00:00,86,,,2.0,,
Cota Cota Baja,2026-09-02 15:00:00,95,,,12.0,,
Cota Cota Baja,2026-09-02 15:00:00,98,,,12.0,,
Cota Cota Baja,2026-09-02 15:00:00,101,,,9.0,,
Cota Cota Baja,2026-09-02 15:00:00,104,,,5.0,,
Cota Cota Baja,2026-09-02 15:00:00,107,,,3.0,,
Cotagaita,2026-08-31 13:00:00,1,26.0,0.0,27.0,13.9,270.0
Cotagaita,2026-08-31 13:00:00,4,26.0,0.0,27.0,8.4,280.0
Cotagaita,2026-08-31 13:00:00,7,26.0,0.0,14.0,2.8,289.0
Cotagaita,2026-08-31 13:00:00,10,26.0,0.0,4.0,3.2,290.0
Cotagaita,2026-08-31 13:00:00,13,25.0,0.0,-2.0,3.5,282.0
Cotagaita,2026-08-31 13:00:00,16,26.0,0.0,-2.0,1.6,260.0
Cotagaita,2026-08-31 13:00:00,19,26.0,0.0,7.0,1.1,244.0
Cotagaita,2026-08-31 13:00:00,22,26.0,0.0,17.0,1.2,214.0
Cotagaita,2026-08-31 13:00:00,25,26.0,0.0,27.0,1.3,182.0
Cotagaita,2026-08-31 13:00:00,28,26.0,0.0,27.0,1.8,141.0
Cotagaita,2026-08-31 13:00:00,31,26.0,0.0,21.0,2.2,101.0
Cotagaita,2026-08-31 13:00:00,34,26.0,0.0,12.0,1.5,163.0
Cotagaita,2026-08-31 13:00:00,37,26.0,0.0,-2.0,0.7,224.0
Cotagaita,2026-08-31 13:00:00,40,26.0,0.0,-2.0,0.5,180.0
Cotagaita,2026-08-31 13:00:00,43,26.0,0.0,10.0,0.2,221.0
Cotagaita,2026-08-31 13:00:00,46,26.0,0.0,16.0,1.1,220.0
Cotagaita,2026-08-31 13:00:00,49,26.0,0.0,27.0,2.0,211.0
Cotagaita,2026-08-31 13:00:00,52,27.0,0.0,27.0,2.4,258.0
Cotagaita,2026-08-31 13:00:00,55,26.0,0.0,17.0,2.8,297.0
Cotagaita,2026-08-31 13:00:00,58,26.0,0.0,4.0,1.8,287.0
Cotagaita,2026-08-31 13:00:00,61,25.0,0.0,-1.0,0.8,270.0
Cotagaita,2026-08-31 13:00:00,64,25.0,0.0,-1.0,2.0,287.0
Cotagaita,2026-08-31 13:00:00,67,27.0,0.0,9.0,2.2,269.0
Cotagaita,2026-08-31 13:00:00,70,26.0,0.0,18.0,4.1,260.0
Cotagaita,2026-08-31 13:00:00,73,26.0,0.0,26.0,6.1,243.0
Cotagaita,2026-08-31 13:00:00,76,25.0,0.0,26.0,4.5,253.0
Cotagaita,2026-08-31 13:00:00,79,26.0,0.0,17.0,2.9,261.0
Cotagaita,2026-08-31 13:00:00,82,26.0,0.0,2.0,2.0,191.0
Cotagaita,2026-08-31 13:00:00,85,37.0,0.0,-1.0,1.2,120.0
Cotagaita,2026-08-31 13:00:00,88,35.0,0.0,-1.0,1.0,72.0
Cotagaita,2026-08-31 13:00:00,91,36.0,0.0,13.0,0.7,20.0
Cotagaita,2026-08-31 13:00:00,94,36.0,0.0,18.0,1.7,27.0
Cotagaita,2026-08-31 13:00:00,97,36.0,0.0,26.0,2.7,26.0
Cotagaita,2026-08-31 13:00:00,100,36.0,0.0,26.0,4.3,30.0
Cotagaita,2026-08-31 13:00:00,103,55.0,0.0,16.0,5.9,31.0
Cotagaita,2026-08-31 13:00:00,106,56.0,0.0,-1.0,3.5,12.0
Cotagaita,2026-08-31 13:00:00,109,36.0,0.0,-1.0,1.1,342.0
Cotagaita,2026-09-01 11:00:00,90,36.0,0.0,11.0,1.5,317.0
Cotagaita,2026-09-01 11:00:00,93,36.0,0.0,12.0,1.0,1.0
Cotagaita,2026-09-01 11:00:00,96,36.0,0.0,18.0,5.6,322.0
Cotagaita,2026-09-01 11:00:00,99,36.0,0.0,24.0,10.3,280.0
Cotagaita,2026-09-01 11:00:00,102,36.0,0.0,20.0,8.8,279.0
Cotagaita,2026-09-01 11:00:00,105,36.0,0.0,16.0,7.4,270.0
Cotagaita,2026-09-01 11:00:00,108,36.0,0.0,12.0,4.3,235.0
Cotagaita,2026-09-01 11:00:00,111,36.0,0.0,8.0,1.2,196.0
Cotagaita,2026-09-01 15:00:00,11,,,-3.0,,
Cotagaita,2026-09-01 15:00:00,14,,,-3.0,,
Cotagaita,2026-09-01 15:00:00,20,,,17.0,,
Cotagaita,2026-09-01 15:00:00,23,,,26.0,,
Cotagaita,2026-09-01 15:00:00,26,,,26.0,,
Cotagaita,2026-09-01 15:00:00,32,,,8.0,,
Cotagaita,2026-09-01 15:00:00,35,,,-2.0,,
Cotagaita,2026-09-01 15:00:00,38,,,-2.0,,
Cotagaita,2026-09-01 15:00:00,41,,,10.0,,
Cotagaita,2026-09-01 15:00:00,47,,,28.0,,
Cotagaita,2026-09-01 15:00:00,50,,,28.0,,
Cotagaita,2026-09-01 15:00:00,80,,,2.0,,
Cotagaita,2026-09-01 15:00:00,86,,,-1.0,,
Cotagaita,2026-09-01 15:00:00,89,,,8.0,,
Cotagaita,2026-09-01 15:00:00,92,35.0,,,,
Cotagaita,2026-09-01 15:00:00,95,,,26.0,,
Cotagaita,2026-09-01 15:00:00,98,,,26.0,,
Cotagaita,2026-09-01 15:00:00,101,56.0,,19.0,,
Cotagaita,2026-09-01 15:00:00,104,55.0,,13.0,,
Cotagaita,2026-09-01 15:00:00,107,56.0,,4.0,,
Cotagaita,2026-09-02 10:00:00,16,26.0,,,,
Cotagaita,2026-09-02 10:00:00,19,26.0,,,,
Cotagaita,2026-09-02 10:00:00,22,26.0,,,,
Cotagaita,2026-09-02 10:00:00,25,25.0,,,,
Cotagaita,2026-09-02 10:00:00,28,25.0,,,,
Cotagaita,2026-09-02 10:00:00,31,26.0,,,,
Cotagaita,2026-09-02 10:00:00,40,27.0,,,,
Cotagaita,2026-09-02 10:00:00,91,36.0,0.0,10.0,0.9,65.0
Cotagaita,2026-09-02 10:00:00,94,35.0,0.0,10.0,0.9,108.0
Cotagaita,2026-09-02 10:00:00,97,36.0,0.0,16.0,5.6,189.0
Cotagaita,2026-09-02 10:00:00,100,36.0,0.0,22.0,10.3,270.0
Cotagaita,2026-09-02 10:00:00,103,35.0,0.0,19.0,8.2,279.0
Cotagaita,2026-09-02 10:00:00,106,37.0,0.0,16.0,6.0,277.0
Cotagaita,2026-09-02 10:00:00,109,36.0,0.0,12.0,3.7,262.0
Cotagaita,2026-09-02 10:00:00,112,37.0,0.0,8.0,1.2,239.0
Cotagaita,2026-09-02 15:00:00,11,,,1.0,,
Cotagaita,2026-09-02 15:00:00,14,,,1.0,,
Cotagaita,2026-09-02 15:00:00,23,,,29.0,,
Cotagaita,2026-09-02 15:00:00,26,,,29.0,,
Cotagaita,2026-09-02 15:00:00,32,,,7.0,,
Cotagaita,2026-09-02 15:00:00,35,,,0.0,,
Cotagaita,2026-09-02 15:00:00,38,,,0.0,,
Cotagaita,2026-09-02 15:00:00,47,,,28.0,,
Cotagaita,2026-09-02 15:00:00,50,,,28.0,,
Cotagaita,2026-09-02 15:00:00,53,,,20.0,,
Cotagaita,2026-09-02 15:00:00,56,,,5.0,,
Cotagaita,2026-09-02 15:00:00,59,,,1.0,,
Cotagaita,2026-09-02 15:00:00,62,,,1.0,,
Cotagaita,2026-09-02 15:00:00,83,,,1.0,,
Cotagaita,2026-09-02 15:00:00,86,,,1.0,,
Cotagaita,2026-09-02 15:00:00,95,,,27.0,,
Cotagaita,2026-09-02 15:00:00,98,,,27.0,,
Cotagaita,2026-09-02 15:00:00,107,,,9.0,,
Covendo,2026-08-31 13:00:00,1,66.0,1.1,30.0,2.7,337.0
Covendo,2026-08-31 13:00:00,4,65.0,1.3,30.0,1.6,327.0
Covendo,2026-08-31 13:00:00,7,36.0,0.0,26.0,0.5,316.0
Covendo,2026-08-31 13:00:00,10,36.0,0.0,22.0,0.8,248.0
Covendo,2026-08-31 13:00:00,13,56.0,0.0,20.0,1.1,181.0
Covendo,2026-08-31 13:00:00,16,56.0,0.0,20.0,1.2,148.0
Covendo,2026-08-31 13:00:00,19,56.0,0.0,21.0,1.4,88.0
Covendo,2026-08-31 13:00:00,22,56.0,0.0,25.0,1.9,71.0
Covendo,2026-08-31 13:00:00,25,84.0,1.4,28.0,2.4,51.0
Covendo,2026-08-31 13:00:00,28,84.0,1.0,28.0,1.7,81.0
Covendo,2026-08-31 13:00:00,31,89.0,1.0,24.0,1.1,100.0
Covendo,2026-08-31 13:00:00,34,89.0,1.2,21.0,1.3,132.0
Covendo,2026-08-31 13:00:00,37,55.0,0.0,19.0,1.4,161.0
Covendo,2026-08-31 13:00:00,40,56.0,0.0,19.0,0.8,120.0
Covendo,2026-08-31 13:00:00,43,56.0,0.0,21.0,0.6,103.0
Covendo,2026-08-31 13:00:00,46,56.0,0.0,25.0,1.3,53.0
Covendo,2026-08-31 13:00:00,49,56.0,0.0,29.0,2.0,355.0
Covendo,2026-08-31 13:00:00,52,56.0,0.0,29.0,1.2,33.0
Covendo,2026-08-31 13:00:00,55,37.0,0.0,25.0,0.4,68.0
Covendo,2026-08-31 13:00:00,58,36.0,0.0,21.0,0.7,130.0
Covendo,2026-08-31 13:00:00,61,27.0,0.0,20.0,1.0,182.0
Covendo,2026-08-31 13:00:00,64,26.0,0.0,20.0,1.0,201.0
Covendo,2026-08-31 13:00:00,67,26.0,0.0,22.0,1.0,213.0
Covendo,2026-08-31 13:00:00,70,26.0,0.0,25.0,1.8,273.0
Covendo,2026-08-31 13:00:00,73,36.0,0.0,30.0,2.6,328.0
Covendo,2026-08-31 13:00:00,76,36.0,0.0,30.0,1.6,268.0
Covendo,2026-08-31 13:00:00,79,36.0,0.0,24.0,0.6,201.0
Covendo,2026-08-31 13:00:00,82,36.0,0.0,22.0,0.9,201.0
Covendo,2026-08-31 13:00:00,85,36.0,0.0,20.0,1.2,191.0
Covendo,2026-08-31 13:00:00,88,36.0,0.0,20.0,1.0,208.0
Covendo,2026-08-31 13:00:00,91,36.0,0.0,23.0,0.9,220.0
Covendo,2026-08-31 13:00:00,94,37.0,0.0,27.0,1.9,270.0
Covendo,2026-08-31 13:00:00,97,56.0,0.0,30.0,2.8,318.0
Covendo,2026-08-31 13:00:00,100,56.0,0.0,30.0,1.9,268.0
Covendo,2026-08-31 13:00:00,103,56.0,0.0,23.0,1.0,213.0
Covendo,2026-08-31 13:00:00,106,56.0,0.0,20.0,1.1,195.0
Covendo,2026-08-31 13:00:00,109,36.0,0.0,20.0,1.1,173.0
Covendo,2026-09-01 11:00:00,90,35.0,0.0,21.0,1.1,191.0
Covendo,2026-09-01 11:00:00,93,36.0,0.0,23.0,0.9,181.0
Covendo,2026-09-01 11:00:00,96,36.0,0.0,28.0,1.8,101.0
Covendo,2026-09-01 11:00:00,99,56.0,0.0,34.0,2.6,13.0
Covendo,2026-09-01 11:00:00,102,56.0,0.0,26.0,2.0,93.0
Covendo,2026-09-01 11:00:00,105,89.0,2.1,18.0,1.4,171.0
Covendo,2026-09-01 11:00:00,108,89.0,1.8,17.0,1.3,181.0
Covendo,2026-09-01 11:00:00,111,89.0,2.0,17.0,1.1,191.0
Covendo,2026-09-01 15:00:00,11,,,18.0,,
Covendo,2026-09-01 15:00:00,14,,,18.0,,
Covendo,2026-09-01 15:00:00,23,,,31.0,,
Covendo,2026-09-01 15:00:00,26,,,31.0,,
Covendo,2026-09-01 15:00:00,29,56.0,,26.0,,
Covendo,2026-09-01 15:00:00,32,56.0,,22.0,,
Covendo,2026-09-01 15:00:00,35,56.0,,17.0,,
Covendo,2026-09-01 15:00:00,38,,,17.0,,
Covendo,2026-09-01 15:00:00,44,,,26.0,,
Covendo,2026-09-01 15:00:00,47,,,32.0,,
Covendo,2026-09-01 15:00:00,50,,,32.0,,
Covendo,2026-09-01 15:00:00,53,,,26.0,,
Covendo,2026-09-01 15:00:00,56,,,23.0,,
Covendo,2026-09-01 15:00:00,59,,,18.0,,
Covendo,2026-09-01 15:00:00,62,,,18.0,,
Covendo,2026-09-01 15:00:00,68,,,26.0,,
Covendo,2026-09-01 15:00:00,71,,,32.0,,
Covendo,2026-09-01 15:00:00,74,,,32.0,,
Covendo,2026-09-01 15:00:00,77,,,26.0,,
Covendo,2026-09-01 15:00:00,80,,,22.0,,
Covendo,2026-09-01 15:00:00,83,,,19.0,,
Covendo,2026-09-01 15:00:00,86,,,19.0,,
Covendo,2026-09-01 15:00:00,89,,,22.0,,
Covendo,2026-09-01 15:00:00,92,,,26.0,,
Covendo,2026-09-01 15:00:00,95,,,31.0,,
Covendo,2026-09-01 15:00:00,98,,,31.0,,
Covendo,2026-09-01 15:00:00,101,,,27.0,,
Covendo,2026-09-01 15:00:00,104,,,23.0,,
Covendo,2026-09-01 15:00:00,107,,,20.0,,
Covendo,2026-09-02 10:00:00,19,27.0,,,,
Covendo,2026-09-02 10:00:00,22,27.0,,,,
Covendo,2026-09-02 10:00:00,88,,2.9,,,
Covendo,2026-09-02 10:00:00,91,89.0,3.3,18.0,1.3,170.0
Covendo,2026-09-02 10:00:00,94,89.0,2.3,18.0,1.2,120.0
Covendo,2026-09-02 10:00:00,97,89.0,4.1,20.0,1.0,74.0
Covendo,2026-09-02 10:00:00,100,89.0,2.3,22.0,0.8,25.0
Covendo,2026-09-02 10:00:00,103,89.0,4.1,20.0,0.7,75.0
Covendo,2026-09-02 10:00:00,106,89.0,3.6,17.0,0.5,115.0
Covendo,2026-09-02 10:00:00,109,89.0,4.3,16.0,0.8,115.0
Covendo,2026-09-02 10:00:00,112,89.0,4.1,15.0,1.0,105.0
Covendo,2026-09-02 15:00:00,8,,,23.0,,
Covendo,2026-09-02 15:00:00,23,,,33.0,,
Covendo,2026-09-02 15:00:00,26,,,33.0,,
Covendo,2026-09-02 15:00:00,47,,,33.0,,
Covendo,2026-09-02 15:00:00,50,,,33.0,,
Covendo,2026-09-02 15:00:00,62,,,20.0,,
Covendo,2026-09-02 15:00:00,71,,,33.0,,
Covendo,2026-09-02 15:00:00,74,,,33.0,,
Covendo,2026-09-02 15:00:00,83,,,19.0,,
Covendo,2026-09-02 15:00:00,86,,,19.0,,
Covendo,2026-09-02 15:00:00,89,,,23.0,,
Covendo,2026-09-02 15:00:00,92,,,26.0,,
Covendo,2026-09-02 15:00:00,95,,,31.0,,
Covendo,2026-09-02 15:00:00,98,,,31.0,,
Covendo,2026-09-02 15:00:00,101,,,27.0,,
Covendo,2026-09-02 15:00:00,104,,,25.0,,
Covendo,2026-09-02 15:00:00,107,,,22.0,,
Cuatro Cañadas - Colonia Chihuahua,2026-08-31 13:00:00,1,56.0,0.0,36.0,7.3,302.0
Cuatro Cañadas - Colonia Chihuahua,2026-08-31 13:00:00,4,56.0,0.0,36.0,5.1,326.0
Cuatro Cañadas - Colonia Chihuahua,2026-08-31 13:00:00,7,88.0,1.8,30.0,2.8,346.0
Cuatro Cañadas - Colonia Chihuahua,2026-08-31 13:00:00,10,89.0,2.0,25.0,4.9,266.0
Cuatro Cañadas - Colonia Chihuahua,2026-08-31 13:00:00,13,90.0,1.5,22.0,7.1,180.0
Cuatro Cañadas - Colonia Chihuahua,2026-08-31 13:00:00,16,89.0,1.9,22.0,6.9,167.0
Cuatro Cañadas - Colonia Chihuahua,2026-08-31 13:00:00,19,89.0,1.2,24.0,6.7,157.0
Cuatro Cañadas - Colonia Chihuahua,2026-08-31 13:00:00,22,89.0,1.3,26.0,6.2,164.0
Cuatro Cañadas - Colonia Chihuahua,2026-08-31 13:00:00,25,56.0,0.0,32.0,5.7,168.0
Cuatro Cañadas - Colonia Chihuahua,2026-08-31 13:00:00,28,56.0,0.0,32.0,4.8,170.0
Cuatro Cañadas - Colonia Chihuahua,2026-08-31 13:00:00,31,36.0,0.0,27.0,3.8,170.0
Cuatro Cañadas - Colonia Chihuahua,2026-08-31 13:00:00,34,36.0,0.0,24.0,3.5,170.0
Cuatro Cañadas - Colonia Chihuahua,2026-08-31 13:00:00,37,56.0,0.0,22.0,3.2,160.0
Cuatro Cañadas - Colonia Chihuahua,2026-08-31 13:00:00,40,56.0,0.0,22.0,3.3,158.0
Cuatro Cañadas - Colonia Chihuahua,2026-08-31 13:00:00,43,56.0,0.0,24.0,3.9,148.0
Cuatro Cañadas - Colonia Chihuahua,2026-08-31 13:00:00,46,56.0,0.0,29.0,2.2,150.0
Cuatro Cañadas - Colonia Chihuahua,2026-08-31 13:00:00,49,36.0,0.0,33.0,0.5,142.0
Cuatro Cañadas - Colonia Chihuahua,2026-08-31 13:00:00,52,36.0,0.0,33.0,1.3,172.0
Cuatro Cañadas - Colonia Chihuahua,2026-08-31 13:00:00,55,26.0,0.0,30.0,2.1,197.0
Cuatro Cañadas - Colonia Chihuahua,2026-08-31 13:00:00,58,26.0,0.0,25.0,2.1,177.0
Cuatro Cañadas - Colonia Chihuahua,2026-08-31 13:00:00,61,26.0,0.0,22.0,2.0,147.0
Cuatro Cañadas - Colonia Chihuahua,2026-08-31 13:00:00,64,26.0,0.0,22.0,2.2,330.0
Cuatro Cañadas - Colonia Chihuahua,2026-08-31 13:00:00,67,26.0,0.0,25.0,2.7,340.0
Cuatro Cañadas - Colonia Chihuahua,2026-08-31 13:00:00,70,26.0,0.0,31.0,5.3,330.0
Cuatro Cañadas - Colonia Chihuahua,2026-08-31 13:00:00,73,36.0,0.0,36.0,7.9,320.0
Cuatro Cañadas - Colonia Chihuahua,2026-08-31 13:00:00,76,36.0,0.0,36.0,5.7,330.0
Cuatro Cañadas - Colonia Chihuahua,2026-08-31 13:00:00,79,26.0,0.0,31.0,3.4,340.0
Cuatro Cañadas - Colonia Chihuahua,2026-08-31 13:00:00,82,26.0,0.0,24.0,3.1,340.0
Cuatro Cañadas - Colonia Chihuahua,2026-08-31 13:00:00,85,36.0,0.0,22.0,2.9,340.0
Cuatro Cañadas - Colonia Chihuahua,2026-08-31 13:00:00,88,36.0,0.0,22.0,3.0,327.0
Cuatro Cañadas - Colonia Chihuahua,2026-08-31 13:00:00,91,36.0,0.0,28.0,3.4,310.0
Cuatro Cañadas - Colonia Chihuahua,2026-08-31 13:00:00,94,56.0,0.0,29.0,5.3,318.0
Cuatro Cañadas - Colonia Chihuahua,2026-08-31 13:00:00,97,56.0,0.0,36.0,7.2,318.0
Cuatro Cañadas - Colonia Chihuahua,2026-08-31 13:00:00,100,57.0,0.0,36.0,5.4,348.0
Cuatro Cañadas - Colonia Chihuahua,2026-08-31 13:00:00,103,55.0,0.0,32.0,3.6,10.0
Cuatro Cañadas - Colonia Chihuahua,2026-08-31 13:00:00,106,56.0,0.0,22.0,3.2,360.0
Cuatro Cañadas - Colonia Chihuahua,2026-08-31 13:00:00,109,36.0,0.0,22.0,2.7,350.0
Cuatro Cañadas - Colonia Chihuahua,2026-09-01 11:00:00,18,57.0,,,,
Cuatro Cañadas - Colonia Chihuahua,2026-09-01 11:00:00,21,55.0,,,,
Cuatro Cañadas - Colonia Chihuahua,2026-09-01 11:00:00,39,25.0,,,,
Cuatro Cañadas - Colonia Chihuahua,2026-09-01 11:00:00,90,36.0,0.0,29.0,4.9,179.0
Cuatro Cañadas - Colonia Chihuahua,2026-09-01 11:00:00,93,36.0,0.0,28.0,5.6,177.0
Cuatro Cañadas - Colonia Chihuahua,2026-09-01 11:00:00,96,36.0,0.0,33.0,4.1,174.0
Cuatro Cañadas - Colonia Chihuahua,2026-09-01 11:00:00,99,36.0,0.0,38.0,2.6,167.0
Cuatro Cañadas - Colonia Chihuahua,2026-09-01 11:00:00,102,36.0,0.0,34.0,5.2,169.0
Cuatro Cañadas - Colonia Chihuahua,2026-09-01 11:00:00,105,36.0,0.0,31.0,7.8,167.0
Cuatro Cañadas - Colonia Chihuahua,2026-09-01 11:00:00,108,36.0,0.0,26.0,7.6,167.0
Cuatro Cañadas - Colonia Chihuahua,2026-09-01 11:00:00,111,36.0,0.0,21.0,7.5,167.0
Cuatro Cañadas - Colonia Chihuahua,2026-09-01 15:00:00,11,,,19.0,,
Cuatro Cañadas - Colonia Chihuahua,2026-09-01 15:00:00,14,,,19.0,,
Cuatro Cañadas - Colonia Chihuahua,2026-09-01 15:00:00,17,,,19.0,,
Cuatro Cañadas - Colonia Chihuahua,2026-09-01 15:00:00,23,,,30.0,,
Cuatro Cañadas - Colonia Chihuahua,2026-09-01 15:00:00,26,,,30.0,,
Cuatro Cañadas - Colonia Chihuahua,2026-09-01 15:00:00,29,,,27.0,,
Cuatro Cañadas - Colonia Chihuahua,2026-09-01 15:00:00,32,,,24.0,,
Cuatro Cañadas - Colonia Chihuahua,2026-09-01 15:00:00,35,,,21.0,,
Cuatro Cañadas - Colonia Chihuahua,2026-09-01 15:00:00,38,,,21.0,,
Cuatro Cañadas - Colonia Chihuahua,2026-09-01 15:00:00,47,,,33.0,,
Cuatro Cañadas - Colonia Chihuahua,2026-09-01 15:00:00,50,,,33.0,,
Cuatro Cañadas - Colonia Chihuahua,2026-09-01 15:00:00,53,,,30.0,,
Cuatro Cañadas - Colonia Chihuahua,2026-09-01 15:00:00,59,,,21.0,,
Cuatro Cañadas - Colonia Chihuahua,2026-09-01 15:00:00,62,,,21.0,,
Cuatro Cañadas - Colonia Chihuahua,2026-09-01 15:00:00,71,,,33.0,,
Cuatro Cañadas - Colonia Chihuahua,2026-09-01 15:00:00,74,,,33.0,,
Cuatro Cañadas - Colonia Chihuahua,2026-09-01 15:00:00,77,,,30.0,,
Cuatro Cañadas - Colonia Chihuahua,2026-09-01 15:00:00,80,,,25.0,,
Cuatro Cañadas - Colonia Chihuahua,2026-09-01 15:00:00,83,,,19.0,,
Cuatro Cañadas - Colonia Chihuahua,2026-09-01 15:00:00,86,,,20.0,,
Cuatro Cañadas - Colonia Chihuahua,2026-09-01 15:00:00,89,,,24.0,,
Cuatro Cañadas - Colonia Chihuahua,2026-09-01 15:00:00,92,,,28.0,,
Cuatro Cañadas - Colonia Chihuahua,2026-09-01 15:00:00,95,,,30.0,,
Cuatro Cañadas - Colonia Chihuahua,2026-09-01 15:00:00,98,,,30.0,,
Cuatro Cañadas - Colonia Chihuahua,2026-09-01 15:00:00,101,,,27.0,,
Cuatro Cañadas - Colonia Chihuahua,2026-09-01 15:00:00,104,,,25.0,,
Cuatro Cañadas - Colonia Chihuahua,2026-09-02 10:00:00,28,26.0,,,,
Cuatro Cañadas - Colonia Chihuahua,2026-09-02 10:00:00,31,26.0,,,,
Cuatro Cañadas - Colonia Chihuahua,2026-09-02 10:00:00,40,26.0,,,,
Cuatro Cañadas - Colonia Chihuahua,2026-09-02 10:00:00,88,56.0,,,,
Cuatro Cañadas - Colonia Chihuahua,2026-09-02 10:00:00,91,56.0,0.0,23.0,6.6,170.0
Cuatro Cañadas - Colonia Chihuahua,2026-09-02 10:00:00,94,56.0,0.0,22.0,6.8,160.0
Cuatro Cañadas - Colonia Chihuahua,2026-09-02 10:00:00,97,56.0,0.0,24.0,6.1,167.0
Cuatro Cañadas - Colonia Chihuahua,2026-09-02 10:00:00,100,56.0,0.0,27.0,5.6,167.0
Cuatro Cañadas - Colonia Chihuahua,2026-09-02 10:00:00,103,56.0,0.0,24.0,4.7,164.0
Cuatro Cañadas - Colonia Chihuahua,2026-09-02 10:00:00,106,56.0,0.0,22.0,3.8,157.0
Cuatro Cañadas - Colonia Chihuahua,2026-09-02 10:00:00,109,56.0,0.0,20.0,4.2,157.0
Cuatro Cañadas - Colonia Chihuahua,2026-09-02 10:00:00,112,56.0,0.0,19.0,4.4,150.0
Cuatro Cañadas - Colonia Chihuahua,2026-09-02 15:00:00,11,,,19.0,,
Cuatro Cañadas - Colonia Chihuahua,2026-09-02 15:00:00,14,,,19.0,,
Cuatro Cañadas - Colonia Chihuahua,2026-09-02 15:00:00,35,,,20.0,,
Cuatro Cañadas - Colonia Chihuahua,2026-09-02 15:00:00,38,,,20.0,,
Cuatro Cañadas - Colonia Chihuahua,2026-09-02 15:00:00,59,,,21.0,,
Cuatro Cañadas - Colonia Chihuahua,2026-09-02 15:00:00,62,,,21.0,,
Cuatro Cañadas - Colonia Chihuahua,2026-09-02 15:00:00,68,,,27.0,,
Cuatro Cañadas - Colonia Chihuahua,2026-09-02 15:00:00,71,,,31.0,,
Cuatro Cañadas - Colonia Chihuahua,2026-09-02 15:00:00,74,,,31.0,,
Cuatro Cañadas - Colonia Chihuahua,2026-09-02 15:00:00,83,,,18.0,,
Cuatro Cañadas - Colonia Chihuahua,2026-09-02 15:00:00,86,,,18.0,,
Cuatro Cañadas - Colonia Chihuahua,2026-09-02 15:00:00,95,,,26.0,,
Cuatro Cañadas - Colonia Chihuahua,2026-09-02 15:00:00,98,,,26.0,,
Cuatro Cañadas - Colonia Chihuahua,2026-09-02 15:00:00,101,,,24.0,,
Cuatro Cañadas CEA-2,2026-08-31 13:00:00,1,56.0,0.0,35.0,6.1,317.0
Cuatro Cañadas CEA-2,2026-08-31 13:00:00,4,56.0,0.0,35.0,3.9,329.0
Cuatro Cañadas CEA-2,2026-08-31 13:00:00,7,89.0,1.4,29.0,1.8,339.0
Cuatro Cañadas CEA-2,2026-08-31 13:00:00,10,89.0,1.0,23.0,4.1,259.0
Cuatro Cañadas CEA-2,2026-08-31 13:00:00,13,89.0,2.5,22.0,6.4,170.0
Cuatro Cañadas CEA-2,2026-08-31 13:00:00,16,89.0,2.5,22.0,6.7,160.0
Cuatro Cañadas CEA-2,2026-08-31 13:00:00,19,89.0,2.5,24.0,6.0,150.0
Cuatro Cañadas CEA-2,2026-08-31 13:00:00,22,89.0,2.5,28.0,5.9,160.0
Cuatro Cañadas CEA-2,2026-08-31 13:00:00,25,57.0,0.0,31.0,5.8,170.0
Cuatro Cañadas CEA-2,2026-08-31 13:00:00,28,57.0,0.0,31.0,4.3,160.0
Cuatro Cañadas CEA-2,2026-08-31 13:00:00,31,37.0,0.0,26.0,2.8,150.0
Cuatro Cañadas CEA-2,2026-08-31 13:00:00,34,36.0,0.0,23.0,3.2,160.0
Cuatro Cañadas CEA-2,2026-08-31 13:00:00,37,56.0,0.0,22.0,3.5,160.0
Cuatro Cañadas CEA-2,2026-08-31 13:00:00,40,56.0,0.0,22.0,3.2,160.0
Cuatro Cañadas CEA-2,2026-08-31 13:00:00,43,56.0,0.0,23.0,3.6,152.0
Cuatro Cañadas CEA-2,2026-08-31 13:00:00,46,56.0,0.0,27.0,2.2,140.0
Cuatro Cañadas CEA-2,2026-08-31 13:00:00,49,36.0,0.0,32.0,0.7,127.0
Cuatro Cañadas CEA-2,2026-08-31 13:00:00,52,36.0,0.0,32.0,1.2,167.0
Cuatro Cañadas CEA-2,2026-08-31 13:00:00,55,27.0,0.0,26.0,1.7,199.0
Cuatro Cañadas CEA-2,2026-08-31 13:00:00,58,26.0,0.0,24.0,1.6,179.0
Cuatro Cañadas CEA-2,2026-08-31 13:00:00,61,27.0,0.0,22.0,1.5,149.0
Cuatro Cañadas CEA-2,2026-08-31 13:00:00,64,26.0,0.0,22.0,2.3,338.0
Cuatro Cañadas CEA-2,2026-08-31 13:00:00,67,26.0,0.0,23.0,3.0,340.0
Cuatro Cañadas CEA-2,2026-08-31 13:00:00,70,27.0,0.0,26.0,5.3,330.0
Cuatro Cañadas CEA-2,2026-08-31 13:00:00,73,35.0,0.0,35.0,7.5,320.0
Cuatro Cañadas CEA-2,2026-08-31 13:00:00,76,36.0,0.0,35.0,5.5,338.0
Cuatro Cañadas CEA-2,2026-08-31 13:00:00,79,26.0,0.0,26.0,3.6,348.0
Cuatro Cañadas CEA-2,2026-08-31 13:00:00,82,26.0,0.0,24.0,3.0,347.0
Cuatro Cañadas CEA-2,2026-08-31 13:00:00,85,36.0,0.0,22.0,2.3,337.0
Cuatro Cañadas CEA-2,2026-08-31 13:00:00,88,36.0,0.0,22.0,3.2,330.0
Cuatro Cañadas CEA-2,2026-08-31 13:00:00,91,36.0,0.0,27.0,3.7,330.0
Cuatro Cañadas CEA-2,2026-08-31 13:00:00,94,57.0,0.0,29.0,5.1,330.0
Cuatro Cañadas CEA-2,2026-08-31 13:00:00,97,56.0,0.0,35.0,6.4,320.0
Cuatro Cañadas CEA-2,2026-08-31 13:00:00,100,55.0,0.0,35.0,5.6,330.0
Cuatro Cañadas CEA-2,2026-08-31 13:00:00,103,56.0,0.0,30.0,4.7,338.0
Cuatro Cañadas CEA-2,2026-08-31 13:00:00,106,56.0,0.0,22.0,3.3,337.0
Cuatro Cañadas CEA-2,2026-08-31 13:00:00,109,36.0,0.0,22.0,1.8,327.0
Cuatro Cañadas CEA-2,2026-09-01 11:00:00,18,55.0,,,,
Cuatro Cañadas CEA-2,2026-09-01 11:00:00,24,55.0,,,,
Cuatro Cañadas CEA-2,2026-09-01 11:00:00,33,25.0,,,,
Cuatro Cañadas CEA-2,2026-09-01 11:00:00,36,25.0,,,,
Cuatro Cañadas CEA-2,2026-09-01 11:00:00,39,25.0,,,,
Cuatro Cañadas CEA-2,2026-09-01 11:00:00,90,36.0,0.0,28.0,5.1,170.0
Cuatro Cañadas CEA-2,2026-09-01 11:00:00,93,36.0,0.0,27.0,5.9,170.0
Cuatro Cañadas CEA-2,2026-09-01 11:00:00,96,36.0,0.0,32.0,4.3,168.0
Cuatro Cañadas CEA-2,2026-09-01 11:00:00,99,36.0,0.0,37.0,2.7,158.0
Cuatro Cañadas CEA-2,2026-09-01 11:00:00,102,36.0,0.0,33.0,5.0,168.0
Cuatro Cañadas CEA-2,2026-09-01 11:00:00,105,36.0,0.0,30.0,7.3,168.0
Cuatro Cañadas CEA-2,2026-09-01 11:00:00,108,36.0,0.0,26.0,7.7,170.0
Cuatro Cañadas CEA-2,2026-09-01 11:00:00,111,36.0,0.0,21.0,8.1,170.0
Cuatro Cañadas CEA-2,2026-09-01 15:00:00,95,,,36.0,,
Cuatro Cañadas CEA-2,2026-09-02 10:00:00,16,26.0,,,,
Cuatro Cañadas CEA-2,2026-09-02 10:00:00,28,26.0,,,,
Cuatro Cañadas CEA-2,2026-09-02 10:00:00,31,26.0,,,,
Cuatro Cañadas CEA-2,2026-09-02 10:00:00,40,26.0,,,,
Cuatro Cañadas CEA-2,2026-09-02 10:00:00,88,56.0,,,,
Cuatro Cañadas CEA-2,2026-09-02 10:00:00,91,56.0,0.0,24.0,6.7,168.0
Cuatro Cañadas CEA-2,2026-09-02 10:00:00,94,56.0,0.0,22.0,6.7,160.0
Cuatro Cañadas CEA-2,2026-09-02 10:00:00,97,56.0,0.0,25.0,6.4,160.0
Cuatro Cañadas CEA-2,2026-09-02 10:00:00,100,56.0,0.0,27.0,6.1,160.0
Cuatro Cañadas CEA-2,2026-09-02 10:00:00,103,55.0,0.0,25.0,5.5,160.0
Cuatro Cañadas CEA-2,2026-09-02 10:00:00,106,56.0,0.0,24.0,4.9,150.0
Cuatro Cañadas CEA-2,2026-09-02 10:00:00,109,56.0,0.0,22.0,4.8,160.0
Cuatro Cañadas CEA-2,2026-09-02 10:00:00,112,56.0,0.0,20.0,4.8,160.0
Cuatro Cañadas CEA-2,2026-09-02 15:00:00,11,,,20.0,,
Cuatro Cañadas CEA-2,2026-09-02 15:00:00,14,,,20.0,,
Cuatro Cañadas CEA-2,2026-09-02 15:00:00,23,,,33.0,,
Cuatro Cañadas CEA-2,2026-09-02 15:00:00,26,,,33.0,,
Cuatro Cañadas CEA-2,2026-09-02 15:00:00,29,,,27.0,,
Cuatro Cañadas CEA-2,2026-09-02 15:00:00,35,,,21.0,,
Cuatro Cañadas CEA-2,2026-09-02 15:00:00,38,,,21.0,,
Cuatro Cañadas CEA-2,2026-09-02 15:00:00,47,,,33.0,,
Cuatro Cañadas CEA-2,2026-09-02 15:00:00,50,,,33.0,,
Cuatro Cañadas CEA-2,2026-09-02 15:00:00,56,,,25.0,,
Cuatro Cañadas CEA-2,2026-09-02 15:00:00,62,,,22.0,,
Cuatro Cañadas CEA-2,2026-09-02 15:00:00,65,,,25.0,,
Cuatro Cañadas CEA-2,2026-09-02 15:00:00,68,,,28.0,,
Cuatro Cañadas CEA-2,2026-09-02 15:00:00,71,,,31.0,,
Cuatro Cañadas CEA-2,2026-09-02 15:00:00,74,,,31.0,,
Cuatro Cañadas CEA-2,2026-09-02 15:00:00,77,,,27.0,,
Cuatro Cañadas CEA-2,2026-09-02 15:00:00,80,,,24.0,,
Cuatro Cañadas CEA-2,2026-09-02 15:00:00,83,,,19.0,,
Cuatro Cañadas CEA-2,2026-09-02 15:00:00,86,,,19.0,,
Cuatro Cañadas CEA-2,2026-09-02 15:00:00,92,,,24.0,,
Cuatro Cañadas CEA-2,2026-09-02 15:00:00,95,,,26.0,,
Cuatro Cañadas CEA-2,2026-09-02 15:00:00,98,,,26.0,,
Desaguadero_M,2026-08-31 13:00:00,1,26.0,0.0,16.0,5.4,346.0
Desaguadero_M,2026-08-31 13:00:00,4,26.0,0.0,16.0,3.7,9.0
Desaguadero_M,2026-08-31 13:00:00,7,26.0,0.0,10.0,2.0,29.0
Desaguadero_M,2026-08-31 13:00:00,10,26.0,0.0,5.0,2.0,61.0
Desaguadero_M,2026-08-31 13:00:00,13,26.0,0.0,-3.0,2.0,86.0
Desaguadero_M,2026-08-31 13:00:00,16,26.0,0.0,-3.0,2.5,51.0
Desaguadero_M,2026-08-31 13:00:00,19,26.0,0.0,3.0,2.4,44.0
Desaguadero_M,2026-08-31 13:00:00,22,26.0,0.0,8.0,4.4,10.0
Desaguadero_M,2026-08-31 13:00:00,25,26.0,0.0,17.0,6.3,333.0
Desaguadero_M,2026-08-31 13:00:00,28,25.0,0.0,17.0,5.2,8.0
Desaguadero_M,2026-08-31 13:00:00,31,26.0,0.0,10.0,4.1,35.0
Desaguadero_M,2026-08-31 13:00:00,34,26.0,0.0,4.0,3.3,20.0
Desaguadero_M,2026-08-31 13:00:00,37,26.0,0.0,-4.0,2.5,3.0
Desaguadero_M,2026-08-31 13:00:00,40,26.0,0.0,-4.0,2.5,348.0
Desaguadero_M,2026-08-31 13:00:00,43,27.0,0.0,7.0,2.2,338.0
Desaguadero_M,2026-08-31 13:00:00,46,26.0,0.0,12.0,3.8,350.0
Desaguadero_M,2026-08-31 13:00:00,49,36.0,0.0,16.0,5.4,355.0
Desaguadero_M,2026-08-31 13:00:00,52,36.0,0.0,16.0,3.6,12.0
Desaguadero_M,2026-08-31 13:00:00,55,26.0,0.0,11.0,1.8,22.0
Desaguadero_M,2026-08-31 13:00:00,58,26.0,0.0,5.0,1.7,11.0
Desaguadero_M,2026-08-31 13:00:00,61,36.0,0.0,-3.0,1.6,354.0
Desaguadero_M,2026-08-31 13:00:00,64,36.0,0.0,-3.0,1.2,5.0
Desaguadero_M,2026-08-31 13:00:00,67,36.0,0.0,4.0,1.2,5.0
Desaguadero_M,2026-08-31 13:00:00,70,36.0,0.0,9.0,3.4,0.0
Desaguadero_M,2026-08-31 13:00:00,73,75.0,1.7,16.0,5.6,353.0
Desaguadero_M,2026-08-31 13:00:00,76,76.0,2.5,16.0,4.5,13.0
Desaguadero_M,2026-08-31 13:00:00,79,37.0,0.0,8.0,3.5,23.0
Desaguadero_M,2026-08-31 13:00:00,82,36.0,0.0,-1.0,2.6,30.0
Desaguadero_M,2026-08-31 13:00:00,85,36.0,0.0,-4.0,1.7,35.0
Desaguadero_M,2026-08-31 13:00:00,88,36.0,0.0,-5.0,2.1,52.0
Desaguadero_M,2026-08-31 13:00:00,91,36.0,0.0,7.0,1.9,54.0
Desaguadero_M,2026-08-31 13:00:00,94,36.0,0.0,11.0,4.2,22.0
Desaguadero_M,2026-08-31 13:00:00,97,56.0,0.0,16.0,6.6,346.0
Desaguadero_M,2026-08-31 13:00:00,100,56.0,0.0,16.0,5.2,353.0
Desaguadero_M,2026-08-31 13:00:00,103,56.0,0.0,10.0,3.8,353.0
Desaguadero_M,2026-08-31 13:00:00,106,56.0,0.0,-5.0,3.2,39.0
Desaguadero_M,2026-08-31 13:00:00,109,36.0,0.0,-5.0,2.5,83.0
Desaguadero_M,2026-09-01 11:00:00,87,37.0,,,,
Desaguadero_M,2026-09-01 11:00:00,90,36.0,0.0,7.0,2.8,350.0
Desaguadero_M,2026-09-01 11:00:00,93,36.0,0.0,7.0,2.8,58.0
Desaguadero_M,2026-09-01 11:00:00,96,36.0,0.0,10.0,4.3,22.0
Desaguadero_M,2026-09-01 11:00:00,99,56.0,0.0,13.0,5.8,335.0
Desaguadero_M,2026-09-01 11:00:00,102,56.0,0.0,10.0,4.9,293.0
Desaguadero_M,2026-09-01 11:00:00,105,56.0,0.0,7.0,3.9,244.0
Desaguadero_M,2026-09-01 11:00:00,108,56.0,0.0,6.0,3.9,321.0
Desaguadero_M,2026-09-01 11:00:00,111,56.0,0.0,6.0,3.9,37.0
Desaguadero_M,2026-09-01 15:00:00,35,,,-6.0,,
Desaguadero_M,2026-09-01 15:00:00,38,,,-6.0,,
Desaguadero_M,2026-09-01 15:00:00,41,,,2.0,,
Desaguadero_M,2026-09-01 15:00:00,47,,,17.0,,
Desaguadero_M,2026-09-01 15:00:00,50,,,17.0,,
Desaguadero_M,2026-09-01 15:00:00,56,,,2.0,,
Desaguadero_M,2026-09-01 15:00:00,59,,,-5.0,,
Desaguadero_M,2026-09-01 15:00:00,65,,,5.0,,
Desaguadero_M,2026-09-01 15:00:00,71,,,15.0,,
Desaguadero_M,2026-09-01 15:00:00,74,,,15.0,,
Desaguadero_M,2026-09-01 15:00:00,80,,,2.0,,
Desaguadero_M,2026-09-01 15:00:00,86,,,-5.0,,
Desaguadero_M,2026-09-01 15:00:00,89,,,2.0,,
Desaguadero_M,2026-09-01 15:00:00,92,,,7.0,,
Desaguadero_M,2026-09-01 15:00:00,95,,,15.0,,
Desaguadero_M,2026-09-01 15:00:00,98,,,15.0,,
Desaguadero_M,2026-09-01 15:00:00,101,,,11.0,,
Desaguadero_M,2026-09-01 15:00:00,104,,,5.0,,
Desaguadero_M,2026-09-01 15:00:00,107,,,-1.0,,
Desaguadero_M,2026-09-02 10:00:00,16,26.0,,,,
Desaguadero_M,2026-09-02 10:00:00,19,26.0,,,,
Desaguadero_M,2026-09-02 10:00:00,22,26.0,,,,
Desaguadero_M,2026-09-02 10:00:00,25,26.0,,,,
Desaguadero_M,2026-09-02 10:00:00,28,36.0,0.0,,,
Desaguadero_M,2026-09-02 10:00:00,31,36.0,0.0,,,
Desaguadero_M,2026-09-02 10:00:00,34,36.0,,,,
Desaguadero_M,2026-09-02 10:00:00,88,35.0,,,,
Desaguadero_M,2026-09-02 10:00:00,91,36.0,0.0,6.0,2.2,350.0
Desaguadero_M,2026-09-02 10:00:00,94,36.0,0.0,6.0,2.2,357.0
Desaguadero_M,2026-09-02 10:00:00,97,36.0,0.0,10.0,3.9,355.0
Desaguadero_M,2026-09-02 10:00:00,100,76.0,1.6,13.0,5.5,348.0
Desaguadero_M,2026-09-02 10:00:00,103,77.0,2.0,11.0,4.5,319.0
Desaguadero_M,2026-09-02 10:00:00,106,76.0,2.7,9.0,3.5,287.0
Desaguadero_M,2026-09-02 10:00:00,109,76.0,1.5,8.0,2.5,340.0
Desaguadero_M,2026-09-02 10:00:00,112,76.0,2.0,7.0,1.4,33.0
Desaguadero_M,2026-09-02 15:00:00,8,,,6.0,,
Desaguadero_M,2026-09-02 15:00:00,11,,,3.0,,
Desaguadero_M,2026-09-02 15:00:00,14,,,3.0,,
Desaguadero_M,2026-09-02 15:00:00,17,,,7.0,,
Desaguadero_M,2026-09-02 15:00:00,29,,,9.0,,
Desaguadero_M,2026-09-02 15:00:00,32,,,6.0,,
Desaguadero_M,2026-09-02 15:00:00,35,,,2.0,,
Desaguadero_M,2026-09-02 15:00:00,38,,,2.0,,
Desaguadero_M,2026-09-02 15:00:00,53,,,9.0,,
Desaguadero_M,2026-09-02 15:00:00,56,,,7.0,,
Desaguadero_M,2026-09-02 15:00:00,59,,,3.0,,
Desaguadero_M,2026-09-02 15:00:00,62,,,3.0,,
Desaguadero_M,2026-09-02 15:00:00,65,,,6.0,,
Desaguadero_M,2026-09-02 15:00:00,83,,,1.0,,
Desaguadero_M,2026-09-02 15:00:00,86,,,2.0,,
Desaguadero_M,2026-09-02 15:00:00,98,,,13.0,,
Desaguadero_M,2026-09-02 15:00:00,101,,,10.0,,
Desaguadero_M,2026-09-02 15:00:00,107,,,5.0,,
El Alto,2026-08-31 13:00:00,1,26.0,0.0,18.0,5.4,294.0
El Alto,2026-08-31 13:00:00,4,26.0,0.0,18.0,4.1,11.0
El Alto,2026-08-31 13:00:00,7,25.0,0.0,9.0,2.8,83.0
El Alto,2026-08-31 13:00:00,10,26.0,0.0,3.0,2.7,83.0
El Alto,2026-08-31 13:00:00,13,26.0,0.0,0.0,2.5,81.0
El Alto,2026-08-31 13:00:00,16,26.0,0.0,0.0,3.0,53.0
El Alto,2026-08-31 13:00:00,19,26.0,0.0,4.0,3.2,40.0
El Alto,2026-08-31 13:00:00,22,26.0,0.0,10.0,2.8,13.0
El Alto,2026-08-31 13:00:00,25,25.0,0.0,18.0,2.5,342.0
El Alto,2026-08-31 13:00:00,28,26.0,0.0,18.0,2.7,11.0
El Alto,2026-08-31 13:00:00,31,26.0,0.0,11.0,3.0,38.0
El Alto,2026-08-31 13:00:00,34,26.0,0.0,6.0,2.6,48.0
El Alto,2026-08-31 13:00:00,37,26.0,0.0,-1.0,2.2,48.0
El Alto,2026-08-31 13:00:00,40,26.0,0.0,-1.0,1.5,3.0
El Alto,2026-08-31 13:00:00,43,26.0,0.0,6.0,1.1,313.0
El Alto,2026-08-31 13:00:00,46,26.0,0.0,11.0,2.8,282.0
El Alto,2026-08-31 13:00:00,49,36.0,0.0,17.0,4.5,246.0
El Alto,2026-08-31 13:00:00,52,36.0,0.0,17.0,3.8,198.0
El Alto,2026-08-31 13:00:00,55,26.0,0.0,10.0,3.1,75.0
El Alto,2026-08-31 13:00:00,58,26.0,0.0,5.0,2.3,85.0
El Alto,2026-08-31 13:00:00,61,36.0,0.0,0.0,1.4,92.0
El Alto,2026-08-31 13:00:00,64,36.0,0.0,0.0,0.7,231.0
El Alto,2026-08-31 13:00:00,67,36.0,0.0,6.0,0.7,282.0
El Alto,2026-08-31 13:00:00,70,36.0,0.0,11.0,1.8,212.0
El Alto,2026-08-31 13:00:00,73,76.0,2.1,18.0,2.8,136.0
El Alto,2026-08-31 13:00:00,76,76.0,0.7,18.0,3.7,97.0
El Alto,2026-08-31 13:00:00,79,36.0,0.0,9.0,4.5,50.0
El Alto,2026-08-31 13:00:00,82,35.0,0.0,2.0,2.6,14.0
El Alto,2026-08-31 13:00:00,85,36.0,0.0,-1.0,0.7,333.0
El Alto,2026-08-31 13:00:00,88,36.0,0.0,-1.0,1.5,45.0
El Alto,2026-08-31 13:00:00,91,36.0,0.0,7.0,1.7,91.0
El Alto,2026-08-31 13:00:00,94,36.0,0.0,10.0,2.5,56.0
El Alto,2026-08-31 13:00:00,97,56.0,0.0,17.0,3.3,19.0
El Alto,2026-08-31 13:00:00,100,56.0,0.0,17.0,3.9,42.0
El Alto,2026-08-31 13:00:00,103,56.0,0.0,7.0,4.4,56.0
El Alto,2026-08-31 13:00:00,106,56.0,0.0,-2.0,3.1,64.0
El Alto,2026-08-31 13:00:00,109,36.0,0.0,-2.0,1.8,64.0
El Alto,2026-09-01 11:00:00,90,36.0,0.0,5.0,2.2,61.0
El Alto,2026-09-01 11:00:00,93,36.0,0.0,5.0,2.8,77.0
El Alto,2026-09-01 11:00:00,96,36.0,0.0,7.0,2.6,64.0
El Alto,2026-09-01 11:00:00,99,56.0,0.0,9.0,2.5,48.0
El Alto,2026-09-01 11:00:00,102,56.0,0.0,8.0,2.8,50.0
El Alto,2026-09-01 11:00:00,105,55.0,0.0,6.0,3.2,47.0
El Alto,2026-09-01 11:00:00,108,56.0,0.0,5.0,2.4,358.0
El Alto,2026-09-01 11:00:00,111,56.0,0.0,4.0,1.7,306.0
El Alto,2026-09-01 15:00:00,35,,,-2.0,,
El Alto,2026-09-01 15:00:00,38,,,-2.0,,
El Alto,2026-09-01 15:00:00,41,,,4.0,,
El Alto,2026-09-01 15:00:00,44,,,10.0,,
El Alto,2026-09-01 15:00:00,53,,,11.0,,
El Alto,2026-09-01 15:00:00,56,,,6.0,,
El Alto,2026-09-01 15:00:00,68,,,11.0,,
El Alto,2026-09-01 15:00:00,77,,,8.0,,
El Alto,2026-09-01 15:00:00,80,,,4.0,,
El Alto,2026-09-01 15:00:00,83,,,-1.0,,
El Alto,2026-09-01 15:00:00,86,,,-2.0,,
El Alto,2026-09-01 15:00:00,89,,,4.0,,
El Alto,2026-09-01 15:00:00,92,,,9.0,,
El Alto,2026-09-01 15:00:00,95,,,17.0,,
El Alto,2026-09-01 15:00:00,98,,,17.0,,
El Alto,2026-09-01 15:00:00,101,,,11.0,,
El Alto,2026-09-01 15:00:00,104,,,7.0,,
El Alto,2026-09-01 15:00:00,107,,,3.0,,
El Alto,2026-09-02 10:00:00,16,26.0,,,,
El Alto,2026-09-02 10:00:00,19,26.0,,,,
El Alto,2026-09-02 10:00:00,22,26.0,,,,
El Alto,2026-09-02 10:00:00,25,26.0,,,,
El Alto,2026-09-02 10:00:00,28,36.0,0.0,,,
El Alto,2026-09-02 10:00:00,31,36.0,0.0,,,
El Alto,2026-09-02 10:00:00,34,35.0,,,,
El Alto,2026-09-02 10:00:00,37,36.0,,,,
El Alto,2026-09-02 10:00:00,88,36.0,,,,
El Alto,2026-09-02 10:00:00,91,36.0,0.0,5.0,1.4,30.0
El Alto,2026-09-02 10:00:00,94,36.0,0.0,5.0,0.9,339.0
El Alto,2026-09-02 10:00:00,97,36.0,0.0,8.0,2.1,336.0
El Alto,2026-09-02 10:00:00,100,76.0,1.8,11.0,3.2,331.0
El Alto,2026-09-02 10:00:00,103,76.0,1.5,9.0,3.1,13.0
El Alto,2026-09-02 10:00:00,106,76.0,1.5,6.0,3.0,53.0
El Alto,2026-09-02 10:00:00,109,76.0,2.2,6.0,2.5,73.0
El Alto,2026-09-02 10:00:00,112,76.0,2.4,6.0,1.9,88.0
El Alto,2026-09-02 15:00:00,8,,,6.0,,
El Alto,2026-09-02 15:00:00,11,,,2.0,,
El Alto,2026-09-02 15:00:00,14,,,2.0,,
El Alto,2026-09-02 15:00:00,17,,,5.0,,
El Alto,2026-09-02 15:00:00,23,,,16.0,,
El Alto,2026-09-02 15:00:00,26,,,16.0,,
El Alto,2026-09-02 15:00:00,35,,,2.0,,
El Alto,2026-09-02 15:00:00,38,,,2.0,,
El Alto,2026-09-02 15:00:00,47,,,16.0,,
El Alto,2026-09-02 15:00:00,50,,,16.0,,
El Alto,2026-09-02 15:00:00,53,,,9.0,,
El Alto,2026-09-02 15:00:00,56,,,5.0,,
El Alto,2026-09-02 15:00:00,59,,,1.0,,
El Alto,2026-09-02 15:00:00,62,,,1.0,,
El Alto,2026-09-02 15:00:00,68,,,10.0,,
El Alto,2026-09-02 15:00:00,71,,,15.0,,
El Alto,2026-09-02 15:00:00,74,,,15.0,,
El Alto,2026-09-02 15:00:00,83,,,1.0,,
El Alto,2026-09-02 15:00:00,86,,,0.0,,
El Alto,2026-09-02 15:00:00,95,,,13.0,,
El Alto,2026-09-02 15:00:00,98,,,13.0,,
El Alto,2026-09-02 15:00:00,101,,,9.0,,
El Alto,2026-09-02 15:00:00,107,,,4.0,,
El Puente,2026-08-31 13:00:00,1,56.0,0.0,35.0,4.3,310.0
El Puente,2026-08-31 13:00:00,4,56.0,0.0,35.0,3.0,330.0
El Puente,2026-08-31 13:00:00,7,89.0,1.3,29.0,1.7,344.0
El Puente,2026-08-31 13:00:00,10,89.0,1.5,23.0,1.8,264.0
El Puente,2026-08-31 13:00:00,13,89.0,1.1,22.0,1.9,176.0
El Puente,2026-08-31 13:00:00,16,89.0,1.5,22.0,5.0,149.0
El Puente,2026-08-31 13:00:00,19,89.0,1.6,24.0,5.0,149.0
El Puente,2026-08-31 13:00:00,22,89.0,1.4,26.0,4.0,150.0
El Puente,2026-08-31 13:00:00,25,56.0,0.0,31.0,3.0,150.0
El Puente,2026-08-31 13:00:00,28,56.0,0.0,31.0,3.0,159.0
El Puente,2026-08-31 13:00:00,31,36.0,0.0,26.0,3.1,159.0
El Puente,2026-08-31 13:00:00,34,36.0,0.0,23.0,3.1,159.0
El Puente,2026-08-31 13:00:00,37,56.0,0.0,21.0,3.1,149.0
El Puente,2026-08-31 13:00:00,40,56.0,0.0,21.0,3.2,140.0
El Puente,2026-08-31 13:00:00,43,57.0,0.0,24.0,3.1,140.0
El Puente,2026-08-31 13:00:00,46,56.0,0.0,28.0,1.9,150.0
El Puente,2026-08-31 13:00:00,49,36.0,0.0,32.0,0.6,158.0
El Puente,2026-08-31 13:00:00,52,36.0,0.0,32.0,0.8,190.0
El Puente,2026-08-31 13:00:00,55,26.0,0.0,28.0,0.9,220.0
El Puente,2026-08-31 13:00:00,58,26.0,0.0,23.0,1.1,190.0
El Puente,2026-08-31 13:00:00,61,26.0,0.0,22.0,1.3,150.0
El Puente,2026-08-31 13:00:00,64,26.0,0.0,22.0,0.9,354.0
El Puente,2026-08-31 13:00:00,67,26.0,0.0,26.0,1.2,350.0
El Puente,2026-08-31 13:00:00,70,26.0,0.0,31.0,2.7,340.0
El Puente,2026-08-31 13:00:00,73,36.0,0.0,35.0,4.1,320.0
El Puente,2026-08-31 13:00:00,76,36.0,0.0,35.0,2.8,330.0
El Puente,2026-08-31 13:00:00,79,26.0,0.0,31.0,1.4,340.0
El Puente,2026-08-31 13:00:00,82,26.0,0.0,24.0,1.5,350.0
El Puente,2026-08-31 13:00:00,85,36.0,0.0,22.0,1.6,359.0
El Puente,2026-08-31 13:00:00,88,36.0,0.0,22.0,1.5,9.0
El Puente,2026-08-31 13:00:00,91,36.0,0.0,27.0,1.9,9.0
El Puente,2026-08-31 13:00:00,94,56.0,0.0,30.0,3.1,349.0
El Puente,2026-08-31 13:00:00,97,56.0,0.0,35.0,4.3,320.0
El Puente,2026-08-31 13:00:00,100,56.0,0.0,35.0,3.0,346.0
El Puente,2026-08-31 13:00:00,103,56.0,0.0,30.0,1.7,6.0
El Puente,2026-08-31 13:00:00,106,56.0,0.0,22.0,1.7,14.0
El Puente,2026-08-31 13:00:00,109,35.0,0.0,22.0,1.7,14.0
El Puente,2026-09-01 11:00:00,21,56.0,,,,
El Puente,2026-09-01 11:00:00,87,36.0,,,,
El Puente,2026-09-01 11:00:00,90,36.0,0.0,29.0,2.3,76.0
El Puente,2026-09-01 11:00:00,93,36.0,0.0,29.0,3.0,130.0
El Puente,2026-09-01 11:00:00,96,36.0,0.0,35.0,2.0,78.0
El Puente,2026-09-01 11:00:00,99,36.0,0.0,41.0,1.0,18.0
El Puente,2026-09-01 11:00:00,102,36.0,0.0,35.0,1.0,262.0
El Puente,2026-09-01 11:00:00,105,36.0,0.0,28.0,1.0,200.0
El Puente,2026-09-01 11:00:00,108,35.0,0.0,26.0,3.2,176.0
El Puente,2026-09-01 11:00:00,111,36.0,0.0,23.0,5.5,150.0
El Puente,2026-09-01 15:00:00,11,,,19.0,,
El Puente,2026-09-01 15:00:00,14,,,19.0,,
El Puente,2026-09-01 15:00:00,23,,,30.0,,
El Puente,2026-09-01 15:00:00,26,,,30.0,,
El Puente,2026-09-01 15:00:00,35,,,21.0,,
El Puente,2026-09-01 15:00:00,38,,,21.0,,
El Puente,2026-09-01 15:00:00,47,,,33.0,,
El Puente,2026-09-01 15:00:00,50,,,33.0,,
El Puente,2026-09-01 15:00:00,59,,,21.0,,
El Puente,2026-09-01 15:00:00,62,,,21.0,,
El Puente,2026-09-01 15:00:00,71,,,33.0,,
El Puente,2026-09-01 15:00:00,74,,,33.0,,
El Puente,2026-09-01 15:00:00,83,,,19.0,,
El Puente,2026-09-01 15:00:00,86,,,19.0,,
El Puente,2026-09-01 15:00:00,89,,,23.0,,
El Puente,2026-09-01 15:00:00,92,,,27.0,,
El Puente,2026-09-01 15:00:00,95,,,30.0,,
El Puente,2026-09-01 15:00:00,98,,,30.0,,
El Puente,2026-09-01 15:00:00,104,,,25.0,,
El Puente,2026-09-01 15:00:00,107,,,21.0,,
El Puente,2026-09-02 10:00:00,28,26.0,,,,
El Puente,2026-09-02 10:00:00,31,26.0,,,,
El Puente,2026-09-02 10:00:00,40,26.0,,,,
El Puente,2026-09-02 10:00:00,88,56.0,,,,
El Puente,2026-09-02 10:00:00,91,56.0,0.0,26.0,4.7,149.0
El Puente,2026-09-02 10:00:00,94,56.0,0.0,24.0,4.5,140.0
El Puente,2026-09-02 10:00:00,97,56.0,0.0,26.0,4.4,140.0
El Puente,2026-09-02 10:00:00,100,56.0,0.0,28.0,4.3,140.0
El Puente,2026-09-02 10:00:00,103,56.0,0.0,26.0,3.3,140.0
El Puente,2026-09-02 10:00:00,106,56.0,0.0,23.0,2.1,140.0
El Puente,2026-09-02 10:00:00,109,56.0,0.0,22.0,3.2,149.0
El Puente,2026-09-02 10:00:00,112,56.0,0.0,21.0,4.3,149.0
El Puente,2026-09-02 15:00:00,11,,,20.0,,
El Puente,2026-09-02 15:00:00,14,,,20.0,,
El Puente,2026-09-02 15:00:00,23,,,36.0,,
El Puente,2026-09-02 15:00:00,26,,,36.0,,
El Puente,2026-09-02 15:00:00,35,,,20.0,,
El Puente,2026-09-02 15:00:00,38,,,20.0,,
El Puente,2026-09-02 15:00:00,53,,,29.0,,
El Puente,2026-09-02 15:00:00,56,,,26.0,,
El Puente,2026-09-02 15:00:00,59,,,21.0,,
El Puente,2026-09-02 15:00:00,62,,,21.0,,
El Puente,2026-09-02 15:00:00,65,,,26.0,,
El Puente,2026-09-02 15:00:00,68,,,29.0,,
El Puente,2026-09-02 15:00:00,71,,,33.0,,
El Puente,2026-09-02 15:00:00,74,,,33.0,,
El Puente,2026-09-02 15:00:00,83,,,18.0,,
El Puente,2026-09-02 15:00:00,86,,,18.0,,
El Puente,2026-09-02 15:00:00,89,,,21.0,,
El Puente,2026-09-02 15:00:00,92,,,24.0,,
El Puente,2026-09-02 15:00:00,98,,,28.0,,
El Puente,2026-09-02 15:00:00,101,,,25.0,,
El Puente,2026-09-02 15:00:00,104,,,24.0,,
El Puente,2026-09-02 15:00:00,107,,,20.0,,
El Villar,2026-08-31 13:00:00,1,56.0,0.0,28.0,3.9,57.0
El Villar,2026-08-31 13:00:00,4,55.0,0.0,28.0,2.8,95.0
El Villar,2026-08-31 13:00:00,7,88.0,2.4,23.0,1.6,122.0
El Villar,2026-08-31 13:00:00,10,89.0,1.3,17.0,1.5,105.0
El Villar,2026-08-31 13:00:00,13,57.0,0.0,10.0,1.4,79.0
El Villar,2026-08-31 13:00:00,16,57.0,0.0,10.0,2.2,152.0
El Villar,2026-08-31 13:00:00,19,56.0,0.0,16.0,1.9,160.0
El Villar,2026-08-31 13:00:00,22,56.0,0.0,21.0,1.7,135.0
El Villar,2026-08-31 13:00:00,25,57.0,0.0,26.0,1.4,109.0
El Villar,2026-08-31 13:00:00,28,56.0,0.0,26.0,1.1,119.0
El Villar,2026-08-31 13:00:00,31,37.0,0.0,22.0,0.8,120.0
El Villar,2026-08-31 13:00:00,34,36.0,0.0,18.0,0.9,192.0
El Villar,2026-08-31 13:00:00,37,56.0,0.0,10.0,1.0,280.0
El Villar,2026-08-31 13:00:00,40,26.0,0.0,10.0,0.9,330.0
El Villar,2026-08-31 13:00:00,43,26.0,0.0,17.0,1.0,357.0
El Villar,2026-08-31 13:00:00,46,27.0,0.0,19.0,2.2,42.0
El Villar,2026-08-31 13:00:00,49,26.0,0.0,28.0,3.4,77.0
El Villar,2026-08-31 13:00:00,52,26.0,0.0,28.0,1.9,115.0
El Villar,2026-08-31 13:00:00,55,26.0,0.0,22.0,0.4,280.0
El Villar,2026-08-31 13:00:00,58,26.0,0.0,18.0,1.0,307.0
El Villar,2026-08-31 13:00:00,61,26.0,0.0,12.0,1.6,299.0
El Villar,2026-08-31 13:00:00,64,26.0,0.0,12.0,1.4,291.0
El Villar,2026-08-31 13:00:00,67,26.0,0.0,17.0,1.0,293.0
El Villar,2026-08-31 13:00:00,70,27.0,0.0,23.0,2.3,7.0
El Villar,2026-08-31 13:00:00,73,35.0,0.0,29.0,3.5,72.0
El Villar,2026-08-31 13:00:00,76,36.0,0.0,29.0,2.5,140.0
El Villar,2026-08-31 13:00:00,79,35.0,0.0,19.0,1.5,200.0
El Villar,2026-08-31 13:00:00,82,36.0,0.0,13.0,1.5,225.0
El Villar,2026-08-31 13:00:00,85,56.0,0.0,12.0,1.5,248.0
El Villar,2026-08-31 13:00:00,88,56.0,0.0,12.0,1.1,240.0
El Villar,2026-08-31 13:00:00,91,56.0,0.0,18.0,0.6,152.0
El Villar,2026-08-31 13:00:00,94,56.0,0.0,21.0,1.7,95.0
El Villar,2026-08-31 13:00:00,97,56.0,0.0,27.0,2.8,37.0
El Villar,2026-08-31 13:00:00,100,56.0,0.0,27.0,2.8,332.0
El Villar,2026-08-31 13:00:00,103,56.0,0.0,17.0,2.8,235.0
El Villar,2026-08-31 13:00:00,106,56.0,0.0,12.0,1.6,290.0
El Villar,2026-08-31 13:00:00,109,36.0,0.0,12.0,0.4,335.0
El Villar,2026-09-01 11:00:00,87,37.0,,,,
El Villar,2026-09-01 11:00:00,90,37.0,0.0,13.0,1.1,117.0
El Villar,2026-09-01 11:00:00,93,36.0,0.0,13.0,1.6,109.0
El Villar,2026-09-01 11:00:00,96,36.0,0.0,16.0,2.7,105.0
El Villar,2026-09-01 11:00:00,99,56.0,0.0,18.0,3.8,97.0
El Villar,2026-09-01 11:00:00,102,56.0,0.0,14.0,3.1,115.0
El Villar,2026-09-01 11:00:00,105,56.0,0.0,10.0,2.3,125.0
El Villar,2026-09-01 11:00:00,108,56.0,0.0,8.0,2.4,135.0
El Villar,2026-09-01 11:00:00,111,56.0,0.0,6.0,2.6,145.0
El Villar,2026-09-01 15:00:00,17,,,15.0,,
El Villar,2026-09-01 15:00:00,23,,,25.0,,
El Villar,2026-09-01 15:00:00,26,,,25.0,,
El Villar,2026-09-01 15:00:00,29,,,20.0,,
El Villar,2026-09-01 15:00:00,32,,,16.0,,
El Villar,2026-09-01 15:00:00,35,,,11.0,,
El Villar,2026-09-01 15:00:00,38,,,11.0,,
El Villar,2026-09-01 15:00:00,41,,,16.0,,
El Villar,2026-09-01 15:00:00,44,,,22.0,,
El Villar,2026-09-01 15:00:00,47,,,26.0,,
El Villar,2026-09-01 15:00:00,50,,,27.0,,
El Villar,2026-09-01 15:00:00,53,,,21.0,,
El Villar,2026-09-01 15:00:00,56,,,16.0,,
El Villar,2026-09-01 15:00:00,59,,,11.0,,
El Villar,2026-09-01 15:00:00,62,,,11.0,,
El Villar,2026-09-01 15:00:00,65,,,16.0,,
El Villar,2026-09-01 15:00:00,68,,,20.0,,
El Villar,2026-09-01 15:00:00,71,,,25.0,,
El Villar,2026-09-01 15:00:00,74,,,25.0,,
El Villar,2026-09-01 15:00:00,77,,,19.0,,
El Villar,2026-09-01 15:00:00,80,,,15.0,,
El Villar,2026-09-01 15:00:00,83,,,10.0,,
El Villar,2026-09-01 15:00:00,86,,,10.0,,
El Villar,2026-09-01 15:00:00,89,,,15.0,,
El Villar,2026-09-01 15:00:00,92,,,19.0,,
El Villar,2026-09-01 15:00:00,95,,,23.0,,
El Villar,2026-09-01 15:00:00,98,,,23.0,,
El Villar,2026-09-01 15:00:00,101,,,20.0,,
El Villar,2026-09-01 15:00:00,104,,,17.0,,
El Villar,2026-09-01 15:00:00,107,,,14.0,,
El Villar,2026-09-02 10:00:00,25,26.0,,,,
El Villar,2026-09-02 10:00:00,28,26.0,,,,
El Villar,2026-09-02 10:00:00,31,26.0,,,,
El Villar,2026-09-02 10:00:00,34,26.0,,,,
El Villar,2026-09-02 10:00:00,37,26.0,,,,
El Villar,2026-09-02 10:00:00,40,26.0,,,,
El Villar,2026-09-02 10:00:00,91,56.0,0.0,8.0,2.0,134.0
El Villar,2026-09-02 10:00:00,94,56.0,0.0,8.0,1.9,124.0
El Villar,2026-09-02 10:00:00,97,56.0,0.0,12.0,2.5,107.0
El Villar,2026-09-02 10:00:00,100,56.0,0.0,16.0,3.1,80.0
El Villar,2026-09-02 10:00:00,103,56.0,0.0,12.0,2.5,97.0
El Villar,2026-09-02 10:00:00,106,56.0,0.0,9.0,1.9,107.0
El Villar,2026-09-02 10:00:00,109,56.0,0.0,6.0,1.3,110.0
El Villar,2026-09-02 10:00:00,112,57.0,0.0,4.0,0.7,110.0
El Villar,2026-09-02 15:00:00,23,,,28.0,,
El Villar,2026-09-02 15:00:00,26,,,28.0,,
El Villar,2026-09-02 15:00:00,59,,,8.0,,
El Villar,2026-09-02 15:00:00,62,,,8.0,,
El Villar,2026-09-02 15:00:00,65,,,10.0,,
El Villar,2026-09-02 15:00:00,68,,,13.0,,
El Villar,2026-09-02 15:00:00,71,,,17.0,,
El Villar,2026-09-02 15:00:00,74,,,17.0,,
El Villar,2026-09-02 15:00:00,77,,,12.0,,
El Villar,2026-09-02 15:00:00,80,,,9.0,,
El Villar,2026-09-02 15:00:00,83,,,5.0,,
El Villar,2026-09-02 15:00:00,86,,,5.0,,
El Villar,2026-09-02 15:00:00,89,,,7.0,,
El Villar,2026-09-02 15:00:00,92,,,9.0,,
El Villar,2026-09-02 15:00:00,95,,,14.0,,
El Villar,2026-09-02 15:00:00,98,,,14.0,,
El Villar,2026-09-02 15:00:00,101,,,10.0,,
El Villar,2026-09-02 15:00:00,104,,,9.0,,
El Villar,2026-09-02 15:00:00,107,,,7.0,,
Filadelfia - PD,2026-08-31 13:00:00,1,36.0,0.0,36.0,2.9,310.0
Filadelfia - PD,2026-08-31 13:00:00,4,36.0,0.0,36.0,2.3,330.0
Filadelfia - PD,2026-08-31 13:00:00,7,36.0,0.0,31.0,1.7,348.0
Filadelfia - PD,2026-08-31 13:00:00,10,36.0,0.0,27.0,1.8,340.0
Filadelfia - PD,2026-08-31 13:00:00,13,36.0,0.0,23.0,1.8,330.0
Filadelfia - PD,2026-08-31 13:00:00,16,37.0,0.0,23.0,1.9,337.0
Filadelfia - PD,2026-08-31 13:00:00,19,36.0,0.0,26.0,2.0,319.0
Filadelfia - PD,2026-08-31 13:00:00,22,36.0,0.0,31.0,2.2,290.0
Filadelfia - PD,2026-08-31 13:00:00,25,57.0,0.0,36.0,2.4,260.0
Filadelfia - PD,2026-08-31 13:00:00,28,57.0,0.0,36.0,1.8,270.0
Filadelfia - PD,2026-08-31 13:00:00,31,56.0,0.0,33.0,1.2,270.0
Filadelfia - PD,2026-08-31 13:00:00,34,57.0,0.0,28.0,1.1,220.0
Filadelfia - PD,2026-08-31 13:00:00,37,57.0,0.0,21.0,1.0,168.0
Filadelfia - PD,2026-08-31 13:00:00,40,57.0,0.0,21.0,1.1,170.0
Filadelfia - PD,2026-08-31 13:00:00,43,56.0,0.0,23.0,1.5,162.0
Filadelfia - PD,2026-08-31 13:00:00,46,56.0,0.0,30.0,1.5,152.0
Filadelfia - PD,2026-08-31 13:00:00,49,56.0,0.0,34.0,1.6,132.0
Filadelfia - PD,2026-08-31 13:00:00,52,57.0,0.0,34.0,1.0,187.0
Filadelfia - PD,2026-08-31 13:00:00,55,36.0,0.0,31.0,0.5,239.0
Filadelfia - PD,2026-08-31 13:00:00,58,36.0,0.0,25.0,0.9,274.0
Filadelfia - PD,2026-08-31 13:00:00,61,26.0,0.0,22.0,1.4,300.0
Filadelfia - PD,2026-08-31 13:00:00,64,26.0,0.0,22.0,1.1,300.0
Filadelfia - PD,2026-08-31 13:00:00,67,26.0,0.0,26.0,1.2,310.0
Filadelfia - PD,2026-08-31 13:00:00,70,26.0,0.0,33.0,1.9,310.0
Filadelfia - PD,2026-08-31 13:00:00,73,25.0,0.0,35.0,2.5,310.0
Filadelfia - PD,2026-08-31 13:00:00,76,26.0,0.0,35.0,1.9,310.0
Filadelfia - PD,2026-08-31 13:00:00,79,26.0,0.0,31.0,1.3,302.0
Filadelfia - PD,2026-08-31 13:00:00,82,26.0,0.0,25.0,1.5,312.0
Filadelfia - PD,2026-08-31 13:00:00,85,36.0,0.0,23.0,1.8,320.0
Filadelfia - PD,2026-08-31 13:00:00,88,36.0,0.0,23.0,1.5,319.0
Filadelfia - PD,2026-08-31 13:00:00,91,36.0,0.0,28.0,1.8,349.0
Filadelfia - PD,2026-08-31 13:00:00,94,37.0,0.0,34.0,2.3,330.0
Filadelfia - PD,2026-08-31 13:00:00,97,56.0,0.0,36.0,2.8,310.0
Filadelfia - PD,2026-08-31 13:00:00,100,55.0,0.0,36.0,2.2,330.0
Filadelfia - PD,2026-08-31 13:00:00,103,36.0,0.0,31.0,1.6,342.0
Filadelfia - PD,2026-08-31 13:00:00,106,36.0,0.0,23.0,1.9,333.0
Filadelfia - PD,2026-08-31 13:00:00,109,36.0,0.0,23.0,2.1,321.0
Filadelfia - PD,2026-09-01 11:00:00,15,36.0,,,,
Filadelfia - PD,2026-09-01 11:00:00,18,37.0,,,,
Filadelfia - PD,2026-09-01 11:00:00,21,37.0,,,,
Filadelfia - PD,2026-09-01 11:00:00,24,36.0,,,,
Filadelfia - PD,2026-09-01 11:00:00,27,36.0,,,,
Filadelfia - PD,2026-09-01 11:00:00,30,36.0,,,,
Filadelfia - PD,2026-09-01 11:00:00,39,36.0,,,,
Filadelfia - PD,2026-09-01 11:00:00,87,26.0,,,,
Filadelfia - PD,2026-09-01 11:00:00,90,27.0,0.0,28.0,1.8,302.0
Filadelfia - PD,2026-09-01 11:00:00,93,26.0,0.0,28.0,1.9,330.0
Filadelfia - PD,2026-09-01 11:00:00,96,27.0,0.0,33.0,2.1,320.0
Filadelfia - PD,2026-09-01 11:00:00,99,36.0,0.0,38.0,2.3,300.0
Filadelfia - PD,2026-09-01 11:00:00,102,37.0,0.0,32.0,2.2,330.0
Filadelfia - PD,2026-09-01 11:00:00,105,27.0,0.0,27.0,2.1,352.0
Filadelfia - PD,2026-09-01 11:00:00,108,27.0,0.0,25.0,1.8,352.0
Filadelfia - PD,2026-09-01 11:00:00,111,25.0,0.0,23.0,1.5,349.0
Filadelfia - PD,2026-09-01 15:00:00,11,,,20.0,,
Filadelfia - PD,2026-09-01 15:00:00,14,,,20.0,,
Filadelfia - PD,2026-09-01 15:00:00,23,,,32.0,,
Filadelfia - PD,2026-09-01 15:00:00,26,,,32.0,,
Filadelfia - PD,2026-09-01 15:00:00,29,,,28.0,,
Filadelfia - PD,2026-09-01 15:00:00,35,,,21.0,,
Filadelfia - PD,2026-09-01 15:00:00,38,,,21.0,,
Filadelfia - PD,2026-09-01 15:00:00,59,,,22.0,,
Filadelfia - PD,2026-09-01 15:00:00,62,,,22.0,,
Filadelfia - PD,2026-09-01 15:00:00,80,,,28.0,,
Filadelfia - PD,2026-09-01 15:00:00,83,,,22.0,,
Filadelfia - PD,2026-09-01 15:00:00,86,,,22.0,,
Filadelfia - PD,2026-09-01 15:00:00,89,,,26.0,,
Filadelfia - PD,2026-09-01 15:00:00,92,,,30.0,,
Filadelfia - PD,2026-09-01 15:00:00,95,,,36.0,,
Filadelfia - PD,2026-09-01 15:00:00,98,,,36.0,,
Filadelfia - PD,2026-09-01 15:00:00,101,,,31.0,,
Filadelfia - PD,2026-09-01 15:00:00,104,,,29.0,,
Filadelfia - PD,2026-09-01 15:00:00,107,,,24.0,,
Filadelfia - PD,2026-09-02 10:00:00,16,25.0,,,,
Filadelfia - PD,2026-09-02 10:00:00,19,25.0,,,,
Filadelfia - PD,2026-09-02 10:00:00,25,25.0,,,,
Filadelfia - PD,2026-09-02 10:00:00,28,36.0,,,,
Filadelfia - PD,2026-09-02 10:00:00,31,36.0,,,,
Filadelfia - PD,2026-09-02 10:00:00,34,37.0,,,,
Filadelfia - PD,2026-09-02 10:00:00,37,36.0,,,,
Filadelfia - PD,2026-09-02 10:00:00,40,37.0,,,,
Filadelfia - PD,2026-09-02 10:00:00,88,56.0,,,,
Filadelfia - PD,2026-09-02 10:00:00,91,55.0,0.0,24.0,1.1,230.0
Filadelfia - PD,2026-09-02 10:00:00,94,56.0,0.0,23.0,1.2,189.0
Filadelfia - PD,2026-09-02 10:00:00,97,56.0,0.0,29.0,1.8,180.0
Filadelfia - PD,2026-09-02 10:00:00,100,89.0,3.3,36.0,2.4,170.0
Filadelfia - PD,2026-09-02 10:00:00,103,89.0,2.4,29.0,1.6,210.0
Filadelfia - PD,2026-09-02 10:00:00,106,89.0,2.3,21.0,0.9,248.0
Filadelfia - PD,2026-09-02 10:00:00,109,89.0,3.6,22.0,1.0,207.0
Filadelfia - PD,2026-09-02 10:00:00,112,89.0,2.3,22.0,1.2,160.0
Filadelfia - PD,2026-09-02 15:00:00,11,,,20.0,,
Filadelfia - PD,2026-09-02 15:00:00,14,,,20.0,,
Filadelfia - PD,2026-09-02 15:00:00,20,,,31.0,,
Filadelfia - PD,2026-09-02 15:00:00,35,,,21.0,,
Filadelfia - PD,2026-09-02 15:00:00,38,,,21.0,,
Filadelfia - PD,2026-09-02 15:00:00,41,,,25.0,,
Filadelfia - PD,2026-09-02 15:00:00,44,,,28.0,,
Filadelfia - PD,2026-09-02 15:00:00,47,,,34.0,,
Filadelfia - PD,2026-09-02 15:00:00,50,,,34.0,,
Filadelfia - PD,2026-09-02 15:00:00,59,,,20.0,,
Filadelfia - PD,2026-09-02 15:00:00,62,,,20.0,,
Filadelfia - PD,2026-09-02 15:00:00,71,,,35.0,,
Filadelfia - PD,2026-09-02 15:00:00,74,,,35.0,,
Filadelfia - PD,2026-09-02 15:00:00,80,,,23.0,,
Filadelfia - PD,2026-09-02 15:00:00,83,27.0,,18.0,,
Filadelfia - PD,2026-09-02 15:00:00,86,25.0,,18.0,,
Filadelfia - PD,2026-09-02 15:00:00,89,26.0,,21.0,,
Filadelfia - PD,2026-09-02 15:00:00,92,26.0,,27.0,,
Filadelfia - PD,2026-09-02 15:00:00,95,26.0,0.0,31.0,,
Filadelfia - PD,2026-09-02 15:00:00,98,26.0,0.0,31.0,,
Filadelfia - PD,2026-09-02 15:00:00,101,26.0,0.0,28.0,,
Filadelfia - PD,2026-09-02 15:00:00,104,27.0,0.0,24.0,,
Filadelfia - PD,2026-09-02 15:00:00,107,26.0,0.0,20.0,,
Guayaramerin,2026-08-31 13:00:00,1,36.0,0.0,37.0,2.8,340.0
Guayaramerin,2026-08-31 13:00:00,4,36.0,0.0,37.0,2.2,348.0
Guayaramerin,2026-08-31 13:00:00,7,36.0,0.0,30.0,1.6,348.0
Guayaramerin,2026-08-31 13:00:00,10,36.0,0.0,25.0,1.4,353.0
Guayaramerin,2026-08-31 13:00:00,13,36.0,0.0,23.0,1.2,355.0
Guayaramerin,2026-08-31 13:00:00,16,36.0,0.0,23.0,1.5,335.0
Guayaramerin,2026-08-31 13:00:00,19,36.0,0.0,26.0,1.7,323.0
Guayaramerin,2026-08-31 13:00:00,22,36.0,0.0,30.0,1.6,324.0
Guayaramerin,2026-08-31 13:00:00,25,36.0,0.0,38.0,1.5,322.0
Guayaramerin,2026-08-31 13:00:00,28,37.0,0.0,38.0,1.4,245.0
Guayaramerin,2026-08-31 13:00:00,31,56.0,0.0,30.0,1.2,165.0
Guayaramerin,2026-08-31 13:00:00,34,55.0,0.0,24.0,1.2,161.0
Guayaramerin,2026-08-31 13:00:00,37,56.0,0.0,21.0,1.3,150.0
Guayaramerin,2026-08-31 13:00:00,40,57.0,0.0,21.0,0.7,50.0
Guayaramerin,2026-08-31 13:00:00,43,56.0,0.0,26.0,0.8,335.0
Guayaramerin,2026-08-31 13:00:00,46,56.0,0.0,30.0,1.3,335.0
Guayaramerin,2026-08-31 13:00:00,49,56.0,0.0,36.0,1.7,329.0
Guayaramerin,2026-08-31 13:00:00,52,56.0,0.0,36.0,1.4,262.0
Guayaramerin,2026-08-31 13:00:00,55,37.0,0.0,30.0,1.0,184.0
Guayaramerin,2026-08-31 13:00:00,58,36.0,0.0,25.0,1.0,244.0
Guayaramerin,2026-08-31 13:00:00,61,36.0,0.0,22.0,1.1,302.0
Guayaramerin,2026-08-31 13:00:00,64,36.0,0.0,22.0,1.6,328.0
Guayaramerin,2026-08-31 13:00:00,67,36.0,0.0,28.0,1.9,308.0
Guayaramerin,2026-08-31 13:00:00,70,36.0,0.0,33.0,2.0,318.0
Guayaramerin,2026-08-31 13:00:00,73,26.0,0.0,37.0,2.2,320.0
Guayaramerin,2026-08-31 13:00:00,76,26.0,0.0,37.0,1.8,321.0
Guayaramerin,2026-08-31 13:00:00,79,26.0,0.0,31.0,1.3,321.0
Guayaramerin,2026-08-31 13:00:00,82,26.0,0.0,23.0,1.6,346.0
Guayaramerin,2026-08-31 13:00:00,85,36.0,0.0,22.0,1.8,6.0
Guayaramerin,2026-08-31 13:00:00,88,36.0,0.0,22.0,2.0,358.0
Guayaramerin,2026-08-31 13:00:00,91,37.0,0.0,30.0,2.7,346.0
Guayaramerin,2026-08-31 13:00:00,94,37.0,0.0,35.0,2.7,340.0
Guayaramerin,2026-08-31 13:00:00,97,56.0,0.0,38.0,2.6,330.0
Guayaramerin,2026-08-31 13:00:00,100,56.0,0.0,38.0,2.0,360.0
Guayaramerin,2026-08-31 13:00:00,103,36.0,0.0,31.0,1.5,20.0
Guayaramerin,2026-08-31 13:00:00,106,36.0,0.0,22.0,1.5,10.0
Guayaramerin,2026-08-31 13:00:00,109,36.0,0.0,22.0,1.4,360.0
Guayaramerin,2026-09-01 11:00:00,15,37.0,,,,
Guayaramerin,2026-09-01 11:00:00,18,36.0,,,,
Guayaramerin,2026-09-01 11:00:00,21,37.0,,,,
Guayaramerin,2026-09-01 11:00:00,24,36.0,,,,
Guayaramerin,2026-09-01 11:00:00,27,27.0,,,,
Guayaramerin,2026-09-01 11:00:00,30,27.0,,,,
Guayaramerin,2026-09-01 11:00:00,33,36.0,,,,
Guayaramerin,2026-09-01 11:00:00,39,35.0,,,,
Guayaramerin,2026-09-01 11:00:00,87,25.0,,,,
Guayaramerin,2026-09-01 11:00:00,90,26.0,0.0,29.0,1.9,353.0
Guayaramerin,2026-09-01 11:00:00,93,25.0,0.0,30.0,2.4,333.0
Guayaramerin,2026-09-01 11:00:00,96,26.0,0.0,36.0,2.3,340.0
Guayaramerin,2026-09-01 11:00:00,99,37.0,0.0,42.0,2.3,338.0
Guayaramerin,2026-09-01 11:00:00,102,36.0,0.0,34.0,2.2,359.0
Guayaramerin,2026-09-01 11:00:00,105,26.0,0.0,26.0,2.0,12.0
Guayaramerin,2026-09-01 11:00:00,108,26.0,0.0,26.0,1.6,330.0
Guayaramerin,2026-09-01 11:00:00,111,26.0,0.0,25.0,1.2,278.0
Guayaramerin,2026-09-01 15:00:00,23,,,34.0,,
Guayaramerin,2026-09-01 15:00:00,26,,,34.0,,
Guayaramerin,2026-09-01 15:00:00,44,,,32.0,,
Guayaramerin,2026-09-01 15:00:00,47,,,36.0,,
Guayaramerin,2026-09-01 15:00:00,50,,,36.0,,
Guayaramerin,2026-09-01 15:00:00,56,,,27.0,,
Guayaramerin,2026-09-01 15:00:00,59,,,23.0,,
Guayaramerin,2026-09-01 15:00:00,62,,,23.0,,
Guayaramerin,2026-09-01 15:00:00,65,,,27.0,,
Guayaramerin,2026-09-01 15:00:00,68,,,32.0,,
Guayaramerin,2026-09-01 15:00:00,71,,,37.0,,
Guayaramerin,2026-09-01 15:00:00,74,,,37.0,,
Guayaramerin,2026-09-01 15:00:00,77,,,32.0,,
Guayaramerin,2026-09-01 15:00:00,80,,,28.0,,
Guayaramerin,2026-09-01 15:00:00,83,,,23.0,,
Guayaramerin,2026-09-01 15:00:00,86,,,23.0,,
Guayaramerin,2026-09-01 15:00:00,89,,,27.0,,
Guayaramerin,2026-09-01 15:00:00,92,,,31.0,,
Guayaramerin,2026-09-01 15:00:00,95,,,37.0,,
Guayaramerin,2026-09-01 15:00:00,98,,,37.0,,
Guayaramerin,2026-09-01 15:00:00,101,,,31.0,,
Guayaramerin,2026-09-01 15:00:00,104,,,28.0,,
Guayaramerin,2026-09-02 10:00:00,16,26.0,,,,
Guayaramerin,2026-09-02 10:00:00,19,27.0,,,,
Guayaramerin,2026-09-02 10:00:00,22,26.0,,,,
Guayaramerin,2026-09-02 10:00:00,25,27.0,,,,
Guayaramerin,2026-09-02 10:00:00,28,36.0,,,,
Guayaramerin,2026-09-02 10:00:00,31,36.0,,,,
Guayaramerin,2026-09-02 10:00:00,34,36.0,,,,
Guayaramerin,2026-09-02 10:00:00,37,36.0,,,,
Guayaramerin,2026-09-02 10:00:00,88,89.0,1.9,,,
Guayaramerin,2026-09-02 10:00:00,91,89.0,2.5,27.0,1.4,22.0
Guayaramerin,2026-09-02 10:00:00,94,89.0,2.9,27.0,1.5,50.0
Guayaramerin,2026-09-02 10:00:00,97,90.0,1.9,32.0,1.1,48.0
Guayaramerin,2026-09-02 10:00:00,100,89.0,2.3,37.0,0.7,37.0
Guayaramerin,2026-09-02 10:00:00,103,88.0,3.5,30.0,1.5,349.0
Guayaramerin,2026-09-02 10:00:00,106,89.0,2.3,24.0,2.3,290.0
Guayaramerin,2026-09-02 10:00:00,109,89.0,1.3,24.0,1.4,232.0
Guayaramerin,2026-09-02 10:00:00,112,88.0,3.6,23.0,0.6,170.0
Guayaramerin,2026-09-02 15:00:00,11,,,23.0,,
Guayaramerin,2026-09-02 15:00:00,14,,,23.0,,
Guayaramerin,2026-09-02 15:00:00,23,,,38.0,,
Guayaramerin,2026-09-02 15:00:00,26,,,38.0,,
Guayaramerin,2026-09-02 15:00:00,35,,,24.0,,
Guayaramerin,2026-09-02 15:00:00,38,,,24.0,,
Guayaramerin,2026-09-02 15:00:00,59,,,24.0,,
Guayaramerin,2026-09-02 15:00:00,62,,,24.0,,
Guayaramerin,2026-09-02 15:00:00,83,,,22.0,,
Guayaramerin,2026-09-02 15:00:00,86,,,22.0,,
Guayaramerin,2026-09-02 15:00:00,89,,,25.0,,
Guayaramerin,2026-09-02 15:00:00,92,,,28.0,,
Guayaramerin,2026-09-02 15:00:00,95,,,33.0,,
Guayaramerin,2026-09-02 15:00:00,98,,,33.0,,
Guayaramerin,2026-09-02 15:00:00,101,,,30.0,,
Guayaramerin,2026-09-02 15:00:00,104,,,27.0,,
Guayaramerin,2026-09-02 15:00:00,107,,,24.0,,
Guayaramerin_M (GPRS),2026-08-31 13:00:00,1,35.0,0.0,36.0,2.9,340.0
Guayaramerin_M (GPRS),2026-08-31 13:00:00,4,36.0,0.0,36.0,2.3,349.0
Guayaramerin_M (GPRS),2026-08-31 13:00:00,7,36.0,0.0,30.0,1.8,349.0
Guayaramerin_M (GPRS),2026-08-31 13:00:00,10,37.0,0.0,25.0,1.5,350.0
Guayaramerin_M (GPRS),2026-08-31 13:00:00,13,36.0,0.0,23.0,1.3,350.0
Guayaramerin_M (GPRS),2026-08-31 13:00:00,16,37.0,0.0,23.0,1.5,330.0
Guayaramerin_M (GPRS),2026-08-31 13:00:00,19,37.0,0.0,26.0,1.7,321.0
Guayaramerin_M (GPRS),2026-08-31 13:00:00,22,36.0,0.0,29.0,1.6,311.0
Guayaramerin_M (GPRS),2026-08-31 13:00:00,25,36.0,0.0,37.0,1.5,291.0
Guayaramerin_M (GPRS),2026-08-31 13:00:00,28,36.0,0.0,37.0,1.3,211.0
Guayaramerin_M (GPRS),2026-08-31 13:00:00,31,55.0,0.0,30.0,1.1,121.0
Guayaramerin_M (GPRS),2026-08-31 13:00:00,34,55.0,0.0,24.0,1.3,140.0
Guayaramerin_M (GPRS),2026-08-31 13:00:00,37,57.0,0.0,21.0,1.4,149.0
Guayaramerin_M (GPRS),2026-08-31 13:00:00,40,56.0,0.0,21.0,0.9,101.0
Guayaramerin_M (GPRS),2026-08-31 13:00:00,43,55.0,0.0,26.0,1.0,149.0
Guayaramerin_M (GPRS),2026-08-31 13:00:00,46,56.0,0.0,31.0,1.3,236.0
Guayaramerin_M (GPRS),2026-08-31 13:00:00,49,55.0,0.0,35.0,1.6,320.0
Guayaramerin_M (GPRS),2026-08-31 13:00:00,52,56.0,0.0,35.0,1.5,241.0
Guayaramerin_M (GPRS),2026-08-31 13:00:00,55,36.0,0.0,30.0,1.4,149.0
Guayaramerin_M (GPRS),2026-08-31 13:00:00,58,37.0,0.0,25.0,1.3,228.0
Guayaramerin_M (GPRS),2026-08-31 13:00:00,61,37.0,0.0,22.0,1.2,299.0
Guayaramerin_M (GPRS),2026-08-31 13:00:00,64,36.0,0.0,22.0,1.7,339.0
Guayaramerin_M (GPRS),2026-08-31 13:00:00,67,35.0,0.0,27.0,2.1,311.0
Guayaramerin_M (GPRS),2026-08-31 13:00:00,70,37.0,0.0,32.0,2.1,320.0
Guayaramerin_M (GPRS),2026-08-31 13:00:00,73,26.0,0.0,36.0,2.1,320.0
Guayaramerin_M (GPRS),2026-08-31 13:00:00,76,26.0,0.0,36.0,1.5,321.0
Guayaramerin_M (GPRS),2026-08-31 13:00:00,79,26.0,0.0,31.0,0.8,312.0
Guayaramerin_M (GPRS),2026-08-31 13:00:00,82,26.0,0.0,24.0,1.5,341.0
Guayaramerin_M (GPRS),2026-08-31 13:00:00,85,35.0,0.0,22.0,2.3,9.0
Guayaramerin_M (GPRS),2026-08-31 13:00:00,88,37.0,0.0,22.0,2.1,349.0
Guayaramerin_M (GPRS),2026-08-31 13:00:00,91,37.0,0.0,30.0,2.8,350.0
Guayaramerin_M (GPRS),2026-08-31 13:00:00,94,36.0,0.0,35.0,2.8,340.0
Guayaramerin_M (GPRS),2026-08-31 13:00:00,97,57.0,0.0,37.0,2.7,330.0
Guayaramerin_M (GPRS),2026-08-31 13:00:00,100,56.0,0.0,37.0,2.0,350.0
Guayaramerin_M (GPRS),2026-08-31 13:00:00,103,36.0,0.0,31.0,1.4,9.0
Guayaramerin_M (GPRS),2026-08-31 13:00:00,106,37.0,0.0,22.0,1.5,9.0
Guayaramerin_M (GPRS),2026-08-31 13:00:00,109,35.0,0.0,22.0,1.5,359.0
Guayaramerin_M (GPRS),2026-09-01 11:00:00,15,35.0,,,,
Guayaramerin_M (GPRS),2026-09-01 11:00:00,18,35.0,,,,
Guayaramerin_M (GPRS),2026-09-01 11:00:00,21,37.0,,,,
Guayaramerin_M (GPRS),2026-09-01 11:00:00,24,36.0,,,,
Guayaramerin_M (GPRS),2026-09-01 11:00:00,27,26.0,,,,
Guayaramerin_M (GPRS),2026-09-01 11:00:00,30,25.0,,,,
Guayaramerin_M (GPRS),2026-09-01 11:00:00,33,35.0,,,,
Guayaramerin_M (GPRS),2026-09-01 11:00:00,36,35.0,,,,
Guayaramerin_M (GPRS),2026-09-01 11:00:00,39,36.0,,,,
Guayaramerin_M (GPRS),2026-09-01 11:00:00,87,25.0,,,,
Guayaramerin_M (GPRS),2026-09-01 11:00:00,90,26.0,0.0,29.0,1.9,349.0
Guayaramerin_M (GPRS),2026-09-01 11:00:00,93,26.0,0.0,30.0,2.3,321.0
Guayaramerin_M (GPRS),2026-09-01 11:00:00,96,26.0,0.0,36.0,2.3,330.0
Guayaramerin_M (GPRS),2026-09-01 11:00:00,99,35.0,0.0,42.0,2.3,330.0
Guayaramerin_M (GPRS),2026-09-01 11:00:00,102,37.0,0.0,35.0,2.2,359.0
Guayaramerin_M (GPRS),2026-09-01 11:00:00,105,25.0,0.0,27.0,2.0,19.0
Guayaramerin_M (GPRS),2026-09-01 11:00:00,108,27.0,0.0,25.0,1.6,329.0
Guayaramerin_M (GPRS),2026-09-01 11:00:00,111,26.0,0.0,24.0,1.2,269.0
Guayaramerin_M (GPRS),2026-09-01 15:00:00,23,,,33.0,,
Guayaramerin_M (GPRS),2026-09-01 15:00:00,26,,,33.0,,
Guayaramerin_M (GPRS),2026-09-01 15:00:00,44,,,30.0,,
Guayaramerin_M (GPRS),2026-09-01 15:00:00,47,,,35.0,,
Guayaramerin_M (GPRS),2026-09-01 15:00:00,50,,,35.0,,
Guayaramerin_M (GPRS),2026-09-01 15:00:00,56,,,27.0,,
Guayaramerin_M (GPRS),2026-09-01 15:00:00,59,,,23.0,,
Guayaramerin_M (GPRS),2026-09-01 15:00:00,62,,,23.0,,
Guayaramerin_M (GPRS),2026-09-01 15:00:00,65,,,28.0,,
Guayaramerin_M (GPRS),2026-09-01 15:00:00,68,,,31.0,,
Guayaramerin_M (GPRS),2026-09-01 15:00:00,71,,,36.0,,
Guayaramerin_M (GPRS),2026-09-01 15:00:00,74,,,36.0,,
Guayaramerin_M (GPRS),2026-09-01 15:00:00,77,,,32.0,,
Guayaramerin_M (GPRS),2026-09-01 15:00:00,80,,,28.0,,
Guayaramerin_M (GPRS),2026-09-01 15:00:00,83,,,23.0,,
Guayaramerin_M (GPRS),2026-09-01 15:00:00,86,,,23.0,,
Guayaramerin_M (GPRS),2026-09-01 15:00:00,89,,,27.0,,
Guayaramerin_M (GPRS),2026-09-01 15:00:00,92,,,30.0,,
Guayaramerin_M (GPRS),2026-09-01 15:00:00,95,,,36.0,,
Guayaramerin_M (GPRS),2026-09-01 15:00:00,98,,,36.0,,
Guayaramerin_M (GPRS),2026-09-01 15:00:00,101,,,32.0,,
Guayaramerin_M (GPRS),2026-09-01 15:00:00,104,,,28.0,,
Guayaramerin_M (GPRS),2026-09-02 10:00:00,16,26.0,,,,
Guayaramerin_M (GPRS),2026-09-02 10:00:00,19,26.0,,,,
Guayaramerin_M (GPRS),2026-09-02 10:00:00,22,26.0,,,,
Guayaramerin_M (GPRS),2026-09-02 10:00:00,25,25.0,,,,
Guayaramerin_M (GPRS),2026-09-02 10:00:00,28,36.0,,,,
Guayaramerin_M (GPRS),2026-09-02 10:00:00,31,36.0,,,,
Guayaramerin_M (GPRS),2026-09-02 10:00:00,34,35.0,,,,
Guayaramerin_M (GPRS),2026-09-02 10:00:00,37,36.0,,,,
Guayaramerin_M (GPRS),2026-09-02 10:00:00,40,37.0,,,,
Guayaramerin_M (GPRS),2026-09-02 10:00:00,88,88.0,2.7,,,
Guayaramerin_M (GPRS),2026-09-02 10:00:00,91,89.0,2.8,27.0,1.3,70.0
Guayaramerin_M (GPRS),2026-09-02 10:00:00,94,90.0,4.5,27.0,1.1,131.0
Guayaramerin_M (GPRS),2026-09-02 10:00:00,97,90.0,4.8,33.0,0.9,199.0
Guayaramerin_M (GPRS),2026-09-02 10:00:00,100,89.0,4.2,38.0,0.8,264.0
Guayaramerin_M (GPRS),2026-09-02 10:00:00,103,88.0,1.4,31.0,1.9,292.0
Guayaramerin_M (GPRS),2026-09-02 10:00:00,106,89.0,1.2,24.0,2.9,310.0
Guayaramerin_M (GPRS),2026-09-02 10:00:00,109,88.0,2.7,24.0,1.6,240.0
Guayaramerin_M (GPRS),2026-09-02 10:00:00,112,89.0,1.2,23.0,0.4,170.0
Guayaramerin_M (GPRS),2026-09-02 15:00:00,11,,,23.0,,
Guayaramerin_M (GPRS),2026-09-02 15:00:00,14,,,23.0,,
Guayaramerin_M (GPRS),2026-09-02 15:00:00,23,,,38.0,,
Guayaramerin_M (GPRS),2026-09-02 15:00:00,26,,,38.0,,
Guayaramerin_M (GPRS),2026-09-02 15:00:00,59,,,24.0,,
Guayaramerin_M (GPRS),2026-09-02 15:00:00,62,,,24.0,,
Guayaramerin_M (GPRS),2026-09-02 15:00:00,71,,,37.0,,
Guayaramerin_M (GPRS),2026-09-02 15:00:00,74,,,37.0,,
Guayaramerin_M (GPRS),2026-09-02 15:00:00,83,,,21.0,,
Guayaramerin_M (GPRS),2026-09-02 15:00:00,86,,,21.0,,
Guayaramerin_M (GPRS),2026-09-02 15:00:00,89,,,24.0,,
Guayaramerin_M (GPRS),2026-09-02 15:00:00,92,,,29.0,,
Guayaramerin_M (GPRS),2026-09-02 15:00:00,95,,,33.0,,
Guayaramerin_M (GPRS),2026-09-02 15:00:00,98,,,33.0,,
Guayaramerin_M (GPRS),2026-09-02 15:00:00,101,,,30.0,,
Guayaramerin_M (GPRS),2026-09-02 15:00:00,104,,,27.0,,
Guayaramerin_M (GPRS),2026-09-02 15:00:00,107,,,24.0,,
Incapampa,2026-08-31 13:00:00,1,76.0,1.9,28.0,2.0,10.0
Incapampa,2026-08-31 13:00:00,4,76.0,2.3,28.0,1.8,301.0
Incapampa,2026-08-31 13:00:00,7,36.0,0.0,24.0,1.5,232.0
Incapampa,2026-08-31 13:00:00,10,37.0,0.0,19.0,1.6,223.0
Incapampa,2026-08-31 13:00:00,13,56.0,0.0,16.0,1.6,209.0
Incapampa,2026-08-31 13:00:00,16,55.0,0.0,16.0,1.3,209.0
Incapampa,2026-08-31 13:00:00,19,56.0,0.0,18.0,1.0,216.0
Incapampa,2026-08-31 13:00:00,22,56.0,0.0,22.0,1.3,289.0
Incapampa,2026-08-31 13:00:00,25,84.0,0.5,25.0,1.6,2.0
Incapampa,2026-08-31 13:00:00,28,84.0,0.5,25.0,1.4,296.0
Incapampa,2026-08-31 13:00:00,31,89.0,1.6,22.0,1.1,221.0
Incapampa,2026-08-31 13:00:00,34,89.0,1.6,18.0,1.1,237.0
Incapampa,2026-08-31 13:00:00,37,56.0,0.0,15.0,1.0,243.0
Incapampa,2026-08-31 13:00:00,40,57.0,0.0,15.0,0.6,154.0
Incapampa,2026-08-31 13:00:00,43,57.0,0.0,18.0,0.3,92.0
Incapampa,2026-08-31 13:00:00,46,57.0,0.0,22.0,1.0,42.0
Incapampa,2026-08-31 13:00:00,49,57.0,0.0,26.0,1.8,349.0
Incapampa,2026-08-31 13:00:00,52,57.0,0.0,26.0,1.3,311.0
Incapampa,2026-08-31 13:00:00,55,36.0,0.0,22.0,0.7,267.0
Incapampa,2026-08-31 13:00:00,58,37.0,0.0,19.0,0.6,234.0
Incapampa,2026-08-31 13:00:00,61,26.0,0.0,16.0,0.6,199.0
Incapampa,2026-08-31 13:00:00,64,26.0,0.0,16.0,1.0,179.0
Incapampa,2026-08-31 13:00:00,67,26.0,0.0,19.0,0.5,150.0
Incapampa,2026-08-31 13:00:00,70,26.0,0.0,23.0,1.5,82.0
Incapampa,2026-08-31 13:00:00,73,36.0,0.0,27.0,2.5,11.0
Incapampa,2026-08-31 13:00:00,76,36.0,0.0,27.0,1.9,304.0
Incapampa,2026-08-31 13:00:00,79,36.0,0.0,21.0,1.3,235.0
Incapampa,2026-08-31 13:00:00,82,36.0,0.0,18.0,1.3,221.0
Incapampa,2026-08-31 13:00:00,85,36.0,0.0,16.0,1.3,197.0
Incapampa,2026-08-31 13:00:00,88,36.0,0.0,16.0,1.1,197.0
Incapampa,2026-08-31 13:00:00,91,36.0,0.0,19.0,0.7,207.0
Incapampa,2026-08-31 13:00:00,94,36.0,0.0,21.0,1.1,270.0
Incapampa,2026-08-31 13:00:00,97,56.0,0.0,27.0,1.6,332.0
Incapampa,2026-08-31 13:00:00,100,57.0,0.0,27.0,1.9,277.0
Incapampa,2026-08-31 13:00:00,103,57.0,0.0,18.0,2.2,216.0
Incapampa,2026-08-31 13:00:00,106,56.0,0.0,16.0,1.9,211.0
Incapampa,2026-08-31 13:00:00,109,36.0,0.0,16.0,1.7,201.0
Incapampa,2026-09-01 11:00:00,90,36.0,0.0,17.0,1.6,206.0
Incapampa,2026-09-01 11:00:00,93,36.0,0.0,18.0,1.4,204.0
Incapampa,2026-09-01 11:00:00,96,36.0,0.0,21.0,1.4,257.0
Incapampa,2026-09-01 11:00:00,99,56.0,0.0,24.0,1.5,311.0
Incapampa,2026-09-01 11:00:00,102,56.0,0.0,20.0,1.3,261.0
Incapampa,2026-09-01 11:00:00,105,89.0,2.0,15.0,1.2,211.0
Incapampa,2026-09-01 11:00:00,108,88.0,1.5,14.0,1.5,218.0
Incapampa,2026-09-01 11:00:00,111,88.0,1.5,13.0,1.8,219.0
Incapampa,2026-09-01 15:00:00,11,,,16.0,,
Incapampa,2026-09-01 15:00:00,14,,,16.0,,
Incapampa,2026-09-01 15:00:00,23,,,30.0,,
Incapampa,2026-09-01 15:00:00,26,,,30.0,,
Incapampa,2026-09-01 15:00:00,29,56.0,,,,
Incapampa,2026-09-01 15:00:00,32,56.0,,,,
Incapampa,2026-09-01 15:00:00,35,56.0,,15.0,,
Incapampa,2026-09-01 15:00:00,38,,,15.0,,
Incapampa,2026-09-01 15:00:00,47,,,31.0,,
Incapampa,2026-09-01 15:00:00,50,,,31.0,,
Incapampa,2026-09-01 15:00:00,53,,,22.0,,
Incapampa,2026-09-01 15:00:00,68,,,22.0,,
Incapampa,2026-09-01 15:00:00,71,,,31.0,,
Incapampa,2026-09-01 15:00:00,74,,,31.0,,
Incapampa,2026-09-01 15:00:00,77,,,24.0,,
Incapampa,2026-09-01 15:00:00,80,,,21.0,,
Incapampa,2026-09-01 15:00:00,83,,,17.0,,
Incapampa,2026-09-01 15:00:00,89,,,21.0,,
Incapampa,2026-09-01 15:00:00,92,,,25.0,,
Incapampa,2026-09-01 15:00:00,95,,,30.0,,
Incapampa,2026-09-01 15:00:00,98,,,30.0,,
Incapampa,2026-09-01 15:00:00,101,,,26.0,,
Incapampa,2026-09-01 15:00:00,104,,,22.0,,
Incapampa,2026-09-01 15:00:00,107,,,20.0,,
Incapampa,2026-09-02 10:00:00,88,89.0,2.6,,,
Incapampa,2026-09-02 10:00:00,91,89.0,3.4,14.0,1.2,190.0
Incapampa,2026-09-02 10:00:00,94,89.0,2.2,15.0,0.7,158.0
Incapampa,2026-09-02 10:00:00,97,89.0,2.2,17.0,1.2,79.0
Incapampa,2026-09-02 10:00:00,100,89.0,2.2,18.0,1.7,353.0
Incapampa,2026-09-02 10:00:00,103,89.0,2.2,15.0,1.0,324.0
Incapampa,2026-09-02 10:00:00,106,89.0,3.2,13.0,0.2,287.0
Incapampa,2026-09-02 10:00:00,109,89.0,2.2,13.0,0.4,231.0
Incapampa,2026-09-02 10:00:00,112,89.0,2.2,12.0,0.6,174.0
Incapampa,2026-09-02 15:00:00,11,,,17.0,,
Incapampa,2026-09-02 15:00:00,14,,,17.0,,
Incapampa,2026-09-02 15:00:00,35,,,17.0,,
Incapampa,2026-09-02 15:00:00,38,,,17.0,,
Incapampa,2026-09-02 15:00:00,47,,,32.0,,
Incapampa,2026-09-02 15:00:00,50,,,32.0,,
Incapampa,2026-09-02 15:00:00,59,,,18.0,,
Incapampa,2026-09-02 15:00:00,62,,,18.0,,
Incapampa,2026-09-02 15:00:00,71,,,31.0,,
Incapampa,2026-09-02 15:00:00,74,,,31.0,,
Incapampa,2026-09-02 15:00:00,83,,,18.0,,
Incapampa,2026-09-02 15:00:00,86,,,18.0,,
Incapampa,2026-09-02 15:00:00,89,,,21.0,,
Incapampa,2026-09-02 15:00:00,92,,,25.0,,
Incapampa,2026-09-02 15:00:00,95,,,29.0,,
Incapampa,2026-09-02 15:00:00,98,,,29.0,,
Incapampa,2026-09-02 15:00:00,101,,,26.0,,
Incapampa,2026-09-02 15:00:00,104,,,24.0,,
Incapampa,2026-09-02 15:00:00,107,,,21.0,,
Ixiamas,2026-08-31 13:00:00,1,36.0,0.0,31.0,4.1,320.0
Ixiamas,2026-08-31 13:00:00,4,36.0,0.0,31.0,2.7,289.0
Ixiamas,2026-08-31 13:00:00,7,36.0,0.0,29.0,1.3,248.0
Ixiamas,2026-08-31 13:00:00,10,36.0,0.0,25.0,1.4,249.0
Ixiamas,2026-08-31 13:00:00,13,56.0,0.0,20.0,1.5,249.0
Ixiamas,2026-08-31 13:00:00,16,57.0,0.0,20.0,1.4,238.0
Ixiamas,2026-08-31 13:00:00,19,55.0,0.0,24.0,1.2,229.0
Ixiamas,2026-08-31 13:00:00,22,56.0,0.0,26.0,1.7,168.0
Ixiamas,2026-08-31 13:00:00,25,88.0,1.6,28.0,2.2,97.0
Ixiamas,2026-08-31 13:00:00,28,89.0,1.2,28.0,2.0,129.0
Ixiamas,2026-08-31 13:00:00,31,90.0,0.9,25.0,1.9,153.0
Ixiamas,2026-08-31 13:00:00,34,89.0,0.8,23.0,1.7,152.0
Ixiamas,2026-08-31 13:00:00,37,57.0,0.0,18.0,1.5,144.0
Ixiamas,2026-08-31 13:00:00,40,35.0,0.0,18.0,1.6,162.0
Ixiamas,2026-08-31 13:00:00,43,35.0,0.0,23.0,1.8,160.0
Ixiamas,2026-08-31 13:00:00,46,37.0,0.0,26.0,1.9,109.0
Ixiamas,2026-08-31 13:00:00,49,35.0,0.0,29.0,1.9,49.0
Ixiamas,2026-08-31 13:00:00,52,36.0,0.0,29.0,1.3,330.0
Ixiamas,2026-08-31 13:00:00,55,26.0,0.0,25.0,0.7,250.0
Ixiamas,2026-08-31 13:00:00,58,25.0,0.0,23.0,1.0,239.0
Ixiamas,2026-08-31 13:00:00,61,36.0,0.0,19.0,1.3,219.0
Ixiamas,2026-08-31 13:00:00,64,36.0,0.0,19.0,1.1,237.0
Ixiamas,2026-08-31 13:00:00,67,37.0,0.0,24.0,0.9,257.0
Ixiamas,2026-08-31 13:00:00,70,36.0,0.0,27.0,2.3,290.0
Ixiamas,2026-08-31 13:00:00,73,76.0,1.0,30.0,3.6,320.0
Ixiamas,2026-08-31 13:00:00,76,77.0,0.6,30.0,2.5,299.0
Ixiamas,2026-08-31 13:00:00,79,26.0,0.0,26.0,1.5,268.0
Ixiamas,2026-08-31 13:00:00,82,27.0,0.0,21.0,1.5,258.0
Ixiamas,2026-08-31 13:00:00,85,36.0,0.0,20.0,1.5,239.0
Ixiamas,2026-08-31 13:00:00,88,36.0,0.0,20.0,1.4,256.0
Ixiamas,2026-08-31 13:00:00,91,36.0,0.0,25.0,1.2,266.0
Ixiamas,2026-08-31 13:00:00,94,36.0,0.0,26.0,2.4,289.0
Ixiamas,2026-08-31 13:00:00,97,56.0,0.0,31.0,3.6,312.0
Ixiamas,2026-08-31 13:00:00,100,56.0,0.0,31.0,2.5,281.0
Ixiamas,2026-08-31 13:00:00,103,57.0,0.0,27.0,1.5,248.0
Ixiamas,2026-08-31 13:00:00,106,56.0,0.0,20.0,1.4,255.0
Ixiamas,2026-08-31 13:00:00,109,35.0,0.0,20.0,1.3,255.0
Ixiamas,2026-09-01 11:00:00,15,56.0,,,,
Ixiamas,2026-09-01 11:00:00,18,56.0,,,,
Ixiamas,2026-09-01 11:00:00,21,56.0,,,,
Ixiamas,2026-09-01 11:00:00,24,56.0,,,,
Ixiamas,2026-09-01 11:00:00,27,56.0,,,,
Ixiamas,2026-09-01 11:00:00,30,57.0,,,,
Ixiamas,2026-09-01 11:00:00,33,56.0,,,,
Ixiamas,2026-09-01 11:00:00,36,56.0,,,,
Ixiamas,2026-09-01 11:00:00,39,57.0,,,,
Ixiamas,2026-09-01 11:00:00,87,37.0,,,,
Ixiamas,2026-09-01 11:00:00,90,36.0,0.0,27.0,1.6,258.0
Ixiamas,2026-09-01 11:00:00,93,36.0,0.0,27.0,1.8,268.0
Ixiamas,2026-09-01 11:00:00,96,36.0,0.0,32.0,2.9,299.0
Ixiamas,2026-09-01 11:00:00,99,56.0,0.0,38.0,4.0,322.0
Ixiamas,2026-09-01 11:00:00,102,57.0,0.0,33.0,2.5,305.0
Ixiamas,2026-09-01 11:00:00,105,56.0,0.0,28.0,0.9,280.0
Ixiamas,2026-09-01 11:00:00,108,56.0,0.0,25.0,1.3,208.0
Ixiamas,2026-09-01 11:00:00,111,56.0,0.0,21.0,1.5,125.0
Ixiamas,2026-09-01 15:00:00,11,,,21.0,,
Ixiamas,2026-09-01 15:00:00,14,,,21.0,,
Ixiamas,2026-09-01 15:00:00,17,,,25.0,,
Ixiamas,2026-09-01 15:00:00,20,,,29.0,,
Ixiamas,2026-09-01 15:00:00,23,,,31.0,,
Ixiamas,2026-09-01 15:00:00,26,,,31.0,,
Ixiamas,2026-09-01 15:00:00,29,,,28.0,,
Ixiamas,2026-09-01 15:00:00,35,,,20.0,,
Ixiamas,2026-09-01 15:00:00,38,,,20.0,,
Ixiamas,2026-09-01 15:00:00,44,,,28.0,,
Ixiamas,2026-09-01 15:00:00,47,,,34.0,,
Ixiamas,2026-09-01 15:00:00,50,,,34.0,,
Ixiamas,2026-09-01 15:00:00,53,,,29.0,,
Ixiamas,2026-09-01 15:00:00,56,,,24.0,,
Ixiamas,2026-09-01 15:00:00,59,,,21.0,,
Ixiamas,2026-09-01 15:00:00,62,,,21.0,,
Ixiamas,2026-09-01 15:00:00,65,,,26.0,,
Ixiamas,2026-09-01 15:00:00,68,,,31.0,,
Ixiamas,2026-09-01 15:00:00,71,,,35.0,,
Ixiamas,2026-09-01 15:00:00,74,,,35.0,,
Ixiamas,2026-09-01 15:00:00,77,,,29.0,,
Ixiamas,2026-09-01 15:00:00,80,,,24.0,,
Ixiamas,2026-09-01 15:00:00,83,,,22.0,,
Ixiamas,2026-09-01 15:00:00,86,,,22.0,,
Ixiamas,2026-09-01 15:00:00,89,,,26.0,,
Ixiamas,2026-09-01 15:00:00,92,,,29.0,,
Ixiamas,2026-09-01 15:00:00,95,,,34.0,,
Ixiamas,2026-09-01 15:00:00,98,,,34.0,,
Ixiamas,2026-09-01 15:00:00,101,,,31.0,,
Ixiamas,2026-09-01 15:00:00,104,,,27.0,,
Ixiamas,2026-09-01 15:00:00,107,,,24.0,,
Ixiamas,2026-09-02 10:00:00,16,26.0,,,,
Ixiamas,2026-09-02 10:00:00,19,27.0,,,,
Ixiamas,2026-09-02 10:00:00,22,26.0,,,,
Ixiamas,2026-09-02 10:00:00,25,26.0,,,,
Ixiamas,2026-09-02 10:00:00,28,36.0,0.0,,,
Ixiamas,2026-09-02 10:00:00,31,35.0,0.0,,,
Ixiamas,2026-09-02 10:00:00,37,26.0,,,,
Ixiamas,2026-09-02 10:00:00,40,25.0,,,,
Ixiamas,2026-09-02 10:00:00,88,89.0,3.6,,,
Ixiamas,2026-09-02 10:00:00,91,89.0,2.8,21.0,1.7,165.0
Ixiamas,2026-09-02 10:00:00,94,89.0,2.8,22.0,1.5,144.0
Ixiamas,2026-09-02 10:00:00,97,89.0,2.7,26.0,2.0,145.0
Ixiamas,2026-09-02 10:00:00,100,90.0,4.1,30.0,2.6,143.0
Ixiamas,2026-09-02 10:00:00,103,90.0,1.3,27.0,2.1,163.0
Ixiamas,2026-09-02 10:00:00,106,56.0,0.0,24.0,1.6,182.0
Ixiamas,2026-09-02 10:00:00,109,56.0,0.0,23.0,1.8,172.0
Ixiamas,2026-09-02 10:00:00,112,55.0,0.0,21.0,1.9,153.0
Ixiamas,2026-09-02 15:00:00,11,,,21.0,,
Ixiamas,2026-09-02 15:00:00,14,,,21.0,,
Ixiamas,2026-09-02 15:00:00,23,,,33.0,,
Ixiamas,2026-09-02 15:00:00,26,,,33.0,,
Ixiamas,2026-09-02 15:00:00,47,,,33.0,,
Ixiamas,2026-09-02 15:00:00,50,,,33.0,,
Ixiamas,2026-09-02 15:00:00,59,,,21.0,,
Ixiamas,2026-09-02 15:00:00,62,,,21.0,,
Ixiamas,2026-09-02 15:00:00,71,,,33.0,,
Ixiamas,2026-09-02 15:00:00,83,,,20.0,,
Ixiamas,2026-09-02 15:00:00,86,,,20.0,,
Ixiamas,2026-09-02 15:00:00,95,,,31.0,,
Ixiamas,2026-09-02 15:00:00,98,,,31.0,,
Ixiamas,2026-09-02 15:00:00,101,,,29.0,,
Ixiamas,2026-09-02 15:00:00,104,,,25.0,,
Ixiamas,2026-09-02 15:00:00,107,,,24.0,,
Jesús de Machaca,2026-08-31 13:00:00,1,26.0,0.0,18.0,4.6,338.0
Jesús de Machaca,2026-08-31 13:00:00,4,26.0,0.0,18.0,3.9,16.0
Jesús de Machaca,2026-08-31 13:00:00,7,26.0,0.0,10.0,3.1,110.0
Jesús de Machaca,2026-08-31 13:00:00,10,26.0,0.0,1.0,2.4,112.0
Jesús de Machaca,2026-08-31 13:00:00,13,26.0,0.0,-7.0,1.8,107.0
Jesús de Machaca,2026-08-31 13:00:00,16,26.0,0.0,-7.0,2.3,27.0
Jesús de Machaca,2026-08-31 13:00:00,19,26.0,0.0,3.0,2.4,17.0
Jesús de Machaca,2026-08-31 13:00:00,22,26.0,0.0,11.0,4.3,2.0
Jesús de Machaca,2026-08-31 13:00:00,25,26.0,0.0,20.0,6.2,340.0
Jesús de Machaca,2026-08-31 13:00:00,28,26.0,0.0,20.0,5.1,5.0
Jesús de Machaca,2026-08-31 13:00:00,31,26.0,0.0,10.0,4.0,27.0
Jesús de Machaca,2026-08-31 13:00:00,34,26.0,0.0,3.0,3.3,17.0
Jesús de Machaca,2026-08-31 13:00:00,37,26.0,0.0,-8.0,2.6,7.0
Jesús de Machaca,2026-08-31 13:00:00,40,26.0,0.0,-8.0,2.3,360.0
Jesús de Machaca,2026-08-31 13:00:00,43,26.0,0.0,5.0,2.0,350.0
Jesús de Machaca,2026-08-31 13:00:00,46,26.0,0.0,12.0,2.9,346.0
Jesús de Machaca,2026-08-31 13:00:00,49,36.0,0.0,19.0,3.7,335.0
Jesús de Machaca,2026-08-31 13:00:00,52,36.0,0.0,19.0,2.8,283.0
Jesús de Machaca,2026-08-31 13:00:00,55,26.0,0.0,12.0,1.8,214.0
Jesús de Machaca,2026-08-31 13:00:00,58,26.0,0.0,1.0,1.5,298.0
Jesús de Machaca,2026-08-31 13:00:00,61,36.0,0.0,-7.0,1.3,358.0
Jesús de Machaca,2026-08-31 13:00:00,64,36.0,0.0,-7.0,1.2,357.0
Jesús de Machaca,2026-08-31 13:00:00,67,37.0,0.0,5.0,1.4,347.0
Jesús de Machaca,2026-08-31 13:00:00,70,36.0,0.0,10.0,3.4,348.0
Jesús de Machaca,2026-08-31 13:00:00,73,76.0,1.9,20.0,5.5,343.0
Jesús de Machaca,2026-08-31 13:00:00,76,77.0,1.3,20.0,4.8,12.0
Jesús de Machaca,2026-08-31 13:00:00,79,36.0,0.0,8.0,4.1,39.0
Jesús de Machaca,2026-08-31 13:00:00,82,36.0,0.0,-5.0,3.1,34.0
Jesús de Machaca,2026-08-31 13:00:00,85,36.0,0.0,-8.0,2.2,25.0
Jesús de Machaca,2026-08-31 13:00:00,88,37.0,0.0,-8.0,1.9,23.0
Jesús de Machaca,2026-08-31 13:00:00,91,37.0,0.0,7.0,1.4,18.0
Jesús de Machaca,2026-08-31 13:00:00,94,36.0,0.0,12.0,4.4,7.0
Jesús de Machaca,2026-08-31 13:00:00,97,55.0,0.0,19.0,7.4,350.0
Jesús de Machaca,2026-08-31 13:00:00,100,57.0,0.0,19.0,5.7,351.0
Jesús de Machaca,2026-08-31 13:00:00,103,56.0,0.0,10.0,4.0,348.0
Jesús de Machaca,2026-08-31 13:00:00,106,56.0,0.0,-8.0,2.9,20.0
Jesús de Machaca,2026-08-31 13:00:00,109,36.0,0.0,-8.0,1.9,45.0
Jesús de Machaca,2026-09-01 11:00:00,90,36.0,0.0,7.0,2.6,360.0
Jesús de Machaca,2026-09-01 11:00:00,93,36.0,0.0,7.0,1.8,38.0
Jesús de Machaca,2026-09-01 11:00:00,96,36.0,0.0,10.0,3.4,12.0
Jesús de Machaca,2026-09-01 11:00:00,99,56.0,0.0,13.0,4.9,340.0
Jesús de Machaca,2026-09-01 11:00:00,102,56.0,0.0,10.0,3.5,308.0
Jesús de Machaca,2026-09-01 11:00:00,105,56.0,0.0,6.0,2.0,270.0
Jesús de Machaca,2026-09-01 11:00:00,108,57.0,0.0,6.0,2.6,333.0
Jesús de Machaca,2026-09-01 11:00:00,111,56.0,0.0,6.0,3.2,35.0
Jesús de Machaca,2026-09-01 15:00:00,11,,,-11.0,,
Jesús de Machaca,2026-09-01 15:00:00,14,,,-11.0,,
Jesús de Machaca,2026-09-01 15:00:00,23,,,20.0,,
Jesús de Machaca,2026-09-01 15:00:00,26,,,20.0,,
Jesús de Machaca,2026-09-01 15:00:00,35,,,-12.0,,
Jesús de Machaca,2026-09-01 15:00:00,38,,,-12.0,,
Jesús de Machaca,2026-09-01 15:00:00,41,,,-2.0,,
Jesús de Machaca,2026-09-01 15:00:00,47,,,21.0,,
Jesús de Machaca,2026-09-01 15:00:00,50,,,21.0,,
Jesús de Machaca,2026-09-01 15:00:00,56,,,-2.0,,
Jesús de Machaca,2026-09-01 15:00:00,59,,,-11.0,,
Jesús de Machaca,2026-09-01 15:00:00,62,,,-11.0,,
Jesús de Machaca,2026-09-01 15:00:00,65,,,-3.0,,
Jesús de Machaca,2026-09-01 15:00:00,71,,,20.0,,
Jesús de Machaca,2026-09-01 15:00:00,74,,,20.0,,
Jesús de Machaca,2026-09-01 15:00:00,80,,,-4.0,,
Jesús de Machaca,2026-09-01 15:00:00,83,,,-11.0,,
Jesús de Machaca,2026-09-01 15:00:00,86,,,-10.0,,
Jesús de Machaca,2026-09-01 15:00:00,89,,,0.0,,
Jesús de Machaca,2026-09-01 15:00:00,95,,,19.0,,
Jesús de Machaca,2026-09-01 15:00:00,98,,,19.0,,
Jesús de Machaca,2026-09-01 15:00:00,101,,,13.0,,
Jesús de Machaca,2026-09-01 15:00:00,104,,,8.0,,
Jesús de Machaca,2026-09-01 15:00:00,107,,,1.0,,
Jesús de Machaca,2026-09-02 10:00:00,16,26.0,,,,
Jesús de Machaca,2026-09-02 10:00:00,19,26.0,,,,
Jesús de Machaca,2026-09-02 10:00:00,22,26.0,,,,
Jesús de Machaca,2026-09-02 10:00:00,25,26.0,,,,
Jesús de Machaca,2026-09-02 10:00:00,28,36.0,0.0,,,
Jesús de Machaca,2026-09-02 10:00:00,31,37.0,0.0,,,
Jesús de Machaca,2026-09-02 10:00:00,88,36.0,,,,
Jesús de Machaca,2026-09-02 10:00:00,91,36.0,0.0,6.0,2.9,350.0
Jesús de Machaca,2026-09-02 10:00:00,94,36.0,0.0,6.0,2.6,360.0
Jesús de Machaca,2026-09-02 10:00:00,97,36.0,0.0,10.0,4.0,357.0
Jesús de Machaca,2026-09-02 10:00:00,100,76.0,2.2,14.0,5.4,351.0
Jesús de Machaca,2026-09-02 10:00:00,103,76.0,2.2,11.0,4.0,338.0
Jesús de Machaca,2026-09-02 10:00:00,106,76.0,2.1,9.0,2.7,322.0
Jesús de Machaca,2026-09-02 10:00:00,109,76.0,1.5,8.0,2.1,342.0
Jesús de Machaca,2026-09-02 10:00:00,112,76.0,2.1,7.0,1.5,360.0
Jesús de Machaca,2026-09-02 15:00:00,8,,,2.0,,
Jesús de Machaca,2026-09-02 15:00:00,11,,,-3.0,,
Jesús de Machaca,2026-09-02 15:00:00,14,,,-3.0,,
Jesús de Machaca,2026-09-02 15:00:00,17,,,6.0,,
Jesús de Machaca,2026-09-02 15:00:00,23,,,18.0,,
Jesús de Machaca,2026-09-02 15:00:00,26,,,18.0,,
Jesús de Machaca,2026-09-02 15:00:00,29,,,10.0,,
Jesús de Machaca,2026-09-02 15:00:00,32,,,4.0,,
Jesús de Machaca,2026-09-02 15:00:00,35,,,-5.0,,
Jesús de Machaca,2026-09-02 15:00:00,38,,,-5.0,,
Jesús de Machaca,2026-09-02 15:00:00,41,,,4.0,,
Jesús de Machaca,2026-09-02 15:00:00,47,,,17.0,,
Jesús de Machaca,2026-09-02 15:00:00,50,,,17.0,,
Jesús de Machaca,2026-09-02 15:00:00,53,,,7.0,,
Jesús de Machaca,2026-09-02 15:00:00,56,,,1.0,,
Jesús de Machaca,2026-09-02 15:00:00,59,,,-4.0,,
Jesús de Machaca,2026-09-02 15:00:00,62,,,-4.0,,
Jesús de Machaca,2026-09-02 15:00:00,65,,,1.0,,
Jesús de Machaca,2026-09-02 15:00:00,71,,,16.0,,
Jesús de Machaca,2026-09-02 15:00:00,74,,,16.0,,
Jesús de Machaca,2026-09-02 15:00:00,83,,,-3.0,,
Jesús de Machaca,2026-09-02 15:00:00,86,,,-3.0,,
Jesús de Machaca,2026-09-02 15:00:00,98,,,14.0,,
Jesús de Machaca,2026-09-02 15:00:00,101,,,11.0,,
Jesús de Machaca,2026-09-02 15:00:00,107,,,4.0,,
Kocani,2026-08-31 13:00:00,1,26.0,0.0,13.0,15.1,290.0
Kocani,2026-08-31 13:00:00,4,27.0,0.0,13.0,11.8,299.0
Kocani,2026-08-31 13:00:00,7,26.0,0.0,6.0,8.4,299.0
Kocani,2026-08-31 13:00:00,10,26.0,0.0,2.0,5.6,270.0
Kocani,2026-08-31 13:00:00,13,26.0,0.0,-4.0,2.8,236.0
Kocani,2026-08-31 13:00:00,16,26.0,0.0,-4.0,2.2,315.0
Kocani,2026-08-31 13:00:00,19,26.0,0.0,1.0,1.9,0.0
Kocani,2026-08-31 13:00:00,22,27.0,0.0,7.0,5.1,327.0
Kocani,2026-08-31 13:00:00,25,26.0,0.0,15.0,8.3,294.0
Kocani,2026-08-31 13:00:00,28,26.0,0.0,15.0,5.5,334.0
Kocani,2026-08-31 13:00:00,31,26.0,0.0,8.0,2.6,10.0
Kocani,2026-08-31 13:00:00,34,27.0,0.0,4.0,2.0,1.0
Kocani,2026-08-31 13:00:00,37,27.0,0.0,-4.0,1.3,351.0
Kocani,2026-08-31 13:00:00,40,27.0,0.0,-4.0,0.9,338.0
Kocani,2026-08-31 13:00:00,43,26.0,0.0,3.0,1.5,347.0
Kocani,2026-08-31 13:00:00,46,26.0,0.0,8.0,3.9,324.0
Kocani,2026-08-31 13:00:00,49,26.0,0.0,14.0,6.3,294.0
Kocani,2026-08-31 13:00:00,52,26.0,0.0,14.0,4.4,340.0
Kocani,2026-08-31 13:00:00,55,26.0,0.0,8.0,2.5,20.0
Kocani,2026-08-31 13:00:00,58,27.0,0.0,2.0,2.2,360.0
Kocani,2026-08-31 13:00:00,61,26.0,0.0,-4.0,1.8,331.0
Kocani,2026-08-31 13:00:00,64,27.0,0.0,-4.0,1.3,308.0
Kocani,2026-08-31 13:00:00,67,26.0,0.0,3.0,0.9,292.0
Kocani,2026-08-31 13:00:00,70,26.0,0.0,8.0,3.3,296.0
Kocani,2026-08-31 13:00:00,73,26.0,0.0,15.0,5.8,290.0
Kocani,2026-08-31 13:00:00,76,26.0,0.0,15.0,4.4,340.0
Kocani,2026-08-31 13:00:00,79,26.0,0.0,6.0,3.0,20.0
Kocani,2026-08-31 13:00:00,82,27.0,0.0,-4.0,2.2,14.0
Kocani,2026-08-31 13:00:00,85,36.0,0.0,-5.0,1.3,4.0
Kocani,2026-08-31 13:00:00,88,37.0,0.0,-5.0,1.4,350.0
Kocani,2026-08-31 13:00:00,91,36.0,0.0,5.0,1.5,7.0
Kocani,2026-08-31 13:00:00,94,36.0,0.0,9.0,6.0,337.0
Kocani,2026-08-31 13:00:00,97,26.0,0.0,15.0,10.5,304.0
Kocani,2026-08-31 13:00:00,100,26.0,0.0,15.0,7.6,310.0
Kocani,2026-08-31 13:00:00,103,36.0,0.0,9.0,4.6,306.0
Kocani,2026-08-31 13:00:00,106,36.0,0.0,-5.0,3.7,320.0
Kocani,2026-08-31 13:00:00,109,36.0,0.0,-5.0,2.8,331.0
Kocani,2026-09-01 11:00:00,90,36.0,0.0,3.0,3.4,335.0
Kocani,2026-09-01 11:00:00,93,36.0,0.0,3.0,3.4,327.0
Kocani,2026-09-01 11:00:00,96,36.0,0.0,9.0,7.3,314.0
Kocani,2026-09-01 11:00:00,99,36.0,0.0,15.0,11.1,297.0
Kocani,2026-09-01 11:00:00,102,36.0,0.0,11.0,10.6,290.0
Kocani,2026-09-01 11:00:00,105,26.0,0.0,8.0,10.2,279.0
Kocani,2026-09-01 11:00:00,108,27.0,0.0,5.0,7.3,300.0
Kocani,2026-09-01 11:00:00,111,26.0,0.0,3.0,4.5,321.0
Kocani,2026-09-01 15:00:00,11,,,-2.0,,
Kocani,2026-09-01 15:00:00,14,,,-2.0,,
Kocani,2026-09-01 15:00:00,23,,,16.0,,
Kocani,2026-09-01 15:00:00,26,,,16.0,,
Kocani,2026-09-01 15:00:00,29,,,9.0,,
Kocani,2026-09-01 15:00:00,32,,,4.0,,
Kocani,2026-09-01 15:00:00,35,,,-1.0,,
Kocani,2026-09-01 15:00:00,38,,,-1.0,,
Kocani,2026-09-01 15:00:00,41,,,4.0,,
Kocani,2026-09-01 15:00:00,44,,,10.0,,
Kocani,2026-09-01 15:00:00,47,,,17.0,,
Kocani,2026-09-01 15:00:00,50,,,17.0,,
Kocani,2026-09-01 15:00:00,53,,,9.0,,
Kocani,2026-09-01 15:00:00,56,,,4.0,,
Kocani,2026-09-01 15:00:00,59,,,0.0,,
Kocani,2026-09-01 15:00:00,62,,,0.0,,
Kocani,2026-09-01 15:00:00,65,,,4.0,,
Kocani,2026-09-01 15:00:00,71,,,18.0,,
Kocani,2026-09-01 15:00:00,74,,,18.0,,
Kocani,2026-09-01 15:00:00,77,,,10.0,,
Kocani,2026-09-01 15:00:00,80,,,5.0,,
Kocani,2026-09-01 15:00:00,83,26.0,,-1.0,,
Kocani,2026-09-01 15:00:00,86,26.0,,-1.0,,
Kocani,2026-09-01 15:00:00,89,26.0,,5.0,,
Kocani,2026-09-01 15:00:00,92,26.0,,11.0,,
Kocani,2026-09-01 15:00:00,95,26.0,,17.0,,
Kocani,2026-09-01 15:00:00,98,26.0,,17.0,,
Kocani,2026-09-01 15:00:00,101,,,12.0,,
Kocani,2026-09-01 15:00:00,104,26.0,,8.0,,
Kocani,2026-09-01 15:00:00,107,27.0,,2.0,,
Kocani,2026-09-02 10:00:00,16,25.0,,,,
Kocani,2026-09-02 10:00:00,19,26.0,,,,
Kocani,2026-09-02 10:00:00,37,26.0,,,,
Kocani,2026-09-02 10:00:00,40,26.0,,,,
Kocani,2026-09-02 10:00:00,91,26.0,0.0,3.0,4.6,320.0
Kocani,2026-09-02 10:00:00,94,26.0,0.0,3.0,5.0,314.0
Kocani,2026-09-02 10:00:00,97,26.0,0.0,8.0,8.9,304.0
Kocani,2026-09-02 10:00:00,100,26.0,0.0,13.0,12.8,290.0
Kocani,2026-09-02 10:00:00,103,26.0,0.0,10.0,10.3,282.0
Kocani,2026-09-02 10:00:00,106,26.0,0.0,7.0,7.7,272.0
Kocani,2026-09-02 10:00:00,109,27.0,0.0,4.0,5.1,282.0
Kocani,2026-09-02 10:00:00,112,26.0,0.0,2.0,2.5,287.0
Kocani,2026-09-02 15:00:00,11,,,-3.0,,
Kocani,2026-09-02 15:00:00,14,,,-3.0,,
Kocani,2026-09-02 15:00:00,23,,,16.0,,
Kocani,2026-09-02 15:00:00,26,,,16.0,,
Kocani,2026-09-02 15:00:00,35,,,-3.0,,
Kocani,2026-09-02 15:00:00,38,,,-3.0,,
Kocani,2026-09-02 15:00:00,47,,,16.0,,
Kocani,2026-09-02 15:00:00,50,,,16.0,,
Kocani,2026-09-02 15:00:00,59,,,-2.0,,
Kocani,2026-09-02 15:00:00,62,,,-2.0,,
Kocani,2026-09-02 15:00:00,71,,,14.0,,
Kocani,2026-09-02 15:00:00,74,,,14.0,,
Kocani,2026-09-02 15:00:00,83,,,-2.0,,
Kocani,2026-09-02 15:00:00,86,,,-2.0,,
Kocani,2026-09-02 15:00:00,92,25.0,,,,
Kocani,2026-09-02 15:00:00,95,,,15.0,,
Kocani,2026-09-02 15:00:00,98,27.0,,15.0,,
Kocani,2026-09-02 15:00:00,101,,,11.0,,
Kocani,2026-09-02 15:00:00,104,26.0,,,,
Kocani,2026-09-02 15:00:00,107,27.0,,,,
La Paz - Centro,2026-08-31 13:00:00,1,26.0,0.0,24.0,4.0,49.0
La Paz - Centro,2026-08-31 13:00:00,4,26.0,0.0,24.0,3.4,49.0
La Paz - Centro,2026-08-31 13:00:00,7,26.0,0.0,18.0,2.6,43.0
La Paz - Centro,2026-08-31 13:00:00,10,26.0,0.0,13.0,2.1,39.0
La Paz - Centro,2026-08-31 13:00:00,13,36.0,0.0,7.0,1.4,32.0
La Paz - Centro,2026-08-31 13:00:00,16,36.0,0.0,7.0,2.1,47.0
La Paz - Centro,2026-08-31 13:00:00,19,36.0,0.0,12.0,2.1,45.0
La Paz - Centro,2026-08-31 13:00:00,22,36.0,0.0,17.0,3.4,49.0
La Paz - Centro,2026-08-31 13:00:00,25,26.0,0.0,24.0,4.6,49.0
La Paz - Centro,2026-08-31 13:00:00,28,26.0,0.0,24.0,3.9,49.0
La Paz - Centro,2026-08-31 13:00:00,31,36.0,0.0,17.0,3.1,42.0
La Paz - Centro,2026-08-31 13:00:00,34,36.0,0.0,14.0,2.4,49.0
La Paz - Centro,2026-08-31 13:00:00,37,36.0,0.0,6.0,1.6,51.0
La Paz - Centro,2026-08-31 13:00:00,40,26.0,0.0,6.0,1.5,39.0
La Paz - Centro,2026-08-31 13:00:00,43,26.0,0.0,10.0,1.0,36.0
La Paz - Centro,2026-08-31 13:00:00,46,26.0,0.0,15.0,2.6,49.0
La Paz - Centro,2026-08-31 13:00:00,49,36.0,0.0,23.0,4.1,55.0
La Paz - Centro,2026-08-31 13:00:00,52,36.0,0.0,23.0,3.4,55.0
La Paz - Centro,2026-08-31 13:00:00,55,26.0,0.0,18.0,2.7,45.0
La Paz - Centro,2026-08-31 13:00:00,58,26.0,0.0,13.0,2.1,48.0
La Paz - Centro,2026-08-31 13:00:00,61,36.0,0.0,7.0,1.4,48.0
La Paz - Centro,2026-08-31 13:00:00,64,36.0,0.0,7.0,0.9,85.0
La Paz - Centro,2026-08-31 13:00:00,67,36.0,0.0,10.0,0.8,54.0
La Paz - Centro,2026-08-31 13:00:00,70,36.0,0.0,15.0,2.8,60.0
La Paz - Centro,2026-08-31 13:00:00,73,76.0,0.8,23.0,4.8,57.0
La Paz - Centro,2026-08-31 13:00:00,76,76.0,2.8,23.0,4.2,52.0
La Paz - Centro,2026-08-31 13:00:00,79,36.0,0.0,13.0,3.6,42.0
La Paz - Centro,2026-08-31 13:00:00,82,36.0,0.0,9.0,2.3,57.0
La Paz - Centro,2026-08-31 13:00:00,85,37.0,0.0,6.0,1.0,64.0
La Paz - Centro,2026-08-31 13:00:00,88,36.0,0.0,6.0,1.5,62.0
La Paz - Centro,2026-08-31 13:00:00,91,36.0,0.0,11.0,1.5,45.0
La Paz - Centro,2026-08-31 13:00:00,94,36.0,0.0,13.0,3.2,45.0
La Paz - Centro,2026-08-31 13:00:00,97,56.0,0.0,22.0,4.8,38.0
La Paz - Centro,2026-08-31 13:00:00,100,56.0,0.0,22.0,3.6,38.0
La Paz - Centro,2026-08-31 13:00:00,103,56.0,0.0,11.0,2.4,33.0
La Paz - Centro,2026-08-31 13:00:00,106,56.0,0.0,6.0,1.7,39.0
La Paz - Centro,2026-08-31 13:00:00,109,36.0,0.0,6.0,1.0,41.0
La Paz - Centro,2026-09-01 11:00:00,90,36.0,0.0,9.0,1.6,70.0
La Paz - Centro,2026-09-01 11:00:00,93,36.0,0.0,9.0,1.6,75.0
La Paz - Centro,2026-09-01 11:00:00,96,36.0,0.0,12.0,2.6,59.0
La Paz - Centro,2026-09-01 11:00:00,99,56.0,0.0,15.0,3.7,37.0
La Paz - Centro,2026-09-01 11:00:00,102,56.0,0.0,13.0,3.2,35.0
La Paz - Centro,2026-09-01 11:00:00,105,56.0,0.0,11.0,2.6,25.0
La Paz - Centro,2026-09-01 11:00:00,108,56.0,0.0,10.0,2.3,15.0
La Paz - Centro,2026-09-01 11:00:00,111,56.0,0.0,9.0,1.9,4.0
La Paz - Centro,2026-09-01 15:00:00,11,,,7.0,,
La Paz - Centro,2026-09-01 15:00:00,14,,,7.0,,
La Paz - Centro,2026-09-01 15:00:00,17,,,12.0,,
La Paz - Centro,2026-09-01 15:00:00,20,,,16.0,,
La Paz - Centro,2026-09-01 15:00:00,35,,,8.0,,
La Paz - Centro,2026-09-01 15:00:00,38,,,8.0,,
La Paz - Centro,2026-09-01 15:00:00,41,,,14.0,,
La Paz - Centro,2026-09-01 15:00:00,44,,,18.0,,
La Paz - Centro,2026-09-01 15:00:00,47,,,24.0,,
La Paz - Centro,2026-09-01 15:00:00,50,,,24.0,,
La Paz - Centro,2026-09-01 15:00:00,53,,,18.0,,
La Paz - Centro,2026-09-01 15:00:00,56,,,12.0,,
La Paz - Centro,2026-09-01 15:00:00,59,,,7.0,,
La Paz - Centro,2026-09-01 15:00:00,62,,,7.0,,
La Paz - Centro,2026-09-01 15:00:00,65,,,12.0,,
La Paz - Centro,2026-09-01 15:00:00,68,,,17.0,,
La Paz - Centro,2026-09-01 15:00:00,71,,,23.0,,
La Paz - Centro,2026-09-01 15:00:00,74,,,23.0,,
La Paz - Centro,2026-09-01 15:00:00,77,,,17.0,,
La Paz - Centro,2026-09-01 15:00:00,80,,,12.0,,
La Paz - Centro,2026-09-01 15:00:00,83,,,7.0,,
La Paz - Centro,2026-09-01 15:00:00,86,,,7.0,,
La Paz - Centro,2026-09-01 15:00:00,89,,,11.0,,
La Paz - Centro,2026-09-01 15:00:00,92,,,16.0,,
La Paz - Centro,2026-09-01 15:00:00,95,,,23.0,,
La Paz - Centro,2026-09-01 15:00:00,98,,,23.0,,
La Paz - Centro,2026-09-01 15:00:00,101,,,17.0,,
La Paz - Centro,2026-09-01 15:00:00,104,,,14.0,,
La Paz - Centro,2026-09-01 15:00:00,107,,,10.0,,
La Paz - Centro,2026-09-02 10:00:00,16,26.0,,,,
La Paz - Centro,2026-09-02 10:00:00,19,26.0,,,,
La Paz - Centro,2026-09-02 10:00:00,22,26.0,,,,
La Paz - Centro,2026-09-02 10:00:00,25,26.0,,,,
La Paz - Centro,2026-09-02 10:00:00,28,36.0,0.0,,,
La Paz - Centro,2026-09-02 10:00:00,31,36.0,0.0,,,
La Paz - Centro,2026-09-02 10:00:00,40,36.0,,,,
La Paz - Centro,2026-09-02 10:00:00,88,36.0,,,,
La Paz - Centro,2026-09-02 10:00:00,91,36.0,0.0,8.0,1.6,42.0
La Paz - Centro,2026-09-02 10:00:00,94,36.0,0.0,8.0,1.2,54.0
La Paz - Centro,2026-09-02 10:00:00,97,36.0,0.0,12.0,2.8,49.0
La Paz - Centro,2026-09-02 10:00:00,100,76.0,2.2,15.0,4.4,42.0
La Paz - Centro,2026-09-02 10:00:00,103,76.0,1.3,12.0,3.5,42.0
La Paz - Centro,2026-09-02 10:00:00,106,76.0,1.6,9.0,2.6,38.0
La Paz - Centro,2026-09-02 10:00:00,109,76.0,1.9,9.0,2.3,48.0
La Paz - Centro,2026-09-02 10:00:00,112,76.0,1.9,8.0,2.0,52.0
La Paz - Centro,2026-09-02 15:00:00,23,,,21.0,,
La Paz - Centro,2026-09-02 15:00:00,26,,,21.0,,
La Paz - Centro,2026-09-02 15:00:00,47,,,20.0,,
La Paz - Centro,2026-09-02 15:00:00,50,,,20.0,,
La Paz - Centro,2026-09-02 15:00:00,71,,,21.0,,
La Paz - Centro,2026-09-02 15:00:00,74,,,21.0,,
La Paz - Centro,2026-09-02 15:00:00,80,,,13.0,,
La Paz - Centro,2026-09-02 15:00:00,83,,,7.0,,
La Paz - Centro,2026-09-02 15:00:00,86,,,7.0,,
La Paz - Centro,2026-09-02 15:00:00,89,,,9.0,,
La Paz - Centro,2026-09-02 15:00:00,95,,,19.0,,
La Paz - Centro,2026-09-02 15:00:00,98,,,19.0,,
La Paz - Centro,2026-09-02 15:00:00,101,,,17.0,,
La Paz - Centro,2026-09-02 15:00:00,104,,,14.0,,
La Paz - Centro,2026-09-02 15:00:00,107,,,12.0,,
Laguna Colorada (GPRS),2026-08-31 13:00:00,1,26.0,0.0,11.0,9.8,251.0
Laguna Colorada (GPRS),2026-08-31 13:00:00,4,26.0,0.0,11.0,6.9,253.0
Laguna Colorada (GPRS),2026-08-31 13:00:00,7,26.0,0.0,6.0,3.8,253.0
Laguna Colorada (GPRS),2026-08-31 13:00:00,10,26.0,0.0,2.0,3.0,261.0
Laguna Colorada (GPRS),2026-08-31 13:00:00,13,26.0,0.0,-1.0,2.1,265.0
Laguna Colorada (GPRS),2026-08-31 13:00:00,16,26.0,0.0,-1.0,2.0,258.0
Laguna Colorada (GPRS),2026-08-31 13:00:00,19,26.0,0.0,2.0,1.9,241.0
Laguna Colorada (GPRS),2026-08-31 13:00:00,22,26.0,0.0,6.0,3.7,251.0
Laguna Colorada (GPRS),2026-08-31 13:00:00,25,25.0,0.0,9.0,5.5,260.0
Laguna Colorada (GPRS),2026-08-31 13:00:00,28,26.0,0.0,9.0,4.1,260.0
Laguna Colorada (GPRS),2026-08-31 13:00:00,31,26.0,0.0,6.0,2.7,250.0
Laguna Colorada (GPRS),2026-08-31 13:00:00,34,26.0,0.0,1.0,2.3,243.0
Laguna Colorada (GPRS),2026-08-31 13:00:00,37,26.0,0.0,-2.0,1.8,228.0
Laguna Colorada (GPRS),2026-08-31 13:00:00,40,26.0,0.0,-2.0,1.7,235.0
Laguna Colorada (GPRS),2026-08-31 13:00:00,43,26.0,0.0,1.0,1.5,228.0
Laguna Colorada (GPRS),2026-08-31 13:00:00,46,26.0,0.0,5.0,3.5,245.0
Laguna Colorada (GPRS),2026-08-31 13:00:00,49,26.0,0.0,10.0,5.6,260.0
Laguna Colorada (GPRS),2026-08-31 13:00:00,52,26.0,0.0,10.0,3.8,260.0
Laguna Colorada (GPRS),2026-08-31 13:00:00,55,26.0,0.0,6.0,2.0,252.0
Laguna Colorada (GPRS),2026-08-31 13:00:00,58,26.0,0.0,3.0,2.1,253.0
Laguna Colorada (GPRS),2026-08-31 13:00:00,61,26.0,0.0,-2.0,2.1,246.0
Laguna Colorada (GPRS),2026-08-31 13:00:00,64,26.0,0.0,-2.0,1.9,253.0
Laguna Colorada (GPRS),2026-08-31 13:00:00,67,26.0,0.0,1.0,1.4,254.0
Laguna Colorada (GPRS),2026-08-31 13:00:00,70,26.0,0.0,5.0,3.4,261.0
Laguna Colorada (GPRS),2026-08-31 13:00:00,73,26.0,0.0,9.0,5.3,260.0
Laguna Colorada (GPRS),2026-08-31 13:00:00,76,26.0,0.0,9.0,3.9,243.0
Laguna Colorada (GPRS),2026-08-31 13:00:00,79,26.0,0.0,3.0,2.5,223.0
Laguna Colorada (GPRS),2026-08-31 13:00:00,82,26.0,0.0,0.0,2.1,250.0
Laguna Colorada (GPRS),2026-08-31 13:00:00,85,35.0,0.0,-2.0,1.8,268.0
Laguna Colorada (GPRS),2026-08-31 13:00:00,88,36.0,0.0,-3.0,1.4,292.0
Laguna Colorada (GPRS),2026-08-31 13:00:00,91,36.0,0.0,1.0,1.5,293.0
Laguna Colorada (GPRS),2026-08-31 13:00:00,94,36.0,0.0,4.0,4.2,278.0
Laguna Colorada (GPRS),2026-08-31 13:00:00,97,26.0,0.0,9.0,6.9,263.0
Laguna Colorada (GPRS),2026-08-31 13:00:00,100,27.0,0.0,9.0,5.0,260.0
Laguna Colorada (GPRS),2026-08-31 13:00:00,103,36.0,0.0,1.0,3.1,250.0
Laguna Colorada (GPRS),2026-08-31 13:00:00,106,36.0,0.0,-3.0,2.7,260.0
Laguna Colorada (GPRS),2026-08-31 13:00:00,109,36.0,0.0,-3.0,2.2,267.0
Laguna Colorada (GPRS),2026-09-01 11:00:00,90,36.0,0.0,0.0,2.4,293.0
Laguna Colorada (GPRS),2026-09-01 11:00:00,93,36.0,0.0,1.0,2.6,303.0
Laguna Colorada (GPRS),2026-09-01 11:00:00,96,36.0,0.0,3.0,6.9,283.0
Laguna Colorada (GPRS),2026-09-01 11:00:00,99,35.0,0.0,6.0,11.4,260.0
Laguna Colorada (GPRS),2026-09-01 11:00:00,102,36.0,0.0,3.0,8.9,263.0
Laguna Colorada (GPRS),2026-09-01 11:00:00,105,27.0,0.0,0.0,6.5,263.0
Laguna Colorada (GPRS),2026-09-01 11:00:00,108,26.0,0.0,-1.0,4.8,273.0
Laguna Colorada (GPRS),2026-09-01 11:00:00,111,26.0,0.0,-3.0,3.0,273.0
Laguna Colorada (GPRS),2026-09-01 15:00:00,11,,,-9.0,,
Laguna Colorada (GPRS),2026-09-01 15:00:00,14,,,-9.0,,
Laguna Colorada (GPRS),2026-09-01 15:00:00,17,,,-4.0,,
Laguna Colorada (GPRS),2026-09-01 15:00:00,20,,,1.0,,
Laguna Colorada (GPRS),2026-09-01 15:00:00,23,,,8.0,,
Laguna Colorada (GPRS),2026-09-01 15:00:00,26,,,8.0,,
Laguna Colorada (GPRS),2026-09-01 15:00:00,29,,,1.0,,
Laguna Colorada (GPRS),2026-09-01 15:00:00,32,,,-3.0,,
Laguna Colorada (GPRS),2026-09-01 15:00:00,35,,,-8.0,,
Laguna Colorada (GPRS),2026-09-01 15:00:00,38,,,-9.0,,
Laguna Colorada (GPRS),2026-09-01 15:00:00,41,,,-3.0,,
Laguna Colorada (GPRS),2026-09-01 15:00:00,44,,,2.0,,
Laguna Colorada (GPRS),2026-09-01 15:00:00,56,,,-1.0,,
Laguna Colorada (GPRS),2026-09-01 15:00:00,59,,,-7.0,,
Laguna Colorada (GPRS),2026-09-01 15:00:00,62,,,-8.0,,
Laguna Colorada (GPRS),2026-09-01 15:00:00,65,,,-3.0,,
Laguna Colorada (GPRS),2026-09-01 15:00:00,68,,,2.0,,
Laguna Colorada (GPRS),2026-09-01 15:00:00,71,,,10.0,,
Laguna Colorada (GPRS),2026-09-01 15:00:00,74,,,10.0,,
Laguna Colorada (GPRS),2026-09-01 15:00:00,77,,,3.0,,
Laguna Colorada (GPRS),2026-09-01 15:00:00,80,,,-1.0,,
Laguna Colorada (GPRS),2026-09-01 15:00:00,83,26.0,,-7.0,,
Laguna Colorada (GPRS),2026-09-01 15:00:00,86,26.0,,-7.0,,
Laguna Colorada (GPRS),2026-09-01 15:00:00,89,26.0,,-3.0,,
Laguna Colorada (GPRS),2026-09-01 15:00:00,92,27.0,,,,
Laguna Colorada (GPRS),2026-09-01 15:00:00,95,26.0,,9.0,,
Laguna Colorada (GPRS),2026-09-01 15:00:00,98,27.0,,9.0,,
Laguna Colorada (GPRS),2026-09-01 15:00:00,101,,,4.0,,
Laguna Colorada (GPRS),2026-09-01 15:00:00,104,27.0,,,,
Laguna Colorada (GPRS),2026-09-01 15:00:00,107,,,-5.0,,
Laguna Colorada (GPRS),2026-09-02 10:00:00,25,27.0,,,,
Laguna Colorada (GPRS),2026-09-02 10:00:00,40,26.0,,,,
Laguna Colorada (GPRS),2026-09-02 10:00:00,88,27.0,,,,
Laguna Colorada (GPRS),2026-09-02 10:00:00,91,26.0,0.0,-2.0,3.6,280.0
Laguna Colorada (GPRS),2026-09-02 10:00:00,94,27.0,0.0,-1.0,4.1,280.0
Laguna Colorada (GPRS),2026-09-02 10:00:00,97,26.0,0.0,2.0,9.0,270.0
Laguna Colorada (GPRS),2026-09-02 10:00:00,100,26.0,0.0,5.0,13.9,260.0
Laguna Colorada (GPRS),2026-09-02 10:00:00,103,26.0,0.0,2.0,10.9,260.0
Laguna Colorada (GPRS),2026-09-02 10:00:00,106,26.0,0.0,-1.0,8.0,250.0
Laguna Colorada (GPRS),2026-09-02 10:00:00,109,26.0,0.0,-2.0,5.6,260.0
Laguna Colorada (GPRS),2026-09-02 10:00:00,112,26.0,0.0,-4.0,3.2,260.0
Laguna Colorada (GPRS),2026-09-02 15:00:00,11,,,-11.0,,
Laguna Colorada (GPRS),2026-09-02 15:00:00,14,,,-11.0,,
Laguna Colorada (GPRS),2026-09-02 15:00:00,23,,,14.0,,
Laguna Colorada (GPRS),2026-09-02 15:00:00,26,,,14.0,,
Laguna Colorada (GPRS),2026-09-02 15:00:00,35,,,-11.0,,
Laguna Colorada (GPRS),2026-09-02 15:00:00,38,,,-11.0,,
Laguna Colorada (GPRS),2026-09-02 15:00:00,47,,,14.0,,
Laguna Colorada (GPRS),2026-09-02 15:00:00,50,,,14.0,,
Laguna Colorada (GPRS),2026-09-02 15:00:00,59,,,-10.0,,
Laguna Colorada (GPRS),2026-09-02 15:00:00,62,,,-10.0,,
Laguna Colorada (GPRS),2026-09-02 15:00:00,71,,,12.0,,
Laguna Colorada (GPRS),2026-09-02 15:00:00,74,,,12.0,,
Laguna Colorada (GPRS),2026-09-02 15:00:00,83,,,-10.0,,
Laguna Colorada (GPRS),2026-09-02 15:00:00,86,,,-10.0,,
Laguna Colorada (GPRS),2026-09-02 15:00:00,95,,,13.0,,
Laguna Colorada (GPRS),2026-09-02 15:00:00,98,,,13.0,,
Laguna Colorada (GPRS),2026-09-02 15:00:00,101,27.0,,8.0,,
Laguna Colorada (GPRS),2026-09-02 15:00:00,104,27.0,,4.0,,
Laguna Colorada (GPRS),2026-09-02 15:00:00,107,27.0,,1.0,,
Magdalena,2026-08-31 13:00:00,1,36.0,0.0,36.0,6.1,310.0
Magdalena,2026-08-31 13:00:00,4,37.0,0.0,36.0,4.7,327.0
Magdalena,2026-08-31 13:00:00,7,36.0,0.0,29.0,3.2,337.0
Magdalena,2026-08-31 13:00:00,10,36.0,0.0,24.0,3.1,350.0
Magdalena,2026-08-31 13:00:00,13,56.0,0.0,20.0,3.0,360.0
Magdalena,2026-08-31 13:00:00,16,56.0,0.0,20.0,3.0,35.0
Magdalena,2026-08-31 13:00:00,19,56.0,0.0,25.0,3.1,165.0
Magdalena,2026-08-31 13:00:00,22,56.0,0.0,29.0,4.0,185.0
Magdalena,2026-08-31 13:00:00,25,56.0,0.0,32.0,4.8,199.0
Magdalena,2026-08-31 13:00:00,28,56.0,0.0,32.0,4.1,169.0
Magdalena,2026-08-31 13:00:00,31,56.0,0.0,28.0,3.4,134.0
Magdalena,2026-08-31 13:00:00,34,56.0,0.0,24.0,3.9,144.0
Magdalena,2026-08-31 13:00:00,37,56.0,0.0,17.0,4.4,150.0
Magdalena,2026-08-31 13:00:00,40,27.0,0.0,17.0,4.7,150.0
Magdalena,2026-08-31 13:00:00,43,26.0,0.0,25.0,5.4,150.0
Magdalena,2026-08-31 13:00:00,46,26.0,0.0,29.0,3.2,232.0
Magdalena,2026-08-31 13:00:00,49,26.0,0.0,34.0,1.0,321.0
Magdalena,2026-08-31 13:00:00,52,26.0,0.0,34.0,1.3,301.0
Magdalena,2026-08-31 13:00:00,55,26.0,0.0,28.0,1.5,276.0
Magdalena,2026-08-31 13:00:00,58,26.0,0.0,24.0,1.8,245.0
Magdalena,2026-08-31 13:00:00,61,26.0,0.0,18.0,2.0,211.0
Magdalena,2026-08-31 13:00:00,64,26.0,0.0,18.0,2.3,100.0
Magdalena,2026-08-31 13:00:00,67,26.0,0.0,25.0,2.2,27.0
Magdalena,2026-08-31 13:00:00,70,26.0,0.0,29.0,3.7,350.0
Magdalena,2026-08-31 13:00:00,73,36.0,0.0,35.0,5.2,310.0
Magdalena,2026-08-31 13:00:00,76,36.0,0.0,35.0,3.7,312.0
Magdalena,2026-08-31 13:00:00,79,26.0,0.0,28.0,2.3,309.0
Magdalena,2026-08-31 13:00:00,82,26.0,0.0,21.0,2.5,329.0
Magdalena,2026-08-31 13:00:00,85,36.0,0.0,20.0,2.7,344.0
Magdalena,2026-08-31 13:00:00,88,36.0,0.0,20.0,3.6,340.0
Magdalena,2026-08-31 13:00:00,91,36.0,0.0,26.0,5.1,330.0
Magdalena,2026-08-31 13:00:00,94,36.0,0.0,29.0,5.6,320.0
Magdalena,2026-08-31 13:00:00,97,56.0,0.0,36.0,6.2,310.0
Magdalena,2026-08-31 13:00:00,100,56.0,0.0,36.0,5.0,330.0
Magdalena,2026-08-31 13:00:00,103,56.0,0.0,30.0,3.8,346.0
Magdalena,2026-08-31 13:00:00,106,56.0,0.0,20.0,3.9,350.0
Magdalena,2026-08-31 13:00:00,109,36.0,0.0,20.0,4.0,347.0
Magdalena,2026-09-01 11:00:00,90,36.0,0.0,31.0,3.9,357.0
Magdalena,2026-09-01 11:00:00,93,37.0,0.0,32.0,4.8,333.0
Magdalena,2026-09-01 11:00:00,96,36.0,0.0,37.0,4.8,323.0
Magdalena,2026-09-01 11:00:00,99,36.0,0.0,42.0,4.8,310.0
Magdalena,2026-09-01 11:00:00,102,36.0,0.0,37.0,3.9,357.0
Magdalena,2026-09-01 11:00:00,105,56.0,0.0,32.0,2.9,41.0
Magdalena,2026-09-01 11:00:00,108,57.0,0.0,30.0,2.8,17.0
Magdalena,2026-09-01 11:00:00,111,56.0,0.0,27.0,2.6,353.0
Magdalena,2026-09-01 15:00:00,11,,,22.0,,
Magdalena,2026-09-01 15:00:00,14,,,22.0,,
Magdalena,2026-09-01 15:00:00,17,,,26.0,,
Magdalena,2026-09-01 15:00:00,20,,,30.0,,
Magdalena,2026-09-01 15:00:00,29,,,30.0,,
Magdalena,2026-09-01 15:00:00,32,,,26.0,,
Magdalena,2026-09-01 15:00:00,35,,,23.0,,
Magdalena,2026-09-01 15:00:00,38,,,23.0,,
Magdalena,2026-09-01 15:00:00,41,,,27.0,,
Magdalena,2026-09-01 15:00:00,44,,,30.0,,
Magdalena,2026-09-01 15:00:00,53,,,29.0,,
Magdalena,2026-09-01 15:00:00,56,,,26.0,,
Magdalena,2026-09-01 15:00:00,59,,,23.0,,
Magdalena,2026-09-01 15:00:00,62,,,23.0,,
Magdalena,2026-09-01 15:00:00,65,,,27.0,,
Magdalena,2026-09-01 15:00:00,68,,,30.0,,
Magdalena,2026-09-01 15:00:00,80,,,26.0,,
Magdalena,2026-09-01 15:00:00,83,,,23.0,,
Magdalena,2026-09-01 15:00:00,86,,,23.0,,
Magdalena,2026-09-01 15:00:00,89,,,28.0,,
Magdalena,2026-09-01 15:00:00,92,,,32.0,,
Magdalena,2026-09-01 15:00:00,95,,,36.0,,
Magdalena,2026-09-01 15:00:00,98,,,36.0,,
Magdalena,2026-09-01 15:00:00,107,,,26.0,,
Magdalena,2026-09-02 10:00:00,40,26.0,,,,
Magdalena,2026-09-02 10:00:00,88,89.0,1.7,,,
Magdalena,2026-09-02 10:00:00,91,89.0,2.5,29.0,4.7,189.0
Magdalena,2026-09-02 10:00:00,94,89.0,2.5,29.0,7.2,133.0
Magdalena,2026-09-02 10:00:00,97,89.0,1.7,33.0,6.0,123.0
Magdalena,2026-09-02 10:00:00,100,56.0,0.0,37.0,4.8,113.0
Magdalena,2026-09-02 10:00:00,103,56.0,0.0,34.0,5.2,147.0
Magdalena,2026-09-02 10:00:00,106,56.0,0.0,31.0,5.6,174.0
Magdalena,2026-09-02 10:00:00,109,56.0,0.0,28.0,5.2,174.0
Magdalena,2026-09-02 10:00:00,112,56.0,0.0,25.0,4.9,170.0
Magdalena,2026-09-02 15:00:00,11,,,22.0,,
Magdalena,2026-09-02 15:00:00,14,,,22.0,,
Magdalena,2026-09-02 15:00:00,23,,,37.0,,
Magdalena,2026-09-02 15:00:00,26,,,37.0,,
Magdalena,2026-09-02 15:00:00,35,,,22.0,,
Magdalena,2026-09-02 15:00:00,38,,,22.0,,
Magdalena,2026-09-02 15:00:00,47,,,37.0,,
Magdalena,2026-09-02 15:00:00,50,,,37.0,,
Magdalena,2026-09-02 15:00:00,71,,,38.0,,
Magdalena,2026-09-02 15:00:00,74,,,38.0,,
Magdalena,2026-09-02 15:00:00,80,,,25.0,,
Magdalena,2026-09-02 15:00:00,83,,,20.0,,
Magdalena,2026-09-02 15:00:00,86,,,20.0,,
Magdalena,2026-09-02 15:00:00,89,,,24.0,,
Magdalena,2026-09-02 15:00:00,92,,,30.0,,
Magdalena,2026-09-02 15:00:00,95,,,34.0,,
Mecapaca,2026-08-31 13:00:00,1,26.0,0.0,26.0,1.9,8.0
Mecapaca,2026-08-31 13:00:00,4,26.0,0.0,26.0,2.4,45.0
Mecapaca,2026-08-31 13:00:00,7,26.0,0.0,16.0,2.9,77.0
Mecapaca,2026-08-31 13:00:00,10,27.0,0.0,12.0,2.7,78.0
Mecapaca,2026-08-31 13:00:00,13,36.0,0.0,9.0,2.5,78.0
Mecapaca,2026-08-31 13:00:00,16,36.0,0.0,9.0,2.7,63.0
Mecapaca,2026-08-31 13:00:00,19,36.0,0.0,11.0,2.8,49.0
Mecapaca,2026-08-31 13:00:00,22,36.0,0.0,18.0,3.2,59.0
Mecapaca,2026-08-31 13:00:00,25,26.0,0.0,26.0,3.6,65.0
Mecapaca,2026-08-31 13:00:00,28,26.0,0.0,26.0,3.5,65.0
Mecapaca,2026-08-31 13:00:00,31,36.0,0.0,20.0,3.2,64.0
Mecapaca,2026-08-31 13:00:00,34,36.0,0.0,15.0,2.7,69.0
Mecapaca,2026-08-31 13:00:00,37,36.0,0.0,8.0,2.2,69.0
Mecapaca,2026-08-31 13:00:00,40,26.0,0.0,8.0,1.8,15.0
Mecapaca,2026-08-31 13:00:00,43,25.0,0.0,10.0,1.3,316.0
Mecapaca,2026-08-31 13:00:00,46,26.0,0.0,16.0,2.1,352.0
Mecapaca,2026-08-31 13:00:00,49,36.0,0.0,25.0,3.0,119.0
Mecapaca,2026-08-31 13:00:00,52,36.0,0.0,25.0,3.1,99.0
Mecapaca,2026-08-31 13:00:00,55,26.0,0.0,17.0,3.1,73.0
Mecapaca,2026-08-31 13:00:00,58,26.0,0.0,13.0,2.5,83.0
Mecapaca,2026-08-31 13:00:00,61,36.0,0.0,9.0,1.9,93.0
Mecapaca,2026-08-31 13:00:00,64,36.0,0.0,9.0,0.9,113.0
Mecapaca,2026-08-31 13:00:00,67,36.0,0.0,11.0,0.4,330.0
Mecapaca,2026-08-31 13:00:00,70,36.0,0.0,16.0,2.3,35.0
Mecapaca,2026-08-31 13:00:00,73,76.0,1.3,25.0,4.2,93.0
Mecapaca,2026-08-31 13:00:00,76,76.0,1.5,25.0,4.0,83.0
Mecapaca,2026-08-31 13:00:00,79,36.0,0.0,15.0,3.8,65.0
Mecapaca,2026-08-31 13:00:00,82,37.0,0.0,11.0,2.5,80.0
Mecapaca,2026-08-31 13:00:00,85,37.0,0.0,8.0,1.1,85.0
Mecapaca,2026-08-31 13:00:00,88,36.0,0.0,6.0,1.5,94.0
Mecapaca,2026-08-31 13:00:00,91,36.0,0.0,11.0,1.5,83.0
Mecapaca,2026-08-31 13:00:00,94,36.0,0.0,14.0,3.2,74.0
Mecapaca,2026-08-31 13:00:00,97,56.0,0.0,23.0,4.8,64.0
Mecapaca,2026-08-31 13:00:00,100,56.0,0.0,23.0,4.2,64.0
Mecapaca,2026-08-31 13:00:00,103,56.0,0.0,12.0,3.5,64.0
Mecapaca,2026-08-31 13:00:00,106,56.0,0.0,7.0,2.7,83.0
Mecapaca,2026-08-31 13:00:00,109,36.0,0.0,7.0,1.9,98.0
Mecapaca,2026-09-01 11:00:00,90,36.0,0.0,6.0,2.1,78.0
Mecapaca,2026-09-01 11:00:00,93,36.0,0.0,6.0,2.2,79.0
Mecapaca,2026-09-01 11:00:00,96,37.0,0.0,8.0,2.5,69.0
Mecapaca,2026-09-01 11:00:00,99,56.0,0.0,11.0,2.8,55.0
Mecapaca,2026-09-01 11:00:00,102,56.0,0.0,9.0,2.7,59.0
Mecapaca,2026-09-01 11:00:00,105,56.0,0.0,7.0,2.6,58.0
Mecapaca,2026-09-01 11:00:00,108,56.0,0.0,7.0,2.0,15.0
Mecapaca,2026-09-01 11:00:00,111,56.0,0.0,6.0,1.3,325.0
Mecapaca,2026-09-01 15:00:00,11,,,11.0,,
Mecapaca,2026-09-01 15:00:00,14,,,11.0,,
Mecapaca,2026-09-01 15:00:00,17,,,15.0,,
Mecapaca,2026-09-01 15:00:00,20,,,20.0,,
Mecapaca,2026-09-01 15:00:00,23,,,29.0,,
Mecapaca,2026-09-01 15:00:00,26,,,29.0,,
Mecapaca,2026-09-01 15:00:00,29,,,21.0,,
Mecapaca,2026-09-01 15:00:00,32,,,17.0,,
Mecapaca,2026-09-01 15:00:00,35,,,11.0,,
Mecapaca,2026-09-01 15:00:00,38,,,11.0,,
Mecapaca,2026-09-01 15:00:00,41,,,17.0,,
Mecapaca,2026-09-01 15:00:00,44,,,22.0,,
Mecapaca,2026-09-01 15:00:00,47,,,29.0,,
Mecapaca,2026-09-01 15:00:00,50,,,29.0,,
Mecapaca,2026-09-01 15:00:00,53,,,22.0,,
Mecapaca,2026-09-01 15:00:00,56,,,17.0,,
Mecapaca,2026-09-01 15:00:00,59,,,10.0,,
Mecapaca,2026-09-01 15:00:00,62,,,10.0,,
Mecapaca,2026-09-01 15:00:00,65,,,17.0,,
Mecapaca,2026-09-01 15:00:00,68,,,21.0,,
Mecapaca,2026-09-01 15:00:00,71,,,28.0,,
Mecapaca,2026-09-01 15:00:00,74,,,28.0,,
Mecapaca,2026-09-01 15:00:00,77,,,20.0,,
Mecapaca,2026-09-01 15:00:00,80,,,16.0,,
Mecapaca,2026-09-01 15:00:00,83,,,10.0,,
Mecapaca,2026-09-01 15:00:00,86,,,9.0,,
Mecapaca,2026-09-01 15:00:00,89,,,14.0,,
Mecapaca,2026-09-01 15:00:00,92,,,19.0,,
Mecapaca,2026-09-01 15:00:00,95,,,27.0,,
Mecapaca,2026-09-01 15:00:00,98,,,27.0,,
Mecapaca,2026-09-01 15:00:00,101,,,22.0,,
Mecapaca,2026-09-01 15:00:00,104,,,19.0,,
Mecapaca,2026-09-01 15:00:00,107,,,14.0,,
Mecapaca,2026-09-02 10:00:00,16,26.0,,,,
Mecapaca,2026-09-02 10:00:00,19,27.0,,,,
Mecapaca,2026-09-02 10:00:00,22,26.0,,,,
Mecapaca,2026-09-02 10:00:00,25,26.0,,,,
Mecapaca,2026-09-02 10:00:00,28,36.0,0.0,,,
Mecapaca,2026-09-02 10:00:00,31,36.0,0.0,,,
Mecapaca,2026-09-02 10:00:00,37,36.0,,,,
Mecapaca,2026-09-02 10:00:00,40,36.0,,,,
Mecapaca,2026-09-02 10:00:00,88,35.0,,,,
Mecapaca,2026-09-02 10:00:00,91,36.0,0.0,6.0,1.4,68.0
Mecapaca,2026-09-02 10:00:00,94,36.0,0.0,6.0,1.0,60.0
Mecapaca,2026-09-02 10:00:00,97,36.0,0.0,9.0,2.6,70.0
Mecapaca,2026-09-02 10:00:00,100,75.0,1.8,12.0,4.0,69.0
Mecapaca,2026-09-02 10:00:00,103,76.0,1.0,9.0,3.4,73.0
Mecapaca,2026-09-02 10:00:00,106,75.0,0.9,7.0,2.8,68.0
Mecapaca,2026-09-02 10:00:00,109,75.0,1.7,7.0,2.6,78.0
Mecapaca,2026-09-02 10:00:00,112,76.0,2.8,6.0,2.4,83.0
Mecapaca,2026-09-02 15:00:00,17,,,18.0,,
Mecapaca,2026-09-02 15:00:00,35,,,11.0,,
Mecapaca,2026-09-02 15:00:00,38,,,11.0,,
Mecapaca,2026-09-02 15:00:00,47,,,24.0,,
Mecapaca,2026-09-02 15:00:00,50,,,24.0,,
Mecapaca,2026-09-02 15:00:00,56,,,17.0,,
Mecapaca,2026-09-02 15:00:00,62,,,10.0,,
Mecapaca,2026-09-02 15:00:00,65,,,15.0,,
Mecapaca,2026-09-02 15:00:00,71,,,23.0,,
Mecapaca,2026-09-02 15:00:00,74,,,23.0,,
Mecapaca,2026-09-02 15:00:00,77,,,21.0,,
Mecapaca,2026-09-02 15:00:00,80,,,16.0,,
Mecapaca,2026-09-02 15:00:00,83,,,10.0,,
Mecapaca,2026-09-02 15:00:00,86,,,8.0,,
Mecapaca,2026-09-02 15:00:00,89,,,12.0,,
Mecapaca,2026-09-02 15:00:00,92,,,16.0,,
Mecapaca,2026-09-02 15:00:00,95,,,20.0,,
Mecapaca,2026-09-02 15:00:00,98,,,20.0,,
Mecapaca,2026-09-02 15:00:00,101,,,17.0,,
Mecapaca,2026-09-02 15:00:00,104,,,14.0,,
Mecapaca,2026-09-02 15:00:00,107,,,12.0,,
Misicuni-Sivingani,2026-08-31 13:00:00,1,37.0,0.0,14.0,6.1,314.0
Misicuni-Sivingani,2026-08-31 13:00:00,4,36.0,0.0,14.0,6.0,321.0
Misicuni-Sivingani,2026-08-31 13:00:00,7,36.0,0.0,10.0,6.0,321.0
Misicuni-Sivingani,2026-08-31 13:00:00,10,36.0,0.0,6.0,5.1,321.0
Misicuni-Sivingani,2026-08-31 13:00:00,13,26.0,0.0,0.0,4.1,321.0
Misicuni-Sivingani,2026-08-31 13:00:00,16,26.0,0.0,0.0,4.5,328.0
Misicuni-Sivingani,2026-08-31 13:00:00,19,25.0,0.0,6.0,5.0,321.0
Misicuni-Sivingani,2026-08-31 13:00:00,22,26.0,0.0,9.0,5.7,321.0
Misicuni-Sivingani,2026-08-31 13:00:00,25,26.0,0.0,12.0,6.4,311.0
Misicuni-Sivingani,2026-08-31 13:00:00,28,26.0,0.0,12.0,5.9,321.0
Misicuni-Sivingani,2026-08-31 13:00:00,31,26.0,0.0,10.0,5.3,331.0
Misicuni-Sivingani,2026-08-31 13:00:00,34,26.0,0.0,5.0,5.0,330.0
Misicuni-Sivingani,2026-08-31 13:00:00,37,25.0,0.0,-1.0,4.6,320.0
Misicuni-Sivingani,2026-08-31 13:00:00,40,36.0,0.0,-1.0,4.8,320.0
Misicuni-Sivingani,2026-08-31 13:00:00,43,36.0,0.0,4.0,5.2,320.0
Misicuni-Sivingani,2026-08-31 13:00:00,46,36.0,0.0,9.0,5.4,321.0
Misicuni-Sivingani,2026-08-31 13:00:00,49,26.0,0.0,14.0,5.7,314.0
Misicuni-Sivingani,2026-08-31 13:00:00,52,26.0,0.0,14.0,5.5,321.0
Misicuni-Sivingani,2026-08-31 13:00:00,55,26.0,0.0,9.0,5.5,321.0
Misicuni-Sivingani,2026-08-31 13:00:00,58,27.0,0.0,4.0,5.3,321.0
Misicuni-Sivingani,2026-08-31 13:00:00,61,37.0,0.0,-1.0,5.1,321.0
Misicuni-Sivingani,2026-08-31 13:00:00,64,37.0,0.0,-1.0,4.8,321.0
Misicuni-Sivingani,2026-08-31 13:00:00,67,37.0,0.0,5.0,4.6,318.0
Misicuni-Sivingani,2026-08-31 13:00:00,70,37.0,0.0,10.0,5.2,321.0
Misicuni-Sivingani,2026-08-31 13:00:00,73,76.0,1.0,15.0,5.8,314.0
Misicuni-Sivingani,2026-08-31 13:00:00,76,76.0,1.0,15.0,5.6,321.0
Misicuni-Sivingani,2026-08-31 13:00:00,79,37.0,0.0,11.0,5.3,321.0
Misicuni-Sivingani,2026-08-31 13:00:00,82,37.0,0.0,3.0,5.1,321.0
Misicuni-Sivingani,2026-08-31 13:00:00,85,36.0,0.0,0.0,4.8,321.0
Misicuni-Sivingani,2026-08-31 13:00:00,88,36.0,0.0,1.0,4.8,321.0
Misicuni-Sivingani,2026-08-31 13:00:00,91,36.0,0.0,9.0,4.4,321.0
Misicuni-Sivingani,2026-08-31 13:00:00,94,36.0,0.0,12.0,5.0,330.0
Misicuni-Sivingani,2026-08-31 13:00:00,97,36.0,0.0,16.0,5.6,330.0
Misicuni-Sivingani,2026-08-31 13:00:00,100,36.0,0.0,16.0,5.2,330.0
Misicuni-Sivingani,2026-08-31 13:00:00,103,56.0,0.0,9.0,4.8,321.0
Misicuni-Sivingani,2026-08-31 13:00:00,106,56.0,0.0,1.0,4.0,328.0
Misicuni-Sivingani,2026-08-31 13:00:00,109,37.0,0.0,1.0,3.2,327.0
Misicuni-Sivingani,2026-09-01 11:00:00,15,36.0,,,,
Misicuni-Sivingani,2026-09-01 11:00:00,27,36.0,,,,
Misicuni-Sivingani,2026-09-01 11:00:00,30,36.0,,,,
Misicuni-Sivingani,2026-09-01 11:00:00,33,36.0,,,,
Misicuni-Sivingani,2026-09-01 11:00:00,36,36.0,,,,
Misicuni-Sivingani,2026-09-01 11:00:00,39,36.0,,,,
Misicuni-Sivingani,2026-09-01 11:00:00,90,37.0,0.0,7.0,4.2,338.0
Misicuni-Sivingani,2026-09-01 11:00:00,93,35.0,0.0,8.0,4.0,330.0
Misicuni-Sivingani,2026-09-01 11:00:00,96,36.0,0.0,10.0,5.0,330.0
Misicuni-Sivingani,2026-09-01 11:00:00,99,36.0,0.0,12.0,6.0,330.0
Misicuni-Sivingani,2026-09-01 11:00:00,102,36.0,0.0,10.0,5.0,330.0
Misicuni-Sivingani,2026-09-01 11:00:00,105,56.0,0.0,8.0,4.1,321.0
Misicuni-Sivingani,2026-09-01 11:00:00,108,56.0,0.0,8.0,3.8,329.0
Misicuni-Sivingani,2026-09-01 11:00:00,111,56.0,0.0,7.0,3.5,329.0
Misicuni-Sivingani,2026-09-01 15:00:00,11,,,0.0,,
Misicuni-Sivingani,2026-09-01 15:00:00,14,,,0.0,,
Misicuni-Sivingani,2026-09-01 15:00:00,32,,,5.0,,
Misicuni-Sivingani,2026-09-01 15:00:00,35,,,1.0,,
Misicuni-Sivingani,2026-09-01 15:00:00,38,,,1.0,,
Misicuni-Sivingani,2026-09-01 15:00:00,47,,,14.0,,
Misicuni-Sivingani,2026-09-01 15:00:00,50,,,14.0,,
Misicuni-Sivingani,2026-09-01 15:00:00,53,,,9.0,,
Misicuni-Sivingani,2026-09-01 15:00:00,56,,,5.0,,
Misicuni-Sivingani,2026-09-01 15:00:00,62,,,0.0,,
Misicuni-Sivingani,2026-09-01 15:00:00,65,,,6.0,,
Misicuni-Sivingani,2026-09-01 15:00:00,68,,,9.0,,
Misicuni-Sivingani,2026-09-01 15:00:00,71,,,13.0,,
Misicuni-Sivingani,2026-09-01 15:00:00,74,,,13.0,,
Misicuni-Sivingani,2026-09-01 15:00:00,80,,,5.0,,
Misicuni-Sivingani,2026-09-01 15:00:00,83,,,0.0,,
Misicuni-Sivingani,2026-09-01 15:00:00,86,,,0.0,,
Misicuni-Sivingani,2026-09-01 15:00:00,89,,,6.0,,
Misicuni-Sivingani,2026-09-01 15:00:00,95,,,15.0,,
Misicuni-Sivingani,2026-09-01 15:00:00,98,,,15.0,,
Misicuni-Sivingani,2026-09-01 15:00:00,101,,,11.0,,
Misicuni-Sivingani,2026-09-01 15:00:00,107,,,5.0,,
Misicuni-Sivingani,2026-09-02 10:00:00,16,35.0,,,,
Misicuni-Sivingani,2026-09-02 10:00:00,19,35.0,,,,
Misicuni-Sivingani,2026-09-02 10:00:00,22,35.0,,,,
Misicuni-Sivingani,2026-09-02 10:00:00,25,35.0,,,,
Misicuni-Sivingani,2026-09-02 10:00:00,28,,1.9,,,
Misicuni-Sivingani,2026-09-02 10:00:00,31,,2.4,,,
Misicuni-Sivingani,2026-09-02 10:00:00,34,35.0,,,,
Misicuni-Sivingani,2026-09-02 10:00:00,37,35.0,,,,
Misicuni-Sivingani,2026-09-02 10:00:00,40,35.0,,,,
Misicuni-Sivingani,2026-09-02 10:00:00,91,56.0,0.0,6.0,4.2,321.0
Misicuni-Sivingani,2026-09-02 10:00:00,94,56.0,0.0,7.0,4.1,318.0
Misicuni-Sivingani,2026-09-02 10:00:00,97,56.0,0.0,10.0,5.0,321.0
Misicuni-Sivingani,2026-09-02 10:00:00,100,88.0,2.6,14.0,5.9,323.0
Misicuni-Sivingani,2026-09-02 10:00:00,103,88.0,2.6,11.0,4.9,323.0
Misicuni-Sivingani,2026-09-02 10:00:00,106,89.0,4.1,8.0,3.8,321.0
Misicuni-Sivingani,2026-09-02 10:00:00,109,88.0,2.6,7.0,4.2,321.0
Misicuni-Sivingani,2026-09-02 10:00:00,112,88.0,2.6,6.0,4.6,318.0
Misicuni-Sivingani,2026-09-02 15:00:00,11,,,0.0,,
Misicuni-Sivingani,2026-09-02 15:00:00,14,,,0.0,,
Misicuni-Sivingani,2026-09-02 15:00:00,35,,,-2.0,,
Misicuni-Sivingani,2026-09-02 15:00:00,38,,,-2.0,,
Misicuni-Sivingani,2026-09-02 15:00:00,47,,,12.0,,
Misicuni-Sivingani,2026-09-02 15:00:00,50,,,12.0,,
Misicuni-Sivingani,2026-09-02 15:00:00,59,,,-1.0,,
Misicuni-Sivingani,2026-09-02 15:00:00,62,,,-1.0,,
Misicuni-Sivingani,2026-09-02 15:00:00,65,,,3.0,,
Misicuni-Sivingani,2026-09-02 15:00:00,68,,,7.0,,
Misicuni-Sivingani,2026-09-02 15:00:00,71,,,11.0,,
Misicuni-Sivingani,2026-09-02 15:00:00,74,,,11.0,,
Misicuni-Sivingani,2026-09-02 15:00:00,77,,,7.0,,
Misicuni-Sivingani,2026-09-02 15:00:00,80,,,4.0,,
Misicuni-Sivingani,2026-09-02 15:00:00,83,,,-2.0,,
Misicuni-Sivingani,2026-09-02 15:00:00,86,,,-2.0,,
Misicuni-Sivingani,2026-09-02 15:00:00,89,,,3.0,,
Misicuni-Sivingani,2026-09-02 15:00:00,92,,,7.0,,
Misicuni-Sivingani,2026-09-02 15:00:00,95,,,11.0,,
Misicuni-Sivingani,2026-09-02 15:00:00,104,,,5.0,,
Misicuni-Sivingani,2026-09-02 15:00:00,107,,,3.0,,
Mizque,2026-08-31 13:00:00,1,26.0,0.0,31.0,7.5,28.0
Mizque,2026-08-31 13:00:00,4,26.0,0.0,31.0,4.7,38.0
Mizque,2026-08-31 13:00:00,7,36.0,0.0,24.0,1.9,48.0
Mizque,2026-08-31 13:00:00,10,36.0,0.0,15.0,1.9,18.0
Mizque,2026-08-31 13:00:00,13,36.0,0.0,7.0,1.9,338.0
Mizque,2026-08-31 13:00:00,16,36.0,0.0,7.0,1.6,30.0
Mizque,2026-08-31 13:00:00,19,36.0,0.0,15.0,2.2,92.0
Mizque,2026-08-31 13:00:00,22,36.0,0.0,22.0,4.5,90.0
Mizque,2026-08-31 13:00:00,25,36.0,0.0,27.0,6.7,80.0
Mizque,2026-08-31 13:00:00,28,36.0,0.0,27.0,4.5,80.0
Mizque,2026-08-31 13:00:00,31,35.0,0.0,22.0,2.4,80.0
Mizque,2026-08-31 13:00:00,34,36.0,0.0,14.0,1.9,80.0
Mizque,2026-08-31 13:00:00,37,36.0,0.0,6.0,1.3,72.0
Mizque,2026-08-31 13:00:00,40,36.0,0.0,6.0,1.4,82.0
Mizque,2026-08-31 13:00:00,43,36.0,0.0,13.0,1.3,72.0
Mizque,2026-08-31 13:00:00,46,36.0,0.0,19.0,3.0,79.0
Mizque,2026-08-31 13:00:00,49,26.0,0.0,27.0,4.8,80.0
Mizque,2026-08-31 13:00:00,52,26.0,0.0,27.0,3.4,70.0
Mizque,2026-08-31 13:00:00,55,26.0,0.0,20.0,1.9,57.0
Mizque,2026-08-31 13:00:00,58,26.0,0.0,14.0,1.4,57.0
Mizque,2026-08-31 13:00:00,61,26.0,0.0,7.0,0.9,57.0
Mizque,2026-08-31 13:00:00,64,26.0,0.0,7.0,1.2,350.0
Mizque,2026-08-31 13:00:00,67,26.0,0.0,17.0,1.4,320.0
Mizque,2026-08-31 13:00:00,70,26.0,0.0,23.0,3.4,0.0
Mizque,2026-08-31 13:00:00,73,36.0,0.0,29.0,5.3,33.0
Mizque,2026-08-31 13:00:00,76,36.0,0.0,29.0,3.5,40.0
Mizque,2026-08-31 13:00:00,79,27.0,0.0,19.0,1.8,37.0
Mizque,2026-08-31 13:00:00,82,26.0,0.0,9.0,1.7,7.0
Mizque,2026-08-31 13:00:00,85,57.0,0.0,7.0,1.6,337.0
Mizque,2026-08-31 13:00:00,88,57.0,0.0,7.0,1.4,360.0
Mizque,2026-08-31 13:00:00,91,57.0,0.0,18.0,1.0,33.0
Mizque,2026-08-31 13:00:00,94,57.0,0.0,23.0,3.3,33.0
Mizque,2026-08-31 13:00:00,97,57.0,0.0,29.0,5.7,23.0
Mizque,2026-08-31 13:00:00,100,57.0,0.0,29.0,3.8,10.0
Mizque,2026-08-31 13:00:00,103,36.0,0.0,20.0,1.9,355.0
Mizque,2026-08-31 13:00:00,106,36.0,0.0,7.0,1.8,345.0
Mizque,2026-08-31 13:00:00,109,36.0,0.0,7.0,1.7,327.0
Mizque,2026-09-01 11:00:00,90,37.0,0.0,17.0,1.2,348.0
Mizque,2026-09-01 11:00:00,93,36.0,0.0,18.0,1.2,348.0
Mizque,2026-09-01 11:00:00,96,36.0,0.0,21.0,2.8,18.0
Mizque,2026-09-01 11:00:00,99,36.0,0.0,24.0,4.3,41.0
Mizque,2026-09-01 11:00:00,102,36.0,0.0,20.0,3.6,71.0
Mizque,2026-09-01 11:00:00,105,36.0,0.0,17.0,2.9,98.0
Mizque,2026-09-01 11:00:00,108,35.0,0.0,15.0,2.3,100.0
Mizque,2026-09-01 11:00:00,111,37.0,0.0,14.0,1.7,99.0
Mizque,2026-09-01 15:00:00,8,,,19.0,,
Mizque,2026-09-01 15:00:00,11,,,15.0,,
Mizque,2026-09-01 15:00:00,14,,,15.0,,
Mizque,2026-09-01 15:00:00,17,,,21.0,,
Mizque,2026-09-01 15:00:00,20,,,26.0,,
Mizque,2026-09-01 15:00:00,23,,,30.0,,
Mizque,2026-09-01 15:00:00,26,,,30.0,,
Mizque,2026-09-01 15:00:00,29,,,25.0,,
Mizque,2026-09-01 15:00:00,32,,,21.0,,
Mizque,2026-09-01 15:00:00,35,,,16.0,,
Mizque,2026-09-01 15:00:00,38,,,16.0,,
Mizque,2026-09-01 15:00:00,41,,,21.0,,
Mizque,2026-09-01 15:00:00,44,,,25.0,,
Mizque,2026-09-01 15:00:00,53,,,24.0,,
Mizque,2026-09-01 15:00:00,56,,,21.0,,
Mizque,2026-09-01 15:00:00,59,,,17.0,,
Mizque,2026-09-01 15:00:00,62,,,17.0,,
Mizque,2026-09-01 15:00:00,65,,,21.0,,
Mizque,2026-09-01 15:00:00,68,,,25.0,,
Mizque,2026-09-01 15:00:00,71,,,30.0,,
Mizque,2026-09-01 15:00:00,74,,,30.0,,
Mizque,2026-09-01 15:00:00,77,,,25.0,,
Mizque,2026-09-01 15:00:00,80,,,20.0,,
Mizque,2026-09-01 15:00:00,83,,,16.0,,
Mizque,2026-09-01 15:00:00,86,,,16.0,,
Mizque,2026-09-01 15:00:00,89,,,21.0,,
Mizque,2026-09-01 15:00:00,92,,,25.0,,
Mizque,2026-09-01 15:00:00,95,,,29.0,,
Mizque,2026-09-01 15:00:00,98,,,29.0,,
Mizque,2026-09-01 15:00:00,101,,,26.0,,
Mizque,2026-09-01 15:00:00,104,,,23.0,,
Mizque,2026-09-01 15:00:00,107,,,20.0,,
Mizque,2026-09-02 10:00:00,16,25.0,,,,
Mizque,2026-09-02 10:00:00,19,25.0,,,,
Mizque,2026-09-02 10:00:00,22,25.0,,,,
Mizque,2026-09-02 10:00:00,25,25.0,,,,
Mizque,2026-09-02 10:00:00,28,35.0,,,,
Mizque,2026-09-02 10:00:00,31,35.0,,,,
Mizque,2026-09-02 10:00:00,34,35.0,,,,
Mizque,2026-09-02 10:00:00,37,35.0,,,,
Mizque,2026-09-02 10:00:00,40,35.0,,,,
Mizque,2026-09-02 10:00:00,88,35.0,,,,
Mizque,2026-09-02 10:00:00,91,35.0,0.0,14.0,1.6,100.0
Mizque,2026-09-02 10:00:00,94,35.0,0.0,14.0,1.9,92.0
Mizque,2026-09-02 10:00:00,97,35.0,0.0,16.0,3.6,90.0
Mizque,2026-09-02 10:00:00,100,76.0,2.7,19.0,5.4,80.0
Mizque,2026-09-02 10:00:00,103,76.0,2.7,16.0,3.7,80.0
Mizque,2026-09-02 10:00:00,106,55.0,0.0,13.0,2.0,80.0
Mizque,2026-09-02 10:00:00,109,55.0,0.0,12.0,1.9,82.0
Mizque,2026-09-02 10:00:00,112,55.0,0.0,12.0,1.7,82.0
Mizque,2026-09-02 15:00:00,11,,,11.0,,
Mizque,2026-09-02 15:00:00,14,,,11.0,,
Mizque,2026-09-02 15:00:00,35,,,11.0,,
Mizque,2026-09-02 15:00:00,38,,,11.0,,
Mizque,2026-09-02 15:00:00,41,,,19.0,,
Mizque,2026-09-02 15:00:00,47,,,28.0,,
Mizque,2026-09-02 15:00:00,50,,,28.0,,
Mizque,2026-09-02 15:00:00,53,,,22.0,,
Mizque,2026-09-02 15:00:00,56,,,16.0,,
Mizque,2026-09-02 15:00:00,59,,,10.0,,
Mizque,2026-09-02 15:00:00,62,,,10.0,,
Mizque,2026-09-02 15:00:00,65,,,17.0,,
Mizque,2026-09-02 15:00:00,68,,,22.0,,
Mizque,2026-09-02 15:00:00,71,,,27.0,,
Mizque,2026-09-02 15:00:00,74,,,27.0,,
Mizque,2026-09-02 15:00:00,77,,,23.0,,
Mizque,2026-09-02 15:00:00,80,,,18.0,,
Mizque,2026-09-02 15:00:00,83,,,10.0,,
Mizque,2026-09-02 15:00:00,86,,,10.0,,
Mizque,2026-09-02 15:00:00,95,,,22.0,,
Mizque,2026-09-02 15:00:00,98,,,22.0,,
Mizque,2026-09-02 15:00:00,101,,,19.0,,
Mizque,2026-09-02 15:00:00,104,,,17.0,,
Mizque,2026-09-02 15:00:00,107,,,14.0,,
Monteagudo,2026-08-31 13:00:00,1,89.0,1.1,28.0,4.2,67.0
Monteagudo,2026-08-31 13:00:00,4,89.0,1.6,28.0,3.2,117.0
Monteagudo,2026-08-31 13:00:00,7,89.0,2.7,23.0,2.1,159.0
Monteagudo,2026-08-31 13:00:00,10,90.0,1.7,18.0,2.1,187.0
Monteagudo,2026-08-31 13:00:00,13,56.0,0.0,12.0,2.1,208.0
Monteagudo,2026-08-31 13:00:00,16,56.0,0.0,12.0,2.7,200.0
Monteagudo,2026-08-31 13:00:00,19,56.0,0.0,17.0,2.4,200.0
Monteagudo,2026-08-31 13:00:00,22,57.0,0.0,20.0,2.0,173.0
Monteagudo,2026-08-31 13:00:00,25,57.0,0.0,28.0,1.5,139.0
Monteagudo,2026-08-31 13:00:00,28,56.0,0.0,28.0,1.1,153.0
Monteagudo,2026-08-31 13:00:00,31,36.0,0.0,20.0,0.8,163.0
Monteagudo,2026-08-31 13:00:00,34,36.0,0.0,17.0,1.0,208.0
Monteagudo,2026-08-31 13:00:00,37,56.0,0.0,13.0,1.3,248.0
Monteagudo,2026-08-31 13:00:00,40,26.0,0.0,13.0,0.8,285.0
Monteagudo,2026-08-31 13:00:00,43,26.0,0.0,19.0,0.2,308.0
Monteagudo,2026-08-31 13:00:00,46,26.0,0.0,22.0,1.7,5.0
Monteagudo,2026-08-31 13:00:00,49,26.0,0.0,30.0,3.1,58.0
Monteagudo,2026-08-31 13:00:00,52,27.0,0.0,30.0,2.0,31.0
Monteagudo,2026-08-31 13:00:00,55,27.0,0.0,21.0,0.8,358.0
Monteagudo,2026-08-31 13:00:00,58,26.0,0.0,18.0,1.0,305.0
Monteagudo,2026-08-31 13:00:00,61,26.0,0.0,15.0,1.3,249.0
Monteagudo,2026-08-31 13:00:00,64,26.0,0.0,15.0,1.0,242.0
Monteagudo,2026-08-31 13:00:00,67,27.0,0.0,19.0,0.8,215.0
Monteagudo,2026-08-31 13:00:00,70,26.0,0.0,23.0,1.8,153.0
Monteagudo,2026-08-31 13:00:00,73,36.0,0.0,31.0,2.8,87.0
Monteagudo,2026-08-31 13:00:00,76,36.0,0.0,31.0,2.5,152.0
Monteagudo,2026-08-31 13:00:00,79,37.0,0.0,21.0,2.3,212.0
Monteagudo,2026-08-31 13:00:00,82,36.0,0.0,17.0,2.1,227.0
Monteagudo,2026-08-31 13:00:00,85,56.0,0.0,15.0,1.9,238.0
Monteagudo,2026-08-31 13:00:00,88,56.0,0.0,16.0,1.3,235.0
Monteagudo,2026-08-31 13:00:00,91,57.0,0.0,19.0,1.0,228.0
Monteagudo,2026-08-31 13:00:00,94,56.0,0.0,22.0,2.5,268.0
Monteagudo,2026-08-31 13:00:00,97,57.0,0.0,30.0,3.9,38.0
Monteagudo,2026-08-31 13:00:00,100,56.0,0.0,30.0,3.5,115.0
Monteagudo,2026-08-31 13:00:00,103,56.0,0.0,21.0,3.1,185.0
Monteagudo,2026-08-31 13:00:00,106,56.0,0.0,16.0,2.3,195.0
Monteagudo,2026-08-31 13:00:00,109,37.0,0.0,15.0,1.6,200.0
Monteagudo,2026-09-01 11:00:00,87,36.0,,,,
Monteagudo,2026-09-01 11:00:00,90,36.0,0.0,16.0,2.1,192.0
Monteagudo,2026-09-01 11:00:00,93,37.0,0.0,17.0,2.4,173.0
Monteagudo,2026-09-01 11:00:00,96,36.0,0.0,19.0,2.8,163.0
Monteagudo,2026-09-01 11:00:00,99,36.0,0.0,21.0,3.3,149.0
Monteagudo,2026-09-01 11:00:00,102,37.0,0.0,18.0,3.5,167.0
Monteagudo,2026-09-01 11:00:00,105,56.0,0.0,14.0,3.7,179.0
Monteagudo,2026-09-01 11:00:00,108,56.0,0.0,13.0,4.0,189.0
Monteagudo,2026-09-01 11:00:00,111,55.0,0.0,12.0,4.3,190.0
Monteagudo,2026-09-01 15:00:00,5,,,21.0,,
Monteagudo,2026-09-01 15:00:00,8,,,18.0,,
Monteagudo,2026-09-01 15:00:00,11,,,15.0,,
Monteagudo,2026-09-01 15:00:00,14,,,15.0,,
Monteagudo,2026-09-01 15:00:00,23,,,28.0,,
Monteagudo,2026-09-01 15:00:00,26,,,28.0,,
Monteagudo,2026-09-01 15:00:00,44,,,24.0,,
Monteagudo,2026-09-01 15:00:00,53,,,25.0,,
Monteagudo,2026-09-01 15:00:00,56,,,21.0,,
Monteagudo,2026-09-01 15:00:00,65,,,20.0,,
Monteagudo,2026-09-01 15:00:00,68,,,23.0,,
Monteagudo,2026-09-01 15:00:00,71,,,31.0,,
Monteagudo,2026-09-01 15:00:00,77,,,24.0,,
Monteagudo,2026-09-01 15:00:00,80,,,20.0,,
Monteagudo,2026-09-01 15:00:00,83,,,14.0,,
Monteagudo,2026-09-01 15:00:00,86,,,14.0,,
Monteagudo,2026-09-01 15:00:00,89,,,18.0,,
Monteagudo,2026-09-01 15:00:00,92,,,21.0,,
Monteagudo,2026-09-01 15:00:00,95,,,26.0,,
Monteagudo,2026-09-01 15:00:00,98,,,26.0,,
Monteagudo,2026-09-01 15:00:00,101,,,22.0,,
Monteagudo,2026-09-01 15:00:00,104,,,20.0,,
Monteagudo,2026-09-01 15:00:00,107,,,17.0,,
Monteagudo,2026-09-02 10:00:00,16,25.0,,,,
Monteagudo,2026-09-02 10:00:00,28,26.0,,,,
Monteagudo,2026-09-02 10:00:00,31,26.0,,,,
Monteagudo,2026-09-02 10:00:00,34,26.0,,,,
Monteagudo,2026-09-02 10:00:00,37,26.0,,,,
Monteagudo,2026-09-02 10:00:00,40,25.0,,,,
Monteagudo,2026-09-02 10:00:00,88,56.0,,,,
Monteagudo,2026-09-02 10:00:00,91,56.0,0.0,14.0,3.0,183.0
Monteagudo,2026-09-02 10:00:00,94,56.0,0.0,13.0,3.2,168.0
Monteagudo,2026-09-02 10:00:00,97,56.0,0.0,18.0,3.0,138.0
Monteagudo,2026-09-02 10:00:00,100,56.0,0.0,22.0,2.9,108.0
Monteagudo,2026-09-02 10:00:00,103,56.0,0.0,17.0,2.3,141.0
Monteagudo,2026-09-02 10:00:00,106,56.0,0.0,11.0,1.8,173.0
Monteagudo,2026-09-02 10:00:00,109,57.0,0.0,9.0,1.7,200.0
Monteagudo,2026-09-02 10:00:00,112,56.0,0.0,7.0,1.6,225.0
Monteagudo,2026-09-02 15:00:00,11,,,14.0,,
Monteagudo,2026-09-02 15:00:00,14,,,14.0,,
Monteagudo,2026-09-02 15:00:00,23,,,33.0,,
Monteagudo,2026-09-02 15:00:00,26,,,33.0,,
Monteagudo,2026-09-02 15:00:00,35,,,14.0,,
Monteagudo,2026-09-02 15:00:00,38,,,14.0,,
Monteagudo,2026-09-02 15:00:00,50,,,31.0,,
Monteagudo,2026-09-02 15:00:00,59,,,13.0,,
Monteagudo,2026-09-02 15:00:00,62,,,13.0,,
Monteagudo,2026-09-02 15:00:00,68,,,20.0,,
Monteagudo,2026-09-02 15:00:00,77,,,21.0,,
Monteagudo,2026-09-02 15:00:00,80,,,19.0,,
Monteagudo,2026-09-02 15:00:00,83,,,10.0,,
Monteagudo,2026-09-02 15:00:00,86,,,10.0,,
Monteagudo,2026-09-02 15:00:00,92,,,17.0,,
Monteagudo,2026-09-02 15:00:00,95,,,23.0,,
Monteagudo,2026-09-02 15:00:00,98,,,23.0,,
Monteagudo,2026-09-02 15:00:00,101,,,18.0,,
Monteagudo,2026-09-02 15:00:00,104,,,16.0,,
Monteagudo,2026-09-02 15:00:00,107,,,13.0,,
Orinoca,2026-08-31 13:00:00,1,26.0,0.0,18.0,6.0,260.0
Orinoca,2026-08-31 13:00:00,4,26.0,0.0,18.0,5.8,248.0
Orinoca,2026-08-31 13:00:00,7,26.0,0.0,10.0,5.5,228.0
Orinoca,2026-08-31 13:00:00,10,26.0,0.0,2.0,3.8,294.0
Orinoca,2026-08-31 13:00:00,13,26.0,0.0,-2.0,2.2,35.0
Orinoca,2026-08-31 13:00:00,16,27.0,0.0,-2.0,2.4,338.0
Orinoca,2026-08-31 13:00:00,19,26.0,0.0,7.0,3.0,330.0
Orinoca,2026-08-31 13:00:00,22,26.0,0.0,12.0,3.9,322.0
Orinoca,2026-08-31 13:00:00,25,26.0,0.0,19.0,4.8,304.0
Orinoca,2026-08-31 13:00:00,28,26.0,0.0,19.0,4.2,242.0
Orinoca,2026-08-31 13:00:00,31,26.0,0.0,12.0,3.5,180.0
Orinoca,2026-08-31 13:00:00,34,26.0,0.0,5.0,3.2,222.0
Orinoca,2026-08-31 13:00:00,37,26.0,0.0,-1.0,3.0,264.0
Orinoca,2026-08-31 13:00:00,40,37.0,0.0,-1.0,2.7,350.0
Orinoca,2026-08-31 13:00:00,43,36.0,0.0,4.0,2.9,8.0
Orinoca,2026-08-31 13:00:00,46,36.0,0.0,12.0,3.4,331.0
Orinoca,2026-08-31 13:00:00,49,26.0,0.0,18.0,3.9,283.0
Orinoca,2026-08-31 13:00:00,52,26.0,0.0,18.0,3.3,225.0
Orinoca,2026-08-31 13:00:00,55,26.0,0.0,12.0,2.6,162.0
Orinoca,2026-08-31 13:00:00,58,26.0,0.0,3.0,2.7,200.0
Orinoca,2026-08-31 13:00:00,61,27.0,0.0,-2.0,2.9,238.0
Orinoca,2026-08-31 13:00:00,64,26.0,0.0,-2.0,2.1,270.0
Orinoca,2026-08-31 13:00:00,67,26.0,0.0,7.0,1.1,288.0
Orinoca,2026-08-31 13:00:00,70,25.0,0.0,12.0,1.3,310.0
Orinoca,2026-08-31 13:00:00,73,36.0,0.0,19.0,1.4,325.0
Orinoca,2026-08-31 13:00:00,76,36.0,0.0,19.0,2.2,42.0
Orinoca,2026-08-31 13:00:00,79,36.0,0.0,12.0,2.8,118.0
Orinoca,2026-08-31 13:00:00,82,36.0,0.0,2.0,2.2,168.0
Orinoca,2026-08-31 13:00:00,85,36.0,0.0,-1.0,1.5,210.0
Orinoca,2026-08-31 13:00:00,88,37.0,0.0,-1.0,2.7,308.0
Orinoca,2026-08-31 13:00:00,91,36.0,0.0,8.0,3.9,18.0
Orinoca,2026-08-31 13:00:00,94,36.0,0.0,12.0,3.9,18.0
Orinoca,2026-08-31 13:00:00,97,35.0,0.0,18.0,4.0,10.0
Orinoca,2026-08-31 13:00:00,100,36.0,0.0,18.0,4.3,12.0
Orinoca,2026-08-31 13:00:00,103,56.0,0.0,10.0,4.6,10.0
Orinoca,2026-08-31 13:00:00,106,56.0,0.0,-1.0,4.5,360.0
Orinoca,2026-08-31 13:00:00,109,36.0,0.0,-1.0,4.4,340.0
Orinoca,2026-09-01 11:00:00,90,36.0,0.0,8.0,4.4,350.0
Orinoca,2026-09-01 11:00:00,93,36.0,0.0,8.0,4.1,330.0
Orinoca,2026-09-01 11:00:00,96,36.0,0.0,12.0,4.3,312.0
Orinoca,2026-09-01 11:00:00,99,36.0,0.0,16.0,4.4,284.0
Orinoca,2026-09-01 11:00:00,102,36.0,0.0,14.0,5.0,302.0
Orinoca,2026-09-01 11:00:00,105,56.0,0.0,11.0,5.7,311.0
Orinoca,2026-09-01 11:00:00,108,56.0,0.0,10.0,4.2,318.0
Orinoca,2026-09-01 11:00:00,111,56.0,0.0,8.0,2.6,318.0
Orinoca,2026-09-01 15:00:00,11,,,2.0,,
Orinoca,2026-09-01 15:00:00,14,25.0,,2.0,,
Orinoca,2026-09-01 15:00:00,17,26.0,,7.0,,
Orinoca,2026-09-01 15:00:00,20,26.0,,,,
Orinoca,2026-09-01 15:00:00,23,,,19.0,,
Orinoca,2026-09-01 15:00:00,26,,,19.0,,
Orinoca,2026-09-01 15:00:00,32,,,7.0,,
Orinoca,2026-09-01 15:00:00,35,26.0,,1.0,,
Orinoca,2026-09-01 15:00:00,38,,,1.0,,
Orinoca,2026-09-01 15:00:00,56,,,7.0,,
Orinoca,2026-09-01 15:00:00,59,,,2.0,,
Orinoca,2026-09-01 15:00:00,62,,,2.0,,
Orinoca,2026-09-01 15:00:00,65,,,7.0,,
Orinoca,2026-09-01 15:00:00,71,,,19.0,,
Orinoca,2026-09-01 15:00:00,74,,,19.0,,
Orinoca,2026-09-01 15:00:00,77,,,13.0,,
Orinoca,2026-09-01 15:00:00,80,,,8.0,,
Orinoca,2026-09-01 15:00:00,83,,,3.0,,
Orinoca,2026-09-01 15:00:00,86,,,3.0,,
Orinoca,2026-09-01 15:00:00,98,,,16.0,,
Orinoca,2026-09-01 15:00:00,101,,,13.0,,
Orinoca,2026-09-01 15:00:00,107,,,5.0,,
Orinoca,2026-09-02 10:00:00,19,25.0,,,,
Orinoca,2026-09-02 10:00:00,28,26.0,,,,
Orinoca,2026-09-02 10:00:00,31,26.0,,,,
Orinoca,2026-09-02 10:00:00,34,25.0,,,,
Orinoca,2026-09-02 10:00:00,37,26.0,,,,
Orinoca,2026-09-02 10:00:00,40,26.0,,,,
Orinoca,2026-09-02 10:00:00,88,36.0,,,,
Orinoca,2026-09-02 10:00:00,91,36.0,0.0,7.0,3.9,350.0
Orinoca,2026-09-02 10:00:00,94,36.0,0.0,8.0,3.8,350.0
Orinoca,2026-09-02 10:00:00,97,36.0,0.0,12.0,5.3,310.0
Orinoca,2026-09-02 10:00:00,100,36.0,0.0,16.0,6.9,262.0
Orinoca,2026-09-02 10:00:00,103,36.0,0.0,13.0,8.2,250.0
Orinoca,2026-09-02 10:00:00,106,76.0,3.2,11.0,9.5,230.0
Orinoca,2026-09-02 10:00:00,109,76.0,2.1,9.0,5.7,162.0
Orinoca,2026-09-02 10:00:00,112,76.0,2.1,6.0,2.0,90.0
Orinoca,2026-09-02 15:00:00,11,,,0.0,,
Orinoca,2026-09-02 15:00:00,14,,,0.0,,
Orinoca,2026-09-02 15:00:00,62,,,-1.0,,
Orinoca,2026-09-02 15:00:00,71,,,18.0,,
Orinoca,2026-09-02 15:00:00,74,,,18.0,,
Orinoca,2026-09-02 15:00:00,80,,,7.0,,
Orinoca,2026-09-02 15:00:00,83,,,0.0,,
Orinoca,2026-09-02 15:00:00,86,,,0.0,,
Orinoca,2026-09-02 15:00:00,98,,,16.0,,
Oruro - Aeropuerto,2026-08-31 13:00:00,1,26.0,0.0,21.0,9.1,278.0
Oruro - Aeropuerto,2026-08-31 13:00:00,4,26.0,0.0,21.0,7.1,250.0
Oruro - Aeropuerto,2026-08-31 13:00:00,7,26.0,0.0,12.0,5.1,218.0
Oruro - Aeropuerto,2026-08-31 13:00:00,10,26.0,0.0,3.0,3.4,175.0
Oruro - Aeropuerto,2026-08-31 13:00:00,13,26.0,0.0,-2.0,1.7,122.0
Oruro - Aeropuerto,2026-08-31 13:00:00,16,26.0,0.0,-2.0,1.9,43.0
Oruro - Aeropuerto,2026-08-31 13:00:00,19,26.0,0.0,7.0,2.1,13.0
Oruro - Aeropuerto,2026-08-31 13:00:00,22,26.0,0.0,12.0,4.4,330.0
Oruro - Aeropuerto,2026-08-31 13:00:00,25,26.0,0.0,22.0,6.7,278.0
Oruro - Aeropuerto,2026-08-31 13:00:00,28,26.0,0.0,22.0,5.1,330.0
Oruro - Aeropuerto,2026-08-31 13:00:00,31,26.0,0.0,14.0,3.5,14.0
Oruro - Aeropuerto,2026-08-31 13:00:00,34,26.0,0.0,5.0,2.6,17.0
Oruro - Aeropuerto,2026-08-31 13:00:00,37,26.0,0.0,-1.0,1.7,16.0
Oruro - Aeropuerto,2026-08-31 13:00:00,40,36.0,0.0,-1.0,2.4,350.0
Oruro - Aeropuerto,2026-08-31 13:00:00,43,36.0,0.0,8.0,2.0,342.0
Oruro - Aeropuerto,2026-08-31 13:00:00,46,36.0,0.0,13.0,3.7,312.0
Oruro - Aeropuerto,2026-08-31 13:00:00,49,26.0,0.0,21.0,5.3,279.0
Oruro - Aeropuerto,2026-08-31 13:00:00,52,26.0,0.0,21.0,4.3,220.0
Oruro - Aeropuerto,2026-08-31 13:00:00,55,26.0,0.0,14.0,3.4,126.0
Oruro - Aeropuerto,2026-08-31 13:00:00,58,26.0,0.0,5.0,2.2,190.0
Oruro - Aeropuerto,2026-08-31 13:00:00,61,27.0,0.0,-3.0,0.9,245.0
Oruro - Aeropuerto,2026-08-31 13:00:00,64,26.0,0.0,-2.0,0.4,176.0
Oruro - Aeropuerto,2026-08-31 13:00:00,67,26.0,0.0,5.0,0.5,229.0
Oruro - Aeropuerto,2026-08-31 13:00:00,70,26.0,0.0,13.0,2.7,262.0
Oruro - Aeropuerto,2026-08-31 13:00:00,73,36.0,0.0,22.0,4.8,287.0
Oruro - Aeropuerto,2026-08-31 13:00:00,76,36.0,0.0,22.0,3.3,309.0
Oruro - Aeropuerto,2026-08-31 13:00:00,79,36.0,0.0,13.0,1.9,321.0
Oruro - Aeropuerto,2026-08-31 13:00:00,82,36.0,0.0,1.0,1.7,311.0
Oruro - Aeropuerto,2026-08-31 13:00:00,85,36.0,0.0,-2.0,1.6,299.0
Oruro - Aeropuerto,2026-08-31 13:00:00,88,36.0,0.0,-1.0,2.0,3.0
Oruro - Aeropuerto,2026-08-31 13:00:00,91,37.0,0.0,8.0,2.2,359.0
Oruro - Aeropuerto,2026-08-31 13:00:00,94,36.0,0.0,12.0,3.0,323.0
Oruro - Aeropuerto,2026-08-31 13:00:00,97,36.0,0.0,21.0,3.7,287.0
Oruro - Aeropuerto,2026-08-31 13:00:00,100,36.0,0.0,21.0,4.2,327.0
Oruro - Aeropuerto,2026-08-31 13:00:00,103,55.0,0.0,10.0,4.6,6.0
Oruro - Aeropuerto,2026-08-31 13:00:00,106,55.0,0.0,-1.0,3.2,357.0
Oruro - Aeropuerto,2026-08-31 13:00:00,109,36.0,0.0,-1.0,1.7,345.0
Oruro - Aeropuerto,2026-09-01 11:00:00,90,36.0,0.0,8.0,2.5,354.0
Oruro - Aeropuerto,2026-09-01 11:00:00,93,37.0,0.0,8.0,3.1,10.0
Oruro - Aeropuerto,2026-09-01 11:00:00,96,36.0,0.0,11.0,4.6,360.0
Oruro - Aeropuerto,2026-09-01 11:00:00,99,36.0,0.0,13.0,6.1,340.0
Oruro - Aeropuerto,2026-09-01 11:00:00,102,36.0,0.0,11.0,4.2,345.0
Oruro - Aeropuerto,2026-09-01 11:00:00,105,56.0,0.0,10.0,2.2,349.0
Oruro - Aeropuerto,2026-09-01 11:00:00,108,57.0,0.0,8.0,1.8,27.0
Oruro - Aeropuerto,2026-09-01 11:00:00,111,56.0,0.0,7.0,1.3,66.0
Oruro - Aeropuerto,2026-09-01 15:00:00,14,26.0,,,,
Oruro - Aeropuerto,2026-09-01 15:00:00,17,26.0,,,,
Oruro - Aeropuerto,2026-09-01 15:00:00,20,26.0,,,,
Oruro - Aeropuerto,2026-09-01 15:00:00,23,,,22.0,,
Oruro - Aeropuerto,2026-09-01 15:00:00,26,,,22.0,,
Oruro - Aeropuerto,2026-09-01 15:00:00,35,26.0,,-2.0,,
Oruro - Aeropuerto,2026-09-01 15:00:00,56,,,7.0,,
Oruro - Aeropuerto,2026-09-01 15:00:00,59,,,-1.0,,
Oruro - Aeropuerto,2026-09-01 15:00:00,68,,,13.0,,
Oruro - Aeropuerto,2026-09-01 15:00:00,71,,,22.0,,
Oruro - Aeropuerto,2026-09-01 15:00:00,74,,,22.0,,
Oruro - Aeropuerto,2026-09-01 15:00:00,77,,,13.0,,
Oruro - Aeropuerto,2026-09-01 15:00:00,80,,,7.0,,
Oruro - Aeropuerto,2026-09-01 15:00:00,83,,,0.0,,
Oruro - Aeropuerto,2026-09-01 15:00:00,86,,,0.0,,
Oruro - Aeropuerto,2026-09-01 15:00:00,89,,,6.0,,
Oruro - Aeropuerto,2026-09-01 15:00:00,95,,,19.0,,
Oruro - Aeropuerto,2026-09-01 15:00:00,98,,,19.0,,
Oruro - Aeropuerto,2026-09-01 15:00:00,101,,,14.0,,
Oruro - Aeropuerto,2026-09-01 15:00:00,107,,,3.0,,
Oruro - Aeropuerto,2026-09-02 10:00:00,19,27.0,,,,
Oruro - Aeropuerto,2026-09-02 10:00:00,28,26.0,,,,
Oruro - Aeropuerto,2026-09-02 10:00:00,31,26.0,,,,
Oruro - Aeropuerto,2026-09-02 10:00:00,34,26.0,,,,
Oruro - Aeropuerto,2026-09-02 10:00:00,37,26.0,,,,
Oruro - Aeropuerto,2026-09-02 10:00:00,40,26.0,,,,
Oruro - Aeropuerto,2026-09-02 10:00:00,88,37.0,,,,
Oruro - Aeropuerto,2026-09-02 10:00:00,91,36.0,0.0,7.0,1.4,324.0
Oruro - Aeropuerto,2026-09-02 10:00:00,94,36.0,0.0,7.0,2.1,1.0
Oruro - Aeropuerto,2026-09-02 10:00:00,97,37.0,0.0,11.0,4.2,328.0
Oruro - Aeropuerto,2026-09-02 10:00:00,100,36.0,0.0,15.0,6.4,287.0
Oruro - Aeropuerto,2026-09-02 10:00:00,103,36.0,0.0,14.0,5.4,320.0
Oruro - Aeropuerto,2026-09-02 10:00:00,106,76.0,2.6,12.0,4.4,346.0
Oruro - Aeropuerto,2026-09-02 10:00:00,109,76.0,4.2,9.0,3.6,7.0
Oruro - Aeropuerto,2026-09-02 10:00:00,112,76.0,2.5,7.0,2.7,22.0
Oruro - Aeropuerto,2026-09-02 15:00:00,11,,,1.0,,
Oruro - Aeropuerto,2026-09-02 15:00:00,14,,,1.0,,
Oruro - Aeropuerto,2026-09-02 15:00:00,23,,,20.0,,
Oruro - Aeropuerto,2026-09-02 15:00:00,26,,,20.0,,
Oruro - Aeropuerto,2026-09-02 15:00:00,47,,,20.0,,
Oruro - Aeropuerto,2026-09-02 15:00:00,50,,,20.0,,
Oruro - Aeropuerto,2026-09-02 15:00:00,59,,,-2.0,,
Oruro - Aeropuerto,2026-09-02 15:00:00,62,,,-2.0,,
Oruro - Aeropuerto,2026-09-02 15:00:00,83,,,-2.0,,
Oruro - Aeropuerto,2026-09-02 15:00:00,86,,,-2.0,,
Oruro - Aeropuerto,2026-09-02 15:00:00,95,,,17.0,,
Oruro - Aeropuerto,2026-09-02 15:00:00,98,,,17.0,,
Oruro - Ciudad,2026-08-31 13:00:00,1,26.0,0.0,22.0,5.2,253.0
Oruro - Ciudad,2026-08-31 13:00:00,4,27.0,0.0,22.0,6.6,248.0
Oruro - Ciudad,2026-08-31 13:00:00,7,26.0,0.0,12.0,7.9,241.0
Oruro - Ciudad,2026-08-31 13:00:00,10,26.0,0.0,3.0,5.0,241.0
Oruro - Ciudad,2026-08-31 13:00:00,13,27.0,0.0,-1.0,2.1,238.0
Oruro - Ciudad,2026-08-31 13:00:00,16,26.0,0.0,-1.0,3.6,328.0
Oruro - Ciudad,2026-08-31 13:00:00,19,26.0,0.0,7.0,5.2,331.0
Oruro - Ciudad,2026-08-31 13:00:00,22,26.0,0.0,13.0,5.7,330.0
Oruro - Ciudad,2026-08-31 13:00:00,25,26.0,0.0,22.0,6.3,319.0
Oruro - Ciudad,2026-08-31 13:00:00,28,26.0,0.0,22.0,5.5,330.0
Oruro - Ciudad,2026-08-31 13:00:00,31,26.0,0.0,15.0,4.7,340.0
Oruro - Ciudad,2026-08-31 13:00:00,34,26.0,0.0,7.0,4.5,340.0
Oruro - Ciudad,2026-08-31 13:00:00,37,26.0,0.0,0.0,4.2,331.0
Oruro - Ciudad,2026-08-31 13:00:00,40,37.0,0.0,0.0,4.8,340.0
Oruro - Ciudad,2026-08-31 13:00:00,43,36.0,0.0,8.0,5.2,338.0
Oruro - Ciudad,2026-08-31 13:00:00,46,36.0,0.0,14.0,4.8,317.0
Oruro - Ciudad,2026-08-31 13:00:00,49,26.0,0.0,21.0,4.3,286.0
Oruro - Ciudad,2026-08-31 13:00:00,52,26.0,0.0,21.0,4.0,232.0
Oruro - Ciudad,2026-08-31 13:00:00,55,26.0,0.0,14.0,3.7,176.0
Oruro - Ciudad,2026-08-31 13:00:00,58,26.0,0.0,6.0,2.5,213.0
Oruro - Ciudad,2026-08-31 13:00:00,61,26.0,0.0,-1.0,1.4,247.0
Oruro - Ciudad,2026-08-31 13:00:00,64,26.0,0.0,-1.0,1.2,73.0
Oruro - Ciudad,2026-08-31 13:00:00,67,26.0,0.0,7.0,1.2,18.0
Oruro - Ciudad,2026-08-31 13:00:00,70,26.0,0.0,13.0,1.7,355.0
Oruro - Ciudad,2026-08-31 13:00:00,73,36.0,0.0,22.0,2.3,324.0
Oruro - Ciudad,2026-08-31 13:00:00,76,36.0,0.0,22.0,2.4,26.0
Oruro - Ciudad,2026-08-31 13:00:00,79,36.0,0.0,13.0,2.4,120.0
Oruro - Ciudad,2026-08-31 13:00:00,82,36.0,0.0,3.0,2.6,200.0
Oruro - Ciudad,2026-08-31 13:00:00,85,36.0,0.0,0.0,2.7,273.0
Oruro - Ciudad,2026-08-31 13:00:00,88,36.0,0.0,0.0,3.3,330.0
Oruro - Ciudad,2026-08-31 13:00:00,91,36.0,0.0,8.0,4.0,337.0
Oruro - Ciudad,2026-08-31 13:00:00,94,36.0,0.0,13.0,4.8,340.0
Oruro - Ciudad,2026-08-31 13:00:00,97,36.0,0.0,21.0,5.6,337.0
Oruro - Ciudad,2026-08-31 13:00:00,100,37.0,0.0,21.0,6.5,343.0
Oruro - Ciudad,2026-08-31 13:00:00,103,56.0,0.0,10.0,7.5,343.0
Oruro - Ciudad,2026-08-31 13:00:00,106,56.0,0.0,0.0,5.6,340.0
Oruro - Ciudad,2026-08-31 13:00:00,109,36.0,0.0,0.0,3.8,330.0
Oruro - Ciudad,2026-09-01 11:00:00,90,36.0,0.0,8.0,5.7,341.0
Oruro - Ciudad,2026-09-01 11:00:00,93,36.0,0.0,9.0,7.2,350.0
Oruro - Ciudad,2026-09-01 11:00:00,96,36.0,0.0,12.0,6.0,333.0
Oruro - Ciudad,2026-09-01 11:00:00,99,36.0,0.0,16.0,4.7,313.0
Oruro - Ciudad,2026-09-01 11:00:00,102,36.0,0.0,12.0,6.6,321.0
Oruro - Ciudad,2026-09-01 11:00:00,105,56.0,0.0,9.0,8.4,324.0
Oruro - Ciudad,2026-09-01 11:00:00,108,56.0,0.0,8.0,6.4,338.0
Oruro - Ciudad,2026-09-01 11:00:00,111,56.0,0.0,8.0,4.4,347.0
Oruro - Ciudad,2026-09-01 15:00:00,14,26.0,,,,
Oruro - Ciudad,2026-09-01 15:00:00,17,26.0,,,,
Oruro - Ciudad,2026-09-01 15:00:00,20,26.0,,,,
Oruro - Ciudad,2026-09-01 15:00:00,47,,,21.0,,
Oruro - Ciudad,2026-09-01 15:00:00,50,,,21.0,,
Oruro - Ciudad,2026-09-01 15:00:00,56,,,6.0,,
Oruro - Ciudad,2026-09-01 15:00:00,77,,,14.0,,
Oruro - Ciudad,2026-09-01 15:00:00,80,,,8.0,,
Oruro - Ciudad,2026-09-01 15:00:00,83,,,1.0,,
Oruro - Ciudad,2026-09-01 15:00:00,86,,,1.0,,
Oruro - Ciudad,2026-09-01 15:00:00,89,,,6.0,,
Oruro - Ciudad,2026-09-01 15:00:00,95,,,18.0,,
Oruro - Ciudad,2026-09-01 15:00:00,98,,,18.0,,
Oruro - Ciudad,2026-09-01 15:00:00,101,,,13.0,,
Oruro - Ciudad,2026-09-01 15:00:00,107,,,3.0,,
Oruro - Ciudad,2026-09-02 10:00:00,28,26.0,,,,
Oruro - Ciudad,2026-09-02 10:00:00,31,27.0,,,,
Oruro - Ciudad,2026-09-02 10:00:00,34,26.0,,,,
Oruro - Ciudad,2026-09-02 10:00:00,37,25.0,,,,
Oruro - Ciudad,2026-09-02 10:00:00,40,26.0,,,,
Oruro - Ciudad,2026-09-02 10:00:00,88,36.0,,,,
Oruro - Ciudad,2026-09-02 10:00:00,91,36.0,0.0,7.0,4.8,334.0
Oruro - Ciudad,2026-09-02 10:00:00,94,36.0,0.0,8.0,5.5,340.0
Oruro - Ciudad,2026-09-02 10:00:00,97,36.0,0.0,12.0,5.8,329.0
Oruro - Ciudad,2026-09-02 10:00:00,100,36.0,0.0,17.0,6.2,316.0
Oruro - Ciudad,2026-09-02 10:00:00,103,36.0,0.0,15.0,5.4,295.0
Oruro - Ciudad,2026-09-02 10:00:00,106,76.0,2.2,12.0,4.6,272.0
Oruro - Ciudad,2026-09-02 10:00:00,109,76.0,3.1,10.0,3.4,194.0
Oruro - Ciudad,2026-09-02 10:00:00,112,76.0,2.7,7.0,2.2,115.0
Oruro - Ciudad,2026-09-02 15:00:00,11,,,2.0,,
Oruro - Ciudad,2026-09-02 15:00:00,14,,,2.0,,
Oruro - Ciudad,2026-09-02 15:00:00,35,,,1.0,,
Oruro - Ciudad,2026-09-02 15:00:00,38,,,1.0,,
Oruro - Ciudad,2026-09-02 15:00:00,47,,,20.0,,
Oruro - Ciudad,2026-09-02 15:00:00,50,,,20.0,,
Oruro - Ciudad,2026-09-02 15:00:00,62,,,0.0,,
Oruro - Ciudad,2026-09-02 15:00:00,71,,,19.0,,
Oruro - Ciudad,2026-09-02 15:00:00,74,,,19.0,,
Oruro - Ciudad,2026-09-02 15:00:00,83,,,0.0,,
Oruro - Ciudad,2026-09-02 15:00:00,86,,,0.0,,
Oruro - Ciudad,2026-09-02 15:00:00,98,,,17.0,,
Pailon - Pozo del Tigre,2026-08-31 13:00:00,1,56.0,0.0,36.0,4.4,285.0
Pailon - Pozo del Tigre,2026-08-31 13:00:00,4,56.0,0.0,36.0,3.2,317.0
Pailon - Pozo del Tigre,2026-08-31 13:00:00,7,89.0,1.0,28.0,2.1,348.0
Pailon - Pozo del Tigre,2026-08-31 13:00:00,10,90.0,2.1,23.0,4.2,340.0
Pailon - Pozo del Tigre,2026-08-31 13:00:00,13,89.0,1.5,22.0,6.4,170.0
Pailon - Pozo del Tigre,2026-08-31 13:00:00,16,89.0,1.5,22.0,6.6,170.0
Pailon - Pozo del Tigre,2026-08-31 13:00:00,19,90.0,0.8,23.0,6.1,160.0
Pailon - Pozo del Tigre,2026-08-31 13:00:00,22,89.0,1.5,25.0,5.9,170.0
Pailon - Pozo del Tigre,2026-08-31 13:00:00,25,56.0,0.0,32.0,5.7,170.0
Pailon - Pozo del Tigre,2026-08-31 13:00:00,28,56.0,0.0,32.0,4.4,170.0
Pailon - Pozo del Tigre,2026-08-31 13:00:00,31,36.0,0.0,27.0,3.1,160.0
Pailon - Pozo del Tigre,2026-08-31 13:00:00,34,37.0,0.0,24.0,3.3,160.0
Pailon - Pozo del Tigre,2026-08-31 13:00:00,37,57.0,0.0,22.0,3.4,160.0
Pailon - Pozo del Tigre,2026-08-31 13:00:00,40,56.0,0.0,22.0,3.0,160.0
Pailon - Pozo del Tigre,2026-08-31 13:00:00,43,56.0,0.0,24.0,3.6,150.0
Pailon - Pozo del Tigre,2026-08-31 13:00:00,46,57.0,0.0,27.0,2.0,189.0
Pailon - Pozo del Tigre,2026-08-31 13:00:00,49,36.0,0.0,32.0,0.3,216.0
Pailon - Pozo del Tigre,2026-08-31 13:00:00,52,36.0,0.0,32.0,1.2,209.0
Pailon - Pozo del Tigre,2026-08-31 13:00:00,55,26.0,0.0,28.0,2.1,190.0
Pailon - Pozo del Tigre,2026-08-31 13:00:00,58,26.0,0.0,24.0,2.1,167.0
Pailon - Pozo del Tigre,2026-08-31 13:00:00,61,26.0,0.0,22.0,2.1,137.0
Pailon - Pozo del Tigre,2026-08-31 13:00:00,64,26.0,0.0,22.0,2.3,343.0
Pailon - Pozo del Tigre,2026-08-31 13:00:00,67,26.0,0.0,24.0,3.1,343.0
Pailon - Pozo del Tigre,2026-08-31 13:00:00,70,26.0,0.0,30.0,5.4,333.0
Pailon - Pozo del Tigre,2026-08-31 13:00:00,73,36.0,0.0,35.0,7.7,320.0
Pailon - Pozo del Tigre,2026-08-31 13:00:00,76,36.0,0.0,35.0,5.4,340.0
Pailon - Pozo del Tigre,2026-08-31 13:00:00,79,26.0,0.0,30.0,3.2,352.0
Pailon - Pozo del Tigre,2026-08-31 13:00:00,82,26.0,0.0,25.0,3.0,352.0
Pailon - Pozo del Tigre,2026-08-31 13:00:00,85,36.0,0.0,22.0,2.7,350.0
Pailon - Pozo del Tigre,2026-08-31 13:00:00,88,36.0,0.0,22.0,3.4,328.0
Pailon - Pozo del Tigre,2026-08-31 13:00:00,91,36.0,0.0,27.0,3.6,330.0
Pailon - Pozo del Tigre,2026-08-31 13:00:00,94,55.0,0.0,30.0,5.4,330.0
Pailon - Pozo del Tigre,2026-08-31 13:00:00,97,57.0,0.0,35.0,7.3,320.0
Pailon - Pozo del Tigre,2026-08-31 13:00:00,100,57.0,0.0,35.0,5.6,348.0
Pailon - Pozo del Tigre,2026-08-31 13:00:00,103,56.0,0.0,30.0,4.0,8.0
Pailon - Pozo del Tigre,2026-08-31 13:00:00,106,56.0,0.0,22.0,3.0,356.0
Pailon - Pozo del Tigre,2026-08-31 13:00:00,109,36.0,0.0,22.0,1.9,336.0
Pailon - Pozo del Tigre,2026-09-01 11:00:00,15,55.0,,,,
Pailon - Pozo del Tigre,2026-09-01 11:00:00,36,27.0,,,,
Pailon - Pozo del Tigre,2026-09-01 11:00:00,90,36.0,0.0,28.0,5.2,173.0
Pailon - Pozo del Tigre,2026-09-01 11:00:00,93,36.0,0.0,27.0,5.8,173.0
Pailon - Pozo del Tigre,2026-09-01 11:00:00,96,36.0,0.0,32.0,4.4,173.0
Pailon - Pozo del Tigre,2026-09-01 11:00:00,99,36.0,0.0,36.0,3.0,170.0
Pailon - Pozo del Tigre,2026-09-01 11:00:00,102,37.0,0.0,33.0,5.1,170.0
Pailon - Pozo del Tigre,2026-09-01 11:00:00,105,36.0,0.0,29.0,7.2,170.0
Pailon - Pozo del Tigre,2026-09-01 11:00:00,108,37.0,0.0,25.0,7.3,170.0
Pailon - Pozo del Tigre,2026-09-01 11:00:00,111,35.0,0.0,20.0,7.6,170.0
Pailon - Pozo del Tigre,2026-09-01 15:00:00,11,,,19.0,,
Pailon - Pozo del Tigre,2026-09-01 15:00:00,14,,,19.0,,
Pailon - Pozo del Tigre,2026-09-01 15:00:00,23,,,30.0,,
Pailon - Pozo del Tigre,2026-09-01 15:00:00,26,,,30.0,,
Pailon - Pozo del Tigre,2026-09-01 15:00:00,35,,,21.0,,
Pailon - Pozo del Tigre,2026-09-01 15:00:00,38,,,21.0,,
Pailon - Pozo del Tigre,2026-09-01 15:00:00,47,,,33.0,,
Pailon - Pozo del Tigre,2026-09-01 15:00:00,50,,,33.0,,
Pailon - Pozo del Tigre,2026-09-01 15:00:00,59,,,21.0,,
Pailon - Pozo del Tigre,2026-09-01 15:00:00,62,,,21.0,,
Pailon - Pozo del Tigre,2026-09-01 15:00:00,71,,,33.0,,
Pailon - Pozo del Tigre,2026-09-01 15:00:00,74,,,33.0,,
Pailon - Pozo del Tigre,2026-09-01 15:00:00,83,,,19.0,,
Pailon - Pozo del Tigre,2026-09-01 15:00:00,86,,,19.0,,
Pailon - Pozo del Tigre,2026-09-01 15:00:00,89,,,25.0,,
Pailon - Pozo del Tigre,2026-09-01 15:00:00,92,,,27.0,,
Pailon - Pozo del Tigre,2026-09-01 15:00:00,95,,,30.0,,
Pailon - Pozo del Tigre,2026-09-01 15:00:00,98,,,30.0,,
Pailon - Pozo del Tigre,2026-09-01 15:00:00,101,,,27.0,,
Pailon - Pozo del Tigre,2026-09-01 15:00:00,104,,,23.0,,
Pailon - Pozo del Tigre,2026-09-02 10:00:00,28,25.0,,,,
Pailon - Pozo del Tigre,2026-09-02 10:00:00,31,26.0,,,,
Pailon - Pozo del Tigre,2026-09-02 10:00:00,37,27.0,,,,
Pailon - Pozo del Tigre,2026-09-02 10:00:00,40,26.0,,,,
Pailon - Pozo del Tigre,2026-09-02 10:00:00,88,55.0,,,,
Pailon - Pozo del Tigre,2026-09-02 10:00:00,91,57.0,0.0,23.0,6.5,170.0
Pailon - Pozo del Tigre,2026-09-02 10:00:00,94,56.0,0.0,22.0,6.5,160.0
Pailon - Pozo del Tigre,2026-09-02 10:00:00,97,56.0,0.0,24.0,5.8,160.0
Pailon - Pozo del Tigre,2026-09-02 10:00:00,100,57.0,0.0,26.0,5.2,160.0
Pailon - Pozo del Tigre,2026-09-02 10:00:00,103,55.0,0.0,25.0,5.3,160.0
Pailon - Pozo del Tigre,2026-09-02 10:00:00,106,56.0,0.0,23.0,5.5,156.0
Pailon - Pozo del Tigre,2026-09-02 10:00:00,109,56.0,0.0,21.0,5.0,160.0
Pailon - Pozo del Tigre,2026-09-02 10:00:00,112,56.0,0.0,20.0,4.4,160.0
Pailon - Pozo del Tigre,2026-09-02 15:00:00,56,,,28.0,,
Pailon - Pozo del Tigre,2026-09-02 15:00:00,59,,,23.0,,
Pailon - Pozo del Tigre,2026-09-02 15:00:00,62,,,23.0,,
Pailon - Pozo del Tigre,2026-09-02 15:00:00,71,,,31.0,,
Pailon - Pozo del Tigre,2026-09-02 15:00:00,74,,,31.0,,
Pailon - Pozo del Tigre,2026-09-02 15:00:00,86,,,20.0,,
Pailon - Pozo del Tigre,2026-09-02 15:00:00,98,,,26.0,,
Palos Blancos,2026-08-31 13:00:00,1,76.0,2.4,32.0,2.3,341.0
Palos Blancos,2026-08-31 13:00:00,4,76.0,1.3,32.0,1.8,55.0
Palos Blancos,2026-08-31 13:00:00,7,36.0,0.0,28.0,1.2,121.0
Palos Blancos,2026-08-31 13:00:00,10,36.0,0.0,24.0,1.0,149.0
Palos Blancos,2026-08-31 13:00:00,13,55.0,0.0,20.0,0.9,176.0
Palos Blancos,2026-08-31 13:00:00,16,57.0,0.0,20.0,1.1,137.0
Palos Blancos,2026-08-31 13:00:00,19,56.0,0.0,22.0,1.0,99.0
Palos Blancos,2026-08-31 13:00:00,22,56.0,0.0,27.0,1.7,65.0
Palos Blancos,2026-08-31 13:00:00,25,84.0,1.2,29.0,2.5,30.0
Palos Blancos,2026-08-31 13:00:00,28,84.0,1.5,29.0,1.8,54.0
Palos Blancos,2026-08-31 13:00:00,31,89.0,1.5,27.0,1.1,76.0
Palos Blancos,2026-08-31 13:00:00,34,89.0,1.6,23.0,1.1,118.0
Palos Blancos,2026-08-31 13:00:00,37,56.0,0.0,19.0,1.2,157.0
Palos Blancos,2026-08-31 13:00:00,40,55.0,0.0,19.0,0.8,101.0
Palos Blancos,2026-08-31 13:00:00,43,56.0,0.0,21.0,0.5,57.0
Palos Blancos,2026-08-31 13:00:00,46,56.0,0.0,27.0,1.0,29.0
Palos Blancos,2026-08-31 13:00:00,49,56.0,0.0,30.0,1.6,351.0
Palos Blancos,2026-08-31 13:00:00,52,56.0,0.0,30.0,1.2,57.0
Palos Blancos,2026-08-31 13:00:00,55,37.0,0.0,27.0,0.8,125.0
Palos Blancos,2026-08-31 13:00:00,58,36.0,0.0,23.0,0.9,149.0
Palos Blancos,2026-08-31 13:00:00,61,26.0,0.0,20.0,1.1,165.0
Palos Blancos,2026-08-31 13:00:00,64,26.0,0.0,20.0,0.9,183.0
Palos Blancos,2026-08-31 13:00:00,67,27.0,0.0,22.0,0.6,202.0
Palos Blancos,2026-08-31 13:00:00,70,27.0,0.0,28.0,1.4,263.0
Palos Blancos,2026-08-31 13:00:00,73,37.0,0.0,30.0,2.2,325.0
Palos Blancos,2026-08-31 13:00:00,76,36.0,0.0,30.0,1.7,301.0
Palos Blancos,2026-08-31 13:00:00,79,36.0,0.0,25.0,1.2,148.0
Palos Blancos,2026-08-31 13:00:00,82,36.0,0.0,22.0,1.1,158.0
Palos Blancos,2026-08-31 13:00:00,85,36.0,0.0,20.0,1.0,167.0
Palos Blancos,2026-08-31 13:00:00,88,36.0,0.0,20.0,0.8,203.0
Palos Blancos,2026-08-31 13:00:00,91,36.0,0.0,23.0,0.6,221.0
Palos Blancos,2026-08-31 13:00:00,94,37.0,0.0,28.0,1.5,281.0
Palos Blancos,2026-08-31 13:00:00,97,56.0,0.0,30.0,2.3,331.0
Palos Blancos,2026-08-31 13:00:00,100,56.0,0.0,30.0,1.8,251.0
Palos Blancos,2026-08-31 13:00:00,103,56.0,0.0,24.0,1.3,165.0
Palos Blancos,2026-08-31 13:00:00,106,56.0,0.0,20.0,1.1,175.0
Palos Blancos,2026-08-31 13:00:00,109,36.0,0.0,20.0,0.9,175.0
Palos Blancos,2026-09-01 11:00:00,90,37.0,0.0,22.0,0.8,193.0
Palos Blancos,2026-09-01 11:00:00,93,36.0,0.0,23.0,0.5,203.0
Palos Blancos,2026-09-01 11:00:00,96,36.0,0.0,29.0,1.3,283.0
Palos Blancos,2026-09-01 11:00:00,99,57.0,0.0,36.0,2.1,353.0
Palos Blancos,2026-09-01 11:00:00,102,56.0,0.0,28.0,1.4,75.0
Palos Blancos,2026-09-01 11:00:00,105,89.0,1.3,20.0,0.8,157.0
Palos Blancos,2026-09-01 11:00:00,108,89.0,2.0,19.0,0.9,158.0
Palos Blancos,2026-09-01 11:00:00,111,89.0,2.5,17.0,0.9,158.0
Palos Blancos,2026-09-01 15:00:00,29,56.0,,24.0,,
Palos Blancos,2026-09-01 15:00:00,32,56.0,,20.0,,
Palos Blancos,2026-09-01 15:00:00,35,56.0,,18.0,,
Palos Blancos,2026-09-01 15:00:00,38,,,18.0,,
Palos Blancos,2026-09-01 15:00:00,41,,,24.0,,
Palos Blancos,2026-09-01 15:00:00,44,,,27.0,,
Palos Blancos,2026-09-01 15:00:00,47,,,31.0,,
Palos Blancos,2026-09-01 15:00:00,50,,,31.0,,
Palos Blancos,2026-09-01 15:00:00,53,,,26.0,,
Palos Blancos,2026-09-01 15:00:00,56,,,23.0,,
Palos Blancos,2026-09-01 15:00:00,59,,,19.0,,
Palos Blancos,2026-09-01 15:00:00,62,,,19.0,,
Palos Blancos,2026-09-01 15:00:00,68,,,26.0,,
Palos Blancos,2026-09-01 15:00:00,71,,,31.0,,
Palos Blancos,2026-09-01 15:00:00,74,,,31.0,,
Palos Blancos,2026-09-01 15:00:00,77,,,27.0,,
Palos Blancos,2026-09-01 15:00:00,80,,,23.0,,
Palos Blancos,2026-09-01 15:00:00,86,,,20.0,,
Palos Blancos,2026-09-01 15:00:00,92,,,27.0,,
Palos Blancos,2026-09-01 15:00:00,95,,,30.0,,
Palos Blancos,2026-09-01 15:00:00,98,,,30.0,,
Palos Blancos,2026-09-01 15:00:00,101,,,27.0,,
Palos Blancos,2026-09-01 15:00:00,104,,,25.0,,
Palos Blancos,2026-09-01 15:00:00,107,,,22.0,,
Palos Blancos,2026-09-02 10:00:00,16,25.0,,,,
Palos Blancos,2026-09-02 10:00:00,19,25.0,,,,
Palos Blancos,2026-09-02 10:00:00,22,26.0,,,,
Palos Blancos,2026-09-02 10:00:00,25,26.0,,,,
Palos Blancos,2026-09-02 10:00:00,88,,3.4,,,
Palos Blancos,2026-09-02 10:00:00,91,89.0,4.0,19.0,0.8,171.0
Palos Blancos,2026-09-02 10:00:00,94,90.0,2.5,19.0,0.5,149.0
Palos Blancos,2026-09-02 10:00:00,97,89.0,3.4,21.0,0.9,237.0
Palos Blancos,2026-09-02 10:00:00,100,90.0,2.5,22.0,1.4,306.0
Palos Blancos,2026-09-02 10:00:00,103,89.0,3.4,20.0,1.0,244.0
Palos Blancos,2026-09-02 10:00:00,106,89.0,2.4,18.0,0.7,169.0
Palos Blancos,2026-09-02 10:00:00,109,89.0,1.4,17.0,0.9,139.0
Palos Blancos,2026-09-02 10:00:00,112,89.0,3.4,16.0,1.1,101.0
Palos Blancos,2026-09-02 15:00:00,5,,,26.0,,
Palos Blancos,2026-09-02 15:00:00,8,,,24.0,,
Palos Blancos,2026-09-02 15:00:00,11,,,21.0,,
Palos Blancos,2026-09-02 15:00:00,14,,,21.0,,
Palos Blancos,2026-09-02 15:00:00,23,,,34.0,,
Palos Blancos,2026-09-02 15:00:00,26,,,34.0,,
Palos Blancos,2026-09-02 15:00:00,35,,,21.0,,
Palos Blancos,2026-09-02 15:00:00,38,,,21.0,,
Palos Blancos,2026-09-02 15:00:00,47,,,33.0,,
Palos Blancos,2026-09-02 15:00:00,50,,,33.0,,
Palos Blancos,2026-09-02 15:00:00,59,,,21.0,,
Palos Blancos,2026-09-02 15:00:00,62,,,21.0,,
Palos Blancos,2026-09-02 15:00:00,71,,,33.0,,
Palos Blancos,2026-09-02 15:00:00,74,,,33.0,,
Palos Blancos,2026-09-02 15:00:00,83,,,20.0,,
Palos Blancos,2026-09-02 15:00:00,86,,,20.0,,
Palos Blancos,2026-09-02 15:00:00,89,,,23.0,,
Palos Blancos,2026-09-02 15:00:00,92,,,28.0,,
Palos Blancos,2026-09-02 15:00:00,95,,,31.0,,
Palos Blancos,2026-09-02 15:00:00,98,,,31.0,,
Palos Blancos,2026-09-02 15:00:00,101,,,27.0,,
Palos Blancos,2026-09-02 15:00:00,104,,,26.0,,
Palos Blancos,2026-09-02 15:00:00,107,,,23.0,,
Paniagua_M (GPRS),2026-08-31 13:00:00,1,76.0,1.4,33.0,1.3,42.0
Paniagua_M (GPRS),2026-08-31 13:00:00,4,76.0,1.8,33.0,1.5,130.0
Paniagua_M (GPRS),2026-08-31 13:00:00,7,36.0,0.0,27.0,1.6,210.0
Paniagua_M (GPRS),2026-08-31 13:00:00,10,36.0,0.0,23.0,1.5,232.0
Paniagua_M (GPRS),2026-08-31 13:00:00,13,56.0,0.0,19.0,1.5,247.0
Paniagua_M (GPRS),2026-08-31 13:00:00,16,56.0,0.0,19.0,1.0,256.0
Paniagua_M (GPRS),2026-08-31 13:00:00,19,56.0,0.0,23.0,0.8,256.0
Paniagua_M (GPRS),2026-08-31 13:00:00,22,57.0,0.0,26.0,1.3,7.0
Paniagua_M (GPRS),2026-08-31 13:00:00,25,84.0,0.6,29.0,1.8,67.0
Paniagua_M (GPRS),2026-08-31 13:00:00,28,84.0,0.8,29.0,1.4,11.0
Paniagua_M (GPRS),2026-08-31 13:00:00,31,89.0,0.8,26.0,1.0,258.0
Paniagua_M (GPRS),2026-08-31 13:00:00,34,89.0,1.0,23.0,1.0,249.0
Paniagua_M (GPRS),2026-08-31 13:00:00,37,56.0,0.0,18.0,0.9,238.0
Paniagua_M (GPRS),2026-08-31 13:00:00,40,56.0,0.0,18.0,1.0,315.0
Paniagua_M (GPRS),2026-08-31 13:00:00,43,56.0,0.0,22.0,0.5,16.0
Paniagua_M (GPRS),2026-08-31 13:00:00,46,56.0,0.0,26.0,0.9,43.0
Paniagua_M (GPRS),2026-08-31 13:00:00,49,56.0,0.0,30.0,1.3,66.0
Paniagua_M (GPRS),2026-08-31 13:00:00,52,56.0,0.0,30.0,1.2,145.0
Paniagua_M (GPRS),2026-08-31 13:00:00,55,36.0,0.0,26.0,1.0,220.0
Paniagua_M (GPRS),2026-08-31 13:00:00,58,36.0,0.0,23.0,1.2,232.0
Paniagua_M (GPRS),2026-08-31 13:00:00,61,26.0,0.0,19.0,1.2,237.0
Paniagua_M (GPRS),2026-08-31 13:00:00,64,26.0,0.0,19.0,0.8,262.0
Paniagua_M (GPRS),2026-08-31 13:00:00,67,26.0,0.0,23.0,0.3,270.0
Paniagua_M (GPRS),2026-08-31 13:00:00,70,26.0,0.0,25.0,0.7,330.0
Paniagua_M (GPRS),2026-08-31 13:00:00,73,36.0,0.0,30.0,1.1,26.0
Paniagua_M (GPRS),2026-08-31 13:00:00,76,36.0,0.0,30.0,1.4,310.0
Paniagua_M (GPRS),2026-08-31 13:00:00,79,36.0,0.0,24.0,1.7,225.0
Paniagua_M (GPRS),2026-08-31 13:00:00,82,36.0,0.0,20.0,1.7,239.0
Paniagua_M (GPRS),2026-08-31 13:00:00,85,36.0,0.0,19.0,1.8,252.0
Paniagua_M (GPRS),2026-08-31 13:00:00,88,36.0,0.0,19.0,1.3,259.0
Paniagua_M (GPRS),2026-08-31 13:00:00,91,36.0,0.0,21.0,0.6,261.0
Paniagua_M (GPRS),2026-08-31 13:00:00,94,36.0,0.0,26.0,0.7,322.0
Paniagua_M (GPRS),2026-08-31 13:00:00,97,56.0,0.0,30.0,0.9,21.0
Paniagua_M (GPRS),2026-08-31 13:00:00,100,56.0,0.0,30.0,1.5,307.0
Paniagua_M (GPRS),2026-08-31 13:00:00,103,56.0,0.0,20.0,2.1,229.0
Paniagua_M (GPRS),2026-08-31 13:00:00,106,56.0,0.0,19.0,2.0,242.0
Paniagua_M (GPRS),2026-08-31 13:00:00,109,36.0,0.0,19.0,1.7,252.0
Paniagua_M (GPRS),2026-09-01 11:00:00,90,36.0,0.0,20.0,1.2,262.0
Paniagua_M (GPRS),2026-09-01 11:00:00,93,36.0,0.0,21.0,0.7,264.0
Paniagua_M (GPRS),2026-09-01 11:00:00,96,36.0,0.0,27.0,1.0,337.0
Paniagua_M (GPRS),2026-09-01 11:00:00,99,56.0,0.0,32.0,1.3,45.0
Paniagua_M (GPRS),2026-09-01 11:00:00,102,56.0,0.0,25.0,1.4,144.0
Paniagua_M (GPRS),2026-09-01 11:00:00,105,89.0,1.9,18.0,1.3,220.0
Paniagua_M (GPRS),2026-09-01 11:00:00,108,90.0,1.3,17.0,1.4,232.0
Paniagua_M (GPRS),2026-09-01 11:00:00,111,89.0,1.3,16.0,1.4,244.0
Paniagua_M (GPRS),2026-09-01 15:00:00,11,,,19.0,,
Paniagua_M (GPRS),2026-09-01 15:00:00,14,,,19.0,,
Paniagua_M (GPRS),2026-09-01 15:00:00,23,,,33.0,,
Paniagua_M (GPRS),2026-09-01 15:00:00,26,,,33.0,,
Paniagua_M (GPRS),2026-09-01 15:00:00,29,56.0,,27.0,,
Paniagua_M (GPRS),2026-09-01 15:00:00,32,56.0,,,,
Paniagua_M (GPRS),2026-09-01 15:00:00,35,56.0,,18.0,,
Paniagua_M (GPRS),2026-09-01 15:00:00,38,,,18.0,,
Paniagua_M (GPRS),2026-09-01 15:00:00,44,,,27.0,,
Paniagua_M (GPRS),2026-09-01 15:00:00,47,,,34.0,,
Paniagua_M (GPRS),2026-09-01 15:00:00,50,,,34.0,,
Paniagua_M (GPRS),2026-09-01 15:00:00,53,,,26.0,,
Paniagua_M (GPRS),2026-09-01 15:00:00,56,,,22.0,,
Paniagua_M (GPRS),2026-09-01 15:00:00,59,,,18.0,,
Paniagua_M (GPRS),2026-09-01 15:00:00,62,,,18.0,,
Paniagua_M (GPRS),2026-09-01 15:00:00,65,,,23.0,,
Paniagua_M (GPRS),2026-09-01 15:00:00,68,,,27.0,,
Paniagua_M (GPRS),2026-09-01 15:00:00,71,,,34.0,,
Paniagua_M (GPRS),2026-09-01 15:00:00,74,,,34.0,,
Paniagua_M (GPRS),2026-09-01 15:00:00,77,,,27.0,,
Paniagua_M (GPRS),2026-09-01 15:00:00,80,,,23.0,,
Paniagua_M (GPRS),2026-09-01 15:00:00,86,,,19.0,,
Paniagua_M (GPRS),2026-09-01 15:00:00,89,,,23.0,,
Paniagua_M (GPRS),2026-09-01 15:00:00,92,,,28.0,,
Paniagua_M (GPRS),2026-09-01 15:00:00,95,,,33.0,,
Paniagua_M (GPRS),2026-09-01 15:00:00,98,,,33.0,,
Paniagua_M (GPRS),2026-09-01 15:00:00,101,,,29.0,,
Paniagua_M (GPRS),2026-09-01 15:00:00,104,,,25.0,,
Paniagua_M (GPRS),2026-09-01 15:00:00,107,,,22.0,,
Paniagua_M (GPRS),2026-09-02 10:00:00,25,25.0,,,,
Paniagua_M (GPRS),2026-09-02 10:00:00,88,,2.6,,,
Paniagua_M (GPRS),2026-09-02 10:00:00,91,89.0,2.1,17.0,0.9,289.0
Paniagua_M (GPRS),2026-09-02 10:00:00,94,89.0,2.9,18.0,0.5,344.0
Paniagua_M (GPRS),2026-09-02 10:00:00,97,89.0,3.4,19.0,1.2,7.0
Paniagua_M (GPRS),2026-09-02 10:00:00,100,89.0,2.9,21.0,1.9,22.0
Paniagua_M (GPRS),2026-09-02 10:00:00,103,89.0,3.4,18.0,1.4,108.0
Paniagua_M (GPRS),2026-09-02 10:00:00,106,89.0,2.6,16.0,0.8,186.0
Paniagua_M (GPRS),2026-09-02 10:00:00,109,89.0,2.9,16.0,0.6,179.0
Paniagua_M (GPRS),2026-09-02 10:00:00,112,89.0,3.4,16.0,0.4,164.0
Paniagua_M (GPRS),2026-09-02 15:00:00,11,,,20.0,,
Paniagua_M (GPRS),2026-09-02 15:00:00,14,,,20.0,,
Paniagua_M (GPRS),2026-09-02 15:00:00,23,,,33.0,,
Paniagua_M (GPRS),2026-09-02 15:00:00,26,,,33.0,,
Paniagua_M (GPRS),2026-09-02 15:00:00,35,,,20.0,,
Paniagua_M (GPRS),2026-09-02 15:00:00,38,,,20.0,,
Paniagua_M (GPRS),2026-09-02 15:00:00,47,,,32.0,,
Paniagua_M (GPRS),2026-09-02 15:00:00,50,,,32.0,,
Paniagua_M (GPRS),2026-09-02 15:00:00,59,,,20.0,,
Paniagua_M (GPRS),2026-09-02 15:00:00,74,,,32.0,,
Paniagua_M (GPRS),2026-09-02 15:00:00,77,,,28.0,,
Paniagua_M (GPRS),2026-09-02 15:00:00,83,,,20.0,,
Paniagua_M (GPRS),2026-09-02 15:00:00,86,,,20.0,,
Paniagua_M (GPRS),2026-09-02 15:00:00,89,,,24.0,,
Paniagua_M (GPRS),2026-09-02 15:00:00,92,,,27.0,,
Paniagua_M (GPRS),2026-09-02 15:00:00,95,,,30.0,,
Paniagua_M (GPRS),2026-09-02 15:00:00,98,,,30.0,,
Paniagua_M (GPRS),2026-09-02 15:00:00,101,,,26.0,,
Paniagua_M (GPRS),2026-09-02 15:00:00,104,,,23.0,,
Paniagua_M (GPRS),2026-09-02 15:00:00,107,,,21.0,,
Patacamaya (INIAF),2026-08-31 13:00:00,1,25.0,0.0,20.0,5.9,308.0
Patacamaya (INIAF),2026-08-31 13:00:00,4,26.0,0.0,20.0,4.6,337.0
Patacamaya (INIAF),2026-08-31 13:00:00,7,26.0,0.0,11.0,3.2,357.0
Patacamaya (INIAF),2026-08-31 13:00:00,10,25.0,0.0,4.0,3.1,358.0
Patacamaya (INIAF),2026-08-31 13:00:00,13,25.0,0.0,-2.0,3.0,350.0
Patacamaya (INIAF),2026-08-31 13:00:00,16,26.0,0.0,-2.0,4.4,9.0
Patacamaya (INIAF),2026-08-31 13:00:00,19,27.0,0.0,5.0,5.2,359.0
Patacamaya (INIAF),2026-08-31 13:00:00,22,26.0,0.0,11.0,5.5,1.0
Patacamaya (INIAF),2026-08-31 13:00:00,25,25.0,0.0,20.0,5.8,1.0
Patacamaya (INIAF),2026-08-31 13:00:00,28,26.0,0.0,20.0,5.3,11.0
Patacamaya (INIAF),2026-08-31 13:00:00,31,26.0,0.0,12.0,4.8,20.0
Patacamaya (INIAF),2026-08-31 13:00:00,34,26.0,0.0,7.0,4.3,10.0
Patacamaya (INIAF),2026-08-31 13:00:00,37,26.0,0.0,-3.0,3.9,360.0
Patacamaya (INIAF),2026-08-31 13:00:00,40,25.0,0.0,-3.0,3.8,359.0
Patacamaya (INIAF),2026-08-31 13:00:00,43,26.0,0.0,7.0,4.0,349.0
Patacamaya (INIAF),2026-08-31 13:00:00,46,26.0,0.0,12.0,3.8,349.0
Patacamaya (INIAF),2026-08-31 13:00:00,49,36.0,0.0,19.0,3.5,347.0
Patacamaya (INIAF),2026-08-31 13:00:00,52,37.0,0.0,19.0,3.5,7.0
Patacamaya (INIAF),2026-08-31 13:00:00,55,27.0,0.0,11.0,3.6,19.0
Patacamaya (INIAF),2026-08-31 13:00:00,58,26.0,0.0,5.0,3.0,10.0
Patacamaya (INIAF),2026-08-31 13:00:00,61,35.0,0.0,-2.0,2.5,359.0
Patacamaya (INIAF),2026-08-31 13:00:00,64,36.0,0.0,-2.0,2.3,358.0
Patacamaya (INIAF),2026-08-31 13:00:00,67,36.0,0.0,8.0,1.9,348.0
Patacamaya (INIAF),2026-08-31 13:00:00,70,36.0,0.0,12.0,3.2,358.0
Patacamaya (INIAF),2026-08-31 13:00:00,73,76.0,1.9,20.0,4.7,8.0
Patacamaya (INIAF),2026-08-31 13:00:00,76,76.0,1.0,20.0,4.7,19.0
Patacamaya (INIAF),2026-08-31 13:00:00,79,36.0,0.0,10.0,4.7,20.0
Patacamaya (INIAF),2026-08-31 13:00:00,82,36.0,0.0,0.0,3.9,19.0
Patacamaya (INIAF),2026-08-31 13:00:00,85,35.0,0.0,-3.0,3.2,9.0
Patacamaya (INIAF),2026-08-31 13:00:00,88,36.0,0.0,-3.0,3.5,10.0
Patacamaya (INIAF),2026-08-31 13:00:00,91,37.0,0.0,7.0,3.0,10.0
Patacamaya (INIAF),2026-08-31 13:00:00,94,35.0,0.0,11.0,5.3,10.0
Patacamaya (INIAF),2026-08-31 13:00:00,97,56.0,0.0,19.0,7.7,9.0
Patacamaya (INIAF),2026-08-31 13:00:00,100,57.0,0.0,19.0,5.5,349.0
Patacamaya (INIAF),2026-08-31 13:00:00,103,57.0,0.0,8.0,3.3,320.0
Patacamaya (INIAF),2026-08-31 13:00:00,106,56.0,0.0,-3.0,3.2,350.0
Patacamaya (INIAF),2026-08-31 13:00:00,109,36.0,0.0,-3.0,3.1,10.0
Patacamaya (INIAF),2026-09-01 11:00:00,87,37.0,,,,
Patacamaya (INIAF),2026-09-01 11:00:00,90,36.0,0.0,6.0,3.9,10.0
Patacamaya (INIAF),2026-09-01 11:00:00,93,36.0,0.0,6.0,4.1,10.0
Patacamaya (INIAF),2026-09-01 11:00:00,96,37.0,0.0,8.0,3.6,359.0
Patacamaya (INIAF),2026-09-01 11:00:00,99,56.0,0.0,10.0,3.2,339.0
Patacamaya (INIAF),2026-09-01 11:00:00,102,56.0,0.0,9.0,3.6,340.0
Patacamaya (INIAF),2026-09-01 11:00:00,105,56.0,0.0,7.0,4.1,339.0
Patacamaya (INIAF),2026-09-01 11:00:00,108,57.0,0.0,6.0,3.8,349.0
Patacamaya (INIAF),2026-09-01 11:00:00,111,57.0,0.0,6.0,3.7,350.0
Patacamaya (INIAF),2026-09-01 15:00:00,11,,,3.0,,
Patacamaya (INIAF),2026-09-01 15:00:00,14,,,3.0,,
Patacamaya (INIAF),2026-09-01 15:00:00,23,,,20.0,,
Patacamaya (INIAF),2026-09-01 15:00:00,26,,,20.0,,
Patacamaya (INIAF),2026-09-01 15:00:00,29,,,12.0,,
Patacamaya (INIAF),2026-09-01 15:00:00,32,,,7.0,,
Patacamaya (INIAF),2026-09-01 15:00:00,35,,,2.0,,
Patacamaya (INIAF),2026-09-01 15:00:00,38,,,2.0,,
Patacamaya (INIAF),2026-09-01 15:00:00,44,,,13.0,,
Patacamaya (INIAF),2026-09-01 15:00:00,47,,,21.0,,
Patacamaya (INIAF),2026-09-01 15:00:00,50,,,21.0,,
Patacamaya (INIAF),2026-09-01 15:00:00,53,,,11.0,,
Patacamaya (INIAF),2026-09-01 15:00:00,56,,,7.0,,
Patacamaya (INIAF),2026-09-01 15:00:00,59,,,3.0,,
Patacamaya (INIAF),2026-09-01 15:00:00,62,,,3.0,,
Patacamaya (INIAF),2026-09-01 15:00:00,71,,,20.0,,
Patacamaya (INIAF),2026-09-01 15:00:00,74,,,20.0,,
Patacamaya (INIAF),2026-09-01 15:00:00,77,,,12.0,,
Patacamaya (INIAF),2026-09-01 15:00:00,80,,,9.0,,
Patacamaya (INIAF),2026-09-01 15:00:00,83,,,3.0,,
Patacamaya (INIAF),2026-09-01 15:00:00,86,,,3.0,,
Patacamaya (INIAF),2026-09-01 15:00:00,92,,,12.0,,
Patacamaya (INIAF),2026-09-01 15:00:00,95,,,19.0,,
Patacamaya (INIAF),2026-09-01 15:00:00,98,,,19.0,,
Patacamaya (INIAF),2026-09-01 15:00:00,101,,,13.0,,
Patacamaya (INIAF),2026-09-01 15:00:00,104,,,10.0,,
Patacamaya (INIAF),2026-09-01 15:00:00,107,,,7.0,,
Patacamaya (INIAF),2026-09-02 10:00:00,16,26.0,,,,
Patacamaya (INIAF),2026-09-02 10:00:00,19,26.0,,,,
Patacamaya (INIAF),2026-09-02 10:00:00,22,27.0,,,,
Patacamaya (INIAF),2026-09-02 10:00:00,25,27.0,,,,
Patacamaya (INIAF),2026-09-02 10:00:00,28,35.0,0.0,,,
Patacamaya (INIAF),2026-09-02 10:00:00,31,35.0,0.0,,,
Patacamaya (INIAF),2026-09-02 10:00:00,88,36.0,,,,
Patacamaya (INIAF),2026-09-02 10:00:00,91,35.0,0.0,5.0,3.5,360.0
Patacamaya (INIAF),2026-09-02 10:00:00,94,36.0,0.0,5.0,3.3,360.0
Patacamaya (INIAF),2026-09-02 10:00:00,97,37.0,0.0,9.0,4.4,9.0
Patacamaya (INIAF),2026-09-02 10:00:00,100,77.0,1.1,14.0,5.4,17.0
Patacamaya (INIAF),2026-09-02 10:00:00,103,76.0,0.6,11.0,4.9,18.0
Patacamaya (INIAF),2026-09-02 10:00:00,106,76.0,2.3,7.0,4.4,9.0
Patacamaya (INIAF),2026-09-02 10:00:00,109,76.0,1.7,6.0,3.7,19.0
Patacamaya (INIAF),2026-09-02 10:00:00,112,76.0,1.9,5.0,2.9,20.0
Patacamaya (INIAF),2026-09-02 15:00:00,23,,,19.0,,
Patacamaya (INIAF),2026-09-02 15:00:00,26,,,19.0,,
Patacamaya (INIAF),2026-09-02 15:00:00,47,,,18.0,,
Patacamaya (INIAF),2026-09-02 15:00:00,50,,,18.0,,
Patacamaya (INIAF),2026-09-02 15:00:00,59,,,2.0,,
Patacamaya (INIAF),2026-09-02 15:00:00,62,,,2.0,,
Patacamaya (INIAF),2026-09-02 15:00:00,71,,,17.0,,
Patacamaya (INIAF),2026-09-02 15:00:00,74,,,17.0,,
Patacamaya (INIAF),2026-09-02 15:00:00,83,,,3.0,,
Patacamaya (INIAF),2026-09-02 15:00:00,86,,,3.0,,
Patacamaya (INIAF),2026-09-02 15:00:00,89,,,6.0,,
Patacamaya (INIAF),2026-09-02 15:00:00,95,,,15.0,,
Patacamaya (INIAF),2026-09-02 15:00:00,98,,,15.0,,
Patacamaya (INIAF),2026-09-02 15:00:00,101,,,12.0,,
Patacamaya (INIAF),2026-09-02 15:00:00,104,,,8.0,,
Patacamaya (INIAF),2026-09-02 15:00:00,107,,,7.0,,
Potosí,2026-08-31 13:00:00,1,27.0,0.0,20.0,10.9,281.0
Potosí,2026-08-31 13:00:00,4,26.0,0.0,20.0,6.9,311.0
Potosí,2026-08-31 13:00:00,7,26.0,0.0,11.0,2.9,335.0
Potosí,2026-08-31 13:00:00,10,26.0,0.0,4.0,3.0,332.0
Potosí,2026-08-31 13:00:00,13,26.0,0.0,1.0,3.1,327.0
Potosí,2026-08-31 13:00:00,16,26.0,0.0,1.0,3.8,343.0
Potosí,2026-08-31 13:00:00,19,26.0,0.0,5.0,3.6,330.0
Potosí,2026-08-31 13:00:00,22,26.0,0.0,11.0,4.9,313.0
Potosí,2026-08-31 13:00:00,25,26.0,0.0,21.0,6.1,289.0
Potosí,2026-08-31 13:00:00,28,26.0,0.0,21.0,4.3,292.0
Potosí,2026-08-31 13:00:00,31,26.0,0.0,14.0,2.6,292.0
Potosí,2026-08-31 13:00:00,34,26.0,0.0,7.0,2.6,316.0
Potosí,2026-08-31 13:00:00,37,26.0,0.0,1.0,2.6,333.0
Potosí,2026-08-31 13:00:00,40,26.0,0.0,1.0,2.5,326.0
Potosí,2026-08-31 13:00:00,43,26.0,0.0,6.0,2.5,310.0
Potosí,2026-08-31 13:00:00,46,26.0,0.0,11.0,2.7,267.0
Potosí,2026-08-31 13:00:00,49,26.0,0.0,21.0,2.9,214.0
Potosí,2026-08-31 13:00:00,52,26.0,0.0,21.0,3.0,243.0
Potosí,2026-08-31 13:00:00,55,26.0,0.0,12.0,3.0,271.0
Potosí,2026-08-31 13:00:00,58,26.0,0.0,5.0,2.8,295.0
Potosí,2026-08-31 13:00:00,61,26.0,0.0,0.0,2.6,319.0
Potosí,2026-08-31 13:00:00,64,26.0,0.0,0.0,2.5,307.0
Potosí,2026-08-31 13:00:00,67,26.0,0.0,6.0,2.3,297.0
Potosí,2026-08-31 13:00:00,70,26.0,0.0,12.0,3.8,286.0
Potosí,2026-08-31 13:00:00,73,26.0,0.0,21.0,5.3,269.0
Potosí,2026-08-31 13:00:00,76,26.0,0.0,21.0,3.6,258.0
Potosí,2026-08-31 13:00:00,79,26.0,0.0,11.0,1.8,244.0
Potosí,2026-08-31 13:00:00,82,26.0,0.0,4.0,2.0,298.0
Potosí,2026-08-31 13:00:00,85,36.0,0.0,0.0,2.2,343.0
Potosí,2026-08-31 13:00:00,88,36.0,0.0,0.0,2.2,346.0
Potosí,2026-08-31 13:00:00,91,36.0,0.0,8.0,2.4,343.0
Potosí,2026-08-31 13:00:00,94,37.0,0.0,12.0,4.1,329.0
Potosí,2026-08-31 13:00:00,97,36.0,0.0,20.0,5.8,310.0
Potosí,2026-08-31 13:00:00,100,36.0,0.0,20.0,4.7,346.0
Potosí,2026-08-31 13:00:00,103,56.0,0.0,9.0,3.6,20.0
Potosí,2026-08-31 13:00:00,106,56.0,0.0,0.0,2.9,350.0
Potosí,2026-08-31 13:00:00,109,37.0,0.0,0.0,2.2,321.0
Potosí,2026-09-01 11:00:00,87,36.0,,,,
Potosí,2026-09-01 11:00:00,90,36.0,0.0,6.0,3.3,335.0
Potosí,2026-09-01 11:00:00,93,36.0,0.0,6.0,3.3,333.0
Potosí,2026-09-01 11:00:00,96,36.0,0.0,10.0,5.6,304.0
Potosí,2026-09-01 11:00:00,99,36.0,0.0,14.0,7.9,267.0
Potosí,2026-09-01 11:00:00,102,36.0,0.0,12.0,7.3,267.0
Potosí,2026-09-01 11:00:00,105,37.0,0.0,10.0,6.6,267.0
Potosí,2026-09-01 11:00:00,108,36.0,0.0,7.0,4.6,296.0
Potosí,2026-09-01 11:00:00,111,36.0,0.0,5.0,2.7,323.0
Potosí,2026-09-01 15:00:00,11,,,2.0,,
Potosí,2026-09-01 15:00:00,14,,,2.0,,
Potosí,2026-09-01 15:00:00,17,,,7.0,,
Potosí,2026-09-01 15:00:00,20,,,12.0,,
Potosí,2026-09-01 15:00:00,29,,,15.0,,
Potosí,2026-09-01 15:00:00,32,,,10.0,,
Potosí,2026-09-01 15:00:00,35,,,3.0,,
Potosí,2026-09-01 15:00:00,38,,,3.0,,
Potosí,2026-09-01 15:00:00,41,,,9.0,,
Potosí,2026-09-01 15:00:00,44,,,14.0,,
Potosí,2026-09-01 15:00:00,47,,,22.0,,
Potosí,2026-09-01 15:00:00,50,,,22.0,,
Potosí,2026-09-01 15:00:00,53,,,14.0,,
Potosí,2026-09-01 15:00:00,56,,,9.0,,
Potosí,2026-09-01 15:00:00,59,,,3.0,,
Potosí,2026-09-01 15:00:00,62,,,3.0,,
Potosí,2026-09-01 15:00:00,65,,,9.0,,
Potosí,2026-09-01 15:00:00,68,,,13.0,,
Potosí,2026-09-01 15:00:00,71,,,21.0,,
Potosí,2026-09-01 15:00:00,74,,,21.0,,
Potosí,2026-09-01 15:00:00,77,,,13.0,,
Potosí,2026-09-01 15:00:00,80,,,8.0,,
Potosí,2026-09-01 15:00:00,83,,,3.0,,
Potosí,2026-09-01 15:00:00,86,,,3.0,,
Potosí,2026-09-01 15:00:00,89,,,9.0,,
Potosí,2026-09-01 15:00:00,92,,,14.0,,
Potosí,2026-09-01 15:00:00,95,,,21.0,,
Potosí,2026-09-01 15:00:00,98,,,21.0,,
Potosí,2026-09-01 15:00:00,101,57.0,,16.0,,
Potosí,2026-09-01 15:00:00,104,56.0,,12.0,,
Potosí,2026-09-01 15:00:00,107,56.0,,8.0,,
Potosí,2026-09-02 10:00:00,37,27.0,,,,
Potosí,2026-09-02 10:00:00,40,26.0,,,,
Potosí,2026-09-02 10:00:00,91,36.0,0.0,5.0,3.2,337.0
Potosí,2026-09-02 10:00:00,94,36.0,0.0,6.0,3.3,327.0
Potosí,2026-09-02 10:00:00,97,36.0,0.0,10.0,6.1,307.0
Potosí,2026-09-02 10:00:00,100,36.0,0.0,14.0,8.9,284.0
Potosí,2026-09-02 10:00:00,103,36.0,0.0,11.0,7.1,246.0
Potosí,2026-09-02 10:00:00,106,36.0,0.0,8.0,5.3,201.0
Potosí,2026-09-02 10:00:00,109,36.0,0.0,6.0,4.2,273.0
Potosí,2026-09-02 10:00:00,112,35.0,0.0,4.0,3.2,327.0
Potosí,2026-09-02 15:00:00,23,,,23.0,,
Potosí,2026-09-02 15:00:00,26,,,23.0,,
Potosí,2026-09-02 15:00:00,35,,,1.0,,
Potosí,2026-09-02 15:00:00,38,,,1.0,,
Potosí,2026-09-02 15:00:00,47,,,22.0,,
Potosí,2026-09-02 15:00:00,50,,,22.0,,
Potosí,2026-09-02 15:00:00,62,,,0.0,,
Potosí,2026-09-02 15:00:00,71,,,20.0,,
Potosí,2026-09-02 15:00:00,74,,,20.0,,
Potosí,2026-09-02 15:00:00,83,,,1.0,,
Potosí,2026-09-02 15:00:00,86,,,0.0,,
Potosí,2026-09-02 15:00:00,95,,,21.0,,
Potosí,2026-09-02 15:00:00,98,,,21.0,,
Potosí,2026-09-02 15:00:00,101,,,17.0,,
Potosí,2026-09-02 15:00:00,104,,,15.0,,
Potosí,2026-09-02 15:00:00,107,,,10.0,,
Potosí Aeropuerto,2026-08-31 13:00:00,1,26.0,0.0,19.0,13.4,280.0
Potosí Aeropuerto,2026-08-31 13:00:00,4,26.0,0.0,19.0,7.9,260.0
Potosí Aeropuerto,2026-08-31 13:00:00,7,25.0,0.0,9.0,2.5,239.0
Potosí Aeropuerto,2026-08-31 13:00:00,10,25.0,0.0,4.0,3.0,289.0
Potosí Aeropuerto,2026-08-31 13:00:00,13,27.0,0.0,0.0,3.6,330.0
Potosí Aeropuerto,2026-08-31 13:00:00,16,26.0,0.0,0.0,3.0,330.0
Potosí Aeropuerto,2026-08-31 13:00:00,19,25.0,0.0,5.0,2.6,320.0
Potosí Aeropuerto,2026-08-31 13:00:00,22,26.0,0.0,10.0,4.1,309.0
Potosí Aeropuerto,2026-08-31 13:00:00,25,25.0,0.0,20.0,5.5,289.0
Potosí Aeropuerto,2026-08-31 13:00:00,28,26.0,0.0,20.0,4.3,280.0
Potosí Aeropuerto,2026-08-31 13:00:00,31,26.0,0.0,14.0,3.0,271.0
Potosí Aeropuerto,2026-08-31 13:00:00,34,26.0,0.0,7.0,2.4,302.0
Potosí Aeropuerto,2026-08-31 13:00:00,37,27.0,0.0,-1.0,1.8,333.0
Potosí Aeropuerto,2026-08-31 13:00:00,40,25.0,0.0,-1.0,2.3,310.0
Potosí Aeropuerto,2026-08-31 13:00:00,43,26.0,0.0,4.0,2.5,300.0
Potosí Aeropuerto,2026-08-31 13:00:00,46,26.0,0.0,11.0,3.4,289.0
Potosí Aeropuerto,2026-08-31 13:00:00,49,26.0,0.0,19.0,4.4,269.0
Potosí Aeropuerto,2026-08-31 13:00:00,52,25.0,0.0,19.0,3.7,279.0
Potosí Aeropuerto,2026-08-31 13:00:00,55,25.0,0.0,11.0,2.9,280.0
Potosí Aeropuerto,2026-08-31 13:00:00,58,26.0,0.0,4.0,3.0,300.0
Potosí Aeropuerto,2026-08-31 13:00:00,61,27.0,0.0,0.0,3.0,310.0
Potosí Aeropuerto,2026-08-31 13:00:00,64,25.0,0.0,0.0,2.5,299.0
Potosí Aeropuerto,2026-08-31 13:00:00,67,27.0,0.0,7.0,2.2,289.0
Potosí Aeropuerto,2026-08-31 13:00:00,70,26.0,0.0,11.0,3.7,289.0
Potosí Aeropuerto,2026-08-31 13:00:00,73,25.0,0.0,20.0,5.1,279.0
Potosí Aeropuerto,2026-08-31 13:00:00,76,26.0,0.0,20.0,4.0,279.0
Potosí Aeropuerto,2026-08-31 13:00:00,79,26.0,0.0,10.0,2.8,279.0
Potosí Aeropuerto,2026-08-31 13:00:00,82,26.0,0.0,3.0,2.3,300.0
Potosí Aeropuerto,2026-08-31 13:00:00,85,37.0,0.0,0.0,1.9,312.0
Potosí Aeropuerto,2026-08-31 13:00:00,88,36.0,0.0,0.0,1.9,331.0
Potosí Aeropuerto,2026-08-31 13:00:00,91,36.0,0.0,8.0,2.0,331.0
Potosí Aeropuerto,2026-08-31 13:00:00,94,36.0,0.0,12.0,5.1,310.0
Potosí Aeropuerto,2026-08-31 13:00:00,97,36.0,0.0,19.0,8.0,289.0
Potosí Aeropuerto,2026-08-31 13:00:00,100,35.0,0.0,19.0,5.1,292.0
Potosí Aeropuerto,2026-08-31 13:00:00,103,57.0,0.0,11.0,2.0,295.0
Potosí Aeropuerto,2026-08-31 13:00:00,106,57.0,0.0,0.0,2.3,312.0
Potosí Aeropuerto,2026-08-31 13:00:00,109,35.0,0.0,0.0,2.5,320.0
Potosí Aeropuerto,2026-09-01 11:00:00,90,36.0,0.0,6.0,3.3,311.0
Potosí Aeropuerto,2026-09-01 11:00:00,93,36.0,0.0,7.0,3.9,300.0
Potosí Aeropuerto,2026-09-01 11:00:00,96,35.0,0.0,11.0,6.5,300.0
Potosí Aeropuerto,2026-09-01 11:00:00,99,37.0,0.0,15.0,9.0,290.0
Potosí Aeropuerto,2026-09-01 11:00:00,102,35.0,0.0,12.0,7.2,280.0
Potosí Aeropuerto,2026-09-01 11:00:00,105,35.0,0.0,9.0,5.3,260.0
Potosí Aeropuerto,2026-09-01 11:00:00,108,35.0,0.0,7.0,3.8,290.0
Potosí Aeropuerto,2026-09-01 11:00:00,111,36.0,0.0,4.0,2.2,310.0
Potosí Aeropuerto,2026-09-01 15:00:00,11,,,1.0,,
Potosí Aeropuerto,2026-09-01 15:00:00,14,,,1.0,,
Potosí Aeropuerto,2026-09-01 15:00:00,17,,,7.0,,
Potosí Aeropuerto,2026-09-01 15:00:00,20,,,12.0,,
Potosí Aeropuerto,2026-09-01 15:00:00,23,,,20.0,,
Potosí Aeropuerto,2026-09-01 15:00:00,26,,,20.0,,
Potosí Aeropuerto,2026-09-01 15:00:00,29,,,13.0,,
Potosí Aeropuerto,2026-09-01 15:00:00,32,,,7.0,,
Potosí Aeropuerto,2026-09-01 15:00:00,35,,,2.0,,
Potosí Aeropuerto,2026-09-01 15:00:00,38,,,2.0,,
Potosí Aeropuerto,2026-09-01 15:00:00,41,,,8.0,,
Potosí Aeropuerto,2026-09-01 15:00:00,44,,,14.0,,
Potosí Aeropuerto,2026-09-01 15:00:00,47,,,21.0,,
Potosí Aeropuerto,2026-09-01 15:00:00,50,,,21.0,,
Potosí Aeropuerto,2026-09-01 15:00:00,53,,,14.0,,
Potosí Aeropuerto,2026-09-01 15:00:00,56,,,9.0,,
Potosí Aeropuerto,2026-09-01 15:00:00,59,,,3.0,,
Potosí Aeropuerto,2026-09-01 15:00:00,62,,,3.0,,
Potosí Aeropuerto,2026-09-01 15:00:00,65,,,9.0,,
Potosí Aeropuerto,2026-09-01 15:00:00,68,,,14.0,,
Potosí Aeropuerto,2026-09-01 15:00:00,71,,,20.0,,
Potosí Aeropuerto,2026-09-01 15:00:00,74,,,20.0,,
Potosí Aeropuerto,2026-09-01 15:00:00,77,,,14.0,,
Potosí Aeropuerto,2026-09-01 15:00:00,80,,,9.0,,
Potosí Aeropuerto,2026-09-01 15:00:00,83,,,3.0,,
Potosí Aeropuerto,2026-09-01 15:00:00,86,37.0,,3.0,,
Potosí Aeropuerto,2026-09-01 15:00:00,89,37.0,,,,
Potosí Aeropuerto,2026-09-01 15:00:00,92,36.0,,12.0,,
Potosí Aeropuerto,2026-09-01 15:00:00,95,36.0,,20.0,,
Potosí Aeropuerto,2026-09-01 15:00:00,98,,,20.0,,
Potosí Aeropuerto,2026-09-01 15:00:00,101,57.0,,16.0,,
Potosí Aeropuerto,2026-09-01 15:00:00,104,57.0,,11.0,,
Potosí Aeropuerto,2026-09-01 15:00:00,107,56.0,,6.0,,
Potosí Aeropuerto,2026-09-02 10:00:00,16,26.0,,,,
Potosí Aeropuerto,2026-09-02 10:00:00,19,26.0,,,,
Potosí Aeropuerto,2026-09-02 10:00:00,22,25.0,,,,
Potosí Aeropuerto,2026-09-02 10:00:00,25,25.0,,,,
Potosí Aeropuerto,2026-09-02 10:00:00,28,26.0,,,,
Potosí Aeropuerto,2026-09-02 10:00:00,31,27.0,,,,
Potosí Aeropuerto,2026-09-02 10:00:00,40,25.0,,,,
Potosí Aeropuerto,2026-09-02 10:00:00,91,37.0,0.0,5.0,3.0,300.0
Potosí Aeropuerto,2026-09-02 10:00:00,94,36.0,0.0,6.0,3.4,300.0
Potosí Aeropuerto,2026-09-02 10:00:00,97,36.0,0.0,10.0,6.7,290.0
Potosí Aeropuerto,2026-09-02 10:00:00,100,36.0,0.0,14.0,9.8,280.0
Potosí Aeropuerto,2026-09-02 10:00:00,103,36.0,0.0,11.0,7.8,260.0
Potosí Aeropuerto,2026-09-02 10:00:00,106,37.0,0.0,8.0,5.7,240.0
Potosí Aeropuerto,2026-09-02 10:00:00,109,36.0,0.0,6.0,4.4,279.0
Potosí Aeropuerto,2026-09-02 10:00:00,112,36.0,0.0,4.0,3.2,309.0
Potosí Aeropuerto,2026-09-02 15:00:00,35,,,1.0,,
Potosí Aeropuerto,2026-09-02 15:00:00,38,,,1.0,,
Potosí Aeropuerto,2026-09-02 15:00:00,47,,,21.0,,
Potosí Aeropuerto,2026-09-02 15:00:00,50,,,21.0,,
Potosí Aeropuerto,2026-09-02 15:00:00,59,,,1.0,,
Potosí Aeropuerto,2026-09-02 15:00:00,62,,,1.0,,
Potosí Aeropuerto,2026-09-02 15:00:00,71,,,19.0,,
Potosí Aeropuerto,2026-09-02 15:00:00,74,,,19.0,,
Potosí Aeropuerto,2026-09-02 15:00:00,83,,,1.0,,
Potosí Aeropuerto,2026-09-02 15:00:00,86,,,1.0,,
Potosí Aeropuerto,2026-09-02 15:00:00,95,,,20.0,,
Potosí Aeropuerto,2026-09-02 15:00:00,98,,,20.0,,
Potosí Aeropuerto,2026-09-02 15:00:00,101,,,16.0,,
Potosí Aeropuerto,2026-09-02 15:00:00,104,,,13.0,,
Potosí Aeropuerto,2026-09-02 15:00:00,107,,,7.0,,
Puerto Rico S,2026-08-31 13:00:00,1,36.0,0.0,35.0,2.8,330.0
Puerto Rico S,2026-08-31 13:00:00,4,36.0,0.0,35.0,2.0,340.0
Puerto Rico S,2026-08-31 13:00:00,7,36.0,0.0,31.0,1.2,344.0
Puerto Rico S,2026-08-31 13:00:00,10,36.0,0.0,27.0,1.5,350.0
Puerto Rico S,2026-08-31 13:00:00,13,36.0,0.0,23.0,1.7,347.0
Puerto Rico S,2026-08-31 13:00:00,16,36.0,0.0,23.0,1.9,330.0
Puerto Rico S,2026-08-31 13:00:00,19,36.0,0.0,26.0,2.1,310.0
Puerto Rico S,2026-08-31 13:00:00,22,36.0,0.0,31.0,2.1,326.0
Puerto Rico S,2026-08-31 13:00:00,25,56.0,0.0,37.0,2.1,333.0
Puerto Rico S,2026-08-31 13:00:00,28,55.0,0.0,37.0,1.7,57.0
Puerto Rico S,2026-08-31 13:00:00,31,56.0,0.0,31.0,1.3,137.0
Puerto Rico S,2026-08-31 13:00:00,34,57.0,0.0,25.0,1.4,167.0
Puerto Rico S,2026-08-31 13:00:00,37,56.0,0.0,21.0,1.5,190.0
Puerto Rico S,2026-08-31 13:00:00,40,55.0,0.0,21.0,1.6,134.0
Puerto Rico S,2026-08-31 13:00:00,43,57.0,0.0,27.0,1.7,150.0
Puerto Rico S,2026-08-31 13:00:00,46,57.0,0.0,30.0,1.5,181.0
Puerto Rico S,2026-08-31 13:00:00,49,55.0,0.0,35.0,1.2,203.0
Puerto Rico S,2026-08-31 13:00:00,52,56.0,0.0,35.0,1.0,286.0
Puerto Rico S,2026-08-31 13:00:00,55,37.0,0.0,30.0,0.9,350.0
Puerto Rico S,2026-08-31 13:00:00,58,36.0,0.0,26.0,0.9,310.0
Puerto Rico S,2026-08-31 13:00:00,61,26.0,0.0,22.0,0.9,270.0
Puerto Rico S,2026-08-31 13:00:00,64,27.0,0.0,22.0,1.1,240.0
Puerto Rico S,2026-08-31 13:00:00,67,26.0,0.0,24.0,1.3,280.0
Puerto Rico S,2026-08-31 13:00:00,70,27.0,0.0,29.0,2.0,300.0
Puerto Rico S,2026-08-31 13:00:00,73,26.0,0.0,36.0,2.6,320.0
Puerto Rico S,2026-08-31 13:00:00,76,26.0,0.0,36.0,2.1,334.0
Puerto Rico S,2026-08-31 13:00:00,79,26.0,0.0,30.0,1.6,344.0
Puerto Rico S,2026-08-31 13:00:00,82,26.0,0.0,25.0,1.5,324.0
Puerto Rico S,2026-08-31 13:00:00,85,36.0,0.0,23.0,1.5,294.0
Puerto Rico S,2026-08-31 13:00:00,88,35.0,0.0,23.0,1.9,356.0
Puerto Rico S,2026-08-31 13:00:00,91,36.0,0.0,27.0,2.1,340.0
Puerto Rico S,2026-08-31 13:00:00,94,35.0,0.0,29.0,2.4,330.0
Puerto Rico S,2026-08-31 13:00:00,97,56.0,0.0,37.0,2.7,310.0
Puerto Rico S,2026-08-31 13:00:00,100,56.0,0.0,37.0,2.0,340.0
Puerto Rico S,2026-08-31 13:00:00,103,36.0,0.0,32.0,1.5,360.0
Puerto Rico S,2026-08-31 13:00:00,106,36.0,0.0,23.0,1.7,344.0
Puerto Rico S,2026-08-31 13:00:00,109,36.0,0.0,23.0,2.0,324.0
Puerto Rico S,2026-09-01 11:00:00,15,36.0,,,,
Puerto Rico S,2026-09-01 11:00:00,18,37.0,,,,
Puerto Rico S,2026-09-01 11:00:00,21,36.0,,,,
Puerto Rico S,2026-09-01 11:00:00,24,36.0,,,,
Puerto Rico S,2026-09-01 11:00:00,27,36.0,,,,
Puerto Rico S,2026-09-01 11:00:00,30,36.0,,,,
Puerto Rico S,2026-09-01 11:00:00,33,36.0,,,,
Puerto Rico S,2026-09-01 11:00:00,36,35.0,,,,
Puerto Rico S,2026-09-01 11:00:00,39,36.0,,,,
Puerto Rico S,2026-09-01 11:00:00,87,26.0,,,,
Puerto Rico S,2026-09-01 11:00:00,90,27.0,0.0,28.0,2.1,336.0
Puerto Rico S,2026-09-01 11:00:00,93,25.0,0.0,28.0,2.4,340.0
Puerto Rico S,2026-09-01 11:00:00,96,26.0,0.0,34.0,2.1,352.0
Puerto Rico S,2026-09-01 11:00:00,99,36.0,0.0,40.0,1.8,360.0
Puerto Rico S,2026-09-01 11:00:00,102,35.0,0.0,35.0,1.4,319.0
Puerto Rico S,2026-09-01 11:00:00,105,25.0,0.0,30.0,1.1,274.0
Puerto Rico S,2026-09-01 11:00:00,108,26.0,0.0,27.0,1.1,290.0
Puerto Rico S,2026-09-01 11:00:00,111,26.0,0.0,24.0,1.2,303.0
Puerto Rico S,2026-09-01 15:00:00,11,,,22.0,,
Puerto Rico S,2026-09-01 15:00:00,14,,,22.0,,
Puerto Rico S,2026-09-01 15:00:00,23,,,33.0,,
Puerto Rico S,2026-09-01 15:00:00,26,,,33.0,,
Puerto Rico S,2026-09-01 15:00:00,35,,,23.0,,
Puerto Rico S,2026-09-01 15:00:00,38,,,23.0,,
Puerto Rico S,2026-09-01 15:00:00,41,,,27.0,,
Puerto Rico S,2026-09-01 15:00:00,44,,,31.0,,
Puerto Rico S,2026-09-01 15:00:00,56,,,27.0,,
Puerto Rico S,2026-09-01 15:00:00,59,,,24.0,,
Puerto Rico S,2026-09-01 15:00:00,62,,,24.0,,
Puerto Rico S,2026-09-01 15:00:00,65,,,26.0,,
Puerto Rico S,2026-09-01 15:00:00,68,,,30.0,,
Puerto Rico S,2026-09-01 15:00:00,71,,,36.0,,
Puerto Rico S,2026-09-01 15:00:00,74,,,36.0,,
Puerto Rico S,2026-09-01 15:00:00,80,,,27.0,,
Puerto Rico S,2026-09-01 15:00:00,83,,,24.0,,
Puerto Rico S,2026-09-01 15:00:00,86,,,24.0,,
Puerto Rico S,2026-09-01 15:00:00,92,,,31.0,,
Puerto Rico S,2026-09-01 15:00:00,95,,,36.0,,
Puerto Rico S,2026-09-01 15:00:00,98,,,36.0,,
Puerto Rico S,2026-09-01 15:00:00,101,,,32.0,,
Puerto Rico S,2026-09-01 15:00:00,104,,,30.0,,
Puerto Rico S,2026-09-01 15:00:00,107,,,27.0,,
Puerto Rico S,2026-09-02 10:00:00,19,26.0,,,,
Puerto Rico S,2026-09-02 10:00:00,25,26.0,,,,
Puerto Rico S,2026-09-02 10:00:00,28,35.0,,,,
Puerto Rico S,2026-09-02 10:00:00,31,36.0,,,,
Puerto Rico S,2026-09-02 10:00:00,34,36.0,,,,
Puerto Rico S,2026-09-02 10:00:00,37,35.0,,,,
Puerto Rico S,2026-09-02 10:00:00,40,37.0,,,,
Puerto Rico S,2026-09-02 10:00:00,88,56.0,,,,
Puerto Rico S,2026-09-02 10:00:00,91,56.0,0.0,26.0,0.9,257.0
Puerto Rico S,2026-09-02 10:00:00,94,56.0,0.0,23.0,0.3,187.0
Puerto Rico S,2026-09-02 10:00:00,97,56.0,0.0,25.0,1.5,223.0
Puerto Rico S,2026-09-02 10:00:00,100,89.0,3.0,27.0,2.7,256.0
Puerto Rico S,2026-09-02 10:00:00,103,88.0,4.8,26.0,1.9,279.0
Puerto Rico S,2026-09-02 10:00:00,106,89.0,0.9,25.0,1.0,299.0
Puerto Rico S,2026-09-02 10:00:00,109,89.0,2.3,25.0,1.3,240.0
Puerto Rico S,2026-09-02 10:00:00,112,89.0,3.2,24.0,1.5,180.0
Puerto Rico S,2026-09-02 15:00:00,11,,,21.0,,
Puerto Rico S,2026-09-02 15:00:00,14,,,21.0,,
Puerto Rico S,2026-09-02 15:00:00,35,,,22.0,,
Puerto Rico S,2026-09-02 15:00:00,38,,,22.0,,
Puerto Rico S,2026-09-02 15:00:00,47,,,35.0,,
Puerto Rico S,2026-09-02 15:00:00,50,,,35.0,,
Puerto Rico S,2026-09-02 15:00:00,59,,,21.0,,
Puerto Rico S,2026-09-02 15:00:00,62,,,21.0,,
Puerto Rico S,2026-09-02 15:00:00,71,,,35.0,,
Puerto Rico S,2026-09-02 15:00:00,77,,,28.0,,
Puerto Rico S,2026-09-02 15:00:00,80,,,25.0,,
Puerto Rico S,2026-09-02 15:00:00,83,25.0,,19.0,,
Puerto Rico S,2026-09-02 15:00:00,86,26.0,,19.0,,
Puerto Rico S,2026-09-02 15:00:00,89,26.0,,,,
Puerto Rico S,2026-09-02 15:00:00,92,26.0,,,,
Puerto Rico S,2026-09-02 15:00:00,95,26.0,0.0,31.0,,
Puerto Rico S,2026-09-02 15:00:00,98,25.0,0.0,31.0,,
Puerto Rico S,2026-09-02 15:00:00,101,26.0,0.0,27.0,,
Puerto Rico S,2026-09-02 15:00:00,104,26.0,0.0,24.0,,
Puerto Rico S,2026-09-02 15:00:00,107,26.0,0.0,21.0,,
Puerto Suárez,2026-08-31 13:00:00,1,89.0,2.1,39.0,3.5,288.0
Puerto Suárez,2026-08-31 13:00:00,4,89.0,2.6,39.0,4.1,248.0
Puerto Suárez,2026-08-31 13:00:00,7,88.0,1.4,34.0,4.7,201.0
Puerto Suárez,2026-08-31 13:00:00,10,89.0,1.2,26.0,4.9,201.0
Puerto Suárez,2026-08-31 13:00:00,13,56.0,0.0,21.0,5.1,197.0
Puerto Suárez,2026-08-31 13:00:00,16,56.0,0.0,21.0,4.2,180.0
Puerto Suárez,2026-08-31 13:00:00,19,56.0,0.0,23.0,3.5,170.0
Puerto Suárez,2026-08-31 13:00:00,22,55.0,0.0,28.0,3.5,180.0
Puerto Suárez,2026-08-31 13:00:00,25,56.0,0.0,32.0,3.5,190.0
Puerto Suárez,2026-08-31 13:00:00,28,56.0,0.0,32.0,3.5,190.0
Puerto Suárez,2026-08-31 13:00:00,31,36.0,0.0,30.0,3.7,189.0
Puerto Suárez,2026-08-31 13:00:00,34,36.0,0.0,25.0,2.7,190.0
Puerto Suárez,2026-08-31 13:00:00,37,57.0,0.0,21.0,1.7,190.0
Puerto Suárez,2026-08-31 13:00:00,40,36.0,0.0,21.0,1.6,170.0
Puerto Suárez,2026-08-31 13:00:00,43,37.0,0.0,25.0,1.4,140.0
Puerto Suárez,2026-08-31 13:00:00,46,36.0,0.0,32.0,1.1,180.0
Puerto Suárez,2026-08-31 13:00:00,49,36.0,0.0,33.0,0.9,211.0
Puerto Suárez,2026-08-31 13:00:00,52,36.0,0.0,33.0,1.2,190.0
Puerto Suárez,2026-08-31 13:00:00,55,26.0,0.0,30.0,1.5,160.0
Puerto Suárez,2026-08-31 13:00:00,58,25.0,0.0,24.0,1.0,149.0
Puerto Suárez,2026-08-31 13:00:00,61,25.0,0.0,21.0,0.6,139.0
Puerto Suárez,2026-08-31 13:00:00,64,26.0,0.0,21.0,2.4,79.0
Puerto Suárez,2026-08-31 13:00:00,67,26.0,0.0,26.0,3.3,70.0
Puerto Suárez,2026-08-31 13:00:00,70,26.0,0.0,32.0,3.5,30.0
Puerto Suárez,2026-08-31 13:00:00,73,26.0,0.0,35.0,3.8,340.0
Puerto Suárez,2026-08-31 13:00:00,76,26.0,0.0,35.0,2.4,324.0
Puerto Suárez,2026-08-31 13:00:00,79,36.0,0.0,31.0,1.0,305.0
Puerto Suárez,2026-08-31 13:00:00,82,35.0,0.0,23.0,1.1,1.0
Puerto Suárez,2026-08-31 13:00:00,85,36.0,0.0,21.0,1.3,50.0
Puerto Suárez,2026-08-31 13:00:00,88,36.0,0.0,21.0,1.7,19.0
Puerto Suárez,2026-08-31 13:00:00,91,36.0,0.0,25.0,1.7,339.0
Puerto Suárez,2026-08-31 13:00:00,94,36.0,0.0,27.0,3.0,347.0
Puerto Suárez,2026-08-31 13:00:00,97,56.0,0.0,35.0,4.4,347.0
Puerto Suárez,2026-08-31 13:00:00,100,57.0,0.0,35.0,3.0,340.0
Puerto Suárez,2026-08-31 13:00:00,103,37.0,0.0,31.0,1.6,333.0
Puerto Suárez,2026-08-31 13:00:00,106,35.0,0.0,21.0,1.7,350.0
Puerto Suárez,2026-08-31 13:00:00,109,36.0,0.0,21.0,1.7,357.0
Puerto Suárez,2026-09-01 11:00:00,27,26.0,,,,
Puerto Suárez,2026-09-01 11:00:00,30,26.0,,,,
Puerto Suárez,2026-09-01 11:00:00,87,35.0,,,,
Puerto Suárez,2026-09-01 11:00:00,90,35.0,0.0,28.0,2.1,218.0
Puerto Suárez,2026-09-01 11:00:00,93,36.0,0.0,28.0,2.7,217.0
Puerto Suárez,2026-09-01 11:00:00,96,36.0,0.0,33.0,3.3,227.0
Puerto Suárez,2026-09-01 11:00:00,99,35.0,0.0,39.0,4.0,230.0
Puerto Suárez,2026-09-01 11:00:00,102,36.0,0.0,34.0,4.4,210.0
Puerto Suárez,2026-09-01 11:00:00,105,36.0,0.0,30.0,4.9,190.0
Puerto Suárez,2026-09-01 11:00:00,108,36.0,0.0,25.0,4.8,199.0
Puerto Suárez,2026-09-01 11:00:00,111,36.0,0.0,20.0,4.8,199.0
Puerto Suárez,2026-09-01 15:00:00,11,36.0,,18.0,,
Puerto Suárez,2026-09-01 15:00:00,14,,,18.0,,
Puerto Suárez,2026-09-01 15:00:00,17,36.0,,24.0,,
Puerto Suárez,2026-09-01 15:00:00,20,,,27.0,,
Puerto Suárez,2026-09-01 15:00:00,23,,,31.0,,
Puerto Suárez,2026-09-01 15:00:00,26,,,31.0,,
Puerto Suárez,2026-09-01 15:00:00,29,36.0,,27.0,,
Puerto Suárez,2026-09-01 15:00:00,32,36.0,,,,
Puerto Suárez,2026-09-01 15:00:00,35,36.0,,20.0,,
Puerto Suárez,2026-09-01 15:00:00,38,,,20.0,,
Puerto Suárez,2026-09-01 15:00:00,44,,,30.0,,
Puerto Suárez,2026-09-01 15:00:00,47,,,37.0,,
Puerto Suárez,2026-09-01 15:00:00,50,,,37.0,,
Puerto Suárez,2026-09-01 15:00:00,56,,,27.0,,
Puerto Suárez,2026-09-01 15:00:00,65,,,27.0,,
Puerto Suárez,2026-09-01 15:00:00,68,,,30.0,,
Puerto Suárez,2026-09-01 15:00:00,71,,,38.0,,
Puerto Suárez,2026-09-01 15:00:00,74,,,38.0,,
Puerto Suárez,2026-09-01 15:00:00,80,,,27.0,,
Puerto Suárez,2026-09-01 15:00:00,83,,,20.0,,
Puerto Suárez,2026-09-01 15:00:00,86,,,20.0,,
Puerto Suárez,2026-09-01 15:00:00,89,,,25.0,,
Puerto Suárez,2026-09-01 15:00:00,95,,,37.0,,
Puerto Suárez,2026-09-01 15:00:00,98,,,37.0,,
Puerto Suárez,2026-09-01 15:00:00,101,,,32.0,,
Puerto Suárez,2026-09-01 15:00:00,104,,,29.0,,
Puerto Suárez,2026-09-01 15:00:00,107,,,24.0,,
Puerto Suárez,2026-09-02 10:00:00,16,26.0,,,,
Puerto Suárez,2026-09-02 10:00:00,19,25.0,,,,
Puerto Suárez,2026-09-02 10:00:00,28,36.0,,,,
Puerto Suárez,2026-09-02 10:00:00,31,36.0,,,,
Puerto Suárez,2026-09-02 10:00:00,34,27.0,,,,
Puerto Suárez,2026-09-02 10:00:00,37,27.0,,,,
Puerto Suárez,2026-09-02 10:00:00,40,26.0,,,,
Puerto Suárez,2026-09-02 10:00:00,88,56.0,,,,
Puerto Suárez,2026-09-02 10:00:00,91,57.0,0.0,22.0,4.2,200.0
Puerto Suárez,2026-09-02 10:00:00,94,57.0,0.0,21.0,4.2,200.0
Puerto Suárez,2026-09-02 10:00:00,97,56.0,0.0,25.0,5.2,200.0
Puerto Suárez,2026-09-02 10:00:00,100,56.0,0.0,30.0,6.1,200.0
Puerto Suárez,2026-09-02 10:00:00,103,56.0,0.0,26.0,5.1,190.0
Puerto Suárez,2026-09-02 10:00:00,106,56.0,0.0,22.0,4.0,180.0
Puerto Suárez,2026-09-02 10:00:00,109,57.0,0.0,20.0,4.0,190.0
Puerto Suárez,2026-09-02 10:00:00,112,56.0,0.0,19.0,3.9,190.0
Puerto Suárez,2026-09-02 15:00:00,11,,,17.0,,
Puerto Suárez,2026-09-02 15:00:00,14,,,17.0,,
Puerto Suárez,2026-09-02 15:00:00,23,,,38.0,,
Puerto Suárez,2026-09-02 15:00:00,26,,,38.0,,
Puerto Suárez,2026-09-02 15:00:00,35,,,16.0,,
Puerto Suárez,2026-09-02 15:00:00,38,,,16.0,,
Puerto Suárez,2026-09-02 15:00:00,47,,,37.0,,
Puerto Suárez,2026-09-02 15:00:00,50,,,37.0,,
Puerto Suárez,2026-09-02 15:00:00,59,,,17.0,,
Puerto Suárez,2026-09-02 15:00:00,62,,,17.0,,
Puerto Suárez,2026-09-02 15:00:00,68,,,28.0,,
Puerto Suárez,2026-09-02 15:00:00,71,,,36.0,,
Puerto Suárez,2026-09-02 15:00:00,74,,,36.0,,
Puerto Suárez,2026-09-02 15:00:00,80,,,24.0,,
Puerto Suárez,2026-09-02 15:00:00,83,,,14.0,,
Puerto Suárez,2026-09-02 15:00:00,86,,,14.0,,
Puerto Suárez,2026-09-02 15:00:00,95,,,31.0,,
Puerto Suárez,2026-09-02 15:00:00,98,,,31.0,,
Puerto Suárez,2026-09-02 15:00:00,101,,,27.0,,
Puerto Suárez,2026-09-02 15:00:00,104,,,25.0,,
Puerto Suárez,2026-09-02 15:00:00,107,,,23.0,,
Puerto Villarroel,2026-08-31 13:00:00,1,76.0,1.2,34.0,4.4,320.0
Puerto Villarroel,2026-08-31 13:00:00,4,77.0,1.6,34.0,3.1,316.0
Puerto Villarroel,2026-08-31 13:00:00,7,36.0,0.0,30.0,1.8,304.0
Puerto Villarroel,2026-08-31 13:00:00,10,36.0,0.0,26.0,1.4,360.0
Puerto Villarroel,2026-08-31 13:00:00,13,90.0,1.1,19.0,1.1,54.0
Puerto Villarroel,2026-08-31 13:00:00,16,89.0,0.6,19.0,2.7,98.0
Puerto Villarroel,2026-08-31 13:00:00,19,89.0,1.2,23.0,1.7,90.0
Puerto Villarroel,2026-08-31 13:00:00,22,89.0,0.9,25.0,2.4,82.0
Puerto Villarroel,2026-08-31 13:00:00,25,89.0,1.3,27.0,3.1,72.0
Puerto Villarroel,2026-08-31 13:00:00,28,89.0,0.9,27.0,2.3,100.0
Puerto Villarroel,2026-08-31 13:00:00,31,56.0,0.0,24.0,1.4,124.0
Puerto Villarroel,2026-08-31 13:00:00,34,56.0,0.0,22.0,1.2,130.0
Puerto Villarroel,2026-08-31 13:00:00,37,56.0,0.0,19.0,1.0,134.0
Puerto Villarroel,2026-08-31 13:00:00,40,57.0,0.0,19.0,1.3,138.0
Puerto Villarroel,2026-08-31 13:00:00,43,56.0,0.0,23.0,1.3,142.0
Puerto Villarroel,2026-08-31 13:00:00,46,56.0,0.0,26.0,1.0,83.0
Puerto Villarroel,2026-08-31 13:00:00,49,36.0,0.0,30.0,0.9,18.0
Puerto Villarroel,2026-08-31 13:00:00,52,36.0,0.0,30.0,0.6,337.0
Puerto Villarroel,2026-08-31 13:00:00,55,36.0,0.0,26.0,0.4,289.0
Puerto Villarroel,2026-08-31 13:00:00,58,36.0,0.0,23.0,0.6,239.0
Puerto Villarroel,2026-08-31 13:00:00,61,26.0,0.0,20.0,0.8,183.0
Puerto Villarroel,2026-08-31 13:00:00,64,26.0,0.0,20.0,0.6,262.0
Puerto Villarroel,2026-08-31 13:00:00,67,26.0,0.0,25.0,0.6,262.0
Puerto Villarroel,2026-08-31 13:00:00,70,26.0,0.0,28.0,2.6,293.0
Puerto Villarroel,2026-08-31 13:00:00,73,36.0,0.0,32.0,4.5,320.0
Puerto Villarroel,2026-08-31 13:00:00,76,36.0,0.0,32.0,3.0,316.0
Puerto Villarroel,2026-08-31 13:00:00,79,36.0,0.0,27.0,1.5,304.0
Puerto Villarroel,2026-08-31 13:00:00,82,36.0,0.0,24.0,1.1,310.0
Puerto Villarroel,2026-08-31 13:00:00,85,56.0,0.0,20.0,0.7,310.0
Puerto Villarroel,2026-08-31 13:00:00,88,56.0,0.0,20.0,0.9,291.0
Puerto Villarroel,2026-08-31 13:00:00,91,56.0,0.0,25.0,0.9,262.0
Puerto Villarroel,2026-08-31 13:00:00,94,56.0,0.0,27.0,2.7,292.0
Puerto Villarroel,2026-08-31 13:00:00,97,56.0,0.0,31.0,4.5,320.0
Puerto Villarroel,2026-08-31 13:00:00,100,56.0,0.0,31.0,2.8,338.0
Puerto Villarroel,2026-08-31 13:00:00,103,56.0,0.0,28.0,1.1,354.0
Puerto Villarroel,2026-08-31 13:00:00,106,56.0,0.0,20.0,0.9,316.0
Puerto Villarroel,2026-08-31 13:00:00,109,36.0,0.0,20.0,0.8,272.0
Puerto Villarroel,2026-09-01 11:00:00,18,56.0,,,,
Puerto Villarroel,2026-09-01 11:00:00,27,56.0,,,,
Puerto Villarroel,2026-09-01 11:00:00,30,56.0,,,,
Puerto Villarroel,2026-09-01 11:00:00,87,56.0,,,,
Puerto Villarroel,2026-09-01 11:00:00,90,56.0,0.0,25.0,1.4,161.0
Puerto Villarroel,2026-09-01 11:00:00,93,56.0,0.0,25.0,2.0,118.0
Puerto Villarroel,2026-09-01 11:00:00,96,56.0,0.0,32.0,1.6,88.0
Puerto Villarroel,2026-09-01 11:00:00,99,56.0,0.0,40.0,1.2,58.0
Puerto Villarroel,2026-09-01 11:00:00,102,56.0,0.0,34.0,1.1,100.0
Puerto Villarroel,2026-09-01 11:00:00,105,89.0,2.4,28.0,1.1,137.0
Puerto Villarroel,2026-09-01 11:00:00,108,89.0,1.6,24.0,1.3,113.0
Puerto Villarroel,2026-09-01 11:00:00,111,89.0,1.2,21.0,1.4,81.0
Puerto Villarroel,2026-09-01 15:00:00,11,,,21.0,,
Puerto Villarroel,2026-09-01 15:00:00,14,,,21.0,,
Puerto Villarroel,2026-09-01 15:00:00,17,,,24.0,,
Puerto Villarroel,2026-09-01 15:00:00,20,,,27.0,,
Puerto Villarroel,2026-09-01 15:00:00,23,,,29.0,,
Puerto Villarroel,2026-09-01 15:00:00,26,,,29.0,,
Puerto Villarroel,2026-09-01 15:00:00,32,,,24.0,,
Puerto Villarroel,2026-09-01 15:00:00,35,,,23.0,,
Puerto Villarroel,2026-09-01 15:00:00,38,,,23.0,,
Puerto Villarroel,2026-09-01 15:00:00,53,,,28.0,,
Puerto Villarroel,2026-09-01 15:00:00,56,,,26.0,,
Puerto Villarroel,2026-09-01 15:00:00,59,,,22.0,,
Puerto Villarroel,2026-09-01 15:00:00,62,,,22.0,,
Puerto Villarroel,2026-09-01 15:00:00,68,,,28.0,,
Puerto Villarroel,2026-09-01 15:00:00,80,,,25.0,,
Puerto Villarroel,2026-09-01 15:00:00,83,,,23.0,,
Puerto Villarroel,2026-09-01 15:00:00,86,,,23.0,,
Puerto Villarroel,2026-09-01 15:00:00,92,,,27.0,,
Puerto Villarroel,2026-09-01 15:00:00,95,,,29.0,,
Puerto Villarroel,2026-09-01 15:00:00,98,,,29.0,,
Puerto Villarroel,2026-09-01 15:00:00,104,,,26.0,,
Puerto Villarroel,2026-09-01 15:00:00,107,,,25.0,,
Puerto Villarroel,2026-09-02 10:00:00,16,27.0,,,,
Puerto Villarroel,2026-09-02 10:00:00,19,27.0,,,,
Puerto Villarroel,2026-09-02 10:00:00,31,37.0,,,,
Puerto Villarroel,2026-09-02 10:00:00,40,36.0,,,,
Puerto Villarroel,2026-09-02 10:00:00,88,,3.2,,,
Puerto Villarroel,2026-09-02 10:00:00,91,89.0,1.7,21.0,1.0,128.0
Puerto Villarroel,2026-09-02 10:00:00,94,89.0,2.6,20.0,0.5,167.0
Puerto Villarroel,2026-09-02 10:00:00,97,90.0,2.3,22.0,1.2,145.0
Puerto Villarroel,2026-09-02 10:00:00,100,56.0,0.0,24.0,1.9,123.0
Puerto Villarroel,2026-09-02 10:00:00,103,56.0,0.0,22.0,1.5,149.0
Puerto Villarroel,2026-09-02 10:00:00,106,56.0,0.0,21.0,1.0,169.0
Puerto Villarroel,2026-09-02 10:00:00,109,56.0,0.0,20.0,1.2,140.0
Puerto Villarroel,2026-09-02 10:00:00,112,56.0,0.0,19.0,1.4,106.0
Puerto Villarroel,2026-09-02 15:00:00,23,,,34.0,,
Puerto Villarroel,2026-09-02 15:00:00,26,,,34.0,,
Puerto Villarroel,2026-09-02 15:00:00,47,,,33.0,,
Puerto Villarroel,2026-09-02 15:00:00,50,,,33.0,,
Puerto Villarroel,2026-09-02 15:00:00,59,,,18.0,,
Puerto Villarroel,2026-09-02 15:00:00,62,,,18.0,,
Puerto Villarroel,2026-09-02 15:00:00,71,,,32.0,,
Puerto Villarroel,2026-09-02 15:00:00,74,,,32.0,,
Puerto Villarroel,2026-09-02 15:00:00,77,,,26.0,,
Puerto Villarroel,2026-09-02 15:00:00,80,,,21.0,,
Puerto Villarroel,2026-09-02 15:00:00,83,,,15.0,,
Puerto Villarroel,2026-09-02 15:00:00,86,,,15.0,,
Puerto Villarroel,2026-09-02 15:00:00,89,,,18.0,,
Puerto Villarroel,2026-09-02 15:00:00,92,,,20.0,,
Puerto Villarroel,2026-09-02 15:00:00,95,,,22.0,,
Puerto Villarroel,2026-09-02 15:00:00,101,,,19.0,,
Puerto Villarroel,2026-09-02 15:00:00,104,,,18.0,,
Puerto Villarroel,2026-09-02 15:00:00,107,,,17.0,,
Quetenas (GPRS),2026-08-31 13:00:00,1,26.0,0.0,13.0,10.6,260.0
Quetenas (GPRS),2026-08-31 13:00:00,4,26.0,0.0,13.0,6.9,265.0
Quetenas (GPRS),2026-08-31 13:00:00,7,26.0,0.0,4.0,3.2,265.0
Quetenas (GPRS),2026-08-31 13:00:00,10,26.0,0.0,0.0,3.3,245.0
Quetenas (GPRS),2026-08-31 13:00:00,13,27.0,0.0,-5.0,3.5,223.0
Quetenas (GPRS),2026-08-31 13:00:00,16,26.0,0.0,-5.0,2.9,232.0
Quetenas (GPRS),2026-08-31 13:00:00,19,27.0,0.0,-1.0,2.6,221.0
Quetenas (GPRS),2026-08-31 13:00:00,22,26.0,0.0,5.0,4.5,258.0
Quetenas (GPRS),2026-08-31 13:00:00,25,26.0,0.0,10.0,6.4,290.0
Quetenas (GPRS),2026-08-31 13:00:00,28,26.0,0.0,10.0,4.7,270.0
Quetenas (GPRS),2026-08-31 13:00:00,31,26.0,0.0,5.0,3.0,245.0
Quetenas (GPRS),2026-08-31 13:00:00,34,27.0,0.0,0.0,2.7,233.0
Quetenas (GPRS),2026-08-31 13:00:00,37,26.0,0.0,-6.0,2.4,221.0
Quetenas (GPRS),2026-08-31 13:00:00,40,26.0,0.0,-6.0,2.2,221.0
Quetenas (GPRS),2026-08-31 13:00:00,43,26.0,0.0,1.0,2.0,211.0
Quetenas (GPRS),2026-08-31 13:00:00,46,26.0,0.0,6.0,4.6,244.0
Quetenas (GPRS),2026-08-31 13:00:00,49,26.0,0.0,10.0,7.1,271.0
Quetenas (GPRS),2026-08-31 13:00:00,52,26.0,0.0,10.0,4.9,266.0
Quetenas (GPRS),2026-08-31 13:00:00,55,26.0,0.0,4.0,2.7,255.0
Quetenas (GPRS),2026-08-31 13:00:00,58,26.0,0.0,0.0,2.6,243.0
Quetenas (GPRS),2026-08-31 13:00:00,61,26.0,0.0,-6.0,2.5,221.0
Quetenas (GPRS),2026-08-31 13:00:00,64,26.0,0.0,-5.0,2.4,233.0
Quetenas (GPRS),2026-08-31 13:00:00,67,26.0,0.0,1.0,2.1,233.0
Quetenas (GPRS),2026-08-31 13:00:00,70,26.0,0.0,5.0,4.2,260.0
Quetenas (GPRS),2026-08-31 13:00:00,73,26.0,0.0,9.0,6.2,277.0
Quetenas (GPRS),2026-08-31 13:00:00,76,26.0,0.0,10.0,4.6,250.0
Quetenas (GPRS),2026-08-31 13:00:00,79,26.0,0.0,3.0,3.1,223.0
Quetenas (GPRS),2026-08-31 13:00:00,82,26.0,0.0,-1.0,2.5,228.0
Quetenas (GPRS),2026-08-31 13:00:00,85,36.0,0.0,-5.0,1.9,225.0
Quetenas (GPRS),2026-08-31 13:00:00,88,36.0,0.0,-5.0,1.6,241.0
Quetenas (GPRS),2026-08-31 13:00:00,91,36.0,0.0,1.0,1.4,265.0
Quetenas (GPRS),2026-08-31 13:00:00,94,36.0,0.0,6.0,5.5,276.0
Quetenas (GPRS),2026-08-31 13:00:00,97,26.0,0.0,10.0,9.7,281.0
Quetenas (GPRS),2026-08-31 13:00:00,100,27.0,0.0,10.0,6.3,270.0
Quetenas (GPRS),2026-08-31 13:00:00,103,36.0,0.0,3.0,2.9,254.0
Quetenas (GPRS),2026-08-31 13:00:00,106,36.0,0.0,-5.0,2.7,254.0
Quetenas (GPRS),2026-08-31 13:00:00,109,36.0,0.0,-5.0,2.4,254.0
Quetenas (GPRS),2026-09-01 11:00:00,90,36.0,0.0,1.0,2.5,306.0
Quetenas (GPRS),2026-09-01 11:00:00,93,36.0,0.0,1.0,3.0,320.0
Quetenas (GPRS),2026-09-01 11:00:00,96,35.0,0.0,5.0,7.3,300.0
Quetenas (GPRS),2026-09-01 11:00:00,99,36.0,0.0,8.0,11.6,270.0
Quetenas (GPRS),2026-09-01 11:00:00,102,37.0,0.0,5.0,8.6,270.0
Quetenas (GPRS),2026-09-01 11:00:00,105,26.0,0.0,1.0,5.6,270.0
Quetenas (GPRS),2026-09-01 11:00:00,108,26.0,0.0,0.0,4.2,292.0
Quetenas (GPRS),2026-09-01 11:00:00,111,26.0,0.0,-2.0,2.7,312.0
Quetenas (GPRS),2026-09-01 15:00:00,11,,,-10.0,,
Quetenas (GPRS),2026-09-01 15:00:00,14,,,-10.0,,
Quetenas (GPRS),2026-09-01 15:00:00,17,,,-4.0,,
Quetenas (GPRS),2026-09-01 15:00:00,20,,,2.0,,
Quetenas (GPRS),2026-09-01 15:00:00,29,,,2.0,,
Quetenas (GPRS),2026-09-01 15:00:00,32,,,-4.0,,
Quetenas (GPRS),2026-09-01 15:00:00,35,,,-9.0,,
Quetenas (GPRS),2026-09-01 15:00:00,38,,,-9.0,,
Quetenas (GPRS),2026-09-01 15:00:00,41,,,-2.0,,
Quetenas (GPRS),2026-09-01 15:00:00,47,,,11.0,,
Quetenas (GPRS),2026-09-01 15:00:00,50,,,11.0,,
Quetenas (GPRS),2026-09-01 15:00:00,56,,,-2.0,,
Quetenas (GPRS),2026-09-01 15:00:00,59,,,-8.0,,
Quetenas (GPRS),2026-09-01 15:00:00,62,,,-7.0,,
Quetenas (GPRS),2026-09-01 15:00:00,68,,,5.0,,
Quetenas (GPRS),2026-09-01 15:00:00,71,,,12.0,,
Quetenas (GPRS),2026-09-01 15:00:00,74,,,12.0,,
Quetenas (GPRS),2026-09-01 15:00:00,77,,,5.0,,
Quetenas (GPRS),2026-09-01 15:00:00,80,,,0.0,,
Quetenas (GPRS),2026-09-01 15:00:00,83,26.0,,-6.0,,
Quetenas (GPRS),2026-09-01 15:00:00,86,26.0,,-6.0,,
Quetenas (GPRS),2026-09-01 15:00:00,89,26.0,,-1.0,,
Quetenas (GPRS),2026-09-01 15:00:00,92,26.0,,4.0,,
Quetenas (GPRS),2026-09-01 15:00:00,95,26.0,,11.0,,
Quetenas (GPRS),2026-09-01 15:00:00,98,26.0,,11.0,,
Quetenas (GPRS),2026-09-01 15:00:00,101,,,5.0,,
Quetenas (GPRS),2026-09-01 15:00:00,104,,,1.0,,
Quetenas (GPRS),2026-09-02 10:00:00,16,27.0,,,,
Quetenas (GPRS),2026-09-02 10:00:00,40,26.0,,,,
Quetenas (GPRS),2026-09-02 10:00:00,88,53.0,,,,
Quetenas (GPRS),2026-09-02 10:00:00,91,53.0,0.0,-1.0,3.2,306.0
Quetenas (GPRS),2026-09-02 10:00:00,94,53.0,0.0,-1.0,3.8,296.0
Quetenas (GPRS),2026-09-02 10:00:00,97,53.0,0.0,3.0,8.2,286.0
Quetenas (GPRS),2026-09-02 10:00:00,100,53.0,0.0,6.0,12.6,270.0
Quetenas (GPRS),2026-09-02 10:00:00,103,53.0,0.0,3.0,8.9,265.0
Quetenas (GPRS),2026-09-02 10:00:00,106,52.0,0.0,0.0,5.2,255.0
Quetenas (GPRS),2026-09-02 10:00:00,109,53.0,0.0,-1.0,3.7,264.0
Quetenas (GPRS),2026-09-02 10:00:00,112,52.0,0.0,-3.0,2.0,264.0
Quetenas (GPRS),2026-09-02 15:00:00,11,,,-11.0,,
Quetenas (GPRS),2026-09-02 15:00:00,14,,,-11.0,,
Quetenas (GPRS),2026-09-02 15:00:00,23,,,16.0,,
Quetenas (GPRS),2026-09-02 15:00:00,26,,,16.0,,
Quetenas (GPRS),2026-09-02 15:00:00,35,,,-11.0,,
Quetenas (GPRS),2026-09-02 15:00:00,38,,,-11.0,,
Quetenas (GPRS),2026-09-02 15:00:00,47,,,15.0,,
Quetenas (GPRS),2026-09-02 15:00:00,50,,,15.0,,
Quetenas (GPRS),2026-09-02 15:00:00,59,,,-10.0,,
Quetenas (GPRS),2026-09-02 15:00:00,62,,,-10.0,,
Quetenas (GPRS),2026-09-02 15:00:00,71,,,13.0,,
Quetenas (GPRS),2026-09-02 15:00:00,74,,,13.0,,
Quetenas (GPRS),2026-09-02 15:00:00,83,,,-10.0,,
Quetenas (GPRS),2026-09-02 15:00:00,86,26.0,,-10.0,,
Quetenas (GPRS),2026-09-02 15:00:00,89,25.0,,,,
Quetenas (GPRS),2026-09-02 15:00:00,92,26.0,,,,
Quetenas (GPRS),2026-09-02 15:00:00,95,26.0,,14.0,,
Quetenas (GPRS),2026-09-02 15:00:00,98,26.0,,14.0,,
Quetenas (GPRS),2026-09-02 15:00:00,101,25.0,,8.0,,
Quetenas (GPRS),2026-09-02 15:00:00,104,25.0,,4.0,,
Quetenas (GPRS),2026-09-02 15:00:00,107,26.0,,1.0,,
Reyes,2026-08-31 13:00:00,1,36.0,0.0,35.0,4.2,328.0
Reyes,2026-08-31 13:00:00,4,35.0,0.0,35.0,2.8,308.0
Reyes,2026-08-31 13:00:00,7,37.0,0.0,29.0,1.4,280.0
Reyes,2026-08-31 13:00:00,10,36.0,0.0,23.0,1.2,291.0
Reyes,2026-08-31 13:00:00,13,56.0,0.0,19.0,1.0,301.0
Reyes,2026-08-31 13:00:00,16,57.0,0.0,19.0,0.9,243.0
Reyes,2026-08-31 13:00:00,19,56.0,0.0,23.0,1.0,233.0
Reyes,2026-08-31 13:00:00,22,56.0,0.0,25.0,1.8,183.0
Reyes,2026-08-31 13:00:00,25,83.0,1.3,29.0,2.5,131.0
Reyes,2026-08-31 13:00:00,28,84.0,0.8,29.0,2.3,150.0
Reyes,2026-08-31 13:00:00,31,89.0,0.8,25.0,2.1,168.0
Reyes,2026-08-31 13:00:00,34,90.0,0.7,23.0,1.9,168.0
Reyes,2026-08-31 13:00:00,37,55.0,0.0,16.0,1.7,159.0
Reyes,2026-08-31 13:00:00,40,37.0,0.0,16.0,1.7,178.0
Reyes,2026-08-31 13:00:00,43,36.0,0.0,23.0,1.8,169.0
Reyes,2026-08-31 13:00:00,46,36.0,0.0,27.0,1.4,120.0
Reyes,2026-08-31 13:00:00,49,35.0,0.0,30.0,1.0,62.0
Reyes,2026-08-31 13:00:00,52,36.0,0.0,30.0,0.9,88.0
Reyes,2026-08-31 13:00:00,55,26.0,0.0,28.0,0.7,114.0
Reyes,2026-08-31 13:00:00,58,25.0,0.0,23.0,0.9,193.0
Reyes,2026-08-31 13:00:00,61,36.0,0.0,17.0,1.2,231.0
Reyes,2026-08-31 13:00:00,64,37.0,0.0,17.0,1.0,261.0
Reyes,2026-08-31 13:00:00,67,36.0,0.0,24.0,0.9,293.0
Reyes,2026-08-31 13:00:00,70,36.0,0.0,28.0,2.2,312.0
Reyes,2026-08-31 13:00:00,73,75.0,1.8,32.0,3.5,331.0
Reyes,2026-08-31 13:00:00,76,76.0,2.3,32.0,2.7,320.0
Reyes,2026-08-31 13:00:00,79,36.0,0.0,29.0,1.8,300.0
Reyes,2026-08-31 13:00:00,82,36.0,0.0,21.0,1.5,291.0
Reyes,2026-08-31 13:00:00,85,36.0,0.0,19.0,1.2,280.0
Reyes,2026-08-31 13:00:00,88,36.0,0.0,21.0,1.1,263.0
Reyes,2026-08-31 13:00:00,91,36.0,0.0,25.0,1.0,263.0
Reyes,2026-08-31 13:00:00,94,36.0,0.0,27.0,2.4,299.0
Reyes,2026-08-31 13:00:00,97,36.0,0.0,33.0,3.8,328.0
Reyes,2026-08-31 13:00:00,100,36.0,0.0,33.0,2.6,328.0
Reyes,2026-08-31 13:00:00,103,56.0,0.0,30.0,1.4,320.0
Reyes,2026-08-31 13:00:00,106,56.0,0.0,21.0,1.0,319.0
Reyes,2026-08-31 13:00:00,109,36.0,0.0,21.0,0.8,308.0
Reyes,2026-09-01 11:00:00,90,36.0,0.0,28.0,1.0,273.0
Reyes,2026-09-01 11:00:00,93,35.0,0.0,28.0,1.0,311.0
Reyes,2026-09-01 11:00:00,96,36.0,0.0,34.0,2.8,330.0
Reyes,2026-09-01 11:00:00,99,36.0,0.0,40.0,4.7,348.0
Reyes,2026-09-01 11:00:00,102,35.0,0.0,34.0,2.8,282.0
Reyes,2026-09-01 11:00:00,105,36.0,0.0,28.0,0.9,216.0
Reyes,2026-09-01 11:00:00,108,36.0,0.0,24.0,0.8,182.0
Reyes,2026-09-01 11:00:00,111,35.0,0.0,21.0,0.6,139.0
Reyes,2026-09-01 15:00:00,11,,,20.0,,
Reyes,2026-09-01 15:00:00,14,,,20.0,,
Reyes,2026-09-01 15:00:00,23,,,31.0,,
Reyes,2026-09-01 15:00:00,32,,,25.0,,
Reyes,2026-09-01 15:00:00,35,,,21.0,,
Reyes,2026-09-01 15:00:00,38,,,21.0,,
Reyes,2026-09-01 15:00:00,56,,,25.0,,
Reyes,2026-09-01 15:00:00,59,,,22.0,,
Reyes,2026-09-01 15:00:00,62,,,22.0,,
Reyes,2026-09-01 15:00:00,65,,,26.0,,
Reyes,2026-09-01 15:00:00,68,,,28.0,,
Reyes,2026-09-01 15:00:00,80,,,26.0,,
Reyes,2026-09-01 15:00:00,83,,,22.0,,
Reyes,2026-09-01 15:00:00,86,,,23.0,,
Reyes,2026-09-01 15:00:00,89,,,26.0,,
Reyes,2026-09-01 15:00:00,92,,,30.0,,
Reyes,2026-09-01 15:00:00,95,,,34.0,,
Reyes,2026-09-01 15:00:00,101,,,30.0,,
Reyes,2026-09-01 15:00:00,104,,,27.0,,
Reyes,2026-09-01 15:00:00,107,,,24.0,,
Reyes,2026-09-02 10:00:00,16,26.0,,,,
Reyes,2026-09-02 10:00:00,19,26.0,,,,
Reyes,2026-09-02 10:00:00,22,26.0,,,,
Reyes,2026-09-02 10:00:00,25,26.0,,,,
Reyes,2026-09-02 10:00:00,28,36.0,0.0,,,
Reyes,2026-09-02 10:00:00,31,36.0,0.0,,,
Reyes,2026-09-02 10:00:00,34,27.0,,,,
Reyes,2026-09-02 10:00:00,37,27.0,,,,
Reyes,2026-09-02 10:00:00,40,26.0,,,,
Reyes,2026-09-02 10:00:00,88,90.0,2.7,,,
Reyes,2026-09-02 10:00:00,91,89.0,3.4,22.0,1.4,192.0
Reyes,2026-09-02 10:00:00,94,90.0,1.6,23.0,2.0,151.0
Reyes,2026-09-02 10:00:00,97,89.0,4.0,28.0,2.2,133.0
Reyes,2026-09-02 10:00:00,100,37.0,0.0,34.0,2.4,112.0
Reyes,2026-09-02 10:00:00,103,35.0,0.0,29.0,2.0,150.0
Reyes,2026-09-02 10:00:00,106,56.0,0.0,24.0,1.6,188.0
Reyes,2026-09-02 10:00:00,109,56.0,0.0,23.0,2.0,171.0
Reyes,2026-09-02 10:00:00,112,55.0,0.0,22.0,2.4,151.0
Reyes,2026-09-02 15:00:00,23,,,34.0,,
Reyes,2026-09-02 15:00:00,26,,,34.0,,
Reyes,2026-09-02 15:00:00,35,,,20.0,,
Reyes,2026-09-02 15:00:00,38,,,20.0,,
Reyes,2026-09-02 15:00:00,47,,,34.0,,
Reyes,2026-09-02 15:00:00,50,,,34.0,,
Reyes,2026-09-02 15:00:00,59,,,20.0,,
Reyes,2026-09-02 15:00:00,62,,,20.0,,
Reyes,2026-09-02 15:00:00,83,,,18.0,,
Reyes,2026-09-02 15:00:00,86,,,18.0,,
Reyes,2026-09-02 15:00:00,89,,,22.0,,
Reyes,2026-09-02 15:00:00,92,,,26.0,,
Reyes,2026-09-02 15:00:00,95,,,30.0,,
Reyes,2026-09-02 15:00:00,98,,,30.0,,
Reyes,2026-09-02 15:00:00,101,,,27.0,,
Reyes,2026-09-02 15:00:00,104,,,24.0,,
Reyes,2026-09-02 15:00:00,107,,,23.0,,
Riberalta,2026-08-31 13:00:00,1,36.0,0.0,36.0,2.8,340.0
Riberalta,2026-08-31 13:00:00,4,36.0,0.0,36.0,2.5,351.0
Riberalta,2026-08-31 13:00:00,7,36.0,0.0,30.0,2.2,1.0
Riberalta,2026-08-31 13:00:00,10,36.0,0.0,26.0,1.7,351.0
Riberalta,2026-08-31 13:00:00,13,36.0,0.0,24.0,1.2,341.0
Riberalta,2026-08-31 13:00:00,16,36.0,0.0,24.0,1.5,344.0
Riberalta,2026-08-31 13:00:00,19,36.0,0.0,25.0,1.8,320.0
Riberalta,2026-08-31 13:00:00,22,36.0,0.0,28.0,1.9,290.0
Riberalta,2026-08-31 13:00:00,25,36.0,0.0,38.0,1.9,253.0
Riberalta,2026-08-31 13:00:00,28,37.0,0.0,38.0,2.0,223.0
Riberalta,2026-08-31 13:00:00,31,56.0,0.0,30.0,2.1,193.0
Riberalta,2026-08-31 13:00:00,34,56.0,0.0,26.0,1.9,163.0
Riberalta,2026-08-31 13:00:00,37,56.0,0.0,22.0,1.5,125.0
Riberalta,2026-08-31 13:00:00,40,57.0,0.0,22.0,1.0,217.0
Riberalta,2026-08-31 13:00:00,43,56.0,0.0,25.0,0.8,232.0
Riberalta,2026-08-31 13:00:00,46,56.0,0.0,30.0,1.2,257.0
Riberalta,2026-08-31 13:00:00,49,56.0,0.0,36.0,1.6,280.0
Riberalta,2026-08-31 13:00:00,52,57.0,0.0,36.0,1.2,293.0
Riberalta,2026-08-31 13:00:00,55,36.0,0.0,30.0,0.9,306.0
Riberalta,2026-08-31 13:00:00,58,35.0,0.0,26.0,1.1,292.0
Riberalta,2026-08-31 13:00:00,61,36.0,0.0,23.0,1.3,275.0
Riberalta,2026-08-31 13:00:00,64,36.0,0.0,23.0,1.3,309.0
Riberalta,2026-08-31 13:00:00,67,36.0,0.0,29.0,1.7,283.0
Riberalta,2026-08-31 13:00:00,70,36.0,0.0,32.0,1.9,300.0
Riberalta,2026-08-31 13:00:00,73,26.0,0.0,37.0,2.0,310.0
Riberalta,2026-08-31 13:00:00,76,26.0,0.0,37.0,1.8,326.0
Riberalta,2026-08-31 13:00:00,79,26.0,0.0,32.0,1.6,335.0
Riberalta,2026-08-31 13:00:00,82,26.0,0.0,25.0,1.4,325.0
Riberalta,2026-08-31 13:00:00,85,35.0,0.0,23.0,1.1,314.0
Riberalta,2026-08-31 13:00:00,88,36.0,0.0,23.0,1.8,330.0
Riberalta,2026-08-31 13:00:00,91,37.0,0.0,31.0,2.8,340.0
Riberalta,2026-08-31 13:00:00,94,37.0,0.0,37.0,2.8,330.0
Riberalta,2026-08-31 13:00:00,97,56.0,0.0,38.0,2.8,320.0
Riberalta,2026-08-31 13:00:00,100,56.0,0.0,38.0,2.1,340.0
Riberalta,2026-08-31 13:00:00,103,36.0,0.0,32.0,1.5,354.0
Riberalta,2026-08-31 13:00:00,106,36.0,0.0,23.0,1.6,354.0
Riberalta,2026-08-31 13:00:00,109,37.0,0.0,23.0,1.8,351.0
Riberalta,2026-09-01 11:00:00,15,36.0,,,,
Riberalta,2026-09-01 11:00:00,18,36.0,,,,
Riberalta,2026-09-01 11:00:00,21,36.0,,,,
Riberalta,2026-09-01 11:00:00,24,36.0,,,,
Riberalta,2026-09-01 11:00:00,27,26.0,,,,
Riberalta,2026-09-01 11:00:00,30,26.0,,,,
Riberalta,2026-09-01 11:00:00,36,36.0,,,,
Riberalta,2026-09-01 11:00:00,87,26.0,,,,
Riberalta,2026-09-01 11:00:00,90,25.0,0.0,27.0,1.6,331.0
Riberalta,2026-09-01 11:00:00,93,26.0,0.0,28.0,2.0,341.0
Riberalta,2026-09-01 11:00:00,96,25.0,0.0,35.0,2.1,330.0
Riberalta,2026-09-01 11:00:00,99,36.0,0.0,42.0,2.2,319.0
Riberalta,2026-09-01 11:00:00,102,36.0,0.0,34.0,2.4,343.0
Riberalta,2026-09-01 11:00:00,105,26.0,0.0,25.0,2.8,3.0
Riberalta,2026-09-01 11:00:00,108,26.0,0.0,24.0,1.7,314.0
Riberalta,2026-09-01 11:00:00,111,26.0,0.0,23.0,0.7,265.0
Riberalta,2026-09-01 15:00:00,11,,,23.0,,
Riberalta,2026-09-01 15:00:00,14,,,23.0,,
Riberalta,2026-09-01 15:00:00,17,,,27.0,,
Riberalta,2026-09-01 15:00:00,23,,,34.0,,
Riberalta,2026-09-01 15:00:00,26,,,34.0,,
Riberalta,2026-09-01 15:00:00,29,,,31.0,,
Riberalta,2026-09-01 15:00:00,32,,,29.0,,
Riberalta,2026-09-01 15:00:00,35,,,24.0,,
Riberalta,2026-09-01 15:00:00,38,,,24.0,,
Riberalta,2026-09-01 15:00:00,44,,,33.0,,
Riberalta,2026-09-01 15:00:00,47,,,36.0,,
Riberalta,2026-09-01 15:00:00,50,,,36.0,,
Riberalta,2026-09-01 15:00:00,53,,,33.0,,
Riberalta,2026-09-01 15:00:00,56,,,29.0,,
Riberalta,2026-09-01 15:00:00,59,,,24.0,,
Riberalta,2026-09-01 15:00:00,62,,,24.0,,
Riberalta,2026-09-01 15:00:00,65,,,30.0,,
Riberalta,2026-09-01 15:00:00,68,,,34.0,,
Riberalta,2026-09-01 15:00:00,71,,,37.0,,
Riberalta,2026-09-01 15:00:00,74,,,37.0,,
Riberalta,2026-09-01 15:00:00,77,,,33.0,,
Riberalta,2026-09-01 15:00:00,80,,,30.0,,
Riberalta,2026-09-01 15:00:00,83,,,24.0,,
Riberalta,2026-09-01 15:00:00,86,,,24.0,,
Riberalta,2026-09-01 15:00:00,89,,,30.0,,
Riberalta,2026-09-01 15:00:00,92,,,34.0,,
Riberalta,2026-09-01 15:00:00,95,,,37.0,,
Riberalta,2026-09-01 15:00:00,98,,,37.0,,
Riberalta,2026-09-01 15:00:00,101,,,32.0,,
Riberalta,2026-09-01 15:00:00,104,,,30.0,,
Riberalta,2026-09-01 15:00:00,107,,,27.0,,
Riberalta,2026-09-02 10:00:00,16,26.0,,,,
Riberalta,2026-09-02 10:00:00,19,26.0,,,,
Riberalta,2026-09-02 10:00:00,22,26.0,,,,
Riberalta,2026-09-02 10:00:00,25,26.0,,,,
Riberalta,2026-09-02 10:00:00,28,36.0,,,,
Riberalta,2026-09-02 10:00:00,31,35.0,,,,
Riberalta,2026-09-02 10:00:00,34,36.0,,,,
Riberalta,2026-09-02 10:00:00,37,35.0,,,,
Riberalta,2026-09-02 10:00:00,40,36.0,,,,
Riberalta,2026-09-02 10:00:00,88,89.0,3.6,,,
Riberalta,2026-09-02 10:00:00,91,89.0,2.0,26.0,1.7,277.0
Riberalta,2026-09-02 10:00:00,94,89.0,2.9,26.0,2.4,224.0
Riberalta,2026-09-02 10:00:00,97,89.0,1.8,33.0,1.9,227.0
Riberalta,2026-09-02 10:00:00,100,89.0,3.3,40.0,1.4,225.0
Riberalta,2026-09-02 10:00:00,103,89.0,3.0,32.0,2.5,280.0
Riberalta,2026-09-02 10:00:00,106,89.0,3.0,24.0,3.5,334.0
Riberalta,2026-09-02 10:00:00,109,89.0,1.7,23.0,2.0,260.0
Riberalta,2026-09-02 10:00:00,112,89.0,2.7,23.0,0.5,179.0
Riberalta,2026-09-02 15:00:00,11,,,22.0,,
Riberalta,2026-09-02 15:00:00,14,,,22.0,,
Riberalta,2026-09-02 15:00:00,47,,,36.0,,
Riberalta,2026-09-02 15:00:00,50,,,36.0,,
Riberalta,2026-09-02 15:00:00,62,,,23.0,,
Riberalta,2026-09-02 15:00:00,71,,,36.0,,
Riberalta,2026-09-02 15:00:00,74,,,36.0,,
Riberalta,2026-09-02 15:00:00,83,,,21.0,,
Riberalta,2026-09-02 15:00:00,86,,,21.0,,
Riberalta,2026-09-02 15:00:00,89,,,24.0,,
Riberalta,2026-09-02 15:00:00,92,,,27.0,,
Riberalta,2026-09-02 15:00:00,95,,,32.0,,
Riberalta,2026-09-02 15:00:00,101,,,28.0,,
Riberalta,2026-09-02 15:00:00,104,,,25.0,,
Robore,2026-08-31 13:00:00,1,89.0,1.8,37.0,4.8,309.0
Robore,2026-08-31 13:00:00,4,90.0,1.1,37.0,4.2,240.0
Robore,2026-08-31 13:00:00,7,90.0,1.1,33.0,3.6,170.0
Robore,2026-08-31 13:00:00,10,89.0,2.8,27.0,3.6,180.0
Robore,2026-08-31 13:00:00,13,56.0,0.0,22.0,3.6,180.0
Robore,2026-08-31 13:00:00,16,57.0,0.0,22.0,4.7,180.0
Robore,2026-08-31 13:00:00,19,56.0,0.0,25.0,4.1,170.0
Robore,2026-08-31 13:00:00,22,56.0,0.0,29.0,4.1,170.0
Robore,2026-08-31 13:00:00,25,56.0,0.0,31.0,4.0,170.0
Robore,2026-08-31 13:00:00,28,56.0,0.0,31.0,3.2,170.0
Robore,2026-08-31 13:00:00,31,36.0,0.0,29.0,2.4,170.0
Robore,2026-08-31 13:00:00,34,36.0,0.0,23.0,2.0,180.0
Robore,2026-08-31 13:00:00,37,57.0,0.0,22.0,1.6,190.0
Robore,2026-08-31 13:00:00,40,36.0,0.0,22.0,2.0,162.0
Robore,2026-08-31 13:00:00,43,35.0,0.0,26.0,2.4,140.0
Robore,2026-08-31 13:00:00,46,37.0,0.0,31.0,1.5,140.0
Robore,2026-08-31 13:00:00,49,36.0,0.0,32.0,0.7,140.0
Robore,2026-08-31 13:00:00,52,36.0,0.0,32.0,1.0,132.0
Robore,2026-08-31 13:00:00,55,27.0,0.0,28.0,1.4,122.0
Robore,2026-08-31 13:00:00,58,26.0,0.0,23.0,1.5,142.0
Robore,2026-08-31 13:00:00,61,25.0,0.0,22.0,1.6,160.0
Robore,2026-08-31 13:00:00,64,26.0,0.0,22.0,1.2,40.0
Robore,2026-08-31 13:00:00,67,26.0,0.0,25.0,1.9,18.0
Robore,2026-08-31 13:00:00,70,26.0,0.0,31.0,3.7,360.0
Robore,2026-08-31 13:00:00,73,26.0,0.0,35.0,5.4,340.0
Robore,2026-08-31 13:00:00,76,25.0,0.0,35.0,3.7,350.0
Robore,2026-08-31 13:00:00,79,36.0,0.0,31.0,1.9,360.0
Robore,2026-08-31 13:00:00,82,36.0,0.0,24.0,1.9,350.0
Robore,2026-08-31 13:00:00,85,36.0,0.0,22.0,1.8,338.0
Robore,2026-08-31 13:00:00,88,35.0,0.0,22.0,2.0,358.0
Robore,2026-08-31 13:00:00,91,36.0,0.0,27.0,2.1,358.0
Robore,2026-08-31 13:00:00,94,36.0,0.0,29.0,4.1,338.0
Robore,2026-08-31 13:00:00,97,56.0,0.0,35.0,6.2,318.0
Robore,2026-08-31 13:00:00,100,57.0,0.0,35.0,4.1,338.0
Robore,2026-08-31 13:00:00,103,36.0,0.0,30.0,2.1,358.0
Robore,2026-08-31 13:00:00,106,36.0,0.0,22.0,2.3,350.0
Robore,2026-08-31 13:00:00,109,36.0,0.0,22.0,2.4,340.0
Robore,2026-09-01 11:00:00,27,26.0,,,,
Robore,2026-09-01 11:00:00,30,26.0,,,,
Robore,2026-09-01 11:00:00,90,36.0,0.0,26.0,2.5,190.0
Robore,2026-09-01 11:00:00,93,36.0,0.0,26.0,3.2,190.0
Robore,2026-09-01 11:00:00,96,36.0,0.0,30.0,3.7,200.0
Robore,2026-09-01 11:00:00,99,36.0,0.0,35.0,4.1,200.0
Robore,2026-09-01 11:00:00,102,36.0,0.0,31.0,4.9,190.0
Robore,2026-09-01 11:00:00,105,35.0,0.0,28.0,5.7,180.0
Robore,2026-09-01 11:00:00,108,36.0,0.0,23.0,5.3,190.0
Robore,2026-09-01 11:00:00,111,35.0,0.0,18.0,4.8,190.0
Robore,2026-09-01 15:00:00,11,36.0,,17.0,,
Robore,2026-09-01 15:00:00,14,35.0,,17.0,,
Robore,2026-09-01 15:00:00,17,36.0,,23.0,,
Robore,2026-09-01 15:00:00,20,36.0,,26.0,,
Robore,2026-09-01 15:00:00,23,,,30.0,,
Robore,2026-09-01 15:00:00,26,,,30.0,,
Robore,2026-09-01 15:00:00,29,36.0,,25.0,,
Robore,2026-09-01 15:00:00,32,36.0,,22.0,,
Robore,2026-09-01 15:00:00,35,35.0,,19.0,,
Robore,2026-09-01 15:00:00,38,,,19.0,,
Robore,2026-09-01 15:00:00,44,,,29.0,,
Robore,2026-09-01 15:00:00,47,,,36.0,,
Robore,2026-09-01 15:00:00,50,,,36.0,,
Robore,2026-09-01 15:00:00,53,,,28.0,,
Robore,2026-09-01 15:00:00,59,,,20.0,,
Robore,2026-09-01 15:00:00,62,,,20.0,,
Robore,2026-09-01 15:00:00,68,,,31.0,,
Robore,2026-09-01 15:00:00,71,,,37.0,,
Robore,2026-09-01 15:00:00,74,,,37.0,,
Robore,2026-09-01 15:00:00,80,,,25.0,,
Robore,2026-09-01 15:00:00,83,,,19.0,,
Robore,2026-09-01 15:00:00,86,,,19.0,,
Robore,2026-09-01 15:00:00,95,,,36.0,,
Robore,2026-09-01 15:00:00,98,,,36.0,,
Robore,2026-09-01 15:00:00,101,,,31.0,,
Robore,2026-09-01 15:00:00,104,,,27.0,,
Robore,2026-09-01 15:00:00,107,,,24.0,,
Robore,2026-09-02 10:00:00,16,26.0,,,,
Robore,2026-09-02 10:00:00,28,35.0,,,,
Robore,2026-09-02 10:00:00,31,36.0,,,,
Robore,2026-09-02 10:00:00,34,26.0,,,,
Robore,2026-09-02 10:00:00,37,27.0,,,,
Robore,2026-09-02 10:00:00,40,26.0,,,,
Robore,2026-09-02 10:00:00,88,57.0,,,,
Robore,2026-09-02 10:00:00,91,56.0,0.0,20.0,4.2,180.0
Robore,2026-09-02 10:00:00,94,55.0,0.0,19.0,4.2,170.0
Robore,2026-09-02 10:00:00,97,55.0,0.0,23.0,4.9,180.0
Robore,2026-09-02 10:00:00,100,55.0,0.0,27.0,5.7,190.0
Robore,2026-09-02 10:00:00,103,56.0,0.0,23.0,4.2,180.0
Robore,2026-09-02 10:00:00,106,56.0,0.0,20.0,2.7,168.0
Robore,2026-09-02 10:00:00,109,56.0,0.0,18.0,2.7,170.0
Robore,2026-09-02 10:00:00,112,57.0,0.0,16.0,2.6,170.0
Robore,2026-09-02 15:00:00,11,,,18.0,,
Robore,2026-09-02 15:00:00,14,,,18.0,,
Robore,2026-09-02 15:00:00,23,,,38.0,,
Robore,2026-09-02 15:00:00,26,,,38.0,,
Robore,2026-09-02 15:00:00,35,,,18.0,,
Robore,2026-09-02 15:00:00,38,,,18.0,,
Robore,2026-09-02 15:00:00,74,,,35.0,,
Robore,2026-09-02 15:00:00,80,,,26.0,,
Robore,2026-09-02 15:00:00,83,,,16.0,,
Robore,2026-09-02 15:00:00,86,,,16.0,,
Robore,2026-09-02 15:00:00,95,,,30.0,,
Robore,2026-09-02 15:00:00,98,,,30.0,,
Robore,2026-09-02 15:00:00,101,,,27.0,,
Robore,2026-09-02 15:00:00,104,,,25.0,,
Robore,2026-09-02 15:00:00,107,,,21.0,,
Rurrenabaque,2026-08-31 13:00:00,1,36.0,0.0,34.0,4.3,334.0
Rurrenabaque,2026-08-31 13:00:00,4,36.0,0.0,34.0,2.7,314.0
Rurrenabaque,2026-08-31 13:00:00,7,36.0,0.0,29.0,1.2,284.0
Rurrenabaque,2026-08-31 13:00:00,10,36.0,0.0,24.0,1.1,268.0
Rurrenabaque,2026-08-31 13:00:00,13,56.0,0.0,20.0,1.1,245.0
Rurrenabaque,2026-08-31 13:00:00,16,56.0,0.0,20.0,1.0,225.0
Rurrenabaque,2026-08-31 13:00:00,19,56.0,0.0,24.0,1.0,213.0
Rurrenabaque,2026-08-31 13:00:00,22,56.0,0.0,26.0,1.8,165.0
Rurrenabaque,2026-08-31 13:00:00,25,84.0,1.4,28.0,2.4,115.0
Rurrenabaque,2026-08-31 13:00:00,28,84.0,0.9,28.0,2.1,145.0
Rurrenabaque,2026-08-31 13:00:00,31,89.0,1.4,25.0,1.6,170.0
Rurrenabaque,2026-08-31 13:00:00,34,89.0,1.2,22.0,1.5,174.0
Rurrenabaque,2026-08-31 13:00:00,37,56.0,0.0,17.0,1.3,174.0
Rurrenabaque,2026-08-31 13:00:00,40,36.0,0.0,17.0,1.3,187.0
Rurrenabaque,2026-08-31 13:00:00,43,36.0,0.0,23.0,1.3,187.0
Rurrenabaque,2026-08-31 13:00:00,46,36.0,0.0,27.0,1.1,124.0
Rurrenabaque,2026-08-31 13:00:00,49,36.0,0.0,30.0,0.9,56.0
Rurrenabaque,2026-08-31 13:00:00,52,36.0,0.0,30.0,0.8,121.0
Rurrenabaque,2026-08-31 13:00:00,55,26.0,0.0,28.0,0.7,182.0
Rurrenabaque,2026-08-31 13:00:00,58,27.0,0.0,23.0,1.0,201.0
Rurrenabaque,2026-08-31 13:00:00,61,36.0,0.0,18.0,1.3,216.0
Rurrenabaque,2026-08-31 13:00:00,64,36.0,0.0,18.0,1.1,239.0
Rurrenabaque,2026-08-31 13:00:00,67,35.0,0.0,24.0,0.9,257.0
Rurrenabaque,2026-08-31 13:00:00,70,36.0,0.0,27.0,2.2,303.0
Rurrenabaque,2026-08-31 13:00:00,73,76.0,0.7,31.0,3.5,344.0
Rurrenabaque,2026-08-31 13:00:00,76,76.0,2.4,31.0,2.5,324.0
Rurrenabaque,2026-08-31 13:00:00,79,36.0,0.0,27.0,1.4,304.0
Rurrenabaque,2026-08-31 13:00:00,82,36.0,0.0,22.0,1.3,275.0
Rurrenabaque,2026-08-31 13:00:00,85,36.0,0.0,20.0,1.1,242.0
Rurrenabaque,2026-08-31 13:00:00,88,36.0,0.0,21.0,1.0,239.0
Rurrenabaque,2026-08-31 13:00:00,91,36.0,0.0,24.0,0.9,236.0
Rurrenabaque,2026-08-31 13:00:00,94,37.0,0.0,27.0,2.3,291.0
Rurrenabaque,2026-08-31 13:00:00,97,36.0,0.0,33.0,3.9,343.0
Rurrenabaque,2026-08-31 13:00:00,100,36.0,0.0,32.0,2.5,334.0
Rurrenabaque,2026-08-31 13:00:00,103,56.0,0.0,29.0,1.2,319.0
Rurrenabaque,2026-08-31 13:00:00,106,56.0,0.0,21.0,1.0,289.0
Rurrenabaque,2026-08-31 13:00:00,109,36.0,0.0,21.0,0.7,253.0
Rurrenabaque,2026-09-01 11:00:00,90,36.0,0.0,27.0,0.9,249.0
Rurrenabaque,2026-09-01 11:00:00,93,36.0,0.0,27.0,0.4,277.0
Rurrenabaque,2026-09-01 11:00:00,96,36.0,0.0,34.0,2.4,318.0
Rurrenabaque,2026-09-01 11:00:00,99,36.0,0.0,40.0,4.4,354.0
Rurrenabaque,2026-09-01 11:00:00,102,37.0,0.0,33.0,2.8,277.0
Rurrenabaque,2026-09-01 11:00:00,105,36.0,0.0,26.0,1.3,199.0
Rurrenabaque,2026-09-01 11:00:00,108,36.0,0.0,23.0,0.8,189.0
Rurrenabaque,2026-09-01 11:00:00,111,37.0,0.0,21.0,0.3,171.0
Rurrenabaque,2026-09-01 15:00:00,11,,,20.0,,
Rurrenabaque,2026-09-01 15:00:00,14,,,20.0,,
Rurrenabaque,2026-09-01 15:00:00,23,,,31.0,,
Rurrenabaque,2026-09-01 15:00:00,26,,,31.0,,
Rurrenabaque,2026-09-01 15:00:00,32,,,25.0,,
Rurrenabaque,2026-09-01 15:00:00,35,,,21.0,,
Rurrenabaque,2026-09-01 15:00:00,38,,,21.0,,
Rurrenabaque,2026-09-01 15:00:00,44,,,28.0,,
Rurrenabaque,2026-09-01 15:00:00,47,,,33.0,,
Rurrenabaque,2026-09-01 15:00:00,50,,,33.0,,
Rurrenabaque,2026-09-01 15:00:00,53,,,29.0,,
Rurrenabaque,2026-09-01 15:00:00,56,,,26.0,,
Rurrenabaque,2026-09-01 15:00:00,59,,,22.0,,
Rurrenabaque,2026-09-01 15:00:00,62,,,22.0,,
Rurrenabaque,2026-09-01 15:00:00,65,,,26.0,,
Rurrenabaque,2026-09-01 15:00:00,68,,,29.0,,
Rurrenabaque,2026-09-01 15:00:00,71,,,34.0,,
Rurrenabaque,2026-09-01 15:00:00,74,,,33.0,,
Rurrenabaque,2026-09-01 15:00:00,80,,,25.0,,
Rurrenabaque,2026-09-01 15:00:00,83,,,22.0,,
Rurrenabaque,2026-09-01 15:00:00,86,,,23.0,,
Rurrenabaque,2026-09-01 15:00:00,89,,,26.0,,
Rurrenabaque,2026-09-01 15:00:00,92,,,30.0,,
Rurrenabaque,2026-09-01 15:00:00,95,,,35.0,,
Rurrenabaque,2026-09-01 15:00:00,101,,,29.0,,
Rurrenabaque,2026-09-01 15:00:00,104,,,26.0,,
Rurrenabaque,2026-09-01 15:00:00,107,,,24.0,,
Rurrenabaque,2026-09-02 10:00:00,16,26.0,,,,
Rurrenabaque,2026-09-02 10:00:00,19,26.0,,,,
Rurrenabaque,2026-09-02 10:00:00,22,26.0,,,,
Rurrenabaque,2026-09-02 10:00:00,25,26.0,,,,
Rurrenabaque,2026-09-02 10:00:00,28,36.0,0.0,,,
Rurrenabaque,2026-09-02 10:00:00,31,36.0,0.0,,,
Rurrenabaque,2026-09-02 10:00:00,34,26.0,,,,
Rurrenabaque,2026-09-02 10:00:00,37,26.0,,,,
Rurrenabaque,2026-09-02 10:00:00,40,26.0,,,,
Rurrenabaque,2026-09-02 10:00:00,88,89.0,2.1,,,
Rurrenabaque,2026-09-02 10:00:00,91,89.0,2.7,22.0,1.2,205.0
Rurrenabaque,2026-09-02 10:00:00,94,90.0,2.4,22.0,1.3,164.0
Rurrenabaque,2026-09-02 10:00:00,97,89.0,3.7,28.0,1.7,140.0
Rurrenabaque,2026-09-02 10:00:00,100,36.0,0.0,33.0,2.2,106.0
Rurrenabaque,2026-09-02 10:00:00,103,36.0,0.0,28.0,1.9,154.0
Rurrenabaque,2026-09-02 10:00:00,106,56.0,0.0,23.0,1.6,197.0
Rurrenabaque,2026-09-02 10:00:00,109,56.0,0.0,22.0,1.6,187.0
Rurrenabaque,2026-09-02 10:00:00,112,56.0,0.0,21.0,1.7,173.0
Rurrenabaque,2026-09-02 15:00:00,23,,,34.0,,
Rurrenabaque,2026-09-02 15:00:00,26,,,34.0,,
Rurrenabaque,2026-09-02 15:00:00,35,,,21.0,,
Rurrenabaque,2026-09-02 15:00:00,50,,,34.0,,
Rurrenabaque,2026-09-02 15:00:00,62,,,21.0,,
Rurrenabaque,2026-09-02 15:00:00,74,,,34.0,,
Rurrenabaque,2026-09-02 15:00:00,80,,,24.0,,
Rurrenabaque,2026-09-02 15:00:00,83,,,19.0,,
Rurrenabaque,2026-09-02 15:00:00,86,,,19.0,,
Rurrenabaque,2026-09-02 15:00:00,89,,,23.0,,
Rurrenabaque,2026-09-02 15:00:00,92,,,27.0,,
Rurrenabaque,2026-09-02 15:00:00,95,,,31.0,,
Rurrenabaque,2026-09-02 15:00:00,98,,,31.0,,
Rurrenabaque,2026-09-02 15:00:00,101,,,26.0,,
Rurrenabaque,2026-09-02 15:00:00,104,,,24.0,,
Rurrenabaque,2026-09-02 15:00:00,107,,,22.0,,
Río Chilenas(GPRS),2026-08-31 13:00:00,1,26.0,0.0,11.0,13.8,275.0
Río Chilenas(GPRS),2026-08-31 13:00:00,4,26.0,0.0,11.0,9.5,285.0
Río Chilenas(GPRS),2026-08-31 13:00:00,7,26.0,0.0,2.0,5.2,287.0
Río Chilenas(GPRS),2026-08-31 13:00:00,10,26.0,0.0,-3.0,4.7,277.0
Río Chilenas(GPRS),2026-08-31 13:00:00,13,26.0,0.0,-5.0,4.2,267.0
Río Chilenas(GPRS),2026-08-31 13:00:00,16,26.0,0.0,-5.0,3.7,270.0
Río Chilenas(GPRS),2026-08-31 13:00:00,19,26.0,0.0,-1.0,3.4,260.0
Río Chilenas(GPRS),2026-08-31 13:00:00,22,26.0,0.0,5.0,5.5,270.0
Río Chilenas(GPRS),2026-08-31 13:00:00,25,26.0,0.0,10.0,7.6,280.0
Río Chilenas(GPRS),2026-08-31 13:00:00,28,25.0,0.0,10.0,5.4,277.0
Río Chilenas(GPRS),2026-08-31 13:00:00,31,26.0,0.0,3.0,3.1,267.0
Río Chilenas(GPRS),2026-08-31 13:00:00,34,26.0,0.0,-3.0,3.0,267.0
Río Chilenas(GPRS),2026-08-31 13:00:00,37,25.0,0.0,-5.0,2.8,265.0
Río Chilenas(GPRS),2026-08-31 13:00:00,40,26.0,0.0,-5.0,2.7,267.0
Río Chilenas(GPRS),2026-08-31 13:00:00,43,26.0,0.0,-1.0,2.6,267.0
Río Chilenas(GPRS),2026-08-31 13:00:00,46,26.0,0.0,7.0,4.9,273.0
Río Chilenas(GPRS),2026-08-31 13:00:00,49,26.0,0.0,11.0,7.3,276.0
Río Chilenas(GPRS),2026-08-31 13:00:00,52,26.0,0.0,11.0,5.2,270.0
Río Chilenas(GPRS),2026-08-31 13:00:00,55,26.0,0.0,4.0,3.1,264.0
Río Chilenas(GPRS),2026-08-31 13:00:00,58,26.0,0.0,-3.0,2.8,267.0
Río Chilenas(GPRS),2026-08-31 13:00:00,61,26.0,0.0,-5.0,2.4,265.0
Río Chilenas(GPRS),2026-08-31 13:00:00,64,26.0,0.0,-5.0,2.7,265.0
Río Chilenas(GPRS),2026-08-31 13:00:00,67,26.0,0.0,-3.0,2.4,265.0
Río Chilenas(GPRS),2026-08-31 13:00:00,70,26.0,0.0,5.0,4.3,275.0
Río Chilenas(GPRS),2026-08-31 13:00:00,73,26.0,0.0,10.0,6.2,280.0
Río Chilenas(GPRS),2026-08-31 13:00:00,76,26.0,0.0,10.0,4.6,264.0
Río Chilenas(GPRS),2026-08-31 13:00:00,79,26.0,0.0,3.0,2.9,241.0
Río Chilenas(GPRS),2026-08-31 13:00:00,82,26.0,0.0,-2.0,2.6,261.0
Río Chilenas(GPRS),2026-08-31 13:00:00,85,36.0,0.0,-6.0,2.4,271.0
Río Chilenas(GPRS),2026-08-31 13:00:00,88,37.0,0.0,-6.0,2.3,287.0
Río Chilenas(GPRS),2026-08-31 13:00:00,91,36.0,0.0,2.0,2.4,297.0
Río Chilenas(GPRS),2026-08-31 13:00:00,94,36.0,0.0,6.0,6.5,300.0
Río Chilenas(GPRS),2026-08-31 13:00:00,97,26.0,0.0,10.0,10.7,298.0
Río Chilenas(GPRS),2026-08-31 13:00:00,100,26.0,0.0,10.0,7.3,285.0
Río Chilenas(GPRS),2026-08-31 13:00:00,103,37.0,0.0,3.0,3.9,267.0
Río Chilenas(GPRS),2026-08-31 13:00:00,106,36.0,0.0,-6.0,3.5,277.0
Río Chilenas(GPRS),2026-08-31 13:00:00,109,36.0,0.0,-6.0,3.3,283.0
Río Chilenas(GPRS),2026-09-01 11:00:00,90,37.0,0.0,1.0,4.4,296.0
Río Chilenas(GPRS),2026-09-01 11:00:00,93,36.0,0.0,2.0,5.1,303.0
Río Chilenas(GPRS),2026-09-01 11:00:00,96,36.0,0.0,5.0,9.3,290.0
Río Chilenas(GPRS),2026-09-01 11:00:00,99,36.0,0.0,8.0,13.5,270.0
Río Chilenas(GPRS),2026-09-01 11:00:00,102,36.0,0.0,5.0,10.6,270.0
Río Chilenas(GPRS),2026-09-01 11:00:00,105,26.0,0.0,2.0,7.7,270.0
Río Chilenas(GPRS),2026-09-01 11:00:00,108,26.0,0.0,0.0,5.8,290.0
Río Chilenas(GPRS),2026-09-01 11:00:00,111,26.0,0.0,-2.0,3.9,300.0
Río Chilenas(GPRS),2026-09-01 15:00:00,11,,,-10.0,,
Río Chilenas(GPRS),2026-09-01 15:00:00,14,,,-10.0,,
Río Chilenas(GPRS),2026-09-01 15:00:00,17,,,-5.0,,
Río Chilenas(GPRS),2026-09-01 15:00:00,20,,,2.0,,
Río Chilenas(GPRS),2026-09-01 15:00:00,23,,,8.0,,
Río Chilenas(GPRS),2026-09-01 15:00:00,26,,,8.0,,
Río Chilenas(GPRS),2026-09-01 15:00:00,29,,,0.0,,
Río Chilenas(GPRS),2026-09-01 15:00:00,32,,,-4.0,,
Río Chilenas(GPRS),2026-09-01 15:00:00,35,,,-9.0,,
Río Chilenas(GPRS),2026-09-01 15:00:00,38,,,-9.0,,
Río Chilenas(GPRS),2026-09-01 15:00:00,41,,,-4.0,,
Río Chilenas(GPRS),2026-09-01 15:00:00,44,,,2.0,,
Río Chilenas(GPRS),2026-09-01 15:00:00,47,,,9.0,,
Río Chilenas(GPRS),2026-09-01 15:00:00,50,,,9.0,,
Río Chilenas(GPRS),2026-09-01 15:00:00,59,,,-8.0,,
Río Chilenas(GPRS),2026-09-01 15:00:00,62,,,-8.0,,
Río Chilenas(GPRS),2026-09-01 15:00:00,65,,,-3.0,,
Río Chilenas(GPRS),2026-09-01 15:00:00,68,,,3.0,,
Río Chilenas(GPRS),2026-09-01 15:00:00,80,,,-3.0,,
Río Chilenas(GPRS),2026-09-01 15:00:00,83,26.0,,-7.0,,
Río Chilenas(GPRS),2026-09-01 15:00:00,86,26.0,,-7.0,,
Río Chilenas(GPRS),2026-09-01 15:00:00,89,26.0,,-1.0,,
Río Chilenas(GPRS),2026-09-01 15:00:00,92,26.0,,4.0,,
Río Chilenas(GPRS),2026-09-01 15:00:00,95,26.0,,9.0,,
Río Chilenas(GPRS),2026-09-01 15:00:00,98,26.0,,9.0,,
Río Chilenas(GPRS),2026-09-01 15:00:00,101,,,3.0,,
Río Chilenas(GPRS),2026-09-01 15:00:00,107,,,-5.0,,
Río Chilenas(GPRS),2026-09-02 10:00:00,34,25.0,,,,
Río Chilenas(GPRS),2026-09-02 10:00:00,37,25.0,,,,
Río Chilenas(GPRS),2026-09-02 10:00:00,40,26.0,,,,
Río Chilenas(GPRS),2026-09-02 10:00:00,91,26.0,0.0,-1.0,5.3,303.0
Río Chilenas(GPRS),2026-09-02 10:00:00,94,26.0,0.0,-1.0,6.8,293.0
Río Chilenas(GPRS),2026-09-02 10:00:00,97,26.0,0.0,3.0,11.0,287.0
Río Chilenas(GPRS),2026-09-02 10:00:00,100,26.0,0.0,7.0,15.2,277.0
Río Chilenas(GPRS),2026-09-02 10:00:00,103,26.0,0.0,3.0,12.6,277.0
Río Chilenas(GPRS),2026-09-02 10:00:00,106,26.0,0.0,0.0,10.0,275.0
Río Chilenas(GPRS),2026-09-02 10:00:00,109,26.0,0.0,-2.0,7.2,280.0
Río Chilenas(GPRS),2026-09-02 10:00:00,112,26.0,0.0,-4.0,4.5,280.0
Río Chilenas(GPRS),2026-09-02 15:00:00,11,,,-10.0,,
Río Chilenas(GPRS),2026-09-02 15:00:00,14,,,-10.0,,
Río Chilenas(GPRS),2026-09-02 15:00:00,23,,,13.0,,
Río Chilenas(GPRS),2026-09-02 15:00:00,26,,,13.0,,
Río Chilenas(GPRS),2026-09-02 15:00:00,35,,,-10.0,,
Río Chilenas(GPRS),2026-09-02 15:00:00,38,,,-10.0,,
Río Chilenas(GPRS),2026-09-02 15:00:00,47,,,13.0,,
Río Chilenas(GPRS),2026-09-02 15:00:00,50,,,13.0,,
Río Chilenas(GPRS),2026-09-02 15:00:00,59,,,-9.0,,
Río Chilenas(GPRS),2026-09-02 15:00:00,62,,,-9.0,,
Río Chilenas(GPRS),2026-09-02 15:00:00,71,,,11.0,,
Río Chilenas(GPRS),2026-09-02 15:00:00,74,,,11.0,,
Río Chilenas(GPRS),2026-09-02 15:00:00,83,,,-9.0,,
Río Chilenas(GPRS),2026-09-02 15:00:00,86,,,-9.0,,
Río Chilenas(GPRS),2026-09-02 15:00:00,95,,,12.0,,
Río Chilenas(GPRS),2026-09-02 15:00:00,98,,,12.0,,
Río Chilenas(GPRS),2026-09-02 15:00:00,101,,,6.0,,
Río Chilenas(GPRS),2026-09-02 15:00:00,104,,,3.0,,
Río Chilenas(GPRS),2026-09-02 15:00:00,107,,,1.0,,
Salinas (INIAF),2026-08-31 13:00:00,1,26.0,0.0,18.0,7.2,265.0
Salinas (INIAF),2026-08-31 13:00:00,4,26.0,0.0,18.0,5.2,249.0
Salinas (INIAF),2026-08-31 13:00:00,7,26.0,0.0,8.0,3.1,229.0
Salinas (INIAF),2026-08-31 13:00:00,10,26.0,0.0,3.0,2.2,202.0
Salinas (INIAF),2026-08-31 13:00:00,13,26.0,0.0,-4.0,1.2,172.0
Salinas (INIAF),2026-08-31 13:00:00,16,26.0,0.0,-4.0,1.6,22.0
Salinas (INIAF),2026-08-31 13:00:00,19,26.0,0.0,5.0,1.7,340.0
Salinas (INIAF),2026-08-31 13:00:00,22,26.0,0.0,10.0,2.5,330.0
Salinas (INIAF),2026-08-31 13:00:00,25,26.0,0.0,18.0,3.4,315.0
Salinas (INIAF),2026-08-31 13:00:00,28,27.0,0.0,18.0,2.4,324.0
Salinas (INIAF),2026-08-31 13:00:00,31,25.0,0.0,12.0,1.4,133.0
Salinas (INIAF),2026-08-31 13:00:00,34,26.0,0.0,6.0,1.1,193.0
Salinas (INIAF),2026-08-31 13:00:00,37,26.0,0.0,-3.0,0.9,253.0
Salinas (INIAF),2026-08-31 13:00:00,40,36.0,0.0,-3.0,1.2,335.0
Salinas (INIAF),2026-08-31 13:00:00,43,36.0,0.0,3.0,1.5,349.0
Salinas (INIAF),2026-08-31 13:00:00,46,36.0,0.0,12.0,2.1,314.0
Salinas (INIAF),2026-08-31 13:00:00,49,26.0,0.0,17.0,2.6,275.0
Salinas (INIAF),2026-08-31 13:00:00,52,26.0,0.0,17.0,2.6,245.0
Salinas (INIAF),2026-08-31 13:00:00,55,26.0,0.0,12.0,2.6,206.0
Salinas (INIAF),2026-08-31 13:00:00,58,25.0,0.0,5.0,2.1,216.0
Salinas (INIAF),2026-08-31 13:00:00,61,26.0,0.0,-4.0,1.5,221.0
Salinas (INIAF),2026-08-31 13:00:00,64,25.0,0.0,-4.0,1.4,216.0
Salinas (INIAF),2026-08-31 13:00:00,67,26.0,0.0,5.0,0.9,31.0
Salinas (INIAF),2026-08-31 13:00:00,70,26.0,0.0,11.0,1.7,331.0
Salinas (INIAF),2026-08-31 13:00:00,73,36.0,0.0,18.0,2.5,271.0
Salinas (INIAF),2026-08-31 13:00:00,76,36.0,0.0,18.0,2.6,225.0
Salinas (INIAF),2026-08-31 13:00:00,79,36.0,0.0,11.0,2.7,179.0
Salinas (INIAF),2026-08-31 13:00:00,82,36.0,0.0,0.0,2.3,209.0
Salinas (INIAF),2026-08-31 13:00:00,85,36.0,0.0,-3.0,1.7,238.0
Salinas (INIAF),2026-08-31 13:00:00,88,37.0,0.0,-3.0,1.8,308.0
Salinas (INIAF),2026-08-31 13:00:00,91,36.0,0.0,7.0,1.7,359.0
Salinas (INIAF),2026-08-31 13:00:00,94,36.0,0.0,12.0,2.9,341.0
Salinas (INIAF),2026-08-31 13:00:00,97,37.0,0.0,17.0,4.1,321.0
Salinas (INIAF),2026-08-31 13:00:00,100,36.0,0.0,17.0,3.8,265.0
Salinas (INIAF),2026-08-31 13:00:00,103,55.0,0.0,11.0,3.4,209.0
Salinas (INIAF),2026-08-31 13:00:00,106,56.0,0.0,-3.0,2.6,198.0
Salinas (INIAF),2026-08-31 13:00:00,109,36.0,0.0,-3.0,1.7,179.0
Salinas (INIAF),2026-09-01 11:00:00,90,36.0,0.0,7.0,1.5,10.0
Salinas (INIAF),2026-09-01 11:00:00,93,37.0,0.0,7.0,1.0,349.0
Salinas (INIAF),2026-09-01 11:00:00,96,36.0,0.0,12.0,3.4,325.0
Salinas (INIAF),2026-09-01 11:00:00,99,36.0,0.0,17.0,5.7,299.0
Salinas (INIAF),2026-09-01 11:00:00,102,37.0,0.0,13.0,5.9,279.0
Salinas (INIAF),2026-09-01 11:00:00,105,56.0,0.0,10.0,6.1,249.0
Salinas (INIAF),2026-09-01 11:00:00,108,56.0,0.0,8.0,4.6,275.0
Salinas (INIAF),2026-09-01 11:00:00,111,56.0,0.0,6.0,3.2,295.0
Salinas (INIAF),2026-09-01 15:00:00,11,,,2.0,,
Salinas (INIAF),2026-09-01 15:00:00,14,26.0,,2.0,,
Salinas (INIAF),2026-09-01 15:00:00,17,26.0,,6.0,,
Salinas (INIAF),2026-09-01 15:00:00,20,26.0,,,,
Salinas (INIAF),2026-09-01 15:00:00,23,,,18.0,,
Salinas (INIAF),2026-09-01 15:00:00,26,,,18.0,,
Salinas (INIAF),2026-09-01 15:00:00,32,26.0,,7.0,,
Salinas (INIAF),2026-09-01 15:00:00,35,,,1.0,,
Salinas (INIAF),2026-09-01 15:00:00,38,,,1.0,,
Salinas (INIAF),2026-09-01 15:00:00,56,,,7.0,,
Salinas (INIAF),2026-09-01 15:00:00,59,,,2.0,,
Salinas (INIAF),2026-09-01 15:00:00,62,,,2.0,,
Salinas (INIAF),2026-09-01 15:00:00,71,,,18.0,,
Salinas (INIAF),2026-09-01 15:00:00,74,,,18.0,,
Salinas (INIAF),2026-09-01 15:00:00,80,,,7.0,,
Salinas (INIAF),2026-09-01 15:00:00,83,,,3.0,,
Salinas (INIAF),2026-09-01 15:00:00,86,,,3.0,,
Salinas (INIAF),2026-09-01 15:00:00,95,,,15.0,,
Salinas (INIAF),2026-09-01 15:00:00,98,,,15.0,,
Salinas (INIAF),2026-09-01 15:00:00,101,,,11.0,,
Salinas (INIAF),2026-09-01 15:00:00,107,,,5.0,,
Salinas (INIAF),2026-09-02 10:00:00,19,27.0,,,,
Salinas (INIAF),2026-09-02 10:00:00,28,26.0,,,,
Salinas (INIAF),2026-09-02 10:00:00,31,26.0,,,,
Salinas (INIAF),2026-09-02 10:00:00,34,26.0,,,,
Salinas (INIAF),2026-09-02 10:00:00,37,26.0,,,,
Salinas (INIAF),2026-09-02 10:00:00,40,26.0,,,,
Salinas (INIAF),2026-09-02 10:00:00,88,36.0,,,,
Salinas (INIAF),2026-09-02 10:00:00,91,36.0,0.0,6.0,1.7,299.0
Salinas (INIAF),2026-09-02 10:00:00,94,36.0,0.0,7.0,1.3,293.0
Salinas (INIAF),2026-09-02 10:00:00,97,36.0,0.0,11.0,3.1,285.0
Salinas (INIAF),2026-09-02 10:00:00,100,36.0,0.0,15.0,4.9,274.0
Salinas (INIAF),2026-09-02 10:00:00,103,36.0,0.0,12.0,5.3,259.0
Salinas (INIAF),2026-09-02 10:00:00,106,76.0,1.7,9.0,5.6,235.0
Salinas (INIAF),2026-09-02 10:00:00,109,76.0,1.8,7.0,3.3,291.0
Salinas (INIAF),2026-09-02 10:00:00,112,76.0,1.8,5.0,1.0,341.0
Salinas (INIAF),2026-09-02 15:00:00,11,,,0.0,,
Salinas (INIAF),2026-09-02 15:00:00,14,,,0.0,,
Salinas (INIAF),2026-09-02 15:00:00,35,,,0.0,,
Salinas (INIAF),2026-09-02 15:00:00,38,,,0.0,,
Salinas (INIAF),2026-09-02 15:00:00,59,,,-1.0,,
Salinas (INIAF),2026-09-02 15:00:00,62,,,-1.0,,
Salinas (INIAF),2026-09-02 15:00:00,74,,,17.0,,
Salinas (INIAF),2026-09-02 15:00:00,83,,,-1.0,,
Salinas (INIAF),2026-09-02 15:00:00,86,,,-1.0,,
Salinas (INIAF),2026-09-02 15:00:00,98,,,15.0,,
Salo,2026-08-31 13:00:00,1,26.0,0.0,23.0,16.3,280.0
Salo,2026-08-31 13:00:00,4,26.0,0.0,23.0,12.9,280.0
Salo,2026-08-31 13:00:00,7,26.0,0.0,12.0,9.4,280.0
Salo,2026-08-31 13:00:00,10,26.0,0.0,4.0,6.5,295.0
Salo,2026-08-31 13:00:00,13,26.0,0.0,1.0,3.6,305.0
Salo,2026-08-31 13:00:00,16,26.0,0.0,1.0,3.4,310.0
Salo,2026-08-31 13:00:00,19,26.0,0.0,7.0,2.6,286.0
Salo,2026-08-31 13:00:00,22,26.0,0.0,12.0,6.2,290.0
Salo,2026-08-31 13:00:00,25,26.0,0.0,21.0,9.8,290.0
Salo,2026-08-31 13:00:00,28,26.0,0.0,21.0,7.0,301.0
Salo,2026-08-31 13:00:00,31,26.0,0.0,15.0,4.1,311.0
Salo,2026-08-31 13:00:00,34,26.0,0.0,9.0,3.8,326.0
Salo,2026-08-31 13:00:00,37,26.0,0.0,1.0,3.4,336.0
Salo,2026-08-31 13:00:00,40,26.0,0.0,1.0,2.0,315.0
Salo,2026-08-31 13:00:00,43,26.0,0.0,8.0,1.9,295.0
Salo,2026-08-31 13:00:00,46,26.0,0.0,14.0,4.7,300.0
Salo,2026-08-31 13:00:00,49,26.0,0.0,22.0,7.5,300.0
Salo,2026-08-31 13:00:00,52,26.0,0.0,22.0,5.9,300.0
Salo,2026-08-31 13:00:00,55,27.0,0.0,13.0,4.2,296.0
Salo,2026-08-31 13:00:00,58,26.0,0.0,4.0,3.2,300.0
Salo,2026-08-31 13:00:00,61,26.0,0.0,0.0,2.3,300.0
Salo,2026-08-31 13:00:00,64,26.0,0.0,2.0,2.7,290.0
Salo,2026-08-31 13:00:00,67,26.0,0.0,8.0,2.6,275.0
Salo,2026-08-31 13:00:00,70,26.0,0.0,14.0,4.6,295.0
Salo,2026-08-31 13:00:00,73,26.0,0.0,22.0,6.6,305.0
Salo,2026-08-31 13:00:00,76,26.0,0.0,21.0,5.5,306.0
Salo,2026-08-31 13:00:00,79,25.0,0.0,12.0,4.4,306.0
Salo,2026-08-31 13:00:00,82,26.0,0.0,4.0,3.2,346.0
Salo,2026-08-31 13:00:00,85,37.0,0.0,1.0,1.9,21.0
Salo,2026-08-31 13:00:00,88,36.0,0.0,3.0,1.9,351.0
Salo,2026-08-31 13:00:00,91,36.0,0.0,9.0,2.6,340.0
Salo,2026-08-31 13:00:00,94,36.0,0.0,15.0,6.2,320.0
Salo,2026-08-31 13:00:00,97,36.0,0.0,22.0,9.9,300.0
Salo,2026-08-31 13:00:00,100,36.0,0.0,22.0,7.0,305.0
Salo,2026-08-31 13:00:00,103,56.0,0.0,14.0,3.9,306.0
Salo,2026-08-31 13:00:00,106,56.0,0.0,3.0,4.0,320.0
Salo,2026-08-31 13:00:00,109,36.0,0.0,3.0,4.0,335.0
Salo,2026-09-01 11:00:00,90,36.0,0.0,8.0,3.8,320.0
Salo,2026-09-01 11:00:00,93,36.0,0.0,9.0,2.9,300.0
Salo,2026-09-01 11:00:00,96,36.0,0.0,14.0,7.1,300.0
Salo,2026-09-01 11:00:00,99,36.0,0.0,19.0,11.3,290.0
Salo,2026-09-01 11:00:00,102,36.0,0.0,16.0,9.7,290.0
Salo,2026-09-01 11:00:00,105,36.0,0.0,13.0,8.0,280.0
Salo,2026-09-01 11:00:00,108,36.0,0.0,9.0,6.1,320.0
Salo,2026-09-01 11:00:00,111,36.0,0.0,5.0,4.3,351.0
Salo,2026-09-01 15:00:00,11,,,-8.0,,
Salo,2026-09-01 15:00:00,14,,,-8.0,,
Salo,2026-09-01 15:00:00,23,,,23.0,,
Salo,2026-09-01 15:00:00,32,,,5.0,,
Salo,2026-09-01 15:00:00,35,,,-7.0,,
Salo,2026-09-01 15:00:00,38,,,-6.0,,
Salo,2026-09-01 15:00:00,41,,,7.0,,
Salo,2026-09-01 15:00:00,44,,,15.0,,
Salo,2026-09-01 15:00:00,47,,,23.0,,
Salo,2026-09-01 15:00:00,50,,,23.0,,
Salo,2026-09-01 15:00:00,53,,,14.0,,
Salo,2026-09-01 15:00:00,56,,,6.0,,
Salo,2026-09-01 15:00:00,59,,,-6.0,,
Salo,2026-09-01 15:00:00,62,,,-5.0,,
Salo,2026-09-01 15:00:00,65,,,6.0,,
Salo,2026-09-01 15:00:00,71,,,23.0,,
Salo,2026-09-01 15:00:00,74,,,23.0,,
Salo,2026-09-01 15:00:00,77,,,15.0,,
Salo,2026-09-01 15:00:00,80,,,5.0,,
Salo,2026-09-01 15:00:00,83,,,-5.0,,
Salo,2026-09-01 15:00:00,86,,,-5.0,,
Salo,2026-09-01 15:00:00,92,,,15.0,,
Salo,2026-09-01 15:00:00,95,,,23.0,,
Salo,2026-09-01 15:00:00,98,,,23.0,,
Salo,2026-09-01 15:00:00,101,56.0,,16.0,,
Salo,2026-09-01 15:00:00,104,56.0,,10.0,,
Salo,2026-09-01 15:00:00,107,56.0,,,,
Salo,2026-09-02 10:00:00,28,27.0,,,,
Salo,2026-09-02 10:00:00,34,26.0,,,,
Salo,2026-09-02 10:00:00,40,26.0,,,,
Salo,2026-09-02 10:00:00,91,36.0,0.0,8.0,4.8,330.0
Salo,2026-09-02 10:00:00,94,36.0,0.0,9.0,5.4,310.0
Salo,2026-09-02 10:00:00,97,36.0,0.0,14.0,8.4,300.0
Salo,2026-09-02 10:00:00,100,36.0,0.0,18.0,11.3,290.0
Salo,2026-09-02 10:00:00,103,36.0,0.0,15.0,9.2,290.0
Salo,2026-09-02 10:00:00,106,36.0,0.0,12.0,7.1,280.0
Salo,2026-09-02 10:00:00,109,36.0,0.0,9.0,5.1,300.0
Salo,2026-09-02 10:00:00,112,36.0,0.0,5.0,3.2,310.0
Salo,2026-09-02 15:00:00,11,,,-4.0,,
Salo,2026-09-02 15:00:00,14,,,-4.0,,
Salo,2026-09-02 15:00:00,26,,,22.0,,
Salo,2026-09-02 15:00:00,35,,,-4.0,,
Salo,2026-09-02 15:00:00,38,,,-4.0,,
Salo,2026-09-02 15:00:00,59,,,-4.0,,
Salo,2026-09-02 15:00:00,62,,,-3.0,,
Salo,2026-09-02 15:00:00,71,,,20.0,,
Salo,2026-09-02 15:00:00,74,,,21.0,,
Salo,2026-09-02 15:00:00,83,,,-2.0,,
Salo,2026-09-02 15:00:00,86,,,-1.0,,
Salo,2026-09-02 15:00:00,95,,,22.0,,
Salo,2026-09-02 15:00:00,98,,,22.0,,
Salo,2026-09-02 15:00:00,101,,,17.0,,
Salo,2026-09-02 15:00:00,104,,,13.0,,
Salo,2026-09-02 15:00:00,107,,,7.0,,
San Antonio - Los Ángeles,2026-08-31 13:00:00,1,56.0,0.0,33.0,4.6,307.0
San Antonio - Los Ángeles,2026-08-31 13:00:00,4,55.0,0.0,33.0,3.0,310.0
San Antonio - Los Ángeles,2026-08-31 13:00:00,7,90.0,1.0,30.0,1.5,310.0
San Antonio - Los Ángeles,2026-08-31 13:00:00,10,89.0,2.0,25.0,2.4,33.0
San Antonio - Los Ángeles,2026-08-31 13:00:00,13,89.0,1.0,22.0,3.3,113.0
San Antonio - Los Ángeles,2026-08-31 13:00:00,16,89.0,1.2,22.0,4.7,120.0
San Antonio - Los Ángeles,2026-08-31 13:00:00,19,88.0,1.3,23.0,4.9,110.0
San Antonio - Los Ángeles,2026-08-31 13:00:00,22,89.0,0.8,25.0,4.2,113.0
San Antonio - Los Ángeles,2026-08-31 13:00:00,25,56.0,0.0,30.0,3.5,112.0
San Antonio - Los Ángeles,2026-08-31 13:00:00,28,55.0,0.0,30.0,2.6,113.0
San Antonio - Los Ángeles,2026-08-31 13:00:00,31,36.0,0.0,25.0,1.7,113.0
San Antonio - Los Ángeles,2026-08-31 13:00:00,34,36.0,0.0,22.0,2.5,120.0
San Antonio - Los Ángeles,2026-08-31 13:00:00,37,55.0,0.0,22.0,3.4,120.0
San Antonio - Los Ángeles,2026-08-31 13:00:00,40,56.0,0.0,22.0,2.8,120.0
San Antonio - Los Ángeles,2026-08-31 13:00:00,43,56.0,0.0,25.0,2.7,120.0
San Antonio - Los Ángeles,2026-08-31 13:00:00,46,56.0,0.0,28.0,1.7,90.0
San Antonio - Los Ángeles,2026-08-31 13:00:00,49,36.0,0.0,31.0,0.8,50.0
San Antonio - Los Ángeles,2026-08-31 13:00:00,52,36.0,0.0,31.0,0.9,337.0
San Antonio - Los Ángeles,2026-08-31 13:00:00,55,26.0,0.0,28.0,0.8,264.0
San Antonio - Los Ángeles,2026-08-31 13:00:00,58,26.0,0.0,25.0,0.9,237.0
San Antonio - Los Ángeles,2026-08-31 13:00:00,61,27.0,0.0,22.0,0.9,210.0
San Antonio - Los Ángeles,2026-08-31 13:00:00,64,27.0,0.0,22.0,1.3,290.0
San Antonio - Los Ángeles,2026-08-31 13:00:00,67,26.0,0.0,24.0,1.3,303.0
San Antonio - Los Ángeles,2026-08-31 13:00:00,70,26.0,0.0,29.0,3.0,310.0
San Antonio - Los Ángeles,2026-08-31 13:00:00,73,36.0,0.0,34.0,4.7,317.0
San Antonio - Los Ángeles,2026-08-31 13:00:00,76,36.0,0.0,34.0,3.3,330.0
San Antonio - Los Ángeles,2026-08-31 13:00:00,79,26.0,0.0,29.0,1.8,333.0
San Antonio - Los Ángeles,2026-08-31 13:00:00,82,27.0,0.0,24.0,1.6,310.0
San Antonio - Los Ángeles,2026-08-31 13:00:00,85,36.0,0.0,22.0,1.4,277.0
San Antonio - Los Ángeles,2026-08-31 13:00:00,88,37.0,0.0,22.0,1.4,303.0
San Antonio - Los Ángeles,2026-08-31 13:00:00,91,37.0,0.0,28.0,1.2,315.0
San Antonio - Los Ángeles,2026-08-31 13:00:00,94,57.0,0.0,31.0,2.8,313.0
San Antonio - Los Ángeles,2026-08-31 13:00:00,97,55.0,0.0,34.0,4.5,310.0
San Antonio - Los Ángeles,2026-08-31 13:00:00,100,56.0,0.0,34.0,3.4,330.0
San Antonio - Los Ángeles,2026-08-31 13:00:00,103,56.0,0.0,29.0,2.2,340.0
San Antonio - Los Ángeles,2026-08-31 13:00:00,106,56.0,0.0,22.0,1.8,310.0
San Antonio - Los Ángeles,2026-08-31 13:00:00,109,36.0,0.0,22.0,1.5,277.0
San Antonio - Los Ángeles,2026-09-01 11:00:00,15,57.0,,,,
San Antonio - Los Ángeles,2026-09-01 11:00:00,39,26.0,,,,
San Antonio - Los Ángeles,2026-09-01 11:00:00,90,37.0,0.0,27.0,1.9,153.0
San Antonio - Los Ángeles,2026-09-01 11:00:00,93,36.0,0.0,28.0,2.8,113.0
San Antonio - Los Ángeles,2026-09-01 11:00:00,96,35.0,0.0,33.0,2.3,93.0
San Antonio - Los Ángeles,2026-09-01 11:00:00,99,37.0,0.0,38.0,1.6,73.0
San Antonio - Los Ángeles,2026-09-01 11:00:00,102,36.0,0.0,34.0,2.3,99.0
San Antonio - Los Ángeles,2026-09-01 11:00:00,105,37.0,0.0,30.0,2.9,119.0
San Antonio - Los Ángeles,2026-09-01 11:00:00,108,36.0,0.0,27.0,4.0,119.0
San Antonio - Los Ángeles,2026-09-01 11:00:00,111,36.0,0.0,23.0,5.0,110.0
San Antonio - Los Ángeles,2026-09-01 15:00:00,11,,,20.0,,
San Antonio - Los Ángeles,2026-09-01 15:00:00,14,,,20.0,,
San Antonio - Los Ángeles,2026-09-01 15:00:00,17,,,24.0,,
San Antonio - Los Ángeles,2026-09-01 15:00:00,23,,,30.0,,
San Antonio - Los Ángeles,2026-09-01 15:00:00,26,,,30.0,,
San Antonio - Los Ángeles,2026-09-01 15:00:00,47,,,33.0,,
San Antonio - Los Ángeles,2026-09-01 15:00:00,50,,,33.0,,
San Antonio - Los Ángeles,2026-09-01 15:00:00,80,,,25.0,,
San Antonio - Los Ángeles,2026-09-01 15:00:00,83,,,21.0,,
San Antonio - Los Ángeles,2026-09-01 15:00:00,86,,,21.0,,
San Antonio - Los Ángeles,2026-09-01 15:00:00,89,,,25.0,,
San Antonio - Los Ángeles,2026-09-01 15:00:00,92,,,28.0,,
San Antonio - Los Ángeles,2026-09-01 15:00:00,95,,,31.0,,
San Antonio - Los Ángeles,2026-09-01 15:00:00,98,,,31.0,,
San Antonio - Los Ángeles,2026-09-01 15:00:00,101,,,28.0,,
San Antonio - Los Ángeles,2026-09-01 15:00:00,104,,,26.0,,
San Antonio - Los Ángeles,2026-09-02 10:00:00,19,26.0,,,,
San Antonio - Los Ángeles,2026-09-02 10:00:00,28,26.0,,,,
San Antonio - Los Ángeles,2026-09-02 10:00:00,31,26.0,,,,
San Antonio - Los Ángeles,2026-09-02 10:00:00,37,26.0,,,,
San Antonio - Los Ángeles,2026-09-02 10:00:00,40,26.0,,,,
San Antonio - Los Ángeles,2026-09-02 10:00:00,88,56.0,,,,
San Antonio - Los Ángeles,2026-09-02 10:00:00,91,56.0,0.0,24.0,3.7,120.0
San Antonio - Los Ángeles,2026-09-02 10:00:00,94,56.0,0.0,23.0,4.2,120.0
San Antonio - Los Ángeles,2026-09-02 10:00:00,97,56.0,0.0,25.0,4.1,130.0
San Antonio - Los Ángeles,2026-09-02 10:00:00,100,56.0,0.0,27.0,4.0,130.0
San Antonio - Los Ángeles,2026-09-02 10:00:00,103,56.0,0.0,24.0,2.7,121.0
San Antonio - Los Ángeles,2026-09-02 10:00:00,106,57.0,0.0,21.0,1.4,111.0
San Antonio - Los Ángeles,2026-09-02 10:00:00,109,56.0,0.0,21.0,3.2,120.0
San Antonio - Los Ángeles,2026-09-02 10:00:00,112,56.0,0.0,22.0,4.8,120.0
San Antonio - Los Ángeles,2026-09-02 15:00:00,11,,,21.0,,
San Antonio - Los Ángeles,2026-09-02 15:00:00,14,,,21.0,,
San Antonio - Los Ángeles,2026-09-02 15:00:00,32,,,25.0,,
San Antonio - Los Ángeles,2026-09-02 15:00:00,59,,,23.0,,
San Antonio - Los Ángeles,2026-09-02 15:00:00,62,,,23.0,,
San Antonio - Los Ángeles,2026-09-02 15:00:00,71,,,32.0,,
San Antonio - Los Ángeles,2026-09-02 15:00:00,74,,,32.0,,
San Antonio - Los Ángeles,2026-09-02 15:00:00,80,,,25.0,,
San Antonio - Los Ángeles,2026-09-02 15:00:00,83,,,20.0,,
San Antonio - Los Ángeles,2026-09-02 15:00:00,86,,,20.0,,
San Antonio - Los Ángeles,2026-09-02 15:00:00,98,,,27.0,,
San Antonio - Los Ángeles,2026-09-02 15:00:00,101,,,24.0,,
San Antonio - Los Ángeles,2026-09-02 15:00:00,107,,,21.0,,
San Borja,2026-08-31 13:00:00,1,36.0,0.0,34.0,4.8,320.0
San Borja,2026-08-31 13:00:00,4,36.0,0.0,34.0,3.2,300.0
San Borja,2026-08-31 13:00:00,7,36.0,0.0,30.0,1.6,280.0
San Borja,2026-08-31 13:00:00,10,36.0,0.0,25.0,1.1,294.0
San Borja,2026-08-31 13:00:00,13,57.0,0.0,20.0,0.7,8.0
San Borja,2026-08-31 13:00:00,16,56.0,0.0,20.0,1.9,222.0
San Borja,2026-08-31 13:00:00,19,56.0,0.0,23.0,3.3,150.0
San Borja,2026-08-31 13:00:00,22,56.0,0.0,25.0,3.5,140.0
San Borja,2026-08-31 13:00:00,25,83.0,1.1,28.0,3.6,126.0
San Borja,2026-08-31 13:00:00,28,84.0,0.5,28.0,2.9,150.0
San Borja,2026-08-31 13:00:00,31,89.0,0.5,26.0,2.3,165.0
San Borja,2026-08-31 13:00:00,34,89.0,0.9,24.0,2.2,160.0
San Borja,2026-08-31 13:00:00,37,56.0,0.0,17.0,2.1,148.0
San Borja,2026-08-31 13:00:00,40,36.0,0.0,17.0,2.8,150.0
San Borja,2026-08-31 13:00:00,43,36.0,0.0,23.0,2.8,150.0
San Borja,2026-08-31 13:00:00,46,35.0,0.0,25.0,1.8,120.0
San Borja,2026-08-31 13:00:00,49,37.0,0.0,30.0,0.8,88.0
San Borja,2026-08-31 13:00:00,52,37.0,0.0,30.0,0.9,15.0
San Borja,2026-08-31 13:00:00,55,26.0,0.0,26.0,1.1,292.0
San Borja,2026-08-31 13:00:00,58,26.0,0.0,24.0,1.3,267.0
San Borja,2026-08-31 13:00:00,61,36.0,0.0,18.0,1.5,235.0
San Borja,2026-08-31 13:00:00,64,36.0,0.0,18.0,1.5,269.0
San Borja,2026-08-31 13:00:00,67,36.0,0.0,25.0,1.4,309.0
San Borja,2026-08-31 13:00:00,70,36.0,0.0,28.0,2.8,320.0
San Borja,2026-08-31 13:00:00,73,75.0,1.4,31.0,4.0,323.0
San Borja,2026-08-31 13:00:00,76,76.0,1.7,31.0,2.7,316.0
San Borja,2026-08-31 13:00:00,79,36.0,0.0,27.0,1.3,303.0
San Borja,2026-08-31 13:00:00,82,36.0,0.0,22.0,1.1,325.0
San Borja,2026-08-31 13:00:00,85,36.0,0.0,20.0,0.9,343.0
San Borja,2026-08-31 13:00:00,88,36.0,0.0,20.0,1.3,280.0
San Borja,2026-08-31 13:00:00,91,36.0,0.0,24.0,1.3,292.0
San Borja,2026-08-31 13:00:00,94,37.0,0.0,28.0,2.8,312.0
San Borja,2026-08-31 13:00:00,97,36.0,0.0,32.0,4.3,323.0
San Borja,2026-08-31 13:00:00,100,37.0,0.0,32.0,2.9,348.0
San Borja,2026-08-31 13:00:00,103,56.0,0.0,26.0,1.5,4.0
San Borja,2026-08-31 13:00:00,106,56.0,0.0,20.0,1.4,345.0
San Borja,2026-08-31 13:00:00,109,36.0,0.0,20.0,1.3,316.0
San Borja,2026-09-01 11:00:00,90,36.0,0.0,27.0,1.3,285.0
San Borja,2026-09-01 11:00:00,93,37.0,0.0,28.0,1.2,302.0
San Borja,2026-09-01 11:00:00,96,36.0,0.0,35.0,2.3,326.0
San Borja,2026-09-01 11:00:00,99,36.0,0.0,41.0,3.4,341.0
San Borja,2026-09-01 11:00:00,102,36.0,0.0,34.0,2.6,299.0
San Borja,2026-09-01 11:00:00,105,36.0,0.0,27.0,1.8,249.0
San Borja,2026-09-01 11:00:00,108,36.0,0.0,24.0,1.9,176.0
San Borja,2026-09-01 11:00:00,111,37.0,0.0,22.0,1.9,95.0
San Borja,2026-09-01 15:00:00,11,,,22.0,,
San Borja,2026-09-01 15:00:00,14,,,22.0,,
San Borja,2026-09-01 15:00:00,17,,,25.0,,
San Borja,2026-09-01 15:00:00,20,,,29.0,,
San Borja,2026-09-01 15:00:00,23,,,32.0,,
San Borja,2026-09-01 15:00:00,26,,,32.0,,
San Borja,2026-09-01 15:00:00,29,,,28.0,,
San Borja,2026-09-01 15:00:00,32,,,26.0,,
San Borja,2026-09-01 15:00:00,35,,,23.0,,
San Borja,2026-09-01 15:00:00,38,,,23.0,,
San Borja,2026-09-01 15:00:00,41,,,26.0,,
San Borja,2026-09-01 15:00:00,44,,,29.0,,
San Borja,2026-09-01 15:00:00,47,,,33.0,,
San Borja,2026-09-01 15:00:00,50,,,33.0,,
San Borja,2026-09-01 15:00:00,53,,,29.0,,
San Borja,2026-09-01 15:00:00,56,,,26.0,,
San Borja,2026-09-01 15:00:00,59,,,23.0,,
San Borja,2026-09-01 15:00:00,62,,,23.0,,
San Borja,2026-09-01 15:00:00,65,,,27.0,,
San Borja,2026-09-01 15:00:00,68,,,30.0,,
San Borja,2026-09-01 15:00:00,71,,,34.0,,
San Borja,2026-09-01 15:00:00,74,,,34.0,,
San Borja,2026-09-01 15:00:00,77,,,30.0,,
San Borja,2026-09-01 15:00:00,80,,,27.0,,
San Borja,2026-09-01 15:00:00,83,,,23.0,,
San Borja,2026-09-01 15:00:00,86,,,23.0,,
San Borja,2026-09-01 15:00:00,89,,,26.0,,
San Borja,2026-09-01 15:00:00,92,,,30.0,,
San Borja,2026-09-01 15:00:00,95,,,34.0,,
San Borja,2026-09-01 15:00:00,101,,,30.0,,
San Borja,2026-09-01 15:00:00,104,,,27.0,,
San Borja,2026-09-01 15:00:00,107,,,25.0,,
San Borja,2026-09-02 10:00:00,16,27.0,,,,
San Borja,2026-09-02 10:00:00,19,26.0,,,,
San Borja,2026-09-02 10:00:00,22,26.0,,,,
San Borja,2026-09-02 10:00:00,25,26.0,,,,
San Borja,2026-09-02 10:00:00,28,37.0,0.0,,,
San Borja,2026-09-02 10:00:00,31,36.0,0.0,,,
San Borja,2026-09-02 10:00:00,34,26.0,,,,
San Borja,2026-09-02 10:00:00,37,26.0,,,,
San Borja,2026-09-02 10:00:00,40,27.0,,,,
San Borja,2026-09-02 10:00:00,88,89.0,1.9,,,
San Borja,2026-09-02 10:00:00,91,88.0,2.6,22.0,2.3,190.0
San Borja,2026-09-02 10:00:00,94,89.0,2.8,22.0,2.7,150.0
San Borja,2026-09-02 10:00:00,97,88.0,2.6,28.0,2.8,140.0
San Borja,2026-09-02 10:00:00,100,35.0,0.0,34.0,3.0,130.0
San Borja,2026-09-02 10:00:00,103,37.0,0.0,30.0,2.7,142.0
San Borja,2026-09-02 10:00:00,106,57.0,0.0,26.0,2.5,152.0
San Borja,2026-09-02 10:00:00,109,57.0,0.0,24.0,2.9,160.0
San Borja,2026-09-02 10:00:00,112,57.0,0.0,22.0,3.3,160.0
San Borja,2026-09-02 15:00:00,11,,,21.0,,
San Borja,2026-09-02 15:00:00,14,,,21.0,,
San Borja,2026-09-02 15:00:00,23,,,36.0,,
San Borja,2026-09-02 15:00:00,26,,,36.0,,
San Borja,2026-09-02 15:00:00,47,,,35.0,,
San Borja,2026-09-02 15:00:00,50,,,35.0,,
San Borja,2026-09-02 15:00:00,59,,,21.0,,
San Borja,2026-09-02 15:00:00,62,,,21.0,,
San Borja,2026-09-02 15:00:00,71,,,35.0,,
San Borja,2026-09-02 15:00:00,74,,,35.0,,
San Borja,2026-09-02 15:00:00,83,,,18.0,,
San Borja,2026-09-02 15:00:00,86,,,18.0,,
San Borja,2026-09-02 15:00:00,89,,,20.0,,
San Borja,2026-09-02 15:00:00,92,,,26.0,,
San Borja,2026-09-02 15:00:00,95,,,30.0,,
San Buenaventura,2026-08-31 13:00:00,1,37.0,0.0,31.0,4.4,347.0
San Buenaventura,2026-08-31 13:00:00,4,36.0,0.0,31.0,2.8,320.0
San Buenaventura,2026-08-31 13:00:00,7,37.0,0.0,27.0,1.3,290.0
San Buenaventura,2026-08-31 13:00:00,10,36.0,0.0,24.0,1.2,270.0
San Buenaventura,2026-08-31 13:00:00,13,56.0,0.0,21.0,1.1,242.0
San Buenaventura,2026-08-31 13:00:00,16,56.0,0.0,21.0,1.0,230.0
San Buenaventura,2026-08-31 13:00:00,19,56.0,0.0,24.0,1.0,210.0
San Buenaventura,2026-08-31 13:00:00,22,56.0,0.0,26.0,1.5,153.0
San Buenaventura,2026-08-31 13:00:00,25,89.0,1.7,28.0,2.1,86.0
San Buenaventura,2026-08-31 13:00:00,28,89.0,1.7,28.0,1.7,135.0
San Buenaventura,2026-08-31 13:00:00,31,89.0,1.7,26.0,1.3,182.0
San Buenaventura,2026-08-31 13:00:00,34,89.0,0.9,23.0,1.1,182.0
San Buenaventura,2026-08-31 13:00:00,37,57.0,0.0,19.0,0.9,182.0
San Buenaventura,2026-08-31 13:00:00,40,36.0,0.0,19.0,0.9,200.0
San Buenaventura,2026-08-31 13:00:00,43,36.0,0.0,22.0,0.9,190.0
San Buenaventura,2026-08-31 13:00:00,46,35.0,0.0,25.0,0.9,130.0
San Buenaventura,2026-08-31 13:00:00,49,36.0,0.0,28.0,1.0,60.0
San Buenaventura,2026-08-31 13:00:00,52,36.0,0.0,28.0,0.9,140.0
San Buenaventura,2026-08-31 13:00:00,55,26.0,0.0,26.0,0.8,217.0
San Buenaventura,2026-08-31 13:00:00,58,26.0,0.0,23.0,0.9,220.0
San Buenaventura,2026-08-31 13:00:00,61,36.0,0.0,20.0,1.1,220.0
San Buenaventura,2026-08-31 13:00:00,64,36.0,0.0,20.0,0.9,240.0
San Buenaventura,2026-08-31 13:00:00,67,36.0,0.0,23.0,0.7,240.0
San Buenaventura,2026-08-31 13:00:00,70,36.0,0.0,27.0,2.4,298.0
San Buenaventura,2026-08-31 13:00:00,73,76.0,1.4,30.0,4.1,348.0
San Buenaventura,2026-08-31 13:00:00,76,76.0,2.1,29.0,2.7,330.0
San Buenaventura,2026-08-31 13:00:00,79,26.0,0.0,26.0,1.3,310.0
San Buenaventura,2026-08-31 13:00:00,82,26.0,0.0,22.0,1.2,280.0
San Buenaventura,2026-08-31 13:00:00,85,37.0,0.0,21.0,1.1,249.0
San Buenaventura,2026-08-31 13:00:00,88,36.0,0.0,21.0,0.9,240.0
San Buenaventura,2026-08-31 13:00:00,91,37.0,0.0,24.0,0.6,230.0
San Buenaventura,2026-08-31 13:00:00,94,36.0,0.0,25.0,2.4,290.0
San Buenaventura,2026-08-31 13:00:00,97,55.0,0.0,31.0,4.2,348.0
San Buenaventura,2026-08-31 13:00:00,100,55.0,0.0,31.0,2.8,330.0
San Buenaventura,2026-08-31 13:00:00,103,54.0,0.0,28.0,1.3,311.0
San Buenaventura,2026-08-31 13:00:00,106,54.0,0.0,21.0,1.1,272.0
San Buenaventura,2026-08-31 13:00:00,109,36.0,0.0,21.0,0.9,234.0
San Buenaventura,2026-09-01 11:00:00,15,56.0,,,,
San Buenaventura,2026-09-01 11:00:00,18,56.0,,,,
San Buenaventura,2026-09-01 11:00:00,21,56.0,,,,
San Buenaventura,2026-09-01 11:00:00,24,56.0,,,,
San Buenaventura,2026-09-01 11:00:00,27,56.0,,,,
San Buenaventura,2026-09-01 11:00:00,30,56.0,,,,
San Buenaventura,2026-09-01 11:00:00,33,56.0,,,,
San Buenaventura,2026-09-01 11:00:00,36,56.0,,,,
San Buenaventura,2026-09-01 11:00:00,39,56.0,,,,
San Buenaventura,2026-09-01 11:00:00,90,37.0,0.0,26.0,0.6,293.0
San Buenaventura,2026-09-01 11:00:00,93,36.0,0.0,27.0,0.2,6.0
San Buenaventura,2026-09-01 11:00:00,96,36.0,0.0,33.0,2.2,1.0
San Buenaventura,2026-09-01 11:00:00,99,56.0,0.0,39.0,4.2,350.0
San Buenaventura,2026-09-01 11:00:00,102,56.0,0.0,32.0,2.6,280.0
San Buenaventura,2026-09-01 11:00:00,105,56.0,0.0,24.0,1.1,207.0
San Buenaventura,2026-09-01 11:00:00,108,56.0,0.0,22.0,0.7,188.0
San Buenaventura,2026-09-01 11:00:00,111,56.0,0.0,20.0,0.3,159.0
San Buenaventura,2026-09-01 15:00:00,11,,,21.0,,
San Buenaventura,2026-09-01 15:00:00,14,,,21.0,,
San Buenaventura,2026-09-01 15:00:00,23,,,30.0,,
San Buenaventura,2026-09-01 15:00:00,26,,,30.0,,
San Buenaventura,2026-09-01 15:00:00,29,,,27.0,,
San Buenaventura,2026-09-01 15:00:00,32,,,24.0,,
San Buenaventura,2026-09-01 15:00:00,41,,,25.0,,
San Buenaventura,2026-09-01 15:00:00,44,,,28.0,,
San Buenaventura,2026-09-01 15:00:00,47,,,33.0,,
San Buenaventura,2026-09-01 15:00:00,50,,,33.0,,
San Buenaventura,2026-09-01 15:00:00,53,,,27.0,,
San Buenaventura,2026-09-01 15:00:00,56,,,25.0,,
San Buenaventura,2026-09-01 15:00:00,68,,,28.0,,
San Buenaventura,2026-09-01 15:00:00,71,,,34.0,,
San Buenaventura,2026-09-01 15:00:00,74,,,34.0,,
San Buenaventura,2026-09-01 15:00:00,77,,,29.0,,
San Buenaventura,2026-09-01 15:00:00,80,,,25.0,,
San Buenaventura,2026-09-01 15:00:00,86,,,21.0,,
San Buenaventura,2026-09-01 15:00:00,89,,,26.0,,
San Buenaventura,2026-09-01 15:00:00,92,,,30.0,,
San Buenaventura,2026-09-01 15:00:00,95,,,34.0,,
San Buenaventura,2026-09-01 15:00:00,98,,,33.0,,
San Buenaventura,2026-09-01 15:00:00,101,,,29.0,,
San Buenaventura,2026-09-01 15:00:00,104,,,26.0,,
San Buenaventura,2026-09-01 15:00:00,107,,,24.0,,
San Buenaventura,2026-09-02 10:00:00,16,26.0,,,,
San Buenaventura,2026-09-02 10:00:00,19,26.0,,,,
San Buenaventura,2026-09-02 10:00:00,22,26.0,,,,
San Buenaventura,2026-09-02 10:00:00,25,26.0,,,,
San Buenaventura,2026-09-02 10:00:00,28,36.0,0.0,,,
San Buenaventura,2026-09-02 10:00:00,31,36.0,0.0,,,
San Buenaventura,2026-09-02 10:00:00,34,25.0,,,,
San Buenaventura,2026-09-02 10:00:00,40,26.0,,,,
San Buenaventura,2026-09-02 10:00:00,88,89.0,3.0,,,
San Buenaventura,2026-09-02 10:00:00,91,89.0,1.5,21.0,0.7,193.0
San Buenaventura,2026-09-02 10:00:00,94,89.0,1.5,22.0,0.6,153.0
San Buenaventura,2026-09-02 10:00:00,97,89.0,2.3,25.0,1.0,159.0
San Buenaventura,2026-09-02 10:00:00,100,88.0,1.5,29.0,1.4,156.0
San Buenaventura,2026-09-02 10:00:00,103,89.0,2.3,25.0,1.3,186.0
San Buenaventura,2026-09-02 10:00:00,106,57.0,0.0,22.0,1.3,210.0
San Buenaventura,2026-09-02 10:00:00,109,55.0,0.0,21.0,1.2,209.0
San Buenaventura,2026-09-02 10:00:00,112,56.0,0.0,20.0,1.1,199.0
San Buenaventura,2026-09-02 15:00:00,23,,,32.0,,
San Buenaventura,2026-09-02 15:00:00,26,,,32.0,,
San Buenaventura,2026-09-02 15:00:00,35,,,20.0,,
San Buenaventura,2026-09-02 15:00:00,38,,,20.0,,
San Buenaventura,2026-09-02 15:00:00,41,,,25.0,,
San Buenaventura,2026-09-02 15:00:00,44,,,29.0,,
San Buenaventura,2026-09-02 15:00:00,47,,,33.0,,
San Buenaventura,2026-09-02 15:00:00,50,,,33.0,,
San Buenaventura,2026-09-02 15:00:00,59,,,20.0,,
San Buenaventura,2026-09-02 15:00:00,62,,,20.0,,
San Buenaventura,2026-09-02 15:00:00,71,,,33.0,,
San Buenaventura,2026-09-02 15:00:00,83,,,21.0,,
San Buenaventura,2026-09-02 15:00:00,86,,,20.0,,
San Buenaventura,2026-09-02 15:00:00,89,,,23.0,,
San Buenaventura,2026-09-02 15:00:00,92,,,26.0,,
San Buenaventura,2026-09-02 15:00:00,95,,,31.0,,
San Buenaventura,2026-09-02 15:00:00,98,,,30.0,,
San Buenaventura,2026-09-02 15:00:00,101,,,27.0,,
San Buenaventura,2026-09-02 15:00:00,104,,,25.0,,
San Buenaventura,2026-09-02 15:00:00,107,,,22.0,,
San Ignacio de Moxos,2026-08-31 13:00:00,1,36.0,0.0,36.0,4.6,316.0
San Ignacio de Moxos,2026-08-31 13:00:00,4,36.0,0.0,36.0,3.0,299.0
San Ignacio de Moxos,2026-08-31 13:00:00,7,36.0,0.0,30.0,1.4,273.0
San Ignacio de Moxos,2026-08-31 13:00:00,10,36.0,0.0,24.0,1.4,310.0
San Ignacio de Moxos,2026-08-31 13:00:00,13,57.0,0.0,19.0,1.3,342.0
San Ignacio de Moxos,2026-08-31 13:00:00,16,56.0,0.0,19.0,2.2,195.0
San Ignacio de Moxos,2026-08-31 13:00:00,19,56.0,0.0,25.0,3.2,122.0
San Ignacio de Moxos,2026-08-31 13:00:00,22,56.0,0.0,28.0,3.0,132.0
San Ignacio de Moxos,2026-08-31 13:00:00,25,56.0,0.0,31.0,2.7,140.0
San Ignacio de Moxos,2026-08-31 13:00:00,28,57.0,0.0,31.0,2.9,160.0
San Ignacio de Moxos,2026-08-31 13:00:00,31,56.0,0.0,28.0,3.0,180.0
San Ignacio de Moxos,2026-08-31 13:00:00,34,56.0,0.0,24.0,2.6,170.0
San Ignacio de Moxos,2026-08-31 13:00:00,37,56.0,0.0,16.0,2.1,160.0
San Ignacio de Moxos,2026-08-31 13:00:00,40,26.0,0.0,16.0,2.8,150.0
San Ignacio de Moxos,2026-08-31 13:00:00,43,26.0,0.0,25.0,3.0,140.0
San Ignacio de Moxos,2026-08-31 13:00:00,46,26.0,0.0,29.0,1.7,125.0
San Ignacio de Moxos,2026-08-31 13:00:00,49,26.0,0.0,33.0,0.4,107.0
San Ignacio de Moxos,2026-08-31 13:00:00,52,26.0,0.0,33.0,0.7,35.0
San Ignacio de Moxos,2026-08-31 13:00:00,55,26.0,0.0,29.0,1.0,313.0
San Ignacio de Moxos,2026-08-31 13:00:00,58,26.0,0.0,25.0,1.3,271.0
San Ignacio de Moxos,2026-08-31 13:00:00,61,26.0,0.0,17.0,1.6,228.0
San Ignacio de Moxos,2026-08-31 13:00:00,64,26.0,0.0,17.0,1.4,273.0
San Ignacio de Moxos,2026-08-31 13:00:00,67,26.0,0.0,25.0,1.3,304.0
San Ignacio de Moxos,2026-08-31 13:00:00,70,26.0,0.0,30.0,2.6,316.0
San Ignacio de Moxos,2026-08-31 13:00:00,73,36.0,0.0,34.0,3.9,322.0
San Ignacio de Moxos,2026-08-31 13:00:00,76,36.0,0.0,34.0,2.4,335.0
San Ignacio de Moxos,2026-08-31 13:00:00,79,26.0,0.0,30.0,0.8,343.0
San Ignacio de Moxos,2026-08-31 13:00:00,82,26.0,0.0,21.0,1.5,330.0
San Ignacio de Moxos,2026-08-31 13:00:00,85,36.0,0.0,19.0,2.2,311.0
San Ignacio de Moxos,2026-08-31 13:00:00,88,37.0,0.0,19.0,1.9,320.0
San Ignacio de Moxos,2026-08-31 13:00:00,91,36.0,0.0,25.0,2.3,330.0
San Ignacio de Moxos,2026-08-31 13:00:00,94,36.0,0.0,27.0,3.1,336.0
San Ignacio de Moxos,2026-08-31 13:00:00,97,56.0,0.0,35.0,3.9,333.0
San Ignacio de Moxos,2026-08-31 13:00:00,100,56.0,0.0,35.0,2.7,339.0
San Ignacio de Moxos,2026-08-31 13:00:00,103,56.0,0.0,30.0,1.7,342.0
San Ignacio de Moxos,2026-08-31 13:00:00,106,56.0,0.0,19.0,1.8,332.0
San Ignacio de Moxos,2026-08-31 13:00:00,109,36.0,0.0,19.0,1.9,320.0
San Ignacio de Moxos,2026-09-01 11:00:00,90,35.0,0.0,31.0,2.1,326.0
San Ignacio de Moxos,2026-09-01 11:00:00,93,36.0,0.0,32.0,2.6,312.0
San Ignacio de Moxos,2026-09-01 11:00:00,96,36.0,0.0,37.0,2.9,320.0
San Ignacio de Moxos,2026-09-01 11:00:00,99,35.0,0.0,41.0,3.3,318.0
San Ignacio de Moxos,2026-09-01 11:00:00,102,36.0,0.0,35.0,2.0,337.0
San Ignacio de Moxos,2026-09-01 11:00:00,105,56.0,0.0,29.0,0.6,115.0
San Ignacio de Moxos,2026-09-01 11:00:00,108,56.0,0.0,26.0,1.8,135.0
San Ignacio de Moxos,2026-09-01 11:00:00,111,56.0,0.0,23.0,3.0,150.0
San Ignacio de Moxos,2026-09-01 15:00:00,11,,,21.0,,
San Ignacio de Moxos,2026-09-01 15:00:00,14,,,21.0,,
San Ignacio de Moxos,2026-09-01 15:00:00,23,,,32.0,,
San Ignacio de Moxos,2026-09-01 15:00:00,26,,,32.0,,
San Ignacio de Moxos,2026-09-01 15:00:00,32,,,26.0,,
San Ignacio de Moxos,2026-09-01 15:00:00,35,,,22.0,,
San Ignacio de Moxos,2026-09-01 15:00:00,38,,,22.0,,
San Ignacio de Moxos,2026-09-01 15:00:00,47,,,33.0,,
San Ignacio de Moxos,2026-09-01 15:00:00,50,,,33.0,,
San Ignacio de Moxos,2026-09-01 15:00:00,56,,,26.0,,
San Ignacio de Moxos,2026-09-01 15:00:00,59,,,22.0,,
San Ignacio de Moxos,2026-09-01 15:00:00,62,,,22.0,,
San Ignacio de Moxos,2026-09-01 15:00:00,65,,,26.0,,
San Ignacio de Moxos,2026-09-01 15:00:00,68,,,30.0,,
San Ignacio de Moxos,2026-09-01 15:00:00,71,,,34.0,,
San Ignacio de Moxos,2026-09-01 15:00:00,74,,,34.0,,
San Ignacio de Moxos,2026-09-01 15:00:00,80,,,26.0,,
San Ignacio de Moxos,2026-09-01 15:00:00,83,,,22.0,,
San Ignacio de Moxos,2026-09-01 15:00:00,86,,,22.0,,
San Ignacio de Moxos,2026-09-01 15:00:00,89,,,27.0,,
San Ignacio de Moxos,2026-09-01 15:00:00,92,,,30.0,,
San Ignacio de Moxos,2026-09-01 15:00:00,95,,,34.0,,
San Ignacio de Moxos,2026-09-01 15:00:00,98,,,34.0,,
San Ignacio de Moxos,2026-09-01 15:00:00,101,,,30.0,,
San Ignacio de Moxos,2026-09-01 15:00:00,104,,,28.0,,
San Ignacio de Moxos,2026-09-01 15:00:00,107,,,25.0,,
San Ignacio de Moxos,2026-09-02 10:00:00,40,26.0,,,,
San Ignacio de Moxos,2026-09-02 10:00:00,88,88.0,3.0,,,
San Ignacio de Moxos,2026-09-02 10:00:00,91,89.0,3.3,26.0,3.0,134.0
San Ignacio de Moxos,2026-09-02 10:00:00,94,90.0,2.3,25.0,3.6,138.0
San Ignacio de Moxos,2026-09-02 10:00:00,97,89.0,2.6,29.0,3.6,118.0
San Ignacio de Moxos,2026-09-02 10:00:00,100,56.0,0.0,34.0,3.5,97.0
San Ignacio de Moxos,2026-09-02 10:00:00,103,56.0,0.0,30.0,3.1,118.0
San Ignacio de Moxos,2026-09-02 10:00:00,106,56.0,0.0,27.0,2.6,138.0
San Ignacio de Moxos,2026-09-02 10:00:00,109,56.0,0.0,25.0,2.9,148.0
San Ignacio de Moxos,2026-09-02 10:00:00,112,56.0,0.0,23.0,3.2,150.0
San Ignacio de Moxos,2026-09-02 15:00:00,11,,,21.0,,
San Ignacio de Moxos,2026-09-02 15:00:00,14,,,21.0,,
San Ignacio de Moxos,2026-09-02 15:00:00,23,,,37.0,,
San Ignacio de Moxos,2026-09-02 15:00:00,26,,,37.0,,
San Ignacio de Moxos,2026-09-02 15:00:00,35,,,21.0,,
San Ignacio de Moxos,2026-09-02 15:00:00,38,,,21.0,,
San Ignacio de Moxos,2026-09-02 15:00:00,71,,,36.0,,
San Ignacio de Moxos,2026-09-02 15:00:00,74,,,36.0,,
San Ignacio de Moxos,2026-09-02 15:00:00,83,,,19.0,,
San Ignacio de Moxos,2026-09-02 15:00:00,86,,,19.0,,
San Ignacio de Moxos,2026-09-02 15:00:00,95,,,32.0,,
San Ignacio de Moxos,2026-09-02 15:00:00,98,,,32.0,,
San Ignacio de Moxos,2026-09-02 15:00:00,101,,,29.0,,
San Ignacio de Moxos,2026-09-02 15:00:00,104,,,22.0,,
San Ignacio de Velasco,2026-08-31 13:00:00,1,89.0,1.5,35.0,6.1,320.0
San Ignacio de Velasco,2026-08-31 13:00:00,4,89.0,1.1,35.0,3.8,320.0
San Ignacio de Velasco,2026-08-31 13:00:00,7,89.0,1.8,31.0,1.4,312.0
San Ignacio de Velasco,2026-08-31 13:00:00,10,89.0,1.5,25.0,1.8,274.0
San Ignacio de Velasco,2026-08-31 13:00:00,13,56.0,0.0,21.0,2.1,229.0
San Ignacio de Velasco,2026-08-31 13:00:00,16,56.0,0.0,21.0,5.8,180.0
San Ignacio de Velasco,2026-08-31 13:00:00,19,56.0,0.0,22.0,5.2,176.0
San Ignacio de Velasco,2026-08-31 13:00:00,22,56.0,0.0,26.0,4.7,183.0
San Ignacio de Velasco,2026-08-31 13:00:00,25,56.0,0.0,31.0,4.1,187.0
San Ignacio de Velasco,2026-08-31 13:00:00,28,57.0,0.0,31.0,3.2,178.0
San Ignacio de Velasco,2026-08-31 13:00:00,31,36.0,0.0,27.0,2.2,161.0
San Ignacio de Velasco,2026-08-31 13:00:00,34,36.0,0.0,23.0,3.1,168.0
San Ignacio de Velasco,2026-08-31 13:00:00,37,56.0,0.0,21.0,4.0,170.0
San Ignacio de Velasco,2026-08-31 13:00:00,40,36.0,0.0,21.0,3.7,160.0
San Ignacio de Velasco,2026-08-31 13:00:00,43,36.0,0.0,24.0,3.7,140.0
San Ignacio de Velasco,2026-08-31 13:00:00,46,35.0,0.0,28.0,2.3,88.0
San Ignacio de Velasco,2026-08-31 13:00:00,49,35.0,0.0,32.0,1.0,31.0
San Ignacio de Velasco,2026-08-31 13:00:00,52,36.0,0.0,32.0,1.0,65.0
San Ignacio de Velasco,2026-08-31 13:00:00,55,27.0,0.0,28.0,1.0,95.0
San Ignacio de Velasco,2026-08-31 13:00:00,58,26.0,0.0,23.0,1.0,135.0
San Ignacio de Velasco,2026-08-31 13:00:00,61,25.0,0.0,21.0,1.0,175.0
San Ignacio de Velasco,2026-08-31 13:00:00,64,26.0,0.0,21.0,1.0,295.0
San Ignacio de Velasco,2026-08-31 13:00:00,67,26.0,0.0,23.0,1.4,293.0
San Ignacio de Velasco,2026-08-31 13:00:00,70,26.0,0.0,28.0,3.4,313.0
San Ignacio de Velasco,2026-08-31 13:00:00,73,26.0,0.0,35.0,5.4,330.0
San Ignacio de Velasco,2026-08-31 13:00:00,76,26.0,0.0,35.0,3.6,320.0
San Ignacio de Velasco,2026-08-31 13:00:00,79,36.0,0.0,29.0,1.9,302.0
San Ignacio de Velasco,2026-08-31 13:00:00,82,36.0,0.0,23.0,2.0,292.0
San Ignacio de Velasco,2026-08-31 13:00:00,85,36.0,0.0,21.0,1.9,282.0
San Ignacio de Velasco,2026-08-31 13:00:00,88,36.0,0.0,21.0,2.2,327.0
San Ignacio de Velasco,2026-08-31 13:00:00,91,36.0,0.0,29.0,2.7,350.0
San Ignacio de Velasco,2026-08-31 13:00:00,94,36.0,0.0,31.0,4.8,330.0
San Ignacio de Velasco,2026-08-31 13:00:00,97,56.0,0.0,35.0,6.9,300.0
San Ignacio de Velasco,2026-08-31 13:00:00,100,56.0,0.0,35.0,4.4,322.0
San Ignacio de Velasco,2026-08-31 13:00:00,103,37.0,0.0,31.0,1.9,339.0
San Ignacio de Velasco,2026-08-31 13:00:00,106,36.0,0.0,21.0,1.7,339.0
San Ignacio de Velasco,2026-08-31 13:00:00,109,35.0,0.0,21.0,1.5,338.0
San Ignacio de Velasco,2026-09-01 11:00:00,27,26.0,,,,
San Ignacio de Velasco,2026-09-01 11:00:00,30,26.0,,,,
San Ignacio de Velasco,2026-09-01 11:00:00,87,36.0,,,,
San Ignacio de Velasco,2026-09-01 11:00:00,90,36.0,0.0,29.0,2.6,257.0
San Ignacio de Velasco,2026-09-01 11:00:00,93,36.0,0.0,29.0,3.3,197.0
San Ignacio de Velasco,2026-09-01 11:00:00,96,36.0,0.0,33.0,3.0,232.0
San Ignacio de Velasco,2026-09-01 11:00:00,99,35.0,0.0,38.0,2.6,262.0
San Ignacio de Velasco,2026-09-01 11:00:00,102,36.0,0.0,34.0,2.3,193.0
San Ignacio de Velasco,2026-09-01 11:00:00,105,36.0,0.0,30.0,2.1,117.0
San Ignacio de Velasco,2026-09-01 11:00:00,108,35.0,0.0,26.0,4.6,151.0
San Ignacio de Velasco,2026-09-01 11:00:00,111,35.0,0.0,21.0,7.2,180.0
San Ignacio de Velasco,2026-09-01 15:00:00,11,36.0,,18.0,,
San Ignacio de Velasco,2026-09-01 15:00:00,14,,,18.0,,
San Ignacio de Velasco,2026-09-01 15:00:00,20,36.0,,,,
San Ignacio de Velasco,2026-09-01 15:00:00,29,36.0,,,,
San Ignacio de Velasco,2026-09-01 15:00:00,32,36.0,,,,
San Ignacio de Velasco,2026-09-01 15:00:00,35,36.0,,20.0,,
San Ignacio de Velasco,2026-09-01 15:00:00,38,,,20.0,,
San Ignacio de Velasco,2026-09-01 15:00:00,59,,,20.0,,
San Ignacio de Velasco,2026-09-01 15:00:00,62,,,20.0,,
San Ignacio de Velasco,2026-09-01 15:00:00,65,,,26.0,,
San Ignacio de Velasco,2026-09-01 15:00:00,71,,,36.0,,
San Ignacio de Velasco,2026-09-01 15:00:00,74,,,36.0,,
San Ignacio de Velasco,2026-09-01 15:00:00,80,,,25.0,,
San Ignacio de Velasco,2026-09-01 15:00:00,83,,,19.0,,
San Ignacio de Velasco,2026-09-01 15:00:00,86,,,19.0,,
San Ignacio de Velasco,2026-09-01 15:00:00,89,,,25.0,,
San Ignacio de Velasco,2026-09-01 15:00:00,92,,,29.0,,
San Ignacio de Velasco,2026-09-01 15:00:00,95,,,35.0,,
San Ignacio de Velasco,2026-09-01 15:00:00,98,,,35.0,,
San Ignacio de Velasco,2026-09-01 15:00:00,101,,,32.0,,
San Ignacio de Velasco,2026-09-01 15:00:00,104,,,29.0,,
San Ignacio de Velasco,2026-09-01 15:00:00,107,,,24.0,,
San Ignacio de Velasco,2026-09-02 10:00:00,16,26.0,,,,
San Ignacio de Velasco,2026-09-02 10:00:00,28,36.0,,,,
San Ignacio de Velasco,2026-09-02 10:00:00,31,36.0,,,,
San Ignacio de Velasco,2026-09-02 10:00:00,34,26.0,,,,
San Ignacio de Velasco,2026-09-02 10:00:00,37,26.0,,,,
San Ignacio de Velasco,2026-09-02 10:00:00,40,26.0,,,,
San Ignacio de Velasco,2026-09-02 10:00:00,88,56.0,,,,
San Ignacio de Velasco,2026-09-02 10:00:00,91,56.0,0.0,24.0,5.7,186.0
San Ignacio de Velasco,2026-09-02 10:00:00,94,56.0,0.0,23.0,5.9,176.0
San Ignacio de Velasco,2026-09-02 10:00:00,97,56.0,0.0,27.0,5.5,176.0
San Ignacio de Velasco,2026-09-02 10:00:00,100,56.0,0.0,31.0,5.1,172.0
San Ignacio de Velasco,2026-09-02 10:00:00,103,56.0,0.0,27.0,5.1,180.0
San Ignacio de Velasco,2026-09-02 10:00:00,106,56.0,0.0,22.0,5.2,178.0
San Ignacio de Velasco,2026-09-02 10:00:00,109,56.0,0.0,21.0,5.3,178.0
San Ignacio de Velasco,2026-09-02 10:00:00,112,56.0,0.0,19.0,5.3,170.0
San Ignacio de Velasco,2026-09-02 15:00:00,8,,,25.0,,
San Ignacio de Velasco,2026-09-02 15:00:00,17,,,25.0,,
San Ignacio de Velasco,2026-09-02 15:00:00,20,,,30.0,,
San Ignacio de Velasco,2026-09-02 15:00:00,23,,,37.0,,
San Ignacio de Velasco,2026-09-02 15:00:00,26,,,37.0,,
San Ignacio de Velasco,2026-09-02 15:00:00,29,,,32.0,,
San Ignacio de Velasco,2026-09-02 15:00:00,32,,,29.0,,
San Ignacio de Velasco,2026-09-02 15:00:00,35,,,22.0,,
San Ignacio de Velasco,2026-09-02 15:00:00,38,,,22.0,,
San Ignacio de Velasco,2026-09-02 15:00:00,56,,,28.0,,
San Ignacio de Velasco,2026-09-02 15:00:00,59,,,23.0,,
San Ignacio de Velasco,2026-09-02 15:00:00,62,,,23.0,,
San Ignacio de Velasco,2026-09-02 15:00:00,65,,,28.0,,
San Ignacio de Velasco,2026-09-02 15:00:00,68,,,30.0,,
San Ignacio de Velasco,2026-09-02 15:00:00,71,,,34.0,,
San Ignacio de Velasco,2026-09-02 15:00:00,77,,,29.0,,
San Ignacio de Velasco,2026-09-02 15:00:00,83,,,20.0,,
San Ignacio de Velasco,2026-09-02 15:00:00,86,,,20.0,,
San Ignacio de Velasco,2026-09-02 15:00:00,95,,,30.0,,
San Ignacio de Velasco,2026-09-02 15:00:00,98,,,30.0,,
San Ignacio de Velasco,2026-09-02 15:00:00,101,,,27.0,,
San Ignacio de Velasco,2026-09-02 15:00:00,104,,,25.0,,
San Ignacio de Velasco,2026-09-02 15:00:00,107,,,23.0,,
San Javier,2026-08-31 13:00:00,1,89.0,2.4,34.0,5.2,320.0
San Javier,2026-08-31 13:00:00,4,89.0,1.9,34.0,4.2,330.0
San Javier,2026-08-31 13:00:00,7,89.0,1.1,28.0,3.1,333.0
San Javier,2026-08-31 13:00:00,10,89.0,1.6,23.0,2.6,273.0
San Javier,2026-08-31 13:00:00,13,56.0,0.0,21.0,2.0,209.0
San Javier,2026-08-31 13:00:00,16,56.0,0.0,21.0,5.5,170.0
San Javier,2026-08-31 13:00:00,19,56.0,0.0,21.0,5.4,160.0
San Javier,2026-08-31 13:00:00,22,56.0,0.0,25.0,4.4,160.0
San Javier,2026-08-31 13:00:00,25,56.0,0.0,29.0,3.5,150.0
San Javier,2026-08-31 13:00:00,28,56.0,0.0,29.0,3.2,160.0
San Javier,2026-08-31 13:00:00,31,35.0,0.0,26.0,3.0,170.0
San Javier,2026-08-31 13:00:00,34,36.0,0.0,23.0,2.9,170.0
San Javier,2026-08-31 13:00:00,37,56.0,0.0,20.0,2.8,160.0
San Javier,2026-08-31 13:00:00,40,36.0,0.0,20.0,3.0,160.0
San Javier,2026-08-31 13:00:00,43,36.0,0.0,23.0,3.2,150.0
San Javier,2026-08-31 13:00:00,46,37.0,0.0,27.0,2.0,186.0
San Javier,2026-08-31 13:00:00,49,36.0,0.0,30.0,0.8,220.0
San Javier,2026-08-31 13:00:00,52,36.0,0.0,30.0,0.8,234.0
San Javier,2026-08-31 13:00:00,55,26.0,0.0,26.0,0.7,245.0
San Javier,2026-08-31 13:00:00,58,26.0,0.0,23.0,0.9,217.0
San Javier,2026-08-31 13:00:00,61,27.0,0.0,21.0,1.0,179.0
San Javier,2026-08-31 13:00:00,64,26.0,0.0,21.0,1.2,331.0
San Javier,2026-08-31 13:00:00,67,26.0,0.0,22.0,1.4,340.0
San Javier,2026-08-31 13:00:00,70,26.0,0.0,27.0,3.1,330.0
San Javier,2026-08-31 13:00:00,73,26.0,0.0,33.0,4.9,320.0
San Javier,2026-08-31 13:00:00,76,26.0,0.0,33.0,3.3,324.0
San Javier,2026-08-31 13:00:00,79,36.0,0.0,29.0,1.7,327.0
San Javier,2026-08-31 13:00:00,82,36.0,0.0,24.0,1.7,334.0
San Javier,2026-08-31 13:00:00,85,36.0,0.0,21.0,1.6,331.0
San Javier,2026-08-31 13:00:00,88,36.0,0.0,21.0,2.3,344.0
San Javier,2026-08-31 13:00:00,91,35.0,0.0,25.0,3.1,350.0
San Javier,2026-08-31 13:00:00,94,36.0,0.0,28.0,4.2,350.0
San Javier,2026-08-31 13:00:00,97,56.0,0.0,33.0,5.2,346.0
San Javier,2026-08-31 13:00:00,100,57.0,0.0,33.0,3.8,360.0
San Javier,2026-08-31 13:00:00,103,36.0,0.0,28.0,2.4,3.0
San Javier,2026-08-31 13:00:00,106,36.0,0.0,21.0,2.4,4.0
San Javier,2026-08-31 13:00:00,109,35.0,0.0,21.0,2.4,0.0
San Javier,2026-09-01 11:00:00,27,26.0,,,,
San Javier,2026-09-01 11:00:00,30,27.0,,,,
San Javier,2026-09-01 11:00:00,87,36.0,,,,
San Javier,2026-09-01 11:00:00,90,37.0,0.0,28.0,2.1,93.0
San Javier,2026-09-01 11:00:00,93,36.0,0.0,26.0,2.1,173.0
San Javier,2026-09-01 11:00:00,96,36.0,0.0,32.0,2.0,184.0
San Javier,2026-09-01 11:00:00,99,36.0,0.0,37.0,2.0,187.0
San Javier,2026-09-01 11:00:00,102,36.0,0.0,32.0,1.3,161.0
San Javier,2026-09-01 11:00:00,105,36.0,0.0,27.0,0.6,131.0
San Javier,2026-09-01 11:00:00,108,36.0,0.0,23.0,3.5,154.0
San Javier,2026-09-01 11:00:00,111,35.0,0.0,20.0,6.2,170.0
San Javier,2026-09-01 15:00:00,11,36.0,,17.0,,
San Javier,2026-09-01 15:00:00,14,,,17.0,,
San Javier,2026-09-01 15:00:00,20,36.0,,,,
San Javier,2026-09-01 15:00:00,23,,,32.0,,
San Javier,2026-09-01 15:00:00,26,26.0,,32.0,,
San Javier,2026-09-01 15:00:00,29,36.0,,,,
San Javier,2026-09-01 15:00:00,32,36.0,,,,
San Javier,2026-09-01 15:00:00,35,36.0,,19.0,,
San Javier,2026-09-01 15:00:00,38,,,19.0,,
San Javier,2026-09-01 15:00:00,47,,,35.0,,
San Javier,2026-09-01 15:00:00,50,,,35.0,,
San Javier,2026-09-01 15:00:00,59,,,20.0,,
San Javier,2026-09-01 15:00:00,62,,,20.0,,
San Javier,2026-09-01 15:00:00,71,,,36.0,,
San Javier,2026-09-01 15:00:00,74,,,36.0,,
San Javier,2026-09-01 15:00:00,83,,,19.0,,
San Javier,2026-09-01 15:00:00,86,,,19.0,,
San Javier,2026-09-01 15:00:00,92,,,31.0,,
San Javier,2026-09-01 15:00:00,95,,,35.0,,
San Javier,2026-09-01 15:00:00,98,,,35.0,,
San Javier,2026-09-01 15:00:00,101,,,29.0,,
San Javier,2026-09-01 15:00:00,104,,,26.0,,
San Javier,2026-09-01 15:00:00,107,,,24.0,,
San Javier,2026-09-02 10:00:00,25,25.0,,,,
San Javier,2026-09-02 10:00:00,28,36.0,,,,
San Javier,2026-09-02 10:00:00,31,36.0,,,,
San Javier,2026-09-02 10:00:00,34,26.0,,,,
San Javier,2026-09-02 10:00:00,37,26.0,,,,
San Javier,2026-09-02 10:00:00,40,26.0,,,,
San Javier,2026-09-02 10:00:00,88,57.0,,,,
San Javier,2026-09-02 10:00:00,91,56.0,0.0,23.0,5.7,160.0
San Javier,2026-09-02 10:00:00,94,57.0,0.0,22.0,5.8,160.0
San Javier,2026-09-02 10:00:00,97,56.0,0.0,24.0,6.0,160.0
San Javier,2026-09-02 10:00:00,100,57.0,0.0,27.0,6.2,160.0
San Javier,2026-09-02 10:00:00,103,57.0,0.0,24.0,4.4,159.0
San Javier,2026-09-02 10:00:00,106,55.0,0.0,21.0,2.7,149.0
San Javier,2026-09-02 10:00:00,109,56.0,0.0,19.0,3.8,159.0
San Javier,2026-09-02 10:00:00,112,56.0,0.0,18.0,4.8,160.0
San Javier,2026-09-02 15:00:00,47,,,35.0,,
San Javier,2026-09-02 15:00:00,50,,,35.0,,
San Javier,2026-09-02 15:00:00,53,,,29.0,,
San Javier,2026-09-02 15:00:00,56,,,25.0,,
San Javier,2026-09-02 15:00:00,62,,,21.0,,
San Javier,2026-09-02 15:00:00,65,,,24.0,,
San Javier,2026-09-02 15:00:00,68,,,28.0,,
San Javier,2026-09-02 15:00:00,71,,,32.0,,
San Javier,2026-09-02 15:00:00,80,,,25.0,,
San Javier,2026-09-02 15:00:00,83,,,18.0,,
San Javier,2026-09-02 15:00:00,86,,,18.0,,
San Javier,2026-09-02 15:00:00,95,,,28.0,,
San Javier,2026-09-02 15:00:00,98,,,28.0,,
San Javier,2026-09-02 15:00:00,101,,,26.0,,
San Javier,2026-09-02 15:00:00,104,,,25.0,,
San Javier,2026-09-02 15:00:00,107,,,22.0,,
San Jose,2026-08-31 13:00:00,1,89.0,1.9,35.0,5.4,297.0
San Jose,2026-08-31 13:00:00,4,89.0,1.8,35.0,3.2,17.0
San Jose,2026-08-31 13:00:00,7,89.0,2.8,29.0,1.0,89.0
San Jose,2026-08-31 13:00:00,10,89.0,2.3,23.0,3.3,130.0
San Jose,2026-08-31 13:00:00,13,56.0,0.0,20.0,5.6,170.0
San Jose,2026-08-31 13:00:00,16,56.0,0.0,20.0,6.0,180.0
San Jose,2026-08-31 13:00:00,19,56.0,0.0,23.0,5.5,170.0
San Jose,2026-08-31 13:00:00,22,56.0,0.0,28.0,4.6,170.0
San Jose,2026-08-31 13:00:00,25,57.0,0.0,30.0,3.6,170.0
San Jose,2026-08-31 13:00:00,28,56.0,0.0,30.0,3.4,170.0
San Jose,2026-08-31 13:00:00,31,36.0,0.0,26.0,3.2,170.0
San Jose,2026-08-31 13:00:00,34,36.0,0.0,21.0,3.3,170.0
San Jose,2026-08-31 13:00:00,37,56.0,0.0,20.0,3.5,160.0
San Jose,2026-08-31 13:00:00,40,36.0,0.0,20.0,3.2,150.0
San Jose,2026-08-31 13:00:00,43,36.0,0.0,21.0,3.3,140.0
San Jose,2026-08-31 13:00:00,46,36.0,0.0,27.0,2.5,69.0
San Jose,2026-08-31 13:00:00,49,36.0,0.0,31.0,1.6,354.0
San Jose,2026-08-31 13:00:00,52,36.0,0.0,31.0,1.4,317.0
San Jose,2026-08-31 13:00:00,55,27.0,0.0,28.0,1.3,177.0
San Jose,2026-08-31 13:00:00,58,26.0,0.0,22.0,1.3,175.0
San Jose,2026-08-31 13:00:00,61,26.0,0.0,20.0,1.4,171.0
San Jose,2026-08-31 13:00:00,64,27.0,0.0,20.0,1.2,56.0
San Jose,2026-08-31 13:00:00,67,26.0,0.0,23.0,2.0,35.0
San Jose,2026-08-31 13:00:00,70,26.0,0.0,29.0,3.9,5.0
San Jose,2026-08-31 13:00:00,73,26.0,0.0,34.0,5.8,330.0
San Jose,2026-08-31 13:00:00,76,26.0,0.0,34.0,4.1,336.0
San Jose,2026-08-31 13:00:00,79,36.0,0.0,27.0,2.4,336.0
San Jose,2026-08-31 13:00:00,82,36.0,0.0,23.0,1.7,25.0
San Jose,2026-08-31 13:00:00,85,36.0,0.0,20.0,1.0,73.0
San Jose,2026-08-31 13:00:00,88,36.0,0.0,20.0,1.3,58.0
San Jose,2026-08-31 13:00:00,91,36.0,0.0,24.0,1.7,34.0
San Jose,2026-08-31 13:00:00,94,36.0,0.0,27.0,3.8,10.0
San Jose,2026-08-31 13:00:00,97,56.0,0.0,34.0,5.8,338.0
San Jose,2026-08-31 13:00:00,100,56.0,0.0,34.0,3.9,3.0
San Jose,2026-08-31 13:00:00,103,36.0,0.0,29.0,2.0,27.0
San Jose,2026-08-31 13:00:00,106,37.0,0.0,20.0,1.7,68.0
San Jose,2026-08-31 13:00:00,109,36.0,0.0,20.0,1.3,106.0
San Jose,2026-09-01 11:00:00,27,26.0,,,,
San Jose,2026-09-01 11:00:00,30,26.0,,,,
San Jose,2026-09-01 11:00:00,90,36.0,0.0,27.0,3.7,197.0
San Jose,2026-09-01 11:00:00,93,36.0,0.0,27.0,4.7,187.0
San Jose,2026-09-01 11:00:00,96,36.0,0.0,31.0,3.9,205.0
San Jose,2026-09-01 11:00:00,99,37.0,0.0,36.0,3.2,218.0
San Jose,2026-09-01 11:00:00,102,36.0,0.0,32.0,4.7,203.0
San Jose,2026-09-01 11:00:00,105,36.0,0.0,29.0,6.2,180.0
San Jose,2026-09-01 11:00:00,108,37.0,0.0,24.0,6.0,185.0
San Jose,2026-09-01 11:00:00,111,36.0,0.0,19.0,5.7,185.0
San Jose,2026-09-01 15:00:00,11,36.0,,16.0,,
San Jose,2026-09-01 15:00:00,14,,,16.0,,
San Jose,2026-09-01 15:00:00,23,,,30.0,,
San Jose,2026-09-01 15:00:00,26,,,30.0,,
San Jose,2026-09-01 15:00:00,29,36.0,,,,
San Jose,2026-09-01 15:00:00,32,36.0,,,,
San Jose,2026-09-01 15:00:00,35,36.0,,18.0,,
San Jose,2026-09-01 15:00:00,38,,,18.0,,
San Jose,2026-09-01 15:00:00,47,,,36.0,,
San Jose,2026-09-01 15:00:00,50,,,36.0,,
San Jose,2026-09-01 15:00:00,59,,,19.0,,
San Jose,2026-09-01 15:00:00,62,,,19.0,,
San Jose,2026-09-01 15:00:00,68,,,28.0,,
San Jose,2026-09-01 15:00:00,71,,,37.0,,
San Jose,2026-09-01 15:00:00,74,,,37.0,,
San Jose,2026-09-01 15:00:00,80,,,25.0,,
San Jose,2026-09-01 15:00:00,83,,,18.0,,
San Jose,2026-09-01 15:00:00,86,,,18.0,,
San Jose,2026-09-01 15:00:00,89,,,24.0,,
San Jose,2026-09-01 15:00:00,92,,,30.0,,
San Jose,2026-09-01 15:00:00,98,,,36.0,,
San Jose,2026-09-01 15:00:00,101,,,31.0,,
San Jose,2026-09-01 15:00:00,104,,,29.0,,
San Jose,2026-09-01 15:00:00,107,,,23.0,,
San Jose,2026-09-02 10:00:00,19,25.0,,,,
San Jose,2026-09-02 10:00:00,28,36.0,,,,
San Jose,2026-09-02 10:00:00,31,36.0,,,,
San Jose,2026-09-02 10:00:00,34,27.0,,,,
San Jose,2026-09-02 10:00:00,37,26.0,,,,
San Jose,2026-09-02 10:00:00,40,26.0,,,,
San Jose,2026-09-02 10:00:00,88,56.0,,,,
San Jose,2026-09-02 10:00:00,91,56.0,0.0,22.0,5.5,177.0
San Jose,2026-09-02 10:00:00,94,56.0,0.0,21.0,5.6,170.0
San Jose,2026-09-02 10:00:00,97,56.0,0.0,24.0,5.8,180.0
San Jose,2026-09-02 10:00:00,100,56.0,0.0,27.0,5.9,187.0
San Jose,2026-09-02 10:00:00,103,56.0,0.0,24.0,4.6,180.0
San Jose,2026-09-02 10:00:00,106,56.0,0.0,21.0,3.3,170.0
San Jose,2026-09-02 10:00:00,109,56.0,0.0,19.0,3.9,170.0
San Jose,2026-09-02 10:00:00,112,56.0,0.0,18.0,4.5,160.0
San Jose,2026-09-02 15:00:00,11,,,19.0,,
San Jose,2026-09-02 15:00:00,14,,,19.0,,
San Jose,2026-09-02 15:00:00,23,,,38.0,,
San Jose,2026-09-02 15:00:00,26,,,38.0,,
San Jose,2026-09-02 15:00:00,59,,,21.0,,
San Jose,2026-09-02 15:00:00,62,,,21.0,,
San Jose,2026-09-02 15:00:00,71,,,35.0,,
San Jose,2026-09-02 15:00:00,74,,,35.0,,
San Jose,2026-09-02 15:00:00,80,,,25.0,,
San Jose,2026-09-02 15:00:00,83,,,18.0,,
San Jose,2026-09-02 15:00:00,86,,,18.0,,
San Jose,2026-09-02 15:00:00,95,,,30.0,,
San Jose,2026-09-02 15:00:00,98,,,30.0,,
San Jose,2026-09-02 15:00:00,101,,,27.0,,
San Jose,2026-09-02 15:00:00,104,,,25.0,,
San Jose,2026-09-02 15:00:00,107,,,22.0,,
San Julian - Comunidad Los Angeles,2026-08-31 13:00:00,1,56.0,0.0,35.0,5.2,310.0
San Julian - Comunidad Los Angeles,2026-08-31 13:00:00,4,56.0,0.0,35.0,3.8,340.0
San Julian - Comunidad Los Angeles,2026-08-31 13:00:00,7,89.0,2.0,31.0,2.4,1.0
San Julian - Comunidad Los Angeles,2026-08-31 13:00:00,10,90.0,1.7,27.0,4.3,90.0
San Julian - Comunidad Los Angeles,2026-08-31 13:00:00,13,89.0,1.2,23.0,6.1,169.0
San Julian - Comunidad Los Angeles,2026-08-31 13:00:00,16,89.0,0.9,23.0,5.8,158.0
San Julian - Comunidad Los Angeles,2026-08-31 13:00:00,19,89.0,1.0,24.0,5.6,148.0
San Julian - Comunidad Los Angeles,2026-08-31 13:00:00,22,89.0,1.8,26.0,5.1,158.0
San Julian - Comunidad Los Angeles,2026-08-31 13:00:00,25,55.0,0.0,31.0,4.6,160.0
San Julian - Comunidad Los Angeles,2026-08-31 13:00:00,28,56.0,0.0,31.0,4.2,160.0
San Julian - Comunidad Los Angeles,2026-08-31 13:00:00,31,36.0,0.0,27.0,3.7,160.0
San Julian - Comunidad Los Angeles,2026-08-31 13:00:00,34,35.0,0.0,24.0,3.5,160.0
San Julian - Comunidad Los Angeles,2026-08-31 13:00:00,37,56.0,0.0,23.0,3.3,150.0
San Julian - Comunidad Los Angeles,2026-08-31 13:00:00,40,56.0,0.0,23.0,3.2,149.0
San Julian - Comunidad Los Angeles,2026-08-31 13:00:00,43,56.0,0.0,25.0,3.5,149.0
San Julian - Comunidad Los Angeles,2026-08-31 13:00:00,46,56.0,0.0,29.0,2.1,150.0
San Julian - Comunidad Los Angeles,2026-08-31 13:00:00,49,37.0,0.0,32.0,0.7,149.0
San Julian - Comunidad Los Angeles,2026-08-31 13:00:00,52,36.0,0.0,32.0,1.0,188.0
San Julian - Comunidad Los Angeles,2026-08-31 13:00:00,55,26.0,0.0,29.0,1.4,220.0
San Julian - Comunidad Los Angeles,2026-08-31 13:00:00,58,26.0,0.0,26.0,1.3,190.0
San Julian - Comunidad Los Angeles,2026-08-31 13:00:00,61,26.0,0.0,23.0,1.1,150.0
San Julian - Comunidad Los Angeles,2026-08-31 13:00:00,64,26.0,0.0,23.0,1.8,330.0
San Julian - Comunidad Los Angeles,2026-08-31 13:00:00,67,26.0,0.0,26.0,2.1,330.0
San Julian - Comunidad Los Angeles,2026-08-31 13:00:00,70,26.0,0.0,31.0,4.2,330.0
San Julian - Comunidad Los Angeles,2026-08-31 13:00:00,73,35.0,0.0,35.0,6.2,320.0
San Julian - Comunidad Los Angeles,2026-08-31 13:00:00,76,35.0,0.0,35.0,4.3,340.0
San Julian - Comunidad Los Angeles,2026-08-31 13:00:00,79,26.0,0.0,30.0,2.4,350.0
San Julian - Comunidad Los Angeles,2026-08-31 13:00:00,82,26.0,0.0,24.0,2.3,358.0
San Julian - Comunidad Los Angeles,2026-08-31 13:00:00,85,36.0,0.0,23.0,2.1,358.0
San Julian - Comunidad Los Angeles,2026-08-31 13:00:00,88,36.0,0.0,23.0,2.4,330.0
San Julian - Comunidad Los Angeles,2026-08-31 13:00:00,91,36.0,0.0,28.0,2.7,313.0
San Julian - Comunidad Los Angeles,2026-08-31 13:00:00,94,56.0,0.0,31.0,3.9,320.0
San Julian - Comunidad Los Angeles,2026-08-31 13:00:00,97,56.0,0.0,35.0,5.1,327.0
San Julian - Comunidad Los Angeles,2026-08-31 13:00:00,100,56.0,0.0,35.0,4.2,337.0
San Julian - Comunidad Los Angeles,2026-08-31 13:00:00,103,57.0,0.0,32.0,3.3,338.0
San Julian - Comunidad Los Angeles,2026-08-31 13:00:00,106,56.0,0.0,23.0,2.8,348.0
San Julian - Comunidad Los Angeles,2026-08-31 13:00:00,109,36.0,0.0,23.0,2.2,358.0
San Julian - Comunidad Los Angeles,2026-09-01 11:00:00,21,57.0,,,,
San Julian - Comunidad Los Angeles,2026-09-01 11:00:00,90,36.0,0.0,29.0,3.4,205.0
San Julian - Comunidad Los Angeles,2026-09-01 11:00:00,93,36.0,0.0,28.0,5.0,160.0
San Julian - Comunidad Los Angeles,2026-09-01 11:00:00,96,36.0,0.0,34.0,3.3,160.0
San Julian - Comunidad Los Angeles,2026-09-01 11:00:00,99,36.0,0.0,39.0,1.7,157.0
San Julian - Comunidad Los Angeles,2026-09-01 11:00:00,102,36.0,0.0,36.0,3.6,160.0
San Julian - Comunidad Los Angeles,2026-09-01 11:00:00,105,36.0,0.0,33.0,5.4,160.0
San Julian - Comunidad Los Angeles,2026-09-01 11:00:00,108,36.0,0.0,27.0,6.1,160.0
San Julian - Comunidad Los Angeles,2026-09-01 11:00:00,111,36.0,0.0,22.0,6.8,160.0
San Julian - Comunidad Los Angeles,2026-09-01 15:00:00,11,,,19.0,,
San Julian - Comunidad Los Angeles,2026-09-01 15:00:00,14,,,19.0,,
San Julian - Comunidad Los Angeles,2026-09-01 15:00:00,23,,,31.0,,
San Julian - Comunidad Los Angeles,2026-09-01 15:00:00,26,,,31.0,,
San Julian - Comunidad Los Angeles,2026-09-01 15:00:00,35,,,21.0,,
San Julian - Comunidad Los Angeles,2026-09-01 15:00:00,38,,,21.0,,
San Julian - Comunidad Los Angeles,2026-09-01 15:00:00,47,,,34.0,,
San Julian - Comunidad Los Angeles,2026-09-01 15:00:00,50,,,34.0,,
San Julian - Comunidad Los Angeles,2026-09-01 15:00:00,59,,,21.0,,
San Julian - Comunidad Los Angeles,2026-09-01 15:00:00,62,,,21.0,,
San Julian - Comunidad Los Angeles,2026-09-01 15:00:00,71,,,34.0,,
San Julian - Comunidad Los Angeles,2026-09-01 15:00:00,74,,,34.0,,
San Julian - Comunidad Los Angeles,2026-09-01 15:00:00,83,,,19.0,,
San Julian - Comunidad Los Angeles,2026-09-01 15:00:00,86,,,19.0,,
San Julian - Comunidad Los Angeles,2026-09-01 15:00:00,89,,,25.0,,
San Julian - Comunidad Los Angeles,2026-09-01 15:00:00,92,,,26.0,,
San Julian - Comunidad Los Angeles,2026-09-01 15:00:00,95,,,31.0,,
San Julian - Comunidad Los Angeles,2026-09-01 15:00:00,98,,,31.0,,
San Julian - Comunidad Los Angeles,2026-09-01 15:00:00,101,,,28.0,,
San Julian - Comunidad Los Angeles,2026-09-01 15:00:00,104,,,25.0,,
San Julian - Comunidad Los Angeles,2026-09-01 15:00:00,107,,,24.0,,
San Julian - Comunidad Los Angeles,2026-09-02 10:00:00,28,27.0,,,,
San Julian - Comunidad Los Angeles,2026-09-02 10:00:00,31,26.0,,,,
San Julian - Comunidad Los Angeles,2026-09-02 10:00:00,37,27.0,,,,
San Julian - Comunidad Los Angeles,2026-09-02 10:00:00,40,27.0,,,,
San Julian - Comunidad Los Angeles,2026-09-02 10:00:00,88,56.0,,,,
San Julian - Comunidad Los Angeles,2026-09-02 10:00:00,91,56.0,0.0,24.0,5.9,159.0
San Julian - Comunidad Los Angeles,2026-09-02 10:00:00,94,57.0,0.0,23.0,6.0,150.0
San Julian - Comunidad Los Angeles,2026-09-02 10:00:00,97,56.0,0.0,24.0,5.3,150.0
San Julian - Comunidad Los Angeles,2026-09-02 10:00:00,100,56.0,0.0,25.0,4.8,148.0
San Julian - Comunidad Los Angeles,2026-09-02 10:00:00,103,57.0,0.0,24.0,3.6,150.0
San Julian - Comunidad Los Angeles,2026-09-02 10:00:00,106,55.0,0.0,22.0,2.5,150.0
San Julian - Comunidad Los Angeles,2026-09-02 10:00:00,109,56.0,0.0,21.0,3.5,150.0
San Julian - Comunidad Los Angeles,2026-09-02 10:00:00,112,56.0,0.0,20.0,4.4,150.0
San Julian - Comunidad Los Angeles,2026-09-02 15:00:00,35,,,22.0,,
San Julian - Comunidad Los Angeles,2026-09-02 15:00:00,38,,,22.0,,
San Julian - Comunidad Los Angeles,2026-09-02 15:00:00,53,,,29.0,,
San Julian - Comunidad Los Angeles,2026-09-02 15:00:00,56,,,26.0,,
San Julian - Comunidad Los Angeles,2026-09-02 15:00:00,62,,,23.0,,
San Julian - Comunidad Los Angeles,2026-09-02 15:00:00,65,,,27.0,,
San Julian - Comunidad Los Angeles,2026-09-02 15:00:00,68,,,29.0,,
San Julian - Comunidad Los Angeles,2026-09-02 15:00:00,83,,,20.0,,
San Julian - Comunidad Los Angeles,2026-09-02 15:00:00,86,,,20.0,,
San Julian - Comunidad Los Angeles,2026-09-02 15:00:00,95,,,27.0,,
San Julian - Comunidad Los Angeles,2026-09-02 15:00:00,98,,,27.0,,
San Julian - Comunidad Los Angeles,2026-09-02 15:00:00,101,,,25.0,,
San Julian - Comunidad Los Angeles,2026-09-02 15:00:00,104,,,23.0,,
San Julian - Comunidad Los Angeles,2026-09-02 15:00:00,107,,,22.0,,
San Julián - Núcleo 32,2026-08-31 13:00:00,1,55.0,0.0,35.0,4.1,312.0
San Julián - Núcleo 32,2026-08-31 13:00:00,4,56.0,0.0,35.0,2.9,334.0
San Julián - Núcleo 32,2026-08-31 13:00:00,7,89.0,0.8,32.0,1.8,351.0
San Julián - Núcleo 32,2026-08-31 13:00:00,10,89.0,1.5,27.0,3.1,80.0
San Julián - Núcleo 32,2026-08-31 13:00:00,13,89.0,0.3,23.0,4.4,160.0
San Julián - Núcleo 32,2026-08-31 13:00:00,16,90.0,1.2,23.0,4.7,142.0
San Julián - Núcleo 32,2026-08-31 13:00:00,19,89.0,1.3,25.0,4.5,140.0
San Julián - Núcleo 32,2026-08-31 13:00:00,22,89.0,1.0,26.0,4.1,150.0
San Julián - Núcleo 32,2026-08-31 13:00:00,25,57.0,0.0,32.0,3.7,159.0
San Julián - Núcleo 32,2026-08-31 13:00:00,28,55.0,0.0,32.0,3.3,159.0
San Julián - Núcleo 32,2026-08-31 13:00:00,31,36.0,0.0,28.0,3.0,150.0
San Julián - Núcleo 32,2026-08-31 13:00:00,34,36.0,0.0,25.0,3.0,150.0
San Julián - Núcleo 32,2026-08-31 13:00:00,37,57.0,0.0,23.0,3.0,140.0
San Julián - Núcleo 32,2026-08-31 13:00:00,40,57.0,0.0,23.0,2.8,140.0
San Julián - Núcleo 32,2026-08-31 13:00:00,43,55.0,0.0,25.0,3.0,140.0
San Julián - Núcleo 32,2026-08-31 13:00:00,46,56.0,0.0,28.0,1.9,141.0
San Julián - Núcleo 32,2026-08-31 13:00:00,49,35.0,0.0,33.0,0.7,141.0
San Julián - Núcleo 32,2026-08-31 13:00:00,52,36.0,0.0,33.0,0.9,193.0
San Julián - Núcleo 32,2026-08-31 13:00:00,55,26.0,0.0,30.0,1.0,243.0
San Julián - Núcleo 32,2026-08-31 13:00:00,58,26.0,0.0,26.0,0.9,193.0
San Julián - Núcleo 32,2026-08-31 13:00:00,61,26.0,0.0,23.0,0.9,140.0
San Julián - Núcleo 32,2026-08-31 13:00:00,64,25.0,0.0,23.0,1.2,340.0
San Julián - Núcleo 32,2026-08-31 13:00:00,67,26.0,0.0,28.0,1.4,330.0
San Julián - Núcleo 32,2026-08-31 13:00:00,70,26.0,0.0,31.0,3.0,330.0
San Julián - Núcleo 32,2026-08-31 13:00:00,73,36.0,0.0,36.0,4.6,320.0
San Julián - Núcleo 32,2026-08-31 13:00:00,76,36.0,0.0,36.0,3.1,332.0
San Julián - Núcleo 32,2026-08-31 13:00:00,79,27.0,0.0,31.0,1.6,342.0
San Julián - Núcleo 32,2026-08-31 13:00:00,82,26.0,0.0,25.0,1.6,350.0
San Julián - Núcleo 32,2026-08-31 13:00:00,85,36.0,0.0,23.0,1.6,350.0
San Julián - Núcleo 32,2026-08-31 13:00:00,88,37.0,0.0,23.0,1.9,341.0
San Julián - Núcleo 32,2026-08-31 13:00:00,91,36.0,0.0,27.0,2.2,331.0
San Julián - Núcleo 32,2026-08-31 13:00:00,94,56.0,0.0,29.0,3.3,330.0
San Julián - Núcleo 32,2026-08-31 13:00:00,97,56.0,0.0,36.0,4.3,320.0
San Julián - Núcleo 32,2026-08-31 13:00:00,100,56.0,0.0,36.0,3.2,330.0
San Julián - Núcleo 32,2026-08-31 13:00:00,103,56.0,0.0,32.0,2.0,340.0
San Julián - Núcleo 32,2026-08-31 13:00:00,106,57.0,0.0,23.0,1.9,350.0
San Julián - Núcleo 32,2026-08-31 13:00:00,109,36.0,0.0,23.0,1.7,360.0
San Julián - Núcleo 32,2026-09-01 11:00:00,15,56.0,,,,
San Julián - Núcleo 32,2026-09-01 11:00:00,21,57.0,,,,
San Julián - Núcleo 32,2026-09-01 11:00:00,90,36.0,0.0,29.0,2.2,217.0
San Julián - Núcleo 32,2026-09-01 11:00:00,93,35.0,0.0,29.0,3.4,149.0
San Julián - Núcleo 32,2026-09-01 11:00:00,96,36.0,0.0,35.0,2.3,128.0
San Julián - Núcleo 32,2026-09-01 11:00:00,99,37.0,0.0,40.0,1.2,108.0
San Julián - Núcleo 32,2026-09-01 11:00:00,102,37.0,0.0,36.0,1.7,138.0
San Julián - Núcleo 32,2026-09-01 11:00:00,105,36.0,0.0,32.0,2.3,160.0
San Julián - Núcleo 32,2026-09-01 11:00:00,108,36.0,0.0,27.0,3.9,159.0
San Julián - Núcleo 32,2026-09-01 11:00:00,111,36.0,0.0,22.0,5.5,149.0
San Julián - Núcleo 32,2026-09-01 15:00:00,11,,,20.0,,
San Julián - Núcleo 32,2026-09-01 15:00:00,14,,,20.0,,
San Julián - Núcleo 32,2026-09-01 15:00:00,23,,,31.0,,
San Julián - Núcleo 32,2026-09-01 15:00:00,26,,,31.0,,
San Julián - Núcleo 32,2026-09-01 15:00:00,29,,,28.0,,
San Julián - Núcleo 32,2026-09-01 15:00:00,35,,,22.0,,
San Julián - Núcleo 32,2026-09-01 15:00:00,38,,,22.0,,
San Julián - Núcleo 32,2026-09-01 15:00:00,47,,,34.0,,
San Julián - Núcleo 32,2026-09-01 15:00:00,50,,,34.0,,
San Julián - Núcleo 32,2026-09-01 15:00:00,59,,,22.0,,
San Julián - Núcleo 32,2026-09-01 15:00:00,62,,,22.0,,
San Julián - Núcleo 32,2026-09-01 15:00:00,71,,,34.0,,
San Julián - Núcleo 32,2026-09-01 15:00:00,74,,,34.0,,
San Julián - Núcleo 32,2026-09-01 15:00:00,80,,,24.0,,
San Julián - Núcleo 32,2026-09-01 15:00:00,83,,,20.0,,
San Julián - Núcleo 32,2026-09-01 15:00:00,86,,,20.0,,
San Julián - Núcleo 32,2026-09-01 15:00:00,89,,,24.0,,
San Julián - Núcleo 32,2026-09-01 15:00:00,92,,,28.0,,
San Julián - Núcleo 32,2026-09-01 15:00:00,95,,,31.0,,
San Julián - Núcleo 32,2026-09-01 15:00:00,98,,,31.0,,
San Julián - Núcleo 32,2026-09-01 15:00:00,101,,,27.0,,
San Julián - Núcleo 32,2026-09-01 15:00:00,104,,,25.0,,
San Julián - Núcleo 32,2026-09-02 10:00:00,19,27.0,,,,
San Julián - Núcleo 32,2026-09-02 10:00:00,22,25.0,,,,
San Julián - Núcleo 32,2026-09-02 10:00:00,28,26.0,,,,
San Julián - Núcleo 32,2026-09-02 10:00:00,31,26.0,,,,
San Julián - Núcleo 32,2026-09-02 10:00:00,34,26.0,,,,
San Julián - Núcleo 32,2026-09-02 10:00:00,40,27.0,,,,
San Julián - Núcleo 32,2026-09-02 10:00:00,88,57.0,,,,
San Julián - Núcleo 32,2026-09-02 10:00:00,91,57.0,0.0,25.0,4.7,150.0
San Julián - Núcleo 32,2026-09-02 10:00:00,94,57.0,0.0,23.0,4.8,142.0
San Julián - Núcleo 32,2026-09-02 10:00:00,97,56.0,0.0,25.0,4.4,142.0
San Julián - Núcleo 32,2026-09-02 10:00:00,100,55.0,0.0,27.0,4.2,140.0
San Julián - Núcleo 32,2026-09-02 10:00:00,103,56.0,0.0,25.0,3.1,140.0
San Julián - Núcleo 32,2026-09-02 10:00:00,106,55.0,0.0,22.0,2.1,140.0
San Julián - Núcleo 32,2026-09-02 10:00:00,109,56.0,0.0,22.0,3.0,140.0
San Julián - Núcleo 32,2026-09-02 10:00:00,112,56.0,0.0,21.0,3.9,140.0
San Julián - Núcleo 32,2026-09-02 15:00:00,11,,,21.0,,
San Julián - Núcleo 32,2026-09-02 15:00:00,14,,,21.0,,
San Julián - Núcleo 32,2026-09-02 15:00:00,23,,,35.0,,
San Julián - Núcleo 32,2026-09-02 15:00:00,26,,,35.0,,
San Julián - Núcleo 32,2026-09-02 15:00:00,62,,,23.0,,
San Julián - Núcleo 32,2026-09-02 15:00:00,65,,,26.0,,
San Julián - Núcleo 32,2026-09-02 15:00:00,71,,,32.0,,
San Julián - Núcleo 32,2026-09-02 15:00:00,74,,,32.0,,
San Julián - Núcleo 32,2026-09-02 15:00:00,77,,,29.0,,
San Julián - Núcleo 32,2026-09-02 15:00:00,83,,,20.0,,
San Julián - Núcleo 32,2026-09-02 15:00:00,86,,,20.0,,
San Julián - Núcleo 32,2026-09-02 15:00:00,95,,,28.0,,
San Julián - Núcleo 32,2026-09-02 15:00:00,98,,,28.0,,
San Julián - Núcleo 32,2026-09-02 15:00:00,101,,,26.0,,
San Julián - Núcleo 32,2026-09-02 15:00:00,104,,,24.0,,
San Julián - Núcleo 32,2026-09-02 15:00:00,107,,,22.0,,
San Matias,2026-08-31 13:00:00,1,89.0,1.8,38.0,5.2,318.0
San Matias,2026-08-31 13:00:00,4,89.0,1.9,38.0,4.0,340.0
San Matias,2026-08-31 13:00:00,7,89.0,1.3,31.0,2.8,360.0
San Matias,2026-08-31 13:00:00,10,90.0,1.3,26.0,2.8,325.0
San Matias,2026-08-31 13:00:00,13,55.0,0.0,24.0,2.8,290.0
San Matias,2026-08-31 13:00:00,16,56.0,0.0,24.0,5.1,170.0
San Matias,2026-08-31 13:00:00,19,56.0,0.0,26.0,5.7,170.0
San Matias,2026-08-31 13:00:00,22,56.0,0.0,28.0,4.7,180.0
San Matias,2026-08-31 13:00:00,25,56.0,0.0,30.0,3.8,187.0
San Matias,2026-08-31 13:00:00,28,56.0,0.0,30.0,3.2,190.0
San Matias,2026-08-31 13:00:00,31,37.0,0.0,28.0,2.5,190.0
San Matias,2026-08-31 13:00:00,34,37.0,0.0,24.0,2.9,180.0
San Matias,2026-08-31 13:00:00,37,56.0,0.0,23.0,3.3,170.0
San Matias,2026-08-31 13:00:00,40,36.0,0.0,23.0,3.4,170.0
San Matias,2026-08-31 13:00:00,43,36.0,0.0,26.0,3.5,150.0
San Matias,2026-08-31 13:00:00,46,37.0,0.0,29.0,2.7,165.0
San Matias,2026-08-31 13:00:00,49,36.0,0.0,31.0,1.8,175.0
San Matias,2026-08-31 13:00:00,52,36.0,0.0,31.0,1.7,175.0
San Matias,2026-08-31 13:00:00,55,26.0,0.0,28.0,1.6,170.0
San Matias,2026-08-31 13:00:00,58,26.0,0.0,25.0,1.5,129.0
San Matias,2026-08-31 13:00:00,61,26.0,0.0,23.0,1.3,87.0
San Matias,2026-08-31 13:00:00,64,26.0,0.0,23.0,1.8,52.0
San Matias,2026-08-31 13:00:00,67,26.0,0.0,25.0,2.1,42.0
San Matias,2026-08-31 13:00:00,70,26.0,0.0,31.0,2.6,7.0
San Matias,2026-08-31 13:00:00,73,26.0,0.0,34.0,3.0,327.0
San Matias,2026-08-31 13:00:00,76,26.0,0.0,34.0,2.0,360.0
San Matias,2026-08-31 13:00:00,79,36.0,0.0,30.0,1.0,33.0
San Matias,2026-08-31 13:00:00,82,36.0,0.0,26.0,1.6,32.0
San Matias,2026-08-31 13:00:00,85,36.0,0.0,23.0,2.2,27.0
San Matias,2026-08-31 13:00:00,88,36.0,0.0,23.0,2.9,13.0
San Matias,2026-08-31 13:00:00,91,36.0,0.0,27.0,2.5,3.0
San Matias,2026-08-31 13:00:00,94,36.0,0.0,29.0,2.4,317.0
San Matias,2026-08-31 13:00:00,97,56.0,0.0,34.0,2.2,270.0
San Matias,2026-08-31 13:00:00,100,56.0,0.0,34.0,2.1,315.0
San Matias,2026-08-31 13:00:00,103,36.0,0.0,31.0,2.0,1.0
San Matias,2026-08-31 13:00:00,106,36.0,0.0,23.0,2.0,351.0
San Matias,2026-08-31 13:00:00,109,36.0,0.0,23.0,2.0,340.0
San Matias,2026-09-01 11:00:00,27,26.0,,,,
San Matias,2026-09-01 11:00:00,30,26.0,,,,
San Matias,2026-09-01 11:00:00,87,35.0,,,,
San Matias,2026-09-01 11:00:00,90,36.0,0.0,31.0,2.2,13.0
San Matias,2026-09-01 11:00:00,93,36.0,0.0,31.0,1.9,21.0
San Matias,2026-09-01 11:00:00,96,37.0,0.0,36.0,2.7,322.0
San Matias,2026-09-01 11:00:00,99,36.0,0.0,41.0,3.5,254.0
San Matias,2026-09-01 11:00:00,102,36.0,0.0,36.0,2.6,282.0
San Matias,2026-09-01 11:00:00,105,36.0,0.0,31.0,1.6,302.0
San Matias,2026-09-01 11:00:00,108,36.0,0.0,30.0,3.6,245.0
San Matias,2026-09-01 11:00:00,111,36.0,0.0,29.0,5.4,180.0
San Matias,2026-09-01 15:00:00,11,36.0,,22.0,,
San Matias,2026-09-01 15:00:00,14,,,22.0,,
San Matias,2026-09-01 15:00:00,20,36.0,,,,
San Matias,2026-09-01 15:00:00,23,,,33.0,,
San Matias,2026-09-01 15:00:00,26,27.0,,33.0,,
San Matias,2026-09-01 15:00:00,29,36.0,,,,
San Matias,2026-09-01 15:00:00,32,36.0,,,,
San Matias,2026-09-01 15:00:00,35,37.0,,24.0,,
San Matias,2026-09-01 15:00:00,38,,,24.0,,
San Matias,2026-09-01 15:00:00,47,,,36.0,,
San Matias,2026-09-01 15:00:00,50,,,36.0,,
San Matias,2026-09-01 15:00:00,59,,,24.0,,
San Matias,2026-09-01 15:00:00,62,,,24.0,,
San Matias,2026-09-01 15:00:00,71,,,37.0,,
San Matias,2026-09-01 15:00:00,74,,,37.0,,
San Matias,2026-09-01 15:00:00,80,,,28.0,,
San Matias,2026-09-01 15:00:00,86,,,23.0,,
San Matias,2026-09-01 15:00:00,89,,,28.0,,
San Matias,2026-09-01 15:00:00,92,,,31.0,,
San Matias,2026-09-01 15:00:00,95,,,36.0,,
San Matias,2026-09-01 15:00:00,101,,,32.0,,
San Matias,2026-09-01 15:00:00,107,,,25.0,,
San Matias,2026-09-02 10:00:00,19,27.0,,,,
San Matias,2026-09-02 10:00:00,28,36.0,,,,
San Matias,2026-09-02 10:00:00,31,37.0,,,,
San Matias,2026-09-02 10:00:00,34,26.0,,,,
San Matias,2026-09-02 10:00:00,37,26.0,,,,
San Matias,2026-09-02 10:00:00,40,26.0,,,,
San Matias,2026-09-02 10:00:00,88,56.0,,,,
San Matias,2026-09-02 10:00:00,91,56.0,0.0,28.0,5.4,180.0
San Matias,2026-09-02 10:00:00,94,56.0,0.0,26.0,6.0,180.0
San Matias,2026-09-02 10:00:00,97,56.0,0.0,31.0,5.3,187.0
San Matias,2026-09-02 10:00:00,100,56.0,0.0,35.0,4.6,187.0
San Matias,2026-09-02 10:00:00,103,56.0,0.0,31.0,5.4,180.0
San Matias,2026-09-02 10:00:00,106,56.0,0.0,28.0,6.1,170.0
San Matias,2026-09-02 10:00:00,109,56.0,0.0,25.0,5.3,180.0
San Matias,2026-09-02 10:00:00,112,56.0,0.0,21.0,4.4,180.0
San Matias,2026-09-02 15:00:00,11,,,22.0,,
San Matias,2026-09-02 15:00:00,14,,,22.0,,
San Matias,2026-09-02 15:00:00,23,,,38.0,,
San Matias,2026-09-02 15:00:00,26,,,38.0,,
San Matias,2026-09-02 15:00:00,35,,,22.0,,
San Matias,2026-09-02 15:00:00,38,,,22.0,,
San Matias,2026-09-02 15:00:00,71,,,35.0,,
San Matias,2026-09-02 15:00:00,74,,,35.0,,
San Matias,2026-09-02 15:00:00,80,,,25.0,,
San Matias,2026-09-02 15:00:00,83,,,20.0,,
San Matias,2026-09-02 15:00:00,86,,,20.0,,
San Matias,2026-09-02 15:00:00,89,,,22.0,,
San Matias,2026-09-02 15:00:00,92,,,25.0,,
San Matias,2026-09-02 15:00:00,95,,,30.0,,
San Matias,2026-09-02 15:00:00,98,,,30.0,,
San Matias,2026-09-02 15:00:00,104,,,24.0,,
San Matias,2026-09-02 15:00:00,107,,,24.0,,
San Pablo de Lipez (GPRS),2026-08-31 13:00:00,1,26.0,0.0,13.0,15.2,300.0
San Pablo de Lipez (GPRS),2026-08-31 13:00:00,4,27.0,0.0,13.0,11.3,290.0
San Pablo de Lipez (GPRS),2026-08-31 13:00:00,7,26.0,0.0,6.0,7.5,276.0
San Pablo de Lipez (GPRS),2026-08-31 13:00:00,10,26.0,0.0,2.0,5.2,285.0
San Pablo de Lipez (GPRS),2026-08-31 13:00:00,13,26.0,0.0,-1.0,2.9,285.0
San Pablo de Lipez (GPRS),2026-08-31 13:00:00,16,26.0,0.0,-1.0,2.8,323.0
San Pablo de Lipez (GPRS),2026-08-31 13:00:00,19,26.0,0.0,2.0,2.9,328.0
San Pablo de Lipez (GPRS),2026-08-31 13:00:00,22,26.0,0.0,5.0,4.3,309.0
San Pablo de Lipez (GPRS),2026-08-31 13:00:00,25,26.0,0.0,13.0,5.7,290.0
San Pablo de Lipez (GPRS),2026-08-31 13:00:00,28,26.0,0.0,13.0,4.4,315.0
San Pablo de Lipez (GPRS),2026-08-31 13:00:00,31,26.0,0.0,7.0,3.2,334.0
San Pablo de Lipez (GPRS),2026-08-31 13:00:00,34,26.0,0.0,1.0,2.4,305.0
San Pablo de Lipez (GPRS),2026-08-31 13:00:00,37,26.0,0.0,-2.0,1.6,276.0
San Pablo de Lipez (GPRS),2026-08-31 13:00:00,40,26.0,0.0,-2.0,2.0,276.0
San Pablo de Lipez (GPRS),2026-08-31 13:00:00,43,26.0,0.0,1.0,2.2,328.0
San Pablo de Lipez (GPRS),2026-08-31 13:00:00,46,26.0,0.0,8.0,3.7,314.0
San Pablo de Lipez (GPRS),2026-08-31 13:00:00,49,26.0,0.0,14.0,5.2,294.0
San Pablo de Lipez (GPRS),2026-08-31 13:00:00,52,26.0,0.0,14.0,3.9,319.0
San Pablo de Lipez (GPRS),2026-08-31 13:00:00,55,26.0,0.0,6.0,2.5,339.0
San Pablo de Lipez (GPRS),2026-08-31 13:00:00,58,26.0,0.0,-1.0,2.0,301.0
San Pablo de Lipez (GPRS),2026-08-31 13:00:00,61,25.0,0.0,-2.0,1.4,263.0
San Pablo de Lipez (GPRS),2026-08-31 13:00:00,64,26.0,0.0,-2.0,1.7,300.0
San Pablo de Lipez (GPRS),2026-08-31 13:00:00,67,27.0,0.0,1.0,1.7,333.0
San Pablo de Lipez (GPRS),2026-08-31 13:00:00,70,26.0,0.0,7.0,3.5,314.0
San Pablo de Lipez (GPRS),2026-08-31 13:00:00,73,26.0,0.0,14.0,5.2,294.0
San Pablo de Lipez (GPRS),2026-08-31 13:00:00,76,26.0,0.0,14.0,4.2,329.0
San Pablo de Lipez (GPRS),2026-08-31 13:00:00,79,26.0,0.0,6.0,3.2,355.0
San Pablo de Lipez (GPRS),2026-08-31 13:00:00,82,26.0,0.0,2.0,2.3,339.0
San Pablo de Lipez (GPRS),2026-08-31 13:00:00,85,37.0,0.0,-1.0,1.5,318.0
San Pablo de Lipez (GPRS),2026-08-31 13:00:00,88,36.0,0.0,-1.0,1.7,300.0
San Pablo de Lipez (GPRS),2026-08-31 13:00:00,91,36.0,0.0,4.0,2.3,339.0
San Pablo de Lipez (GPRS),2026-08-31 13:00:00,94,36.0,0.0,8.0,5.8,324.0
San Pablo de Lipez (GPRS),2026-08-31 13:00:00,97,27.0,0.0,14.0,9.4,305.0
San Pablo de Lipez (GPRS),2026-08-31 13:00:00,100,27.0,0.0,14.0,6.8,290.0
San Pablo de Lipez (GPRS),2026-08-31 13:00:00,103,37.0,0.0,6.0,4.1,266.0
San Pablo de Lipez (GPRS),2026-08-31 13:00:00,106,36.0,0.0,-1.0,3.8,290.0
San Pablo de Lipez (GPRS),2026-08-31 13:00:00,109,36.0,0.0,-1.0,3.3,305.0
San Pablo de Lipez (GPRS),2026-09-01 11:00:00,90,36.0,0.0,3.0,3.9,320.0
San Pablo de Lipez (GPRS),2026-09-01 11:00:00,93,36.0,0.0,2.0,3.6,345.0
San Pablo de Lipez (GPRS),2026-09-01 11:00:00,96,36.0,0.0,7.0,8.3,325.0
San Pablo de Lipez (GPRS),2026-09-01 11:00:00,99,36.0,0.0,12.0,13.0,300.0
San Pablo de Lipez (GPRS),2026-09-01 11:00:00,102,36.0,0.0,8.0,11.7,281.0
San Pablo de Lipez (GPRS),2026-09-01 11:00:00,105,27.0,0.0,5.0,10.3,261.0
San Pablo de Lipez (GPRS),2026-09-01 11:00:00,108,26.0,0.0,3.0,7.0,290.0
San Pablo de Lipez (GPRS),2026-09-01 11:00:00,111,26.0,0.0,0.0,3.7,319.0
San Pablo de Lipez (GPRS),2026-09-01 15:00:00,11,,,-7.0,,
San Pablo de Lipez (GPRS),2026-09-01 15:00:00,14,,,-7.0,,
San Pablo de Lipez (GPRS),2026-09-01 15:00:00,23,,,12.0,,
San Pablo de Lipez (GPRS),2026-09-01 15:00:00,26,,,12.0,,
San Pablo de Lipez (GPRS),2026-09-01 15:00:00,35,,,-6.0,,
San Pablo de Lipez (GPRS),2026-09-01 15:00:00,38,,,-6.0,,
San Pablo de Lipez (GPRS),2026-09-01 15:00:00,47,,,13.0,,
San Pablo de Lipez (GPRS),2026-09-01 15:00:00,50,,,13.0,,
San Pablo de Lipez (GPRS),2026-09-01 15:00:00,59,,,-5.0,,
San Pablo de Lipez (GPRS),2026-09-01 15:00:00,62,,,-5.0,,
San Pablo de Lipez (GPRS),2026-09-01 15:00:00,65,,,2.0,,
San Pablo de Lipez (GPRS),2026-09-01 15:00:00,77,,,7.0,,
San Pablo de Lipez (GPRS),2026-09-01 15:00:00,80,,,2.0,,
San Pablo de Lipez (GPRS),2026-09-01 15:00:00,83,26.0,,-4.0,,
San Pablo de Lipez (GPRS),2026-09-01 15:00:00,86,26.0,,-4.0,,
San Pablo de Lipez (GPRS),2026-09-01 15:00:00,89,25.0,,1.0,,
San Pablo de Lipez (GPRS),2026-09-01 15:00:00,92,26.0,,,,
San Pablo de Lipez (GPRS),2026-09-01 15:00:00,95,26.0,,13.0,,
San Pablo de Lipez (GPRS),2026-09-01 15:00:00,98,26.0,,13.0,,
San Pablo de Lipez (GPRS),2026-09-01 15:00:00,101,26.0,,7.0,,
San Pablo de Lipez (GPRS),2026-09-01 15:00:00,107,,,-3.0,,
San Pablo de Lipez (GPRS),2026-09-02 10:00:00,16,26.0,,,,
San Pablo de Lipez (GPRS),2026-09-02 10:00:00,22,26.0,,,,
San Pablo de Lipez (GPRS),2026-09-02 10:00:00,31,27.0,,,,
San Pablo de Lipez (GPRS),2026-09-02 10:00:00,37,25.0,,,,
San Pablo de Lipez (GPRS),2026-09-02 10:00:00,40,27.0,,,,
San Pablo de Lipez (GPRS),2026-09-02 10:00:00,88,27.0,,,,
San Pablo de Lipez (GPRS),2026-09-02 10:00:00,91,27.0,0.0,1.0,4.9,319.0
San Pablo de Lipez (GPRS),2026-09-02 10:00:00,94,26.0,0.0,1.0,6.1,310.0
San Pablo de Lipez (GPRS),2026-09-02 10:00:00,97,26.0,0.0,6.0,10.2,300.0
San Pablo de Lipez (GPRS),2026-09-02 10:00:00,100,26.0,0.0,10.0,14.4,291.0
San Pablo de Lipez (GPRS),2026-09-02 10:00:00,103,26.0,0.0,7.0,12.6,281.0
San Pablo de Lipez (GPRS),2026-09-02 10:00:00,106,26.0,0.0,4.0,10.7,265.0
San Pablo de Lipez (GPRS),2026-09-02 10:00:00,109,26.0,0.0,2.0,7.9,270.0
San Pablo de Lipez (GPRS),2026-09-02 10:00:00,112,26.0,0.0,0.0,5.1,270.0
San Pablo de Lipez (GPRS),2026-09-02 15:00:00,35,,,-6.0,,
San Pablo de Lipez (GPRS),2026-09-02 15:00:00,38,,,-6.0,,
San Pablo de Lipez (GPRS),2026-09-02 15:00:00,59,,,-7.0,,
San Pablo de Lipez (GPRS),2026-09-02 15:00:00,62,,,-7.0,,
San Pablo de Lipez (GPRS),2026-09-02 15:00:00,74,,,12.0,,
San Pablo de Lipez (GPRS),2026-09-02 15:00:00,83,,,-7.0,,
San Pablo de Lipez (GPRS),2026-09-02 15:00:00,86,26.0,,-7.0,,
San Pablo de Lipez (GPRS),2026-09-02 15:00:00,89,27.0,,,,
San Pablo de Lipez (GPRS),2026-09-02 15:00:00,92,27.0,,,,
San Pablo de Lipez (GPRS),2026-09-02 15:00:00,95,25.0,,13.0,,
San Pablo de Lipez (GPRS),2026-09-02 15:00:00,98,,,13.0,,
San Pablo de Lipez (GPRS),2026-09-02 15:00:00,101,25.0,,10.0,,
San Pablo de Lipez (GPRS),2026-09-02 15:00:00,104,,,7.0,,
San Pablo de Lipez (GPRS),2026-09-02 15:00:00,107,27.0,,4.0,,
San Pedro - Río Victoria,2026-08-31 13:00:00,1,56.0,0.0,33.0,4.6,310.0
San Pedro - Río Victoria,2026-08-31 13:00:00,4,56.0,0.0,33.0,3.1,320.0
San Pedro - Río Victoria,2026-08-31 13:00:00,7,89.0,1.5,29.0,1.7,328.0
San Pedro - Río Victoria,2026-08-31 13:00:00,10,89.0,0.9,24.0,1.3,256.0
San Pedro - Río Victoria,2026-08-31 13:00:00,13,90.0,2.2,22.0,0.9,176.0
San Pedro - Río Victoria,2026-08-31 13:00:00,16,90.0,2.2,22.0,4.6,130.0
San Pedro - Río Victoria,2026-08-31 13:00:00,19,90.0,2.2,24.0,4.8,123.0
San Pedro - Río Victoria,2026-08-31 13:00:00,22,89.0,1.3,25.0,4.4,130.0
San Pedro - Río Victoria,2026-08-31 13:00:00,25,56.0,0.0,30.0,3.9,130.0
San Pedro - Río Victoria,2026-08-31 13:00:00,28,56.0,0.0,30.0,3.3,140.0
San Pedro - Río Victoria,2026-08-31 13:00:00,31,36.0,0.0,26.0,2.7,143.0
San Pedro - Río Victoria,2026-08-31 13:00:00,34,36.0,0.0,24.0,2.9,140.0
San Pedro - Río Victoria,2026-08-31 13:00:00,37,56.0,0.0,22.0,3.2,130.0
San Pedro - Río Victoria,2026-08-31 13:00:00,40,56.0,0.0,22.0,3.0,134.0
San Pedro - Río Victoria,2026-08-31 13:00:00,43,56.0,0.0,25.0,3.0,130.0
San Pedro - Río Victoria,2026-08-31 13:00:00,46,56.0,0.0,28.0,1.8,140.0
San Pedro - Río Victoria,2026-08-31 13:00:00,49,36.0,0.0,31.0,0.6,147.0
San Pedro - Río Victoria,2026-08-31 13:00:00,52,36.0,0.0,31.0,0.8,180.0
San Pedro - Río Victoria,2026-08-31 13:00:00,55,26.0,0.0,28.0,1.0,210.0
San Pedro - Río Victoria,2026-08-31 13:00:00,58,26.0,0.0,26.0,1.0,196.0
San Pedro - Río Victoria,2026-08-31 13:00:00,61,26.0,0.0,22.0,1.0,176.0
San Pedro - Río Victoria,2026-08-31 13:00:00,64,26.0,0.0,22.0,1.1,304.0
San Pedro - Río Victoria,2026-08-31 13:00:00,67,26.0,0.0,25.0,1.0,334.0
San Pedro - Río Victoria,2026-08-31 13:00:00,70,26.0,0.0,29.0,2.6,333.0
San Pedro - Río Victoria,2026-08-31 13:00:00,73,36.0,0.0,34.0,4.3,323.0
San Pedro - Río Victoria,2026-08-31 13:00:00,76,37.0,0.0,34.0,3.0,330.0
San Pedro - Río Victoria,2026-08-31 13:00:00,79,26.0,0.0,29.0,1.7,337.0
San Pedro - Río Victoria,2026-08-31 13:00:00,82,26.0,0.0,23.0,1.6,340.0
San Pedro - Río Victoria,2026-08-31 13:00:00,85,36.0,0.0,22.0,1.6,340.0
San Pedro - Río Victoria,2026-08-31 13:00:00,88,36.0,0.0,22.0,1.5,324.0
San Pedro - Río Victoria,2026-08-31 13:00:00,91,36.0,0.0,28.0,1.5,334.0
San Pedro - Río Victoria,2026-08-31 13:00:00,94,56.0,0.0,31.0,3.0,330.0
San Pedro - Río Victoria,2026-08-31 13:00:00,97,56.0,0.0,34.0,4.5,320.0
San Pedro - Río Victoria,2026-08-31 13:00:00,100,56.0,0.0,34.0,3.6,320.0
San Pedro - Río Victoria,2026-08-31 13:00:00,103,56.0,0.0,29.0,2.8,320.0
San Pedro - Río Victoria,2026-08-31 13:00:00,106,56.0,0.0,22.0,2.2,333.0
San Pedro - Río Victoria,2026-08-31 13:00:00,109,36.0,0.0,22.0,1.6,340.0
San Pedro - Río Victoria,2026-09-01 11:00:00,90,36.0,0.0,29.0,2.2,66.0
San Pedro - Río Victoria,2026-09-01 11:00:00,93,36.0,0.0,29.0,3.2,114.0
San Pedro - Río Victoria,2026-09-01 11:00:00,96,36.0,0.0,35.0,2.0,94.0
San Pedro - Río Victoria,2026-09-01 11:00:00,99,36.0,0.0,41.0,0.8,68.0
San Pedro - Río Victoria,2026-09-01 11:00:00,102,36.0,0.0,36.0,1.3,88.0
San Pedro - Río Victoria,2026-09-01 11:00:00,105,36.0,0.0,30.0,1.7,107.0
San Pedro - Río Victoria,2026-09-01 11:00:00,108,36.0,0.0,26.0,3.6,117.0
San Pedro - Río Victoria,2026-09-01 11:00:00,111,36.0,0.0,23.0,5.5,124.0
San Pedro - Río Victoria,2026-09-01 15:00:00,11,,,21.0,,
San Pedro - Río Victoria,2026-09-01 15:00:00,14,,,21.0,,
San Pedro - Río Victoria,2026-09-01 15:00:00,23,,,30.0,,
San Pedro - Río Victoria,2026-09-01 15:00:00,26,,,30.0,,
San Pedro - Río Victoria,2026-09-01 15:00:00,35,,,23.0,,
San Pedro - Río Victoria,2026-09-01 15:00:00,38,,,23.0,,
San Pedro - Río Victoria,2026-09-01 15:00:00,47,,,33.0,,
San Pedro - Río Victoria,2026-09-01 15:00:00,50,,,33.0,,
San Pedro - Río Victoria,2026-09-01 15:00:00,56,,,26.0,,
San Pedro - Río Victoria,2026-09-01 15:00:00,59,,,23.0,,
San Pedro - Río Victoria,2026-09-01 15:00:00,62,,,23.0,,
San Pedro - Río Victoria,2026-09-01 15:00:00,80,,,24.0,,
San Pedro - Río Victoria,2026-09-01 15:00:00,83,,,21.0,,
San Pedro - Río Victoria,2026-09-01 15:00:00,86,,,21.0,,
San Pedro - Río Victoria,2026-09-01 15:00:00,89,,,24.0,,
San Pedro - Río Victoria,2026-09-01 15:00:00,92,,,28.0,,
San Pedro - Río Victoria,2026-09-01 15:00:00,95,,,31.0,,
San Pedro - Río Victoria,2026-09-01 15:00:00,98,,,31.0,,
San Pedro - Río Victoria,2026-09-01 15:00:00,104,,,27.0,,
San Pedro - Río Victoria,2026-09-02 10:00:00,28,26.0,,,,
San Pedro - Río Victoria,2026-09-02 10:00:00,31,26.0,,,,
San Pedro - Río Victoria,2026-09-02 10:00:00,40,26.0,,,,
San Pedro - Río Victoria,2026-09-02 10:00:00,88,56.0,,,,
San Pedro - Río Victoria,2026-09-02 10:00:00,91,56.0,0.0,26.0,4.8,130.0
San Pedro - Río Victoria,2026-09-02 10:00:00,94,56.0,0.0,25.0,4.9,130.0
San Pedro - Río Victoria,2026-09-02 10:00:00,97,56.0,0.0,27.0,4.7,133.0
San Pedro - Río Victoria,2026-09-02 10:00:00,100,56.0,0.0,28.0,4.4,133.0
San Pedro - Río Victoria,2026-09-02 10:00:00,103,56.0,0.0,26.0,3.6,133.0
San Pedro - Río Victoria,2026-09-02 10:00:00,106,56.0,0.0,24.0,2.7,133.0
San Pedro - Río Victoria,2026-09-02 10:00:00,109,56.0,0.0,23.0,3.6,134.0
San Pedro - Río Victoria,2026-09-02 10:00:00,112,57.0,0.0,22.0,4.5,134.0
San Pedro - Río Victoria,2026-09-02 15:00:00,11,,,21.0,,
San Pedro - Río Victoria,2026-09-02 15:00:00,14,,,21.0,,
San Pedro - Río Victoria,2026-09-02 15:00:00,47,,,33.0,,
San Pedro - Río Victoria,2026-09-02 15:00:00,50,,,33.0,,
San Pedro - Río Victoria,2026-09-02 15:00:00,56,,,27.0,,
San Pedro - Río Victoria,2026-09-02 15:00:00,59,,,23.0,,
San Pedro - Río Victoria,2026-09-02 15:00:00,62,,,23.0,,
San Pedro - Río Victoria,2026-09-02 15:00:00,77,,,27.0,,
San Pedro - Río Victoria,2026-09-02 15:00:00,80,,,24.0,,
San Pedro - Río Victoria,2026-09-02 15:00:00,83,,,20.0,,
San Pedro - Río Victoria,2026-09-02 15:00:00,86,,,20.0,,
San Pedro - Río Victoria,2026-09-02 15:00:00,89,,,23.0,,
San Pedro - Río Victoria,2026-09-02 15:00:00,92,,,25.0,,
San Pedro - Río Victoria,2026-09-02 15:00:00,95,,,26.0,,
San Pedro - Río Victoria,2026-09-02 15:00:00,104,,,22.0,,
San Pedro - Río Victoria,2026-09-02 15:00:00,107,,,21.0,,
San Pedro de Buena Vista,2026-08-31 13:00:00,1,26.0,0.0,23.0,7.5,295.0
San Pedro de Buena Vista,2026-08-31 13:00:00,4,26.0,0.0,23.0,4.7,330.0
San Pedro de Buena Vista,2026-08-31 13:00:00,7,26.0,0.0,16.0,1.8,357.0
San Pedro de Buena Vista,2026-08-31 13:00:00,10,26.0,0.0,10.0,1.6,344.0
San Pedro de Buena Vista,2026-08-31 13:00:00,13,27.0,0.0,2.0,1.5,330.0
San Pedro de Buena Vista,2026-08-31 13:00:00,16,26.0,0.0,2.0,2.6,348.0
San Pedro de Buena Vista,2026-08-31 13:00:00,19,26.0,0.0,9.0,2.7,319.0
San Pedro de Buena Vista,2026-08-31 13:00:00,22,26.0,0.0,17.0,3.1,358.0
San Pedro de Buena Vista,2026-08-31 13:00:00,25,26.0,0.0,23.0,3.5,28.0
San Pedro de Buena Vista,2026-08-31 13:00:00,28,26.0,0.0,23.0,3.0,48.0
San Pedro de Buena Vista,2026-08-31 13:00:00,31,27.0,0.0,18.0,2.4,60.0
San Pedro de Buena Vista,2026-08-31 13:00:00,34,26.0,0.0,12.0,2.0,48.0
San Pedro de Buena Vista,2026-08-31 13:00:00,37,26.0,0.0,3.0,1.7,29.0
San Pedro de Buena Vista,2026-08-31 13:00:00,40,27.0,0.0,3.0,1.7,7.0
San Pedro de Buena Vista,2026-08-31 13:00:00,43,25.0,0.0,12.0,1.4,344.0
San Pedro de Buena Vista,2026-08-31 13:00:00,46,26.0,0.0,18.0,2.2,23.0
San Pedro de Buena Vista,2026-08-31 13:00:00,49,26.0,0.0,23.0,3.1,55.0
San Pedro de Buena Vista,2026-08-31 13:00:00,52,26.0,0.0,23.0,2.7,58.0
San Pedro de Buena Vista,2026-08-31 13:00:00,55,26.0,0.0,16.0,2.3,60.0
San Pedro de Buena Vista,2026-08-31 13:00:00,58,26.0,0.0,8.0,1.7,38.0
San Pedro de Buena Vista,2026-08-31 13:00:00,61,26.0,0.0,2.0,1.2,6.0
San Pedro de Buena Vista,2026-08-31 13:00:00,64,26.0,0.0,2.0,1.5,313.0
San Pedro de Buena Vista,2026-08-31 13:00:00,67,26.0,0.0,10.0,1.5,293.0
San Pedro de Buena Vista,2026-08-31 13:00:00,70,26.0,0.0,17.0,2.2,343.0
San Pedro de Buena Vista,2026-08-31 13:00:00,73,26.0,0.0,22.0,2.8,25.0
San Pedro de Buena Vista,2026-08-31 13:00:00,76,27.0,0.0,22.0,2.7,30.0
San Pedro de Buena Vista,2026-08-31 13:00:00,79,25.0,0.0,13.0,2.4,33.0
San Pedro de Buena Vista,2026-08-31 13:00:00,82,26.0,0.0,4.0,2.0,14.0
San Pedro de Buena Vista,2026-08-31 13:00:00,85,36.0,0.0,2.0,1.6,354.0
San Pedro de Buena Vista,2026-08-31 13:00:00,88,36.0,0.0,2.0,2.2,335.0
San Pedro de Buena Vista,2026-08-31 13:00:00,91,35.0,0.0,13.0,2.5,333.0
San Pedro de Buena Vista,2026-08-31 13:00:00,94,36.0,0.0,17.0,3.6,3.0
San Pedro de Buena Vista,2026-08-31 13:00:00,97,35.0,0.0,22.0,4.7,32.0
San Pedro de Buena Vista,2026-08-31 13:00:00,100,36.0,0.0,22.0,3.2,320.0
San Pedro de Buena Vista,2026-08-31 13:00:00,103,56.0,0.0,13.0,1.7,243.0
San Pedro de Buena Vista,2026-08-31 13:00:00,106,55.0,0.0,2.0,2.4,281.0
San Pedro de Buena Vista,2026-08-31 13:00:00,109,37.0,0.0,2.0,3.3,313.0
San Pedro de Buena Vista,2026-09-01 11:00:00,90,36.0,0.0,12.0,3.1,340.0
San Pedro de Buena Vista,2026-09-01 11:00:00,93,37.0,0.0,13.0,3.9,333.0
San Pedro de Buena Vista,2026-09-01 11:00:00,96,36.0,0.0,15.0,2.9,317.0
San Pedro de Buena Vista,2026-09-01 11:00:00,99,36.0,0.0,16.0,2.0,298.0
San Pedro de Buena Vista,2026-09-01 11:00:00,102,36.0,0.0,14.0,2.1,2.0
San Pedro de Buena Vista,2026-09-01 11:00:00,105,36.0,0.0,11.0,2.3,65.0
San Pedro de Buena Vista,2026-09-01 11:00:00,108,36.0,0.0,11.0,2.2,35.0
San Pedro de Buena Vista,2026-09-01 11:00:00,111,36.0,0.0,10.0,2.0,358.0
San Pedro de Buena Vista,2026-09-01 15:00:00,5,,,20.0,,
San Pedro de Buena Vista,2026-09-01 15:00:00,8,,,16.0,,
San Pedro de Buena Vista,2026-09-01 15:00:00,11,,,10.0,,
San Pedro de Buena Vista,2026-09-01 15:00:00,14,,,10.0,,
San Pedro de Buena Vista,2026-09-01 15:00:00,17,,,15.0,,
San Pedro de Buena Vista,2026-09-01 15:00:00,20,,,21.0,,
San Pedro de Buena Vista,2026-09-01 15:00:00,23,,,31.0,,
San Pedro de Buena Vista,2026-09-01 15:00:00,26,,,31.0,,
San Pedro de Buena Vista,2026-09-01 15:00:00,29,,,23.0,,
San Pedro de Buena Vista,2026-09-01 15:00:00,32,,,17.0,,
San Pedro de Buena Vista,2026-09-01 15:00:00,35,,,11.0,,
San Pedro de Buena Vista,2026-09-01 15:00:00,38,,,11.0,,
San Pedro de Buena Vista,2026-09-01 15:00:00,41,,,18.0,,
San Pedro de Buena Vista,2026-09-01 15:00:00,44,,,24.0,,
San Pedro de Buena Vista,2026-09-01 15:00:00,47,,,32.0,,
San Pedro de Buena Vista,2026-09-01 15:00:00,50,,,32.0,,
San Pedro de Buena Vista,2026-09-01 15:00:00,53,,,25.0,,
San Pedro de Buena Vista,2026-09-01 15:00:00,56,,,18.0,,
San Pedro de Buena Vista,2026-09-01 15:00:00,59,,,12.0,,
San Pedro de Buena Vista,2026-09-01 15:00:00,62,,,12.0,,
San Pedro de Buena Vista,2026-09-01 15:00:00,65,,,18.0,,
San Pedro de Buena Vista,2026-09-01 15:00:00,68,,,24.0,,
San Pedro de Buena Vista,2026-09-01 15:00:00,71,,,31.0,,
San Pedro de Buena Vista,2026-09-01 15:00:00,74,,,31.0,,
San Pedro de Buena Vista,2026-09-01 15:00:00,77,,,24.0,,
San Pedro de Buena Vista,2026-09-01 15:00:00,80,,,16.0,,
San Pedro de Buena Vista,2026-09-01 15:00:00,83,36.0,,11.0,,
San Pedro de Buena Vista,2026-09-01 15:00:00,86,,,11.0,,
San Pedro de Buena Vista,2026-09-01 15:00:00,89,36.0,,18.0,,
San Pedro de Buena Vista,2026-09-01 15:00:00,92,,,24.0,,
San Pedro de Buena Vista,2026-09-01 15:00:00,95,,,31.0,,
San Pedro de Buena Vista,2026-09-01 15:00:00,98,,,31.0,,
San Pedro de Buena Vista,2026-09-01 15:00:00,101,56.0,,25.0,,
San Pedro de Buena Vista,2026-09-01 15:00:00,104,56.0,,21.0,,
San Pedro de Buena Vista,2026-09-01 15:00:00,107,56.0,,15.0,,
San Pedro de Buena Vista,2026-09-02 10:00:00,28,25.0,,,,
San Pedro de Buena Vista,2026-09-02 10:00:00,31,26.0,,,,
San Pedro de Buena Vista,2026-09-02 10:00:00,34,26.0,,,,
San Pedro de Buena Vista,2026-09-02 10:00:00,40,27.0,,,,
San Pedro de Buena Vista,2026-09-02 10:00:00,91,36.0,0.0,10.0,1.3,18.0
San Pedro de Buena Vista,2026-09-02 10:00:00,94,36.0,0.0,10.0,1.3,23.0
San Pedro de Buena Vista,2026-09-02 10:00:00,97,37.0,0.0,13.0,2.8,53.0
San Pedro de Buena Vista,2026-09-02 10:00:00,100,36.0,0.0,17.0,4.4,83.0
San Pedro de Buena Vista,2026-09-02 10:00:00,103,36.0,0.0,14.0,3.5,68.0
San Pedro de Buena Vista,2026-09-02 10:00:00,106,36.0,0.0,11.0,2.7,50.0
San Pedro de Buena Vista,2026-09-02 10:00:00,109,36.0,0.0,10.0,2.2,49.0
San Pedro de Buena Vista,2026-09-02 10:00:00,112,36.0,0.0,9.0,1.6,47.0
San Pedro de Buena Vista,2026-09-02 15:00:00,11,,,10.0,,
San Pedro de Buena Vista,2026-09-02 15:00:00,14,,,10.0,,
San Pedro de Buena Vista,2026-09-02 15:00:00,23,,,28.0,,
San Pedro de Buena Vista,2026-09-02 15:00:00,26,,,28.0,,
San Pedro de Buena Vista,2026-09-02 15:00:00,35,,,11.0,,
San Pedro de Buena Vista,2026-09-02 15:00:00,38,,,11.0,,
San Pedro de Buena Vista,2026-09-02 15:00:00,47,,,28.0,,
San Pedro de Buena Vista,2026-09-02 15:00:00,50,,,28.0,,
San Pedro de Buena Vista,2026-09-02 15:00:00,59,,,10.0,,
San Pedro de Buena Vista,2026-09-02 15:00:00,62,,,10.0,,
San Pedro de Buena Vista,2026-09-02 15:00:00,65,,,14.0,,
San Pedro de Buena Vista,2026-09-02 15:00:00,68,,,21.0,,
San Pedro de Buena Vista,2026-09-02 15:00:00,71,,,26.0,,
San Pedro de Buena Vista,2026-09-02 15:00:00,74,,,26.0,,
San Pedro de Buena Vista,2026-09-02 15:00:00,77,,,19.0,,
San Pedro de Buena Vista,2026-09-02 15:00:00,80,,,15.0,,
San Pedro de Buena Vista,2026-09-02 15:00:00,83,,,9.0,,
San Pedro de Buena Vista,2026-09-02 15:00:00,86,,,9.0,,
San Pedro de Buena Vista,2026-09-02 15:00:00,89,,,16.0,,
San Pedro de Buena Vista,2026-09-02 15:00:00,92,,,19.0,,
San Pedro de Buena Vista,2026-09-02 15:00:00,95,,,27.0,,
San Pedro de Buena Vista,2026-09-02 15:00:00,98,,,27.0,,
San Pedro de Buena Vista,2026-09-02 15:00:00,101,,,23.0,,
San Pedro de Buena Vista,2026-09-02 15:00:00,104,,,17.0,,
San Pedro de Buena Vista,2026-09-02 15:00:00,107,,,14.0,,
San Pedro de Tiquina,2026-08-31 13:00:00,1,26.0,0.0,14.0,5.6,297.0
San Pedro de Tiquina,2026-08-31 13:00:00,4,26.0,0.0,14.0,5.3,330.0
San Pedro de Tiquina,2026-08-31 13:00:00,7,26.0,0.0,11.0,4.9,2.0
San Pedro de Tiquina,2026-08-31 13:00:00,10,26.0,0.0,8.0,3.7,3.0
San Pedro de Tiquina,2026-08-31 13:00:00,13,27.0,0.0,5.0,2.5,360.0
San Pedro de Tiquina,2026-08-31 13:00:00,16,26.0,0.0,5.0,3.1,13.0
San Pedro de Tiquina,2026-08-31 13:00:00,19,27.0,0.0,8.0,3.0,30.0
San Pedro de Tiquina,2026-08-31 13:00:00,22,26.0,0.0,11.0,4.4,350.0
San Pedro de Tiquina,2026-08-31 13:00:00,25,26.0,0.0,15.0,5.8,307.0
San Pedro de Tiquina,2026-08-31 13:00:00,28,26.0,0.0,15.0,5.7,340.0
San Pedro de Tiquina,2026-08-31 13:00:00,31,26.0,0.0,12.0,5.5,13.0
San Pedro de Tiquina,2026-08-31 13:00:00,34,26.0,0.0,8.0,4.9,3.0
San Pedro de Tiquina,2026-08-31 13:00:00,37,27.0,0.0,4.0,4.3,352.0
San Pedro de Tiquina,2026-08-31 13:00:00,40,26.0,0.0,3.0,2.9,350.0
San Pedro de Tiquina,2026-08-31 13:00:00,43,26.0,0.0,7.0,1.4,356.0
San Pedro de Tiquina,2026-08-31 13:00:00,46,26.0,0.0,10.0,3.0,327.0
San Pedro de Tiquina,2026-08-31 13:00:00,49,36.0,0.0,14.0,4.7,298.0
San Pedro de Tiquina,2026-08-31 13:00:00,52,36.0,0.0,14.0,5.0,330.0
San Pedro de Tiquina,2026-08-31 13:00:00,55,26.0,0.0,11.0,5.4,2.0
San Pedro de Tiquina,2026-08-31 13:00:00,58,26.0,0.0,9.0,4.2,359.0
San Pedro de Tiquina,2026-08-31 13:00:00,61,36.0,0.0,4.0,3.0,347.0
San Pedro de Tiquina,2026-08-31 13:00:00,64,36.0,0.0,4.0,1.7,3.0
San Pedro de Tiquina,2026-08-31 13:00:00,67,36.0,0.0,8.0,1.4,10.0
San Pedro de Tiquina,2026-08-31 13:00:00,70,36.0,0.0,10.0,3.1,340.0
San Pedro de Tiquina,2026-08-31 13:00:00,73,76.0,1.9,15.0,4.7,308.0
San Pedro de Tiquina,2026-08-31 13:00:00,76,76.0,1.3,15.0,4.7,340.0
San Pedro de Tiquina,2026-08-31 13:00:00,79,35.0,0.0,9.0,4.6,3.0
San Pedro de Tiquina,2026-08-31 13:00:00,82,36.0,0.0,5.0,3.6,13.0
San Pedro de Tiquina,2026-08-31 13:00:00,85,36.0,0.0,3.0,2.4,13.0
San Pedro de Tiquina,2026-08-31 13:00:00,88,36.0,0.0,2.0,2.4,43.0
San Pedro de Tiquina,2026-08-31 13:00:00,91,36.0,0.0,7.0,1.8,57.0
San Pedro de Tiquina,2026-08-31 13:00:00,94,36.0,0.0,10.0,3.8,10.0
San Pedro de Tiquina,2026-08-31 13:00:00,97,56.0,0.0,15.0,5.8,317.0
San Pedro de Tiquina,2026-08-31 13:00:00,100,56.0,0.0,15.0,5.2,340.0
San Pedro de Tiquina,2026-08-31 13:00:00,103,57.0,0.0,9.0,4.4,3.0
San Pedro de Tiquina,2026-08-31 13:00:00,106,56.0,0.0,2.0,3.1,13.0
San Pedro de Tiquina,2026-08-31 13:00:00,109,36.0,0.0,2.0,1.7,23.0
San Pedro de Tiquina,2026-09-01 11:00:00,87,37.0,,,,
San Pedro de Tiquina,2026-09-01 11:00:00,90,36.0,0.0,7.0,2.8,350.0
San Pedro de Tiquina,2026-09-01 11:00:00,93,35.0,0.0,7.0,3.6,30.0
San Pedro de Tiquina,2026-09-01 11:00:00,96,36.0,0.0,9.0,4.6,357.0
San Pedro de Tiquina,2026-09-01 11:00:00,99,56.0,0.0,12.0,5.6,323.0
San Pedro de Tiquina,2026-09-01 11:00:00,102,56.0,0.0,10.0,4.7,309.0
San Pedro de Tiquina,2026-09-01 11:00:00,105,56.0,0.0,9.0,3.7,287.0
San Pedro de Tiquina,2026-09-01 11:00:00,108,57.0,0.0,7.0,4.2,351.0
San Pedro de Tiquina,2026-09-01 11:00:00,111,56.0,0.0,5.0,4.6,46.0
San Pedro de Tiquina,2026-09-01 15:00:00,14,,,4.0,,
San Pedro de Tiquina,2026-09-01 15:00:00,17,,,8.0,,
San Pedro de Tiquina,2026-09-01 15:00:00,20,,,11.0,,
San Pedro de Tiquina,2026-09-01 15:00:00,32,,,8.0,,
San Pedro de Tiquina,2026-09-01 15:00:00,35,,,3.0,,
San Pedro de Tiquina,2026-09-01 15:00:00,38,,,3.0,,
San Pedro de Tiquina,2026-09-01 15:00:00,41,,,7.0,,
San Pedro de Tiquina,2026-09-01 15:00:00,44,,,11.0,,
San Pedro de Tiquina,2026-09-01 15:00:00,50,,,16.0,,
San Pedro de Tiquina,2026-09-01 15:00:00,53,,,11.0,,
San Pedro de Tiquina,2026-09-01 15:00:00,56,,,8.0,,
San Pedro de Tiquina,2026-09-01 15:00:00,59,,,4.0,,
San Pedro de Tiquina,2026-09-01 15:00:00,62,,,4.0,,
San Pedro de Tiquina,2026-09-01 15:00:00,68,,,11.0,,
San Pedro de Tiquina,2026-09-01 15:00:00,77,,,10.0,,
San Pedro de Tiquina,2026-09-01 15:00:00,80,,,7.0,,
San Pedro de Tiquina,2026-09-01 15:00:00,83,,,4.0,,
San Pedro de Tiquina,2026-09-01 15:00:00,86,,,3.0,,
San Pedro de Tiquina,2026-09-01 15:00:00,92,,,10.0,,
San Pedro de Tiquina,2026-09-01 15:00:00,95,,,14.0,,
San Pedro de Tiquina,2026-09-01 15:00:00,98,,,14.0,,
San Pedro de Tiquina,2026-09-01 15:00:00,101,,,11.0,,
San Pedro de Tiquina,2026-09-01 15:00:00,104,,,8.0,,
San Pedro de Tiquina,2026-09-02 10:00:00,16,26.0,,,,
San Pedro de Tiquina,2026-09-02 10:00:00,19,25.0,,,,
San Pedro de Tiquina,2026-09-02 10:00:00,22,27.0,,,,
San Pedro de Tiquina,2026-09-02 10:00:00,25,26.0,,,,
San Pedro de Tiquina,2026-09-02 10:00:00,28,36.0,0.0,,,
San Pedro de Tiquina,2026-09-02 10:00:00,31,36.0,0.0,,,
San Pedro de Tiquina,2026-09-02 10:00:00,34,36.0,,,,
San Pedro de Tiquina,2026-09-02 10:00:00,40,37.0,,,,
San Pedro de Tiquina,2026-09-02 10:00:00,88,36.0,,,,
San Pedro de Tiquina,2026-09-02 10:00:00,91,36.0,0.0,6.0,2.8,342.0
San Pedro de Tiquina,2026-09-02 10:00:00,94,36.0,0.0,6.0,3.2,360.0
San Pedro de Tiquina,2026-09-02 10:00:00,97,37.0,0.0,8.0,3.7,330.0
San Pedro de Tiquina,2026-09-02 10:00:00,100,77.0,1.3,11.0,4.2,300.0
San Pedro de Tiquina,2026-09-02 10:00:00,103,76.0,2.2,9.0,4.5,322.0
San Pedro de Tiquina,2026-09-02 10:00:00,106,76.0,1.3,8.0,4.9,342.0
San Pedro de Tiquina,2026-09-02 10:00:00,109,76.0,1.3,7.0,4.1,353.0
San Pedro de Tiquina,2026-09-02 10:00:00,112,76.0,2.4,7.0,3.3,3.0
San Pedro de Tiquina,2026-09-02 15:00:00,11,,,6.0,,
San Pedro de Tiquina,2026-09-02 15:00:00,14,,,6.0,,
San Pedro de Tiquina,2026-09-02 15:00:00,35,,,6.0,,
San Pedro de Tiquina,2026-09-02 15:00:00,38,,,6.0,,
San Pedro de Tiquina,2026-09-02 15:00:00,56,,,8.0,,
San Pedro de Tiquina,2026-09-02 15:00:00,59,,,6.0,,
San Pedro de Tiquina,2026-09-02 15:00:00,62,,,5.0,,
San Pedro de Tiquina,2026-09-02 15:00:00,86,,,4.0,,
San Pedro de Tiquina,2026-09-02 15:00:00,89,,,7.0,,
San Pedro de Tiquina,2026-09-02 15:00:00,92,,,9.0,,
San Pedro de Tiquina,2026-09-02 15:00:00,95,,,12.0,,
San Pedro de Tiquina,2026-09-02 15:00:00,98,,,12.0,,
San Pedro de Tiquina,2026-09-02 15:00:00,101,,,10.0,,
San Pedro de Tiquina,2026-09-02 15:00:00,107,,,4.0,,
San Ramon,2026-08-31 13:00:00,1,36.0,0.0,36.0,5.7,320.0
San Ramon,2026-08-31 13:00:00,4,35.0,0.0,36.0,4.3,340.0
San Ramon,2026-08-31 13:00:00,7,37.0,0.0,30.0,2.9,350.0
San Ramon,2026-08-31 13:00:00,10,36.0,0.0,25.0,3.2,348.0
San Ramon,2026-08-31 13:00:00,13,56.0,0.0,20.0,3.4,338.0
San Ramon,2026-08-31 13:00:00,16,56.0,0.0,20.0,2.7,286.0
San Ramon,2026-08-31 13:00:00,19,56.0,0.0,25.0,1.9,226.0
San Ramon,2026-08-31 13:00:00,22,56.0,0.0,30.0,2.9,196.0
San Ramon,2026-08-31 13:00:00,25,56.0,0.0,32.0,4.0,158.0
San Ramon,2026-08-31 13:00:00,28,56.0,0.0,32.0,3.0,143.0
San Ramon,2026-08-31 13:00:00,31,56.0,0.0,28.0,1.9,125.0
San Ramon,2026-08-31 13:00:00,34,56.0,0.0,24.0,2.7,155.0
San Ramon,2026-08-31 13:00:00,37,56.0,0.0,17.0,3.6,175.0
San Ramon,2026-08-31 13:00:00,40,26.0,0.0,17.0,4.5,148.0
San Ramon,2026-08-31 13:00:00,43,26.0,0.0,25.0,5.2,140.0
San Ramon,2026-08-31 13:00:00,46,26.0,0.0,29.0,2.9,78.0
San Ramon,2026-08-31 13:00:00,49,26.0,0.0,34.0,0.7,330.0
San Ramon,2026-08-31 13:00:00,52,26.0,0.0,34.0,1.3,282.0
San Ramon,2026-08-31 13:00:00,55,26.0,0.0,27.0,1.9,230.0
San Ramon,2026-08-31 13:00:00,58,26.0,0.0,24.0,1.8,230.0
San Ramon,2026-08-31 13:00:00,61,26.0,0.0,18.0,1.8,227.0
San Ramon,2026-08-31 13:00:00,64,26.0,0.0,18.0,2.0,278.0
San Ramon,2026-08-31 13:00:00,67,26.0,0.0,26.0,1.8,355.0
San Ramon,2026-08-31 13:00:00,70,26.0,0.0,30.0,2.7,340.0
San Ramon,2026-08-31 13:00:00,73,36.0,0.0,35.0,3.7,320.0
San Ramon,2026-08-31 13:00:00,76,36.0,0.0,35.0,2.7,288.0
San Ramon,2026-08-31 13:00:00,79,26.0,0.0,29.0,1.8,250.0
San Ramon,2026-08-31 13:00:00,82,26.0,0.0,21.0,2.4,280.0
San Ramon,2026-08-31 13:00:00,85,36.0,0.0,20.0,2.9,305.0
San Ramon,2026-08-31 13:00:00,88,36.0,0.0,20.0,3.6,323.0
San Ramon,2026-08-31 13:00:00,91,36.0,0.0,26.0,4.4,330.0
San Ramon,2026-08-31 13:00:00,94,36.0,0.0,29.0,4.9,330.0
San Ramon,2026-08-31 13:00:00,97,56.0,0.0,36.0,5.3,320.0
San Ramon,2026-08-31 13:00:00,100,56.0,0.0,36.0,4.0,333.0
San Ramon,2026-08-31 13:00:00,103,56.0,0.0,32.0,2.7,338.0
San Ramon,2026-08-31 13:00:00,106,56.0,0.0,20.0,2.9,335.0
San Ramon,2026-08-31 13:00:00,109,36.0,0.0,20.0,3.1,330.0
San Ramon,2026-09-01 11:00:00,90,36.0,0.0,32.0,3.8,332.0
San Ramon,2026-09-01 11:00:00,93,36.0,0.0,32.0,5.0,345.0
San Ramon,2026-09-01 11:00:00,96,36.0,0.0,36.0,5.3,312.0
San Ramon,2026-09-01 11:00:00,99,37.0,0.0,40.0,5.6,278.0
San Ramon,2026-09-01 11:00:00,102,36.0,0.0,36.0,4.4,330.0
San Ramon,2026-09-01 11:00:00,105,56.0,0.0,32.0,3.3,17.0
San Ramon,2026-09-01 11:00:00,108,56.0,0.0,31.0,2.7,348.0
San Ramon,2026-09-01 11:00:00,111,56.0,0.0,30.0,2.1,313.0
San Ramon,2026-09-01 15:00:00,11,,,22.0,,
San Ramon,2026-09-01 15:00:00,14,,,22.0,,
San Ramon,2026-09-01 15:00:00,17,,,27.0,,
San Ramon,2026-09-01 15:00:00,20,,,30.0,,
San Ramon,2026-09-01 15:00:00,23,,,35.0,,
San Ramon,2026-09-01 15:00:00,26,,,35.0,,
San Ramon,2026-09-01 15:00:00,29,,,30.0,,
San Ramon,2026-09-01 15:00:00,32,,,26.0,,
San Ramon,2026-09-01 15:00:00,35,,,23.0,,
San Ramon,2026-09-01 15:00:00,38,,,23.0,,
San Ramon,2026-09-01 15:00:00,53,,,31.0,,
San Ramon,2026-09-01 15:00:00,56,,,26.0,,
San Ramon,2026-09-01 15:00:00,59,,,23.0,,
San Ramon,2026-09-01 15:00:00,62,,,23.0,,
San Ramon,2026-09-01 15:00:00,65,,,28.0,,
San Ramon,2026-09-01 15:00:00,68,,,32.0,,
San Ramon,2026-09-01 15:00:00,80,,,27.0,,
San Ramon,2026-09-01 15:00:00,83,,,23.0,,
San Ramon,2026-09-01 15:00:00,86,,,23.0,,
San Ramon,2026-09-01 15:00:00,89,,,28.0,,
San Ramon,2026-09-01 15:00:00,92,,,32.0,,
San Ramon,2026-09-01 15:00:00,95,,,36.0,,
San Ramon,2026-09-01 15:00:00,104,,,29.0,,
San Ramon,2026-09-01 15:00:00,107,,,24.0,,
San Ramon,2026-09-02 10:00:00,40,26.0,,,,
San Ramon,2026-09-02 10:00:00,88,89.0,2.9,,,
San Ramon,2026-09-02 10:00:00,91,89.0,1.9,30.0,3.9,178.0
San Ramon,2026-09-02 10:00:00,94,89.0,1.9,29.0,6.2,145.0
San Ramon,2026-09-02 10:00:00,97,90.0,3.0,33.0,5.5,153.0
San Ramon,2026-09-02 10:00:00,100,56.0,0.0,37.0,4.8,155.0
San Ramon,2026-09-02 10:00:00,103,56.0,0.0,34.0,5.3,165.0
San Ramon,2026-09-02 10:00:00,106,56.0,0.0,30.0,5.8,170.0
San Ramon,2026-09-02 10:00:00,109,56.0,0.0,28.0,5.3,170.0
San Ramon,2026-09-02 10:00:00,112,56.0,0.0,25.0,4.8,160.0
San Ramon,2026-09-02 15:00:00,23,,,37.0,,
San Ramon,2026-09-02 15:00:00,26,,,37.0,,
San Ramon,2026-09-02 15:00:00,47,,,37.0,,
San Ramon,2026-09-02 15:00:00,50,,,37.0,,
San Ramon,2026-09-02 15:00:00,59,,,22.0,,
San Ramon,2026-09-02 15:00:00,62,,,22.0,,
San Ramon,2026-09-02 15:00:00,71,,,38.0,,
San Ramon,2026-09-02 15:00:00,74,,,38.0,,
San Ramon,2026-09-02 15:00:00,80,,,28.0,,
San Ramon,2026-09-02 15:00:00,83,,,19.0,,
San Ramon,2026-09-02 15:00:00,86,,,19.0,,
San Ramon,2026-09-02 15:00:00,89,,,25.0,,
San Ramon,2026-09-02 15:00:00,92,,,29.0,,
San Ramon,2026-09-02 15:00:00,95,,,34.0,,
San Ramon,2026-09-02 15:00:00,104,,,26.0,,
San Ramon,2026-09-02 15:00:00,107,,,23.0,,
San Roque - La Paz,2026-08-31 13:00:00,1,26.0,0.0,17.0,7.0,297.0
San Roque - La Paz,2026-08-31 13:00:00,4,26.0,0.0,17.0,4.6,269.0
San Roque - La Paz,2026-08-31 13:00:00,7,26.0,0.0,8.0,2.2,232.0
San Roque - La Paz,2026-08-31 13:00:00,10,26.0,0.0,1.0,2.1,179.0
San Roque - La Paz,2026-08-31 13:00:00,13,26.0,0.0,-2.0,2.1,123.0
San Roque - La Paz,2026-08-31 13:00:00,16,26.0,0.0,-2.0,1.8,103.0
San Roque - La Paz,2026-08-31 13:00:00,19,26.0,0.0,2.0,1.3,93.0
San Roque - La Paz,2026-08-31 13:00:00,22,26.0,0.0,8.0,4.0,17.0
San Roque - La Paz,2026-08-31 13:00:00,25,26.0,0.0,16.0,6.7,294.0
San Roque - La Paz,2026-08-31 13:00:00,28,26.0,0.0,16.0,4.5,334.0
San Roque - La Paz,2026-08-31 13:00:00,31,26.0,0.0,9.0,2.4,3.0
San Roque - La Paz,2026-08-31 13:00:00,34,26.0,0.0,4.0,1.6,24.0
San Roque - La Paz,2026-08-31 13:00:00,37,26.0,0.0,-3.0,0.9,41.0
San Roque - La Paz,2026-08-31 13:00:00,40,26.0,0.0,-3.0,1.2,344.0
San Roque - La Paz,2026-08-31 13:00:00,43,26.0,0.0,3.0,1.4,337.0
San Roque - La Paz,2026-08-31 13:00:00,46,26.0,0.0,11.0,3.5,323.0
San Roque - La Paz,2026-08-31 13:00:00,49,36.0,0.0,15.0,5.6,304.0
San Roque - La Paz,2026-08-31 13:00:00,52,36.0,0.0,15.0,3.7,12.0
San Roque - La Paz,2026-08-31 13:00:00,55,26.0,0.0,10.0,1.9,117.0
San Roque - La Paz,2026-08-31 13:00:00,58,26.0,0.0,1.0,1.2,163.0
San Roque - La Paz,2026-08-31 13:00:00,61,36.0,0.0,-2.0,0.4,205.0
San Roque - La Paz,2026-08-31 13:00:00,64,36.0,0.0,-2.0,1.0,332.0
San Roque - La Paz,2026-08-31 13:00:00,67,36.0,0.0,2.0,1.1,336.0
San Roque - La Paz,2026-08-31 13:00:00,70,36.0,0.0,9.0,3.1,313.0
San Roque - La Paz,2026-08-31 13:00:00,73,76.0,2.0,16.0,5.2,281.0
San Roque - La Paz,2026-08-31 13:00:00,76,76.0,1.0,16.0,4.0,351.0
San Roque - La Paz,2026-08-31 13:00:00,79,36.0,0.0,10.0,2.8,93.0
San Roque - La Paz,2026-08-31 13:00:00,82,36.0,0.0,1.0,2.0,27.0
San Roque - La Paz,2026-08-31 13:00:00,85,36.0,0.0,-3.0,1.2,320.0
San Roque - La Paz,2026-08-31 13:00:00,88,36.0,0.0,-2.0,1.4,46.0
San Roque - La Paz,2026-08-31 13:00:00,91,36.0,0.0,7.0,1.7,109.0
San Roque - La Paz,2026-08-31 13:00:00,94,36.0,0.0,11.0,4.0,83.0
San Roque - La Paz,2026-08-31 13:00:00,97,56.0,0.0,15.0,6.3,301.0
San Roque - La Paz,2026-08-31 13:00:00,100,56.0,0.0,15.0,4.8,14.0
San Roque - La Paz,2026-08-31 13:00:00,103,57.0,0.0,8.0,3.2,77.0
San Roque - La Paz,2026-08-31 13:00:00,106,57.0,0.0,-3.0,2.5,97.0
San Roque - La Paz,2026-08-31 13:00:00,109,36.0,0.0,-3.0,1.8,113.0
San Roque - La Paz,2026-09-01 11:00:00,90,36.0,0.0,6.0,2.1,34.0
San Roque - La Paz,2026-09-01 11:00:00,93,36.0,0.0,7.0,2.5,97.0
San Roque - La Paz,2026-09-01 11:00:00,96,36.0,0.0,10.0,2.9,44.0
San Roque - La Paz,2026-09-01 11:00:00,99,56.0,0.0,12.0,3.5,342.0
San Roque - La Paz,2026-09-01 11:00:00,102,56.0,0.0,10.0,2.3,7.0
San Roque - La Paz,2026-09-01 11:00:00,105,56.0,0.0,8.0,1.0,23.0
San Roque - La Paz,2026-09-01 11:00:00,108,57.0,0.0,6.0,1.9,16.0
San Roque - La Paz,2026-09-01 11:00:00,111,56.0,0.0,4.0,2.9,3.0
San Roque - La Paz,2026-09-01 15:00:00,23,,,18.0,,
San Roque - La Paz,2026-09-01 15:00:00,26,,,18.0,,
San Roque - La Paz,2026-09-01 15:00:00,29,,,11.0,,
San Roque - La Paz,2026-09-01 15:00:00,32,,,5.0,,
San Roque - La Paz,2026-09-01 15:00:00,35,,,-4.0,,
San Roque - La Paz,2026-09-01 15:00:00,38,,,-4.0,,
San Roque - La Paz,2026-09-01 15:00:00,47,,,19.0,,
San Roque - La Paz,2026-09-01 15:00:00,50,,,19.0,,
San Roque - La Paz,2026-09-01 15:00:00,56,,,4.0,,
San Roque - La Paz,2026-09-01 15:00:00,62,,,-3.0,,
San Roque - La Paz,2026-09-01 15:00:00,65,,,4.0,,
San Roque - La Paz,2026-09-01 15:00:00,71,,,19.0,,
San Roque - La Paz,2026-09-01 15:00:00,74,,,19.0,,
San Roque - La Paz,2026-09-01 15:00:00,77,,,10.0,,
San Roque - La Paz,2026-09-01 15:00:00,80,,,4.0,,
San Roque - La Paz,2026-09-01 15:00:00,86,,,-3.0,,
San Roque - La Paz,2026-09-01 15:00:00,89,,,3.0,,
San Roque - La Paz,2026-09-01 15:00:00,92,,,9.0,,
San Roque - La Paz,2026-09-01 15:00:00,95,,,17.0,,
San Roque - La Paz,2026-09-01 15:00:00,98,,,17.0,,
San Roque - La Paz,2026-09-01 15:00:00,101,,,11.0,,
San Roque - La Paz,2026-09-01 15:00:00,107,,,-1.0,,
San Roque - La Paz,2026-09-02 10:00:00,16,26.0,,,,
San Roque - La Paz,2026-09-02 10:00:00,19,26.0,,,,
San Roque - La Paz,2026-09-02 10:00:00,22,26.0,,,,
San Roque - La Paz,2026-09-02 10:00:00,25,26.0,,,,
San Roque - La Paz,2026-09-02 10:00:00,28,37.0,0.0,,,
San Roque - La Paz,2026-09-02 10:00:00,31,36.0,0.0,,,
San Roque - La Paz,2026-09-02 10:00:00,88,36.0,,,,
San Roque - La Paz,2026-09-02 10:00:00,91,36.0,0.0,5.0,1.2,327.0
San Roque - La Paz,2026-09-02 10:00:00,94,36.0,0.0,5.0,1.7,337.0
San Roque - La Paz,2026-09-02 10:00:00,97,36.0,0.0,9.0,3.5,317.0
San Roque - La Paz,2026-09-02 10:00:00,100,76.0,1.7,13.0,5.2,290.0
San Roque - La Paz,2026-09-02 10:00:00,103,75.0,1.8,11.0,4.0,307.0
San Roque - La Paz,2026-09-02 10:00:00,106,76.0,1.0,8.0,2.8,323.0
San Roque - La Paz,2026-09-02 10:00:00,109,76.0,2.2,7.0,2.0,27.0
San Roque - La Paz,2026-09-02 10:00:00,112,76.0,1.9,7.0,1.1,81.0
San Roque - La Paz,2026-09-02 15:00:00,17,,,3.0,,
San Roque - La Paz,2026-09-02 15:00:00,23,,,18.0,,
San Roque - La Paz,2026-09-02 15:00:00,26,,,18.0,,
San Roque - La Paz,2026-09-02 15:00:00,35,,,-1.0,,
San Roque - La Paz,2026-09-02 15:00:00,38,,,-1.0,,
San Roque - La Paz,2026-09-02 15:00:00,47,,,17.0,,
San Roque - La Paz,2026-09-02 15:00:00,50,,,17.0,,
San Roque - La Paz,2026-09-02 15:00:00,56,,,5.0,,
San Roque - La Paz,2026-09-02 15:00:00,59,,,-1.0,,
San Roque - La Paz,2026-09-02 15:00:00,62,,,-1.0,,
San Roque - La Paz,2026-09-02 15:00:00,65,,,4.0,,
San Roque - La Paz,2026-09-02 15:00:00,71,,,16.0,,
San Roque - La Paz,2026-09-02 15:00:00,74,,,16.0,,
San Roque - La Paz,2026-09-02 15:00:00,83,,,-3.0,,
San Roque - La Paz,2026-09-02 15:00:00,86,,,-3.0,,
San Roque - La Paz,2026-09-02 15:00:00,95,,,16.0,,
San Roque - La Paz,2026-09-02 15:00:00,98,,,16.0,,
San Roque - La Paz,2026-09-02 15:00:00,101,,,11.0,,
San Roque - La Paz,2026-09-02 15:00:00,107,,,4.0,,
Santa Ana,2026-08-31 13:00:00,1,36.0,0.0,35.0,6.4,307.0
Santa Ana,2026-08-31 13:00:00,4,37.0,0.0,35.0,4.7,327.0
Santa Ana,2026-08-31 13:00:00,7,36.0,0.0,31.0,2.9,340.0
Santa Ana,2026-08-31 13:00:00,10,37.0,0.0,25.0,2.7,320.0
Santa Ana,2026-08-31 13:00:00,13,56.0,0.0,20.0,2.6,291.0
Santa Ana,2026-08-31 13:00:00,16,56.0,0.0,20.0,2.3,275.0
Santa Ana,2026-08-31 13:00:00,19,56.0,0.0,23.0,2.7,217.0
Santa Ana,2026-08-31 13:00:00,22,56.0,0.0,28.0,2.7,205.0
Santa Ana,2026-08-31 13:00:00,25,56.0,0.0,32.0,2.7,189.0
Santa Ana,2026-08-31 13:00:00,28,57.0,0.0,32.0,2.8,199.0
Santa Ana,2026-08-31 13:00:00,31,56.0,0.0,29.0,2.8,200.0
Santa Ana,2026-08-31 13:00:00,34,56.0,0.0,25.0,3.4,180.0
Santa Ana,2026-08-31 13:00:00,37,56.0,0.0,17.0,4.1,160.0
Santa Ana,2026-08-31 13:00:00,40,26.0,0.0,17.0,3.9,154.0
Santa Ana,2026-08-31 13:00:00,43,26.0,0.0,24.0,4.6,150.0
Santa Ana,2026-08-31 13:00:00,46,26.0,0.0,28.0,2.9,193.0
Santa Ana,2026-08-31 13:00:00,49,25.0,0.0,34.0,1.1,226.0
Santa Ana,2026-08-31 13:00:00,52,26.0,0.0,34.0,2.0,233.0
Santa Ana,2026-08-31 13:00:00,55,26.0,0.0,28.0,2.8,230.0
Santa Ana,2026-08-31 13:00:00,58,26.0,0.0,24.0,2.6,230.0
Santa Ana,2026-08-31 13:00:00,61,26.0,0.0,18.0,2.3,221.0
Santa Ana,2026-08-31 13:00:00,64,25.0,0.0,18.0,2.3,280.0
Santa Ana,2026-08-31 13:00:00,67,27.0,0.0,26.0,2.3,350.0
Santa Ana,2026-08-31 13:00:00,70,26.0,0.0,30.0,3.2,330.0
Santa Ana,2026-08-31 13:00:00,73,36.0,0.0,35.0,4.1,310.0
Santa Ana,2026-08-31 13:00:00,76,36.0,0.0,35.0,3.3,350.0
Santa Ana,2026-08-31 13:00:00,79,26.0,0.0,28.0,2.4,24.0
Santa Ana,2026-08-31 13:00:00,82,26.0,0.0,22.0,3.4,344.0
Santa Ana,2026-08-31 13:00:00,85,35.0,0.0,20.0,4.2,301.0
Santa Ana,2026-08-31 13:00:00,88,37.0,0.0,20.0,2.5,307.0
Santa Ana,2026-08-31 13:00:00,91,36.0,0.0,27.0,2.7,327.0
Santa Ana,2026-08-31 13:00:00,94,36.0,0.0,30.0,4.3,330.0
Santa Ana,2026-08-31 13:00:00,97,56.0,0.0,36.0,5.9,330.0
Santa Ana,2026-08-31 13:00:00,100,56.0,0.0,36.0,4.5,0.0
Santa Ana,2026-08-31 13:00:00,103,56.0,0.0,33.0,3.1,23.0
Santa Ana,2026-08-31 13:00:00,106,56.0,0.0,20.0,3.1,10.0
Santa Ana,2026-08-31 13:00:00,109,37.0,0.0,20.0,3.2,350.0
Santa Ana,2026-09-01 11:00:00,87,36.0,,,,
Santa Ana,2026-09-01 11:00:00,90,36.0,0.0,34.0,4.2,337.0
Santa Ana,2026-09-01 11:00:00,93,36.0,0.0,34.0,5.4,327.0
Santa Ana,2026-09-01 11:00:00,96,36.0,0.0,38.0,5.6,324.0
Santa Ana,2026-09-01 11:00:00,99,37.0,0.0,42.0,5.8,314.0
Santa Ana,2026-09-01 11:00:00,102,36.0,0.0,36.0,3.4,23.0
Santa Ana,2026-09-01 11:00:00,105,56.0,0.0,31.0,0.9,84.0
Santa Ana,2026-09-01 11:00:00,108,56.0,0.0,28.0,1.2,172.0
Santa Ana,2026-09-01 11:00:00,111,56.0,0.0,25.0,1.6,250.0
Santa Ana,2026-09-01 15:00:00,11,,,21.0,,
Santa Ana,2026-09-01 15:00:00,14,,,21.0,,
Santa Ana,2026-09-01 15:00:00,29,,,29.0,,
Santa Ana,2026-09-01 15:00:00,32,,,26.0,,
Santa Ana,2026-09-01 15:00:00,35,,,22.0,,
Santa Ana,2026-09-01 15:00:00,38,,,22.0,,
Santa Ana,2026-09-01 15:00:00,53,,,32.0,,
Santa Ana,2026-09-01 15:00:00,56,,,27.0,,
Santa Ana,2026-09-01 15:00:00,59,,,23.0,,
Santa Ana,2026-09-01 15:00:00,62,,,23.0,,
Santa Ana,2026-09-01 15:00:00,68,,,31.0,,
Santa Ana,2026-09-01 15:00:00,77,,,31.0,,
Santa Ana,2026-09-01 15:00:00,80,,,27.0,,
Santa Ana,2026-09-01 15:00:00,83,,,23.0,,
Santa Ana,2026-09-01 15:00:00,86,,,23.0,,
Santa Ana,2026-09-01 15:00:00,89,,,27.0,,
Santa Ana,2026-09-01 15:00:00,92,,,31.0,,
Santa Ana,2026-09-01 15:00:00,95,,,36.0,,
Santa Ana,2026-09-01 15:00:00,101,,,33.0,,
Santa Ana,2026-09-01 15:00:00,104,,,30.0,,
Santa Ana,2026-09-02 10:00:00,16,27.0,,,,
Santa Ana,2026-09-02 10:00:00,19,26.0,,,,
Santa Ana,2026-09-02 10:00:00,22,26.0,,,,
Santa Ana,2026-09-02 10:00:00,31,37.0,,,,
Santa Ana,2026-09-02 10:00:00,34,25.0,,,,
Santa Ana,2026-09-02 10:00:00,37,27.0,,,,
Santa Ana,2026-09-02 10:00:00,40,26.0,,,,
Santa Ana,2026-09-02 10:00:00,88,89.0,3.0,,,
Santa Ana,2026-09-02 10:00:00,91,90.0,2.6,27.0,3.3,130.0
Santa Ana,2026-09-02 10:00:00,94,89.0,2.3,27.0,3.7,127.0
Santa Ana,2026-09-02 10:00:00,97,88.0,0.8,30.0,3.9,127.0
Santa Ana,2026-09-02 10:00:00,100,57.0,0.0,33.0,4.2,117.0
Santa Ana,2026-09-02 10:00:00,103,57.0,0.0,31.0,4.3,140.0
Santa Ana,2026-09-02 10:00:00,106,57.0,0.0,29.0,4.2,160.0
Santa Ana,2026-09-02 10:00:00,109,56.0,0.0,27.0,4.6,160.0
Santa Ana,2026-09-02 10:00:00,112,56.0,0.0,24.0,4.9,150.0
Santa Ana,2026-09-02 15:00:00,23,,,36.0,,
Santa Ana,2026-09-02 15:00:00,26,,,36.0,,
Santa Ana,2026-09-02 15:00:00,35,,,22.0,,
Santa Ana,2026-09-02 15:00:00,38,,,22.0,,
Santa Ana,2026-09-02 15:00:00,71,,,37.0,,
Santa Ana,2026-09-02 15:00:00,74,,,37.0,,
Santa Ana,2026-09-02 15:00:00,80,,,26.0,,
Santa Ana,2026-09-02 15:00:00,83,,,20.0,,
Santa Ana,2026-09-02 15:00:00,86,,,20.0,,
Santa Ana,2026-09-02 15:00:00,98,,,33.0,,
Santa Cruz - Trompillo,2026-08-31 13:00:00,1,56.0,0.0,31.0,7.2,320.0
Santa Cruz - Trompillo,2026-08-31 13:00:00,4,56.0,0.0,31.0,4.8,320.0
Santa Cruz - Trompillo,2026-08-31 13:00:00,7,89.0,1.8,27.0,2.4,318.0
Santa Cruz - Trompillo,2026-08-31 13:00:00,10,89.0,1.4,23.0,4.7,248.0
Santa Cruz - Trompillo,2026-08-31 13:00:00,13,89.0,1.4,22.0,6.9,170.0
Santa Cruz - Trompillo,2026-08-31 13:00:00,16,89.0,1.6,22.0,7.6,162.0
Santa Cruz - Trompillo,2026-08-31 13:00:00,19,88.0,1.5,24.0,7.2,152.0
Santa Cruz - Trompillo,2026-08-31 13:00:00,22,88.0,1.2,24.0,6.7,150.0
Santa Cruz - Trompillo,2026-08-31 13:00:00,25,56.0,0.0,28.0,6.1,140.0
Santa Cruz - Trompillo,2026-08-31 13:00:00,28,55.0,0.0,28.0,5.2,152.0
Santa Cruz - Trompillo,2026-08-31 13:00:00,31,35.0,0.0,25.0,4.2,162.0
Santa Cruz - Trompillo,2026-08-31 13:00:00,34,36.0,0.0,24.0,4.3,172.0
Santa Cruz - Trompillo,2026-08-31 13:00:00,37,55.0,0.0,22.0,4.4,172.0
Santa Cruz - Trompillo,2026-08-31 13:00:00,40,57.0,0.0,22.0,4.0,172.0
Santa Cruz - Trompillo,2026-08-31 13:00:00,43,57.0,0.0,23.0,4.5,162.0
Santa Cruz - Trompillo,2026-08-31 13:00:00,46,55.0,0.0,27.0,3.4,120.0
Santa Cruz - Trompillo,2026-08-31 13:00:00,49,36.0,0.0,30.0,2.2,76.0
Santa Cruz - Trompillo,2026-08-31 13:00:00,52,36.0,0.0,30.0,1.5,136.0
Santa Cruz - Trompillo,2026-08-31 13:00:00,55,27.0,0.0,26.0,0.7,221.0
Santa Cruz - Trompillo,2026-08-31 13:00:00,58,25.0,0.0,23.0,1.1,197.0
Santa Cruz - Trompillo,2026-08-31 13:00:00,61,26.0,0.0,22.0,1.5,172.0
Santa Cruz - Trompillo,2026-08-31 13:00:00,64,26.0,0.0,22.0,3.0,320.0
Santa Cruz - Trompillo,2026-08-31 13:00:00,67,27.0,0.0,23.0,3.7,331.0
Santa Cruz - Trompillo,2026-08-31 13:00:00,70,26.0,0.0,27.0,6.2,331.0
Santa Cruz - Trompillo,2026-08-31 13:00:00,73,37.0,0.0,33.0,8.7,330.0
Santa Cruz - Trompillo,2026-08-31 13:00:00,76,36.0,0.0,33.0,7.2,332.0
Santa Cruz - Trompillo,2026-08-31 13:00:00,79,26.0,0.0,28.0,5.6,332.0
Santa Cruz - Trompillo,2026-08-31 13:00:00,82,25.0,0.0,24.0,4.5,322.0
Santa Cruz - Trompillo,2026-08-31 13:00:00,85,36.0,0.0,22.0,3.5,312.0
Santa Cruz - Trompillo,2026-08-31 13:00:00,88,36.0,0.0,22.0,3.0,297.0
Santa Cruz - Trompillo,2026-08-31 13:00:00,91,36.0,0.0,28.0,2.6,280.0
Santa Cruz - Trompillo,2026-08-31 13:00:00,94,56.0,0.0,29.0,5.2,307.0
Santa Cruz - Trompillo,2026-08-31 13:00:00,97,56.0,0.0,33.0,7.8,330.0
Santa Cruz - Trompillo,2026-08-31 13:00:00,100,56.0,0.0,33.0,6.8,332.0
Santa Cruz - Trompillo,2026-08-31 13:00:00,103,56.0,0.0,29.0,5.9,331.0
Santa Cruz - Trompillo,2026-08-31 13:00:00,106,56.0,0.0,22.0,3.6,342.0
Santa Cruz - Trompillo,2026-08-31 13:00:00,109,36.0,0.0,22.0,1.3,344.0
Santa Cruz - Trompillo,2026-09-01 11:00:00,15,56.0,,,,
Santa Cruz - Trompillo,2026-09-01 11:00:00,18,56.0,,,,
Santa Cruz - Trompillo,2026-09-01 11:00:00,21,56.0,,,,
Santa Cruz - Trompillo,2026-09-01 11:00:00,24,56.0,,,,
Santa Cruz - Trompillo,2026-09-01 11:00:00,33,26.0,,,,
Santa Cruz - Trompillo,2026-09-01 11:00:00,36,26.0,,,,
Santa Cruz - Trompillo,2026-09-01 11:00:00,90,36.0,0.0,26.0,6.1,168.0
Santa Cruz - Trompillo,2026-09-01 11:00:00,93,36.0,0.0,26.0,6.6,168.0
Santa Cruz - Trompillo,2026-09-01 11:00:00,96,35.0,0.0,30.0,5.1,148.0
Santa Cruz - Trompillo,2026-09-01 11:00:00,99,37.0,0.0,34.0,3.6,128.0
Santa Cruz - Trompillo,2026-09-01 11:00:00,102,37.0,0.0,31.0,6.1,150.0
Santa Cruz - Trompillo,2026-09-01 11:00:00,105,35.0,0.0,27.0,8.6,170.0
Santa Cruz - Trompillo,2026-09-01 11:00:00,108,36.0,0.0,24.0,8.8,170.0
Santa Cruz - Trompillo,2026-09-01 11:00:00,111,36.0,0.0,21.0,9.0,170.0
Santa Cruz - Trompillo,2026-09-01 15:00:00,11,,,18.0,,
Santa Cruz - Trompillo,2026-09-01 15:00:00,14,,,18.0,,
Santa Cruz - Trompillo,2026-09-01 15:00:00,20,,,26.0,,
Santa Cruz - Trompillo,2026-09-01 15:00:00,23,,,28.0,,
Santa Cruz - Trompillo,2026-09-01 15:00:00,26,,,28.0,,
Santa Cruz - Trompillo,2026-09-01 15:00:00,35,,,20.0,,
Santa Cruz - Trompillo,2026-09-01 15:00:00,38,,,20.0,,
Santa Cruz - Trompillo,2026-09-01 15:00:00,47,,,31.0,,
Santa Cruz - Trompillo,2026-09-01 15:00:00,50,,,31.0,,
Santa Cruz - Trompillo,2026-09-01 15:00:00,59,,,21.0,,
Santa Cruz - Trompillo,2026-09-01 15:00:00,62,,,21.0,,
Santa Cruz - Trompillo,2026-09-01 15:00:00,65,,,27.0,,
Santa Cruz - Trompillo,2026-09-01 15:00:00,71,,,31.0,,
Santa Cruz - Trompillo,2026-09-01 15:00:00,74,,,31.0,,
Santa Cruz - Trompillo,2026-09-01 15:00:00,80,,,23.0,,
Santa Cruz - Trompillo,2026-09-01 15:00:00,83,,,19.0,,
Santa Cruz - Trompillo,2026-09-01 15:00:00,86,,,19.0,,
Santa Cruz - Trompillo,2026-09-01 15:00:00,89,,,24.0,,
Santa Cruz - Trompillo,2026-09-01 15:00:00,92,,,26.0,,
Santa Cruz - Trompillo,2026-09-01 15:00:00,95,,,28.0,,
Santa Cruz - Trompillo,2026-09-01 15:00:00,98,,,28.0,,
Santa Cruz - Trompillo,2026-09-01 15:00:00,101,,,26.0,,
Santa Cruz - Trompillo,2026-09-01 15:00:00,104,,,23.0,,
Santa Cruz - Trompillo,2026-09-02 10:00:00,19,27.0,,,,
Santa Cruz - Trompillo,2026-09-02 10:00:00,22,26.0,,,,
Santa Cruz - Trompillo,2026-09-02 10:00:00,28,26.0,,,,
Santa Cruz - Trompillo,2026-09-02 10:00:00,31,27.0,,,,
Santa Cruz - Trompillo,2026-09-02 10:00:00,34,27.0,,,,
Santa Cruz - Trompillo,2026-09-02 10:00:00,37,26.0,,,,
Santa Cruz - Trompillo,2026-09-02 10:00:00,40,26.0,,,,
Santa Cruz - Trompillo,2026-09-02 10:00:00,88,55.0,,,,
Santa Cruz - Trompillo,2026-09-02 10:00:00,91,57.0,0.0,23.0,7.7,168.0
Santa Cruz - Trompillo,2026-09-02 10:00:00,94,57.0,0.0,21.0,7.5,160.0
Santa Cruz - Trompillo,2026-09-02 10:00:00,97,56.0,0.0,23.0,7.0,150.0
Santa Cruz - Trompillo,2026-09-02 10:00:00,100,55.0,0.0,25.0,6.4,140.0
Santa Cruz - Trompillo,2026-09-02 10:00:00,103,56.0,0.0,24.0,5.8,150.0
Santa Cruz - Trompillo,2026-09-02 10:00:00,106,56.0,0.0,23.0,5.2,160.0
Santa Cruz - Trompillo,2026-09-02 10:00:00,109,56.0,0.0,21.0,5.8,168.0
Santa Cruz - Trompillo,2026-09-02 10:00:00,112,57.0,0.0,19.0,6.4,168.0
Santa Cruz - Trompillo,2026-09-02 15:00:00,11,,,21.0,,
Santa Cruz - Trompillo,2026-09-02 15:00:00,14,,,21.0,,
Santa Cruz - Trompillo,2026-09-02 15:00:00,23,,,32.0,,
Santa Cruz - Trompillo,2026-09-02 15:00:00,26,,,32.0,,
Santa Cruz - Trompillo,2026-09-02 15:00:00,56,,,25.0,,
Santa Cruz - Trompillo,2026-09-02 15:00:00,62,,,22.0,,
Santa Cruz - Trompillo,2026-09-02 15:00:00,65,,,25.0,,
Santa Cruz - Trompillo,2026-09-02 15:00:00,68,,,27.0,,
Santa Cruz - Trompillo,2026-09-02 15:00:00,71,,,29.0,,
Santa Cruz - Trompillo,2026-09-02 15:00:00,74,,,29.0,,
Santa Cruz - Trompillo,2026-09-02 15:00:00,83,,,20.0,,
Santa Cruz - Trompillo,2026-09-02 15:00:00,86,,,20.0,,
Santa Cruz - Trompillo,2026-09-02 15:00:00,95,,,24.0,,
Santa Cruz - Trompillo,2026-09-02 15:00:00,107,,,20.0,,
Santa Cruz - Viru Viru,2026-08-31 13:00:00,1,56.0,0.0,32.0,7.3,310.0
Santa Cruz - Viru Viru,2026-08-31 13:00:00,4,56.0,0.0,32.0,4.7,312.0
Santa Cruz - Viru Viru,2026-08-31 13:00:00,7,89.0,0.9,27.0,2.1,312.0
Santa Cruz - Viru Viru,2026-08-31 13:00:00,10,88.0,1.5,24.0,4.6,242.0
Santa Cruz - Viru Viru,2026-08-31 13:00:00,13,89.0,1.0,22.0,7.1,170.0
Santa Cruz - Viru Viru,2026-08-31 13:00:00,16,89.0,1.1,22.0,7.8,160.0
Santa Cruz - Viru Viru,2026-08-31 13:00:00,19,89.0,0.9,24.0,7.2,150.0
Santa Cruz - Viru Viru,2026-08-31 13:00:00,22,90.0,1.2,25.0,6.8,145.0
Santa Cruz - Viru Viru,2026-08-31 13:00:00,25,56.0,0.0,30.0,6.3,135.0
Santa Cruz - Viru Viru,2026-08-31 13:00:00,28,56.0,0.0,30.0,5.1,145.0
Santa Cruz - Viru Viru,2026-08-31 13:00:00,31,36.0,0.0,25.0,3.9,154.0
Santa Cruz - Viru Viru,2026-08-31 13:00:00,34,36.0,0.0,24.0,4.3,164.0
Santa Cruz - Viru Viru,2026-08-31 13:00:00,37,56.0,0.0,22.0,4.7,164.0
Santa Cruz - Viru Viru,2026-08-31 13:00:00,40,56.0,0.0,22.0,4.2,164.0
Santa Cruz - Viru Viru,2026-08-31 13:00:00,43,56.0,0.0,23.0,4.6,161.0
Santa Cruz - Viru Viru,2026-08-31 13:00:00,46,57.0,0.0,28.0,3.1,132.0
Santa Cruz - Viru Viru,2026-08-31 13:00:00,49,36.0,0.0,31.0,1.5,98.0
Santa Cruz - Viru Viru,2026-08-31 13:00:00,52,36.0,0.0,31.0,1.1,161.0
Santa Cruz - Viru Viru,2026-08-31 13:00:00,55,27.0,0.0,27.0,0.7,217.0
Santa Cruz - Viru Viru,2026-08-31 13:00:00,58,26.0,0.0,23.0,1.1,185.0
Santa Cruz - Viru Viru,2026-08-31 13:00:00,61,26.0,0.0,22.0,1.5,154.0
Santa Cruz - Viru Viru,2026-08-31 13:00:00,64,27.0,0.0,22.0,3.0,315.0
Santa Cruz - Viru Viru,2026-08-31 13:00:00,67,26.0,0.0,23.0,3.8,332.0
Santa Cruz - Viru Viru,2026-08-31 13:00:00,70,26.0,0.0,28.0,6.2,332.0
Santa Cruz - Viru Viru,2026-08-31 13:00:00,73,36.0,0.0,34.0,8.5,330.0
Santa Cruz - Viru Viru,2026-08-31 13:00:00,76,36.0,0.0,34.0,6.6,332.0
Santa Cruz - Viru Viru,2026-08-31 13:00:00,79,26.0,0.0,28.0,4.6,332.0
Santa Cruz - Viru Viru,2026-08-31 13:00:00,82,26.0,0.0,24.0,3.8,315.0
Santa Cruz - Viru Viru,2026-08-31 13:00:00,85,37.0,0.0,22.0,2.9,294.0
Santa Cruz - Viru Viru,2026-08-31 13:00:00,88,36.0,0.0,22.0,2.9,310.0
Santa Cruz - Viru Viru,2026-08-31 13:00:00,91,36.0,0.0,27.0,3.0,316.0
Santa Cruz - Viru Viru,2026-08-31 13:00:00,94,56.0,0.0,29.0,5.3,320.0
Santa Cruz - Viru Viru,2026-08-31 13:00:00,97,57.0,0.0,34.0,7.6,320.0
Santa Cruz - Viru Viru,2026-08-31 13:00:00,100,56.0,0.0,34.0,6.9,330.0
Santa Cruz - Viru Viru,2026-08-31 13:00:00,103,57.0,0.0,30.0,6.2,331.0
Santa Cruz - Viru Viru,2026-08-31 13:00:00,106,56.0,0.0,22.0,3.8,324.0
Santa Cruz - Viru Viru,2026-08-31 13:00:00,109,36.0,0.0,22.0,1.6,314.0
Santa Cruz - Viru Viru,2026-09-01 11:00:00,24,56.0,,,,
Santa Cruz - Viru Viru,2026-09-01 11:00:00,33,26.0,,,,
Santa Cruz - Viru Viru,2026-09-01 11:00:00,90,36.0,0.0,27.0,6.1,161.0
Santa Cruz - Viru Viru,2026-09-01 11:00:00,93,37.0,0.0,27.0,6.6,162.0
Santa Cruz - Viru Viru,2026-09-01 11:00:00,96,36.0,0.0,31.0,5.0,152.0
Santa Cruz - Viru Viru,2026-09-01 11:00:00,99,36.0,0.0,35.0,3.4,137.0
Santa Cruz - Viru Viru,2026-09-01 11:00:00,102,36.0,0.0,32.0,5.9,157.0
Santa Cruz - Viru Viru,2026-09-01 11:00:00,105,36.0,0.0,28.0,8.5,171.0
Santa Cruz - Viru Viru,2026-09-01 11:00:00,108,36.0,0.0,25.0,8.9,171.0
Santa Cruz - Viru Viru,2026-09-01 11:00:00,111,35.0,0.0,21.0,9.4,164.0
Santa Cruz - Viru Viru,2026-09-01 15:00:00,11,,,18.0,,
Santa Cruz - Viru Viru,2026-09-01 15:00:00,14,,,18.0,,
Santa Cruz - Viru Viru,2026-09-01 15:00:00,20,,,27.0,,
Santa Cruz - Viru Viru,2026-09-01 15:00:00,23,,,29.0,,
Santa Cruz - Viru Viru,2026-09-01 15:00:00,26,,,29.0,,
Santa Cruz - Viru Viru,2026-09-01 15:00:00,35,,,20.0,,
Santa Cruz - Viru Viru,2026-09-01 15:00:00,38,,,20.0,,
Santa Cruz - Viru Viru,2026-09-01 15:00:00,47,,,32.0,,
Santa Cruz - Viru Viru,2026-09-01 15:00:00,50,,,32.0,,
Santa Cruz - Viru Viru,2026-09-01 15:00:00,59,,,21.0,,
Santa Cruz - Viru Viru,2026-09-01 15:00:00,62,,,21.0,,
Santa Cruz - Viru Viru,2026-09-01 15:00:00,65,,,26.0,,
Santa Cruz - Viru Viru,2026-09-01 15:00:00,71,,,32.0,,
Santa Cruz - Viru Viru,2026-09-01 15:00:00,74,,,32.0,,
Santa Cruz - Viru Viru,2026-09-01 15:00:00,80,,,23.0,,
Santa Cruz - Viru Viru,2026-09-01 15:00:00,83,,,19.0,,
Santa Cruz - Viru Viru,2026-09-01 15:00:00,86,,,19.0,,
Santa Cruz - Viru Viru,2026-09-01 15:00:00,89,,,24.0,,
Santa Cruz - Viru Viru,2026-09-01 15:00:00,92,,,27.0,,
Santa Cruz - Viru Viru,2026-09-01 15:00:00,95,,,29.0,,
Santa Cruz - Viru Viru,2026-09-01 15:00:00,98,,,29.0,,
Santa Cruz - Viru Viru,2026-09-01 15:00:00,101,,,27.0,,
Santa Cruz - Viru Viru,2026-09-01 15:00:00,104,,,24.0,,
Santa Cruz - Viru Viru,2026-09-02 10:00:00,28,26.0,,,,
Santa Cruz - Viru Viru,2026-09-02 10:00:00,31,26.0,,,,
Santa Cruz - Viru Viru,2026-09-02 10:00:00,40,26.0,,,,
Santa Cruz - Viru Viru,2026-09-02 10:00:00,88,56.0,,,,
Santa Cruz - Viru Viru,2026-09-02 10:00:00,91,56.0,0.0,23.0,7.9,161.0
Santa Cruz - Viru Viru,2026-09-02 10:00:00,94,56.0,0.0,22.0,7.9,160.0
Santa Cruz - Viru Viru,2026-09-02 10:00:00,97,57.0,0.0,24.0,7.2,150.0
Santa Cruz - Viru Viru,2026-09-02 10:00:00,100,55.0,0.0,25.0,6.6,140.0
Santa Cruz - Viru Viru,2026-09-02 10:00:00,103,57.0,0.0,25.0,5.8,150.0
Santa Cruz - Viru Viru,2026-09-02 10:00:00,106,56.0,0.0,24.0,5.0,150.0
Santa Cruz - Viru Viru,2026-09-02 10:00:00,109,56.0,0.0,22.0,5.7,160.0
Santa Cruz - Viru Viru,2026-09-02 10:00:00,112,55.0,0.0,19.0,6.4,161.0
Santa Cruz - Viru Viru,2026-09-02 15:00:00,23,,,33.0,,
Santa Cruz - Viru Viru,2026-09-02 15:00:00,26,,,33.0,,
Santa Cruz - Viru Viru,2026-09-02 15:00:00,56,,,26.0,,
Santa Cruz - Viru Viru,2026-09-02 15:00:00,62,,,22.0,,
Santa Cruz - Viru Viru,2026-09-02 15:00:00,65,,,25.0,,
Santa Cruz - Viru Viru,2026-09-02 15:00:00,71,,,30.0,,
Santa Cruz - Viru Viru,2026-09-02 15:00:00,74,,,30.0,,
Santa Cruz - Viru Viru,2026-09-02 15:00:00,83,,,20.0,,
Santa Cruz - Viru Viru,2026-09-02 15:00:00,86,,,20.0,,
Santa Cruz - Viru Viru,2026-09-02 15:00:00,89,,,21.0,,
Santa Cruz - Viru Viru,2026-09-02 15:00:00,92,,,23.0,,
Santa Cruz - Viru Viru,2026-09-02 15:00:00,104,,,21.0,,
Santa Cruz - Viru Viru,2026-09-02 15:00:00,107,,,20.0,,
Santa Rosa,2026-08-31 13:00:00,1,36.0,0.0,36.0,5.7,320.0
Santa Rosa,2026-08-31 13:00:00,4,36.0,0.0,36.0,4.1,294.0
Santa Rosa,2026-08-31 13:00:00,7,36.0,0.0,31.0,2.5,264.0
Santa Rosa,2026-08-31 13:00:00,10,36.0,0.0,26.0,2.3,300.0
Santa Rosa,2026-08-31 13:00:00,13,57.0,0.0,19.0,2.1,334.0
Santa Rosa,2026-08-31 13:00:00,16,56.0,0.0,19.0,1.6,253.0
Santa Rosa,2026-08-31 13:00:00,19,56.0,0.0,24.0,2.0,191.0
Santa Rosa,2026-08-31 13:00:00,22,56.0,0.0,25.0,2.5,178.0
Santa Rosa,2026-08-31 13:00:00,25,84.0,1.2,28.0,3.1,160.0
Santa Rosa,2026-08-31 13:00:00,28,83.0,1.0,28.0,3.4,170.0
Santa Rosa,2026-08-31 13:00:00,31,89.0,1.5,26.0,3.7,170.0
Santa Rosa,2026-08-31 13:00:00,34,89.0,0.5,24.0,3.1,170.0
Santa Rosa,2026-08-31 13:00:00,37,57.0,0.0,16.0,2.6,170.0
Santa Rosa,2026-08-31 13:00:00,40,36.0,0.0,16.0,2.8,150.0
Santa Rosa,2026-08-31 13:00:00,43,36.0,0.0,23.0,3.3,150.0
Santa Rosa,2026-08-31 13:00:00,46,37.0,0.0,24.0,2.3,130.0
Santa Rosa,2026-08-31 13:00:00,49,36.0,0.0,30.0,1.3,106.0
Santa Rosa,2026-08-31 13:00:00,52,36.0,0.0,30.0,1.3,50.0
Santa Rosa,2026-08-31 13:00:00,55,25.0,0.0,26.0,1.3,350.0
Santa Rosa,2026-08-31 13:00:00,58,26.0,0.0,24.0,1.7,300.0
Santa Rosa,2026-08-31 13:00:00,61,35.0,0.0,17.0,2.2,240.0
Santa Rosa,2026-08-31 13:00:00,64,36.0,0.0,17.0,1.9,274.0
Santa Rosa,2026-08-31 13:00:00,67,36.0,0.0,24.0,2.1,314.0
Santa Rosa,2026-08-31 13:00:00,70,36.0,0.0,27.0,3.3,324.0
Santa Rosa,2026-08-31 13:00:00,73,76.0,2.5,31.0,4.4,330.0
Santa Rosa,2026-08-31 13:00:00,76,76.0,2.2,31.0,3.5,316.0
Santa Rosa,2026-08-31 13:00:00,79,36.0,0.0,28.0,2.5,296.0
Santa Rosa,2026-08-31 13:00:00,82,36.0,0.0,22.0,2.4,330.0
Santa Rosa,2026-08-31 13:00:00,85,36.0,0.0,19.0,2.3,360.0
Santa Rosa,2026-08-31 13:00:00,88,36.0,0.0,19.0,2.7,320.0
Santa Rosa,2026-08-31 13:00:00,91,36.0,0.0,25.0,3.2,336.0
Santa Rosa,2026-08-31 13:00:00,94,36.0,0.0,26.0,3.9,330.0
Santa Rosa,2026-08-31 13:00:00,97,36.0,0.0,32.0,4.7,320.0
Santa Rosa,2026-08-31 13:00:00,100,36.0,0.0,32.0,3.9,320.0
Santa Rosa,2026-08-31 13:00:00,103,56.0,0.0,29.0,3.1,310.0
Santa Rosa,2026-08-31 13:00:00,106,56.0,0.0,19.0,2.8,321.0
Santa Rosa,2026-08-31 13:00:00,109,36.0,0.0,19.0,2.7,327.0
Santa Rosa,2026-09-01 11:00:00,90,37.0,0.0,30.0,2.5,330.0
Santa Rosa,2026-09-01 11:00:00,93,36.0,0.0,30.0,2.9,320.0
Santa Rosa,2026-09-01 11:00:00,96,36.0,0.0,35.0,4.4,320.0
Santa Rosa,2026-09-01 11:00:00,99,36.0,0.0,40.0,5.9,316.0
Santa Rosa,2026-09-01 11:00:00,102,37.0,0.0,36.0,3.8,304.0
Santa Rosa,2026-09-01 11:00:00,105,36.0,0.0,31.0,1.8,289.0
Santa Rosa,2026-09-01 11:00:00,108,36.0,0.0,27.0,1.7,229.0
Santa Rosa,2026-09-01 11:00:00,111,36.0,0.0,23.0,1.6,164.0
Santa Rosa,2026-09-01 15:00:00,11,,,21.0,,
Santa Rosa,2026-09-01 15:00:00,14,,,21.0,,
Santa Rosa,2026-09-01 15:00:00,17,,,24.0,,
Santa Rosa,2026-09-01 15:00:00,20,,,28.0,,
Santa Rosa,2026-09-01 15:00:00,23,,,31.0,,
Santa Rosa,2026-09-01 15:00:00,26,,,31.0,,
Santa Rosa,2026-09-01 15:00:00,29,,,28.0,,
Santa Rosa,2026-09-01 15:00:00,32,,,25.0,,
Santa Rosa,2026-09-01 15:00:00,35,,,22.0,,
Santa Rosa,2026-09-01 15:00:00,38,,,22.0,,
Santa Rosa,2026-09-01 15:00:00,41,,,26.0,,
Santa Rosa,2026-09-01 15:00:00,44,,,29.0,,
Santa Rosa,2026-09-01 15:00:00,47,,,33.0,,
Santa Rosa,2026-09-01 15:00:00,50,,,33.0,,
Santa Rosa,2026-09-01 15:00:00,53,,,30.0,,
Santa Rosa,2026-09-01 15:00:00,56,,,27.0,,
Santa Rosa,2026-09-01 15:00:00,59,,,22.0,,
Santa Rosa,2026-09-01 15:00:00,62,,,22.0,,
Santa Rosa,2026-09-01 15:00:00,65,,,26.0,,
Santa Rosa,2026-09-01 15:00:00,68,,,29.0,,
Santa Rosa,2026-09-01 15:00:00,71,,,34.0,,
Santa Rosa,2026-09-01 15:00:00,74,,,34.0,,
Santa Rosa,2026-09-01 15:00:00,80,,,25.0,,
Santa Rosa,2026-09-01 15:00:00,83,,,22.0,,
Santa Rosa,2026-09-01 15:00:00,86,,,22.0,,
Santa Rosa,2026-09-01 15:00:00,89,,,26.0,,
Santa Rosa,2026-09-01 15:00:00,92,,,30.0,,
Santa Rosa,2026-09-01 15:00:00,95,,,34.0,,
Santa Rosa,2026-09-01 15:00:00,98,,,34.0,,
Santa Rosa,2026-09-01 15:00:00,101,,,32.0,,
Santa Rosa,2026-09-01 15:00:00,104,,,28.0,,
Santa Rosa,2026-09-01 15:00:00,107,,,25.0,,
Santa Rosa,2026-09-02 10:00:00,16,27.0,,,,
Santa Rosa,2026-09-02 10:00:00,19,26.0,,,,
Santa Rosa,2026-09-02 10:00:00,22,26.0,,,,
Santa Rosa,2026-09-02 10:00:00,25,26.0,,,,
Santa Rosa,2026-09-02 10:00:00,28,37.0,0.0,,,
Santa Rosa,2026-09-02 10:00:00,31,36.0,0.0,,,
Santa Rosa,2026-09-02 10:00:00,34,26.0,,,,
Santa Rosa,2026-09-02 10:00:00,37,26.0,,,,
Santa Rosa,2026-09-02 10:00:00,40,26.0,,,,
Santa Rosa,2026-09-02 10:00:00,88,90.0,2.9,,,
Santa Rosa,2026-09-02 10:00:00,91,89.0,1.5,25.0,3.4,164.0
Santa Rosa,2026-09-02 10:00:00,94,89.0,3.8,25.0,4.1,144.0
Santa Rosa,2026-09-02 10:00:00,97,88.0,2.5,30.0,4.0,124.0
Santa Rosa,2026-09-02 10:00:00,100,36.0,0.0,35.0,3.9,94.0
Santa Rosa,2026-09-02 10:00:00,103,36.0,0.0,31.0,3.2,114.0
Santa Rosa,2026-09-02 10:00:00,106,56.0,0.0,27.0,2.5,133.0
Santa Rosa,2026-09-02 10:00:00,109,56.0,0.0,25.0,3.2,144.0
Santa Rosa,2026-09-02 10:00:00,112,57.0,0.0,24.0,3.9,150.0
Santa Rosa,2026-09-02 15:00:00,11,,,21.0,,
Santa Rosa,2026-09-02 15:00:00,14,,,21.0,,
Santa Rosa,2026-09-02 15:00:00,23,,,35.0,,
Santa Rosa,2026-09-02 15:00:00,26,,,35.0,,
Santa Rosa,2026-09-02 15:00:00,35,,,20.0,,
Santa Rosa,2026-09-02 15:00:00,38,,,20.0,,
Santa Rosa,2026-09-02 15:00:00,59,,,20.0,,
Santa Rosa,2026-09-02 15:00:00,62,,,20.0,,
Santa Rosa,2026-09-02 15:00:00,71,,,35.0,,
Santa Rosa,2026-09-02 15:00:00,74,,,35.0,,
Santa Rosa,2026-09-02 15:00:00,83,,,18.0,,
Santa Rosa,2026-09-02 15:00:00,86,,,18.0,,
Santa Rosa,2026-09-02 15:00:00,89,,,22.0,,
Santa Rosa,2026-09-02 15:00:00,92,,,26.0,,
Santa Rosa,2026-09-02 15:00:00,95,,,30.0,,
Santa Rosa,2026-09-02 15:00:00,98,,,30.0,,
Santa Rosa,2026-09-02 15:00:00,101,,,26.0,,
Santa Rosa,2026-09-02 15:00:00,104,,,24.0,,
Santa Rosa,2026-09-02 15:00:00,107,,,22.0,,
Santos Mercado - PD,2026-08-31 13:00:00,1,37.0,0.0,36.0,2.6,340.0
Santos Mercado - PD,2026-08-31 13:00:00,4,37.0,0.0,36.0,2.2,350.0
Santos Mercado - PD,2026-08-31 13:00:00,7,36.0,0.0,32.0,1.7,350.0
Santos Mercado - PD,2026-08-31 13:00:00,10,36.0,0.0,27.0,1.6,350.0
Santos Mercado - PD,2026-08-31 13:00:00,13,35.0,0.0,24.0,1.5,350.0
Santos Mercado - PD,2026-08-31 13:00:00,16,36.0,0.0,24.0,1.8,330.0
Santos Mercado - PD,2026-08-31 13:00:00,19,35.0,0.0,26.0,2.3,320.0
Santos Mercado - PD,2026-08-31 13:00:00,22,37.0,0.0,30.0,2.0,320.0
Santos Mercado - PD,2026-08-31 13:00:00,25,56.0,0.0,37.0,1.6,310.0
Santos Mercado - PD,2026-08-31 13:00:00,28,55.0,0.0,37.0,1.6,301.0
Santos Mercado - PD,2026-08-31 13:00:00,31,56.0,0.0,30.0,1.6,291.0
Santos Mercado - PD,2026-08-31 13:00:00,34,56.0,0.0,25.0,1.4,222.0
Santos Mercado - PD,2026-08-31 13:00:00,37,57.0,0.0,22.0,1.1,140.0
Santos Mercado - PD,2026-08-31 13:00:00,40,56.0,0.0,22.0,1.1,250.0
Santos Mercado - PD,2026-08-31 13:00:00,43,55.0,0.0,25.0,1.2,240.0
Santos Mercado - PD,2026-08-31 13:00:00,46,55.0,0.0,31.0,1.6,260.0
Santos Mercado - PD,2026-08-31 13:00:00,49,56.0,0.0,35.0,2.0,280.0
Santos Mercado - PD,2026-08-31 13:00:00,52,55.0,0.0,35.0,1.5,290.0
Santos Mercado - PD,2026-08-31 13:00:00,55,37.0,0.0,30.0,1.0,300.0
Santos Mercado - PD,2026-08-31 13:00:00,58,37.0,0.0,26.0,1.0,290.0
Santos Mercado - PD,2026-08-31 13:00:00,61,25.0,0.0,23.0,1.1,280.0
Santos Mercado - PD,2026-08-31 13:00:00,64,26.0,0.0,23.0,1.9,300.0
Santos Mercado - PD,2026-08-31 13:00:00,67,25.0,0.0,27.0,2.0,280.0
Santos Mercado - PD,2026-08-31 13:00:00,70,25.0,0.0,31.0,2.2,310.0
Santos Mercado - PD,2026-08-31 13:00:00,73,27.0,0.0,36.0,2.3,330.0
Santos Mercado - PD,2026-08-31 13:00:00,76,25.0,0.0,36.0,1.8,320.0
Santos Mercado - PD,2026-08-31 13:00:00,79,26.0,0.0,31.0,1.2,300.0
Santos Mercado - PD,2026-08-31 13:00:00,82,26.0,0.0,26.0,1.8,330.0
Santos Mercado - PD,2026-08-31 13:00:00,85,36.0,0.0,24.0,2.4,350.0
Santos Mercado - PD,2026-08-31 13:00:00,88,37.0,0.0,24.0,2.2,330.0
Santos Mercado - PD,2026-08-31 13:00:00,91,35.0,0.0,28.0,2.8,340.0
Santos Mercado - PD,2026-08-31 13:00:00,94,37.0,0.0,30.0,2.8,330.0
Santos Mercado - PD,2026-08-31 13:00:00,97,57.0,0.0,37.0,2.8,320.0
Santos Mercado - PD,2026-08-31 13:00:00,100,56.0,0.0,37.0,2.8,330.0
Santos Mercado - PD,2026-08-31 13:00:00,103,37.0,0.0,33.0,2.7,330.0
Santos Mercado - PD,2026-08-31 13:00:00,106,37.0,0.0,24.0,2.1,340.0
Santos Mercado - PD,2026-08-31 13:00:00,109,36.0,0.0,24.0,1.5,340.0
Santos Mercado - PD,2026-09-01 11:00:00,15,37.0,,,,
Santos Mercado - PD,2026-09-01 11:00:00,18,36.0,,,,
Santos Mercado - PD,2026-09-01 11:00:00,21,36.0,,,,
Santos Mercado - PD,2026-09-01 11:00:00,24,36.0,,,,
Santos Mercado - PD,2026-09-01 11:00:00,27,36.0,,,,
Santos Mercado - PD,2026-09-01 11:00:00,30,35.0,,,,
Santos Mercado - PD,2026-09-01 11:00:00,33,36.0,,,,
Santos Mercado - PD,2026-09-01 11:00:00,36,36.0,,,,
Santos Mercado - PD,2026-09-01 11:00:00,39,37.0,,,,
Santos Mercado - PD,2026-09-01 11:00:00,87,26.0,,,,
Santos Mercado - PD,2026-09-01 11:00:00,90,27.0,0.0,27.0,1.9,330.0
Santos Mercado - PD,2026-09-01 11:00:00,93,25.0,0.0,28.0,2.2,330.0
Santos Mercado - PD,2026-09-01 11:00:00,96,26.0,0.0,35.0,2.2,330.0
Santos Mercado - PD,2026-09-01 11:00:00,99,36.0,0.0,42.0,2.2,320.0
Santos Mercado - PD,2026-09-01 11:00:00,102,35.0,0.0,33.0,2.2,330.0
Santos Mercado - PD,2026-09-01 11:00:00,105,25.0,0.0,24.0,2.1,339.0
Santos Mercado - PD,2026-09-01 11:00:00,108,25.0,0.0,24.0,1.5,300.0
Santos Mercado - PD,2026-09-01 11:00:00,111,25.0,0.0,24.0,1.0,260.0
Santos Mercado - PD,2026-09-01 15:00:00,11,,,21.0,,
Santos Mercado - PD,2026-09-01 15:00:00,14,,,21.0,,
Santos Mercado - PD,2026-09-01 15:00:00,23,,,34.0,,
Santos Mercado - PD,2026-09-01 15:00:00,26,,,34.0,,
Santos Mercado - PD,2026-09-01 15:00:00,35,,,22.0,,
Santos Mercado - PD,2026-09-01 15:00:00,38,,,22.0,,
Santos Mercado - PD,2026-09-01 15:00:00,59,,,23.0,,
Santos Mercado - PD,2026-09-01 15:00:00,62,,,23.0,,
Santos Mercado - PD,2026-09-01 15:00:00,68,,,31.0,,
Santos Mercado - PD,2026-09-01 15:00:00,71,,,36.0,,
Santos Mercado - PD,2026-09-01 15:00:00,74,,,36.0,,
Santos Mercado - PD,2026-09-01 15:00:00,77,,,29.0,,
Santos Mercado - PD,2026-09-01 15:00:00,80,,,26.0,,
Santos Mercado - PD,2026-09-01 15:00:00,83,,,23.0,,
Santos Mercado - PD,2026-09-01 15:00:00,86,,,23.0,,
Santos Mercado - PD,2026-09-01 15:00:00,89,,,27.0,,
Santos Mercado - PD,2026-09-01 15:00:00,92,,,31.0,,
Santos Mercado - PD,2026-09-01 15:00:00,95,,,36.0,,
Santos Mercado - PD,2026-09-01 15:00:00,98,,,36.0,,
Santos Mercado - PD,2026-09-01 15:00:00,101,,,33.0,,
Santos Mercado - PD,2026-09-01 15:00:00,104,,,30.0,,
Santos Mercado - PD,2026-09-01 15:00:00,107,,,26.0,,
Santos Mercado - PD,2026-09-02 10:00:00,19,25.0,,,,
Santos Mercado - PD,2026-09-02 10:00:00,25,27.0,,,,
Santos Mercado - PD,2026-09-02 10:00:00,28,36.0,,,,
Santos Mercado - PD,2026-09-02 10:00:00,31,36.0,,,,
Santos Mercado - PD,2026-09-02 10:00:00,34,37.0,,,,
Santos Mercado - PD,2026-09-02 10:00:00,37,37.0,,,,
Santos Mercado - PD,2026-09-02 10:00:00,88,56.0,,,,
Santos Mercado - PD,2026-09-02 10:00:00,91,56.0,0.0,27.0,1.4,320.0
Santos Mercado - PD,2026-09-02 10:00:00,94,56.0,0.0,28.0,1.7,300.0
Santos Mercado - PD,2026-09-02 10:00:00,97,56.0,0.0,32.0,1.6,279.0
Santos Mercado - PD,2026-09-02 10:00:00,100,90.0,1.3,36.0,1.5,249.0
Santos Mercado - PD,2026-09-02 10:00:00,103,88.0,1.8,29.0,2.3,200.0
Santos Mercado - PD,2026-09-02 10:00:00,106,88.0,1.5,22.0,3.1,149.0
Santos Mercado - PD,2026-09-02 10:00:00,109,90.0,0.9,22.0,1.8,230.0
Santos Mercado - PD,2026-09-02 10:00:00,112,88.0,3.6,23.0,0.4,310.0
Santos Mercado - PD,2026-09-02 15:00:00,23,,,37.0,,
Santos Mercado - PD,2026-09-02 15:00:00,26,,,37.0,,
Santos Mercado - PD,2026-09-02 15:00:00,59,,,22.0,,
Santos Mercado - PD,2026-09-02 15:00:00,62,,,22.0,,
Santos Mercado - PD,2026-09-02 15:00:00,83,26.0,,20.0,,
Santos Mercado - PD,2026-09-02 15:00:00,86,26.0,,20.0,,
Santos Mercado - PD,2026-09-02 15:00:00,89,25.0,,25.0,,
Santos Mercado - PD,2026-09-02 15:00:00,92,26.0,,29.0,,
Santos Mercado - PD,2026-09-02 15:00:00,95,26.0,0.0,32.0,,
Santos Mercado - PD,2026-09-02 15:00:00,98,25.0,0.0,32.0,,
Santos Mercado - PD,2026-09-02 15:00:00,101,27.0,0.0,28.0,,
Santos Mercado - PD,2026-09-02 15:00:00,104,27.0,0.0,25.0,,
Santos Mercado - PD,2026-09-02 15:00:00,107,26.0,0.0,,,
Sena - PD,2026-08-31 13:00:00,1,36.0,0.0,35.0,3.0,320.0
Sena - PD,2026-08-31 13:00:00,4,36.0,0.0,35.0,2.3,332.0
Sena - PD,2026-08-31 13:00:00,7,36.0,0.0,29.0,1.6,340.0
Sena - PD,2026-08-31 13:00:00,10,36.0,0.0,25.0,1.7,348.0
Sena - PD,2026-08-31 13:00:00,13,36.0,0.0,23.0,1.8,350.0
Sena - PD,2026-08-31 13:00:00,16,36.0,0.0,23.0,1.5,330.0
Sena - PD,2026-08-31 13:00:00,19,36.0,0.0,26.0,1.7,330.0
Sena - PD,2026-08-31 13:00:00,22,36.0,0.0,31.0,1.9,320.0
Sena - PD,2026-08-31 13:00:00,25,56.0,0.0,36.0,1.9,305.0
Sena - PD,2026-08-31 13:00:00,28,56.0,0.0,36.0,1.9,240.0
Sena - PD,2026-08-31 13:00:00,31,57.0,0.0,32.0,1.8,171.0
Sena - PD,2026-08-31 13:00:00,34,56.0,0.0,26.0,1.6,168.0
Sena - PD,2026-08-31 13:00:00,37,56.0,0.0,21.0,1.5,165.0
Sena - PD,2026-08-31 13:00:00,40,56.0,0.0,21.0,1.6,125.0
Sena - PD,2026-08-31 13:00:00,43,56.0,0.0,26.0,1.9,135.0
Sena - PD,2026-08-31 13:00:00,46,56.0,0.0,30.0,1.5,108.0
Sena - PD,2026-08-31 13:00:00,49,56.0,0.0,34.0,1.1,79.0
Sena - PD,2026-08-31 13:00:00,52,56.0,0.0,34.0,1.0,166.0
Sena - PD,2026-08-31 13:00:00,55,36.0,0.0,29.0,1.0,250.0
Sena - PD,2026-08-31 13:00:00,58,36.0,0.0,25.0,0.9,250.0
Sena - PD,2026-08-31 13:00:00,61,26.0,0.0,22.0,0.7,250.0
Sena - PD,2026-08-31 13:00:00,64,26.0,0.0,22.0,1.1,260.0
Sena - PD,2026-08-31 13:00:00,67,26.0,0.0,26.0,1.4,280.0
Sena - PD,2026-08-31 13:00:00,70,26.0,0.0,31.0,2.0,300.0
Sena - PD,2026-08-31 13:00:00,73,26.0,0.0,35.0,2.6,313.0
Sena - PD,2026-08-31 13:00:00,76,26.0,0.0,35.0,2.0,325.0
Sena - PD,2026-08-31 13:00:00,79,26.0,0.0,30.0,1.4,335.0
Sena - PD,2026-08-31 13:00:00,82,26.0,0.0,24.0,1.5,325.0
Sena - PD,2026-08-31 13:00:00,85,36.0,0.0,23.0,1.5,310.0
Sena - PD,2026-08-31 13:00:00,88,36.0,0.0,23.0,1.1,290.0
Sena - PD,2026-08-31 13:00:00,91,36.0,0.0,27.0,1.6,330.0
Sena - PD,2026-08-31 13:00:00,94,36.0,0.0,29.0,2.1,320.0
Sena - PD,2026-08-31 13:00:00,97,55.0,0.0,36.0,2.6,300.0
Sena - PD,2026-08-31 13:00:00,100,56.0,0.0,36.0,1.9,330.0
Sena - PD,2026-08-31 13:00:00,103,36.0,0.0,32.0,1.2,355.0
Sena - PD,2026-08-31 13:00:00,106,36.0,0.0,23.0,1.4,330.0
Sena - PD,2026-08-31 13:00:00,109,36.0,0.0,23.0,1.5,305.0
Sena - PD,2026-09-01 11:00:00,15,36.0,,,,
Sena - PD,2026-09-01 11:00:00,18,37.0,,,,
Sena - PD,2026-09-01 11:00:00,21,36.0,,,,
Sena - PD,2026-09-01 11:00:00,24,36.0,,,,
Sena - PD,2026-09-01 11:00:00,27,37.0,,,,
Sena - PD,2026-09-01 11:00:00,30,36.0,,,,
Sena - PD,2026-09-01 11:00:00,39,36.0,,,,
Sena - PD,2026-09-01 11:00:00,87,26.0,,,,
Sena - PD,2026-09-01 11:00:00,90,26.0,0.0,28.0,1.5,338.0
Sena - PD,2026-09-01 11:00:00,93,26.0,0.0,29.0,1.6,333.0
Sena - PD,2026-09-01 11:00:00,96,26.0,0.0,35.0,2.0,326.0
Sena - PD,2026-09-01 11:00:00,99,36.0,0.0,41.0,2.5,313.0
Sena - PD,2026-09-01 11:00:00,102,36.0,0.0,33.0,2.1,307.0
Sena - PD,2026-09-01 11:00:00,105,26.0,0.0,26.0,1.7,295.0
Sena - PD,2026-09-01 11:00:00,108,26.0,0.0,24.0,1.5,305.0
Sena - PD,2026-09-01 11:00:00,111,26.0,0.0,23.0,1.3,310.0
Sena - PD,2026-09-01 15:00:00,11,,,19.0,,
Sena - PD,2026-09-01 15:00:00,14,,,19.0,,
Sena - PD,2026-09-01 15:00:00,23,,,32.0,,
Sena - PD,2026-09-01 15:00:00,26,,,32.0,,
Sena - PD,2026-09-01 15:00:00,35,,,20.0,,
Sena - PD,2026-09-01 15:00:00,38,,,20.0,,
Sena - PD,2026-09-01 15:00:00,47,,,36.0,,
Sena - PD,2026-09-01 15:00:00,50,,,36.0,,
Sena - PD,2026-09-01 15:00:00,56,,,25.0,,
Sena - PD,2026-09-01 15:00:00,59,,,21.0,,
Sena - PD,2026-09-01 15:00:00,62,,,21.0,,
Sena - PD,2026-09-01 15:00:00,65,,,26.0,,
Sena - PD,2026-09-01 15:00:00,80,,,27.0,,
Sena - PD,2026-09-01 15:00:00,83,,,22.0,,
Sena - PD,2026-09-01 15:00:00,86,,,22.0,,
Sena - PD,2026-09-01 15:00:00,89,,,27.0,,
Sena - PD,2026-09-01 15:00:00,92,,,31.0,,
Sena - PD,2026-09-01 15:00:00,95,,,36.0,,
Sena - PD,2026-09-01 15:00:00,98,,,36.0,,
Sena - PD,2026-09-01 15:00:00,101,,,30.0,,
Sena - PD,2026-09-01 15:00:00,104,,,28.0,,
Sena - PD,2026-09-01 15:00:00,107,,,25.0,,
Sena - PD,2026-09-02 10:00:00,28,36.0,,,,
Sena - PD,2026-09-02 10:00:00,31,36.0,,,,
Sena - PD,2026-09-02 10:00:00,34,36.0,,,,
Sena - PD,2026-09-02 10:00:00,37,36.0,,,,
Sena - PD,2026-09-02 10:00:00,88,56.0,,,,
Sena - PD,2026-09-02 10:00:00,91,56.0,0.0,26.0,0.9,240.0
Sena - PD,2026-09-02 10:00:00,94,56.0,0.0,24.0,0.6,179.0
Sena - PD,2026-09-02 10:00:00,97,56.0,0.0,27.0,1.5,249.0
Sena - PD,2026-09-02 10:00:00,100,89.0,1.3,30.0,2.3,347.0
Sena - PD,2026-09-02 10:00:00,103,89.0,2.1,26.0,1.5,313.0
Sena - PD,2026-09-02 10:00:00,106,89.0,2.9,23.0,0.7,277.0
Sena - PD,2026-09-02 10:00:00,109,89.0,2.4,22.0,1.0,212.0
Sena - PD,2026-09-02 10:00:00,112,89.0,2.5,22.0,1.3,145.0
Sena - PD,2026-09-02 15:00:00,41,,,25.0,,
Sena - PD,2026-09-02 15:00:00,47,,,35.0,,
Sena - PD,2026-09-02 15:00:00,50,,,35.0,,
Sena - PD,2026-09-02 15:00:00,59,,,20.0,,
Sena - PD,2026-09-02 15:00:00,62,,,20.0,,
Sena - PD,2026-09-02 15:00:00,71,,,35.0,,
Sena - PD,2026-09-02 15:00:00,74,,,35.0,,
Sena - PD,2026-09-02 15:00:00,80,,,25.0,,
Sena - PD,2026-09-02 15:00:00,83,,,18.0,,
Sena - PD,2026-09-02 15:00:00,86,26.0,,18.0,,
Sena - PD,2026-09-02 15:00:00,89,26.0,,,,
Sena - PD,2026-09-02 15:00:00,92,26.0,,,,
Sena - PD,2026-09-02 15:00:00,95,26.0,0.0,31.0,,
Sena - PD,2026-09-02 15:00:00,98,26.0,0.0,31.0,,
Sena - PD,2026-09-02 15:00:00,101,26.0,0.0,27.0,,
Sena - PD,2026-09-02 15:00:00,104,26.0,0.0,24.0,,
Sena - PD,2026-09-02 15:00:00,107,26.0,0.0,21.0,,
Soracachi,2026-08-31 13:00:00,1,26.0,0.0,19.0,8.0,294.0
Soracachi,2026-08-31 13:00:00,4,26.0,0.0,19.0,5.2,323.0
Soracachi,2026-08-31 13:00:00,7,27.0,0.0,10.0,2.3,346.0
Soracachi,2026-08-31 13:00:00,10,26.0,0.0,5.0,2.1,19.0
Soracachi,2026-08-31 13:00:00,13,26.0,0.0,-2.0,1.9,49.0
Soracachi,2026-08-31 13:00:00,16,26.0,0.0,-2.0,3.3,18.0
Soracachi,2026-08-31 13:00:00,19,26.0,0.0,7.0,3.9,7.0
Soracachi,2026-08-31 13:00:00,22,25.0,0.0,11.0,4.6,349.0
Soracachi,2026-08-31 13:00:00,25,26.0,0.0,20.0,5.3,325.0
Soracachi,2026-08-31 13:00:00,28,26.0,0.0,20.0,4.9,357.0
Soracachi,2026-08-31 13:00:00,31,26.0,0.0,13.0,4.4,20.0
Soracachi,2026-08-31 13:00:00,34,26.0,0.0,7.0,3.6,20.0
Soracachi,2026-08-31 13:00:00,37,26.0,0.0,-3.0,2.8,17.0
Soracachi,2026-08-31 13:00:00,40,36.0,0.0,-3.0,3.2,357.0
Soracachi,2026-08-31 13:00:00,43,36.0,0.0,7.0,3.7,337.0
Soracachi,2026-08-31 13:00:00,46,36.0,0.0,12.0,4.4,317.0
Soracachi,2026-08-31 13:00:00,49,26.0,0.0,19.0,5.1,290.0
Soracachi,2026-08-31 13:00:00,52,26.0,0.0,19.0,4.1,334.0
Soracachi,2026-08-31 13:00:00,55,26.0,0.0,11.0,3.1,11.0
Soracachi,2026-08-31 13:00:00,58,26.0,0.0,6.0,2.4,20.0
Soracachi,2026-08-31 13:00:00,61,26.0,0.0,-2.0,1.7,24.0
Soracachi,2026-08-31 13:00:00,64,26.0,0.0,-2.0,1.7,337.0
Soracachi,2026-08-31 13:00:00,67,26.0,0.0,8.0,1.2,316.0
Soracachi,2026-08-31 13:00:00,70,26.0,0.0,12.0,3.1,309.0
Soracachi,2026-08-31 13:00:00,73,36.0,0.0,20.0,4.9,299.0
Soracachi,2026-08-31 13:00:00,76,36.0,0.0,20.0,4.9,340.0
Soracachi,2026-08-31 13:00:00,79,36.0,0.0,10.0,4.8,18.0
Soracachi,2026-08-31 13:00:00,82,36.0,0.0,2.0,3.8,15.0
Soracachi,2026-08-31 13:00:00,85,36.0,0.0,-1.0,2.7,5.0
Soracachi,2026-08-31 13:00:00,88,36.0,0.0,-1.0,2.7,9.0
Soracachi,2026-08-31 13:00:00,91,36.0,0.0,7.0,2.5,359.0
Soracachi,2026-08-31 13:00:00,94,36.0,0.0,11.0,4.9,359.0
Soracachi,2026-08-31 13:00:00,97,37.0,0.0,19.0,7.3,357.0
Soracachi,2026-08-31 13:00:00,100,36.0,0.0,19.0,5.6,358.0
Soracachi,2026-08-31 13:00:00,103,56.0,0.0,8.0,3.9,351.0
Soracachi,2026-08-31 13:00:00,106,56.0,0.0,-1.0,3.4,358.0
Soracachi,2026-08-31 13:00:00,109,36.0,0.0,-1.0,2.8,357.0
Soracachi,2026-09-01 11:00:00,90,36.0,0.0,6.0,3.8,17.0
Soracachi,2026-09-01 11:00:00,93,36.0,0.0,6.0,4.7,10.0
Soracachi,2026-09-01 11:00:00,96,36.0,0.0,9.0,5.3,10.0
Soracachi,2026-09-01 11:00:00,99,37.0,0.0,11.0,6.0,7.0
Soracachi,2026-09-01 11:00:00,102,36.0,0.0,9.0,4.5,4.0
Soracachi,2026-09-01 11:00:00,105,56.0,0.0,7.0,3.0,356.0
Soracachi,2026-09-01 11:00:00,108,56.0,0.0,7.0,2.9,1.0
Soracachi,2026-09-01 11:00:00,111,56.0,0.0,6.0,2.9,1.0
Soracachi,2026-09-01 15:00:00,11,,,4.0,,
Soracachi,2026-09-01 15:00:00,14,26.0,,4.0,,
Soracachi,2026-09-01 15:00:00,17,26.0,,8.0,,
Soracachi,2026-09-01 15:00:00,20,26.0,,14.0,,
Soracachi,2026-09-01 15:00:00,23,,,20.0,,
Soracachi,2026-09-01 15:00:00,26,,,20.0,,
Soracachi,2026-09-01 15:00:00,29,25.0,,12.0,,
Soracachi,2026-09-01 15:00:00,32,,,7.0,,
Soracachi,2026-09-01 15:00:00,35,,,3.0,,
Soracachi,2026-09-01 15:00:00,38,,,3.0,,
Soracachi,2026-09-01 15:00:00,53,,,13.0,,
Soracachi,2026-09-01 15:00:00,56,,,9.0,,
Soracachi,2026-09-01 15:00:00,59,,,4.0,,
Soracachi,2026-09-01 15:00:00,62,,,4.0,,
Soracachi,2026-09-01 15:00:00,65,,,9.0,,
Soracachi,2026-09-01 15:00:00,68,,,15.0,,
Soracachi,2026-09-01 15:00:00,71,,,20.0,,
Soracachi,2026-09-01 15:00:00,74,,,20.0,,
Soracachi,2026-09-01 15:00:00,77,,,14.0,,
Soracachi,2026-09-01 15:00:00,80,,,9.0,,
Soracachi,2026-09-01 15:00:00,83,,,5.0,,
Soracachi,2026-09-01 15:00:00,86,,,5.0,,
Soracachi,2026-09-01 15:00:00,89,,,8.0,,
Soracachi,2026-09-01 15:00:00,92,,,12.0,,
Soracachi,2026-09-01 15:00:00,95,,,17.0,,
Soracachi,2026-09-01 15:00:00,98,,,17.0,,
Soracachi,2026-09-01 15:00:00,101,,,13.0,,
Soracachi,2026-09-01 15:00:00,104,,,10.0,,
Soracachi,2026-09-01 15:00:00,107,,,7.0,,
Soracachi,2026-09-02 10:00:00,25,25.0,,,,
Soracachi,2026-09-02 10:00:00,28,26.0,,,,
Soracachi,2026-09-02 10:00:00,31,26.0,,,,
Soracachi,2026-09-02 10:00:00,34,26.0,,,,
Soracachi,2026-09-02 10:00:00,37,26.0,,,,
Soracachi,2026-09-02 10:00:00,40,25.0,,,,
Soracachi,2026-09-02 10:00:00,88,36.0,,,,
Soracachi,2026-09-02 10:00:00,91,36.0,0.0,6.0,2.1,14.0
Soracachi,2026-09-02 10:00:00,94,36.0,0.0,6.0,2.4,17.0
Soracachi,2026-09-02 10:00:00,97,36.0,0.0,9.0,4.0,357.0
Soracachi,2026-09-02 10:00:00,100,36.0,0.0,13.0,5.7,329.0
Soracachi,2026-09-02 10:00:00,103,36.0,0.0,10.0,4.7,7.0
Soracachi,2026-09-02 10:00:00,106,76.0,1.9,7.0,3.8,40.0
Soracachi,2026-09-02 10:00:00,109,76.0,1.7,7.0,2.7,36.0
Soracachi,2026-09-02 10:00:00,112,75.0,2.3,7.0,1.7,27.0
Soracachi,2026-09-02 15:00:00,11,,,2.0,,
Soracachi,2026-09-02 15:00:00,14,,,2.0,,
Soracachi,2026-09-02 15:00:00,23,,,19.0,,
Soracachi,2026-09-02 15:00:00,26,,,19.0,,
Soracachi,2026-09-02 15:00:00,35,,,2.0,,
Soracachi,2026-09-02 15:00:00,38,,,2.0,,
Soracachi,2026-09-02 15:00:00,59,,,1.0,,
Soracachi,2026-09-02 15:00:00,62,,,1.0,,
Soracachi,2026-09-02 15:00:00,71,,,18.0,,
Soracachi,2026-09-02 15:00:00,74,,,18.0,,
Soracachi,2026-09-02 15:00:00,83,,,1.0,,
Soracachi,2026-09-02 15:00:00,86,,,1.0,,
Soracachi,2026-09-02 15:00:00,95,,,16.0,,
Soracachi,2026-09-02 15:00:00,98,,,16.0,,
Soracachi,2026-09-02 15:00:00,101,,,12.0,,
Soracachi,2026-09-02 15:00:00,104,,,10.0,,
Soracachi,2026-09-02 15:00:00,107,,,8.0,,
Sucre,2026-08-31 13:00:00,1,36.0,0.0,26.0,6.6,1.0
Sucre,2026-08-31 13:00:00,4,36.0,0.0,26.0,5.6,37.0
Sucre,2026-08-31 13:00:00,7,36.0,0.0,18.0,4.4,67.0
Sucre,2026-08-31 13:00:00,10,36.0,0.0,12.0,3.5,41.0
Sucre,2026-08-31 13:00:00,13,57.0,0.0,7.0,2.6,13.0
Sucre,2026-08-31 13:00:00,16,56.0,0.0,7.0,3.5,11.0
Sucre,2026-08-31 13:00:00,19,56.0,0.0,13.0,3.5,5.0
Sucre,2026-08-31 13:00:00,22,55.0,0.0,17.0,4.8,25.0
Sucre,2026-08-31 13:00:00,25,56.0,0.0,22.0,6.1,40.0
Sucre,2026-08-31 13:00:00,28,56.0,0.0,22.0,4.6,50.0
Sucre,2026-08-31 13:00:00,31,36.0,0.0,17.0,3.1,50.0
Sucre,2026-08-31 13:00:00,34,36.0,0.0,13.0,2.7,40.0
Sucre,2026-08-31 13:00:00,37,56.0,0.0,7.0,2.3,30.0
Sucre,2026-08-31 13:00:00,40,26.0,0.0,7.0,1.9,23.0
Sucre,2026-08-31 13:00:00,43,27.0,0.0,14.0,1.4,21.0
Sucre,2026-08-31 13:00:00,46,26.0,0.0,18.0,2.8,30.0
Sucre,2026-08-31 13:00:00,49,26.0,0.0,24.0,4.1,38.0
Sucre,2026-08-31 13:00:00,52,26.0,0.0,24.0,3.4,39.0
Sucre,2026-08-31 13:00:00,55,26.0,0.0,19.0,2.6,31.0
Sucre,2026-08-31 13:00:00,58,26.0,0.0,13.0,2.5,21.0
Sucre,2026-08-31 13:00:00,61,26.0,0.0,9.0,2.3,5.0
Sucre,2026-08-31 13:00:00,64,26.0,0.0,9.0,1.5,2.0
Sucre,2026-08-31 13:00:00,67,27.0,0.0,14.0,1.2,352.0
Sucre,2026-08-31 13:00:00,70,26.0,0.0,19.0,2.8,21.0
Sucre,2026-08-31 13:00:00,73,36.0,0.0,25.0,4.4,49.0
Sucre,2026-08-31 13:00:00,76,36.0,0.0,25.0,3.9,48.0
Sucre,2026-08-31 13:00:00,79,26.0,0.0,19.0,3.4,38.0
Sucre,2026-08-31 13:00:00,82,26.0,0.0,10.0,2.6,28.0
Sucre,2026-08-31 13:00:00,85,37.0,0.0,9.0,1.8,18.0
Sucre,2026-08-31 13:00:00,88,36.0,0.0,9.0,1.8,16.0
Sucre,2026-08-31 13:00:00,91,37.0,0.0,14.0,1.8,19.0
Sucre,2026-08-31 13:00:00,94,37.0,0.0,18.0,3.7,29.0
Sucre,2026-08-31 13:00:00,97,56.0,0.0,23.0,5.7,33.0
Sucre,2026-08-31 13:00:00,100,56.0,0.0,23.0,3.4,5.0
Sucre,2026-08-31 13:00:00,103,76.0,1.5,15.0,1.3,335.0
Sucre,2026-08-31 13:00:00,106,76.0,1.3,9.0,1.3,5.0
Sucre,2026-08-31 13:00:00,109,37.0,0.0,9.0,1.4,31.0
Sucre,2026-09-01 11:00:00,90,36.0,0.0,14.0,2.2,11.0
Sucre,2026-09-01 11:00:00,93,36.0,0.0,14.0,2.7,5.0
Sucre,2026-09-01 11:00:00,96,36.0,0.0,17.0,4.1,15.0
Sucre,2026-09-01 11:00:00,99,56.0,0.0,20.0,5.5,15.0
Sucre,2026-09-01 11:00:00,102,56.0,0.0,16.0,4.2,20.0
Sucre,2026-09-01 11:00:00,105,56.0,0.0,12.0,2.8,19.0
Sucre,2026-09-01 11:00:00,108,56.0,0.0,12.0,2.9,29.0
Sucre,2026-09-01 11:00:00,111,56.0,0.0,11.0,3.0,30.0
Sucre,2026-09-01 15:00:00,5,,,19.0,,
Sucre,2026-09-01 15:00:00,8,,,17.0,,
Sucre,2026-09-01 15:00:00,11,,,13.0,,
Sucre,2026-09-01 15:00:00,14,,,13.0,,
Sucre,2026-09-01 15:00:00,17,,,18.0,,
Sucre,2026-09-01 15:00:00,20,,,21.0,,
Sucre,2026-09-01 15:00:00,23,,,25.0,,
Sucre,2026-09-01 15:00:00,26,,,25.0,,
Sucre,2026-09-01 15:00:00,29,,,21.0,,
Sucre,2026-09-01 15:00:00,32,,,17.0,,
Sucre,2026-09-01 15:00:00,35,,,13.0,,
Sucre,2026-09-01 15:00:00,38,,,13.0,,
Sucre,2026-09-01 15:00:00,41,,,17.0,,
Sucre,2026-09-01 15:00:00,44,,,21.0,,
Sucre,2026-09-01 15:00:00,47,,,26.0,,
Sucre,2026-09-01 15:00:00,50,,,26.0,,
Sucre,2026-09-01 15:00:00,53,,,20.0,,
Sucre,2026-09-01 15:00:00,56,,,16.0,,
Sucre,2026-09-01 15:00:00,59,,,12.0,,
Sucre,2026-09-01 15:00:00,62,,,12.0,,
Sucre,2026-09-01 15:00:00,65,,,16.0,,
Sucre,2026-09-01 15:00:00,68,,,20.0,,
Sucre,2026-09-01 15:00:00,71,,,25.0,,
Sucre,2026-09-01 15:00:00,74,,,25.0,,
Sucre,2026-09-01 15:00:00,77,,,18.0,,
Sucre,2026-09-01 15:00:00,80,,,14.0,,
Sucre,2026-09-01 15:00:00,83,,,11.0,,
Sucre,2026-09-01 15:00:00,86,,,11.0,,
Sucre,2026-09-01 15:00:00,89,,,15.0,,
Sucre,2026-09-01 15:00:00,92,,,20.0,,
Sucre,2026-09-01 15:00:00,95,,,24.0,,
Sucre,2026-09-01 15:00:00,98,,,24.0,,
Sucre,2026-09-01 15:00:00,101,,,20.0,,
Sucre,2026-09-01 15:00:00,104,,,17.0,,
Sucre,2026-09-01 15:00:00,107,,,14.0,,
Sucre,2026-09-02 10:00:00,22,26.0,,,,
Sucre,2026-09-02 10:00:00,28,27.0,,,,
Sucre,2026-09-02 10:00:00,31,26.0,,,,
Sucre,2026-09-02 10:00:00,37,27.0,,,,
Sucre,2026-09-02 10:00:00,40,26.0,,,,
Sucre,2026-09-02 10:00:00,88,89.0,3.2,,,
Sucre,2026-09-02 10:00:00,91,89.0,1.7,12.0,3.0,30.0
Sucre,2026-09-02 10:00:00,94,89.0,3.2,12.0,3.3,22.0
Sucre,2026-09-02 10:00:00,97,89.0,2.4,14.0,4.2,30.0
Sucre,2026-09-02 10:00:00,100,56.0,0.0,16.0,5.1,38.0
Sucre,2026-09-02 10:00:00,103,56.0,0.0,14.0,4.2,48.0
Sucre,2026-09-02 10:00:00,106,56.0,0.0,13.0,3.2,50.0
Sucre,2026-09-02 10:00:00,109,56.0,0.0,11.0,2.7,40.0
Sucre,2026-09-02 10:00:00,112,56.0,0.0,10.0,2.2,25.0
Sucre,2026-09-02 15:00:00,23,,,28.0,,
Sucre,2026-09-02 15:00:00,26,,,28.0,,
Sucre,2026-09-02 15:00:00,35,,,10.0,,
Sucre,2026-09-02 15:00:00,38,,,10.0,,
Sucre,2026-09-02 15:00:00,71,,,22.0,,
Sucre,2026-09-02 15:00:00,74,,,22.0,,
Sucre,2026-09-02 15:00:00,77,,,17.0,,
Sucre,2026-09-02 15:00:00,80,,,13.0,,
Sucre,2026-09-02 15:00:00,83,,,8.0,,
Sucre,2026-09-02 15:00:00,86,,,8.0,,
Sucre,2026-09-02 15:00:00,95,,,19.0,,
Sucre,2026-09-02 15:00:00,98,,,19.0,,
Sucre,2026-09-02 15:00:00,101,,,14.0,,
Sucre,2026-09-02 15:00:00,104,,,12.0,,
Sultaca,2026-08-31 13:00:00,1,36.0,0.0,21.0,13.2,280.0
Sultaca,2026-08-31 13:00:00,4,37.0,0.0,21.0,8.0,290.0
Sultaca,2026-08-31 13:00:00,7,36.0,0.0,17.0,2.7,291.0
Sultaca,2026-08-31 13:00:00,10,37.0,0.0,13.0,3.1,323.0
Sultaca,2026-08-31 13:00:00,13,56.0,0.0,8.0,3.5,352.0
Sultaca,2026-08-31 13:00:00,16,56.0,0.0,8.0,2.5,18.0
Sultaca,2026-08-31 13:00:00,19,56.0,0.0,13.0,2.1,1.0
Sultaca,2026-08-31 13:00:00,22,56.0,0.0,15.0,2.4,353.0
Sultaca,2026-08-31 13:00:00,25,55.0,0.0,18.0,2.7,334.0
Sultaca,2026-08-31 13:00:00,28,56.0,0.0,18.0,3.1,27.0
Sultaca,2026-08-31 13:00:00,31,36.0,0.0,16.0,3.4,68.0
Sultaca,2026-08-31 13:00:00,34,36.0,0.0,13.0,2.7,33.0
Sultaca,2026-08-31 13:00:00,37,56.0,0.0,9.0,1.9,357.0
Sultaca,2026-08-31 13:00:00,40,26.0,0.0,8.0,1.8,336.0
Sultaca,2026-08-31 13:00:00,43,26.0,0.0,12.0,1.8,307.0
Sultaca,2026-08-31 13:00:00,46,26.0,0.0,17.0,1.7,276.0
Sultaca,2026-08-31 13:00:00,49,26.0,0.0,20.0,1.8,241.0
Sultaca,2026-08-31 13:00:00,52,26.0,0.0,20.0,2.2,336.0
Sultaca,2026-08-31 13:00:00,55,26.0,0.0,17.0,2.6,61.0
Sultaca,2026-08-31 13:00:00,58,26.0,0.0,12.0,2.3,30.0
Sultaca,2026-08-31 13:00:00,61,26.0,0.0,10.0,1.9,353.0
Sultaca,2026-08-31 13:00:00,64,26.0,0.0,10.0,2.1,304.0
Sultaca,2026-08-31 13:00:00,67,26.0,0.0,14.0,2.1,275.0
Sultaca,2026-08-31 13:00:00,70,26.0,0.0,17.0,2.6,269.0
Sultaca,2026-08-31 13:00:00,73,36.0,0.0,23.0,3.0,258.0
Sultaca,2026-08-31 13:00:00,76,36.0,0.0,23.0,2.9,310.0
Sultaca,2026-08-31 13:00:00,79,26.0,0.0,14.0,2.9,69.0
Sultaca,2026-08-31 13:00:00,82,26.0,0.0,12.0,2.4,75.0
Sultaca,2026-08-31 13:00:00,85,36.0,0.0,10.0,1.9,81.0
Sultaca,2026-08-31 13:00:00,88,36.0,0.0,10.0,2.0,52.0
Sultaca,2026-08-31 13:00:00,91,36.0,0.0,12.0,2.3,22.0
Sultaca,2026-08-31 13:00:00,94,36.0,0.0,16.0,4.3,22.0
Sultaca,2026-08-31 13:00:00,97,56.0,0.0,21.0,6.3,13.0
Sultaca,2026-08-31 13:00:00,100,56.0,0.0,21.0,5.1,32.0
Sultaca,2026-08-31 13:00:00,103,75.0,1.3,12.0,4.0,48.0
Sultaca,2026-08-31 13:00:00,106,76.0,1.1,9.0,3.4,31.0
Sultaca,2026-08-31 13:00:00,109,36.0,0.0,9.0,2.9,9.0
Sultaca,2026-09-01 11:00:00,87,35.0,,,,
Sultaca,2026-09-01 11:00:00,90,36.0,0.0,10.0,2.8,356.0
Sultaca,2026-09-01 11:00:00,93,36.0,0.0,11.0,2.8,346.0
Sultaca,2026-09-01 11:00:00,96,36.0,0.0,15.0,4.8,356.0
Sultaca,2026-09-01 11:00:00,99,55.0,0.0,19.0,6.8,359.0
Sultaca,2026-09-01 11:00:00,102,57.0,0.0,13.0,5.3,33.0
Sultaca,2026-09-01 11:00:00,105,56.0,0.0,8.0,3.7,57.0
Sultaca,2026-09-01 11:00:00,108,56.0,0.0,7.0,3.0,67.0
Sultaca,2026-09-01 11:00:00,111,55.0,0.0,5.0,2.3,70.0
Sultaca,2026-09-01 15:00:00,11,,,4.0,,
Sultaca,2026-09-01 15:00:00,14,,,4.0,,
Sultaca,2026-09-01 15:00:00,17,,,9.0,,
Sultaca,2026-09-01 15:00:00,20,,,14.0,,
Sultaca,2026-09-01 15:00:00,23,,,17.0,,
Sultaca,2026-09-01 15:00:00,26,,,17.0,,
Sultaca,2026-09-01 15:00:00,29,,,13.0,,
Sultaca,2026-09-01 15:00:00,32,,,9.0,,
Sultaca,2026-09-01 15:00:00,35,,,4.0,,
Sultaca,2026-09-01 15:00:00,38,,,4.0,,
Sultaca,2026-09-01 15:00:00,41,,,8.0,,
Sultaca,2026-09-01 15:00:00,44,,,13.0,,
Sultaca,2026-09-01 15:00:00,47,,,18.0,,
Sultaca,2026-09-01 15:00:00,50,,,18.0,,
Sultaca,2026-09-01 15:00:00,53,,,12.0,,
Sultaca,2026-09-01 15:00:00,56,,,7.0,,
Sultaca,2026-09-01 15:00:00,59,,,3.0,,
Sultaca,2026-09-01 15:00:00,62,,,3.0,,
Sultaca,2026-09-01 15:00:00,65,,,7.0,,
Sultaca,2026-09-01 15:00:00,68,,,12.0,,
Sultaca,2026-09-01 15:00:00,71,,,18.0,,
Sultaca,2026-09-01 15:00:00,74,,,18.0,,
Sultaca,2026-09-01 15:00:00,80,,,7.0,,
Sultaca,2026-09-01 15:00:00,83,,,2.0,,
Sultaca,2026-09-01 15:00:00,86,,,2.0,,
Sultaca,2026-09-01 15:00:00,89,,,7.0,,
Sultaca,2026-09-01 15:00:00,92,,,12.0,,
Sultaca,2026-09-01 15:00:00,95,,,18.0,,
Sultaca,2026-09-01 15:00:00,98,,,18.0,,
Sultaca,2026-09-01 15:00:00,101,,,12.0,,
Sultaca,2026-09-01 15:00:00,104,,,9.0,,
Sultaca,2026-09-02 10:00:00,28,27.0,,,,
Sultaca,2026-09-02 10:00:00,31,26.0,,,,
Sultaca,2026-09-02 10:00:00,40,26.0,,,,
Sultaca,2026-09-02 10:00:00,88,89.0,2.8,,,
Sultaca,2026-09-02 10:00:00,91,89.0,2.5,7.0,2.8,26.0
Sultaca,2026-09-02 10:00:00,94,89.0,2.5,8.0,2.6,2.0
Sultaca,2026-09-02 10:00:00,97,89.0,2.5,13.0,3.9,14.0
Sultaca,2026-09-02 10:00:00,100,56.0,0.0,17.0,5.2,16.0
Sultaca,2026-09-02 10:00:00,103,56.0,0.0,11.0,4.1,39.0
Sultaca,2026-09-02 10:00:00,106,56.0,0.0,6.0,2.9,57.0
Sultaca,2026-09-02 10:00:00,109,55.0,0.0,5.0,2.9,37.0
Sultaca,2026-09-02 10:00:00,112,56.0,0.0,5.0,2.9,13.0
Sultaca,2026-09-02 15:00:00,23,,,22.0,,
Sultaca,2026-09-02 15:00:00,26,,,22.0,,
Sultaca,2026-09-02 15:00:00,35,,,4.0,,
Sultaca,2026-09-02 15:00:00,38,,,4.0,,
Sultaca,2026-09-02 15:00:00,47,,,20.0,,
Sultaca,2026-09-02 15:00:00,50,,,20.0,,
Sultaca,2026-09-02 15:00:00,59,,,5.0,,
Sultaca,2026-09-02 15:00:00,62,,,5.0,,
Sultaca,2026-09-02 15:00:00,71,,,17.0,,
Sultaca,2026-09-02 15:00:00,74,,,17.0,,
Sultaca,2026-09-02 15:00:00,83,,,2.0,,
Sultaca,2026-09-02 15:00:00,86,,,3.0,,
Sultaca,2026-09-02 15:00:00,95,,,15.0,,
Sultaca,2026-09-02 15:00:00,98,,,15.0,,
Sultaca,2026-09-02 15:00:00,101,,,12.0,,
Sultaca,2026-09-02 15:00:00,104,,,9.0,,
Sultaca,2026-09-02 15:00:00,107,,,6.0,,
Tarapaya,2026-08-31 13:00:00,1,26.0,0.0,25.0,9.7,290.0
Tarapaya,2026-08-31 13:00:00,4,26.0,0.0,25.0,6.4,315.0
Tarapaya,2026-08-31 13:00:00,7,26.0,0.0,12.0,3.0,334.0
Tarapaya,2026-08-31 13:00:00,10,26.0,0.0,4.0,2.5,317.0
Tarapaya,2026-08-31 13:00:00,13,26.0,0.0,-1.0,2.0,291.0
Tarapaya,2026-08-31 13:00:00,16,26.0,0.0,-1.0,1.4,322.0
Tarapaya,2026-08-31 13:00:00,19,26.0,0.0,6.0,1.4,291.0
Tarapaya,2026-08-31 13:00:00,22,26.0,0.0,12.0,3.4,308.0
Tarapaya,2026-08-31 13:00:00,25,26.0,0.0,26.0,5.4,316.0
Tarapaya,2026-08-31 13:00:00,28,26.0,0.0,26.0,3.9,327.0
Tarapaya,2026-08-31 13:00:00,31,26.0,0.0,16.0,2.3,331.0
Tarapaya,2026-08-31 13:00:00,34,26.0,0.0,8.0,1.9,333.0
Tarapaya,2026-08-31 13:00:00,37,27.0,0.0,0.0,1.5,332.0
Tarapaya,2026-08-31 13:00:00,40,25.0,0.0,0.0,1.6,312.0
Tarapaya,2026-08-31 13:00:00,43,26.0,0.0,7.0,1.6,261.0
Tarapaya,2026-08-31 13:00:00,46,26.0,0.0,13.0,3.7,272.0
Tarapaya,2026-08-31 13:00:00,49,26.0,0.0,25.0,5.7,281.0
Tarapaya,2026-08-31 13:00:00,52,25.0,0.0,25.0,3.9,311.0
Tarapaya,2026-08-31 13:00:00,55,26.0,0.0,12.0,2.2,333.0
Tarapaya,2026-08-31 13:00:00,58,26.0,0.0,4.0,1.6,301.0
Tarapaya,2026-08-31 13:00:00,61,26.0,0.0,1.0,1.1,267.0
Tarapaya,2026-08-31 13:00:00,64,26.0,0.0,1.0,1.7,284.0
Tarapaya,2026-08-31 13:00:00,67,25.0,0.0,6.0,2.0,284.0
Tarapaya,2026-08-31 13:00:00,70,26.0,0.0,14.0,4.1,287.0
Tarapaya,2026-08-31 13:00:00,73,26.0,0.0,26.0,6.1,280.0
Tarapaya,2026-08-31 13:00:00,76,26.0,0.0,26.0,3.8,328.0
Tarapaya,2026-08-31 13:00:00,79,26.0,0.0,12.0,1.5,7.0
Tarapaya,2026-08-31 13:00:00,82,26.0,0.0,4.0,1.1,9.0
Tarapaya,2026-08-31 13:00:00,85,36.0,0.0,1.0,0.9,1.0
Tarapaya,2026-08-31 13:00:00,88,36.0,0.0,1.0,1.0,9.0
Tarapaya,2026-08-31 13:00:00,91,36.0,0.0,9.0,1.4,341.0
Tarapaya,2026-08-31 13:00:00,94,36.0,0.0,13.0,3.4,351.0
Tarapaya,2026-08-31 13:00:00,97,36.0,0.0,24.0,5.5,360.0
Tarapaya,2026-08-31 13:00:00,100,37.0,0.0,24.0,4.9,11.0
Tarapaya,2026-08-31 13:00:00,103,56.0,0.0,10.0,4.3,22.0
Tarapaya,2026-08-31 13:00:00,106,56.0,0.0,1.0,2.7,323.0
Tarapaya,2026-08-31 13:00:00,109,36.0,0.0,1.0,1.0,264.0
Tarapaya,2026-09-01 11:00:00,87,37.0,,,,
Tarapaya,2026-09-01 11:00:00,90,36.0,0.0,7.0,1.9,337.0
Tarapaya,2026-09-01 11:00:00,93,35.0,0.0,7.0,1.8,327.0
Tarapaya,2026-09-01 11:00:00,96,36.0,0.0,11.0,4.4,319.0
Tarapaya,2026-09-01 11:00:00,99,36.0,0.0,16.0,7.1,303.0
Tarapaya,2026-09-01 11:00:00,102,36.0,0.0,13.0,5.1,302.0
Tarapaya,2026-09-01 11:00:00,105,36.0,0.0,11.0,3.2,294.0
Tarapaya,2026-09-01 11:00:00,108,36.0,0.0,9.0,2.4,311.0
Tarapaya,2026-09-01 11:00:00,111,37.0,0.0,6.0,1.6,321.0
Tarapaya,2026-09-01 15:00:00,11,,,-1.0,,
Tarapaya,2026-09-01 15:00:00,20,,,15.0,,
Tarapaya,2026-09-01 15:00:00,23,,,27.0,,
Tarapaya,2026-09-01 15:00:00,26,,,27.0,,
Tarapaya,2026-09-01 15:00:00,29,,,17.0,,
Tarapaya,2026-09-01 15:00:00,32,,,10.0,,
Tarapaya,2026-09-01 15:00:00,41,,,8.0,,
Tarapaya,2026-09-01 15:00:00,44,,,16.0,,
Tarapaya,2026-09-01 15:00:00,47,,,27.0,,
Tarapaya,2026-09-01 15:00:00,50,,,27.0,,
Tarapaya,2026-09-01 15:00:00,56,,,8.0,,
Tarapaya,2026-09-01 15:00:00,59,,,2.0,,
Tarapaya,2026-09-01 15:00:00,62,,,2.0,,
Tarapaya,2026-09-01 15:00:00,71,,,26.0,,
Tarapaya,2026-09-01 15:00:00,74,,,26.0,,
Tarapaya,2026-09-01 15:00:00,77,,,14.0,,
Tarapaya,2026-09-01 15:00:00,80,,,9.0,,
Tarapaya,2026-09-01 15:00:00,83,35.0,,2.0,,
Tarapaya,2026-09-01 15:00:00,86,,,2.0,,
Tarapaya,2026-09-01 15:00:00,89,36.0,,,,
Tarapaya,2026-09-01 15:00:00,92,,,14.0,,
Tarapaya,2026-09-01 15:00:00,95,,,25.0,,
Tarapaya,2026-09-01 15:00:00,98,,,25.0,,
Tarapaya,2026-09-01 15:00:00,101,56.0,,16.0,,
Tarapaya,2026-09-01 15:00:00,104,56.0,,11.0,,
Tarapaya,2026-09-01 15:00:00,107,56.0,,5.0,,
Tarapaya,2026-09-02 10:00:00,22,26.0,,,,
Tarapaya,2026-09-02 10:00:00,25,25.0,,,,
Tarapaya,2026-09-02 10:00:00,40,26.0,,,,
Tarapaya,2026-09-02 10:00:00,88,36.0,,,,
Tarapaya,2026-09-02 10:00:00,91,36.0,0.0,6.0,1.8,350.0
Tarapaya,2026-09-02 10:00:00,94,35.0,0.0,6.0,1.8,342.0
Tarapaya,2026-09-02 10:00:00,97,36.0,0.0,11.0,5.3,312.0
Tarapaya,2026-09-02 10:00:00,100,36.0,0.0,16.0,8.9,280.0
Tarapaya,2026-09-02 10:00:00,103,37.0,0.0,13.0,5.7,2.0
Tarapaya,2026-09-02 10:00:00,106,36.0,0.0,10.0,2.4,96.0
Tarapaya,2026-09-02 10:00:00,109,36.0,0.0,7.0,2.3,27.0
Tarapaya,2026-09-02 10:00:00,112,37.0,0.0,5.0,2.1,331.0
Tarapaya,2026-09-02 15:00:00,11,,,-2.0,,
Tarapaya,2026-09-02 15:00:00,14,,,-2.0,,
Tarapaya,2026-09-02 15:00:00,35,,,-1.0,,
Tarapaya,2026-09-02 15:00:00,38,,,-1.0,,
Tarapaya,2026-09-02 15:00:00,47,,,25.0,,
Tarapaya,2026-09-02 15:00:00,50,,,25.0,,
Tarapaya,2026-09-02 15:00:00,59,,,-2.0,,
Tarapaya,2026-09-02 15:00:00,62,,,-2.0,,
Tarapaya,2026-09-02 15:00:00,71,,,23.0,,
Tarapaya,2026-09-02 15:00:00,74,,,23.0,,
Tarapaya,2026-09-02 15:00:00,83,,,-2.0,,
Tarapaya,2026-09-02 15:00:00,86,,,-2.0,,
Tarapaya,2026-09-02 15:00:00,95,,,24.0,,
Tarapaya,2026-09-02 15:00:00,98,,,24.0,,
Tarapaya,2026-09-02 15:00:00,101,,,21.0,,
Tarapaya,2026-09-02 15:00:00,104,,,18.0,,
Tarapaya,2026-09-02 15:00:00,107,,,10.0,,
Tarija - Centro,2026-08-31 13:00:00,1,37.0,0.0,29.0,3.7,163.0
Tarija - Centro,2026-08-31 13:00:00,4,36.0,0.0,29.0,2.8,167.0
Tarija - Centro,2026-08-31 13:00:00,7,56.0,0.0,20.0,2.0,171.0
Tarija - Centro,2026-08-31 13:00:00,10,57.0,0.0,14.0,1.9,150.0
Tarija - Centro,2026-08-31 13:00:00,13,35.0,0.0,5.0,1.7,124.0
Tarija - Centro,2026-08-31 13:00:00,16,35.0,0.0,5.0,1.4,151.0
Tarija - Centro,2026-08-31 13:00:00,19,35.0,0.0,15.0,1.2,121.0
Tarija - Centro,2026-08-31 13:00:00,22,35.0,0.0,21.0,2.2,110.0
Tarija - Centro,2026-08-31 13:00:00,25,55.0,0.0,27.0,3.1,100.0
Tarija - Centro,2026-08-31 13:00:00,28,55.0,0.0,27.0,2.6,115.0
Tarija - Centro,2026-08-31 13:00:00,31,35.0,0.0,22.0,2.1,131.0
Tarija - Centro,2026-08-31 13:00:00,34,35.0,0.0,16.0,1.8,90.0
Tarija - Centro,2026-08-31 13:00:00,37,56.0,0.0,5.0,1.5,45.0
Tarija - Centro,2026-08-31 13:00:00,40,37.0,0.0,5.0,1.5,60.0
Tarija - Centro,2026-08-31 13:00:00,43,37.0,0.0,15.0,1.2,81.0
Tarija - Centro,2026-08-31 13:00:00,46,37.0,0.0,20.0,1.9,105.0
Tarija - Centro,2026-08-31 13:00:00,49,26.0,0.0,29.0,2.6,126.0
Tarija - Centro,2026-08-31 13:00:00,52,26.0,0.0,29.0,2.1,111.0
Tarija - Centro,2026-08-31 13:00:00,55,26.0,0.0,23.0,1.6,90.0
Tarija - Centro,2026-08-31 13:00:00,58,26.0,0.0,17.0,1.5,70.0
Tarija - Centro,2026-08-31 13:00:00,61,26.0,0.0,7.0,1.4,40.0
Tarija - Centro,2026-08-31 13:00:00,64,26.0,0.0,7.0,1.5,100.0
Tarija - Centro,2026-08-31 13:00:00,67,26.0,0.0,15.0,0.9,150.0
Tarija - Centro,2026-08-31 13:00:00,70,26.0,0.0,20.0,1.9,145.0
Tarija - Centro,2026-08-31 13:00:00,73,26.0,0.0,31.0,2.9,141.0
Tarija - Centro,2026-08-31 13:00:00,76,26.0,0.0,31.0,2.2,126.0
Tarija - Centro,2026-08-31 13:00:00,79,26.0,0.0,18.0,1.3,111.0
Tarija - Centro,2026-08-31 13:00:00,82,27.0,0.0,11.0,0.9,142.0
Tarija - Centro,2026-08-31 13:00:00,85,36.0,0.0,7.0,0.6,172.0
Tarija - Centro,2026-08-31 13:00:00,88,37.0,0.0,7.0,0.9,175.0
Tarija - Centro,2026-08-31 13:00:00,91,36.0,0.0,16.0,0.7,144.0
Tarija - Centro,2026-08-31 13:00:00,94,36.0,0.0,21.0,3.4,105.0
Tarija - Centro,2026-08-31 13:00:00,97,37.0,0.0,29.0,6.0,60.0
Tarija - Centro,2026-08-31 13:00:00,100,36.0,0.0,29.0,4.2,100.0
Tarija - Centro,2026-08-31 13:00:00,103,57.0,0.0,17.0,2.4,135.0
Tarija - Centro,2026-08-31 13:00:00,106,56.0,0.0,7.0,1.8,129.0
Tarija - Centro,2026-08-31 13:00:00,109,36.0,0.0,7.0,1.2,119.0
Tarija - Centro,2026-09-01 11:00:00,87,37.0,,,,
Tarija - Centro,2026-09-01 11:00:00,90,36.0,0.0,10.0,1.8,124.0
Tarija - Centro,2026-09-01 11:00:00,93,36.0,0.0,10.0,2.0,114.0
Tarija - Centro,2026-09-01 11:00:00,96,36.0,0.0,10.0,2.7,130.0
Tarija - Centro,2026-09-01 11:00:00,99,56.0,0.0,10.0,3.4,136.0
Tarija - Centro,2026-09-01 11:00:00,102,55.0,0.0,8.0,2.8,146.0
Tarija - Centro,2026-09-01 11:00:00,105,56.0,0.0,7.0,2.1,151.0
Tarija - Centro,2026-09-01 11:00:00,108,57.0,0.0,6.0,2.1,160.0
Tarija - Centro,2026-09-01 11:00:00,111,56.0,0.0,5.0,2.1,160.0
Tarija - Centro,2026-09-01 15:00:00,11,,,12.0,,
Tarija - Centro,2026-09-01 15:00:00,14,,,12.0,,
Tarija - Centro,2026-09-01 15:00:00,17,,,18.0,,
Tarija - Centro,2026-09-01 15:00:00,20,,,23.0,,
Tarija - Centro,2026-09-01 15:00:00,23,,,32.0,,
Tarija - Centro,2026-09-01 15:00:00,26,,,32.0,,
Tarija - Centro,2026-09-01 15:00:00,29,,,24.0,,
Tarija - Centro,2026-09-01 15:00:00,32,,,19.0,,
Tarija - Centro,2026-09-01 15:00:00,35,,,13.0,,
Tarija - Centro,2026-09-01 15:00:00,38,,,13.0,,
Tarija - Centro,2026-09-01 15:00:00,41,,,19.0,,
Tarija - Centro,2026-09-01 15:00:00,44,,,25.0,,
Tarija - Centro,2026-09-01 15:00:00,53,,,23.0,,
Tarija - Centro,2026-09-01 15:00:00,56,,,18.0,,
Tarija - Centro,2026-09-01 15:00:00,59,,,14.0,,
Tarija - Centro,2026-09-01 15:00:00,62,,,14.0,,
Tarija - Centro,2026-09-01 15:00:00,65,,,20.0,,
Tarija - Centro,2026-09-01 15:00:00,68,,,24.0,,
Tarija - Centro,2026-09-01 15:00:00,71,,,32.0,,
Tarija - Centro,2026-09-01 15:00:00,74,,,32.0,,
Tarija - Centro,2026-09-01 15:00:00,77,,,25.0,,
Tarija - Centro,2026-09-01 15:00:00,80,,,20.0,,
Tarija - Centro,2026-09-01 15:00:00,83,,,14.0,,
Tarija - Centro,2026-09-01 15:00:00,86,,,14.0,,
Tarija - Centro,2026-09-01 15:00:00,89,,,20.0,,
Tarija - Centro,2026-09-01 15:00:00,92,,,24.0,,
Tarija - Centro,2026-09-01 15:00:00,95,,,28.0,,
Tarija - Centro,2026-09-01 15:00:00,98,,,28.0,,
Tarija - Centro,2026-09-01 15:00:00,101,,,25.0,,
Tarija - Centro,2026-09-01 15:00:00,104,,,22.0,,
Tarija - Centro,2026-09-01 15:00:00,107,,,18.0,,
Tarija - Centro,2026-09-02 10:00:00,37,26.0,,,,
Tarija - Centro,2026-09-02 10:00:00,40,26.0,,,,
Tarija - Centro,2026-09-02 10:00:00,91,56.0,0.0,6.0,2.2,150.0
Tarija - Centro,2026-09-02 10:00:00,94,56.0,0.0,6.0,2.4,130.0
Tarija - Centro,2026-09-02 10:00:00,97,56.0,0.0,10.0,3.3,130.0
Tarija - Centro,2026-09-02 10:00:00,100,36.0,0.0,15.0,4.3,126.0
Tarija - Centro,2026-09-02 10:00:00,103,36.0,0.0,11.0,3.5,136.0
Tarija - Centro,2026-09-02 10:00:00,106,36.0,0.0,7.0,2.6,136.0
Tarija - Centro,2026-09-02 10:00:00,109,35.0,0.0,5.0,2.1,115.0
Tarija - Centro,2026-09-02 10:00:00,112,36.0,0.0,3.0,1.7,85.0
Tarija - Centro,2026-09-02 15:00:00,11,,,9.0,,
Tarija - Centro,2026-09-02 15:00:00,14,,,9.0,,
Tarija - Centro,2026-09-02 15:00:00,20,,,19.0,,
Tarija - Centro,2026-09-02 15:00:00,23,,,30.0,,
Tarija - Centro,2026-09-02 15:00:00,26,,,30.0,,
Tarija - Centro,2026-09-02 15:00:00,35,,,8.0,,
Tarija - Centro,2026-09-02 15:00:00,38,,,8.0,,
Tarija - Centro,2026-09-02 15:00:00,41,,,12.0,,
Tarija - Centro,2026-09-02 15:00:00,44,,,19.0,,
Tarija - Centro,2026-09-02 15:00:00,47,,,24.0,,
Tarija - Centro,2026-09-02 15:00:00,50,,,24.0,,
Tarija - Centro,2026-09-02 15:00:00,53,,,20.0,,
Tarija - Centro,2026-09-02 15:00:00,56,,,15.0,,
Tarija - Centro,2026-09-02 15:00:00,59,,,8.0,,
Tarija - Centro,2026-09-02 15:00:00,62,,,8.0,,
Tarija - Centro,2026-09-02 15:00:00,68,,,14.0,,
Tarija - Centro,2026-09-02 15:00:00,71,,,21.0,,
Tarija - Centro,2026-09-02 15:00:00,74,,,21.0,,
Tarija - Centro,2026-09-02 15:00:00,77,,,17.0,,
Tarija - Centro,2026-09-02 15:00:00,80,,,12.0,,
Tarija - Centro,2026-09-02 15:00:00,86,,,4.0,,
Tarija - Centro,2026-09-02 15:00:00,89,,,9.0,,
Tarija - Centro,2026-09-02 15:00:00,92,,,12.0,,
Tarija - Centro,2026-09-02 15:00:00,95,,,17.0,,
Tarija - Centro,2026-09-02 15:00:00,98,,,17.0,,
Tarija - Centro,2026-09-02 15:00:00,101,,,14.0,,
Tarija - Centro,2026-09-02 15:00:00,104,,,11.0,,
Tarija - Centro,2026-09-02 15:00:00,107,,,7.0,,
Tolarapa (INIAF),2026-08-31 13:00:00,1,26.0,0.0,25.0,2.8,346.0
Tolarapa (INIAF),2026-08-31 13:00:00,4,25.0,0.0,25.0,2.7,309.0
Tolarapa (INIAF),2026-08-31 13:00:00,7,36.0,0.0,20.0,2.6,261.0
Tolarapa (INIAF),2026-08-31 13:00:00,10,36.0,0.0,15.0,2.6,256.0
Tolarapa (INIAF),2026-08-31 13:00:00,13,36.0,0.0,4.0,2.7,246.0
Tolarapa (INIAF),2026-08-31 13:00:00,16,36.0,0.0,4.0,2.3,313.0
Tolarapa (INIAF),2026-08-31 13:00:00,19,36.0,0.0,11.0,2.0,350.0
Tolarapa (INIAF),2026-08-31 13:00:00,22,36.0,0.0,15.0,2.5,9.0
Tolarapa (INIAF),2026-08-31 13:00:00,25,36.0,0.0,19.0,3.0,19.0
Tolarapa (INIAF),2026-08-31 13:00:00,28,36.0,0.0,19.0,2.3,332.0
Tolarapa (INIAF),2026-08-31 13:00:00,31,36.0,0.0,15.0,1.5,279.0
Tolarapa (INIAF),2026-08-31 13:00:00,34,36.0,0.0,11.0,1.9,268.0
Tolarapa (INIAF),2026-08-31 13:00:00,37,36.0,0.0,4.0,2.2,252.0
Tolarapa (INIAF),2026-08-31 13:00:00,40,36.0,0.0,4.0,2.2,311.0
Tolarapa (INIAF),2026-08-31 13:00:00,43,36.0,0.0,11.0,2.3,353.0
Tolarapa (INIAF),2026-08-31 13:00:00,46,36.0,0.0,16.0,2.6,9.0
Tolarapa (INIAF),2026-08-31 13:00:00,49,26.0,0.0,21.0,2.9,20.0
Tolarapa (INIAF),2026-08-31 13:00:00,52,26.0,0.0,21.0,2.5,326.0
Tolarapa (INIAF),2026-08-31 13:00:00,55,27.0,0.0,15.0,2.2,263.0
Tolarapa (INIAF),2026-08-31 13:00:00,58,26.0,0.0,9.0,2.4,263.0
Tolarapa (INIAF),2026-08-31 13:00:00,61,26.0,0.0,5.0,2.7,258.0
Tolarapa (INIAF),2026-08-31 13:00:00,64,26.0,0.0,5.0,2.3,287.0
Tolarapa (INIAF),2026-08-31 13:00:00,67,26.0,0.0,12.0,1.5,316.0
Tolarapa (INIAF),2026-08-31 13:00:00,70,27.0,0.0,18.0,2.5,345.0
Tolarapa (INIAF),2026-08-31 13:00:00,73,37.0,0.0,24.0,3.5,10.0
Tolarapa (INIAF),2026-08-31 13:00:00,76,36.0,0.0,24.0,2.8,315.0
Tolarapa (INIAF),2026-08-31 13:00:00,79,26.0,0.0,16.0,2.0,256.0
Tolarapa (INIAF),2026-08-31 13:00:00,82,26.0,0.0,8.0,2.3,261.0
Tolarapa (INIAF),2026-08-31 13:00:00,85,57.0,0.0,5.0,2.5,260.0
Tolarapa (INIAF),2026-08-31 13:00:00,88,56.0,0.0,6.0,2.0,280.0
Tolarapa (INIAF),2026-08-31 13:00:00,91,56.0,0.0,17.0,1.7,290.0
Tolarapa (INIAF),2026-08-31 13:00:00,94,56.0,0.0,18.0,2.2,328.0
Tolarapa (INIAF),2026-08-31 13:00:00,97,56.0,0.0,24.0,2.6,355.0
Tolarapa (INIAF),2026-08-31 13:00:00,100,57.0,0.0,24.0,2.6,309.0
Tolarapa (INIAF),2026-08-31 13:00:00,103,37.0,0.0,16.0,2.5,260.0
Tolarapa (INIAF),2026-08-31 13:00:00,106,35.0,0.0,6.0,2.7,260.0
Tolarapa (INIAF),2026-08-31 13:00:00,109,35.0,0.0,6.0,2.9,255.0
Tolarapa (INIAF),2026-09-01 11:00:00,87,37.0,,,,
Tolarapa (INIAF),2026-09-01 11:00:00,90,36.0,0.0,15.0,2.2,289.0
Tolarapa (INIAF),2026-09-01 11:00:00,93,36.0,0.0,16.0,1.5,317.0
Tolarapa (INIAF),2026-09-01 11:00:00,96,36.0,0.0,17.0,2.2,351.0
Tolarapa (INIAF),2026-09-01 11:00:00,99,36.0,0.0,17.0,2.9,19.0
Tolarapa (INIAF),2026-09-01 11:00:00,102,36.0,0.0,15.0,2.5,319.0
Tolarapa (INIAF),2026-09-01 11:00:00,105,36.0,0.0,13.0,2.1,251.0
Tolarapa (INIAF),2026-09-01 11:00:00,108,36.0,0.0,12.0,1.7,246.0
Tolarapa (INIAF),2026-09-01 11:00:00,111,36.0,0.0,11.0,1.3,234.0
Tolarapa (INIAF),2026-09-01 15:00:00,32,,,11.0,,
Tolarapa (INIAF),2026-09-01 15:00:00,41,,,11.0,,
Tolarapa (INIAF),2026-09-01 15:00:00,44,,,16.0,,
Tolarapa (INIAF),2026-09-01 15:00:00,47,,,21.0,,
Tolarapa (INIAF),2026-09-01 15:00:00,50,,,21.0,,
Tolarapa (INIAF),2026-09-01 15:00:00,53,,,15.0,,
Tolarapa (INIAF),2026-09-01 15:00:00,56,,,9.0,,
Tolarapa (INIAF),2026-09-01 15:00:00,59,,,6.0,,
Tolarapa (INIAF),2026-09-01 15:00:00,62,,,7.0,,
Tolarapa (INIAF),2026-09-01 15:00:00,65,,,10.0,,
Tolarapa (INIAF),2026-09-01 15:00:00,68,,,17.0,,
Tolarapa (INIAF),2026-09-01 15:00:00,71,,,22.0,,
Tolarapa (INIAF),2026-09-01 15:00:00,74,,,22.0,,
Tolarapa (INIAF),2026-09-01 15:00:00,77,,,17.0,,
Tolarapa (INIAF),2026-09-01 15:00:00,80,,,11.0,,
Tolarapa (INIAF),2026-09-01 15:00:00,86,,,6.0,,
Tolarapa (INIAF),2026-09-01 15:00:00,89,,,12.0,,
Tolarapa (INIAF),2026-09-01 15:00:00,92,,,16.0,,
Tolarapa (INIAF),2026-09-01 15:00:00,95,,,21.0,,
Tolarapa (INIAF),2026-09-01 15:00:00,98,,,21.0,,
Tolarapa (INIAF),2026-09-01 15:00:00,101,,,18.0,,
Tolarapa (INIAF),2026-09-01 15:00:00,104,,,13.0,,
Tolarapa (INIAF),2026-09-01 15:00:00,107,,,9.0,,
Tolarapa (INIAF),2026-09-02 10:00:00,19,27.0,,,,
Tolarapa (INIAF),2026-09-02 10:00:00,25,26.0,,,,
Tolarapa (INIAF),2026-09-02 10:00:00,28,36.0,,,,
Tolarapa (INIAF),2026-09-02 10:00:00,34,36.0,,,,
Tolarapa (INIAF),2026-09-02 10:00:00,37,37.0,,,,
Tolarapa (INIAF),2026-09-02 10:00:00,40,36.0,,,,
Tolarapa (INIAF),2026-09-02 10:00:00,91,37.0,0.0,12.0,1.8,314.0
Tolarapa (INIAF),2026-09-02 10:00:00,94,36.0,0.0,12.0,1.6,360.0
Tolarapa (INIAF),2026-09-02 10:00:00,97,36.0,0.0,12.0,2.0,10.0
Tolarapa (INIAF),2026-09-02 10:00:00,100,76.0,1.7,12.0,2.3,14.0
Tolarapa (INIAF),2026-09-02 10:00:00,103,76.0,2.2,11.0,1.5,48.0
Tolarapa (INIAF),2026-09-02 10:00:00,106,56.0,0.0,10.0,0.9,81.0
Tolarapa (INIAF),2026-09-02 10:00:00,109,56.0,0.0,10.0,1.2,28.0
Tolarapa (INIAF),2026-09-02 10:00:00,112,56.0,0.0,9.0,1.5,335.0
Tolarapa (INIAF),2026-09-02 15:00:00,11,,,7.0,,
Tolarapa (INIAF),2026-09-02 15:00:00,14,,,7.0,,
Tolarapa (INIAF),2026-09-02 15:00:00,35,,,7.0,,
Tolarapa (INIAF),2026-09-02 15:00:00,47,,,25.0,,
Tolarapa (INIAF),2026-09-02 15:00:00,50,,,25.0,,
Tolarapa (INIAF),2026-09-02 15:00:00,71,,,25.0,,
Tolarapa (INIAF),2026-09-02 15:00:00,74,,,25.0,,
Tolarapa (INIAF),2026-09-02 15:00:00,83,,,6.0,,
Tolarapa (INIAF),2026-09-02 15:00:00,86,,,7.0,,
Tolarapa (INIAF),2026-09-02 15:00:00,89,,,10.0,,
Tolarapa (INIAF),2026-09-02 15:00:00,92,,,15.0,,
Tolarapa (INIAF),2026-09-02 15:00:00,95,,,19.0,,
Tolarapa (INIAF),2026-09-02 15:00:00,98,,,19.0,,
Tolarapa (INIAF),2026-09-02 15:00:00,101,,,14.0,,
Tolarapa (INIAF),2026-09-02 15:00:00,104,,,13.0,,
Totoral,2026-08-31 13:00:00,1,26.0,0.0,25.0,13.3,290.0
Totoral,2026-08-31 13:00:00,4,26.0,0.0,25.0,10.6,283.0
Totoral,2026-08-31 13:00:00,7,26.0,0.0,15.0,7.9,273.0
Totoral,2026-08-31 13:00:00,10,26.0,0.0,7.0,5.3,264.0
Totoral,2026-08-31 13:00:00,13,26.0,0.0,0.0,2.8,251.0
Totoral,2026-08-31 13:00:00,16,26.0,0.0,0.0,1.8,292.0
Totoral,2026-08-31 13:00:00,19,26.0,0.0,8.0,1.6,252.0
Totoral,2026-08-31 13:00:00,22,26.0,0.0,14.0,3.3,279.0
Totoral,2026-08-31 13:00:00,25,26.0,0.0,19.0,5.1,299.0
Totoral,2026-08-31 13:00:00,28,26.0,0.0,19.0,3.7,328.0
Totoral,2026-08-31 13:00:00,31,26.0,0.0,16.0,2.4,351.0
Totoral,2026-08-31 13:00:00,34,26.0,0.0,9.0,1.7,336.0
Totoral,2026-08-31 13:00:00,37,26.0,0.0,0.0,1.0,316.0
Totoral,2026-08-31 13:00:00,40,26.0,0.0,0.0,0.9,330.0
Totoral,2026-08-31 13:00:00,43,26.0,0.0,8.0,0.9,280.0
Totoral,2026-08-31 13:00:00,46,26.0,0.0,14.0,2.4,300.0
Totoral,2026-08-31 13:00:00,49,26.0,0.0,20.0,3.8,310.0
Totoral,2026-08-31 13:00:00,52,27.0,0.0,20.0,3.4,297.0
Totoral,2026-08-31 13:00:00,55,26.0,0.0,14.0,2.9,276.0
Totoral,2026-08-31 13:00:00,58,26.0,0.0,6.0,2.1,299.0
Totoral,2026-08-31 13:00:00,61,26.0,0.0,1.0,1.1,319.0
Totoral,2026-08-31 13:00:00,64,26.0,0.0,1.0,2.0,279.0
Totoral,2026-08-31 13:00:00,67,26.0,0.0,7.0,2.4,257.0
Totoral,2026-08-31 13:00:00,70,27.0,0.0,16.0,3.5,280.0
Totoral,2026-08-31 13:00:00,73,26.0,0.0,20.0,4.6,299.0
Totoral,2026-08-31 13:00:00,76,26.0,0.0,20.0,3.8,283.0
Totoral,2026-08-31 13:00:00,79,26.0,0.0,14.0,3.1,264.0
Totoral,2026-08-31 13:00:00,82,26.0,0.0,3.0,2.1,344.0
Totoral,2026-08-31 13:00:00,85,36.0,0.0,0.0,1.2,58.0
Totoral,2026-08-31 13:00:00,88,36.0,0.0,1.0,1.3,24.0
Totoral,2026-08-31 13:00:00,91,36.0,0.0,11.0,1.5,350.0
Totoral,2026-08-31 13:00:00,94,36.0,0.0,14.0,3.4,343.0
Totoral,2026-08-31 13:00:00,97,36.0,0.0,19.0,5.3,330.0
Totoral,2026-08-31 13:00:00,100,36.0,0.0,19.0,4.0,350.0
Totoral,2026-08-31 13:00:00,103,56.0,0.0,14.0,2.6,2.0
Totoral,2026-08-31 13:00:00,106,56.0,0.0,1.0,1.7,333.0
Totoral,2026-08-31 13:00:00,109,36.0,0.0,1.0,0.8,297.0
Totoral,2026-09-01 11:00:00,90,36.0,0.0,9.0,1.4,310.0
Totoral,2026-09-01 11:00:00,93,36.0,0.0,10.0,1.1,324.0
Totoral,2026-09-01 11:00:00,96,37.0,0.0,16.0,5.8,310.0
Totoral,2026-09-01 11:00:00,99,36.0,0.0,21.0,10.5,290.0
Totoral,2026-09-01 11:00:00,102,36.0,0.0,18.0,8.2,274.0
Totoral,2026-09-01 11:00:00,105,36.0,0.0,14.0,6.0,254.0
Totoral,2026-09-01 11:00:00,108,36.0,0.0,10.0,3.7,331.0
Totoral,2026-09-01 11:00:00,111,36.0,0.0,5.0,1.3,39.0
Totoral,2026-09-01 15:00:00,11,,,4.0,,
Totoral,2026-09-01 15:00:00,14,,,4.0,,
Totoral,2026-09-01 15:00:00,17,,,12.0,,
Totoral,2026-09-01 15:00:00,20,,,18.0,,
Totoral,2026-09-01 15:00:00,23,,,25.0,,
Totoral,2026-09-01 15:00:00,26,,,25.0,,
Totoral,2026-09-01 15:00:00,29,,,15.0,,
Totoral,2026-09-01 15:00:00,32,,,11.0,,
Totoral,2026-09-01 15:00:00,35,,,3.0,,
Totoral,2026-09-01 15:00:00,38,,,3.0,,
Totoral,2026-09-01 15:00:00,41,,,11.0,,
Totoral,2026-09-01 15:00:00,44,,,17.0,,
Totoral,2026-09-01 15:00:00,47,,,26.0,,
Totoral,2026-09-01 15:00:00,50,,,26.0,,
Totoral,2026-09-01 15:00:00,53,,,18.0,,
Totoral,2026-09-01 15:00:00,56,,,10.0,,
Totoral,2026-09-01 15:00:00,59,,,2.0,,
Totoral,2026-09-01 15:00:00,62,,,2.0,,
Totoral,2026-09-01 15:00:00,65,,,10.0,,
Totoral,2026-09-01 15:00:00,68,,,16.0,,
Totoral,2026-09-01 15:00:00,71,,,25.0,,
Totoral,2026-09-01 15:00:00,74,,,25.0,,
Totoral,2026-09-01 15:00:00,77,,,16.0,,
Totoral,2026-09-01 15:00:00,80,,,9.0,,
Totoral,2026-09-01 15:00:00,83,,,2.0,,
Totoral,2026-09-01 15:00:00,86,,,3.0,,
Totoral,2026-09-01 15:00:00,92,36.0,,,,
Totoral,2026-09-01 15:00:00,95,,,26.0,,
Totoral,2026-09-01 15:00:00,98,,,26.0,,
Totoral,2026-09-01 15:00:00,101,56.0,,20.0,,
Totoral,2026-09-01 15:00:00,104,56.0,,15.0,,
Totoral,2026-09-01 15:00:00,107,56.0,,9.0,,
Totoral,2026-09-02 10:00:00,25,26.0,,,,
Totoral,2026-09-02 10:00:00,40,26.0,,,,
Totoral,2026-09-02 10:00:00,91,36.0,0.0,7.0,1.8,17.0
Totoral,2026-09-02 10:00:00,94,36.0,0.0,8.0,1.8,348.0
Totoral,2026-09-02 10:00:00,97,36.0,0.0,13.0,5.5,324.0
Totoral,2026-09-02 10:00:00,100,35.0,0.0,19.0,9.2,293.0
Totoral,2026-09-02 10:00:00,103,36.0,0.0,16.0,6.5,283.0
Totoral,2026-09-02 10:00:00,106,36.0,0.0,13.0,3.9,270.0
Totoral,2026-09-02 10:00:00,109,36.0,0.0,10.0,2.5,293.0
Totoral,2026-09-02 10:00:00,112,36.0,0.0,6.0,1.2,313.0
Totoral,2026-09-02 15:00:00,23,,,25.0,,
Totoral,2026-09-02 15:00:00,26,,,25.0,,
Totoral,2026-09-02 15:00:00,35,,,3.0,,
Totoral,2026-09-02 15:00:00,59,,,3.0,,
Totoral,2026-09-02 15:00:00,71,,,23.0,,
Totoral,2026-09-02 15:00:00,74,,,23.0,,
Totoral,2026-09-02 15:00:00,77,,,19.0,,
Totoral,2026-09-02 15:00:00,80,,,13.0,,
Totoral,2026-09-02 15:00:00,83,,,2.0,,
Totoral,2026-09-02 15:00:00,86,,,2.0,,
Totoral,2026-09-02 15:00:00,95,,,22.0,,
Totoral,2026-09-02 15:00:00,98,,,22.0,,
Totoral,2026-09-02 15:00:00,101,,,18.0,,
Totoral,2026-09-02 15:00:00,104,,,14.0,,
Totoral,2026-09-02 15:00:00,107,,,9.0,,
Trancas,2026-08-31 13:00:00,1,36.0,0.0,34.0,9.4,296.0
Trancas,2026-08-31 13:00:00,4,36.0,0.0,34.0,6.0,359.0
Trancas,2026-08-31 13:00:00,7,56.0,0.0,26.0,2.6,120.0
Trancas,2026-08-31 13:00:00,10,56.0,0.0,17.0,2.0,107.0
Trancas,2026-08-31 13:00:00,13,36.0,0.0,7.0,1.5,91.0
Trancas,2026-08-31 13:00:00,16,36.0,0.0,7.0,1.8,129.0
Trancas,2026-08-31 13:00:00,19,36.0,0.0,14.0,1.7,104.0
Trancas,2026-08-31 13:00:00,22,36.0,0.0,21.0,2.5,91.0
Trancas,2026-08-31 13:00:00,25,56.0,0.0,30.0,3.3,73.0
Trancas,2026-08-31 13:00:00,28,56.0,0.0,30.0,2.9,86.0
Trancas,2026-08-31 13:00:00,31,36.0,0.0,23.0,2.5,96.0
Trancas,2026-08-31 13:00:00,34,36.0,0.0,17.0,2.3,44.0
Trancas,2026-08-31 13:00:00,37,56.0,0.0,6.0,2.0,347.0
Trancas,2026-08-31 13:00:00,40,36.0,0.0,6.0,2.1,333.0
Trancas,2026-08-31 13:00:00,43,36.0,0.0,16.0,2.0,326.0
Trancas,2026-08-31 13:00:00,46,36.0,0.0,21.0,2.5,16.0
Trancas,2026-08-31 13:00:00,49,26.0,0.0,32.0,3.1,63.0
Trancas,2026-08-31 13:00:00,52,26.0,0.0,32.0,2.5,64.0
Trancas,2026-08-31 13:00:00,55,26.0,0.0,23.0,2.0,59.0
Trancas,2026-08-31 13:00:00,58,26.0,0.0,17.0,2.0,16.0
Trancas,2026-08-31 13:00:00,61,26.0,0.0,8.0,2.0,330.0
Trancas,2026-08-31 13:00:00,64,26.0,0.0,8.0,2.4,294.0
Trancas,2026-08-31 13:00:00,67,26.0,0.0,14.0,1.9,264.0
Trancas,2026-08-31 13:00:00,70,26.0,0.0,19.0,2.1,236.0
Trancas,2026-08-31 13:00:00,73,26.0,0.0,34.0,2.3,106.0
Trancas,2026-08-31 13:00:00,76,26.0,0.0,34.0,2.1,108.0
Trancas,2026-08-31 13:00:00,79,26.0,0.0,19.0,1.9,102.0
Trancas,2026-08-31 13:00:00,82,26.0,0.0,9.0,1.5,153.0
Trancas,2026-08-31 13:00:00,85,36.0,0.0,8.0,1.1,197.0
Trancas,2026-08-31 13:00:00,88,36.0,0.0,8.0,1.3,149.0
Trancas,2026-08-31 13:00:00,91,36.0,0.0,13.0,0.7,114.0
Trancas,2026-08-31 13:00:00,94,36.0,0.0,18.0,3.0,74.0
Trancas,2026-08-31 13:00:00,97,36.0,0.0,30.0,5.2,28.0
Trancas,2026-08-31 13:00:00,100,36.0,0.0,30.0,4.1,54.0
Trancas,2026-08-31 13:00:00,103,52.0,0.0,15.0,2.9,73.0
Trancas,2026-08-31 13:00:00,106,52.0,0.0,8.0,2.1,76.0
Trancas,2026-08-31 13:00:00,109,36.0,0.0,8.0,1.2,76.0
Trancas,2026-09-01 11:00:00,90,36.0,0.0,9.0,1.3,51.0
Trancas,2026-09-01 11:00:00,93,37.0,0.0,9.0,1.5,45.0
Trancas,2026-09-01 11:00:00,96,36.0,0.0,10.0,2.7,77.0
Trancas,2026-09-01 11:00:00,99,56.0,0.0,12.0,4.0,99.0
Trancas,2026-09-01 11:00:00,102,56.0,0.0,8.0,3.6,127.0
Trancas,2026-09-01 11:00:00,105,56.0,0.0,5.0,3.2,146.0
Trancas,2026-09-01 11:00:00,108,56.0,0.0,3.0,3.1,154.0
Trancas,2026-09-01 11:00:00,111,56.0,0.0,2.0,2.9,157.0
Trancas,2026-09-01 15:00:00,11,,,10.0,,
Trancas,2026-09-01 15:00:00,14,,,10.0,,
Trancas,2026-09-01 15:00:00,35,,,11.0,,
Trancas,2026-09-01 15:00:00,38,,,11.0,,
Trancas,2026-09-01 15:00:00,41,,,17.0,,
Trancas,2026-09-01 15:00:00,44,,,23.0,,
Trancas,2026-09-01 15:00:00,47,,,31.0,,
Trancas,2026-09-01 15:00:00,50,,,31.0,,
Trancas,2026-09-01 15:00:00,53,,,23.0,,
Trancas,2026-09-01 15:00:00,56,,,16.0,,
Trancas,2026-09-01 15:00:00,59,,,12.0,,
Trancas,2026-09-01 15:00:00,62,,,12.0,,
Trancas,2026-09-01 15:00:00,65,,,17.0,,
Trancas,2026-09-01 15:00:00,68,,,23.0,,
Trancas,2026-09-01 15:00:00,71,,,32.0,,
Trancas,2026-09-01 15:00:00,74,,,32.0,,
Trancas,2026-09-01 15:00:00,77,,,23.0,,
Trancas,2026-09-01 15:00:00,80,,,18.0,,
Trancas,2026-09-01 15:00:00,83,,,13.0,,
Trancas,2026-09-01 15:00:00,86,,,12.0,,
Trancas,2026-09-01 15:00:00,89,,,17.0,,
Trancas,2026-09-01 15:00:00,92,,,22.0,,
Trancas,2026-09-01 15:00:00,95,,,27.0,,
Trancas,2026-09-01 15:00:00,98,,,28.0,,
Trancas,2026-09-01 15:00:00,101,,,22.0,,
Trancas,2026-09-01 15:00:00,104,,,18.0,,
Trancas,2026-09-01 15:00:00,107,,,15.0,,
Trancas,2026-09-02 10:00:00,19,27.0,,,,
Trancas,2026-09-02 10:00:00,40,27.0,,,,
Trancas,2026-09-02 10:00:00,91,56.0,0.0,5.0,1.9,107.0
Trancas,2026-09-02 10:00:00,94,56.0,0.0,5.0,1.7,70.0
Trancas,2026-09-02 10:00:00,97,56.0,0.0,9.0,3.0,79.0
Trancas,2026-09-02 10:00:00,100,36.0,0.0,13.0,4.3,86.0
Trancas,2026-09-02 10:00:00,103,36.0,0.0,9.0,3.4,96.0
Trancas,2026-09-02 10:00:00,106,36.0,0.0,5.0,2.5,106.0
Trancas,2026-09-02 10:00:00,109,37.0,0.0,3.0,2.4,74.0
Trancas,2026-09-02 10:00:00,112,36.0,0.0,1.0,2.3,32.0
Trancas,2026-09-02 15:00:00,11,,,9.0,,
Trancas,2026-09-02 15:00:00,14,,,9.0,,
Trancas,2026-09-02 15:00:00,23,,,30.0,,
Trancas,2026-09-02 15:00:00,26,,,30.0,,
Trancas,2026-09-02 15:00:00,44,,,22.0,,
Trancas,2026-09-02 15:00:00,47,,,28.0,,
Trancas,2026-09-02 15:00:00,50,,,28.0,,
Trancas,2026-09-02 15:00:00,53,,,22.0,,
Trancas,2026-09-02 15:00:00,56,,,17.0,,
Trancas,2026-09-02 15:00:00,59,,,7.0,,
Trancas,2026-09-02 15:00:00,62,,,7.0,,
Trancas,2026-09-02 15:00:00,65,,,13.0,,
Trancas,2026-09-02 15:00:00,68,,,18.0,,
Trancas,2026-09-02 15:00:00,71,,,24.0,,
Trancas,2026-09-02 15:00:00,74,,,24.0,,
Trancas,2026-09-02 15:00:00,77,,,21.0,,
Trancas,2026-09-02 15:00:00,80,,,10.0,,
Trancas,2026-09-02 15:00:00,83,,,3.0,,
Trancas,2026-09-02 15:00:00,86,,,2.0,,
Trancas,2026-09-02 15:00:00,92,,,13.0,,
Trancas,2026-09-02 15:00:00,95,,,20.0,,
Trancas,2026-09-02 15:00:00,98,,,21.0,,
Trancas,2026-09-02 15:00:00,101,,,16.0,,
Trancas,2026-09-02 15:00:00,104,,,12.0,,
Trancas,2026-09-02 15:00:00,107,,,8.0,,
Trinidad,2026-08-31 13:00:00,1,36.0,0.0,36.0,5.4,320.0
Trinidad,2026-08-31 13:00:00,4,36.0,0.0,36.0,3.5,320.0
Trinidad,2026-08-31 13:00:00,7,36.0,0.0,30.0,1.6,320.0
Trinidad,2026-08-31 13:00:00,10,36.0,0.0,26.0,1.5,310.0
Trinidad,2026-08-31 13:00:00,13,57.0,0.0,20.0,1.5,300.0
Trinidad,2026-08-31 13:00:00,16,57.0,0.0,20.0,2.8,236.0
Trinidad,2026-08-31 13:00:00,19,56.0,0.0,25.0,4.2,131.0
Trinidad,2026-08-31 13:00:00,22,56.0,0.0,28.0,3.6,141.0
Trinidad,2026-08-31 13:00:00,25,56.0,0.0,31.0,2.9,150.0
Trinidad,2026-08-31 13:00:00,28,57.0,0.0,31.0,2.7,170.0
Trinidad,2026-08-31 13:00:00,31,57.0,0.0,29.0,2.5,190.0
Trinidad,2026-08-31 13:00:00,34,56.0,0.0,25.0,2.7,170.0
Trinidad,2026-08-31 13:00:00,37,55.0,0.0,17.0,2.9,150.0
Trinidad,2026-08-31 13:00:00,40,27.0,0.0,17.0,2.9,148.0
Trinidad,2026-08-31 13:00:00,43,26.0,0.0,25.0,2.6,148.0
Trinidad,2026-08-31 13:00:00,46,26.0,0.0,29.0,1.7,180.0
Trinidad,2026-08-31 13:00:00,49,26.0,0.0,33.0,0.8,210.0
Trinidad,2026-08-31 13:00:00,52,27.0,0.0,33.0,1.0,220.0
Trinidad,2026-08-31 13:00:00,55,26.0,0.0,30.0,1.1,230.0
Trinidad,2026-08-31 13:00:00,58,26.0,0.0,26.0,1.5,220.0
Trinidad,2026-08-31 13:00:00,61,26.0,0.0,18.0,1.7,210.0
Trinidad,2026-08-31 13:00:00,64,26.0,0.0,18.0,1.3,300.0
Trinidad,2026-08-31 13:00:00,67,27.0,0.0,28.0,0.9,0.0
Trinidad,2026-08-31 13:00:00,70,25.0,0.0,32.0,2.5,340.0
Trinidad,2026-08-31 13:00:00,73,36.0,0.0,34.0,4.2,320.0
Trinidad,2026-08-31 13:00:00,76,36.0,0.0,34.0,2.8,338.0
Trinidad,2026-08-31 13:00:00,79,26.0,0.0,29.0,1.6,349.0
Trinidad,2026-08-31 13:00:00,82,26.0,0.0,22.0,1.8,348.0
Trinidad,2026-08-31 13:00:00,85,36.0,0.0,20.0,2.0,338.0
Trinidad,2026-08-31 13:00:00,88,36.0,0.0,20.0,2.2,320.0
Trinidad,2026-08-31 13:00:00,91,36.0,0.0,26.0,2.5,332.0
Trinidad,2026-08-31 13:00:00,94,37.0,0.0,29.0,4.0,329.0
Trinidad,2026-08-31 13:00:00,97,57.0,0.0,35.0,5.4,317.0
Trinidad,2026-08-31 13:00:00,100,56.0,0.0,35.0,3.8,317.0
Trinidad,2026-08-31 13:00:00,103,56.0,0.0,31.0,2.1,317.0
Trinidad,2026-08-31 13:00:00,106,56.0,0.0,20.0,2.1,330.0
Trinidad,2026-08-31 13:00:00,109,36.0,0.0,20.0,2.0,340.0
Trinidad,2026-09-01 11:00:00,90,36.0,0.0,31.0,2.1,335.0
Trinidad,2026-09-01 11:00:00,93,36.0,0.0,32.0,2.3,337.0
Trinidad,2026-09-01 11:00:00,96,36.0,0.0,35.0,2.1,22.0
Trinidad,2026-09-01 11:00:00,99,36.0,0.0,38.0,1.9,57.0
Trinidad,2026-09-01 11:00:00,102,36.0,0.0,33.0,1.9,70.0
Trinidad,2026-09-01 11:00:00,105,56.0,0.0,28.0,1.8,80.0
Trinidad,2026-09-01 11:00:00,108,56.0,0.0,26.0,3.2,113.0
Trinidad,2026-09-01 11:00:00,111,57.0,0.0,23.0,4.5,143.0
Trinidad,2026-09-01 15:00:00,11,,,22.0,,
Trinidad,2026-09-01 15:00:00,14,,,22.0,,
Trinidad,2026-09-01 15:00:00,35,,,23.0,,
Trinidad,2026-09-01 15:00:00,38,,,23.0,,
Trinidad,2026-09-01 15:00:00,41,,,27.0,,
Trinidad,2026-09-01 15:00:00,44,,,30.0,,
Trinidad,2026-09-01 15:00:00,47,,,35.0,,
Trinidad,2026-09-01 15:00:00,50,,,35.0,,
Trinidad,2026-09-01 15:00:00,53,,,30.0,,
Trinidad,2026-09-01 15:00:00,56,,,28.0,,
Trinidad,2026-09-01 15:00:00,59,,,24.0,,
Trinidad,2026-09-01 15:00:00,62,,,24.0,,
Trinidad,2026-09-01 15:00:00,65,,,28.0,,
Trinidad,2026-09-01 15:00:00,68,,,31.0,,
Trinidad,2026-09-01 15:00:00,71,,,36.0,,
Trinidad,2026-09-01 15:00:00,74,,,36.0,,
Trinidad,2026-09-01 15:00:00,80,,,28.0,,
Trinidad,2026-09-01 15:00:00,83,,,24.0,,
Trinidad,2026-09-01 15:00:00,86,,,24.0,,
Trinidad,2026-09-01 15:00:00,89,,,28.0,,
Trinidad,2026-09-01 15:00:00,92,,,31.0,,
Trinidad,2026-09-01 15:00:00,95,,,35.0,,
Trinidad,2026-09-01 15:00:00,98,,,36.0,,
Trinidad,2026-09-01 15:00:00,101,,,32.0,,
Trinidad,2026-09-01 15:00:00,104,,,29.0,,
Trinidad,2026-09-01 15:00:00,107,,,27.0,,
Trinidad,2026-09-02 10:00:00,22,26.0,,,,
Trinidad,2026-09-02 10:00:00,25,27.0,,,,
Trinidad,2026-09-02 10:00:00,40,26.0,,,,
Trinidad,2026-09-02 10:00:00,88,89.0,3.6,,,
Trinidad,2026-09-02 10:00:00,91,89.0,2.7,26.0,3.4,140.0
Trinidad,2026-09-02 10:00:00,94,90.0,1.7,28.0,4.4,130.0
Trinidad,2026-09-02 10:00:00,97,88.0,2.7,30.0,4.0,140.0
Trinidad,2026-09-02 10:00:00,100,57.0,0.0,32.0,3.6,140.0
Trinidad,2026-09-02 10:00:00,103,56.0,0.0,30.0,3.9,142.0
Trinidad,2026-09-02 10:00:00,106,56.0,0.0,27.0,4.1,142.0
Trinidad,2026-09-02 10:00:00,109,57.0,0.0,25.0,4.2,142.0
Trinidad,2026-09-02 10:00:00,112,56.0,0.0,24.0,4.2,140.0
Trinidad,2026-09-02 15:00:00,11,,,21.0,,
Trinidad,2026-09-02 15:00:00,14,,,21.0,,
Trinidad,2026-09-02 15:00:00,23,,,36.0,,
Trinidad,2026-09-02 15:00:00,26,,,36.0,,
Trinidad,2026-09-02 15:00:00,35,,,22.0,,
Trinidad,2026-09-02 15:00:00,38,,,22.0,,
Trinidad,2026-09-02 15:00:00,59,,,23.0,,
Trinidad,2026-09-02 15:00:00,62,,,23.0,,
Trinidad,2026-09-02 15:00:00,74,,,35.0,,
Trinidad,2026-09-02 15:00:00,77,,,31.0,,
Trinidad,2026-09-02 15:00:00,83,,,20.0,,
Trinidad,2026-09-02 15:00:00,86,,,20.0,,
Trinidad,2026-09-02 15:00:00,89,,,23.0,,
Trinidad,2026-09-02 15:00:00,92,,,27.0,,
Trinidad,2026-09-02 15:00:00,95,,,31.0,,
Trinidad,2026-09-02 15:00:00,98,,,31.0,,
Tupiza,2026-08-31 13:00:00,1,26.0,0.0,26.0,16.6,280.0
Tupiza,2026-08-31 13:00:00,4,26.0,0.0,26.0,13.7,290.0
Tupiza,2026-08-31 13:00:00,7,26.0,0.0,15.0,10.8,297.0
Tupiza,2026-08-31 13:00:00,10,26.0,0.0,12.0,7.0,307.0
Tupiza,2026-08-31 13:00:00,13,26.0,0.0,9.0,3.2,315.0
Tupiza,2026-08-31 13:00:00,16,26.0,0.0,9.0,2.8,317.0
Tupiza,2026-08-31 13:00:00,19,26.0,0.0,9.0,1.8,300.0
Tupiza,2026-08-31 13:00:00,22,26.0,0.0,14.0,5.8,300.0
Tupiza,2026-08-31 13:00:00,25,26.0,0.0,26.0,9.9,299.0
Tupiza,2026-08-31 13:00:00,28,26.0,0.0,26.0,7.1,322.0
Tupiza,2026-08-31 13:00:00,31,26.0,0.0,18.0,4.2,339.0
Tupiza,2026-08-31 13:00:00,34,26.0,0.0,11.0,2.9,11.0
Tupiza,2026-08-31 13:00:00,37,26.0,0.0,9.0,1.7,39.0
Tupiza,2026-08-31 13:00:00,40,26.0,0.0,9.0,1.2,187.0
Tupiza,2026-08-31 13:00:00,43,25.0,0.0,10.0,1.0,229.0
Tupiza,2026-08-31 13:00:00,46,25.0,0.0,14.0,2.9,266.0
Tupiza,2026-08-31 13:00:00,49,27.0,0.0,27.0,4.8,300.0
Tupiza,2026-08-31 13:00:00,52,25.0,0.0,27.0,4.4,307.0
Tupiza,2026-08-31 13:00:00,55,26.0,0.0,17.0,4.1,314.0
Tupiza,2026-08-31 13:00:00,58,26.0,0.0,10.0,2.6,292.0
Tupiza,2026-08-31 13:00:00,61,27.0,0.0,8.0,1.1,263.0
Tupiza,2026-08-31 13:00:00,64,26.0,0.0,7.0,1.7,285.0
Tupiza,2026-08-31 13:00:00,67,26.0,0.0,9.0,1.9,282.0
Tupiza,2026-08-31 13:00:00,70,25.0,0.0,15.0,2.1,322.0
Tupiza,2026-08-31 13:00:00,73,26.0,0.0,26.0,2.3,354.0
Tupiza,2026-08-31 13:00:00,76,27.0,0.0,26.0,3.4,341.0
Tupiza,2026-08-31 13:00:00,79,26.0,0.0,14.0,4.5,326.0
Tupiza,2026-08-31 13:00:00,82,26.0,0.0,10.0,3.0,14.0
Tupiza,2026-08-31 13:00:00,85,36.0,0.0,7.0,1.5,56.0
Tupiza,2026-08-31 13:00:00,88,36.0,0.0,6.0,1.6,45.0
Tupiza,2026-08-31 13:00:00,91,36.0,0.0,10.0,1.8,4.0
Tupiza,2026-08-31 13:00:00,94,36.0,0.0,16.0,5.8,339.0
Tupiza,2026-08-31 13:00:00,97,35.0,0.0,26.0,9.7,309.0
Tupiza,2026-08-31 13:00:00,100,36.0,0.0,26.0,6.7,316.0
Tupiza,2026-08-31 13:00:00,103,56.0,0.0,15.0,3.7,314.0
Tupiza,2026-08-31 13:00:00,106,56.0,0.0,6.0,2.9,334.0
Tupiza,2026-08-31 13:00:00,109,36.0,0.0,6.0,2.0,347.0
Tupiza,2026-09-01 11:00:00,87,37.0,,,,
Tupiza,2026-09-01 11:00:00,90,36.0,0.0,9.0,3.0,329.0
Tupiza,2026-09-01 11:00:00,93,36.0,0.0,10.0,2.5,309.0
Tupiza,2026-09-01 11:00:00,96,36.0,0.0,15.0,6.8,307.0
Tupiza,2026-09-01 11:00:00,99,35.0,0.0,21.0,11.1,298.0
Tupiza,2026-09-01 11:00:00,102,35.0,0.0,18.0,9.3,297.0
Tupiza,2026-09-01 11:00:00,105,35.0,0.0,14.0,7.5,289.0
Tupiza,2026-09-01 11:00:00,108,36.0,0.0,10.0,5.3,355.0
Tupiza,2026-09-01 11:00:00,111,35.0,0.0,5.0,3.1,58.0
Tupiza,2026-09-01 15:00:00,11,,,2.0,,
Tupiza,2026-09-01 15:00:00,14,,,2.0,,
Tupiza,2026-09-01 15:00:00,35,,,3.0,,
Tupiza,2026-09-01 15:00:00,38,,,3.0,,
Tupiza,2026-09-01 15:00:00,41,,,12.0,,
Tupiza,2026-09-01 15:00:00,44,,,19.0,,
Tupiza,2026-09-01 15:00:00,47,,,28.0,,
Tupiza,2026-09-01 15:00:00,50,,,28.0,,
Tupiza,2026-09-01 15:00:00,53,,,19.0,,
Tupiza,2026-09-01 15:00:00,56,,,14.0,,
Tupiza,2026-09-01 15:00:00,59,,,4.0,,
Tupiza,2026-09-01 15:00:00,62,,,4.0,,
Tupiza,2026-09-01 15:00:00,71,,,27.0,,
Tupiza,2026-09-01 15:00:00,74,,,27.0,,
Tupiza,2026-09-01 15:00:00,77,,,18.0,,
Tupiza,2026-09-01 15:00:00,80,,,12.0,,
Tupiza,2026-09-01 15:00:00,83,,,4.0,,
Tupiza,2026-09-01 15:00:00,86,,,3.0,,
Tupiza,2026-09-01 15:00:00,89,,,12.0,,
Tupiza,2026-09-01 15:00:00,92,,,18.0,,
Tupiza,2026-09-01 15:00:00,95,36.0,,27.0,,
Tupiza,2026-09-01 15:00:00,98,36.0,,27.0,,
Tupiza,2026-09-01 15:00:00,101,56.0,,20.0,,
Tupiza,2026-09-01 15:00:00,104,56.0,,13.0,,
Tupiza,2026-09-01 15:00:00,107,56.0,,8.0,,
Tupiza,2026-09-02 10:00:00,16,26.0,,,,
Tupiza,2026-09-02 10:00:00,25,26.0,,,,
Tupiza,2026-09-02 10:00:00,28,27.0,,,,
Tupiza,2026-09-02 10:00:00,31,26.0,,,,
Tupiza,2026-09-02 10:00:00,40,26.0,,,,
Tupiza,2026-09-02 10:00:00,88,36.0,,,,
Tupiza,2026-09-02 10:00:00,91,37.0,0.0,8.0,3.0,356.0
Tupiza,2026-09-02 10:00:00,94,37.0,0.0,9.0,3.0,317.0
Tupiza,2026-09-02 10:00:00,97,36.0,0.0,14.0,7.6,300.0
Tupiza,2026-09-02 10:00:00,100,37.0,0.0,19.0,12.2,282.0
Tupiza,2026-09-02 10:00:00,103,37.0,0.0,16.0,9.2,297.0
Tupiza,2026-09-02 10:00:00,106,37.0,0.0,12.0,6.2,304.0
Tupiza,2026-09-02 10:00:00,109,37.0,0.0,9.0,4.1,307.0
Tupiza,2026-09-02 10:00:00,112,37.0,0.0,6.0,2.1,307.0
Tupiza,2026-09-02 15:00:00,35,,,3.0,,
Tupiza,2026-09-02 15:00:00,38,,,3.0,,
Tupiza,2026-09-02 15:00:00,59,,,2.0,,
Tupiza,2026-09-02 15:00:00,62,,,2.0,,
Tupiza,2026-09-02 15:00:00,71,,,25.0,,
Tupiza,2026-09-02 15:00:00,74,,,25.0,,
Tupiza,2026-09-02 15:00:00,83,,,1.0,,
Tupiza,2026-09-02 15:00:00,86,,,1.0,,
Tupiza,2026-09-02 15:00:00,95,,,26.0,,
Tupiza,2026-09-02 15:00:00,98,,,26.0,,
Tupiza,2026-09-02 15:00:00,101,,,21.0,,
Tupiza,2026-09-02 15:00:00,104,,,19.0,,
Tupiza,2026-09-02 15:00:00,107,,,11.0,,
Uyuni,2026-08-31 13:00:00,1,26.0,0.0,16.0,12.5,300.0
Uyuni,2026-08-31 13:00:00,4,26.0,0.0,16.0,9.7,298.0
Uyuni,2026-08-31 13:00:00,7,26.0,0.0,7.0,6.9,288.0
Uyuni,2026-08-31 13:00:00,10,25.0,0.0,1.0,5.2,311.0
Uyuni,2026-08-31 13:00:00,13,26.0,0.0,-6.0,3.4,333.0
Uyuni,2026-08-31 13:00:00,16,26.0,0.0,-6.0,3.3,321.0
Uyuni,2026-08-31 13:00:00,19,26.0,0.0,3.0,2.3,293.0
Uyuni,2026-08-31 13:00:00,22,25.0,0.0,9.0,5.7,293.0
Uyuni,2026-08-31 13:00:00,25,26.0,0.0,16.0,9.1,292.0
Uyuni,2026-08-31 13:00:00,28,27.0,0.0,16.0,6.8,322.0
Uyuni,2026-08-31 13:00:00,31,26.0,0.0,9.0,4.4,352.0
Uyuni,2026-08-31 13:00:00,34,26.0,0.0,2.0,4.1,352.0
Uyuni,2026-08-31 13:00:00,37,26.0,0.0,-5.0,3.7,342.0
Uyuni,2026-08-31 13:00:00,40,26.0,0.0,-5.0,2.8,321.0
Uyuni,2026-08-31 13:00:00,43,26.0,0.0,4.0,2.3,301.0
Uyuni,2026-08-31 13:00:00,46,25.0,0.0,10.0,4.9,300.0
Uyuni,2026-08-31 13:00:00,49,26.0,0.0,16.0,7.5,292.0
Uyuni,2026-08-31 13:00:00,52,25.0,0.0,16.0,6.1,319.0
Uyuni,2026-08-31 13:00:00,55,25.0,0.0,10.0,4.7,339.0
Uyuni,2026-08-31 13:00:00,58,27.0,0.0,0.0,4.1,340.0
Uyuni,2026-08-31 13:00:00,61,25.0,0.0,-5.0,3.5,340.0
Uyuni,2026-08-31 13:00:00,64,25.0,0.0,-5.0,3.6,340.0
Uyuni,2026-08-31 13:00:00,67,26.0,0.0,4.0,3.1,330.0
Uyuni,2026-08-31 13:00:00,70,26.0,0.0,9.0,5.2,310.0
Uyuni,2026-08-31 13:00:00,73,26.0,0.0,16.0,7.3,282.0
Uyuni,2026-08-31 13:00:00,76,26.0,0.0,16.0,5.6,312.0
Uyuni,2026-08-31 13:00:00,79,25.0,0.0,9.0,3.8,339.0
Uyuni,2026-08-31 13:00:00,82,26.0,0.0,-2.0,3.8,342.0
Uyuni,2026-08-31 13:00:00,85,36.0,0.0,-4.0,3.6,342.0
Uyuni,2026-08-31 13:00:00,88,36.0,0.0,-4.0,3.3,332.0
Uyuni,2026-08-31 13:00:00,91,36.0,0.0,6.0,3.1,323.0
Uyuni,2026-08-31 13:00:00,94,36.0,0.0,11.0,5.8,312.0
Uyuni,2026-08-31 13:00:00,97,26.0,0.0,15.0,8.6,292.0
Uyuni,2026-08-31 13:00:00,100,26.0,0.0,15.0,6.3,290.0
Uyuni,2026-08-31 13:00:00,103,36.0,0.0,10.0,4.1,278.0
Uyuni,2026-08-31 13:00:00,106,36.0,0.0,-4.0,4.2,308.0
Uyuni,2026-08-31 13:00:00,109,36.0,0.0,-4.0,4.4,338.0
Uyuni,2026-09-01 11:00:00,90,37.0,0.0,7.0,6.3,341.0
Uyuni,2026-09-01 11:00:00,93,36.0,0.0,7.0,6.0,331.0
Uyuni,2026-09-01 11:00:00,96,36.0,0.0,11.0,8.4,312.0
Uyuni,2026-09-01 11:00:00,99,36.0,0.0,15.0,10.7,291.0
Uyuni,2026-09-01 11:00:00,102,36.0,0.0,12.0,8.8,279.0
Uyuni,2026-09-01 11:00:00,105,26.0,0.0,9.0,7.0,258.0
Uyuni,2026-09-01 11:00:00,108,26.0,0.0,7.0,6.4,280.0
Uyuni,2026-09-01 11:00:00,111,25.0,0.0,5.0,5.9,300.0
Uyuni,2026-09-01 15:00:00,11,,,-9.0,,
Uyuni,2026-09-01 15:00:00,14,,,-9.0,,
Uyuni,2026-09-01 15:00:00,35,,,-8.0,,
Uyuni,2026-09-01 15:00:00,38,,,-8.0,,
Uyuni,2026-09-01 15:00:00,47,,,17.0,,
Uyuni,2026-09-01 15:00:00,50,,,17.0,,
Uyuni,2026-09-01 15:00:00,56,,,2.0,,
Uyuni,2026-09-01 15:00:00,59,,,-7.0,,
Uyuni,2026-09-01 15:00:00,62,,,-7.0,,
Uyuni,2026-09-01 15:00:00,65,,,2.0,,
Uyuni,2026-09-01 15:00:00,71,,,18.0,,
Uyuni,2026-09-01 15:00:00,74,,,18.0,,
Uyuni,2026-09-01 15:00:00,80,,,0.0,,
Uyuni,2026-09-01 15:00:00,83,26.0,,-6.0,,
Uyuni,2026-09-01 15:00:00,86,26.0,,-6.0,,
Uyuni,2026-09-01 15:00:00,89,25.0,,1.0,,
Uyuni,2026-09-01 15:00:00,92,27.0,,,,
Uyuni,2026-09-01 15:00:00,95,26.0,,17.0,,
Uyuni,2026-09-01 15:00:00,98,27.0,,17.0,,
Uyuni,2026-09-01 15:00:00,101,,,10.0,,
Uyuni,2026-09-01 15:00:00,104,,,6.0,,
Uyuni,2026-09-01 15:00:00,107,27.0,,0.0,,
Uyuni,2026-09-02 10:00:00,16,27.0,,,,
Uyuni,2026-09-02 10:00:00,31,27.0,,,,
Uyuni,2026-09-02 10:00:00,34,26.0,,,,
Uyuni,2026-09-02 10:00:00,37,27.0,,,,
Uyuni,2026-09-02 10:00:00,40,26.0,,,,
Uyuni,2026-09-02 10:00:00,91,26.0,0.0,5.0,4.7,320.0
Uyuni,2026-09-02 10:00:00,94,26.0,0.0,6.0,4.2,320.0
Uyuni,2026-09-02 10:00:00,97,25.0,0.0,10.0,7.3,310.0
Uyuni,2026-09-02 10:00:00,100,26.0,0.0,14.0,10.3,292.0
Uyuni,2026-09-02 10:00:00,103,26.0,0.0,11.0,8.6,280.0
Uyuni,2026-09-02 10:00:00,106,27.0,0.0,8.0,7.0,261.0
Uyuni,2026-09-02 10:00:00,109,27.0,0.0,6.0,5.8,298.0
Uyuni,2026-09-02 10:00:00,112,26.0,0.0,3.0,4.7,328.0
Uyuni,2026-09-02 15:00:00,11,,,-9.0,,
Uyuni,2026-09-02 15:00:00,14,,,-9.0,,
Uyuni,2026-09-02 15:00:00,23,,,15.0,,
Uyuni,2026-09-02 15:00:00,26,,,15.0,,
Uyuni,2026-09-02 15:00:00,35,,,-10.0,,
Uyuni,2026-09-02 15:00:00,38,,,-10.0,,
Uyuni,2026-09-02 15:00:00,59,,,-9.0,,
Uyuni,2026-09-02 15:00:00,62,,,-9.0,,
Uyuni,2026-09-02 15:00:00,68,,,6.0,,
Uyuni,2026-09-02 15:00:00,71,,,12.0,,
Uyuni,2026-09-02 15:00:00,77,,,7.0,,
Uyuni,2026-09-02 15:00:00,80,,,5.0,,
Uyuni,2026-09-02 15:00:00,83,,,-9.0,,
Uyuni,2026-09-02 15:00:00,86,,,-9.0,,
Uyuni,2026-09-02 15:00:00,95,,,13.0,,
Uyuni,2026-09-02 15:00:00,98,,,13.0,,
Vallegrande,2026-08-31 13:00:00,1,37.0,0.0,26.0,6.2,8.0
Vallegrande,2026-08-31 13:00:00,4,37.0,0.0,26.0,4.2,50.0
Vallegrande,2026-08-31 13:00:00,7,89.0,2.2,21.0,2.1,91.0
Vallegrande,2026-08-31 13:00:00,10,90.0,1.1,16.0,1.6,110.0
Vallegrande,2026-08-31 13:00:00,13,56.0,0.0,10.0,1.1,122.0
Vallegrande,2026-08-31 13:00:00,16,56.0,0.0,10.0,3.3,148.0
Vallegrande,2026-08-31 13:00:00,19,55.0,0.0,15.0,3.5,162.0
Vallegrande,2026-08-31 13:00:00,22,56.0,0.0,18.0,2.9,130.0
Vallegrande,2026-08-31 13:00:00,25,56.0,0.0,20.0,2.2,89.0
Vallegrande,2026-08-31 13:00:00,28,56.0,0.0,20.0,2.0,101.0
Vallegrande,2026-08-31 13:00:00,31,56.0,0.0,16.0,1.8,111.0
Vallegrande,2026-08-31 13:00:00,34,56.0,0.0,15.0,1.7,120.0
Vallegrande,2026-08-31 13:00:00,37,55.0,0.0,12.0,1.6,122.0
Vallegrande,2026-08-31 13:00:00,40,36.0,0.0,12.0,0.9,102.0
Vallegrande,2026-08-31 13:00:00,43,36.0,0.0,16.0,0.6,54.0
Vallegrande,2026-08-31 13:00:00,46,36.0,0.0,19.0,2.5,42.0
Vallegrande,2026-08-31 13:00:00,49,36.0,0.0,23.0,4.3,22.0
Vallegrande,2026-08-31 13:00:00,52,37.0,0.0,23.0,2.9,41.0
Vallegrande,2026-08-31 13:00:00,55,37.0,0.0,21.0,1.4,51.0
Vallegrande,2026-08-31 13:00:00,58,36.0,0.0,17.0,1.4,32.0
Vallegrande,2026-08-31 13:00:00,61,35.0,0.0,12.0,1.4,10.0
Vallegrande,2026-08-31 13:00:00,64,35.0,0.0,12.0,1.7,341.0
Vallegrande,2026-08-31 13:00:00,67,36.0,0.0,16.0,1.9,330.0
Vallegrande,2026-08-31 13:00:00,70,36.0,0.0,21.0,3.6,343.0
Vallegrande,2026-08-31 13:00:00,73,36.0,0.0,25.0,5.2,352.0
Vallegrande,2026-08-31 13:00:00,76,36.0,0.0,25.0,3.9,3.0
Vallegrande,2026-08-31 13:00:00,79,26.0,0.0,18.0,2.4,13.0
Vallegrande,2026-08-31 13:00:00,82,26.0,0.0,13.0,1.9,9.0
Vallegrande,2026-08-31 13:00:00,85,36.0,0.0,12.0,1.2,356.0
Vallegrande,2026-08-31 13:00:00,88,36.0,0.0,12.0,1.0,14.0
Vallegrande,2026-08-31 13:00:00,91,35.0,0.0,18.0,0.6,33.0
Vallegrande,2026-08-31 13:00:00,94,36.0,0.0,19.0,4.0,16.0
Vallegrande,2026-08-31 13:00:00,97,35.0,0.0,25.0,7.2,350.0
Vallegrande,2026-08-31 13:00:00,100,36.0,0.0,25.0,5.7,351.0
Vallegrande,2026-08-31 13:00:00,103,57.0,0.0,21.0,4.2,349.0
Vallegrande,2026-08-31 13:00:00,106,56.0,0.0,12.0,2.8,17.0
Vallegrande,2026-08-31 13:00:00,109,36.0,0.0,12.0,1.4,40.0
Vallegrande,2026-09-01 11:00:00,27,26.0,,,,
Vallegrande,2026-09-01 11:00:00,30,25.0,,,,
Vallegrande,2026-09-01 11:00:00,33,25.0,,,,
Vallegrande,2026-09-01 11:00:00,36,26.0,,,,
Vallegrande,2026-09-01 11:00:00,39,26.0,,,,
Vallegrande,2026-09-01 11:00:00,90,36.0,0.0,16.0,1.2,94.0
Vallegrande,2026-09-01 11:00:00,93,35.0,0.0,18.0,1.1,104.0
Vallegrande,2026-09-01 11:00:00,96,35.0,0.0,20.0,2.6,81.0
Vallegrande,2026-09-01 11:00:00,99,35.0,0.0,22.0,4.2,56.0
Vallegrande,2026-09-01 11:00:00,102,36.0,0.0,18.0,3.1,86.0
Vallegrande,2026-09-01 11:00:00,105,35.0,0.0,15.0,1.9,109.0
Vallegrande,2026-09-01 11:00:00,108,35.0,0.0,11.0,2.7,130.0
Vallegrande,2026-09-01 11:00:00,111,36.0,0.0,8.0,3.5,150.0
Vallegrande,2026-09-01 15:00:00,11,,,8.0,,
Vallegrande,2026-09-01 15:00:00,14,,,8.0,,
Vallegrande,2026-09-01 15:00:00,23,,,21.0,,
Vallegrande,2026-09-01 15:00:00,26,,,21.0,,
Vallegrande,2026-09-01 15:00:00,29,,,17.0,,
Vallegrande,2026-09-01 15:00:00,35,,,9.0,,
Vallegrande,2026-09-01 15:00:00,38,,,9.0,,
Vallegrande,2026-09-01 15:00:00,59,,,10.0,,
Vallegrande,2026-09-01 15:00:00,62,,,10.0,,
Vallegrande,2026-09-01 15:00:00,71,,,26.0,,
Vallegrande,2026-09-01 15:00:00,74,,,26.0,,
Vallegrande,2026-09-01 15:00:00,83,,,8.0,,
Vallegrande,2026-09-01 15:00:00,86,,,8.0,,
Vallegrande,2026-09-01 15:00:00,89,,,14.0,,
Vallegrande,2026-09-01 15:00:00,92,,,17.0,,
Vallegrande,2026-09-01 15:00:00,95,,,24.0,,
Vallegrande,2026-09-01 15:00:00,98,,,24.0,,
Vallegrande,2026-09-01 15:00:00,101,,,19.0,,
Vallegrande,2026-09-01 15:00:00,104,,,16.0,,
Vallegrande,2026-09-01 15:00:00,107,,,11.0,,
Vallegrande,2026-09-02 10:00:00,19,27.0,,,,
Vallegrande,2026-09-02 10:00:00,22,26.0,,,,
Vallegrande,2026-09-02 10:00:00,25,26.0,,,,
Vallegrande,2026-09-02 10:00:00,28,26.0,,,,
Vallegrande,2026-09-02 10:00:00,31,26.0,,,,
Vallegrande,2026-09-02 10:00:00,40,26.0,,,,
Vallegrande,2026-09-02 10:00:00,88,56.0,,,,
Vallegrande,2026-09-02 10:00:00,91,56.0,0.0,11.0,3.0,150.0
Vallegrande,2026-09-02 10:00:00,94,56.0,0.0,10.0,3.1,150.0
Vallegrande,2026-09-02 10:00:00,97,55.0,0.0,12.0,2.5,129.0
Vallegrande,2026-09-02 10:00:00,100,55.0,0.0,14.0,2.0,99.0
Vallegrande,2026-09-02 10:00:00,103,56.0,0.0,13.0,2.2,119.0
Vallegrande,2026-09-02 10:00:00,106,56.0,0.0,12.0,2.3,130.0
Vallegrande,2026-09-02 10:00:00,109,56.0,0.0,10.0,2.6,139.0
Vallegrande,2026-09-02 10:00:00,112,56.0,0.0,8.0,2.9,139.0
Vallegrande,2026-09-02 15:00:00,23,,,23.0,,
Vallegrande,2026-09-02 15:00:00,26,,,23.0,,
Vallegrande,2026-09-02 15:00:00,35,,,8.0,,
Vallegrande,2026-09-02 15:00:00,38,,,8.0,,
Vallegrande,2026-09-02 15:00:00,47,,,23.0,,
Vallegrande,2026-09-02 15:00:00,50,,,23.0,,
Vallegrande,2026-09-02 15:00:00,59,,,9.0,,
Vallegrande,2026-09-02 15:00:00,62,,,9.0,,
Vallegrande,2026-09-02 15:00:00,83,,,7.0,,
Vallegrande,2026-09-02 15:00:00,86,,,7.0,,
Vallegrande,2026-09-02 15:00:00,92,,,16.0,,
Vallegrande,2026-09-02 15:00:00,95,,,21.0,,
Vallegrande,2026-09-02 15:00:00,98,,,21.0,,
Vallegrande,2026-09-02 15:00:00,101,,,18.0,,
Vallegrande,2026-09-02 15:00:00,104,,,14.0,,
Vallegrande,2026-09-02 15:00:00,107,,,13.0,,
Viacha,2026-08-31 13:00:00,1,26.0,0.0,19.0,6.7,305.0
Viacha,2026-08-31 13:00:00,4,26.0,0.0,19.0,4.8,233.0
Viacha,2026-08-31 13:00:00,7,26.0,0.0,10.0,2.8,126.0
Viacha,2026-08-31 13:00:00,10,26.0,0.0,3.0,2.6,119.0
Viacha,2026-08-31 13:00:00,13,26.0,0.0,-3.0,2.4,108.0
Viacha,2026-08-31 13:00:00,16,26.0,0.0,-3.0,2.3,64.0
Viacha,2026-08-31 13:00:00,19,27.0,0.0,3.0,2.0,34.0
Viacha,2026-08-31 13:00:00,22,26.0,0.0,11.0,2.6,18.0
Viacha,2026-08-31 13:00:00,25,26.0,0.0,19.0,3.2,355.0
Viacha,2026-08-31 13:00:00,28,26.0,0.0,19.0,3.1,28.0
Viacha,2026-08-31 13:00:00,31,26.0,0.0,11.0,3.0,57.0
Viacha,2026-08-31 13:00:00,34,26.0,0.0,5.0,2.4,65.0
Viacha,2026-08-31 13:00:00,37,26.0,0.0,-4.0,1.8,65.0
Viacha,2026-08-31 13:00:00,40,26.0,0.0,-4.0,1.7,14.0
Viacha,2026-08-31 13:00:00,43,26.0,0.0,7.0,1.8,327.0
Viacha,2026-08-31 13:00:00,46,26.0,0.0,12.0,3.2,322.0
Viacha,2026-08-31 13:00:00,49,36.0,0.0,18.0,4.7,317.0
Viacha,2026-08-31 13:00:00,52,36.0,0.0,18.0,4.1,29.0
Viacha,2026-08-31 13:00:00,55,26.0,0.0,11.0,3.4,94.0
Viacha,2026-08-31 13:00:00,58,26.0,0.0,3.0,2.5,94.0
Viacha,2026-08-31 13:00:00,61,36.0,0.0,-3.0,1.5,92.0
Viacha,2026-08-31 13:00:00,64,36.0,0.0,-3.0,1.1,3.0
Viacha,2026-08-31 13:00:00,67,36.0,0.0,6.0,1.2,318.0
Viacha,2026-08-31 13:00:00,70,36.0,0.0,12.0,2.3,11.0
Viacha,2026-08-31 13:00:00,73,76.0,1.7,19.0,3.4,64.0
Viacha,2026-08-31 13:00:00,76,75.0,1.6,19.0,4.1,71.0
Viacha,2026-08-31 13:00:00,79,36.0,0.0,10.0,4.6,68.0
Viacha,2026-08-31 13:00:00,82,36.0,0.0,-1.0,2.9,35.0
Viacha,2026-08-31 13:00:00,85,36.0,0.0,-4.0,1.2,355.0
Viacha,2026-08-31 13:00:00,88,35.0,0.0,-4.0,1.5,51.0
Viacha,2026-08-31 13:00:00,91,36.0,0.0,7.0,1.6,87.0
Viacha,2026-08-31 13:00:00,94,36.0,0.0,11.0,2.9,58.0
Viacha,2026-08-31 13:00:00,97,56.0,0.0,18.0,4.1,25.0
Viacha,2026-08-31 13:00:00,100,56.0,0.0,18.0,4.1,48.0
Viacha,2026-08-31 13:00:00,103,56.0,0.0,8.0,4.1,68.0
Viacha,2026-08-31 13:00:00,106,56.0,0.0,-4.0,2.9,84.0
Viacha,2026-08-31 13:00:00,109,36.0,0.0,-4.0,1.7,95.0
Viacha,2026-09-01 11:00:00,90,36.0,0.0,6.0,2.0,67.0
Viacha,2026-09-01 11:00:00,93,37.0,0.0,6.0,2.5,87.0
Viacha,2026-09-01 11:00:00,96,36.0,0.0,8.0,2.2,67.0
Viacha,2026-09-01 11:00:00,99,56.0,0.0,9.0,2.0,42.0
Viacha,2026-09-01 11:00:00,102,56.0,0.0,8.0,2.3,43.0
Viacha,2026-09-01 11:00:00,105,57.0,0.0,7.0,2.7,45.0
Viacha,2026-09-01 11:00:00,108,56.0,0.0,6.0,2.3,10.0
Viacha,2026-09-01 11:00:00,111,56.0,0.0,5.0,1.9,329.0
Viacha,2026-09-01 15:00:00,11,,,-5.0,,
Viacha,2026-09-01 15:00:00,14,,,-5.0,,
Viacha,2026-09-01 15:00:00,23,,,19.0,,
Viacha,2026-09-01 15:00:00,26,,,19.0,,
Viacha,2026-09-01 15:00:00,35,,,-6.0,,
Viacha,2026-09-01 15:00:00,38,,,-6.0,,
Viacha,2026-09-01 15:00:00,41,,,1.0,,
Viacha,2026-09-01 15:00:00,47,,,20.0,,
Viacha,2026-09-01 15:00:00,50,,,20.0,,
Viacha,2026-09-01 15:00:00,56,,,3.0,,
Viacha,2026-09-01 15:00:00,59,,,-5.0,,
Viacha,2026-09-01 15:00:00,62,,,-5.0,,
Viacha,2026-09-01 15:00:00,71,,,19.0,,
Viacha,2026-09-01 15:00:00,74,,,19.0,,
Viacha,2026-09-01 15:00:00,80,,,3.0,,
Viacha,2026-09-01 15:00:00,83,,,-5.0,,
Viacha,2026-09-01 15:00:00,86,,,-5.0,,
Viacha,2026-09-01 15:00:00,89,,,1.0,,
Viacha,2026-09-01 15:00:00,95,,,18.0,,
Viacha,2026-09-01 15:00:00,98,,,18.0,,
Viacha,2026-09-01 15:00:00,101,,,11.0,,
Viacha,2026-09-01 15:00:00,107,,,1.0,,
Viacha,2026-09-02 10:00:00,16,27.0,,,,
Viacha,2026-09-02 10:00:00,19,26.0,,,,
Viacha,2026-09-02 10:00:00,22,26.0,,,,
Viacha,2026-09-02 10:00:00,25,26.0,,,,
Viacha,2026-09-02 10:00:00,28,36.0,0.0,,,
Viacha,2026-09-02 10:00:00,31,36.0,0.0,,,
Viacha,2026-09-02 10:00:00,88,36.0,,,,
Viacha,2026-09-02 10:00:00,91,36.0,0.0,5.0,1.4,26.0
Viacha,2026-09-02 10:00:00,94,36.0,0.0,5.0,1.5,350.0
Viacha,2026-09-02 10:00:00,97,36.0,0.0,9.0,2.8,348.0
Viacha,2026-09-02 10:00:00,100,76.0,1.7,13.0,4.0,345.0
Viacha,2026-09-02 10:00:00,103,76.0,1.9,10.0,3.4,35.0
Viacha,2026-09-02 10:00:00,106,77.0,2.6,8.0,2.8,83.0
Viacha,2026-09-02 10:00:00,109,76.0,1.6,7.0,2.5,87.0
Viacha,2026-09-02 10:00:00,112,76.0,2.5,7.0,2.3,86.0
Viacha,2026-09-02 15:00:00,8,,,6.0,,
Viacha,2026-09-02 15:00:00,11,,,2.0,,
Viacha,2026-09-02 15:00:00,14,,,2.0,,
Viacha,2026-09-02 15:00:00,17,,,8.0,,
Viacha,2026-09-02 15:00:00,35,,,2.0,,
Viacha,2026-09-02 15:00:00,38,,,2.0,,
Viacha,2026-09-02 15:00:00,53,,,14.0,,
Viacha,2026-09-02 15:00:00,56,,,9.0,,
Viacha,2026-09-02 15:00:00,59,,,1.0,,
Viacha,2026-09-02 15:00:00,62,,,1.0,,
Viacha,2026-09-02 15:00:00,68,,,11.0,,
Viacha,2026-09-02 15:00:00,71,,,17.0,,
Viacha,2026-09-02 15:00:00,74,,,17.0,,
Viacha,2026-09-02 15:00:00,83,,,2.0,,
Viacha,2026-09-02 15:00:00,86,,,2.0,,
Viacha,2026-09-02 15:00:00,95,,,15.0,,
Viacha,2026-09-02 15:00:00,98,,,15.0,,
Viacha,2026-09-02 15:00:00,101,,,11.0,,
Viacha,2026-09-02 15:00:00,104,,,8.0,,
Viacha,2026-09-02 15:00:00,107,,,6.0,,
Villa Rivero,2026-08-31 13:00:00,1,25.0,0.0,26.0,3.9,17.0
Villa Rivero,2026-08-31 13:00:00,4,26.0,0.0,26.0,3.5,14.0
Villa Rivero,2026-08-31 13:00:00,7,36.0,0.0,20.0,3.2,7.0
Villa Rivero,2026-08-31 13:00:00,10,36.0,0.0,14.0,2.9,10.0
Villa Rivero,2026-08-31 13:00:00,13,36.0,0.0,7.0,2.6,10.0
Villa Rivero,2026-08-31 13:00:00,16,36.0,0.0,7.0,2.6,357.0
Villa Rivero,2026-08-31 13:00:00,19,37.0,0.0,12.0,2.4,350.0
Villa Rivero,2026-08-31 13:00:00,22,36.0,0.0,17.0,3.2,9.0
Villa Rivero,2026-08-31 13:00:00,25,36.0,0.0,22.0,4.1,26.0
Villa Rivero,2026-08-31 13:00:00,28,37.0,0.0,22.0,3.3,22.0
Villa Rivero,2026-08-31 13:00:00,31,36.0,0.0,19.0,2.4,16.0
Villa Rivero,2026-08-31 13:00:00,34,36.0,0.0,12.0,2.3,352.0
Villa Rivero,2026-08-31 13:00:00,37,36.0,0.0,7.0,2.2,317.0
Villa Rivero,2026-08-31 13:00:00,40,36.0,0.0,7.0,2.3,314.0
Villa Rivero,2026-08-31 13:00:00,43,36.0,0.0,13.0,2.5,317.0
Villa Rivero,2026-08-31 13:00:00,46,36.0,0.0,18.0,2.9,351.0
Villa Rivero,2026-08-31 13:00:00,49,26.0,0.0,24.0,3.3,21.0
Villa Rivero,2026-08-31 13:00:00,52,26.0,0.0,24.0,2.6,16.0
Villa Rivero,2026-08-31 13:00:00,55,25.0,0.0,16.0,1.9,7.0
Villa Rivero,2026-08-31 13:00:00,58,26.0,0.0,12.0,2.0,359.0
Villa Rivero,2026-08-31 13:00:00,61,26.0,0.0,8.0,2.1,345.0
Villa Rivero,2026-08-31 13:00:00,64,26.0,0.0,7.0,3.0,338.0
Villa Rivero,2026-08-31 13:00:00,67,27.0,0.0,12.0,2.8,351.0
Villa Rivero,2026-08-31 13:00:00,70,26.0,0.0,16.0,3.4,14.0
Villa Rivero,2026-08-31 13:00:00,73,35.0,0.0,26.0,4.1,31.0
Villa Rivero,2026-08-31 13:00:00,76,37.0,0.0,26.0,3.8,23.0
Villa Rivero,2026-08-31 13:00:00,79,26.0,0.0,14.0,3.4,9.0
Villa Rivero,2026-08-31 13:00:00,82,26.0,0.0,9.0,2.8,7.0
Villa Rivero,2026-08-31 13:00:00,85,56.0,0.0,7.0,2.2,355.0
Villa Rivero,2026-08-31 13:00:00,88,56.0,0.0,7.0,2.5,6.0
Villa Rivero,2026-08-31 13:00:00,91,56.0,0.0,11.0,2.5,9.0
Villa Rivero,2026-08-31 13:00:00,94,56.0,0.0,13.0,3.5,9.0
Villa Rivero,2026-08-31 13:00:00,97,56.0,0.0,25.0,4.5,9.0
Villa Rivero,2026-08-31 13:00:00,100,55.0,0.0,25.0,3.8,9.0
Villa Rivero,2026-08-31 13:00:00,103,36.0,0.0,10.0,3.1,360.0
Villa Rivero,2026-08-31 13:00:00,106,36.0,0.0,7.0,3.2,357.0
Villa Rivero,2026-08-31 13:00:00,109,36.0,0.0,7.0,3.2,347.0
Villa Rivero,2026-09-01 11:00:00,90,35.0,0.0,9.0,2.9,357.0
Villa Rivero,2026-09-01 11:00:00,93,36.0,0.0,10.0,2.9,350.0
Villa Rivero,2026-09-01 11:00:00,96,36.0,0.0,11.0,3.3,4.0
Villa Rivero,2026-09-01 11:00:00,99,36.0,0.0,13.0,3.5,17.0
Villa Rivero,2026-09-01 11:00:00,102,36.0,0.0,11.0,2.9,23.0
Villa Rivero,2026-09-01 11:00:00,105,36.0,0.0,9.0,2.3,23.0
Villa Rivero,2026-09-01 11:00:00,108,36.0,0.0,9.0,2.0,1.0
Villa Rivero,2026-09-01 11:00:00,111,37.0,0.0,8.0,1.8,338.0
Villa Rivero,2026-09-01 15:00:00,11,,,9.0,,
Villa Rivero,2026-09-01 15:00:00,14,,,9.0,,
Villa Rivero,2026-09-01 15:00:00,23,,,27.0,,
Villa Rivero,2026-09-01 15:00:00,26,,,27.0,,
Villa Rivero,2026-09-01 15:00:00,29,,,19.0,,
Villa Rivero,2026-09-01 15:00:00,32,,,16.0,,
Villa Rivero,2026-09-01 15:00:00,35,,,10.0,,
Villa Rivero,2026-09-01 15:00:00,38,,,9.0,,
Villa Rivero,2026-09-01 15:00:00,41,,,14.0,,
Villa Rivero,2026-09-01 15:00:00,44,,,18.0,,
Villa Rivero,2026-09-01 15:00:00,53,,,18.0,,
Villa Rivero,2026-09-01 15:00:00,56,,,15.0,,
Villa Rivero,2026-09-01 15:00:00,59,,,10.0,,
Villa Rivero,2026-09-01 15:00:00,62,,,10.0,,
Villa Rivero,2026-09-01 15:00:00,65,,,14.0,,
Villa Rivero,2026-09-01 15:00:00,68,,,18.0,,
Villa Rivero,2026-09-01 15:00:00,71,,,26.0,,
Villa Rivero,2026-09-01 15:00:00,74,,,26.0,,
Villa Rivero,2026-09-01 15:00:00,77,,,18.0,,
Villa Rivero,2026-09-01 15:00:00,80,,,14.0,,
Villa Rivero,2026-09-01 15:00:00,83,,,9.0,,
Villa Rivero,2026-09-01 15:00:00,86,,,8.0,,
Villa Rivero,2026-09-01 15:00:00,89,,,14.0,,
Villa Rivero,2026-09-01 15:00:00,92,,,18.0,,
Villa Rivero,2026-09-01 15:00:00,95,,,24.0,,
Villa Rivero,2026-09-01 15:00:00,98,,,24.0,,
Villa Rivero,2026-09-01 15:00:00,101,,,21.0,,
Villa Rivero,2026-09-01 15:00:00,104,,,17.0,,
Villa Rivero,2026-09-01 15:00:00,107,,,14.0,,
Villa Rivero,2026-09-02 10:00:00,16,25.0,,,,
Villa Rivero,2026-09-02 10:00:00,22,26.0,,,,
Villa Rivero,2026-09-02 10:00:00,31,36.0,,,,
Villa Rivero,2026-09-02 10:00:00,34,36.0,,,,
Villa Rivero,2026-09-02 10:00:00,37,36.0,,,,
Villa Rivero,2026-09-02 10:00:00,40,36.0,,,,
Villa Rivero,2026-09-02 10:00:00,88,36.0,,,,
Villa Rivero,2026-09-02 10:00:00,91,36.0,0.0,8.0,2.0,14.0
Villa Rivero,2026-09-02 10:00:00,94,36.0,0.0,8.0,1.8,14.0
Villa Rivero,2026-09-02 10:00:00,97,36.0,0.0,10.0,2.5,28.0
Villa Rivero,2026-09-02 10:00:00,100,76.0,1.3,11.0,3.2,38.0
Villa Rivero,2026-09-02 10:00:00,103,76.0,2.0,10.0,2.8,47.0
Villa Rivero,2026-09-02 10:00:00,106,56.0,0.0,8.0,2.2,55.0
Villa Rivero,2026-09-02 10:00:00,109,55.0,0.0,7.0,2.0,33.0
Villa Rivero,2026-09-02 10:00:00,112,56.0,0.0,7.0,1.9,2.0
Villa Rivero,2026-09-02 15:00:00,14,,,10.0,,
Villa Rivero,2026-09-02 15:00:00,23,,,27.0,,
Villa Rivero,2026-09-02 15:00:00,26,,,28.0,,
Villa Rivero,2026-09-02 15:00:00,50,,,27.0,,
Villa Rivero,2026-09-02 15:00:00,71,,,25.0,,
Villa Rivero,2026-09-02 15:00:00,74,,,25.0,,
Villa Rivero,2026-09-02 15:00:00,83,,,9.0,,
Villa Rivero,2026-09-02 15:00:00,89,,,13.0,,
Villa Rivero,2026-09-02 15:00:00,92,,,18.0,,
Villa Rivero,2026-09-02 15:00:00,95,,,21.0,,
Villa Rivero,2026-09-02 15:00:00,98,,,21.0,,
Villa Rivero,2026-09-02 15:00:00,101,,,18.0,,
Villa Rivero,2026-09-02 15:00:00,104,,,15.0,,
Villa Rivero,2026-09-02 15:00:00,107,,,12.0,,
Villamontes,2026-08-31 13:00:00,1,89.0,2.1,30.0,3.4,154.0
Villamontes,2026-08-31 13:00:00,4,89.0,1.9,30.0,3.4,182.0
Villamontes,2026-08-31 13:00:00,7,89.0,1.8,25.0,3.3,202.0
Villamontes,2026-08-31 13:00:00,10,89.0,1.5,19.0,2.4,206.0
Villamontes,2026-08-31 13:00:00,13,56.0,0.0,15.0,1.4,211.0
Villamontes,2026-08-31 13:00:00,16,55.0,0.0,15.0,2.8,184.0
Villamontes,2026-08-31 13:00:00,19,56.0,0.0,16.0,2.3,188.0
Villamontes,2026-08-31 13:00:00,22,56.0,0.0,18.0,2.9,160.0
Villamontes,2026-08-31 13:00:00,25,36.0,0.0,19.0,3.5,126.0
Villamontes,2026-08-31 13:00:00,28,36.0,0.0,19.0,2.4,155.0
Villamontes,2026-08-31 13:00:00,31,36.0,0.0,17.0,1.2,183.0
Villamontes,2026-08-31 13:00:00,34,36.0,0.0,16.0,1.0,244.0
Villamontes,2026-08-31 13:00:00,37,56.0,0.0,14.0,0.9,301.0
Villamontes,2026-08-31 13:00:00,40,26.0,0.0,14.0,0.8,301.0
Villamontes,2026-08-31 13:00:00,43,26.0,0.0,17.0,0.4,302.0
Villamontes,2026-08-31 13:00:00,46,26.0,0.0,19.0,1.4,14.0
Villamontes,2026-08-31 13:00:00,49,26.0,0.0,22.0,2.4,77.0
Villamontes,2026-08-31 13:00:00,52,26.0,0.0,22.0,1.6,133.0
Villamontes,2026-08-31 13:00:00,55,26.0,0.0,19.0,0.9,245.0
Villamontes,2026-08-31 13:00:00,58,26.0,0.0,18.0,1.1,298.0
Villamontes,2026-08-31 13:00:00,61,26.0,0.0,16.0,1.3,301.0
Villamontes,2026-08-31 13:00:00,64,26.0,0.0,16.0,1.2,290.0
Villamontes,2026-08-31 13:00:00,67,26.0,0.0,20.0,1.0,283.0
Villamontes,2026-08-31 13:00:00,70,27.0,0.0,23.0,1.3,346.0
Villamontes,2026-08-31 13:00:00,73,26.0,0.0,26.0,1.7,81.0
Villamontes,2026-08-31 13:00:00,76,27.0,0.0,26.0,2.0,186.0
Villamontes,2026-08-31 13:00:00,79,26.0,0.0,23.0,2.3,232.0
Villamontes,2026-08-31 13:00:00,82,26.0,0.0,19.0,1.9,240.0
Villamontes,2026-08-31 13:00:00,85,56.0,0.0,16.0,1.6,240.0
Villamontes,2026-08-31 13:00:00,88,56.0,0.0,16.0,2.4,227.0
Villamontes,2026-08-31 13:00:00,91,56.0,0.0,18.0,3.4,190.0
Villamontes,2026-08-31 13:00:00,94,56.0,0.0,20.0,3.6,164.0
Villamontes,2026-08-31 13:00:00,97,56.0,0.0,24.0,3.7,137.0
Villamontes,2026-08-31 13:00:00,100,56.0,0.0,24.0,3.4,166.0
Villamontes,2026-08-31 13:00:00,103,56.0,0.0,20.0,3.1,192.0
Villamontes,2026-08-31 13:00:00,106,56.0,0.0,16.0,2.4,210.0
Villamontes,2026-08-31 13:00:00,109,36.0,0.0,16.0,1.7,224.0
Villamontes,2026-09-01 11:00:00,90,36.0,0.0,20.0,3.1,184.0
Villamontes,2026-09-01 11:00:00,93,36.0,0.0,19.0,3.6,174.0
Villamontes,2026-09-01 11:00:00,96,36.0,0.0,21.0,4.2,174.0
Villamontes,2026-09-01 11:00:00,99,56.0,0.0,22.0,4.7,174.0
Villamontes,2026-09-01 11:00:00,102,56.0,0.0,20.0,4.1,180.0
Villamontes,2026-09-01 11:00:00,105,56.0,0.0,19.0,3.5,180.0
Villamontes,2026-09-01 11:00:00,108,56.0,0.0,18.0,3.5,184.0
Villamontes,2026-09-01 11:00:00,111,56.0,0.0,17.0,3.5,184.0
Villamontes,2026-09-01 15:00:00,2,,,26.0,,
Villamontes,2026-09-01 15:00:00,5,,,25.0,,
Villamontes,2026-09-01 15:00:00,8,,,22.0,,
Villamontes,2026-09-01 15:00:00,11,,,18.0,,
Villamontes,2026-09-01 15:00:00,14,,,18.0,,
Villamontes,2026-09-01 15:00:00,17,,,22.0,,
Villamontes,2026-09-01 15:00:00,20,,,26.0,,
Villamontes,2026-09-01 15:00:00,23,,,31.0,,
Villamontes,2026-09-01 15:00:00,26,,,31.0,,
Villamontes,2026-09-01 15:00:00,29,,,26.0,,
Villamontes,2026-09-01 15:00:00,32,,,22.0,,
Villamontes,2026-09-01 15:00:00,35,,,19.0,,
Villamontes,2026-09-01 15:00:00,38,,,19.0,,
Villamontes,2026-09-01 15:00:00,41,,,24.0,,
Villamontes,2026-09-01 15:00:00,44,,,28.0,,
Villamontes,2026-09-01 15:00:00,47,,,35.0,,
Villamontes,2026-09-01 15:00:00,50,,,35.0,,
Villamontes,2026-09-01 15:00:00,53,,,28.0,,
Villamontes,2026-09-01 15:00:00,56,,,23.0,,
Villamontes,2026-09-01 15:00:00,59,,,20.0,,
Villamontes,2026-09-01 15:00:00,62,,,20.0,,
Villamontes,2026-09-01 15:00:00,65,,,25.0,,
Villamontes,2026-09-01 15:00:00,68,,,28.0,,
Villamontes,2026-09-01 15:00:00,71,,,33.0,,
Villamontes,2026-09-01 15:00:00,74,,,33.0,,
Villamontes,2026-09-01 15:00:00,77,,,26.0,,
Villamontes,2026-09-01 15:00:00,80,,,21.0,,
Villamontes,2026-09-01 15:00:00,83,,,18.0,,
Villamontes,2026-09-01 15:00:00,86,,,18.0,,
Villamontes,2026-09-01 15:00:00,89,,,22.0,,
Villamontes,2026-09-01 15:00:00,92,,,25.0,,
Villamontes,2026-09-01 15:00:00,95,,,28.0,,
Villamontes,2026-09-01 15:00:00,98,,,28.0,,
Villamontes,2026-09-01 15:00:00,101,,,26.0,,
Villamontes,2026-09-01 15:00:00,104,,,23.0,,
Villamontes,2026-09-01 15:00:00,107,,,21.0,,
Villamontes,2026-09-02 10:00:00,25,26.0,,,,
Villamontes,2026-09-02 10:00:00,31,26.0,,,,
Villamontes,2026-09-02 10:00:00,37,27.0,,,,
Villamontes,2026-09-02 10:00:00,40,26.0,,,,
Villamontes,2026-09-02 10:00:00,91,56.0,0.0,17.0,3.5,184.0
Villamontes,2026-09-02 10:00:00,94,56.0,0.0,16.0,3.8,174.0
Villamontes,2026-09-02 10:00:00,97,56.0,0.0,20.0,4.2,164.0
Villamontes,2026-09-02 10:00:00,100,36.0,0.0,23.0,4.5,148.0
Villamontes,2026-09-02 10:00:00,103,36.0,0.0,19.0,3.6,168.0
Villamontes,2026-09-02 10:00:00,106,36.0,0.0,16.0,2.6,180.0
Villamontes,2026-09-02 10:00:00,109,36.0,0.0,14.0,2.5,190.0
Villamontes,2026-09-02 10:00:00,112,36.0,0.0,12.0,2.3,190.0
Villamontes,2026-09-02 15:00:00,11,,,11.0,,
Villamontes,2026-09-02 15:00:00,14,,,11.0,,
Villamontes,2026-09-02 15:00:00,23,,,33.0,,
Villamontes,2026-09-02 15:00:00,26,,,33.0,,
Villamontes,2026-09-02 15:00:00,35,,,11.0,,
Villamontes,2026-09-02 15:00:00,38,,,11.0,,
Villamontes,2026-09-02 15:00:00,41,,,17.0,,
Villamontes,2026-09-02 15:00:00,44,,,22.0,,
Villamontes,2026-09-02 15:00:00,47,,,27.0,,
Villamontes,2026-09-02 15:00:00,50,,,27.0,,
Villamontes,2026-09-02 15:00:00,53,,,22.0,,
Villamontes,2026-09-02 15:00:00,56,,,17.0,,
Villamontes,2026-09-02 15:00:00,59,,,10.0,,
Villamontes,2026-09-02 15:00:00,62,,,10.0,,
Villamontes,2026-09-02 15:00:00,65,,,17.0,,
Villamontes,2026-09-02 15:00:00,71,,,25.0,,
Villamontes,2026-09-02 15:00:00,74,,,25.0,,
Villamontes,2026-09-02 15:00:00,77,,,22.0,,
Villamontes,2026-09-02 15:00:00,83,,,7.0,,
Villamontes,2026-09-02 15:00:00,86,,,7.0,,
Villamontes,2026-09-02 15:00:00,95,,,27.0,,
Villamontes,2026-09-02 15:00:00,98,,,27.0,,
Villamontes,2026-09-02 15:00:00,101,,,23.0,,
Villamontes,2026-09-02 15:00:00,104,,,20.0,,
Villamontes,2026-09-02 15:00:00,107,,,18.0,,
Yacuiba,2026-08-31 13:00:00,1,89.0,1.9,28.0,2.5,157.0
Yacuiba,2026-08-31 13:00:00,4,89.0,2.1,28.0,2.3,204.0
Yacuiba,2026-08-31 13:00:00,7,89.0,2.4,23.0,2.1,247.0
Yacuiba,2026-08-31 13:00:00,10,89.0,2.4,17.0,2.0,247.0
Yacuiba,2026-08-31 13:00:00,13,57.0,0.0,14.0,1.9,239.0
Yacuiba,2026-08-31 13:00:00,16,56.0,0.0,14.0,1.9,238.0
Yacuiba,2026-08-31 13:00:00,19,56.0,0.0,15.0,1.6,224.0
Yacuiba,2026-08-31 13:00:00,22,56.0,0.0,17.0,2.5,180.0
Yacuiba,2026-08-31 13:00:00,25,36.0,0.0,18.0,3.4,127.0
Yacuiba,2026-08-31 13:00:00,28,36.0,0.0,18.0,2.2,211.0
Yacuiba,2026-08-31 13:00:00,31,36.0,0.0,16.0,1.0,299.0
Yacuiba,2026-08-31 13:00:00,34,36.0,0.0,15.0,1.1,299.0
Yacuiba,2026-08-31 13:00:00,37,57.0,0.0,13.0,1.2,298.0
Yacuiba,2026-08-31 13:00:00,40,26.0,0.0,13.0,1.2,336.0
Yacuiba,2026-08-31 13:00:00,43,26.0,0.0,16.0,1.1,2.0
Yacuiba,2026-08-31 13:00:00,46,26.0,0.0,18.0,2.6,30.0
Yacuiba,2026-08-31 13:00:00,49,26.0,0.0,21.0,4.1,57.0
Yacuiba,2026-08-31 13:00:00,52,26.0,0.0,21.0,2.8,27.0
Yacuiba,2026-08-31 13:00:00,55,26.0,0.0,18.0,1.6,357.0
Yacuiba,2026-08-31 13:00:00,58,26.0,0.0,17.0,1.5,327.0
Yacuiba,2026-08-31 13:00:00,61,26.0,0.0,15.0,1.5,293.0
Yacuiba,2026-08-31 13:00:00,64,27.0,0.0,15.0,1.4,306.0
Yacuiba,2026-08-31 13:00:00,67,26.0,0.0,17.0,1.0,273.0
Yacuiba,2026-08-31 13:00:00,70,26.0,0.0,21.0,2.0,351.0
Yacuiba,2026-08-31 13:00:00,73,27.0,0.0,24.0,2.9,75.0
Yacuiba,2026-08-31 13:00:00,76,26.0,0.0,24.0,2.3,4.0
Yacuiba,2026-08-31 13:00:00,79,27.0,0.0,20.0,1.7,284.0
Yacuiba,2026-08-31 13:00:00,82,26.0,0.0,18.0,2.0,274.0
Yacuiba,2026-08-31 13:00:00,85,56.0,0.0,15.0,2.3,257.0
Yacuiba,2026-08-31 13:00:00,88,56.0,0.0,15.0,3.3,241.0
Yacuiba,2026-08-31 13:00:00,91,56.0,0.0,18.0,4.2,213.0
Yacuiba,2026-08-31 13:00:00,94,56.0,0.0,18.0,3.8,183.0
Yacuiba,2026-08-31 13:00:00,97,55.0,0.0,22.0,3.4,150.0
Yacuiba,2026-08-31 13:00:00,100,56.0,0.0,22.0,2.9,198.0
Yacuiba,2026-08-31 13:00:00,103,56.0,0.0,20.0,2.3,241.0
Yacuiba,2026-08-31 13:00:00,106,56.0,0.0,15.0,2.4,244.0
Yacuiba,2026-08-31 13:00:00,109,36.0,0.0,15.0,2.4,244.0
Yacuiba,2026-09-01 11:00:00,90,37.0,0.0,17.0,2.8,216.0
Yacuiba,2026-09-01 11:00:00,93,36.0,0.0,17.0,3.2,200.0
Yacuiba,2026-09-01 11:00:00,96,36.0,0.0,18.0,3.6,194.0
Yacuiba,2026-09-01 11:00:00,99,56.0,0.0,19.0,4.1,184.0
Yacuiba,2026-09-01 11:00:00,102,57.0,0.0,18.0,3.7,184.0
Yacuiba,2026-09-01 11:00:00,105,56.0,0.0,17.0,3.4,184.0
Yacuiba,2026-09-01 11:00:00,108,57.0,0.0,16.0,3.4,200.0
Yacuiba,2026-09-01 11:00:00,111,57.0,0.0,15.0,3.4,207.0
Yacuiba,2026-09-01 15:00:00,2,,,24.0,,
Yacuiba,2026-09-01 15:00:00,5,,,22.0,,
Yacuiba,2026-09-01 15:00:00,8,,,19.0,,
Yacuiba,2026-09-01 15:00:00,11,,,16.0,,
Yacuiba,2026-09-01 15:00:00,14,,,16.0,,
Yacuiba,2026-09-01 15:00:00,17,,,21.0,,
Yacuiba,2026-09-01 15:00:00,20,,,25.0,,
Yacuiba,2026-09-01 15:00:00,23,,,30.0,,
Yacuiba,2026-09-01 15:00:00,26,,,30.0,,
Yacuiba,2026-09-01 15:00:00,29,,,26.0,,
Yacuiba,2026-09-01 15:00:00,32,,,22.0,,
Yacuiba,2026-09-01 15:00:00,35,,,17.0,,
Yacuiba,2026-09-01 15:00:00,38,,,17.0,,
Yacuiba,2026-09-01 15:00:00,41,,,23.0,,
Yacuiba,2026-09-01 15:00:00,44,,,29.0,,
Yacuiba,2026-09-01 15:00:00,47,,,34.0,,
Yacuiba,2026-09-01 15:00:00,50,,,34.0,,
Yacuiba,2026-09-01 15:00:00,53,,,29.0,,
Yacuiba,2026-09-01 15:00:00,56,,,23.0,,
Yacuiba,2026-09-01 15:00:00,59,,,18.0,,
Yacuiba,2026-09-01 15:00:00,62,,,18.0,,
Yacuiba,2026-09-01 15:00:00,65,,,23.0,,
Yacuiba,2026-09-01 15:00:00,68,,,27.0,,
Yacuiba,2026-09-01 15:00:00,71,,,32.0,,
Yacuiba,2026-09-01 15:00:00,74,,,32.0,,
Yacuiba,2026-09-01 15:00:00,77,,,26.0,,
Yacuiba,2026-09-01 15:00:00,80,,,21.0,,
Yacuiba,2026-09-01 15:00:00,83,,,16.0,,
Yacuiba,2026-09-01 15:00:00,86,,,16.0,,
Yacuiba,2026-09-01 15:00:00,89,,,21.0,,
Yacuiba,2026-09-01 15:00:00,92,,,24.0,,
Yacuiba,2026-09-01 15:00:00,95,,,27.0,,
Yacuiba,2026-09-01 15:00:00,98,,,27.0,,
Yacuiba,2026-09-01 15:00:00,101,,,25.0,,
Yacuiba,2026-09-01 15:00:00,104,,,22.0,,
Yacuiba,2026-09-01 15:00:00,107,,,19.0,,
Yacuiba,2026-09-02 10:00:00,19,26.0,,,,
Yacuiba,2026-09-02 10:00:00,28,26.0,,,,
Yacuiba,2026-09-02 10:00:00,34,26.0,,,,
Yacuiba,2026-09-02 10:00:00,40,26.0,,,,
Yacuiba,2026-09-02 10:00:00,88,56.0,,,,
Yacuiba,2026-09-02 10:00:00,91,57.0,0.0,13.0,2.8,223.0
Yacuiba,2026-09-02 10:00:00,94,57.0,0.0,13.0,3.2,203.0
Yacuiba,2026-09-02 10:00:00,97,56.0,0.0,17.0,3.3,180.0
Yacuiba,2026-09-02 10:00:00,100,36.0,0.0,20.0,3.5,147.0
Yacuiba,2026-09-02 10:00:00,103,36.0,0.0,18.0,3.8,167.0
Yacuiba,2026-09-02 10:00:00,106,36.0,0.0,15.0,4.1,177.0
Yacuiba,2026-09-02 10:00:00,109,36.0,0.0,12.0,3.0,208.0
Yacuiba,2026-09-02 10:00:00,112,36.0,0.0,10.0,1.9,235.0
Yacuiba,2026-09-02 15:00:00,11,,,10.0,,
Yacuiba,2026-09-02 15:00:00,14,,,10.0,,
Yacuiba,2026-09-02 15:00:00,17,,,18.0,,
Yacuiba,2026-09-02 15:00:00,20,,,22.0,,
Yacuiba,2026-09-02 15:00:00,23,,,30.0,,
Yacuiba,2026-09-02 15:00:00,26,,,30.0,,
Yacuiba,2026-09-02 15:00:00,29,,,23.0,,
Yacuiba,2026-09-02 15:00:00,35,,,11.0,,
Yacuiba,2026-09-02 15:00:00,38,,,11.0,,
Yacuiba,2026-09-02 15:00:00,44,,,21.0,,
Yacuiba,2026-09-02 15:00:00,47,,,26.0,,
Yacuiba,2026-09-02 15:00:00,50,,,26.0,,
Yacuiba,2026-09-02 15:00:00,53,,,21.0,,
Yacuiba,2026-09-02 15:00:00,59,,,10.0,,
Yacuiba,2026-09-02 15:00:00,62,,,10.0,,
Yacuiba,2026-09-02 15:00:00,65,,,13.0,,
Yacuiba,2026-09-02 15:00:00,68,,,16.0,,
Yacuiba,2026-09-02 15:00:00,74,,,19.0,,
Yacuiba,2026-09-02 15:00:00,80,,,14.0,,
Yacuiba,2026-09-02 15:00:00,83,,,7.0,,
Yacuiba,2026-09-02 15:00:00,86,,,7.0,,
Yacuiba,2026-09-02 15:00:00,89,,,10.0,,
Yacuiba,2026-09-02 15:00:00,92,,,14.0,,
Yacuiba,2026-09-02 15:00:00,95,,,18.0,,
Yesera Norte,2026-08-31 13:00:00,1,35.0,0.0,31.0,4.2,60.0
Yesera Norte,2026-08-31 13:00:00,4,36.0,0.0,31.0,3.0,89.0
Yesera Norte,2026-08-31 13:00:00,7,56.0,0.0,20.0,1.9,118.0
Yesera Norte,2026-08-31 13:00:00,10,57.0,0.0,14.0,1.6,118.0
Yesera Norte,2026-08-31 13:00:00,13,36.0,0.0,6.0,1.4,109.0
Yesera Norte,2026-08-31 13:00:00,16,36.0,0.0,6.0,1.7,140.0
Yesera Norte,2026-08-31 13:00:00,19,36.0,0.0,13.0,1.3,99.0
Yesera Norte,2026-08-31 13:00:00,22,36.0,0.0,18.0,2.3,89.0
Yesera Norte,2026-08-31 13:00:00,25,56.0,0.0,23.0,3.4,69.0
Yesera Norte,2026-08-31 13:00:00,28,56.0,0.0,23.0,2.8,78.0
Yesera Norte,2026-08-31 13:00:00,31,36.0,0.0,18.0,2.1,79.0
Yesera Norte,2026-08-31 13:00:00,34,36.0,0.0,16.0,2.0,39.0
Yesera Norte,2026-08-31 13:00:00,37,56.0,0.0,6.0,1.8,358.0
Yesera Norte,2026-08-31 13:00:00,40,37.0,0.0,6.0,1.7,18.0
Yesera Norte,2026-08-31 13:00:00,43,37.0,0.0,13.0,1.5,20.0
Yesera Norte,2026-08-31 13:00:00,46,37.0,0.0,20.0,2.2,50.0
Yesera Norte,2026-08-31 13:00:00,49,26.0,0.0,25.0,2.9,78.0
Yesera Norte,2026-08-31 13:00:00,52,26.0,0.0,25.0,2.5,69.0
Yesera Norte,2026-08-31 13:00:00,55,26.0,0.0,21.0,2.0,49.0
Yesera Norte,2026-08-31 13:00:00,58,25.0,0.0,18.0,1.9,19.0
Yesera Norte,2026-08-31 13:00:00,61,26.0,0.0,8.0,1.7,348.0
Yesera Norte,2026-08-31 13:00:00,64,25.0,0.0,8.0,1.5,311.0
Yesera Norte,2026-08-31 13:00:00,67,25.0,0.0,15.0,0.6,252.0
Yesera Norte,2026-08-31 13:00:00,70,26.0,0.0,20.0,1.8,189.0
Yesera Norte,2026-08-31 13:00:00,73,26.0,0.0,27.0,3.0,116.0
Yesera Norte,2026-08-31 13:00:00,76,26.0,0.0,27.0,2.1,119.0
Yesera Norte,2026-08-31 13:00:00,79,25.0,0.0,19.0,1.2,111.0
Yesera Norte,2026-08-31 13:00:00,82,26.0,0.0,10.0,1.1,140.0
Yesera Norte,2026-08-31 13:00:00,85,36.0,0.0,8.0,1.1,169.0
Yesera Norte,2026-08-31 13:00:00,88,36.0,0.0,8.0,1.1,88.0
Yesera Norte,2026-08-31 13:00:00,91,36.0,0.0,16.0,0.6,358.0
Yesera Norte,2026-08-31 13:00:00,94,35.0,0.0,20.0,2.8,28.0
Yesera Norte,2026-08-31 13:00:00,97,36.0,0.0,24.0,5.0,50.0
Yesera Norte,2026-08-31 13:00:00,100,36.0,0.0,25.0,3.5,60.0
Yesera Norte,2026-08-31 13:00:00,103,57.0,0.0,15.0,2.0,70.0
Yesera Norte,2026-08-31 13:00:00,106,56.0,0.0,8.0,1.5,81.0
Yesera Norte,2026-08-31 13:00:00,109,35.0,0.0,8.0,1.1,91.0
Yesera Norte,2026-09-01 11:00:00,87,36.0,,,,
Yesera Norte,2026-09-01 11:00:00,90,35.0,0.0,10.0,1.4,90.0
Yesera Norte,2026-09-01 11:00:00,93,36.0,0.0,10.0,1.7,80.0
Yesera Norte,2026-09-01 11:00:00,96,35.0,0.0,9.0,2.3,91.0
Yesera Norte,2026-09-01 11:00:00,99,56.0,0.0,9.0,2.9,99.0
Yesera Norte,2026-09-01 11:00:00,102,56.0,0.0,8.0,2.5,128.0
Yesera Norte,2026-09-01 11:00:00,105,57.0,0.0,6.0,2.2,149.0
Yesera Norte,2026-09-01 11:00:00,108,56.0,0.0,5.0,2.2,160.0
Yesera Norte,2026-09-01 11:00:00,111,57.0,0.0,4.0,2.2,172.0
Yesera Norte,2026-09-01 15:00:00,11,,,11.0,,
Yesera Norte,2026-09-01 15:00:00,14,,,11.0,,
Yesera Norte,2026-09-01 15:00:00,17,,,16.0,,
Yesera Norte,2026-09-01 15:00:00,20,,,22.0,,
Yesera Norte,2026-09-01 15:00:00,23,,,30.0,,
Yesera Norte,2026-09-01 15:00:00,26,,,30.0,,
Yesera Norte,2026-09-01 15:00:00,29,,,23.0,,
Yesera Norte,2026-09-01 15:00:00,32,,,19.0,,
Yesera Norte,2026-09-01 15:00:00,35,,,12.0,,
Yesera Norte,2026-09-01 15:00:00,38,,,12.0,,
Yesera Norte,2026-09-01 15:00:00,41,,,18.0,,
Yesera Norte,2026-09-01 15:00:00,44,,,23.0,,
Yesera Norte,2026-09-01 15:00:00,47,,,28.0,,
Yesera Norte,2026-09-01 15:00:00,50,,,28.0,,
Yesera Norte,2026-09-01 15:00:00,53,,,22.0,,
Yesera Norte,2026-09-01 15:00:00,56,,,17.0,,
Yesera Norte,2026-09-01 15:00:00,59,,,13.0,,
Yesera Norte,2026-09-01 15:00:00,62,,,13.0,,
Yesera Norte,2026-09-01 15:00:00,65,,,18.0,,
Yesera Norte,2026-09-01 15:00:00,68,,,24.0,,
Yesera Norte,2026-09-01 15:00:00,71,,,29.0,,
Yesera Norte,2026-09-01 15:00:00,74,,,29.0,,
Yesera Norte,2026-09-01 15:00:00,77,,,24.0,,
Yesera Norte,2026-09-01 15:00:00,80,,,19.0,,
Yesera Norte,2026-09-01 15:00:00,83,,,14.0,,
Yesera Norte,2026-09-01 15:00:00,86,,,13.0,,
Yesera Norte,2026-09-01 15:00:00,89,,,18.0,,
Yesera Norte,2026-09-01 15:00:00,92,,,23.0,,
Yesera Norte,2026-09-01 15:00:00,95,,,27.0,,
Yesera Norte,2026-09-01 15:00:00,98,,,27.0,,
Yesera Norte,2026-09-01 15:00:00,101,,,23.0,,
Yesera Norte,2026-09-01 15:00:00,104,,,20.0,,
Yesera Norte,2026-09-01 15:00:00,107,,,16.0,,
Yesera Norte,2026-09-02 10:00:00,16,25.0,,,,
Yesera Norte,2026-09-02 10:00:00,19,27.0,,,,
Yesera Norte,2026-09-02 10:00:00,22,26.0,,,,
Yesera Norte,2026-09-02 10:00:00,28,27.0,,,,
Yesera Norte,2026-09-02 10:00:00,31,25.0,,,,
Yesera Norte,2026-09-02 10:00:00,34,26.0,,,,
Yesera Norte,2026-09-02 10:00:00,40,27.0,,,,
Yesera Norte,2026-09-02 10:00:00,88,56.0,,,,
Yesera Norte,2026-09-02 10:00:00,91,56.0,0.0,6.0,1.6,119.0
Yesera Norte,2026-09-02 10:00:00,94,56.0,0.0,5.0,1.8,89.0
Yesera Norte,2026-09-02 10:00:00,97,55.0,0.0,10.0,3.2,88.0
Yesera Norte,2026-09-02 10:00:00,100,37.0,0.0,14.0,4.5,78.0
Yesera Norte,2026-09-02 10:00:00,103,36.0,0.0,10.0,3.4,88.0
Yesera Norte,2026-09-02 10:00:00,106,36.0,0.0,5.0,2.3,88.0
Yesera Norte,2026-09-02 10:00:00,109,36.0,0.0,4.0,2.3,69.0
Yesera Norte,2026-09-02 10:00:00,112,36.0,0.0,2.0,2.4,40.0
Yesera Norte,2026-09-02 15:00:00,11,,,9.0,,
Yesera Norte,2026-09-02 15:00:00,14,,,9.0,,
Yesera Norte,2026-09-02 15:00:00,17,,,17.0,,
Yesera Norte,2026-09-02 15:00:00,20,,,22.0,,
Yesera Norte,2026-09-02 15:00:00,23,,,26.0,,
Yesera Norte,2026-09-02 15:00:00,26,,,26.0,,
Yesera Norte,2026-09-02 15:00:00,35,,,7.0,,
Yesera Norte,2026-09-02 15:00:00,38,,,7.0,,
Yesera Norte,2026-09-02 15:00:00,41,,,13.0,,
Yesera Norte,2026-09-02 15:00:00,44,,,19.0,,
Yesera Norte,2026-09-02 15:00:00,47,,,23.0,,
Yesera Norte,2026-09-02 15:00:00,50,,,23.0,,
Yesera Norte,2026-09-02 15:00:00,53,,,19.0,,
Yesera Norte,2026-09-02 15:00:00,56,,,13.0,,
Yesera Norte,2026-09-02 15:00:00,59,,,6.0,,
Yesera Norte,2026-09-02 15:00:00,62,,,6.0,,
Yesera Norte,2026-09-02 15:00:00,68,,,17.0,,
Yesera Norte,2026-09-02 15:00:00,71,,,20.0,,
Yesera Norte,2026-09-02 15:00:00,74,,,20.0,,
Yesera Norte,2026-09-02 15:00:00,77,,,17.0,,
Yesera Norte,2026-09-02 15:00:00,80,,,11.0,,
Yesera Norte,2026-09-02 15:00:00,83,,,3.0,,
Yesera Norte,2026-09-02 15:00:00,86,,,3.0,,
Yesera Norte,2026-09-02 15:00:00,89,,,6.0,,
Yesera Norte,2026-09-02 15:00:00,95,,,16.0,,
Yesera Norte,2026-09-02 15:00:00,98,,,16.0,,
Yesera Norte,2026-09-02 15:00:00,101,,,12.0,,
Yesera Norte,2026-09-02 15:00:00,104,,,9.0,,
Yesera Norte,2026-09-02 15:00:00,107,,,6.0,,
