estacion,fecha,fecha_diff,precipitacion,temperatura,humedad_relativa,vientos,vi
Anzaldo,2026-08-03 09:00:00,2,0.0,14,26,313,3.3
Anzaldo,2026-08-03 09:00:00,5,0.0,26,27,276,3.7
Anzaldo,2026-08-03 09:00:00,8,0.0,26,26,336,3.2
Anzaldo,2026-08-03 09:00:00,11,0.0,17,26,32,2.7
Anzaldo,2026-08-03 09:00:00,14,0.0,11,25,62,1.7
Anzaldo,2026-08-03 09:00:00,17,0.0,4,25,89,0.7
Anzaldo,2026-08-03 09:00:00,20,0.0,4,36,111,1.2
Anzaldo,2026-08-03 09:00:00,23,0.0,12,36,91,1.2
Anzaldo,2026-08-03 09:00:00,26,0.0,18,36,163,2.0
Anzaldo,2026-08-03 09:00:00,29,0.0,26,37,230,2.8
Anzaldo,2026-08-03 09:00:00,32,0.0,26,36,163,2.6
Anzaldo,2026-08-03 09:00:00,35,0.0,19,37,93,2.4
Anzaldo,2026-08-03 09:00:00,38,0.0,13,36,46,2.3
Anzaldo,2026-08-03 09:00:00,41,0.0,4,26,353,2.2
Anzaldo,2026-08-03 09:00:00,44,0.0,4,27,354,1.9
Anzaldo,2026-08-03 09:00:00,47,0.0,8,26,346,2.2
Anzaldo,2026-08-03 09:00:00,50,0.0,17,26,316,2.7
Anzaldo,2026-08-03 09:00:00,53,0.0,27,25,285,3.3
Anzaldo,2026-08-03 09:00:00,56,0.0,27,26,342,2.7
Anzaldo,2026-08-03 09:00:00,59,0.0,19,26,32,2.1
Anzaldo,2026-08-03 09:00:00,62,0.0,13,26,15,2.4
Anzaldo,2026-08-03 09:00:00,65,0.0,4,26,356,2.7
Anzaldo,2026-08-03 09:00:00,68,0.0,4,26,356,2.7
Anzaldo,2026-08-03 09:00:00,71,0.0,13,26,346,3.2
Anzaldo,2026-08-03 09:00:00,74,0.0,20,27,326,4.0
Anzaldo,2026-08-03 09:00:00,77,0.0,27,26,305,4.8
Anzaldo,2026-08-03 09:00:00,80,0.0,27,26,345,4.2
Anzaldo,2026-08-03 09:00:00,83,0.0,12,26,15,3.5
Anzaldo,2026-08-03 09:00:00,86,0.0,4,25,5,3.6
Anzaldo,2026-08-03 09:00:00,89,0.0,4,27,346,3.7
Apolo Chupiluzani,2026-08-03 09:00:00,2,0.0,21,36,353,1.8
Apolo Chupiluzani,2026-08-03 09:00:00,5,0.0,25,57,22,2.5
Apolo Chupiluzani,2026-08-03 09:00:00,8,0.0,25,56,9,1.9
Apolo Chupiluzani,2026-08-03 09:00:00,11,0.0,22,36,347,1.4
Apolo Chupiluzani,2026-08-03 09:00:00,14,0.0,17,36,341,1.4
Apolo Chupiluzani,2026-08-03 09:00:00,17,0.0,14,36,331,1.3
Apolo Chupiluzani,2026-08-03 09:00:00,20,0.0,14,36,315,1.0
Apolo Chupiluzani,2026-08-03 09:00:00,23,0.0,19,37,299,0.8
Apolo Chupiluzani,2026-08-03 09:00:00,26,0.0,22,36,356,1.6
Apolo Chupiluzani,2026-08-03 09:00:00,29,0.0,26,56,53,2.5
Apolo Chupiluzani,2026-08-03 09:00:00,32,0.0,26,56,30,1.9
Apolo Chupiluzani,2026-08-03 09:00:00,35,1.0,21,76,6,1.2
Apolo Chupiluzani,2026-08-03 09:00:00,38,1.0,18,77,342,1.0
Apolo Chupiluzani,2026-08-03 09:00:00,41,0.0,14,56,315,0.9
Apolo Chupiluzani,2026-08-03 09:00:00,44,0.0,14,57,331,1.0
Apolo Chupiluzani,2026-08-03 09:00:00,47,0.0,19,56,325,0.9
Apolo Chupiluzani,2026-08-03 09:00:00,50,0.0,21,56,356,1.7
Apolo Chupiluzani,2026-08-03 09:00:00,53,1.0,26,76,24,2.6
Apolo Chupiluzani,2026-08-03 09:00:00,56,1.6,26,75,9,2.0
Apolo Chupiluzani,2026-08-03 09:00:00,59,0.0,20,57,353,1.5
Apolo Chupiluzani,2026-08-03 09:00:00,62,0.0,17,57,347,1.4
Apolo Chupiluzani,2026-08-03 09:00:00,65,0.0,14,36,331,1.3
Apolo Chupiluzani,2026-08-03 09:00:00,68,0.0,14,36,322,1.2
Apolo Chupiluzani,2026-08-03 09:00:00,71,0.0,19,36,306,1.1
Apolo Chupiluzani,2026-08-03 09:00:00,74,0.0,23,36,333,2.2
Apolo Chupiluzani,2026-08-03 09:00:00,77,0.0,27,56,360,3.3
Apolo Chupiluzani,2026-08-03 09:00:00,80,0.0,27,56,5,2.4
Apolo Chupiluzani,2026-08-03 09:00:00,83,0.0,18,36,4,1.6
Apolo Chupiluzani,2026-08-03 09:00:00,86,0.0,14,35,354,1.6
Apolo Chupiluzani,2026-08-03 09:00:00,89,0.0,14,36,344,1.5
Ascencion de Guarayos,2026-08-03 09:00:00,2,0.0,29,57,330,1.8
Ascencion de Guarayos,2026-08-03 09:00:00,5,0.4,32,90,320,2.3
Ascencion de Guarayos,2026-08-03 09:00:00,8,1.7,32,88,340,1.7
Ascencion de Guarayos,2026-08-03 09:00:00,11,0.0,30,56,354,1.0
Ascencion de Guarayos,2026-08-03 09:00:00,14,0.0,24,56,360,1.1
Ascencion de Guarayos,2026-08-03 09:00:00,17,0.0,20,56,0,1.2
Ascencion de Guarayos,2026-08-03 09:00:00,20,0.0,20,56,10,1.0
Ascencion de Guarayos,2026-08-03 09:00:00,23,0.0,22,56,15,0.8
Ascencion de Guarayos,2026-08-03 09:00:00,26,0.0,28,56,305,1.2
Ascencion de Guarayos,2026-08-03 09:00:00,29,1.0,32,88,229,1.7
Ascencion de Guarayos,2026-08-03 09:00:00,32,1.5,32,90,258,1.1
Ascencion de Guarayos,2026-08-03 09:00:00,35,1.4,28,89,53,0.5
Ascencion de Guarayos,2026-08-03 09:00:00,38,0.5,24,89,83,0.9
Ascencion de Guarayos,2026-08-03 09:00:00,41,0.0,21,26,101,1.2
Ascencion de Guarayos,2026-08-03 09:00:00,44,0.0,21,26,24,0.9
Ascencion de Guarayos,2026-08-03 09:00:00,47,0.0,24,26,30,1.0
Ascencion de Guarayos,2026-08-03 09:00:00,50,0.0,30,26,360,1.8
Ascencion de Guarayos,2026-08-03 09:00:00,53,0.0,33,36,326,2.5
Ascencion de Guarayos,2026-08-03 09:00:00,56,0.0,33,36,345,1.9
Ascencion de Guarayos,2026-08-03 09:00:00,59,0.0,29,26,355,1.3
Ascencion de Guarayos,2026-08-03 09:00:00,62,0.0,25,26,350,1.2
Ascencion de Guarayos,2026-08-03 09:00:00,65,0.0,22,37,340,1.1
Ascencion de Guarayos,2026-08-03 09:00:00,68,0.0,22,36,360,1.3
Ascencion de Guarayos,2026-08-03 09:00:00,71,0.0,26,36,350,1.4
Ascencion de Guarayos,2026-08-03 09:00:00,74,0.0,29,35,340,2.3
Ascencion de Guarayos,2026-08-03 09:00:00,77,0.0,33,36,320,3.2
Ascencion de Guarayos,2026-08-03 09:00:00,80,0.0,33,35,330,2.3
Ascencion de Guarayos,2026-08-03 09:00:00,83,0.0,28,37,330,1.5
Ascencion de Guarayos,2026-08-03 09:00:00,86,0.0,22,36,340,1.5
Ascencion de Guarayos,2026-08-03 09:00:00,89,0.0,22,37,340,1.5
Baures,2026-08-03 09:00:00,2,0.0,27,56,320,2.9
Baures,2026-08-03 09:00:00,5,0.0,33,56,300,3.6
Baures,2026-08-03 09:00:00,8,0.0,33,56,311,2.6
Baures,2026-08-03 09:00:00,11,0.0,28,36,317,1.6
Baures,2026-08-03 09:00:00,14,0.0,24,36,336,1.8
Baures,2026-08-03 09:00:00,17,0.0,21,57,350,1.9
Baures,2026-08-03 09:00:00,20,0.5,21,89,6,1.6
Baures,2026-08-03 09:00:00,23,1.6,25,89,356,1.4
Baures,2026-08-03 09:00:00,26,1.2,30,89,316,1.8
Baures,2026-08-03 09:00:00,29,0.0,32,56,266,2.2
Baures,2026-08-03 09:00:00,32,0.0,32,56,335,2.6
Baures,2026-08-03 09:00:00,35,0.0,29,35,39,3.0
Baures,2026-08-03 09:00:00,38,0.0,25,36,80,2.5
Baures,2026-08-03 09:00:00,41,0.0,22,26,120,2.0
Baures,2026-08-03 09:00:00,44,0.0,22,26,357,0.9
Baures,2026-08-03 09:00:00,47,0.0,27,27,340,1.0
Baures,2026-08-03 09:00:00,50,0.0,30,26,336,1.8
Baures,2026-08-03 09:00:00,53,0.0,35,36,321,2.6
Baures,2026-08-03 09:00:00,56,0.0,35,36,352,1.8
Baures,2026-08-03 09:00:00,59,0.0,29,26,16,1.0
Baures,2026-08-03 09:00:00,62,0.0,26,25,336,1.4
Baures,2026-08-03 09:00:00,65,0.0,23,26,290,1.7
Baures,2026-08-03 09:00:00,68,0.0,23,27,316,2.2
Baures,2026-08-03 09:00:00,71,0.0,28,26,316,2.3
Baures,2026-08-03 09:00:00,74,0.0,32,26,306,3.2
Baures,2026-08-03 09:00:00,77,0.0,35,36,296,4.1
Baures,2026-08-03 09:00:00,80,0.0,35,36,316,3.3
Baures,2026-08-03 09:00:00,83,0.0,30,26,335,2.4
Baures,2026-08-03 09:00:00,86,0.0,23,26,340,2.6
Baures,2026-08-03 09:00:00,89,0.0,23,26,340,2.8
Bolpebra - PD,2026-08-03 09:00:00,2,0.0,26,56,310,1.3
Bolpebra - PD,2026-08-03 09:00:00,5,0.0,28,36,330,1.9
Bolpebra - PD,2026-08-03 09:00:00,8,0.0,28,36,357,1.7
Bolpebra - PD,2026-08-03 09:00:00,11,0.0,25,36,15,1.5
Bolpebra - PD,2026-08-03 09:00:00,14,0.0,22,37,347,1.4
Bolpebra - PD,2026-08-03 09:00:00,17,0.0,19,37,310,1.3
Bolpebra - PD,2026-08-03 09:00:00,20,0.0,19,56,320,0.9
Bolpebra - PD,2026-08-03 09:00:00,23,0.0,23,56,330,0.8
Bolpebra - PD,2026-08-03 09:00:00,26,0.0,26,56,330,1.0
Bolpebra - PD,2026-08-03 09:00:00,29,0.0,29,55,323,1.3
Bolpebra - PD,2026-08-03 09:00:00,32,0.0,29,57,25,1.2
Bolpebra - PD,2026-08-03 09:00:00,35,0.0,26,55,77,1.0
Bolpebra - PD,2026-08-03 09:00:00,38,0.0,22,57,25,1.0
Bolpebra - PD,2026-08-03 09:00:00,41,0.0,19,26,330,1.0
Bolpebra - PD,2026-08-03 09:00:00,44,0.0,19,26,292,0.9
Bolpebra - PD,2026-08-03 09:00:00,47,0.0,23,27,300,0.6
Bolpebra - PD,2026-08-03 09:00:00,50,0.0,27,26,347,1.0
Bolpebra - PD,2026-08-03 09:00:00,53,0.0,29,36,27,1.4
Bolpebra - PD,2026-08-03 09:00:00,56,0.0,29,36,331,0.9
Bolpebra - PD,2026-08-03 09:00:00,59,0.0,26,35,266,0.6
Bolpebra - PD,2026-08-03 09:00:00,62,0.0,23,36,291,0.8
Bolpebra - PD,2026-08-03 09:00:00,65,0.0,20,26,308,1.1
Bolpebra - PD,2026-08-03 09:00:00,68,0.0,20,27,328,1.1
Bolpebra - PD,2026-08-03 09:00:00,71,0.0,23,26,320,0.9
Bolpebra - PD,2026-08-03 09:00:00,74,0.0,27,27,324,1.4
Bolpebra - PD,2026-08-03 09:00:00,77,0.0,30,36,324,1.8
Bolpebra - PD,2026-08-03 09:00:00,80,0.0,30,36,322,1.6
Bolpebra - PD,2026-08-03 09:00:00,83,0.0,26,26,311,1.4
Bolpebra - PD,2026-08-03 09:00:00,86,0.0,20,26,312,1.4
Bolpebra - PD,2026-08-03 09:00:00,89,0.0,20,26,310,1.3
Bulo Bulo,2026-08-03 09:00:00,2,0.0,26,56,290,2.3
Bulo Bulo,2026-08-03 09:00:00,5,0.0,29,56,310,3.6
Bulo Bulo,2026-08-03 09:00:00,8,0.0,29,56,272,2.5
Bulo Bulo,2026-08-03 09:00:00,11,2.6,26,90,234,1.3
Bulo Bulo,2026-08-03 09:00:00,14,2.0,24,89,234,1.3
Bulo Bulo,2026-08-03 09:00:00,17,0.0,19,56,224,1.3
Bulo Bulo,2026-08-03 09:00:00,20,2.8,19,89,172,1.1
Bulo Bulo,2026-08-03 09:00:00,23,2.8,23,89,120,1.3
Bulo Bulo,2026-08-03 09:00:00,26,1.0,26,88,118,1.3
Bulo Bulo,2026-08-03 09:00:00,29,2.8,30,89,108,1.3
Bulo Bulo,2026-08-03 09:00:00,32,2.8,30,89,158,1.3
Bulo Bulo,2026-08-03 09:00:00,35,0.0,25,56,198,1.3
Bulo Bulo,2026-08-03 09:00:00,38,0.0,22,56,176,1.0
Bulo Bulo,2026-08-03 09:00:00,41,0.0,20,26,146,0.7
Bulo Bulo,2026-08-03 09:00:00,44,0.0,20,27,252,0.6
Bulo Bulo,2026-08-03 09:00:00,47,0.0,23,26,272,0.5
Bulo Bulo,2026-08-03 09:00:00,50,0.0,26,26,292,1.8
Bulo Bulo,2026-08-03 09:00:00,53,0.0,31,37,310,3.0
Bulo Bulo,2026-08-03 09:00:00,56,0.0,31,36,272,2.2
Bulo Bulo,2026-08-03 09:00:00,59,0.0,26,27,234,1.4
Bulo Bulo,2026-08-03 09:00:00,62,0.0,22,26,244,1.3
Bulo Bulo,2026-08-03 09:00:00,65,0.0,20,56,244,1.2
Bulo Bulo,2026-08-03 09:00:00,68,0.0,20,56,244,1.0
Bulo Bulo,2026-08-03 09:00:00,71,0.0,24,56,254,0.9
Bulo Bulo,2026-08-03 09:00:00,74,0.0,28,56,282,2.5
Bulo Bulo,2026-08-03 09:00:00,77,0.0,32,56,300,4.0
Bulo Bulo,2026-08-03 09:00:00,80,0.0,32,56,292,3.3
Bulo Bulo,2026-08-03 09:00:00,83,0.0,27,56,284,2.6
Bulo Bulo,2026-08-03 09:00:00,86,0.0,20,56,274,1.9
Bulo Bulo,2026-08-03 09:00:00,89,0.0,20,56,254,1.3
Camargo,2026-08-03 09:00:00,2,0.0,20,26,284,2.0
Camargo,2026-08-03 09:00:00,5,0.0,29,26,269,1.8
Camargo,2026-08-03 09:00:00,8,0.0,29,25,347,2.6
Camargo,2026-08-03 09:00:00,11,0.0,18,27,67,3.4
Camargo,2026-08-03 09:00:00,14,0.0,9,26,77,2.6
Camargo,2026-08-03 09:00:00,17,0.0,3,25,77,1.6
Camargo,2026-08-03 09:00:00,20,0.0,3,36,92,1.3
Camargo,2026-08-03 09:00:00,23,0.0,11,36,89,1.1
Camargo,2026-08-03 09:00:00,26,0.0,17,36,155,1.4
Camargo,2026-08-03 09:00:00,29,0.0,28,55,229,1.7
Camargo,2026-08-03 09:00:00,32,0.0,28,55,160,2.3
Camargo,2026-08-03 09:00:00,35,0.0,17,56,68,2.9
Camargo,2026-08-03 09:00:00,38,0.0,6,57,45,1.9
Camargo,2026-08-03 09:00:00,41,0.0,2,26,14,0.8
Camargo,2026-08-03 09:00:00,44,0.0,2,26,1,1.5
Camargo,2026-08-03 09:00:00,47,0.0,14,26,290,2.0
Camargo,2026-08-03 09:00:00,50,0.0,21,26,285,2.0
Camargo,2026-08-03 09:00:00,53,0.0,29,26,279,2.0
Camargo,2026-08-03 09:00:00,56,0.0,29,26,357,2.5
Camargo,2026-08-03 09:00:00,59,0.0,11,26,68,3.2
Camargo,2026-08-03 09:00:00,62,0.0,6,27,18,2.6
Camargo,2026-08-03 09:00:00,65,0.0,2,26,320,2.0
Camargo,2026-08-03 09:00:00,68,0.0,2,26,319,1.8
Camargo,2026-08-03 09:00:00,71,0.0,9,26,299,2.3
Camargo,2026-08-03 09:00:00,74,0.0,14,26,296,2.4
Camargo,2026-08-03 09:00:00,77,0.0,29,27,284,2.5
Camargo,2026-08-03 09:00:00,80,0.0,29,26,298,2.5
Camargo,2026-08-03 09:00:00,83,0.0,13,27,309,2.5
Camargo,2026-08-03 09:00:00,86,0.0,2,26,308,2.8
Camargo,2026-08-03 09:00:00,89,0.0,2,26,299,2.9
Camiri,2026-08-03 09:00:00,2,0.0,26,57,330,1.9
Camiri,2026-08-03 09:00:00,5,0.0,34,37,18,2.8
Camiri,2026-08-03 09:00:00,8,0.0,34,36,341,1.9
Camiri,2026-08-03 09:00:00,11,0.0,27,57,304,1.1
Camiri,2026-08-03 09:00:00,14,0.0,21,56,241,2.6
Camiri,2026-08-03 09:00:00,17,0.0,16,57,170,4.2
Camiri,2026-08-03 09:00:00,20,0.0,16,56,200,2.0
Camiri,2026-08-03 09:00:00,23,0.0,22,56,237,1.9
Camiri,2026-08-03 09:00:00,26,0.0,27,56,178,2.1
Camiri,2026-08-03 09:00:00,29,0.0,33,56,111,2.2
Camiri,2026-08-03 09:00:00,32,0.0,33,56,110,2.0
Camiri,2026-08-03 09:00:00,35,0.0,24,56,100,1.8
Camiri,2026-08-03 09:00:00,38,0.0,20,56,101,1.5
Camiri,2026-08-03 09:00:00,41,0.0,17,25,101,1.1
Camiri,2026-08-03 09:00:00,44,0.0,17,26,299,1.0
Camiri,2026-08-03 09:00:00,47,0.0,21,26,342,0.7
Camiri,2026-08-03 09:00:00,50,0.0,26,26,9,2.0
Camiri,2026-08-03 09:00:00,53,0.0,34,26,28,3.4
Camiri,2026-08-03 09:00:00,56,0.0,34,26,18,2.4
Camiri,2026-08-03 09:00:00,59,0.0,28,26,8,1.5
Camiri,2026-08-03 09:00:00,62,0.0,22,26,318,1.4
Camiri,2026-08-03 09:00:00,65,0.0,18,26,267,1.2
Camiri,2026-08-03 09:00:00,68,0.0,18,26,290,1.1
Camiri,2026-08-03 09:00:00,71,0.0,24,26,313,1.0
Camiri,2026-08-03 09:00:00,74,0.0,29,26,343,2.6
Camiri,2026-08-03 09:00:00,77,0.0,35,37,10,4.1
Camiri,2026-08-03 09:00:00,80,0.0,35,37,10,3.1
Camiri,2026-08-03 09:00:00,83,0.0,24,57,360,2.0
Camiri,2026-08-03 09:00:00,86,0.0,18,57,333,1.7
Camiri,2026-08-03 09:00:00,89,0.0,18,26,303,1.5
Campanario,2026-08-03 09:00:00,2,0.0,11,26,229,2.8
Campanario,2026-08-03 09:00:00,5,0.0,16,26,224,1.2
Campanario,2026-08-03 09:00:00,8,0.0,16,26,152,2.0
Campanario,2026-08-03 09:00:00,11,0.0,13,36,75,2.7
Campanario,2026-08-03 09:00:00,14,0.0,9,36,82,2.1
Campanario,2026-08-03 09:00:00,17,0.0,1,26,88,1.4
Campanario,2026-08-03 09:00:00,20,0.0,1,26,62,1.0
Campanario,2026-08-03 09:00:00,23,0.0,5,26,26,0.8
Campanario,2026-08-03 09:00:00,26,0.0,9,26,23,1.9
Campanario,2026-08-03 09:00:00,29,0.0,15,26,13,3.0
Campanario,2026-08-03 09:00:00,32,0.0,15,26,45,2.9
Campanario,2026-08-03 09:00:00,35,0.0,10,36,78,2.7
Campanario,2026-08-03 09:00:00,38,0.0,5,36,31,2.2
Campanario,2026-08-03 09:00:00,41,0.0,2,26,285,1.7
Campanario,2026-08-03 09:00:00,44,0.0,2,26,277,2.5
Campanario,2026-08-03 09:00:00,47,0.0,7,26,243,3.4
Campanario,2026-08-03 09:00:00,50,0.0,12,26,263,2.4
Campanario,2026-08-03 09:00:00,53,0.0,16,26,281,1.4
Campanario,2026-08-03 09:00:00,56,0.0,16,26,357,2.0
Campanario,2026-08-03 09:00:00,59,0.0,9,26,82,2.6
Campanario,2026-08-03 09:00:00,62,0.0,5,26,159,2.5
Campanario,2026-08-03 09:00:00,65,0.0,1,26,233,2.5
Campanario,2026-08-03 09:00:00,68,0.0,1,25,273,3.1
Campanario,2026-08-03 09:00:00,71,0.0,7,26,243,4.0
Campanario,2026-08-03 09:00:00,74,0.0,13,25,245,3.3
Campanario,2026-08-03 09:00:00,77,0.0,16,27,245,2.6
Campanario,2026-08-03 09:00:00,80,0.0,16,25,298,2.4
Campanario,2026-08-03 09:00:00,83,0.0,11,26,345,2.2
Campanario,2026-08-03 09:00:00,86,0.0,1,26,289,4.0
Campanario,2026-08-03 09:00:00,89,0.0,1,26,230,5.6
Carura,2026-08-03 09:00:00,2,0.0,26,36,349,1.0
Carura,2026-08-03 09:00:00,5,0.0,31,56,59,1.5
Carura,2026-08-03 09:00:00,8,0.0,31,56,43,1.3
Carura,2026-08-03 09:00:00,11,0.0,28,36,253,1.0
Carura,2026-08-03 09:00:00,14,0.0,25,36,251,0.8
Carura,2026-08-03 09:00:00,17,0.0,21,36,249,0.6
Carura,2026-08-03 09:00:00,20,0.0,21,36,273,0.6
Carura,2026-08-03 09:00:00,23,0.0,24,36,299,0.5
Carura,2026-08-03 09:00:00,26,0.0,28,36,352,1.2
Carura,2026-08-03 09:00:00,29,0.0,32,56,43,1.9
Carura,2026-08-03 09:00:00,32,0.0,32,56,96,1.4
Carura,2026-08-03 09:00:00,35,1.3,27,76,140,0.8
Carura,2026-08-03 09:00:00,38,0.7,24,76,189,0.8
Carura,2026-08-03 09:00:00,41,0.0,21,56,236,0.7
Carura,2026-08-03 09:00:00,44,0.0,21,56,275,0.6
Carura,2026-08-03 09:00:00,47,0.0,25,56,275,0.6
Carura,2026-08-03 09:00:00,50,0.0,29,56,342,1.1
Carura,2026-08-03 09:00:00,53,1.4,34,77,48,1.6
Carura,2026-08-03 09:00:00,56,1.6,33,76,335,1.2
Carura,2026-08-03 09:00:00,59,0.0,30,56,261,0.8
Carura,2026-08-03 09:00:00,62,0.0,26,57,268,0.9
Carura,2026-08-03 09:00:00,65,0.0,21,36,266,0.9
Carura,2026-08-03 09:00:00,68,0.0,21,36,290,0.7
Carura,2026-08-03 09:00:00,71,0.0,25,36,289,0.7
Carura,2026-08-03 09:00:00,74,0.0,29,35,349,0.9
Carura,2026-08-03 09:00:00,77,0.0,33,57,48,1.0
Carura,2026-08-03 09:00:00,80,0.0,33,56,99,0.8
Carura,2026-08-03 09:00:00,83,0.0,28,37,210,0.6
Carura,2026-08-03 09:00:00,86,0.0,21,36,251,0.8
Carura,2026-08-03 09:00:00,89,0.0,21,36,275,1.1
Chacala (INIAF),2026-08-03 09:00:00,2,0.0,5,26,318,3.0
Chacala (INIAF),2026-08-03 09:00:00,5,0.0,11,26,276,4.3
Chacala (INIAF),2026-08-03 09:00:00,8,0.0,11,26,337,3.5
Chacala (INIAF),2026-08-03 09:00:00,11,0.0,7,26,31,2.6
Chacala (INIAF),2026-08-03 09:00:00,14,0.0,1,26,8,1.8
Chacala (INIAF),2026-08-03 09:00:00,17,0.0,-6,26,233,0.9
Chacala (INIAF),2026-08-03 09:00:00,20,0.0,-5,26,299,1.4
Chacala (INIAF),2026-08-03 09:00:00,23,0.0,2,26,332,1.5
Chacala (INIAF),2026-08-03 09:00:00,26,0.0,6,26,308,2.9
Chacala (INIAF),2026-08-03 09:00:00,29,0.0,11,26,278,4.3
Chacala (INIAF),2026-08-03 09:00:00,32,0.0,11,26,334,3.5
Chacala (INIAF),2026-08-03 09:00:00,35,0.0,5,27,23,2.6
Chacala (INIAF),2026-08-03 09:00:00,38,0.0,-1,26,337,2.1
Chacala (INIAF),2026-08-03 09:00:00,41,0.0,-7,26,284,1.6
Chacala (INIAF),2026-08-03 09:00:00,44,0.0,-7,26,285,1.4
Chacala (INIAF),2026-08-03 09:00:00,47,0.0,3,26,344,1.5
Chacala (INIAF),2026-08-03 09:00:00,50,0.0,7,26,317,3.3
Chacala (INIAF),2026-08-03 09:00:00,53,0.0,12,26,285,5.1
Chacala (INIAF),2026-08-03 09:00:00,56,0.0,12,26,327,3.8
Chacala (INIAF),2026-08-03 09:00:00,59,0.0,6,27,4,2.4
Chacala (INIAF),2026-08-03 09:00:00,62,0.0,-3,27,331,2.1
Chacala (INIAF),2026-08-03 09:00:00,65,0.0,-7,26,291,1.7
Chacala (INIAF),2026-08-03 09:00:00,68,0.0,-7,26,313,1.8
Chacala (INIAF),2026-08-03 09:00:00,71,0.0,3,26,335,2.1
Chacala (INIAF),2026-08-03 09:00:00,74,0.0,7,27,314,3.8
Chacala (INIAF),2026-08-03 09:00:00,77,0.0,12,26,287,5.4
Chacala (INIAF),2026-08-03 09:00:00,80,0.0,12,26,306,4.0
Chacala (INIAF),2026-08-03 09:00:00,83,0.0,6,26,323,2.7
Chacala (INIAF),2026-08-03 09:00:00,86,0.0,-7,26,332,2.4
Chacala (INIAF),2026-08-03 09:00:00,89,0.0,-7,26,337,2.0
Charazani,2026-08-03 09:00:00,2,0.0,13,26,256,3.2
Charazani,2026-08-03 09:00:00,5,0.0,18,27,95,4.6
Charazani,2026-08-03 09:00:00,8,0.0,18,27,56,2.7
Charazani,2026-08-03 09:00:00,11,0.0,12,26,359,0.9
Charazani,2026-08-03 09:00:00,14,0.0,8,26,333,0.9
Charazani,2026-08-03 09:00:00,17,0.0,2,26,302,0.9
Charazani,2026-08-03 09:00:00,20,0.0,2,26,355,0.8
Charazani,2026-08-03 09:00:00,23,0.0,8,26,33,0.6
Charazani,2026-08-03 09:00:00,26,0.0,13,26,62,2.7
Charazani,2026-08-03 09:00:00,29,0.0,19,35,85,4.6
Charazani,2026-08-03 09:00:00,32,0.0,19,36,77,3.2
Charazani,2026-08-03 09:00:00,35,0.0,11,36,65,1.7
Charazani,2026-08-03 09:00:00,38,0.0,6,36,27,1.4
Charazani,2026-08-03 09:00:00,41,0.0,3,27,345,1.1
Charazani,2026-08-03 09:00:00,44,0.0,3,26,341,0.9
Charazani,2026-08-03 09:00:00,47,0.0,7,26,4,0.5
Charazani,2026-08-03 09:00:00,50,0.0,11,27,52,2.5
Charazani,2026-08-03 09:00:00,53,0.0,19,26,95,4.5
Charazani,2026-08-03 09:00:00,56,0.0,19,26,65,2.8
Charazani,2026-08-03 09:00:00,59,0.0,11,26,31,1.0
Charazani,2026-08-03 09:00:00,62,0.0,5,26,353,1.1
Charazani,2026-08-03 09:00:00,65,0.0,2,27,307,1.1
Charazani,2026-08-03 09:00:00,68,0.0,2,26,297,0.9
Charazani,2026-08-03 09:00:00,71,0.0,6,25,267,0.7
Charazani,2026-08-03 09:00:00,74,0.0,11,26,274,2.5
Charazani,2026-08-03 09:00:00,77,0.0,20,26,86,4.2
Charazani,2026-08-03 09:00:00,80,0.0,20,26,79,2.7
Charazani,2026-08-03 09:00:00,83,0.0,5,26,57,1.2
Charazani,2026-08-03 09:00:00,86,0.0,2,26,333,1.4
Charazani,2026-08-03 09:00:00,89,0.0,2,26,259,1.5
Chipaya,2026-08-03 09:00:00,2,0.0,7,26,352,1.0
Chipaya,2026-08-03 09:00:00,5,0.0,13,26,339,0.6
Chipaya,2026-08-03 09:00:00,8,0.0,13,26,48,1.9
Chipaya,2026-08-03 09:00:00,11,0.0,9,25,110,3.2
Chipaya,2026-08-03 09:00:00,14,0.0,1,26,180,2.8
Chipaya,2026-08-03 09:00:00,17,0.0,-12,26,246,2.4
Chipaya,2026-08-03 09:00:00,20,0.0,-12,26,290,2.1
Chipaya,2026-08-03 09:00:00,23,0.0,2,26,320,1.1
Chipaya,2026-08-03 09:00:00,26,0.0,8,26,330,1.3
Chipaya,2026-08-03 09:00:00,29,0.0,13,26,340,1.4
Chipaya,2026-08-03 09:00:00,32,0.0,13,27,66,2.0
Chipaya,2026-08-03 09:00:00,35,0.0,9,26,142,2.5
Chipaya,2026-08-03 09:00:00,38,0.0,1,26,192,2.4
Chipaya,2026-08-03 09:00:00,41,0.0,-13,26,236,2.3
Chipaya,2026-08-03 09:00:00,44,0.0,-13,25,312,2.6
Chipaya,2026-08-03 09:00:00,47,0.0,3,26,12,2.0
Chipaya,2026-08-03 09:00:00,50,0.0,9,26,326,1.6
Chipaya,2026-08-03 09:00:00,53,0.0,15,26,280,1.1
Chipaya,2026-08-03 09:00:00,56,0.0,15,26,230,1.6
Chipaya,2026-08-03 09:00:00,59,0.0,9,27,176,2.2
Chipaya,2026-08-03 09:00:00,62,0.0,-6,25,206,2.5
Chipaya,2026-08-03 09:00:00,65,0.0,-13,26,236,2.7
Chipaya,2026-08-03 09:00:00,68,0.0,-13,26,290,1.9
Chipaya,2026-08-03 09:00:00,71,0.0,3,25,334,1.4
Chipaya,2026-08-03 09:00:00,74,0.0,9,26,294,1.3
Chipaya,2026-08-03 09:00:00,77,0.0,15,26,250,1.2
Chipaya,2026-08-03 09:00:00,80,0.0,15,26,240,2.8
Chipaya,2026-08-03 09:00:00,83,0.0,9,27,220,4.3
Chipaya,2026-08-03 09:00:00,86,0.0,-13,26,230,3.2
Chipaya,2026-08-03 09:00:00,89,0.0,-13,27,230,2.1
Cobija,2026-08-03 09:00:00,2,0.0,29,56,300,1.4
Cobija,2026-08-03 09:00:00,5,0.0,32,36,320,1.9
Cobija,2026-08-03 09:00:00,8,0.0,32,36,327,1.6
Cobija,2026-08-03 09:00:00,11,0.0,27,36,327,1.3
Cobija,2026-08-03 09:00:00,14,0.0,23,36,316,1.2
Cobija,2026-08-03 09:00:00,17,0.0,20,36,300,1.1
Cobija,2026-08-03 09:00:00,20,0.0,20,56,330,0.9
Cobija,2026-08-03 09:00:00,23,0.0,24,56,330,1.0
Cobija,2026-08-03 09:00:00,26,0.0,29,55,330,1.0
Cobija,2026-08-03 09:00:00,29,0.0,33,56,330,1.0
Cobija,2026-08-03 09:00:00,32,0.0,33,56,344,0.8
Cobija,2026-08-03 09:00:00,35,0.0,28,57,354,0.5
Cobija,2026-08-03 09:00:00,38,0.0,25,56,0,0.6
Cobija,2026-08-03 09:00:00,41,0.0,20,26,360,0.8
Cobija,2026-08-03 09:00:00,44,0.0,20,27,300,0.6
Cobija,2026-08-03 09:00:00,47,0.0,26,26,277,0.4
Cobija,2026-08-03 09:00:00,50,0.0,30,26,310,0.6
Cobija,2026-08-03 09:00:00,53,0.0,33,36,340,0.9
Cobija,2026-08-03 09:00:00,56,0.0,33,37,340,0.9
Cobija,2026-08-03 09:00:00,59,0.0,29,35,340,1.0
Cobija,2026-08-03 09:00:00,62,0.0,24,36,336,0.8
Cobija,2026-08-03 09:00:00,65,0.0,21,25,327,0.6
Cobija,2026-08-03 09:00:00,68,0.0,21,27,327,0.8
Cobija,2026-08-03 09:00:00,71,0.0,25,26,336,0.6
Cobija,2026-08-03 09:00:00,74,0.0,30,26,336,1.4
Cobija,2026-08-03 09:00:00,77,0.0,34,36,330,2.2
Cobija,2026-08-03 09:00:00,80,0.0,34,36,330,1.6
Cobija,2026-08-03 09:00:00,83,0.0,27,26,330,1.1
Cobija,2026-08-03 09:00:00,86,0.0,21,26,320,1.3
Cobija,2026-08-03 09:00:00,89,0.0,21,25,310,1.4
Cochabamba - Aeropuerto,2026-08-03 09:00:00,2,0.0,17,26,328,2.3
Cochabamba - Aeropuerto,2026-08-03 09:00:00,5,0.0,29,27,30,3.0
Cochabamba - Aeropuerto,2026-08-03 09:00:00,8,0.0,29,26,331,2.5
Cochabamba - Aeropuerto,2026-08-03 09:00:00,11,0.0,20,26,270,2.0
Cochabamba - Aeropuerto,2026-08-03 09:00:00,14,0.0,15,26,250,2.0
Cochabamba - Aeropuerto,2026-08-03 09:00:00,17,0.0,7,26,227,2.0
Cochabamba - Aeropuerto,2026-08-03 09:00:00,20,0.0,7,36,223,1.5
Cochabamba - Aeropuerto,2026-08-03 09:00:00,23,0.0,13,36,219,1.1
Cochabamba - Aeropuerto,2026-08-03 09:00:00,26,0.0,15,36,335,1.7
Cochabamba - Aeropuerto,2026-08-03 09:00:00,29,0.0,29,36,36,2.4
Cochabamba - Aeropuerto,2026-08-03 09:00:00,32,0.0,29,36,329,2.0
Cochabamba - Aeropuerto,2026-08-03 09:00:00,35,0.0,20,36,259,1.7
Cochabamba - Aeropuerto,2026-08-03 09:00:00,38,0.0,11,36,259,1.7
Cochabamba - Aeropuerto,2026-08-03 09:00:00,41,0.0,7,26,251,1.8
Cochabamba - Aeropuerto,2026-08-03 09:00:00,44,0.0,7,26,250,1.8
Cochabamba - Aeropuerto,2026-08-03 09:00:00,47,0.0,13,26,261,1.4
Cochabamba - Aeropuerto,2026-08-03 09:00:00,50,0.0,20,26,332,1.8
Cochabamba - Aeropuerto,2026-08-03 09:00:00,53,0.0,30,26,38,2.1
Cochabamba - Aeropuerto,2026-08-03 09:00:00,56,0.0,30,26,333,2.0
Cochabamba - Aeropuerto,2026-08-03 09:00:00,59,0.0,18,26,263,1.8
Cochabamba - Aeropuerto,2026-08-03 09:00:00,62,0.0,11,26,250,2.1
Cochabamba - Aeropuerto,2026-08-03 09:00:00,65,0.0,7,25,227,2.4
Cochabamba - Aeropuerto,2026-08-03 09:00:00,68,0.0,8,26,249,1.9
Cochabamba - Aeropuerto,2026-08-03 09:00:00,71,0.0,13,26,259,1.6
Cochabamba - Aeropuerto,2026-08-03 09:00:00,74,0.0,21,26,328,2.1
Cochabamba - Aeropuerto,2026-08-03 09:00:00,77,0.0,30,26,36,2.5
Cochabamba - Aeropuerto,2026-08-03 09:00:00,80,0.0,30,26,329,2.3
Cochabamba - Aeropuerto,2026-08-03 09:00:00,83,0.0,14,26,262,2.1
Cochabamba - Aeropuerto,2026-08-03 09:00:00,86,0.0,7,26,250,2.2
Cochabamba - Aeropuerto,2026-08-03 09:00:00,89,0.0,7,26,238,2.2
Cochabamba - Sarco,2026-08-03 09:00:00,2,0.0,22,26,34,2.0
Cochabamba - Sarco,2026-08-03 09:00:00,5,0.0,33,26,105,2.5
Cochabamba - Sarco,2026-08-03 09:00:00,8,0.0,33,27,58,2.9
Cochabamba - Sarco,2026-08-03 09:00:00,11,0.0,25,27,4,3.2
Cochabamba - Sarco,2026-08-03 09:00:00,14,0.0,18,25,329,2.0
Cochabamba - Sarco,2026-08-03 09:00:00,17,0.0,6,26,292,0.9
Cochabamba - Sarco,2026-08-03 09:00:00,20,0.0,6,36,346,0.7
Cochabamba - Sarco,2026-08-03 09:00:00,23,0.0,11,36,22,0.5
Cochabamba - Sarco,2026-08-03 09:00:00,26,0.0,17,36,76,1.7
Cochabamba - Sarco,2026-08-03 09:00:00,29,0.0,33,36,130,2.9
Cochabamba - Sarco,2026-08-03 09:00:00,32,0.0,33,35,71,2.9
Cochabamba - Sarco,2026-08-03 09:00:00,35,0.0,20,36,8,3.1
Cochabamba - Sarco,2026-08-03 09:00:00,38,0.0,11,36,344,2.4
Cochabamba - Sarco,2026-08-03 09:00:00,41,0.0,6,26,314,1.8
Cochabamba - Sarco,2026-08-03 09:00:00,44,0.0,6,25,306,1.1
Cochabamba - Sarco,2026-08-03 09:00:00,47,0.0,13,25,327,1.0
Cochabamba - Sarco,2026-08-03 09:00:00,50,0.0,19,25,24,2.0
Cochabamba - Sarco,2026-08-03 09:00:00,53,0.0,34,26,79,2.8
Cochabamba - Sarco,2026-08-03 09:00:00,56,0.0,34,26,52,2.8
Cochabamba - Sarco,2026-08-03 09:00:00,59,0.0,19,26,14,2.7
Cochabamba - Sarco,2026-08-03 09:00:00,62,0.0,11,25,336,2.0
Cochabamba - Sarco,2026-08-03 09:00:00,65,0.0,6,26,290,1.4
Cochabamba - Sarco,2026-08-03 09:00:00,68,0.0,6,26,317,1.4
Cochabamba - Sarco,2026-08-03 09:00:00,71,0.0,10,26,317,1.3
Cochabamba - Sarco,2026-08-03 09:00:00,74,0.0,18,25,15,1.8
Cochabamba - Sarco,2026-08-03 09:00:00,77,0.0,34,26,64,2.3
Cochabamba - Sarco,2026-08-03 09:00:00,80,0.0,34,25,36,2.7
Cochabamba - Sarco,2026-08-03 09:00:00,83,0.0,10,26,4,3.1
Cochabamba - Sarco,2026-08-03 09:00:00,86,0.0,6,26,336,2.3
Cochabamba - Sarco,2026-08-03 09:00:00,89,0.0,6,26,299,1.4
Concepcion,2026-08-03 09:00:00,2,0.0,27,57,330,3.9
Concepcion,2026-08-03 09:00:00,5,1.4,30,89,330,5.3
Concepcion,2026-08-03 09:00:00,8,1.5,30,89,310,3.8
Concepcion,2026-08-03 09:00:00,11,0.0,28,56,290,2.3
Concepcion,2026-08-03 09:00:00,14,0.0,24,56,320,2.0
Concepcion,2026-08-03 09:00:00,17,0.0,20,56,344,1.6
Concepcion,2026-08-03 09:00:00,20,0.0,20,56,285,1.9
Concepcion,2026-08-03 09:00:00,23,0.0,24,56,235,2.0
Concepcion,2026-08-03 09:00:00,26,0.0,26,56,255,2.6
Concepcion,2026-08-03 09:00:00,29,1.1,30,89,265,3.2
Concepcion,2026-08-03 09:00:00,32,1.4,30,89,230,2.8
Concepcion,2026-08-03 09:00:00,35,0.8,27,89,185,2.2
Concepcion,2026-08-03 09:00:00,38,0.8,24,89,170,1.6
Concepcion,2026-08-03 09:00:00,41,0.0,20,26,150,1.0
Concepcion,2026-08-03 09:00:00,44,0.0,20,26,334,1.2
Concepcion,2026-08-03 09:00:00,47,0.0,24,26,335,1.5
Concepcion,2026-08-03 09:00:00,50,0.0,28,26,335,3.0
Concepcion,2026-08-03 09:00:00,53,0.0,31,36,330,4.5
Concepcion,2026-08-03 09:00:00,56,0.0,31,37,329,3.2
Concepcion,2026-08-03 09:00:00,59,0.0,27,26,319,1.9
Concepcion,2026-08-03 09:00:00,62,0.0,23,26,310,1.9
Concepcion,2026-08-03 09:00:00,65,0.0,21,36,300,1.9
Concepcion,2026-08-03 09:00:00,68,0.0,21,36,329,2.3
Concepcion,2026-08-03 09:00:00,71,0.0,25,36,320,2.5
Concepcion,2026-08-03 09:00:00,74,0.0,28,36,325,4.3
Concepcion,2026-08-03 09:00:00,77,0.0,31,37,325,6.0
Concepcion,2026-08-03 09:00:00,80,0.0,31,36,330,4.1
Concepcion,2026-08-03 09:00:00,83,0.0,27,36,330,2.1
Concepcion,2026-08-03 09:00:00,86,0.0,20,36,325,2.3
Concepcion,2026-08-03 09:00:00,89,0.0,20,36,315,2.5
Cota Cota Baja,2026-08-03 09:00:00,2,0.0,8,26,195,2.8
Cota Cota Baja,2026-08-03 09:00:00,5,0.0,13,26,274,4.2
Cota Cota Baja,2026-08-03 09:00:00,8,0.0,13,26,324,3.9
Cota Cota Baja,2026-08-03 09:00:00,11,0.0,9,27,10,3.6
Cota Cota Baja,2026-08-03 09:00:00,14,0.0,5,26,50,2.3
Cota Cota Baja,2026-08-03 09:00:00,17,0.0,-6,25,85,0.9
Cota Cota Baja,2026-08-03 09:00:00,20,0.0,-6,26,76,1.3
Cota Cota Baja,2026-08-03 09:00:00,23,0.0,4,26,81,1.1
Cota Cota Baja,2026-08-03 09:00:00,26,0.0,8,26,4,3.2
Cota Cota Baja,2026-08-03 09:00:00,29,0.0,14,36,288,5.1
Cota Cota Baja,2026-08-03 09:00:00,32,0.0,14,36,340,4.6
Cota Cota Baja,2026-08-03 09:00:00,35,0.0,6,26,25,4.0
Cota Cota Baja,2026-08-03 09:00:00,38,0.0,0,27,38,2.8
Cota Cota Baja,2026-08-03 09:00:00,41,0.0,-5,25,50,1.7
Cota Cota Baja,2026-08-03 09:00:00,44,0.0,-5,25,68,1.1
Cota Cota Baja,2026-08-03 09:00:00,47,0.0,5,26,88,0.9
Cota Cota Baja,2026-08-03 09:00:00,50,0.0,9,25,210,2.7
Cota Cota Baja,2026-08-03 09:00:00,53,0.0,15,25,278,4.5
Cota Cota Baja,2026-08-03 09:00:00,56,0.0,15,25,334,4.2
Cota Cota Baja,2026-08-03 09:00:00,59,0.0,7,26,26,3.9
Cota Cota Baja,2026-08-03 09:00:00,62,0.0,0,27,37,2.6
Cota Cota Baja,2026-08-03 09:00:00,65,0.0,-5,26,43,1.2
Cota Cota Baja,2026-08-03 09:00:00,68,0.0,-5,25,62,1.1
Cota Cota Baja,2026-08-03 09:00:00,71,0.0,4,26,75,0.5
Cota Cota Baja,2026-08-03 09:00:00,74,0.0,8,27,360,2.3
Cota Cota Baja,2026-08-03 09:00:00,77,0.0,15,27,278,4.0
Cota Cota Baja,2026-08-03 09:00:00,80,0.0,15,26,330,3.7
Cota Cota Baja,2026-08-03 09:00:00,83,0.0,7,25,15,3.5
Cota Cota Baja,2026-08-03 09:00:00,86,0.0,-5,26,45,2.4
Cota Cota Baja,2026-08-03 09:00:00,89,0.0,-5,26,65,1.3
Cotagaita,2026-08-03 09:00:00,2,0.0,12,26,192,2.3
Cotagaita,2026-08-03 09:00:00,5,0.0,23,26,112,2.3
Cotagaita,2026-08-03 09:00:00,8,0.0,23,26,192,2.5
Cotagaita,2026-08-03 09:00:00,11,0.0,10,26,270,2.8
Cotagaita,2026-08-03 09:00:00,14,0.0,3,26,261,1.7
Cotagaita,2026-08-03 09:00:00,17,0.0,0,26,251,0.6
Cotagaita,2026-08-03 09:00:00,20,0.0,0,27,203,0.7
Cotagaita,2026-08-03 09:00:00,23,0.0,7,26,244,0.5
Cotagaita,2026-08-03 09:00:00,26,0.0,15,26,164,1.6
Cotagaita,2026-08-03 09:00:00,29,0.0,23,26,82,2.8
Cotagaita,2026-08-03 09:00:00,32,0.0,23,26,22,2.8
Cotagaita,2026-08-03 09:00:00,35,0.0,15,27,319,2.7
Cotagaita,2026-08-03 09:00:00,38,0.0,7,26,307,1.7
Cotagaita,2026-08-03 09:00:00,41,0.0,0,26,295,0.7
Cotagaita,2026-08-03 09:00:00,44,0.0,0,25,225,0.9
Cotagaita,2026-08-03 09:00:00,47,0.0,7,26,290,1.3
Cotagaita,2026-08-03 09:00:00,50,0.0,15,27,212,1.3
Cotagaita,2026-08-03 09:00:00,53,0.0,23,26,126,1.3
Cotagaita,2026-08-03 09:00:00,56,0.0,23,26,205,2.5
Cotagaita,2026-08-03 09:00:00,59,0.0,15,26,280,3.8
Cotagaita,2026-08-03 09:00:00,62,0.0,5,26,280,2.7
Cotagaita,2026-08-03 09:00:00,65,0.0,-1,26,277,1.6
Cotagaita,2026-08-03 09:00:00,68,0.0,-1,27,269,1.5
Cotagaita,2026-08-03 09:00:00,71,0.0,8,27,280,2.0
Cotagaita,2026-08-03 09:00:00,74,0.0,15,26,267,2.4
Cotagaita,2026-08-03 09:00:00,77,0.0,24,26,247,2.8
Cotagaita,2026-08-03 09:00:00,80,0.0,24,27,250,3.2
Cotagaita,2026-08-03 09:00:00,83,0.0,11,26,251,3.6
Cotagaita,2026-08-03 09:00:00,86,0.0,-1,26,261,3.6
Cotagaita,2026-08-03 09:00:00,89,0.0,-1,26,261,3.7
Covendo,2026-08-03 09:00:00,2,0.0,26,36,273,1.6
Covendo,2026-08-03 09:00:00,5,0.0,32,56,341,2.4
Covendo,2026-08-03 09:00:00,8,0.0,32,56,301,1.5
Covendo,2026-08-03 09:00:00,11,0.0,28,36,260,0.7
Covendo,2026-08-03 09:00:00,14,0.0,24,36,221,0.9
Covendo,2026-08-03 09:00:00,17,0.0,21,36,181,1.1
Covendo,2026-08-03 09:00:00,20,0.0,21,36,172,0.9
Covendo,2026-08-03 09:00:00,23,0.0,24,36,172,0.6
Covendo,2026-08-03 09:00:00,26,0.0,26,36,124,1.1
Covendo,2026-08-03 09:00:00,29,0.0,33,55,73,1.7
Covendo,2026-08-03 09:00:00,32,0.0,33,57,115,1.3
Covendo,2026-08-03 09:00:00,35,1.4,26,76,158,0.9
Covendo,2026-08-03 09:00:00,38,1.3,23,76,168,1.0
Covendo,2026-08-03 09:00:00,41,0.0,21,56,173,1.2
Covendo,2026-08-03 09:00:00,44,0.0,21,56,191,0.8
Covendo,2026-08-03 09:00:00,47,0.0,23,56,191,0.6
Covendo,2026-08-03 09:00:00,50,0.0,26,56,270,1.2
Covendo,2026-08-03 09:00:00,53,1.4,33,76,342,1.8
Covendo,2026-08-03 09:00:00,56,1.6,33,76,290,1.4
Covendo,2026-08-03 09:00:00,59,0.0,28,56,233,0.9
Covendo,2026-08-03 09:00:00,62,0.0,24,56,213,1.0
Covendo,2026-08-03 09:00:00,65,0.0,21,36,182,1.1
Covendo,2026-08-03 09:00:00,68,0.0,21,36,221,0.9
Covendo,2026-08-03 09:00:00,71,0.0,25,36,250,0.7
Covendo,2026-08-03 09:00:00,74,0.0,29,36,297,1.5
Covendo,2026-08-03 09:00:00,77,0.0,34,56,337,2.3
Covendo,2026-08-03 09:00:00,80,0.0,34,56,327,1.6
Covendo,2026-08-03 09:00:00,83,0.0,26,36,308,1.0
Covendo,2026-08-03 09:00:00,86,0.0,21,36,241,1.0
Covendo,2026-08-03 09:00:00,89,0.0,21,36,173,1.0
Cuatro Cañadas - Colonia Chihuahua,2026-08-03 09:00:00,2,0.0,27,56,330,5.3
Cuatro Cañadas - Colonia Chihuahua,2026-08-03 09:00:00,5,0.0,31,56,320,7.2
Cuatro Cañadas - Colonia Chihuahua,2026-08-03 09:00:00,8,0.0,31,56,330,5.3
Cuatro Cañadas - Colonia Chihuahua,2026-08-03 09:00:00,11,0.0,27,56,340,3.5
Cuatro Cañadas - Colonia Chihuahua,2026-08-03 09:00:00,14,0.0,24,56,340,3.0
Cuatro Cañadas - Colonia Chihuahua,2026-08-03 09:00:00,17,0.0,19,56,332,2.6
Cuatro Cañadas - Colonia Chihuahua,2026-08-03 09:00:00,20,0.0,19,56,312,2.7
Cuatro Cañadas - Colonia Chihuahua,2026-08-03 09:00:00,23,0.0,23,56,278,3.2
Cuatro Cañadas - Colonia Chihuahua,2026-08-03 09:00:00,26,0.0,27,56,278,2.8
Cuatro Cañadas - Colonia Chihuahua,2026-08-03 09:00:00,29,0.7,29,89,270,2.4
Cuatro Cañadas - Colonia Chihuahua,2026-08-03 09:00:00,32,0.7,29,89,216,2.4
Cuatro Cañadas - Colonia Chihuahua,2026-08-03 09:00:00,35,0.0,26,56,157,2.4
Cuatro Cañadas - Colonia Chihuahua,2026-08-03 09:00:00,38,0.0,23,56,151,2.2
Cuatro Cañadas - Colonia Chihuahua,2026-08-03 09:00:00,41,0.0,20,26,138,2.0
Cuatro Cañadas - Colonia Chihuahua,2026-08-03 09:00:00,44,0.0,20,26,340,2.0
Cuatro Cañadas - Colonia Chihuahua,2026-08-03 09:00:00,47,0.0,24,26,350,2.2
Cuatro Cañadas - Colonia Chihuahua,2026-08-03 09:00:00,50,0.0,27,26,338,4.6
Cuatro Cañadas - Colonia Chihuahua,2026-08-03 09:00:00,53,0.0,29,36,320,7.0
Cuatro Cañadas - Colonia Chihuahua,2026-08-03 09:00:00,56,0.0,29,36,330,5.4
Cuatro Cañadas - Colonia Chihuahua,2026-08-03 09:00:00,59,0.0,26,26,340,3.9
Cuatro Cañadas - Colonia Chihuahua,2026-08-03 09:00:00,62,0.0,24,26,340,3.3
Cuatro Cañadas - Colonia Chihuahua,2026-08-03 09:00:00,65,0.0,20,56,340,2.8
Cuatro Cañadas - Colonia Chihuahua,2026-08-03 09:00:00,68,0.0,20,57,320,3.3
Cuatro Cañadas - Colonia Chihuahua,2026-08-03 09:00:00,71,0.0,24,56,320,4.2
Cuatro Cañadas - Colonia Chihuahua,2026-08-03 09:00:00,74,0.0,27,57,328,6.3
Cuatro Cañadas - Colonia Chihuahua,2026-08-03 09:00:00,77,0.0,30,36,328,8.3
Cuatro Cañadas - Colonia Chihuahua,2026-08-03 09:00:00,80,0.0,30,37,340,6.4
Cuatro Cañadas - Colonia Chihuahua,2026-08-03 09:00:00,83,0.0,26,36,342,4.5
Cuatro Cañadas - Colonia Chihuahua,2026-08-03 09:00:00,86,0.0,20,36,340,4.9
Cuatro Cañadas - Colonia Chihuahua,2026-08-03 09:00:00,89,0.0,20,36,330,5.4
Cuatro Cañadas CEA-2,2026-08-03 09:00:00,2,0.0,27,56,330,5.4
Cuatro Cañadas CEA-2,2026-08-03 09:00:00,5,0.0,30,56,322,6.9
Cuatro Cañadas CEA-2,2026-08-03 09:00:00,8,0.0,30,56,332,5.0
Cuatro Cañadas CEA-2,2026-08-03 09:00:00,11,0.0,26,56,340,3.1
Cuatro Cañadas CEA-2,2026-08-03 09:00:00,14,0.0,22,56,330,2.9
Cuatro Cañadas CEA-2,2026-08-03 09:00:00,17,0.0,20,56,320,2.6
Cuatro Cañadas CEA-2,2026-08-03 09:00:00,20,0.0,20,56,269,2.1
Cuatro Cañadas CEA-2,2026-08-03 09:00:00,23,0.0,22,56,227,2.0
Cuatro Cañadas CEA-2,2026-08-03 09:00:00,26,0.0,25,56,242,2.7
Cuatro Cañadas CEA-2,2026-08-03 09:00:00,29,1.5,28,89,257,3.3
Cuatro Cañadas CEA-2,2026-08-03 09:00:00,32,1.0,28,90,203,2.4
Cuatro Cañadas CEA-2,2026-08-03 09:00:00,35,0.0,26,57,119,1.5
Cuatro Cañadas CEA-2,2026-08-03 09:00:00,38,0.0,23,57,131,1.7
Cuatro Cañadas CEA-2,2026-08-03 09:00:00,41,0.0,21,26,142,1.9
Cuatro Cañadas CEA-2,2026-08-03 09:00:00,44,0.0,21,27,330,2.6
Cuatro Cañadas CEA-2,2026-08-03 09:00:00,47,0.0,24,26,330,3.1
Cuatro Cañadas CEA-2,2026-08-03 09:00:00,50,0.0,26,26,330,4.7
Cuatro Cañadas CEA-2,2026-08-03 09:00:00,53,0.0,28,36,320,6.3
Cuatro Cañadas CEA-2,2026-08-03 09:00:00,56,0.0,28,36,330,4.8
Cuatro Cañadas CEA-2,2026-08-03 09:00:00,59,0.0,26,27,340,3.4
Cuatro Cañadas CEA-2,2026-08-03 09:00:00,62,0.0,23,26,340,3.2
Cuatro Cañadas CEA-2,2026-08-03 09:00:00,65,0.0,21,56,330,3.0
Cuatro Cañadas CEA-2,2026-08-03 09:00:00,68,0.0,21,56,330,3.3
Cuatro Cañadas CEA-2,2026-08-03 09:00:00,71,0.0,24,56,330,4.0
Cuatro Cañadas CEA-2,2026-08-03 09:00:00,74,0.0,26,56,330,5.8
Cuatro Cañadas CEA-2,2026-08-03 09:00:00,77,0.0,29,36,320,7.6
Cuatro Cañadas CEA-2,2026-08-03 09:00:00,80,0.0,29,35,330,6.6
Cuatro Cañadas CEA-2,2026-08-03 09:00:00,83,0.0,25,36,340,5.5
Cuatro Cañadas CEA-2,2026-08-03 09:00:00,86,0.0,21,36,340,5.6
Cuatro Cañadas CEA-2,2026-08-03 09:00:00,89,0.0,21,37,338,5.8
Desaguadero_M,2026-08-03 09:00:00,2,0.0,8,26,272,2.7
Desaguadero_M,2026-08-03 09:00:00,5,0.0,13,26,337,4.5
Desaguadero_M,2026-08-03 09:00:00,8,0.0,13,26,348,3.6
Desaguadero_M,2026-08-03 09:00:00,11,0.0,5,26,356,2.6
Desaguadero_M,2026-08-03 09:00:00,14,0.0,0,26,322,1.7
Desaguadero_M,2026-08-03 09:00:00,17,0.0,-7,26,201,0.8
Desaguadero_M,2026-08-03 09:00:00,20,0.0,-7,26,80,0.8
Desaguadero_M,2026-08-03 09:00:00,23,0.0,1,27,89,1.0
Desaguadero_M,2026-08-03 09:00:00,26,0.0,6,26,34,3.2
Desaguadero_M,2026-08-03 09:00:00,29,0.0,14,37,339,5.3
Desaguadero_M,2026-08-03 09:00:00,32,0.0,14,36,356,4.3
Desaguadero_M,2026-08-03 09:00:00,35,0.0,6,26,10,3.2
Desaguadero_M,2026-08-03 09:00:00,38,0.0,-1,26,32,2.5
Desaguadero_M,2026-08-03 09:00:00,41,0.0,-6,26,48,1.8
Desaguadero_M,2026-08-03 09:00:00,44,0.0,-6,26,60,1.4
Desaguadero_M,2026-08-03 09:00:00,47,0.0,3,26,69,1.4
Desaguadero_M,2026-08-03 09:00:00,50,0.0,8,26,23,2.8
Desaguadero_M,2026-08-03 09:00:00,53,0.0,14,27,334,4.3
Desaguadero_M,2026-08-03 09:00:00,56,0.0,14,26,346,3.5
Desaguadero_M,2026-08-03 09:00:00,59,0.0,6,26,356,2.6
Desaguadero_M,2026-08-03 09:00:00,62,0.0,0,27,2,1.8
Desaguadero_M,2026-08-03 09:00:00,65,0.0,-6,26,3,1.0
Desaguadero_M,2026-08-03 09:00:00,68,0.0,-6,27,53,1.0
Desaguadero_M,2026-08-03 09:00:00,71,0.0,4,26,52,0.7
Desaguadero_M,2026-08-03 09:00:00,74,0.0,9,26,17,2.6
Desaguadero_M,2026-08-03 09:00:00,77,0.0,15,26,337,4.5
Desaguadero_M,2026-08-03 09:00:00,80,0.0,15,26,345,3.6
Desaguadero_M,2026-08-03 09:00:00,83,0.0,7,26,345,2.7
Desaguadero_M,2026-08-03 09:00:00,86,0.0,-7,26,2,1.6
Desaguadero_M,2026-08-03 09:00:00,89,0.0,-7,26,154,0.6
El Alto,2026-08-03 09:00:00,2,0.0,8,26,155,1.5
El Alto,2026-08-03 09:00:00,5,0.0,14,26,155,2.2
El Alto,2026-08-03 09:00:00,8,0.0,14,26,96,2.1
El Alto,2026-08-03 09:00:00,11,0.0,8,26,30,2.1
El Alto,2026-08-03 09:00:00,14,0.0,2,26,310,1.2
El Alto,2026-08-03 09:00:00,17,0.0,-6,26,227,0.5
El Alto,2026-08-03 09:00:00,20,0.0,-6,26,39,0.7
El Alto,2026-08-03 09:00:00,23,0.0,4,26,76,0.8
El Alto,2026-08-03 09:00:00,26,0.0,8,26,111,2.0
El Alto,2026-08-03 09:00:00,29,0.0,15,36,138,3.1
El Alto,2026-08-03 09:00:00,32,0.0,15,36,97,2.8
El Alto,2026-08-03 09:00:00,35,0.0,6,27,48,2.4
El Alto,2026-08-03 09:00:00,38,0.0,1,26,62,1.7
El Alto,2026-08-03 09:00:00,41,0.0,-5,26,75,1.0
El Alto,2026-08-03 09:00:00,44,0.0,-5,26,70,0.6
El Alto,2026-08-03 09:00:00,47,0.0,4,26,2,0.3
El Alto,2026-08-03 09:00:00,50,0.0,8,26,78,1.6
El Alto,2026-08-03 09:00:00,53,0.0,16,26,152,3.0
El Alto,2026-08-03 09:00:00,56,0.0,16,26,111,2.7
El Alto,2026-08-03 09:00:00,59,0.0,7,25,65,2.3
El Alto,2026-08-03 09:00:00,62,0.0,1,26,98,1.6
El Alto,2026-08-03 09:00:00,65,0.0,-5,26,124,1.0
El Alto,2026-08-03 09:00:00,68,0.0,-5,26,37,1.0
El Alto,2026-08-03 09:00:00,71,0.0,2,26,318,0.9
El Alto,2026-08-03 09:00:00,74,0.0,9,25,270,1.5
El Alto,2026-08-03 09:00:00,77,0.0,16,26,162,2.2
El Alto,2026-08-03 09:00:00,80,0.0,16,26,123,1.6
El Alto,2026-08-03 09:00:00,83,0.0,7,26,80,1.0
El Alto,2026-08-03 09:00:00,86,0.0,-5,26,20,0.9
El Alto,2026-08-03 09:00:00,89,0.0,-5,26,316,0.8
El Puente,2026-08-03 09:00:00,2,0.0,27,56,334,2.4
El Puente,2026-08-03 09:00:00,5,0.0,32,56,310,3.5
El Puente,2026-08-03 09:00:00,8,0.0,32,56,340,2.7
El Puente,2026-08-03 09:00:00,11,0.0,27,56,9,1.8
El Puente,2026-08-03 09:00:00,14,0.0,23,56,19,1.8
El Puente,2026-08-03 09:00:00,17,0.0,20,56,22,1.7
El Puente,2026-08-03 09:00:00,20,0.0,20,56,79,1.6
El Puente,2026-08-03 09:00:00,23,0.0,24,56,146,1.4
El Puente,2026-08-03 09:00:00,26,0.0,27,56,160,1.9
El Puente,2026-08-03 09:00:00,29,0.8,30,89,170,2.3
El Puente,2026-08-03 09:00:00,32,1.3,30,89,180,1.8
El Puente,2026-08-03 09:00:00,35,0.0,27,56,185,1.2
El Puente,2026-08-03 09:00:00,38,0.0,24,56,150,1.5
El Puente,2026-08-03 09:00:00,41,0.0,21,27,112,1.9
El Puente,2026-08-03 09:00:00,44,0.0,21,26,354,1.3
El Puente,2026-08-03 09:00:00,47,0.0,25,26,359,1.5
El Puente,2026-08-03 09:00:00,50,0.0,28,26,349,2.5
El Puente,2026-08-03 09:00:00,53,0.0,30,36,330,3.5
El Puente,2026-08-03 09:00:00,56,0.0,30,36,336,2.5
El Puente,2026-08-03 09:00:00,59,0.0,27,26,336,1.6
El Puente,2026-08-03 09:00:00,62,0.0,24,26,352,1.5
El Puente,2026-08-03 09:00:00,65,0.0,21,56,2,1.4
El Puente,2026-08-03 09:00:00,68,0.0,21,57,350,1.7
El Puente,2026-08-03 09:00:00,71,0.0,25,55,339,1.8
El Puente,2026-08-03 09:00:00,74,0.0,28,56,330,3.1
El Puente,2026-08-03 09:00:00,77,0.0,31,36,320,4.4
El Puente,2026-08-03 09:00:00,80,0.0,31,36,330,3.4
El Puente,2026-08-03 09:00:00,83,0.0,26,36,330,2.4
El Puente,2026-08-03 09:00:00,86,0.0,21,36,339,2.4
El Puente,2026-08-03 09:00:00,89,0.0,21,36,339,2.4
El Villar,2026-08-03 09:00:00,2,0.0,21,36,355,2.5
El Villar,2026-08-03 09:00:00,5,0.0,28,56,88,3.1
El Villar,2026-08-03 09:00:00,8,0.0,28,56,167,2.6
El Villar,2026-08-03 09:00:00,11,0.0,22,36,239,2.0
El Villar,2026-08-03 09:00:00,14,0.0,17,36,197,1.9
El Villar,2026-08-03 09:00:00,17,0.0,11,36,145,1.8
El Villar,2026-08-03 09:00:00,20,0.0,11,36,172,1.2
El Villar,2026-08-03 09:00:00,23,0.0,16,36,141,1.3
El Villar,2026-08-03 09:00:00,26,0.0,22,36,109,2.0
El Villar,2026-08-03 09:00:00,29,0.0,27,56,72,2.7
El Villar,2026-08-03 09:00:00,32,0.0,27,57,69,1.8
El Villar,2026-08-03 09:00:00,35,0.0,21,56,65,0.9
El Villar,2026-08-03 09:00:00,38,0.0,15,56,22,0.9
El Villar,2026-08-03 09:00:00,41,0.0,10,26,337,1.0
El Villar,2026-08-03 09:00:00,44,0.0,10,26,283,1.5
El Villar,2026-08-03 09:00:00,47,0.0,14,26,290,1.5
El Villar,2026-08-03 09:00:00,50,0.0,20,25,357,2.3
El Villar,2026-08-03 09:00:00,53,0.0,28,26,65,3.1
El Villar,2026-08-03 09:00:00,56,0.0,28,26,30,2.3
El Villar,2026-08-03 09:00:00,59,0.0,21,26,255,1.4
El Villar,2026-08-03 09:00:00,62,0.0,15,27,265,1.7
El Villar,2026-08-03 09:00:00,65,0.0,10,26,273,2.1
El Villar,2026-08-03 09:00:00,68,0.0,10,26,290,1.9
El Villar,2026-08-03 09:00:00,71,0.0,14,26,292,2.0
El Villar,2026-08-03 09:00:00,74,0.0,21,26,347,2.4
El Villar,2026-08-03 09:00:00,77,0.0,29,26,35,2.9
El Villar,2026-08-03 09:00:00,80,0.0,29,26,342,2.6
El Villar,2026-08-03 09:00:00,83,0.0,17,36,285,2.4
El Villar,2026-08-03 09:00:00,86,0.0,10,36,285,3.0
El Villar,2026-08-03 09:00:00,89,0.0,10,26,282,3.5
Filadelfia - PD,2026-08-03 09:00:00,2,0.0,29,57,320,1.5
Filadelfia - PD,2026-08-03 09:00:00,5,0.0,33,36,330,2.1
Filadelfia - PD,2026-08-03 09:00:00,8,0.0,33,36,300,1.4
Filadelfia - PD,2026-08-03 09:00:00,11,0.0,27,36,261,0.7
Filadelfia - PD,2026-08-03 09:00:00,14,0.0,23,36,291,0.9
Filadelfia - PD,2026-08-03 09:00:00,17,0.0,19,36,320,1.2
Filadelfia - PD,2026-08-03 09:00:00,20,0.0,19,56,321,1.0
Filadelfia - PD,2026-08-03 09:00:00,23,0.0,23,57,310,0.8
Filadelfia - PD,2026-08-03 09:00:00,26,0.0,28,56,320,1.0
Filadelfia - PD,2026-08-03 09:00:00,29,0.0,34,57,320,1.2
Filadelfia - PD,2026-08-03 09:00:00,32,0.0,34,56,349,1.3
Filadelfia - PD,2026-08-03 09:00:00,35,0.0,28,56,9,1.3
Filadelfia - PD,2026-08-03 09:00:00,38,0.0,24,56,338,1.0
Filadelfia - PD,2026-08-03 09:00:00,41,0.0,19,26,300,0.8
Filadelfia - PD,2026-08-03 09:00:00,44,0.0,19,26,301,0.8
Filadelfia - PD,2026-08-03 09:00:00,47,0.0,25,27,330,0.6
Filadelfia - PD,2026-08-03 09:00:00,50,0.0,29,27,331,1.0
Filadelfia - PD,2026-08-03 09:00:00,53,0.0,34,36,330,1.4
Filadelfia - PD,2026-08-03 09:00:00,56,0.0,34,36,310,0.9
Filadelfia - PD,2026-08-03 09:00:00,59,0.0,27,36,282,0.3
Filadelfia - PD,2026-08-03 09:00:00,62,0.0,23,36,272,0.6
Filadelfia - PD,2026-08-03 09:00:00,65,0.0,20,26,260,0.9
Filadelfia - PD,2026-08-03 09:00:00,68,0.0,20,27,292,0.9
Filadelfia - PD,2026-08-03 09:00:00,71,0.0,24,26,282,0.8
Filadelfia - PD,2026-08-03 09:00:00,74,0.0,30,26,302,1.5
Filadelfia - PD,2026-08-03 09:00:00,77,0.0,35,36,320,2.3
Filadelfia - PD,2026-08-03 09:00:00,80,0.0,35,36,320,1.8
Filadelfia - PD,2026-08-03 09:00:00,83,0.0,29,27,318,1.2
Filadelfia - PD,2026-08-03 09:00:00,86,0.0,20,26,310,1.3
Filadelfia - PD,2026-08-03 09:00:00,89,0.0,20,26,300,1.4
Guayaramerin,2026-08-03 09:00:00,2,0.0,30,37,336,1.3
Guayaramerin,2026-08-03 09:00:00,5,0.0,33,35,318,1.8
Guayaramerin,2026-08-03 09:00:00,8,0.0,33,36,280,1.3
Guayaramerin,2026-08-03 09:00:00,11,0.0,30,25,238,0.8
Guayaramerin,2026-08-03 09:00:00,14,0.0,27,25,278,0.8
Guayaramerin,2026-08-03 09:00:00,17,0.0,23,36,316,0.7
Guayaramerin,2026-08-03 09:00:00,20,0.0,23,57,21,1.2
Guayaramerin,2026-08-03 09:00:00,23,0.0,25,57,10,1.1
Guayaramerin,2026-08-03 09:00:00,26,0.0,29,55,351,1.2
Guayaramerin,2026-08-03 09:00:00,29,0.0,34,56,323,1.3
Guayaramerin,2026-08-03 09:00:00,32,0.0,34,56,360,1.0
Guayaramerin,2026-08-03 09:00:00,35,0.0,29,56,34,0.8
Guayaramerin,2026-08-03 09:00:00,38,0.0,26,56,37,1.0
Guayaramerin,2026-08-03 09:00:00,41,0.5,24,89,32,1.1
Guayaramerin,2026-08-03 09:00:00,44,0.6,24,89,7,0.5
Guayaramerin,2026-08-03 09:00:00,47,1.1,26,89,3,0.3
Guayaramerin,2026-08-03 09:00:00,50,0.5,30,89,1,0.8
Guayaramerin,2026-08-03 09:00:00,53,0.0,34,37,358,1.3
Guayaramerin,2026-08-03 09:00:00,56,0.0,33,36,311,1.1
Guayaramerin,2026-08-03 09:00:00,59,0.0,30,36,255,1.0
Guayaramerin,2026-08-03 09:00:00,62,0.0,26,36,287,0.8
Guayaramerin,2026-08-03 09:00:00,65,0.0,24,26,312,0.5
Guayaramerin,2026-08-03 09:00:00,68,0.0,24,26,347,0.9
Guayaramerin,2026-08-03 09:00:00,71,0.0,27,26,317,0.8
Guayaramerin,2026-08-03 09:00:00,74,0.0,30,27,325,1.3
Guayaramerin,2026-08-03 09:00:00,77,0.0,34,35,331,1.8
Guayaramerin,2026-08-03 09:00:00,80,0.0,33,36,352,1.6
Guayaramerin,2026-08-03 09:00:00,83,0.0,28,27,12,1.4
Guayaramerin,2026-08-03 09:00:00,86,0.0,24,27,355,1.4
Guayaramerin,2026-08-03 09:00:00,89,0.0,24,27,337,1.4
Guayaramerin_M (GPRS),2026-08-03 09:00:00,2,0.0,30,36,339,1.3
Guayaramerin_M (GPRS),2026-08-03 09:00:00,5,0.0,32,36,321,2.0
Guayaramerin_M (GPRS),2026-08-03 09:00:00,8,0.0,32,37,311,1.5
Guayaramerin_M (GPRS),2026-08-03 09:00:00,11,0.0,29,26,300,0.9
Guayaramerin_M (GPRS),2026-08-03 09:00:00,14,0.0,26,26,320,0.9
Guayaramerin_M (GPRS),2026-08-03 09:00:00,17,0.0,23,36,330,1.0
Guayaramerin_M (GPRS),2026-08-03 09:00:00,20,0.0,23,56,1,1.2
Guayaramerin_M (GPRS),2026-08-03 09:00:00,23,0.0,25,56,360,1.3
Guayaramerin_M (GPRS),2026-08-03 09:00:00,26,0.0,29,56,341,1.4
Guayaramerin_M (GPRS),2026-08-03 09:00:00,29,0.0,32,55,321,1.4
Guayaramerin_M (GPRS),2026-08-03 09:00:00,32,0.0,32,55,333,1.2
Guayaramerin_M (GPRS),2026-08-03 09:00:00,35,0.0,29,55,334,1.0
Guayaramerin_M (GPRS),2026-08-03 09:00:00,38,0.0,26,56,3,1.0
Guayaramerin_M (GPRS),2026-08-03 09:00:00,41,0.8,24,89,20,1.0
Guayaramerin_M (GPRS),2026-08-03 09:00:00,44,0.8,24,88,350,0.8
Guayaramerin_M (GPRS),2026-08-03 09:00:00,47,0.6,26,89,339,0.5
Guayaramerin_M (GPRS),2026-08-03 09:00:00,50,1.9,29,89,349,0.9
Guayaramerin_M (GPRS),2026-08-03 09:00:00,53,0.0,33,36,348,1.2
Guayaramerin_M (GPRS),2026-08-03 09:00:00,56,0.0,33,37,319,1.0
Guayaramerin_M (GPRS),2026-08-03 09:00:00,59,0.0,29,37,279,0.8
Guayaramerin_M (GPRS),2026-08-03 09:00:00,62,0.0,26,35,299,0.8
Guayaramerin_M (GPRS),2026-08-03 09:00:00,65,0.0,24,25,309,0.7
Guayaramerin_M (GPRS),2026-08-03 09:00:00,68,0.0,24,25,330,1.0
Guayaramerin_M (GPRS),2026-08-03 09:00:00,71,0.0,27,26,310,0.9
Guayaramerin_M (GPRS),2026-08-03 09:00:00,74,0.0,30,26,311,1.3
Guayaramerin_M (GPRS),2026-08-03 09:00:00,77,0.0,32,36,311,1.7
Guayaramerin_M (GPRS),2026-08-03 09:00:00,80,0.0,33,37,330,1.4
Guayaramerin_M (GPRS),2026-08-03 09:00:00,83,0.0,29,27,348,1.0
Guayaramerin_M (GPRS),2026-08-03 09:00:00,86,0.0,24,26,339,1.1
Guayaramerin_M (GPRS),2026-08-03 09:00:00,89,0.0,24,27,321,1.3
Incapampa,2026-08-03 09:00:00,2,0.0,22,36,282,2.3
Incapampa,2026-08-03 09:00:00,5,0.0,27,56,17,3.1
Incapampa,2026-08-03 09:00:00,8,0.0,27,56,305,2.2
Incapampa,2026-08-03 09:00:00,11,0.0,21,36,229,1.3
Incapampa,2026-08-03 09:00:00,14,0.0,18,36,221,1.7
Incapampa,2026-08-03 09:00:00,17,0.0,16,36,205,2.1
Incapampa,2026-08-03 09:00:00,20,0.0,16,37,204,1.4
Incapampa,2026-08-03 09:00:00,23,0.0,18,37,207,1.3
Incapampa,2026-08-03 09:00:00,26,0.0,22,36,201,2.2
Incapampa,2026-08-03 09:00:00,29,0.0,28,56,28,2.9
Incapampa,2026-08-03 09:00:00,32,0.0,28,56,311,1.9
Incapampa,2026-08-03 09:00:00,35,1.8,23,76,234,0.9
Incapampa,2026-08-03 09:00:00,38,1.8,20,76,220,1.2
Incapampa,2026-08-03 09:00:00,41,0.0,16,56,204,1.5
Incapampa,2026-08-03 09:00:00,44,0.0,16,56,205,1.4
Incapampa,2026-08-03 09:00:00,47,0.0,18,56,205,1.2
Incapampa,2026-08-03 09:00:00,50,0.0,22,56,287,1.8
Incapampa,2026-08-03 09:00:00,53,1.3,28,75,360,2.4
Incapampa,2026-08-03 09:00:00,56,0.7,28,77,305,1.7
Incapampa,2026-08-03 09:00:00,59,0.0,23,57,249,1.0
Incapampa,2026-08-03 09:00:00,62,0.0,20,56,231,1.2
Incapampa,2026-08-03 09:00:00,65,0.0,16,36,205,1.4
Incapampa,2026-08-03 09:00:00,68,0.0,16,36,214,1.1
Incapampa,2026-08-03 09:00:00,71,0.0,20,36,207,0.9
Incapampa,2026-08-03 09:00:00,74,0.0,25,36,277,1.9
Incapampa,2026-08-03 09:00:00,77,0.0,29,56,20,3.0
Incapampa,2026-08-03 09:00:00,80,0.0,29,56,314,2.0
Incapampa,2026-08-03 09:00:00,83,0.0,20,36,243,1.0
Incapampa,2026-08-03 09:00:00,86,0.0,16,36,226,1.3
Incapampa,2026-08-03 09:00:00,89,0.0,16,36,204,1.6
Ixiamas,2026-08-03 09:00:00,2,0.0,23,57,297,2.0
Ixiamas,2026-08-03 09:00:00,5,0.0,25,56,320,3.0
Ixiamas,2026-08-03 09:00:00,8,0.0,25,55,289,2.0
Ixiamas,2026-08-03 09:00:00,11,0.0,23,35,258,1.1
Ixiamas,2026-08-03 09:00:00,14,0.0,21,36,266,1.1
Ixiamas,2026-08-03 09:00:00,17,0.0,19,26,266,1.2
Ixiamas,2026-08-03 09:00:00,20,1.8,19,89,267,1.1
Ixiamas,2026-08-03 09:00:00,23,0.9,21,89,267,1.0
Ixiamas,2026-08-03 09:00:00,26,1.8,24,90,300,1.9
Ixiamas,2026-08-03 09:00:00,29,1.8,26,89,330,2.8
Ixiamas,2026-08-03 09:00:00,32,1.2,26,90,297,2.0
Ixiamas,2026-08-03 09:00:00,35,0.0,23,56,265,1.1
Ixiamas,2026-08-03 09:00:00,38,0.0,21,56,229,1.1
Ixiamas,2026-08-03 09:00:00,41,0.0,19,37,192,1.2
Ixiamas,2026-08-03 09:00:00,44,0.0,19,35,239,0.9
Ixiamas,2026-08-03 09:00:00,47,0.0,21,36,229,0.8
Ixiamas,2026-08-03 09:00:00,50,0.0,23,36,279,1.9
Ixiamas,2026-08-03 09:00:00,53,1.4,25,76,322,3.1
Ixiamas,2026-08-03 09:00:00,56,1.6,25,76,289,2.2
Ixiamas,2026-08-03 09:00:00,59,0.0,23,36,256,1.2
Ixiamas,2026-08-03 09:00:00,62,0.0,21,37,256,1.2
Ixiamas,2026-08-03 09:00:00,65,0.0,20,25,246,1.3
Ixiamas,2026-08-03 09:00:00,68,0.0,20,26,249,1.0
Ixiamas,2026-08-03 09:00:00,71,0.0,22,27,256,0.8
Ixiamas,2026-08-03 09:00:00,74,0.0,24,26,289,2.3
Ixiamas,2026-08-03 09:00:00,77,0.0,26,35,322,3.7
Ixiamas,2026-08-03 09:00:00,80,0.0,26,37,292,2.6
Ixiamas,2026-08-03 09:00:00,83,0.0,23,26,259,1.5
Ixiamas,2026-08-03 09:00:00,86,0.0,20,27,268,1.5
Ixiamas,2026-08-03 09:00:00,89,0.0,20,27,268,1.5
Jesús de Machaca,2026-08-03 09:00:00,2,0.0,8,26,245,1.7
Jesús de Machaca,2026-08-03 09:00:00,5,0.0,15,26,313,2.5
Jesús de Machaca,2026-08-03 09:00:00,8,0.0,15,26,355,2.4
Jesús de Machaca,2026-08-03 09:00:00,11,0.0,5,26,29,2.2
Jesús de Machaca,2026-08-03 09:00:00,14,0.0,2,26,338,1.4
Jesús de Machaca,2026-08-03 09:00:00,17,0.0,-12,26,287,0.6
Jesús de Machaca,2026-08-03 09:00:00,20,0.0,-12,26,30,0.6
Jesús de Machaca,2026-08-03 09:00:00,23,0.0,2,26,41,0.7
Jesús de Machaca,2026-08-03 09:00:00,26,0.0,8,26,6,2.5
Jesús de Machaca,2026-08-03 09:00:00,29,0.0,16,36,328,4.4
Jesús de Machaca,2026-08-03 09:00:00,32,0.0,16,36,348,3.6
Jesús de Machaca,2026-08-03 09:00:00,35,0.0,5,26,3,2.8
Jesús de Machaca,2026-08-03 09:00:00,38,0.0,-4,26,18,2.2
Jesús de Machaca,2026-08-03 09:00:00,41,0.0,-11,26,24,1.5
Jesús de Machaca,2026-08-03 09:00:00,44,0.0,-11,26,10,1.2
Jesús de Machaca,2026-08-03 09:00:00,47,0.0,3,27,18,1.2
Jesús de Machaca,2026-08-03 09:00:00,50,0.0,9,26,340,1.8
Jesús de Machaca,2026-08-03 09:00:00,53,0.0,17,26,292,2.4
Jesús de Machaca,2026-08-03 09:00:00,56,0.0,17,26,338,2.1
Jesús de Machaca,2026-08-03 09:00:00,59,0.0,6,26,20,1.9
Jesús de Machaca,2026-08-03 09:00:00,62,0.0,-4,26,348,1.4
Jesús de Machaca,2026-08-03 09:00:00,65,0.0,-11,26,315,0.9
Jesús de Machaca,2026-08-03 09:00:00,68,0.0,-11,26,352,1.1
Jesús de Machaca,2026-08-03 09:00:00,71,0.0,4,26,327,0.8
Jesús de Machaca,2026-08-03 09:00:00,74,0.0,9,26,323,1.7
Jesús de Machaca,2026-08-03 09:00:00,77,0.0,17,25,309,2.6
Jesús de Machaca,2026-08-03 09:00:00,80,0.0,17,26,333,2.4
Jesús de Machaca,2026-08-03 09:00:00,83,0.0,6,26,353,2.2
Jesús de Machaca,2026-08-03 09:00:00,86,0.0,-11,26,295,1.6
Jesús de Machaca,2026-08-03 09:00:00,89,0.0,-11,26,227,1.1
Kocani,2026-08-03 09:00:00,2,0.0,5,26,270,2.6
Kocani,2026-08-03 09:00:00,5,0.0,12,26,274,4.7
Kocani,2026-08-03 09:00:00,8,0.0,12,26,324,3.5
Kocani,2026-08-03 09:00:00,11,0.0,2,27,4,2.3
Kocani,2026-08-03 09:00:00,14,0.0,-3,26,42,1.5
Kocani,2026-08-03 09:00:00,17,0.0,-6,26,75,0.7
Kocani,2026-08-03 09:00:00,20,0.0,-6,26,107,0.5
Kocani,2026-08-03 09:00:00,23,0.0,0,26,43,0.5
Kocani,2026-08-03 09:00:00,26,0.0,5,26,348,2.6
Kocani,2026-08-03 09:00:00,29,0.0,12,26,285,4.7
Kocani,2026-08-03 09:00:00,32,0.0,12,26,305,3.2
Kocani,2026-08-03 09:00:00,35,0.0,3,26,322,1.7
Kocani,2026-08-03 09:00:00,38,0.0,-5,26,281,1.5
Kocani,2026-08-03 09:00:00,41,0.0,-8,27,240,1.4
Kocani,2026-08-03 09:00:00,44,0.0,-8,26,310,0.7
Kocani,2026-08-03 09:00:00,47,0.0,1,27,4,0.8
Kocani,2026-08-03 09:00:00,50,0.0,6,26,324,3.2
Kocani,2026-08-03 09:00:00,53,0.0,13,26,281,5.6
Kocani,2026-08-03 09:00:00,56,0.0,13,26,320,3.6
Kocani,2026-08-03 09:00:00,59,0.0,3,26,355,1.5
Kocani,2026-08-03 09:00:00,62,0.0,-4,26,290,1.4
Kocani,2026-08-03 09:00:00,65,0.0,-7,26,220,1.3
Kocani,2026-08-03 09:00:00,68,0.0,-7,27,334,1.4
Kocani,2026-08-03 09:00:00,71,0.0,1,27,334,1.7
Kocani,2026-08-03 09:00:00,74,0.0,6,26,314,3.7
Kocani,2026-08-03 09:00:00,77,0.0,13,26,294,5.8
Kocani,2026-08-03 09:00:00,80,0.0,13,26,324,3.8
Kocani,2026-08-03 09:00:00,83,0.0,3,27,348,1.7
Kocani,2026-08-03 09:00:00,86,0.0,-7,26,277,1.6
Kocani,2026-08-03 09:00:00,89,0.0,-7,26,205,1.4
La Paz - Centro,2026-08-03 09:00:00,2,0.0,13,26,346,2.2
La Paz - Centro,2026-08-03 09:00:00,5,0.0,20,26,64,3.6
La Paz - Centro,2026-08-03 09:00:00,8,0.0,20,26,55,3.1
La Paz - Centro,2026-08-03 09:00:00,11,0.0,16,26,38,2.6
La Paz - Centro,2026-08-03 09:00:00,14,0.0,10,26,345,1.6
La Paz - Centro,2026-08-03 09:00:00,17,0.0,3,26,235,0.6
La Paz - Centro,2026-08-03 09:00:00,20,0.0,3,26,86,0.6
La Paz - Centro,2026-08-03 09:00:00,23,0.0,8,26,74,0.5
La Paz - Centro,2026-08-03 09:00:00,26,0.0,12,26,70,2.4
La Paz - Centro,2026-08-03 09:00:00,29,0.0,21,36,60,4.2
La Paz - Centro,2026-08-03 09:00:00,32,0.0,21,36,47,3.5
La Paz - Centro,2026-08-03 09:00:00,35,0.0,13,36,32,2.8
La Paz - Centro,2026-08-03 09:00:00,38,0.0,8,36,47,1.8
La Paz - Centro,2026-08-03 09:00:00,41,0.0,4,26,52,0.7
La Paz - Centro,2026-08-03 09:00:00,44,0.0,4,26,21,0.7
La Paz - Centro,2026-08-03 09:00:00,47,0.0,8,26,5,0.4
La Paz - Centro,2026-08-03 09:00:00,50,0.0,12,26,37,2.2
La Paz - Centro,2026-08-03 09:00:00,53,0.0,21,26,65,3.9
La Paz - Centro,2026-08-03 09:00:00,56,0.0,21,26,52,3.3
La Paz - Centro,2026-08-03 09:00:00,59,0.0,13,26,35,2.6
La Paz - Centro,2026-08-03 09:00:00,62,0.0,7,26,102,1.8
La Paz - Centro,2026-08-03 09:00:00,65,0.0,3,26,202,0.9
La Paz - Centro,2026-08-03 09:00:00,68,0.0,3,26,355,0.6
La Paz - Centro,2026-08-03 09:00:00,71,0.0,8,26,292,0.7
La Paz - Centro,2026-08-03 09:00:00,74,0.0,13,27,358,2.1
La Paz - Centro,2026-08-03 09:00:00,77,0.0,22,26,64,3.6
La Paz - Centro,2026-08-03 09:00:00,80,0.0,22,26,49,3.1
La Paz - Centro,2026-08-03 09:00:00,83,0.0,11,26,32,2.6
La Paz - Centro,2026-08-03 09:00:00,86,0.0,3,27,340,1.6
La Paz - Centro,2026-08-03 09:00:00,89,0.0,3,26,246,0.5
Laguna Colorada (GPRS),2026-08-03 09:00:00,2,0.0,1,26,215,3.9
Laguna Colorada (GPRS),2026-08-03 09:00:00,5,0.0,9,26,240,6.1
Laguna Colorada (GPRS),2026-08-03 09:00:00,8,0.0,9,26,233,4.1
Laguna Colorada (GPRS),2026-08-03 09:00:00,11,0.0,4,26,226,2.0
Laguna Colorada (GPRS),2026-08-03 09:00:00,14,0.0,-4,26,225,1.9
Laguna Colorada (GPRS),2026-08-03 09:00:00,17,0.0,-13,26,218,1.7
Laguna Colorada (GPRS),2026-08-03 09:00:00,20,0.0,-13,26,218,1.7
Laguna Colorada (GPRS),2026-08-03 09:00:00,23,0.0,-2,26,218,1.7
Laguna Colorada (GPRS),2026-08-03 09:00:00,26,0.0,2,26,235,3.9
Laguna Colorada (GPRS),2026-08-03 09:00:00,29,0.0,9,26,249,6.1
Laguna Colorada (GPRS),2026-08-03 09:00:00,32,0.0,9,26,242,4.4
Laguna Colorada (GPRS),2026-08-03 09:00:00,35,0.0,0,26,235,2.6
Laguna Colorada (GPRS),2026-08-03 09:00:00,38,0.0,-6,26,238,1.9
Laguna Colorada (GPRS),2026-08-03 09:00:00,41,0.0,-15,26,238,1.1
Laguna Colorada (GPRS),2026-08-03 09:00:00,44,0.0,-15,26,228,1.5
Laguna Colorada (GPRS),2026-08-03 09:00:00,47,0.0,-2,26,228,1.5
Laguna Colorada (GPRS),2026-08-03 09:00:00,50,0.0,2,26,245,4.0
Laguna Colorada (GPRS),2026-08-03 09:00:00,53,0.0,10,26,259,6.5
Laguna Colorada (GPRS),2026-08-03 09:00:00,56,0.0,10,26,243,4.4
Laguna Colorada (GPRS),2026-08-03 09:00:00,59,0.0,-1,26,225,2.2
Laguna Colorada (GPRS),2026-08-03 09:00:00,62,0.0,-7,26,280,2.0
Laguna Colorada (GPRS),2026-08-03 09:00:00,65,0.0,-14,26,332,1.6
Laguna Colorada (GPRS),2026-08-03 09:00:00,68,0.0,-14,26,218,1.5
Laguna Colorada (GPRS),2026-08-03 09:00:00,71,0.0,-2,26,218,1.4
Laguna Colorada (GPRS),2026-08-03 09:00:00,74,0.0,3,26,243,3.9
Laguna Colorada (GPRS),2026-08-03 09:00:00,77,0.0,10,26,259,6.3
Laguna Colorada (GPRS),2026-08-03 09:00:00,80,0.0,10,26,250,4.6
Laguna Colorada (GPRS),2026-08-03 09:00:00,83,0.0,-2,26,240,2.9
Laguna Colorada (GPRS),2026-08-03 09:00:00,86,0.0,-14,26,243,2.6
Laguna Colorada (GPRS),2026-08-03 09:00:00,89,0.0,-14,25,236,2.4
Magdalena,2026-08-03 09:00:00,2,0.0,29,56,320,3.0
Magdalena,2026-08-03 09:00:00,5,0.0,33,56,306,3.8
Magdalena,2026-08-03 09:00:00,8,0.0,33,56,330,3.2
Magdalena,2026-08-03 09:00:00,11,0.0,29,36,350,2.6
Magdalena,2026-08-03 09:00:00,14,0.0,25,36,356,2.6
Magdalena,2026-08-03 09:00:00,17,0.0,21,56,360,2.7
Magdalena,2026-08-03 09:00:00,20,1.6,21,89,350,2.5
Magdalena,2026-08-03 09:00:00,23,1.4,25,89,350,2.3
Magdalena,2026-08-03 09:00:00,26,1.6,28,90,310,2.6
Magdalena,2026-08-03 09:00:00,29,0.0,32,56,267,2.9
Magdalena,2026-08-03 09:00:00,32,0.0,32,57,347,2.9
Magdalena,2026-08-03 09:00:00,35,0.0,28,36,64,3.0
Magdalena,2026-08-03 09:00:00,38,0.0,25,36,74,2.5
Magdalena,2026-08-03 09:00:00,41,0.0,22,26,82,2.0
Magdalena,2026-08-03 09:00:00,44,0.0,22,26,347,1.9
Magdalena,2026-08-03 09:00:00,47,0.0,27,26,336,1.9
Magdalena,2026-08-03 09:00:00,50,0.0,31,26,311,2.5
Magdalena,2026-08-03 09:00:00,53,0.0,35,36,281,3.1
Magdalena,2026-08-03 09:00:00,56,0.0,35,36,308,2.2
Magdalena,2026-08-03 09:00:00,59,0.0,30,26,326,1.3
Magdalena,2026-08-03 09:00:00,62,0.0,26,27,313,2.0
Magdalena,2026-08-03 09:00:00,65,0.0,23,26,296,2.6
Magdalena,2026-08-03 09:00:00,68,0.0,23,27,330,2.8
Magdalena,2026-08-03 09:00:00,71,0.0,27,26,320,2.9
Magdalena,2026-08-03 09:00:00,74,0.0,32,26,310,3.6
Magdalena,2026-08-03 09:00:00,77,0.0,35,36,296,4.3
Magdalena,2026-08-03 09:00:00,80,0.0,35,36,330,3.5
Magdalena,2026-08-03 09:00:00,83,0.0,31,27,357,2.6
Magdalena,2026-08-03 09:00:00,86,0.0,23,26,354,3.2
Magdalena,2026-08-03 09:00:00,89,0.0,23,27,344,3.7
Mecapaca,2026-08-03 09:00:00,2,0.0,18,26,195,1.7
Mecapaca,2026-08-03 09:00:00,5,0.0,23,26,113,2.0
Mecapaca,2026-08-03 09:00:00,8,0.0,23,26,88,2.2
Mecapaca,2026-08-03 09:00:00,11,0.0,17,26,58,2.3
Mecapaca,2026-08-03 09:00:00,14,0.0,11,26,98,1.4
Mecapaca,2026-08-03 09:00:00,17,0.0,5,26,225,0.5
Mecapaca,2026-08-03 09:00:00,20,0.0,5,25,52,0.5
Mecapaca,2026-08-03 09:00:00,23,0.0,9,26,63,0.5
Mecapaca,2026-08-03 09:00:00,26,0.0,16,26,83,2.1
Mecapaca,2026-08-03 09:00:00,29,0.0,24,35,98,3.7
Mecapaca,2026-08-03 09:00:00,32,0.0,24,35,83,3.1
Mecapaca,2026-08-03 09:00:00,35,0.0,17,35,63,2.5
Mecapaca,2026-08-03 09:00:00,38,0.0,12,35,78,1.8
Mecapaca,2026-08-03 09:00:00,41,0.0,6,26,88,1.2
Mecapaca,2026-08-03 09:00:00,44,0.0,6,26,77,0.9
Mecapaca,2026-08-03 09:00:00,47,0.0,9,26,316,0.4
Mecapaca,2026-08-03 09:00:00,50,0.0,15,26,35,1.7
Mecapaca,2026-08-03 09:00:00,53,0.0,24,26,109,3.0
Mecapaca,2026-08-03 09:00:00,56,0.0,24,26,83,2.8
Mecapaca,2026-08-03 09:00:00,59,0.0,17,26,58,2.5
Mecapaca,2026-08-03 09:00:00,62,0.0,10,27,101,1.7
Mecapaca,2026-08-03 09:00:00,65,0.0,5,26,135,0.8
Mecapaca,2026-08-03 09:00:00,68,0.0,5,26,83,1.2
Mecapaca,2026-08-03 09:00:00,71,0.0,12,26,303,1.0
Mecapaca,2026-08-03 09:00:00,74,0.0,18,26,24,1.7
Mecapaca,2026-08-03 09:00:00,77,0.0,25,26,104,2.5
Mecapaca,2026-08-03 09:00:00,80,0.0,25,26,88,2.3
Mecapaca,2026-08-03 09:00:00,83,0.0,9,26,63,2.0
Mecapaca,2026-08-03 09:00:00,86,0.0,5,26,3,1.3
Mecapaca,2026-08-03 09:00:00,89,0.0,5,26,293,0.5
Misicuni-Sivingani,2026-08-03 09:00:00,2,0.0,8,27,306,3.5
Misicuni-Sivingani,2026-08-03 09:00:00,5,0.0,11,35,303,4.9
Misicuni-Sivingani,2026-08-03 09:00:00,8,0.0,11,36,313,4.7
Misicuni-Sivingani,2026-08-03 09:00:00,11,0.0,8,35,321,4.4
Misicuni-Sivingani,2026-08-03 09:00:00,14,0.0,4,35,324,3.2
Misicuni-Sivingani,2026-08-03 09:00:00,17,0.0,-2,26,320,2.0
Misicuni-Sivingani,2026-08-03 09:00:00,20,0.0,-2,26,348,1.4
Misicuni-Sivingani,2026-08-03 09:00:00,23,0.0,3,26,20,0.5
Misicuni-Sivingani,2026-08-03 09:00:00,26,0.0,7,26,351,2.1
Misicuni-Sivingani,2026-08-03 09:00:00,29,0.0,11,26,315,3.7
Misicuni-Sivingani,2026-08-03 09:00:00,32,0.0,11,26,323,4.0
Misicuni-Sivingani,2026-08-03 09:00:00,35,0.0,8,26,329,4.2
Misicuni-Sivingani,2026-08-03 09:00:00,38,0.0,3,26,328,4.0
Misicuni-Sivingani,2026-08-03 09:00:00,41,0.0,-2,27,318,3.7
Misicuni-Sivingani,2026-08-03 09:00:00,44,0.0,-2,26,320,2.8
Misicuni-Sivingani,2026-08-03 09:00:00,47,0.0,4,26,328,3.0
Misicuni-Sivingani,2026-08-03 09:00:00,50,0.0,9,26,321,4.0
Misicuni-Sivingani,2026-08-03 09:00:00,53,0.0,12,35,313,4.9
Misicuni-Sivingani,2026-08-03 09:00:00,56,0.0,12,35,321,5.0
Misicuni-Sivingani,2026-08-03 09:00:00,59,0.0,8,36,328,5.1
Misicuni-Sivingani,2026-08-03 09:00:00,62,0.0,3,36,317,4.2
Misicuni-Sivingani,2026-08-03 09:00:00,65,0.0,-1,26,305,3.3
Misicuni-Sivingani,2026-08-03 09:00:00,68,0.0,-1,26,317,3.7
Misicuni-Sivingani,2026-08-03 09:00:00,71,0.0,6,26,315,3.5
Misicuni-Sivingani,2026-08-03 09:00:00,74,0.0,9,26,319,4.7
Misicuni-Sivingani,2026-08-03 09:00:00,77,0.0,13,35,313,5.9
Misicuni-Sivingani,2026-08-03 09:00:00,80,0.0,13,35,321,5.8
Misicuni-Sivingani,2026-08-03 09:00:00,83,0.0,8,26,328,5.6
Misicuni-Sivingani,2026-08-03 09:00:00,86,0.0,-1,27,329,4.5
Misicuni-Sivingani,2026-08-03 09:00:00,89,0.0,-1,26,327,3.4
Mizque,2026-08-03 09:00:00,2,0.0,20,27,350,2.0
Mizque,2026-08-03 09:00:00,5,0.0,32,27,40,2.6
Mizque,2026-08-03 09:00:00,8,0.0,32,26,30,2.3
Mizque,2026-08-03 09:00:00,11,0.0,23,26,17,1.9
Mizque,2026-08-03 09:00:00,14,0.0,12,26,27,1.4
Mizque,2026-08-03 09:00:00,17,0.0,6,26,37,0.9
Mizque,2026-08-03 09:00:00,20,0.0,6,36,341,1.0
Mizque,2026-08-03 09:00:00,23,0.0,11,36,341,1.1
Mizque,2026-08-03 09:00:00,26,0.0,18,36,30,3.8
Mizque,2026-08-03 09:00:00,29,0.0,32,36,72,6.5
Mizque,2026-08-03 09:00:00,32,0.0,32,36,70,4.1
Mizque,2026-08-03 09:00:00,35,0.0,21,36,65,1.7
Mizque,2026-08-03 09:00:00,38,0.0,12,36,18,1.4
Mizque,2026-08-03 09:00:00,41,0.0,6,26,328,1.0
Mizque,2026-08-03 09:00:00,44,0.0,6,27,330,0.9
Mizque,2026-08-03 09:00:00,47,0.0,12,27,310,0.9
Mizque,2026-08-03 09:00:00,50,0.0,20,27,0,2.3
Mizque,2026-08-03 09:00:00,53,0.0,33,26,40,3.8
Mizque,2026-08-03 09:00:00,56,0.0,33,27,30,2.8
Mizque,2026-08-03 09:00:00,59,0.0,21,26,20,1.8
Mizque,2026-08-03 09:00:00,62,0.0,11,26,350,1.9
Mizque,2026-08-03 09:00:00,65,0.0,6,26,310,1.9
Mizque,2026-08-03 09:00:00,68,0.0,6,27,310,1.6
Mizque,2026-08-03 09:00:00,71,0.0,15,26,310,1.7
Mizque,2026-08-03 09:00:00,74,0.0,21,26,350,2.9
Mizque,2026-08-03 09:00:00,77,0.0,33,26,30,4.1
Mizque,2026-08-03 09:00:00,80,0.0,33,26,20,3.2
Mizque,2026-08-03 09:00:00,83,0.0,15,26,10,2.3
Mizque,2026-08-03 09:00:00,86,0.0,6,26,340,2.0
Mizque,2026-08-03 09:00:00,89,0.0,6,27,310,1.7
Monteagudo,2026-08-03 09:00:00,2,0.0,23,56,358,2.2
Monteagudo,2026-08-03 09:00:00,5,0.0,31,36,66,3.4
Monteagudo,2026-08-03 09:00:00,8,0.0,31,35,155,2.3
Monteagudo,2026-08-03 09:00:00,11,0.0,25,56,232,1.2
Monteagudo,2026-08-03 09:00:00,14,0.0,19,56,206,2.3
Monteagudo,2026-08-03 09:00:00,17,0.0,15,56,180,3.4
Monteagudo,2026-08-03 09:00:00,20,0.0,15,56,210,2.3
Monteagudo,2026-08-03 09:00:00,23,0.0,20,56,208,2.0
Monteagudo,2026-08-03 09:00:00,26,0.0,26,56,160,2.1
Monteagudo,2026-08-03 09:00:00,29,0.0,30,56,110,2.1
Monteagudo,2026-08-03 09:00:00,32,0.0,30,56,103,1.6
Monteagudo,2026-08-03 09:00:00,35,0.0,24,56,92,1.0
Monteagudo,2026-08-03 09:00:00,38,0.0,19,56,87,0.9
Monteagudo,2026-08-03 09:00:00,41,0.0,16,27,81,0.8
Monteagudo,2026-08-03 09:00:00,44,0.0,16,26,287,1.3
Monteagudo,2026-08-03 09:00:00,47,0.0,19,26,317,1.0
Monteagudo,2026-08-03 09:00:00,50,0.0,24,26,14,2.3
Monteagudo,2026-08-03 09:00:00,53,0.0,31,26,65,3.7
Monteagudo,2026-08-03 09:00:00,56,0.0,31,27,78,2.5
Monteagudo,2026-08-03 09:00:00,59,0.0,24,26,240,1.2
Monteagudo,2026-08-03 09:00:00,62,0.0,19,26,261,1.4
Monteagudo,2026-08-03 09:00:00,65,0.0,15,26,254,1.5
Monteagudo,2026-08-03 09:00:00,68,0.0,15,27,285,1.1
Monteagudo,2026-08-03 09:00:00,71,0.0,19,26,320,0.9
Monteagudo,2026-08-03 09:00:00,74,0.0,26,26,13,1.9
Monteagudo,2026-08-03 09:00:00,77,0.0,32,36,61,3.0
Monteagudo,2026-08-03 09:00:00,80,0.0,32,36,18,2.3
Monteagudo,2026-08-03 09:00:00,83,0.0,20,56,335,1.5
Monteagudo,2026-08-03 09:00:00,86,0.0,15,56,317,1.6
Monteagudo,2026-08-03 09:00:00,89,0.0,15,26,299,1.6
Orinoca,2026-08-03 09:00:00,2,0.0,7,26,280,1.5
Orinoca,2026-08-03 09:00:00,5,0.0,13,26,272,2.2
Orinoca,2026-08-03 09:00:00,8,0.0,13,26,208,2.2
Orinoca,2026-08-03 09:00:00,11,0.0,7,27,138,2.1
Orinoca,2026-08-03 09:00:00,14,0.0,0,26,150,1.8
Orinoca,2026-08-03 09:00:00,17,0.0,-6,25,158,1.5
Orinoca,2026-08-03 09:00:00,20,0.0,-6,26,245,0.9
Orinoca,2026-08-03 09:00:00,23,0.0,3,26,284,0.3
Orinoca,2026-08-03 09:00:00,26,0.0,8,26,314,1.3
Orinoca,2026-08-03 09:00:00,29,0.0,13,27,336,2.2
Orinoca,2026-08-03 09:00:00,32,0.0,13,26,44,2.3
Orinoca,2026-08-03 09:00:00,35,0.0,7,26,106,2.4
Orinoca,2026-08-03 09:00:00,38,0.0,1,26,184,2.3
Orinoca,2026-08-03 09:00:00,41,0.0,-7,26,278,2.1
Orinoca,2026-08-03 09:00:00,44,0.0,-7,26,305,1.8
Orinoca,2026-08-03 09:00:00,47,0.0,3,26,10,2.1
Orinoca,2026-08-03 09:00:00,50,0.0,8,25,312,2.2
Orinoca,2026-08-03 09:00:00,53,0.0,14,26,253,2.3
Orinoca,2026-08-03 09:00:00,56,0.0,14,26,213,2.3
Orinoca,2026-08-03 09:00:00,59,0.0,8,26,165,2.4
Orinoca,2026-08-03 09:00:00,62,0.0,0,26,210,2.3
Orinoca,2026-08-03 09:00:00,65,0.0,-6,27,245,2.2
Orinoca,2026-08-03 09:00:00,68,0.0,-6,26,328,1.3
Orinoca,2026-08-03 09:00:00,71,0.0,4,26,16,1.2
Orinoca,2026-08-03 09:00:00,74,0.0,9,25,311,1.8
Orinoca,2026-08-03 09:00:00,77,0.0,14,26,243,2.3
Orinoca,2026-08-03 09:00:00,80,0.0,14,26,213,2.2
Orinoca,2026-08-03 09:00:00,83,0.0,7,26,175,2.0
Orinoca,2026-08-03 09:00:00,86,0.0,-6,26,220,2.2
Orinoca,2026-08-03 09:00:00,89,0.0,-6,26,255,2.3
Oruro - Aeropuerto,2026-08-03 09:00:00,2,0.0,8,27,93,2.1
Oruro - Aeropuerto,2026-08-03 09:00:00,5,0.0,15,26,258,3.4
Oruro - Aeropuerto,2026-08-03 09:00:00,8,0.0,15,27,200,3.4
Oruro - Aeropuerto,2026-08-03 09:00:00,11,0.0,8,26,142,3.3
Oruro - Aeropuerto,2026-08-03 09:00:00,14,0.0,1,26,76,2.2
Oruro - Aeropuerto,2026-08-03 09:00:00,17,0.0,-5,26,7,1.0
Oruro - Aeropuerto,2026-08-03 09:00:00,20,0.0,-5,26,57,1.0
Oruro - Aeropuerto,2026-08-03 09:00:00,23,0.0,3,26,39,1.2
Oruro - Aeropuerto,2026-08-03 09:00:00,26,0.0,9,25,342,2.3
Oruro - Aeropuerto,2026-08-03 09:00:00,29,0.0,15,27,276,3.4
Oruro - Aeropuerto,2026-08-03 09:00:00,32,0.0,15,26,227,2.6
Oruro - Aeropuerto,2026-08-03 09:00:00,35,0.0,8,26,136,2.0
Oruro - Aeropuerto,2026-08-03 09:00:00,38,0.0,0,26,74,1.8
Oruro - Aeropuerto,2026-08-03 09:00:00,41,0.0,-6,26,3,1.7
Oruro - Aeropuerto,2026-08-03 09:00:00,44,0.0,-6,26,24,1.8
Oruro - Aeropuerto,2026-08-03 09:00:00,47,0.0,3,26,1,1.1
Oruro - Aeropuerto,2026-08-03 09:00:00,50,0.0,9,27,308,2.4
Oruro - Aeropuerto,2026-08-03 09:00:00,53,0.0,16,26,248,3.6
Oruro - Aeropuerto,2026-08-03 09:00:00,56,0.0,16,26,198,3.7
Oruro - Aeropuerto,2026-08-03 09:00:00,59,0.0,8,27,140,3.8
Oruro - Aeropuerto,2026-08-03 09:00:00,62,0.0,2,26,89,2.7
Oruro - Aeropuerto,2026-08-03 09:00:00,65,0.0,-4,26,32,1.7
Oruro - Aeropuerto,2026-08-03 09:00:00,68,0.0,-4,26,24,1.4
Oruro - Aeropuerto,2026-08-03 09:00:00,71,0.0,4,26,11,1.3
Oruro - Aeropuerto,2026-08-03 09:00:00,74,0.0,10,26,318,2.6
Oruro - Aeropuerto,2026-08-03 09:00:00,77,0.0,16,26,258,3.7
Oruro - Aeropuerto,2026-08-03 09:00:00,80,0.0,16,26,203,3.2
Oruro - Aeropuerto,2026-08-03 09:00:00,83,0.0,9,26,147,2.7
Oruro - Aeropuerto,2026-08-03 09:00:00,86,0.0,-4,26,178,1.7
Oruro - Aeropuerto,2026-08-03 09:00:00,89,0.0,-4,25,201,0.7
Oruro - Ciudad,2026-08-03 09:00:00,2,0.0,8,26,39,1.5
Oruro - Ciudad,2026-08-03 09:00:00,5,0.0,16,26,266,1.5
Oruro - Ciudad,2026-08-03 09:00:00,8,0.0,16,26,176,2.5
Oruro - Ciudad,2026-08-03 09:00:00,11,0.0,9,26,140,3.5
Oruro - Ciudad,2026-08-03 09:00:00,14,0.0,1,26,190,2.3
Oruro - Ciudad,2026-08-03 09:00:00,17,0.0,-8,26,237,1.1
Oruro - Ciudad,2026-08-03 09:00:00,20,0.0,-8,26,279,1.5
Oruro - Ciudad,2026-08-03 09:00:00,23,0.0,4,26,347,2.0
Oruro - Ciudad,2026-08-03 09:00:00,26,0.0,9,26,347,2.3
Oruro - Ciudad,2026-08-03 09:00:00,29,0.0,16,26,340,2.6
Oruro - Ciudad,2026-08-03 09:00:00,32,0.0,16,26,51,2.6
Oruro - Ciudad,2026-08-03 09:00:00,35,0.0,8,26,115,2.7
Oruro - Ciudad,2026-08-03 09:00:00,38,0.0,1,26,47,3.3
Oruro - Ciudad,2026-08-03 09:00:00,41,0.0,-9,26,330,3.9
Oruro - Ciudad,2026-08-03 09:00:00,44,0.0,-9,26,344,3.4
Oruro - Ciudad,2026-08-03 09:00:00,47,0.0,4,26,338,3.1
Oruro - Ciudad,2026-08-03 09:00:00,50,0.0,9,26,288,2.5
Oruro - Ciudad,2026-08-03 09:00:00,53,0.0,17,26,232,1.8
Oruro - Ciudad,2026-08-03 09:00:00,56,0.0,17,26,192,2.9
Oruro - Ciudad,2026-08-03 09:00:00,59,0.0,8,26,149,3.9
Oruro - Ciudad,2026-08-03 09:00:00,62,0.0,0,26,77,3.0
Oruro - Ciudad,2026-08-03 09:00:00,65,0.0,-8,26,0,2.1
Oruro - Ciudad,2026-08-03 09:00:00,68,0.0,-8,26,338,2.7
Oruro - Ciudad,2026-08-03 09:00:00,71,0.0,4,26,341,2.4
Oruro - Ciudad,2026-08-03 09:00:00,74,0.0,10,26,288,2.1
Oruro - Ciudad,2026-08-03 09:00:00,77,0.0,17,26,229,1.7
Oruro - Ciudad,2026-08-03 09:00:00,80,0.0,17,26,197,2.7
Oruro - Ciudad,2026-08-03 09:00:00,83,0.0,9,26,159,3.7
Oruro - Ciudad,2026-08-03 09:00:00,86,0.0,-8,26,195,2.9
Oruro - Ciudad,2026-08-03 09:00:00,89,0.0,-8,26,227,2.0
Pailon - Pozo del Tigre,2026-08-03 09:00:00,2,0.0,27,56,330,5.8
Pailon - Pozo del Tigre,2026-08-03 09:00:00,5,0.0,29,56,320,7.3
Pailon - Pozo del Tigre,2026-08-03 09:00:00,8,0.0,29,56,333,5.4
Pailon - Pozo del Tigre,2026-08-03 09:00:00,11,0.0,27,56,343,3.6
Pailon - Pozo del Tigre,2026-08-03 09:00:00,14,0.0,23,56,343,3.0
Pailon - Pozo del Tigre,2026-08-03 09:00:00,17,0.0,20,57,343,2.3
Pailon - Pozo del Tigre,2026-08-03 09:00:00,20,0.0,20,57,300,2.7
Pailon - Pozo del Tigre,2026-08-03 09:00:00,23,0.0,22,57,260,3.1
Pailon - Pozo del Tigre,2026-08-03 09:00:00,26,0.0,24,56,230,3.5
Pailon - Pozo del Tigre,2026-08-03 09:00:00,29,0.8,27,89,190,3.9
Pailon - Pozo del Tigre,2026-08-03 09:00:00,32,1.3,27,89,170,3.5
Pailon - Pozo del Tigre,2026-08-03 09:00:00,35,0.0,24,56,140,3.1
Pailon - Pozo del Tigre,2026-08-03 09:00:00,38,0.0,23,57,140,2.4
Pailon - Pozo del Tigre,2026-08-03 09:00:00,41,0.0,21,26,137,1.7
Pailon - Pozo del Tigre,2026-08-03 09:00:00,44,0.0,21,27,340,2.6
Pailon - Pozo del Tigre,2026-08-03 09:00:00,47,0.0,22,26,340,3.0
Pailon - Pozo del Tigre,2026-08-03 09:00:00,50,0.0,24,27,330,4.8
Pailon - Pozo del Tigre,2026-08-03 09:00:00,53,0.0,27,36,320,6.7
Pailon - Pozo del Tigre,2026-08-03 09:00:00,56,0.0,27,36,330,5.2
Pailon - Pozo del Tigre,2026-08-03 09:00:00,59,0.0,25,27,340,3.6
Pailon - Pozo del Tigre,2026-08-03 09:00:00,62,0.0,22,25,340,3.6
Pailon - Pozo del Tigre,2026-08-03 09:00:00,65,0.0,21,57,337,3.5
Pailon - Pozo del Tigre,2026-08-03 09:00:00,68,0.0,21,56,330,3.6
Pailon - Pozo del Tigre,2026-08-03 09:00:00,71,0.0,23,55,330,4.2
Pailon - Pozo del Tigre,2026-08-03 09:00:00,74,0.0,25,56,330,6.2
Pailon - Pozo del Tigre,2026-08-03 09:00:00,77,0.0,28,36,330,8.1
Pailon - Pozo del Tigre,2026-08-03 09:00:00,80,0.0,28,36,340,7.0
Pailon - Pozo del Tigre,2026-08-03 09:00:00,83,0.0,25,36,340,6.0
Pailon - Pozo del Tigre,2026-08-03 09:00:00,86,0.0,21,36,340,6.0
Pailon - Pozo del Tigre,2026-08-03 09:00:00,89,0.0,21,36,340,6.0
Palos Blancos,2026-08-03 09:00:00,2,0.0,28,36,273,1.0
Palos Blancos,2026-08-03 09:00:00,5,0.0,32,56,351,1.6
Palos Blancos,2026-08-03 09:00:00,8,0.0,32,57,81,1.3
Palos Blancos,2026-08-03 09:00:00,11,0.0,28,35,161,1.1
Palos Blancos,2026-08-03 09:00:00,14,0.0,25,36,173,1.0
Palos Blancos,2026-08-03 09:00:00,17,0.0,21,36,175,1.0
Palos Blancos,2026-08-03 09:00:00,20,0.0,21,36,185,0.6
Palos Blancos,2026-08-03 09:00:00,23,0.0,25,36,202,0.3
Palos Blancos,2026-08-03 09:00:00,26,0.0,27,37,122,1.1
Palos Blancos,2026-08-03 09:00:00,29,0.0,33,57,39,1.8
Palos Blancos,2026-08-03 09:00:00,32,0.0,33,56,85,1.3
Palos Blancos,2026-08-03 09:00:00,35,0.5,27,76,129,0.8
Palos Blancos,2026-08-03 09:00:00,38,1.4,24,76,157,0.8
Palos Blancos,2026-08-03 09:00:00,41,0.0,21,56,182,0.8
Palos Blancos,2026-08-03 09:00:00,44,0.0,21,56,195,0.6
Palos Blancos,2026-08-03 09:00:00,47,0.0,24,56,213,0.3
Palos Blancos,2026-08-03 09:00:00,50,0.0,28,56,282,0.9
Palos Blancos,2026-08-03 09:00:00,53,1.4,34,76,342,1.6
Palos Blancos,2026-08-03 09:00:00,56,0.6,34,76,270,1.2
Palos Blancos,2026-08-03 09:00:00,59,0.0,28,56,190,0.9
Palos Blancos,2026-08-03 09:00:00,62,0.0,24,57,183,0.9
Palos Blancos,2026-08-03 09:00:00,65,0.0,21,36,167,1.0
Palos Blancos,2026-08-03 09:00:00,68,0.0,21,37,202,0.8
Palos Blancos,2026-08-03 09:00:00,71,0.0,24,37,220,0.6
Palos Blancos,2026-08-03 09:00:00,74,0.0,29,37,283,1.3
Palos Blancos,2026-08-03 09:00:00,77,0.0,34,56,343,1.9
Palos Blancos,2026-08-03 09:00:00,80,0.0,34,57,55,1.4
Palos Blancos,2026-08-03 09:00:00,83,0.0,28,36,118,0.8
Palos Blancos,2026-08-03 09:00:00,86,0.0,21,36,147,0.8
Palos Blancos,2026-08-03 09:00:00,89,0.0,21,36,168,0.8
Paniagua_M (GPRS),2026-08-03 09:00:00,2,0.0,25,36,337,1.4
Paniagua_M (GPRS),2026-08-03 09:00:00,5,0.0,29,56,55,2.0
Paniagua_M (GPRS),2026-08-03 09:00:00,8,0.0,29,56,74,1.9
Paniagua_M (GPRS),2026-08-03 09:00:00,11,0.0,26,36,232,1.8
Paniagua_M (GPRS),2026-08-03 09:00:00,14,0.0,23,36,232,1.6
Paniagua_M (GPRS),2026-08-03 09:00:00,17,0.0,20,36,232,1.4
Paniagua_M (GPRS),2026-08-03 09:00:00,20,0.0,20,36,254,1.0
Paniagua_M (GPRS),2026-08-03 09:00:00,23,0.0,23,36,273,0.7
Paniagua_M (GPRS),2026-08-03 09:00:00,26,0.0,26,36,342,1.3
Paniagua_M (GPRS),2026-08-03 09:00:00,29,0.0,30,56,43,1.8
Paniagua_M (GPRS),2026-08-03 09:00:00,32,0.0,30,56,126,1.6
Paniagua_M (GPRS),2026-08-03 09:00:00,35,1.4,26,76,199,1.4
Paniagua_M (GPRS),2026-08-03 09:00:00,38,1.7,24,76,216,1.2
Paniagua_M (GPRS),2026-08-03 09:00:00,41,0.0,20,56,228,1.1
Paniagua_M (GPRS),2026-08-03 09:00:00,44,0.0,20,55,254,1.0
Paniagua_M (GPRS),2026-08-03 09:00:00,47,0.0,24,56,262,0.7
Paniagua_M (GPRS),2026-08-03 09:00:00,50,0.0,28,55,333,1.1
Paniagua_M (GPRS),2026-08-03 09:00:00,53,0.7,31,76,38,1.4
Paniagua_M (GPRS),2026-08-03 09:00:00,56,1.6,31,76,320,1.4
Paniagua_M (GPRS),2026-08-03 09:00:00,59,0.0,28,56,235,1.3
Paniagua_M (GPRS),2026-08-03 09:00:00,62,0.0,25,56,245,1.4
Paniagua_M (GPRS),2026-08-03 09:00:00,65,0.0,20,36,249,1.5
Paniagua_M (GPRS),2026-08-03 09:00:00,68,0.0,20,36,262,0.9
Paniagua_M (GPRS),2026-08-03 09:00:00,71,0.0,25,36,272,0.8
Paniagua_M (GPRS),2026-08-03 09:00:00,74,0.0,28,37,337,1.1
Paniagua_M (GPRS),2026-08-03 09:00:00,77,0.0,31,56,38,1.4
Paniagua_M (GPRS),2026-08-03 09:00:00,80,0.0,31,56,110,1.2
Paniagua_M (GPRS),2026-08-03 09:00:00,83,0.0,26,36,208,1.0
Paniagua_M (GPRS),2026-08-03 09:00:00,86,0.0,20,36,232,1.3
Paniagua_M (GPRS),2026-08-03 09:00:00,89,0.0,20,36,252,1.6
Patacamaya (INIAF),2026-08-03 09:00:00,2,0.0,8,26,240,1.3
Patacamaya (INIAF),2026-08-03 09:00:00,5,0.0,16,25,279,1.2
Patacamaya (INIAF),2026-08-03 09:00:00,8,0.0,16,27,341,1.3
Patacamaya (INIAF),2026-08-03 09:00:00,11,0.0,12,27,41,1.4
Patacamaya (INIAF),2026-08-03 09:00:00,14,0.0,3,26,11,1.7
Patacamaya (INIAF),2026-08-03 09:00:00,17,0.0,-2,27,340,2.0
Patacamaya (INIAF),2026-08-03 09:00:00,20,0.0,-2,26,350,1.8
Patacamaya (INIAF),2026-08-03 09:00:00,23,0.0,4,27,349,1.4
Patacamaya (INIAF),2026-08-03 09:00:00,26,0.0,8,27,359,2.7
Patacamaya (INIAF),2026-08-03 09:00:00,29,0.0,17,37,8,4.0
Patacamaya (INIAF),2026-08-03 09:00:00,32,0.0,17,36,10,3.5
Patacamaya (INIAF),2026-08-03 09:00:00,35,0.0,7,26,11,3.1
Patacamaya (INIAF),2026-08-03 09:00:00,38,0.0,3,26,10,3.0
Patacamaya (INIAF),2026-08-03 09:00:00,41,0.0,-1,26,360,2.9
Patacamaya (INIAF),2026-08-03 09:00:00,44,0.0,-1,26,9,2.4
Patacamaya (INIAF),2026-08-03 09:00:00,47,0.0,4,27,359,2.1
Patacamaya (INIAF),2026-08-03 09:00:00,50,0.0,9,26,308,1.7
Patacamaya (INIAF),2026-08-03 09:00:00,53,0.0,18,27,249,1.4
Patacamaya (INIAF),2026-08-03 09:00:00,56,0.0,18,27,319,2.3
Patacamaya (INIAF),2026-08-03 09:00:00,59,0.0,10,26,21,3.1
Patacamaya (INIAF),2026-08-03 09:00:00,62,0.0,4,26,11,2.7
Patacamaya (INIAF),2026-08-03 09:00:00,65,0.0,-1,25,360,2.3
Patacamaya (INIAF),2026-08-03 09:00:00,68,0.0,-1,26,349,2.1
Patacamaya (INIAF),2026-08-03 09:00:00,71,0.0,4,27,328,1.5
Patacamaya (INIAF),2026-08-03 09:00:00,74,0.0,9,26,347,1.5
Patacamaya (INIAF),2026-08-03 09:00:00,77,0.0,18,26,357,1.4
Patacamaya (INIAF),2026-08-03 09:00:00,80,0.0,18,27,8,2.5
Patacamaya (INIAF),2026-08-03 09:00:00,83,0.0,9,26,10,3.7
Patacamaya (INIAF),2026-08-03 09:00:00,86,0.0,-1,26,341,2.3
Patacamaya (INIAF),2026-08-03 09:00:00,89,0.0,-1,26,311,1.0
Potosí,2026-08-03 09:00:00,2,0.0,9,26,248,2.1
Potosí,2026-08-03 09:00:00,5,0.0,18,26,209,2.0
Potosí,2026-08-03 09:00:00,8,0.0,18,26,174,1.8
Potosí,2026-08-03 09:00:00,11,0.0,9,26,134,1.5
Potosí,2026-08-03 09:00:00,14,0.0,3,26,70,1.6
Potosí,2026-08-03 09:00:00,17,0.0,-3,26,356,1.8
Potosí,2026-08-03 09:00:00,20,0.0,-3,27,351,2.0
Potosí,2026-08-03 09:00:00,23,0.0,5,26,360,1.9
Potosí,2026-08-03 09:00:00,26,0.0,12,26,3,1.6
Potosí,2026-08-03 09:00:00,29,0.0,18,26,359,1.3
Potosí,2026-08-03 09:00:00,32,0.0,18,26,329,1.2
Potosí,2026-08-03 09:00:00,35,0.0,6,26,291,1.1
Potosí,2026-08-03 09:00:00,38,0.0,1,26,307,1.9
Potosí,2026-08-03 09:00:00,41,0.0,-3,26,318,2.6
Potosí,2026-08-03 09:00:00,44,0.0,-3,26,317,2.2
Potosí,2026-08-03 09:00:00,47,0.0,5,26,304,1.8
Potosí,2026-08-03 09:00:00,50,0.0,12,26,265,3.0
Potosí,2026-08-03 09:00:00,53,0.0,18,27,220,4.2
Potosí,2026-08-03 09:00:00,56,0.0,18,26,244,3.2
Potosí,2026-08-03 09:00:00,59,0.0,9,26,261,2.2
Potosí,2026-08-03 09:00:00,62,0.0,2,26,296,2.3
Potosí,2026-08-03 09:00:00,65,0.0,-4,26,327,2.5
Potosí,2026-08-03 09:00:00,68,0.0,-4,27,310,2.6
Potosí,2026-08-03 09:00:00,71,0.0,4,26,288,2.4
Potosí,2026-08-03 09:00:00,74,0.0,9,26,257,3.0
Potosí,2026-08-03 09:00:00,77,0.0,19,27,216,3.4
Potosí,2026-08-03 09:00:00,80,0.0,19,27,250,3.0
Potosí,2026-08-03 09:00:00,83,0.0,8,26,284,2.6
Potosí,2026-08-03 09:00:00,86,0.0,-4,26,290,2.7
Potosí,2026-08-03 09:00:00,89,0.0,-4,26,295,2.9
Potosí Aeropuerto,2026-08-03 09:00:00,2,0.0,6,26,241,2.8
Potosí Aeropuerto,2026-08-03 09:00:00,5,0.0,17,26,201,3.4
Potosí Aeropuerto,2026-08-03 09:00:00,8,0.0,17,26,230,2.4
Potosí Aeropuerto,2026-08-03 09:00:00,11,0.0,10,26,258,1.3
Potosí Aeropuerto,2026-08-03 09:00:00,14,0.0,2,26,280,1.4
Potosí Aeropuerto,2026-08-03 09:00:00,17,0.0,-4,27,301,1.5
Potosí Aeropuerto,2026-08-03 09:00:00,20,0.0,-4,27,341,1.4
Potosí Aeropuerto,2026-08-03 09:00:00,23,0.0,3,25,22,1.3
Potosí Aeropuerto,2026-08-03 09:00:00,26,0.0,11,26,299,1.8
Potosí Aeropuerto,2026-08-03 09:00:00,29,0.0,17,26,219,2.2
Potosí Aeropuerto,2026-08-03 09:00:00,32,0.0,17,26,249,2.5
Potosí Aeropuerto,2026-08-03 09:00:00,35,0.0,8,26,269,2.9
Potosí Aeropuerto,2026-08-03 09:00:00,38,0.0,1,27,291,2.3
Potosí Aeropuerto,2026-08-03 09:00:00,41,0.0,-4,26,312,1.7
Potosí Aeropuerto,2026-08-03 09:00:00,44,0.0,-4,26,302,1.8
Potosí Aeropuerto,2026-08-03 09:00:00,47,0.0,3,27,291,1.7
Potosí Aeropuerto,2026-08-03 09:00:00,50,0.0,8,25,270,3.0
Potosí Aeropuerto,2026-08-03 09:00:00,53,0.0,17,26,239,4.3
Potosí Aeropuerto,2026-08-03 09:00:00,56,0.0,17,25,269,3.6
Potosí Aeropuerto,2026-08-03 09:00:00,59,0.0,5,27,289,2.9
Potosí Aeropuerto,2026-08-03 09:00:00,62,0.0,-1,26,300,2.4
Potosí Aeropuerto,2026-08-03 09:00:00,65,0.0,-5,26,311,1.9
Potosí Aeropuerto,2026-08-03 09:00:00,68,0.0,-5,25,291,2.3
Potosí Aeropuerto,2026-08-03 09:00:00,71,0.0,4,27,290,2.6
Potosí Aeropuerto,2026-08-03 09:00:00,74,0.0,9,26,269,3.6
Potosí Aeropuerto,2026-08-03 09:00:00,77,0.0,18,25,248,4.6
Potosí Aeropuerto,2026-08-03 09:00:00,80,0.0,18,26,268,3.7
Potosí Aeropuerto,2026-08-03 09:00:00,83,0.0,6,26,279,2.8
Potosí Aeropuerto,2026-08-03 09:00:00,86,0.0,-5,25,289,2.8
Potosí Aeropuerto,2026-08-03 09:00:00,89,0.0,-5,25,299,2.9
Puerto Rico S,2026-08-03 09:00:00,2,0.0,28,55,314,1.3
Puerto Rico S,2026-08-03 09:00:00,5,0.0,34,36,324,1.8
Puerto Rico S,2026-08-03 09:00:00,8,0.0,34,37,340,1.3
Puerto Rico S,2026-08-03 09:00:00,11,0.0,29,37,356,0.8
Puerto Rico S,2026-08-03 09:00:00,14,0.0,26,36,346,0.9
Puerto Rico S,2026-08-03 09:00:00,17,0.0,20,36,330,1.0
Puerto Rico S,2026-08-03 09:00:00,20,0.0,20,56,0,1.0
Puerto Rico S,2026-08-03 09:00:00,23,0.0,24,57,14,0.9
Puerto Rico S,2026-08-03 09:00:00,26,0.0,28,56,0,1.1
Puerto Rico S,2026-08-03 09:00:00,29,0.0,35,56,340,1.4
Puerto Rico S,2026-08-03 09:00:00,32,0.0,35,56,297,1.3
Puerto Rico S,2026-08-03 09:00:00,35,0.0,29,57,253,1.1
Puerto Rico S,2026-08-03 09:00:00,38,0.0,25,56,310,0.8
Puerto Rico S,2026-08-03 09:00:00,41,0.0,20,26,357,0.5
Puerto Rico S,2026-08-03 09:00:00,44,0.0,20,26,326,0.7
Puerto Rico S,2026-08-03 09:00:00,47,0.0,26,26,322,0.8
Puerto Rico S,2026-08-03 09:00:00,50,0.0,30,26,317,0.9
Puerto Rico S,2026-08-03 09:00:00,53,0.0,35,36,304,1.2
Puerto Rico S,2026-08-03 09:00:00,56,0.0,35,36,344,1.0
Puerto Rico S,2026-08-03 09:00:00,59,0.0,27,36,20,0.9
Puerto Rico S,2026-08-03 09:00:00,62,0.0,23,36,360,0.9
Puerto Rico S,2026-08-03 09:00:00,65,0.0,21,26,330,1.0
Puerto Rico S,2026-08-03 09:00:00,68,0.0,21,25,317,0.9
Puerto Rico S,2026-08-03 09:00:00,71,0.0,26,27,287,1.1
Puerto Rico S,2026-08-03 09:00:00,74,0.0,31,27,310,1.5
Puerto Rico S,2026-08-03 09:00:00,77,0.0,36,36,330,2.0
Puerto Rico S,2026-08-03 09:00:00,80,0.0,36,35,3,1.8
Puerto Rico S,2026-08-03 09:00:00,83,0.0,27,26,30,1.6
Puerto Rico S,2026-08-03 09:00:00,86,0.0,21,26,3,1.6
Puerto Rico S,2026-08-03 09:00:00,89,0.0,21,26,327,1.5
Puerto Suárez,2026-08-03 09:00:00,2,0.0,31,56,1,3.0
Puerto Suárez,2026-08-03 09:00:00,5,2.5,34,89,341,4.7
Puerto Suárez,2026-08-03 09:00:00,8,1.7,34,89,12,2.8
Puerto Suárez,2026-08-03 09:00:00,11,0.0,28,56,47,1.0
Puerto Suárez,2026-08-03 09:00:00,14,0.0,23,56,119,1.4
Puerto Suárez,2026-08-03 09:00:00,17,0.0,20,56,172,1.8
Puerto Suárez,2026-08-03 09:00:00,20,0.0,20,56,324,2.3
Puerto Suárez,2026-08-03 09:00:00,23,0.0,24,56,63,3.3
Puerto Suárez,2026-08-03 09:00:00,26,0.0,29,57,63,2.7
Puerto Suárez,2026-08-03 09:00:00,29,1.7,34,89,59,1.9
Puerto Suárez,2026-08-03 09:00:00,32,0.7,34,89,89,1.2
Puerto Suárez,2026-08-03 09:00:00,35,1.5,29,89,117,0.5
Puerto Suárez,2026-08-03 09:00:00,38,0.6,25,89,169,0.5
Puerto Suárez,2026-08-03 09:00:00,41,0.0,21,26,212,0.5
Puerto Suárez,2026-08-03 09:00:00,44,0.0,21,26,33,1.3
Puerto Suárez,2026-08-03 09:00:00,47,0.0,26,26,69,1.7
Puerto Suárez,2026-08-03 09:00:00,50,0.0,32,26,39,2.4
Puerto Suárez,2026-08-03 09:00:00,53,0.0,35,37,359,3.0
Puerto Suárez,2026-08-03 09:00:00,56,0.0,35,36,346,2.2
Puerto Suárez,2026-08-03 09:00:00,59,0.0,29,26,182,1.2
Puerto Suárez,2026-08-03 09:00:00,62,0.0,25,26,111,1.2
Puerto Suárez,2026-08-03 09:00:00,65,0.0,22,36,38,1.1
Puerto Suárez,2026-08-03 09:00:00,68,0.0,22,36,57,2.0
Puerto Suárez,2026-08-03 09:00:00,71,0.0,27,36,47,2.2
Puerto Suárez,2026-08-03 09:00:00,74,0.0,31,36,10,3.8
Puerto Suárez,2026-08-03 09:00:00,77,0.0,35,36,331,5.3
Puerto Suárez,2026-08-03 09:00:00,80,0.0,35,36,351,3.7
Puerto Suárez,2026-08-03 09:00:00,83,0.0,30,36,10,2.0
Puerto Suárez,2026-08-03 09:00:00,86,0.0,22,36,0,2.7
Puerto Suárez,2026-08-03 09:00:00,89,0.0,22,36,350,3.4
Puerto Villarroel,2026-08-03 09:00:00,2,0.0,25,56,306,2.3
Puerto Villarroel,2026-08-03 09:00:00,5,0.0,28,56,320,3.3
Puerto Villarroel,2026-08-03 09:00:00,8,0.0,28,56,267,2.1
Puerto Villarroel,2026-08-03 09:00:00,11,1.5,25,89,209,0.9
Puerto Villarroel,2026-08-03 09:00:00,14,2.0,23,89,216,0.9
Puerto Villarroel,2026-08-03 09:00:00,17,0.0,20,56,213,0.8
Puerto Villarroel,2026-08-03 09:00:00,20,1.8,20,89,184,1.1
Puerto Villarroel,2026-08-03 09:00:00,23,1.6,23,90,126,1.7
Puerto Villarroel,2026-08-03 09:00:00,26,1.5,25,89,133,1.4
Puerto Villarroel,2026-08-03 09:00:00,29,1.8,29,89,131,1.1
Puerto Villarroel,2026-08-03 09:00:00,32,1.4,29,88,112,1.0
Puerto Villarroel,2026-08-03 09:00:00,35,0.0,26,56,83,0.9
Puerto Villarroel,2026-08-03 09:00:00,38,0.0,23,56,105,1.0
Puerto Villarroel,2026-08-03 09:00:00,41,0.0,21,26,118,1.2
Puerto Villarroel,2026-08-03 09:00:00,44,0.0,21,26,287,0.5
Puerto Villarroel,2026-08-03 09:00:00,47,0.0,24,26,298,0.6
Puerto Villarroel,2026-08-03 09:00:00,50,0.0,26,26,308,1.9
Puerto Villarroel,2026-08-03 09:00:00,53,0.0,30,36,318,3.2
Puerto Villarroel,2026-08-03 09:00:00,56,0.0,30,36,291,2.0
Puerto Villarroel,2026-08-03 09:00:00,59,0.0,27,26,259,0.9
Puerto Villarroel,2026-08-03 09:00:00,62,0.0,24,26,269,0.9
Puerto Villarroel,2026-08-03 09:00:00,65,0.0,21,56,274,0.9
Puerto Villarroel,2026-08-03 09:00:00,68,0.0,21,56,272,0.9
Puerto Villarroel,2026-08-03 09:00:00,71,0.0,25,56,282,0.9
Puerto Villarroel,2026-08-03 09:00:00,74,0.0,28,56,302,2.5
Puerto Villarroel,2026-08-03 09:00:00,77,0.0,31,56,316,4.1
Puerto Villarroel,2026-08-03 09:00:00,80,0.0,31,56,306,3.1
Puerto Villarroel,2026-08-03 09:00:00,83,0.0,28,56,294,2.0
Puerto Villarroel,2026-08-03 09:00:00,86,0.0,21,56,292,1.5
Puerto Villarroel,2026-08-03 09:00:00,89,0.0,21,56,282,1.0
Quetenas (GPRS),2026-08-03 09:00:00,2,0.0,1,26,214,2.8
Quetenas (GPRS),2026-08-03 09:00:00,5,0.0,11,26,229,3.2
Quetenas (GPRS),2026-08-03 09:00:00,8,0.0,11,26,234,2.9
Quetenas (GPRS),2026-08-03 09:00:00,11,0.0,3,26,233,2.6
Quetenas (GPRS),2026-08-03 09:00:00,14,0.0,-4,27,223,2.5
Quetenas (GPRS),2026-08-03 09:00:00,17,0.0,-12,27,207,2.4
Quetenas (GPRS),2026-08-03 09:00:00,20,0.0,-12,26,207,2.2
Quetenas (GPRS),2026-08-03 09:00:00,23,0.0,-3,26,207,2.2
Quetenas (GPRS),2026-08-03 09:00:00,26,0.0,2,26,230,3.3
Quetenas (GPRS),2026-08-03 09:00:00,29,0.0,11,26,251,4.5
Quetenas (GPRS),2026-08-03 09:00:00,32,0.0,11,26,240,3.7
Quetenas (GPRS),2026-08-03 09:00:00,35,0.0,0,26,228,2.9
Quetenas (GPRS),2026-08-03 09:00:00,38,0.0,-8,26,227,2.5
Quetenas (GPRS),2026-08-03 09:00:00,41,0.0,-14,27,222,2.0
Quetenas (GPRS),2026-08-03 09:00:00,44,0.0,-14,26,211,2.1
Quetenas (GPRS),2026-08-03 09:00:00,47,0.0,-2,27,209,2.0
Quetenas (GPRS),2026-08-03 09:00:00,50,0.0,3,26,237,4.3
Quetenas (GPRS),2026-08-03 09:00:00,53,0.0,12,26,260,6.5
Quetenas (GPRS),2026-08-03 09:00:00,56,0.0,12,26,261,4.6
Quetenas (GPRS),2026-08-03 09:00:00,59,0.0,0,26,257,2.7
Quetenas (GPRS),2026-08-03 09:00:00,62,0.0,-6,26,254,2.2
Quetenas (GPRS),2026-08-03 09:00:00,65,0.0,-13,26,242,1.8
Quetenas (GPRS),2026-08-03 09:00:00,68,0.0,-13,26,211,2.4
Quetenas (GPRS),2026-08-03 09:00:00,71,0.0,-1,26,205,2.3
Quetenas (GPRS),2026-08-03 09:00:00,74,0.0,3,25,238,4.7
Quetenas (GPRS),2026-08-03 09:00:00,77,0.0,12,26,266,7.1
Quetenas (GPRS),2026-08-03 09:00:00,80,0.0,12,25,255,5.1
Quetenas (GPRS),2026-08-03 09:00:00,83,0.0,0,26,234,3.0
Quetenas (GPRS),2026-08-03 09:00:00,86,0.0,-13,26,233,2.7
Quetenas (GPRS),2026-08-03 09:00:00,89,0.0,-13,27,223,2.3
Reyes,2026-08-03 09:00:00,2,0.0,26,56,320,2.0
Reyes,2026-08-03 09:00:00,5,0.0,29,56,329,2.9
Reyes,2026-08-03 09:00:00,8,0.0,29,57,328,2.1
Reyes,2026-08-03 09:00:00,11,0.0,26,36,319,1.3
Reyes,2026-08-03 09:00:00,14,0.0,23,37,300,1.1
Reyes,2026-08-03 09:00:00,17,0.0,21,26,272,1.0
Reyes,2026-08-03 09:00:00,20,1.5,21,89,292,0.6
Reyes,2026-08-03 09:00:00,23,1.7,23,90,275,0.6
Reyes,2026-08-03 09:00:00,26,1.3,25,89,312,1.3
Reyes,2026-08-03 09:00:00,29,0.0,27,56,348,2.0
Reyes,2026-08-03 09:00:00,32,0.0,28,56,299,1.5
Reyes,2026-08-03 09:00:00,35,0.0,26,36,243,1.0
Reyes,2026-08-03 09:00:00,38,0.0,23,37,212,1.0
Reyes,2026-08-03 09:00:00,41,0.0,21,26,179,1.1
Reyes,2026-08-03 09:00:00,44,0.0,21,26,268,0.6
Reyes,2026-08-03 09:00:00,47,0.0,23,26,253,0.7
Reyes,2026-08-03 09:00:00,50,0.0,26,26,292,1.5
Reyes,2026-08-03 09:00:00,53,0.0,28,36,331,2.3
Reyes,2026-08-03 09:00:00,56,0.0,28,35,309,1.8
Reyes,2026-08-03 09:00:00,59,0.0,26,25,279,1.2
Reyes,2026-08-03 09:00:00,62,0.0,23,25,281,1.0
Reyes,2026-08-03 09:00:00,65,0.0,21,26,276,0.8
Reyes,2026-08-03 09:00:00,68,0.0,21,26,273,0.8
Reyes,2026-08-03 09:00:00,71,0.0,24,26,273,0.6
Reyes,2026-08-03 09:00:00,74,0.0,26,26,309,2.0
Reyes,2026-08-03 09:00:00,77,0.0,29,36,338,3.5
Reyes,2026-08-03 09:00:00,80,0.0,29,36,328,2.4
Reyes,2026-08-03 09:00:00,83,0.0,26,26,310,1.3
Reyes,2026-08-03 09:00:00,86,0.0,21,25,309,1.4
Reyes,2026-08-03 09:00:00,89,0.0,21,26,308,1.4
Riberalta,2026-08-03 09:00:00,2,0.0,30,36,330,1.2
Riberalta,2026-08-03 09:00:00,5,0.0,35,36,320,1.8
Riberalta,2026-08-03 09:00:00,8,0.0,35,35,17,1.4
Riberalta,2026-08-03 09:00:00,11,0.0,30,26,67,0.9
Riberalta,2026-08-03 09:00:00,14,0.0,27,26,40,0.9
Riberalta,2026-08-03 09:00:00,17,0.0,22,36,10,1.0
Riberalta,2026-08-03 09:00:00,20,0.0,22,56,340,0.9
Riberalta,2026-08-03 09:00:00,23,0.0,27,56,351,1.0
Riberalta,2026-08-03 09:00:00,26,0.0,30,56,340,1.0
Riberalta,2026-08-03 09:00:00,29,0.0,36,56,319,1.1
Riberalta,2026-08-03 09:00:00,32,0.0,36,56,279,0.8
Riberalta,2026-08-03 09:00:00,35,0.0,29,56,238,0.4
Riberalta,2026-08-03 09:00:00,38,0.0,26,56,258,0.6
Riberalta,2026-08-03 09:00:00,41,1.4,23,89,57,0.8
Riberalta,2026-08-03 09:00:00,44,1.0,23,89,1,0.7
Riberalta,2026-08-03 09:00:00,47,0.5,27,89,330,0.3
Riberalta,2026-08-03 09:00:00,50,1.8,31,90,340,0.6
Riberalta,2026-08-03 09:00:00,53,0.0,36,36,348,0.9
Riberalta,2026-08-03 09:00:00,56,0.0,36,36,313,0.9
Riberalta,2026-08-03 09:00:00,59,0.0,30,36,269,1.0
Riberalta,2026-08-03 09:00:00,62,0.0,26,36,326,0.9
Riberalta,2026-08-03 09:00:00,65,0.0,23,26,21,0.7
Riberalta,2026-08-03 09:00:00,68,0.0,23,27,319,0.8
Riberalta,2026-08-03 09:00:00,71,0.0,26,26,289,1.0
Riberalta,2026-08-03 09:00:00,74,0.0,32,26,310,1.5
Riberalta,2026-08-03 09:00:00,77,0.0,36,36,330,2.1
Riberalta,2026-08-03 09:00:00,80,0.0,36,35,320,1.8
Riberalta,2026-08-03 09:00:00,83,0.0,28,26,301,1.5
Riberalta,2026-08-03 09:00:00,86,0.0,23,26,311,1.6
Riberalta,2026-08-03 09:00:00,89,0.0,23,26,320,1.7
Río Chilenas(GPRS),2026-08-03 09:00:00,2,0.0,1,26,240,3.8
Río Chilenas(GPRS),2026-08-03 09:00:00,5,0.0,10,26,235,5.3
Río Chilenas(GPRS),2026-08-03 09:00:00,8,0.0,10,26,240,4.1
Río Chilenas(GPRS),2026-08-03 09:00:00,11,0.0,0,26,245,2.7
Río Chilenas(GPRS),2026-08-03 09:00:00,14,0.0,-4,26,255,2.7
Río Chilenas(GPRS),2026-08-03 09:00:00,17,0.0,-9,26,255,2.6
Río Chilenas(GPRS),2026-08-03 09:00:00,20,0.0,-9,26,268,2.3
Río Chilenas(GPRS),2026-08-03 09:00:00,23,0.0,-3,26,267,2.0
Río Chilenas(GPRS),2026-08-03 09:00:00,26,0.0,2,26,261,3.9
Río Chilenas(GPRS),2026-08-03 09:00:00,29,0.0,10,26,250,5.8
Río Chilenas(GPRS),2026-08-03 09:00:00,32,0.0,10,26,250,4.5
Río Chilenas(GPRS),2026-08-03 09:00:00,35,0.0,-1,26,245,3.3
Río Chilenas(GPRS),2026-08-03 09:00:00,38,0.0,-6,26,255,2.9
Río Chilenas(GPRS),2026-08-03 09:00:00,41,0.0,-11,26,265,2.5
Río Chilenas(GPRS),2026-08-03 09:00:00,44,0.0,-11,26,259,2.3
Río Chilenas(GPRS),2026-08-03 09:00:00,47,0.0,-2,26,257,2.1
Río Chilenas(GPRS),2026-08-03 09:00:00,50,0.0,3,26,263,4.2
Río Chilenas(GPRS),2026-08-03 09:00:00,53,0.0,11,26,266,6.2
Río Chilenas(GPRS),2026-08-03 09:00:00,56,0.0,11,26,276,4.5
Río Chilenas(GPRS),2026-08-03 09:00:00,59,0.0,0,27,281,2.8
Río Chilenas(GPRS),2026-08-03 09:00:00,62,0.0,-5,26,283,2.8
Río Chilenas(GPRS),2026-08-03 09:00:00,65,0.0,-10,26,280,2.8
Río Chilenas(GPRS),2026-08-03 09:00:00,68,0.0,-10,26,265,2.8
Río Chilenas(GPRS),2026-08-03 09:00:00,71,0.0,-1,26,259,2.6
Río Chilenas(GPRS),2026-08-03 09:00:00,74,0.0,3,26,272,4.8
Río Chilenas(GPRS),2026-08-03 09:00:00,77,0.0,11,26,280,6.9
Río Chilenas(GPRS),2026-08-03 09:00:00,80,0.0,11,26,280,5.3
Río Chilenas(GPRS),2026-08-03 09:00:00,83,0.0,0,26,277,3.7
Río Chilenas(GPRS),2026-08-03 09:00:00,86,0.0,-10,26,277,3.5
Río Chilenas(GPRS),2026-08-03 09:00:00,89,0.0,-10,26,273,3.3
Robore,2026-08-03 09:00:00,2,0.0,28,56,350,4.3
Robore,2026-08-03 09:00:00,5,1.6,32,89,340,6.3
Robore,2026-08-03 09:00:00,8,2.6,32,89,350,4.4
Robore,2026-08-03 09:00:00,11,0.0,29,55,352,2.5
Robore,2026-08-03 09:00:00,14,0.0,26,56,332,2.2
Robore,2026-08-03 09:00:00,17,0.0,20,57,310,1.8
Robore,2026-08-03 09:00:00,20,0.0,20,56,50,1.1
Robore,2026-08-03 09:00:00,23,0.0,24,56,60,0.9
Robore,2026-08-03 09:00:00,26,0.0,26,56,136,1.7
Robore,2026-08-03 09:00:00,29,1.9,32,89,231,2.6
Robore,2026-08-03 09:00:00,32,1.3,32,90,181,1.9
Robore,2026-08-03 09:00:00,35,0.6,28,89,122,1.2
Robore,2026-08-03 09:00:00,38,1.1,25,89,162,0.9
Robore,2026-08-03 09:00:00,41,0.0,21,26,200,0.7
Robore,2026-08-03 09:00:00,44,0.0,21,26,348,2.0
Robore,2026-08-03 09:00:00,47,0.0,27,26,348,2.3
Robore,2026-08-03 09:00:00,50,0.0,31,26,340,3.5
Robore,2026-08-03 09:00:00,53,0.0,33,36,330,4.7
Robore,2026-08-03 09:00:00,56,0.0,33,35,340,3.3
Robore,2026-08-03 09:00:00,59,0.0,29,26,350,2.0
Robore,2026-08-03 09:00:00,62,0.0,26,26,350,1.9
Robore,2026-08-03 09:00:00,65,0.0,22,36,340,1.8
Robore,2026-08-03 09:00:00,68,0.0,22,36,8,2.0
Robore,2026-08-03 09:00:00,71,0.0,25,37,8,2.3
Robore,2026-08-03 09:00:00,74,0.0,29,36,358,4.2
Robore,2026-08-03 09:00:00,77,0.0,33,36,340,6.1
Robore,2026-08-03 09:00:00,80,0.0,33,37,350,4.3
Robore,2026-08-03 09:00:00,83,0.0,29,36,352,2.4
Robore,2026-08-03 09:00:00,86,0.0,22,36,352,2.7
Robore,2026-08-03 09:00:00,89,0.0,22,36,350,2.9
Rurrenabaque,2026-08-03 09:00:00,2,0.0,25,57,308,1.7
Rurrenabaque,2026-08-03 09:00:00,5,0.0,27,56,347,2.8
Rurrenabaque,2026-08-03 09:00:00,8,0.0,27,56,325,1.9
Rurrenabaque,2026-08-03 09:00:00,11,0.0,24,36,292,0.9
Rurrenabaque,2026-08-03 09:00:00,14,0.0,22,36,268,0.9
Rurrenabaque,2026-08-03 09:00:00,17,0.0,20,26,238,0.9
Rurrenabaque,2026-08-03 09:00:00,20,1.3,20,89,241,0.6
Rurrenabaque,2026-08-03 09:00:00,23,1.3,23,89,243,0.4
Rurrenabaque,2026-08-03 09:00:00,26,1.3,25,89,299,1.0
Rurrenabaque,2026-08-03 09:00:00,29,0.0,26,56,350,1.7
Rurrenabaque,2026-08-03 09:00:00,32,0.0,26,56,286,1.5
Rurrenabaque,2026-08-03 09:00:00,35,0.0,25,36,218,1.3
Rurrenabaque,2026-08-03 09:00:00,38,0.0,22,36,210,1.2
Rurrenabaque,2026-08-03 09:00:00,41,0.0,20,26,195,1.1
Rurrenabaque,2026-08-03 09:00:00,44,0.0,20,26,228,0.8
Rurrenabaque,2026-08-03 09:00:00,47,0.0,23,26,226,0.7
Rurrenabaque,2026-08-03 09:00:00,50,0.0,25,27,287,1.6
Rurrenabaque,2026-08-03 09:00:00,53,0.0,26,36,344,2.5
Rurrenabaque,2026-08-03 09:00:00,56,0.0,26,36,291,1.7
Rurrenabaque,2026-08-03 09:00:00,59,0.0,24,27,232,1.0
Rurrenabaque,2026-08-03 09:00:00,62,0.0,22,26,238,0.9
Rurrenabaque,2026-08-03 09:00:00,65,0.0,20,27,234,0.9
Rurrenabaque,2026-08-03 09:00:00,68,0.0,20,26,239,0.9
Rurrenabaque,2026-08-03 09:00:00,71,0.0,23,26,239,0.8
Rurrenabaque,2026-08-03 09:00:00,74,0.0,25,26,295,2.1
Rurrenabaque,2026-08-03 09:00:00,77,0.0,27,36,347,3.4
Rurrenabaque,2026-08-03 09:00:00,80,0.0,27,36,334,2.2
Rurrenabaque,2026-08-03 09:00:00,83,0.0,25,26,314,1.1
Rurrenabaque,2026-08-03 09:00:00,86,0.0,21,26,295,1.0
Rurrenabaque,2026-08-03 09:00:00,89,0.0,21,26,269,1.0
Salinas (INIAF),2026-08-03 09:00:00,2,0.0,6,26,82,1.5
Salinas (INIAF),2026-08-03 09:00:00,5,0.0,13,26,265,1.3
Salinas (INIAF),2026-08-03 09:00:00,8,0.0,13,27,78,1.6
Salinas (INIAF),2026-08-03 09:00:00,11,0.0,6,27,88,1.8
Salinas (INIAF),2026-08-03 09:00:00,14,0.0,3,26,151,1.6
Salinas (INIAF),2026-08-03 09:00:00,17,0.0,-8,26,209,1.3
Salinas (INIAF),2026-08-03 09:00:00,20,0.0,-8,26,324,1.4
Salinas (INIAF),2026-08-03 09:00:00,23,0.0,2,26,33,0.9
Salinas (INIAF),2026-08-03 09:00:00,26,0.0,7,26,3,1.3
Salinas (INIAF),2026-08-03 09:00:00,29,0.0,13,27,328,1.8
Salinas (INIAF),2026-08-03 09:00:00,32,0.0,13,26,341,1.4
Salinas (INIAF),2026-08-03 09:00:00,35,0.0,7,26,348,1.0
Salinas (INIAF),2026-08-03 09:00:00,38,0.0,-2,26,293,1.1
Salinas (INIAF),2026-08-03 09:00:00,41,0.0,-9,26,244,1.3
Salinas (INIAF),2026-08-03 09:00:00,44,0.0,-9,27,226,2.0
Salinas (INIAF),2026-08-03 09:00:00,47,0.0,3,26,51,1.6
Salinas (INIAF),2026-08-03 09:00:00,50,0.0,8,26,351,1.8
Salinas (INIAF),2026-08-03 09:00:00,53,0.0,15,27,281,1.9
Salinas (INIAF),2026-08-03 09:00:00,56,0.0,15,27,227,1.4
Salinas (INIAF),2026-08-03 09:00:00,59,0.0,7,26,170,1.0
Salinas (INIAF),2026-08-03 09:00:00,62,0.0,0,26,193,1.4
Salinas (INIAF),2026-08-03 09:00:00,65,0.0,-8,27,211,1.9
Salinas (INIAF),2026-08-03 09:00:00,68,0.0,-8,27,155,1.4
Salinas (INIAF),2026-08-03 09:00:00,71,0.0,3,26,21,1.2
Salinas (INIAF),2026-08-03 09:00:00,74,0.0,8,26,346,1.5
Salinas (INIAF),2026-08-03 09:00:00,77,0.0,15,26,301,1.9
Salinas (INIAF),2026-08-03 09:00:00,80,0.0,15,26,250,2.0
Salinas (INIAF),2026-08-03 09:00:00,83,0.0,8,26,191,2.1
Salinas (INIAF),2026-08-03 09:00:00,86,0.0,-8,26,196,1.9
Salinas (INIAF),2026-08-03 09:00:00,89,0.0,-8,26,201,1.5
Salo,2026-08-03 09:00:00,2,0.0,10,27,195,2.7
Salo,2026-08-03 09:00:00,5,0.0,19,26,126,3.1
Salo,2026-08-03 09:00:00,8,0.0,19,26,80,2.8
Salo,2026-08-03 09:00:00,11,0.0,13,26,25,2.5
Salo,2026-08-03 09:00:00,14,0.0,5,26,351,2.2
Salo,2026-08-03 09:00:00,17,0.0,-10,26,306,1.8
Salo,2026-08-03 09:00:00,20,0.0,-10,26,11,1.2
Salo,2026-08-03 09:00:00,23,0.0,3,26,11,0.9
Salo,2026-08-03 09:00:00,26,0.0,10,26,1,2.3
Salo,2026-08-03 09:00:00,29,0.0,19,26,350,3.6
Salo,2026-08-03 09:00:00,32,0.0,19,26,341,3.4
Salo,2026-08-03 09:00:00,35,0.0,8,26,326,3.2
Salo,2026-08-03 09:00:00,38,0.0,1,26,306,2.5
Salo,2026-08-03 09:00:00,41,0.0,-10,26,280,1.8
Salo,2026-08-03 09:00:00,44,0.0,-10,26,306,2.0
Salo,2026-08-03 09:00:00,47,0.0,5,25,285,1.2
Salo,2026-08-03 09:00:00,50,0.0,11,26,269,2.5
Salo,2026-08-03 09:00:00,53,0.0,20,26,244,3.8
Salo,2026-08-03 09:00:00,56,0.0,20,26,270,3.6
Salo,2026-08-03 09:00:00,59,0.0,9,26,286,3.3
Salo,2026-08-03 09:00:00,62,0.0,-1,26,286,3.0
Salo,2026-08-03 09:00:00,65,0.0,-11,26,280,2.7
Salo,2026-08-03 09:00:00,68,0.0,-10,26,295,2.3
Salo,2026-08-03 09:00:00,71,0.0,5,27,275,2.2
Salo,2026-08-03 09:00:00,74,0.0,12,26,275,4.6
Salo,2026-08-03 09:00:00,77,0.0,21,26,269,6.9
Salo,2026-08-03 09:00:00,80,0.0,20,26,280,5.7
Salo,2026-08-03 09:00:00,83,0.0,8,26,285,4.5
Salo,2026-08-03 09:00:00,86,0.0,-10,26,280,4.1
Salo,2026-08-03 09:00:00,89,0.0,-10,26,270,3.6
San Antonio - Los Ángeles,2026-08-03 09:00:00,2,0.0,28,57,313,2.8
San Antonio - Los Ángeles,2026-08-03 09:00:00,5,0.0,31,57,310,3.8
San Antonio - Los Ángeles,2026-08-03 09:00:00,8,0.0,31,56,300,2.6
San Antonio - Los Ángeles,2026-08-03 09:00:00,11,0.0,27,56,282,1.4
San Antonio - Los Ángeles,2026-08-03 09:00:00,14,0.0,23,56,283,1.3
San Antonio - Los Ángeles,2026-08-03 09:00:00,17,0.0,19,56,283,1.2
San Antonio - Los Ángeles,2026-08-03 09:00:00,20,0.0,19,56,19,1.2
San Antonio - Los Ángeles,2026-08-03 09:00:00,23,0.0,22,56,103,1.4
San Antonio - Los Ángeles,2026-08-03 09:00:00,26,0.0,26,57,113,1.5
San Antonio - Los Ángeles,2026-08-03 09:00:00,29,1.2,29,89,122,1.7
San Antonio - Los Ángeles,2026-08-03 09:00:00,32,1.5,29,89,123,1.3
San Antonio - Los Ángeles,2026-08-03 09:00:00,35,0.0,25,57,113,0.9
San Antonio - Los Ángeles,2026-08-03 09:00:00,38,0.0,23,57,113,1.4
San Antonio - Los Ángeles,2026-08-03 09:00:00,41,0.0,20,26,113,1.8
San Antonio - Los Ángeles,2026-08-03 09:00:00,44,0.0,20,26,313,1.0
San Antonio - Los Ángeles,2026-08-03 09:00:00,47,0.0,23,27,310,0.9
San Antonio - Los Ángeles,2026-08-03 09:00:00,50,0.0,26,26,310,1.8
San Antonio - Los Ángeles,2026-08-03 09:00:00,53,0.0,29,36,307,2.7
San Antonio - Los Ángeles,2026-08-03 09:00:00,56,0.0,29,37,310,2.0
San Antonio - Los Ángeles,2026-08-03 09:00:00,59,0.0,26,25,312,1.4
San Antonio - Los Ángeles,2026-08-03 09:00:00,62,0.0,22,26,313,1.4
San Antonio - Los Ángeles,2026-08-03 09:00:00,65,0.0,20,55,313,1.3
San Antonio - Los Ángeles,2026-08-03 09:00:00,68,0.0,20,56,303,1.6
San Antonio - Los Ángeles,2026-08-03 09:00:00,71,0.0,22,56,313,1.8
San Antonio - Los Ángeles,2026-08-03 09:00:00,74,0.0,25,56,310,3.0
San Antonio - Los Ángeles,2026-08-03 09:00:00,77,0.0,30,36,307,4.3
San Antonio - Los Ángeles,2026-08-03 09:00:00,80,0.0,30,36,310,3.2
San Antonio - Los Ángeles,2026-08-03 09:00:00,83,0.0,25,36,313,2.1
San Antonio - Los Ángeles,2026-08-03 09:00:00,86,0.0,20,36,313,2.0
San Antonio - Los Ángeles,2026-08-03 09:00:00,89,0.0,20,36,310,1.8
San Borja,2026-08-03 09:00:00,2,0.0,26,56,329,2.6
San Borja,2026-08-03 09:00:00,5,0.0,30,56,330,3.7
San Borja,2026-08-03 09:00:00,8,0.0,30,56,340,2.7
San Borja,2026-08-03 09:00:00,11,0.0,27,36,348,1.7
San Borja,2026-08-03 09:00:00,14,0.0,24,36,328,1.5
San Borja,2026-08-03 09:00:00,17,0.0,21,26,302,1.4
San Borja,2026-08-03 09:00:00,20,1.5,21,89,315,1.2
San Borja,2026-08-03 09:00:00,23,1.0,23,89,325,1.2
San Borja,2026-08-03 09:00:00,26,1.5,26,89,347,2.0
San Borja,2026-08-03 09:00:00,29,0.0,29,57,2,2.8
San Borja,2026-08-03 09:00:00,32,0.0,29,56,304,2.1
San Borja,2026-08-03 09:00:00,35,0.0,27,37,196,1.4
San Borja,2026-08-03 09:00:00,38,0.0,24,36,179,1.5
San Borja,2026-08-03 09:00:00,41,0.0,21,26,162,1.5
San Borja,2026-08-03 09:00:00,44,0.0,21,26,285,1.0
San Borja,2026-08-03 09:00:00,47,0.0,23,25,277,1.1
San Borja,2026-08-03 09:00:00,50,0.0,26,26,310,2.4
San Borja,2026-08-03 09:00:00,53,0.0,29,36,340,3.6
San Borja,2026-08-03 09:00:00,56,0.0,29,36,336,2.4
San Borja,2026-08-03 09:00:00,59,0.0,26,26,325,1.3
San Borja,2026-08-03 09:00:00,62,0.0,23,26,327,1.0
San Borja,2026-08-03 09:00:00,65,0.0,21,26,320,0.8
San Borja,2026-08-03 09:00:00,68,0.0,21,26,288,1.1
San Borja,2026-08-03 09:00:00,71,0.0,23,26,298,1.3
San Borja,2026-08-03 09:00:00,74,0.0,26,26,318,2.7
San Borja,2026-08-03 09:00:00,77,0.0,30,36,330,4.1
San Borja,2026-08-03 09:00:00,80,0.0,30,36,329,2.9
San Borja,2026-08-03 09:00:00,83,0.0,28,26,325,1.8
San Borja,2026-08-03 09:00:00,86,0.0,21,26,316,1.6
San Borja,2026-08-03 09:00:00,89,0.0,21,27,306,1.4
San Buenaventura,2026-08-03 09:00:00,2,0.0,25,56,310,1.4
San Buenaventura,2026-08-03 09:00:00,5,0.0,27,57,360,2.5
San Buenaventura,2026-08-03 09:00:00,8,0.0,27,56,322,1.7
San Buenaventura,2026-08-03 09:00:00,11,0.0,24,37,275,0.9
San Buenaventura,2026-08-03 09:00:00,14,0.0,22,36,252,0.9
San Buenaventura,2026-08-03 09:00:00,17,0.0,20,26,222,0.8
San Buenaventura,2026-08-03 09:00:00,20,0.8,20,89,215,0.4
San Buenaventura,2026-08-03 09:00:00,23,0.8,24,89,213,0.3
San Buenaventura,2026-08-03 09:00:00,26,0.8,26,89,290,0.7
San Buenaventura,2026-08-03 09:00:00,29,0.8,28,88,7,1.1
San Buenaventura,2026-08-03 09:00:00,32,1.4,28,87,300,1.1
San Buenaventura,2026-08-03 09:00:00,35,0.0,25,56,230,1.1
San Buenaventura,2026-08-03 09:00:00,38,0.0,23,57,220,0.9
San Buenaventura,2026-08-03 09:00:00,41,0.0,20,35,200,0.8
San Buenaventura,2026-08-03 09:00:00,44,0.0,20,35,230,0.8
San Buenaventura,2026-08-03 09:00:00,47,0.0,22,35,227,0.6
San Buenaventura,2026-08-03 09:00:00,50,0.0,24,35,297,1.6
San Buenaventura,2026-08-03 09:00:00,53,1.7,27,73,360,2.6
San Buenaventura,2026-08-03 09:00:00,56,0.8,27,74,302,1.7
San Buenaventura,2026-08-03 09:00:00,59,0.0,25,35,242,0.8
San Buenaventura,2026-08-03 09:00:00,62,0.0,23,35,240,0.9
San Buenaventura,2026-08-03 09:00:00,65,0.0,21,26,237,0.9
San Buenaventura,2026-08-03 09:00:00,68,0.0,21,26,230,0.8
San Buenaventura,2026-08-03 09:00:00,71,0.0,23,26,222,0.7
San Buenaventura,2026-08-03 09:00:00,74,0.0,25,26,290,2.0
San Buenaventura,2026-08-03 09:00:00,77,0.0,28,37,358,3.4
San Buenaventura,2026-08-03 09:00:00,80,0.0,28,37,338,2.3
San Buenaventura,2026-08-03 09:00:00,83,0.0,24,26,318,1.2
San Buenaventura,2026-08-03 09:00:00,86,0.0,21,26,290,1.0
San Buenaventura,2026-08-03 09:00:00,89,0.0,21,26,255,0.9
San Ignacio de Moxos,2026-08-03 09:00:00,2,0.0,27,56,330,2.8
San Ignacio de Moxos,2026-08-03 09:00:00,5,0.0,31,56,330,3.6
San Ignacio de Moxos,2026-08-03 09:00:00,8,0.0,31,56,320,2.5
San Ignacio de Moxos,2026-08-03 09:00:00,11,0.0,28,36,303,1.4
San Ignacio de Moxos,2026-08-03 09:00:00,14,0.0,25,36,310,1.5
San Ignacio de Moxos,2026-08-03 09:00:00,17,0.0,19,56,312,1.7
San Ignacio de Moxos,2026-08-03 09:00:00,20,1.4,19,89,350,1.6
San Ignacio de Moxos,2026-08-03 09:00:00,23,1.3,23,89,330,1.7
San Ignacio de Moxos,2026-08-03 09:00:00,26,1.4,27,89,340,2.0
San Ignacio de Moxos,2026-08-03 09:00:00,29,0.0,30,56,348,2.3
San Ignacio de Moxos,2026-08-03 09:00:00,32,0.0,30,56,70,2.0
San Ignacio de Moxos,2026-08-03 09:00:00,35,0.0,26,35,146,1.6
San Ignacio de Moxos,2026-08-03 09:00:00,38,0.0,23,36,130,1.6
San Ignacio de Moxos,2026-08-03 09:00:00,41,0.0,20,26,114,1.6
San Ignacio de Moxos,2026-08-03 09:00:00,44,0.0,20,26,320,1.4
San Ignacio de Moxos,2026-08-03 09:00:00,47,0.0,26,25,316,1.4
San Ignacio de Moxos,2026-08-03 09:00:00,50,0.0,28,26,330,2.4
San Ignacio de Moxos,2026-08-03 09:00:00,53,0.0,33,36,344,3.4
San Ignacio de Moxos,2026-08-03 09:00:00,56,0.0,33,36,343,2.4
San Ignacio de Moxos,2026-08-03 09:00:00,59,0.0,28,26,333,1.4
San Ignacio de Moxos,2026-08-03 09:00:00,62,0.0,25,26,319,1.5
San Ignacio de Moxos,2026-08-03 09:00:00,65,0.0,21,26,299,1.6
San Ignacio de Moxos,2026-08-03 09:00:00,68,0.0,21,26,310,1.7
San Ignacio de Moxos,2026-08-03 09:00:00,71,0.0,24,26,310,1.9
San Ignacio de Moxos,2026-08-03 09:00:00,74,0.0,29,26,320,3.1
San Ignacio de Moxos,2026-08-03 09:00:00,77,0.0,33,36,320,4.3
San Ignacio de Moxos,2026-08-03 09:00:00,80,0.0,33,36,310,2.9
San Ignacio de Moxos,2026-08-03 09:00:00,83,0.0,29,26,298,1.7
San Ignacio de Moxos,2026-08-03 09:00:00,86,0.0,21,25,310,1.9
San Ignacio de Moxos,2026-08-03 09:00:00,89,0.0,21,26,320,2.0
San Ignacio de Velasco,2026-08-03 09:00:00,2,0.0,27,56,332,3.9
San Ignacio de Velasco,2026-08-03 09:00:00,5,2.4,34,89,326,5.2
San Ignacio de Velasco,2026-08-03 09:00:00,8,1.7,34,89,340,3.6
San Ignacio de Velasco,2026-08-03 09:00:00,11,0.0,30,56,348,2.0
San Ignacio de Velasco,2026-08-03 09:00:00,14,0.0,26,56,347,1.8
San Ignacio de Velasco,2026-08-03 09:00:00,17,0.0,19,56,339,1.6
San Ignacio de Velasco,2026-08-03 09:00:00,20,0.0,19,56,303,2.1
San Ignacio de Velasco,2026-08-03 09:00:00,23,0.0,23,56,273,2.5
San Ignacio de Velasco,2026-08-03 09:00:00,26,0.0,26,56,271,2.9
San Ignacio de Velasco,2026-08-03 09:00:00,29,1.3,34,89,268,3.3
San Ignacio de Velasco,2026-08-03 09:00:00,32,0.7,34,89,210,2.4
San Ignacio de Velasco,2026-08-03 09:00:00,35,1.9,27,89,149,1.6
San Ignacio de Velasco,2026-08-03 09:00:00,38,1.2,24,89,110,1.5
San Ignacio de Velasco,2026-08-03 09:00:00,41,0.0,20,26,67,1.3
San Ignacio de Velasco,2026-08-03 09:00:00,44,0.0,20,26,20,1.7
San Ignacio de Velasco,2026-08-03 09:00:00,47,0.0,26,26,339,1.8
San Ignacio de Velasco,2026-08-03 09:00:00,50,0.0,31,26,342,3.1
San Ignacio de Velasco,2026-08-03 09:00:00,53,0.0,35,36,340,4.4
San Ignacio de Velasco,2026-08-03 09:00:00,56,0.0,35,36,340,3.3
San Ignacio de Velasco,2026-08-03 09:00:00,59,0.0,29,26,336,2.2
San Ignacio de Velasco,2026-08-03 09:00:00,62,0.0,25,26,322,2.0
San Ignacio de Velasco,2026-08-03 09:00:00,65,0.0,21,36,302,1.9
San Ignacio de Velasco,2026-08-03 09:00:00,68,0.0,21,36,330,2.3
San Ignacio de Velasco,2026-08-03 09:00:00,71,0.0,27,36,322,2.8
San Ignacio de Velasco,2026-08-03 09:00:00,74,0.0,32,36,330,4.4
San Ignacio de Velasco,2026-08-03 09:00:00,77,0.0,35,36,330,6.1
San Ignacio de Velasco,2026-08-03 09:00:00,80,0.0,35,37,340,4.3
San Ignacio de Velasco,2026-08-03 09:00:00,83,0.0,28,36,340,2.5
San Ignacio de Velasco,2026-08-03 09:00:00,86,0.0,21,36,330,2.6
San Ignacio de Velasco,2026-08-03 09:00:00,89,0.0,21,36,312,2.8
San Javier,2026-08-03 09:00:00,2,0.0,29,56,340,3.3
San Javier,2026-08-03 09:00:00,5,1.7,31,90,320,4.4
San Javier,2026-08-03 09:00:00,8,1.2,31,89,321,3.7
San Javier,2026-08-03 09:00:00,11,0.0,28,56,321,3.0
San Javier,2026-08-03 09:00:00,14,0.0,24,56,341,2.6
San Javier,2026-08-03 09:00:00,17,0.0,19,56,1,2.2
San Javier,2026-08-03 09:00:00,20,0.0,19,55,347,2.0
San Javier,2026-08-03 09:00:00,23,0.0,23,56,193,2.0
San Javier,2026-08-03 09:00:00,26,0.0,26,56,213,2.5
San Javier,2026-08-03 09:00:00,29,1.0,31,89,229,3.0
San Javier,2026-08-03 09:00:00,32,1.2,31,90,200,2.3
San Javier,2026-08-03 09:00:00,35,1.8,27,89,170,1.6
San Javier,2026-08-03 09:00:00,38,1.2,23,90,133,1.0
San Javier,2026-08-03 09:00:00,41,0.0,20,26,93,0.4
San Javier,2026-08-03 09:00:00,44,0.0,20,26,4,1.9
San Javier,2026-08-03 09:00:00,47,0.0,23,26,360,2.3
San Javier,2026-08-03 09:00:00,50,0.0,27,27,340,3.3
San Javier,2026-08-03 09:00:00,53,0.0,32,36,320,4.4
San Javier,2026-08-03 09:00:00,56,0.0,32,36,340,3.3
San Javier,2026-08-03 09:00:00,59,0.0,27,26,360,2.1
San Javier,2026-08-03 09:00:00,62,0.0,24,25,360,2.0
San Javier,2026-08-03 09:00:00,65,0.0,20,37,351,1.8
San Javier,2026-08-03 09:00:00,68,0.0,21,36,350,2.1
San Javier,2026-08-03 09:00:00,71,0.0,26,36,350,2.2
San Javier,2026-08-03 09:00:00,74,0.0,29,36,340,3.8
San Javier,2026-08-03 09:00:00,77,0.0,32,36,320,5.4
San Javier,2026-08-03 09:00:00,80,0.0,32,37,340,4.0
San Javier,2026-08-03 09:00:00,83,0.0,28,36,350,2.6
San Javier,2026-08-03 09:00:00,86,0.0,20,36,340,2.9
San Javier,2026-08-03 09:00:00,89,0.0,21,36,330,3.3
San Jose,2026-08-03 09:00:00,2,0.0,31,56,350,4.0
San Jose,2026-08-03 09:00:00,5,2.6,34,89,335,5.9
San Jose,2026-08-03 09:00:00,8,1.6,34,89,335,4.0
San Jose,2026-08-03 09:00:00,11,0.0,30,56,331,2.1
San Jose,2026-08-03 09:00:00,14,0.0,25,56,10,1.7
San Jose,2026-08-03 09:00:00,17,0.0,21,57,45,1.2
San Jose,2026-08-03 09:00:00,20,0.0,21,56,271,0.8
San Jose,2026-08-03 09:00:00,23,0.0,24,56,261,0.7
San Jose,2026-08-03 09:00:00,26,0.0,27,56,256,2.3
San Jose,2026-08-03 09:00:00,29,1.0,34,89,245,4.0
San Jose,2026-08-03 09:00:00,32,1.2,34,89,201,3.3
San Jose,2026-08-03 09:00:00,35,1.0,29,89,156,2.6
San Jose,2026-08-03 09:00:00,38,1.0,24,90,156,2.0
San Jose,2026-08-03 09:00:00,41,0.0,22,26,150,1.4
San Jose,2026-08-03 09:00:00,44,0.0,22,26,35,1.8
San Jose,2026-08-03 09:00:00,47,0.0,26,26,346,1.5
San Jose,2026-08-03 09:00:00,50,0.0,29,26,340,3.4
San Jose,2026-08-03 09:00:00,53,0.0,35,36,330,5.2
San Jose,2026-08-03 09:00:00,56,0.0,35,35,350,3.7
San Jose,2026-08-03 09:00:00,59,0.0,32,26,1,2.1
San Jose,2026-08-03 09:00:00,62,0.0,29,26,348,1.6
San Jose,2026-08-03 09:00:00,65,0.0,23,36,328,1.0
San Jose,2026-08-03 09:00:00,68,0.0,23,36,51,1.6
San Jose,2026-08-03 09:00:00,71,0.0,26,36,25,1.7
San Jose,2026-08-03 09:00:00,74,0.0,30,36,5,4.3
San Jose,2026-08-03 09:00:00,77,0.0,35,36,340,6.9
San Jose,2026-08-03 09:00:00,80,0.0,35,36,350,4.9
San Jose,2026-08-03 09:00:00,83,0.0,31,36,350,2.9
San Jose,2026-08-03 09:00:00,86,0.0,23,36,345,3.4
San Jose,2026-08-03 09:00:00,89,0.0,23,36,335,4.0
San Julian - Comunidad Los Angeles,2026-08-03 09:00:00,2,0.0,28,56,328,4.1
San Julian - Comunidad Los Angeles,2026-08-03 09:00:00,5,0.0,32,56,320,5.5
San Julian - Comunidad Los Angeles,2026-08-03 09:00:00,8,0.0,32,56,340,4.1
San Julian - Comunidad Los Angeles,2026-08-03 09:00:00,11,0.0,28,57,350,2.6
San Julian - Comunidad Los Angeles,2026-08-03 09:00:00,14,0.0,24,56,341,2.3
San Julian - Comunidad Los Angeles,2026-08-03 09:00:00,17,0.0,19,56,331,2.0
San Julian - Comunidad Los Angeles,2026-08-03 09:00:00,20,0.0,19,56,301,1.4
San Julian - Comunidad Los Angeles,2026-08-03 09:00:00,23,0.0,24,56,262,0.9
San Julian - Comunidad Los Angeles,2026-08-03 09:00:00,26,0.0,27,56,249,2.3
San Julian - Comunidad Los Angeles,2026-08-03 09:00:00,29,1.3,30,89,227,3.7
San Julian - Comunidad Los Angeles,2026-08-03 09:00:00,32,1.2,30,88,198,2.4
San Julian - Comunidad Los Angeles,2026-08-03 09:00:00,35,0.0,28,56,169,1.1
San Julian - Comunidad Los Angeles,2026-08-03 09:00:00,38,0.0,24,56,151,1.4
San Julian - Comunidad Los Angeles,2026-08-03 09:00:00,41,0.0,20,26,130,1.7
San Julian - Comunidad Los Angeles,2026-08-03 09:00:00,44,0.0,20,26,331,1.9
San Julian - Comunidad Los Angeles,2026-08-03 09:00:00,47,0.0,24,26,330,2.2
San Julian - Comunidad Los Angeles,2026-08-03 09:00:00,50,0.0,27,26,330,3.8
San Julian - Comunidad Los Angeles,2026-08-03 09:00:00,53,0.0,30,35,320,5.4
San Julian - Comunidad Los Angeles,2026-08-03 09:00:00,56,0.0,30,36,340,4.1
San Julian - Comunidad Los Angeles,2026-08-03 09:00:00,59,0.0,27,26,350,2.6
San Julian - Comunidad Los Angeles,2026-08-03 09:00:00,62,0.0,23,26,350,2.5
San Julian - Comunidad Los Angeles,2026-08-03 09:00:00,65,0.0,20,56,340,2.3
San Julian - Comunidad Los Angeles,2026-08-03 09:00:00,68,0.0,20,57,320,2.7
San Julian - Comunidad Los Angeles,2026-08-03 09:00:00,71,0.0,24,57,320,3.1
San Julian - Comunidad Los Angeles,2026-08-03 09:00:00,74,0.0,27,57,320,4.8
San Julian - Comunidad Los Angeles,2026-08-03 09:00:00,77,0.0,31,36,320,6.5
San Julian - Comunidad Los Angeles,2026-08-03 09:00:00,80,0.0,31,36,338,5.1
San Julian - Comunidad Los Angeles,2026-08-03 09:00:00,83,0.0,26,36,348,3.6
San Julian - Comunidad Los Angeles,2026-08-03 09:00:00,86,0.0,20,36,340,3.9
San Julian - Comunidad Los Angeles,2026-08-03 09:00:00,89,0.0,20,36,330,4.2
San Julián - Núcleo 32,2026-08-03 09:00:00,2,0.0,29,56,321,3.2
San Julián - Núcleo 32,2026-08-03 09:00:00,5,0.0,32,56,320,4.1
San Julián - Núcleo 32,2026-08-03 09:00:00,8,0.0,32,55,340,3.1
San Julián - Núcleo 32,2026-08-03 09:00:00,11,0.0,27,57,360,2.2
San Julián - Núcleo 32,2026-08-03 09:00:00,14,0.0,23,55,351,2.0
San Julián - Núcleo 32,2026-08-03 09:00:00,17,0.0,20,56,341,1.7
San Julián - Núcleo 32,2026-08-03 09:00:00,20,0.0,20,56,286,1.1
San Julián - Núcleo 32,2026-08-03 09:00:00,23,0.0,23,57,210,0.4
San Julián - Núcleo 32,2026-08-03 09:00:00,26,0.0,27,56,197,1.9
San Julián - Núcleo 32,2026-08-03 09:00:00,29,1.4,30,89,182,3.2
San Julián - Núcleo 32,2026-08-03 09:00:00,32,1.5,30,89,170,2.2
San Julián - Núcleo 32,2026-08-03 09:00:00,35,0.0,27,56,158,1.2
San Julián - Núcleo 32,2026-08-03 09:00:00,38,0.0,25,56,140,1.6
San Julián - Núcleo 32,2026-08-03 09:00:00,41,0.0,21,26,120,2.0
San Julián - Núcleo 32,2026-08-03 09:00:00,44,0.0,21,26,330,1.5
San Julián - Núcleo 32,2026-08-03 09:00:00,47,0.0,25,26,330,1.9
San Julián - Núcleo 32,2026-08-03 09:00:00,50,0.0,28,26,330,2.9
San Julián - Núcleo 32,2026-08-03 09:00:00,53,0.0,30,36,321,4.0
San Julián - Núcleo 32,2026-08-03 09:00:00,56,0.0,30,37,332,2.9
San Julián - Núcleo 32,2026-08-03 09:00:00,59,0.0,27,26,334,1.8
San Julián - Núcleo 32,2026-08-03 09:00:00,62,0.0,24,27,344,1.7
San Julián - Núcleo 32,2026-08-03 09:00:00,65,0.0,21,56,350,1.6
San Julián - Núcleo 32,2026-08-03 09:00:00,68,0.0,21,56,330,2.0
San Julián - Núcleo 32,2026-08-03 09:00:00,71,0.0,24,56,330,2.1
San Julián - Núcleo 32,2026-08-03 09:00:00,74,0.0,29,56,330,3.5
San Julián - Núcleo 32,2026-08-03 09:00:00,77,0.0,31,36,320,4.9
San Julián - Núcleo 32,2026-08-03 09:00:00,80,0.0,31,37,330,3.8
San Julián - Núcleo 32,2026-08-03 09:00:00,83,0.0,27,36,332,2.6
San Julián - Núcleo 32,2026-08-03 09:00:00,86,0.0,21,37,332,2.8
San Julián - Núcleo 32,2026-08-03 09:00:00,89,0.0,21,36,330,2.8
San Matias,2026-08-03 09:00:00,2,0.0,29,56,360,3.1
San Matias,2026-08-03 09:00:00,5,2.2,33,90,340,4.1
San Matias,2026-08-03 09:00:00,8,1.5,33,89,347,3.4
San Matias,2026-08-03 09:00:00,11,0.0,30,56,355,2.7
San Matias,2026-08-03 09:00:00,14,0.0,25,56,7,2.5
San Matias,2026-08-03 09:00:00,17,0.0,21,56,10,2.2
San Matias,2026-08-03 09:00:00,20,0.0,21,56,303,2.2
San Matias,2026-08-03 09:00:00,23,0.0,23,57,165,2.4
San Matias,2026-08-03 09:00:00,26,0.0,27,57,185,2.1
San Matias,2026-08-03 09:00:00,29,1.3,33,88,203,1.8
San Matias,2026-08-03 09:00:00,32,1.6,33,89,175,1.8
San Matias,2026-08-03 09:00:00,35,1.3,30,89,146,1.8
San Matias,2026-08-03 09:00:00,38,0.8,26,89,163,1.6
San Matias,2026-08-03 09:00:00,41,0.0,22,26,181,1.5
San Matias,2026-08-03 09:00:00,44,0.0,22,26,327,1.8
San Matias,2026-08-03 09:00:00,47,0.0,28,25,348,2.2
San Matias,2026-08-03 09:00:00,50,0.0,31,27,340,2.8
San Matias,2026-08-03 09:00:00,53,0.0,34,37,330,3.4
San Matias,2026-08-03 09:00:00,56,0.0,34,35,339,2.1
San Matias,2026-08-03 09:00:00,59,0.0,29,26,339,0.8
San Matias,2026-08-03 09:00:00,62,0.0,25,26,340,1.3
San Matias,2026-08-03 09:00:00,65,0.0,23,35,331,1.9
San Matias,2026-08-03 09:00:00,68,0.0,23,36,95,1.2
San Matias,2026-08-03 09:00:00,71,0.0,28,36,25,1.2
San Matias,2026-08-03 09:00:00,74,0.0,32,36,5,2.6
San Matias,2026-08-03 09:00:00,77,0.0,34,36,337,4.0
San Matias,2026-08-03 09:00:00,80,0.0,34,36,349,3.2
San Matias,2026-08-03 09:00:00,83,0.0,30,36,359,2.5
San Matias,2026-08-03 09:00:00,86,0.0,23,36,7,2.7
San Matias,2026-08-03 09:00:00,89,0.0,23,36,7,2.8
San Pablo de Lipez (GPRS),2026-08-03 09:00:00,2,0.0,3,26,245,2.4
San Pablo de Lipez (GPRS),2026-08-03 09:00:00,5,0.0,10,26,284,3.6
San Pablo de Lipez (GPRS),2026-08-03 09:00:00,8,0.0,10,25,299,3.0
San Pablo de Lipez (GPRS),2026-08-03 09:00:00,11,0.0,3,26,305,2.3
San Pablo de Lipez (GPRS),2026-08-03 09:00:00,14,0.0,-2,25,267,1.9
San Pablo de Lipez (GPRS),2026-08-03 09:00:00,17,0.0,-7,26,223,1.5
San Pablo de Lipez (GPRS),2026-08-03 09:00:00,20,0.0,-7,26,300,1.2
San Pablo de Lipez (GPRS),2026-08-03 09:00:00,23,0.0,0,27,338,0.8
San Pablo de Lipez (GPRS),2026-08-03 09:00:00,26,0.0,4,26,319,3.0
San Pablo de Lipez (GPRS),2026-08-03 09:00:00,29,0.0,10,26,294,5.2
San Pablo de Lipez (GPRS),2026-08-03 09:00:00,32,0.0,10,26,295,3.8
San Pablo de Lipez (GPRS),2026-08-03 09:00:00,35,0.0,5,25,290,2.4
San Pablo de Lipez (GPRS),2026-08-03 09:00:00,38,0.0,-2,26,266,1.9
San Pablo de Lipez (GPRS),2026-08-03 09:00:00,41,0.0,-9,26,237,1.3
San Pablo de Lipez (GPRS),2026-08-03 09:00:00,44,0.0,-9,26,262,1.5
San Pablo de Lipez (GPRS),2026-08-03 09:00:00,47,0.0,1,26,238,1.4
San Pablo de Lipez (GPRS),2026-08-03 09:00:00,50,0.0,5,27,266,4.2
San Pablo de Lipez (GPRS),2026-08-03 09:00:00,53,0.0,11,26,285,6.8
San Pablo de Lipez (GPRS),2026-08-03 09:00:00,56,0.0,11,26,276,4.6
San Pablo de Lipez (GPRS),2026-08-03 09:00:00,59,0.0,3,26,267,2.5
San Pablo de Lipez (GPRS),2026-08-03 09:00:00,62,0.0,-3,26,261,2.2
San Pablo de Lipez (GPRS),2026-08-03 09:00:00,65,0.0,-8,26,251,1.9
San Pablo de Lipez (GPRS),2026-08-03 09:00:00,68,0.0,-8,26,257,1.7
San Pablo de Lipez (GPRS),2026-08-03 09:00:00,71,0.0,-2,26,257,1.7
San Pablo de Lipez (GPRS),2026-08-03 09:00:00,74,0.0,6,26,276,3.7
San Pablo de Lipez (GPRS),2026-08-03 09:00:00,77,0.0,11,26,294,5.7
San Pablo de Lipez (GPRS),2026-08-03 09:00:00,80,0.0,11,26,309,4.2
San Pablo de Lipez (GPRS),2026-08-03 09:00:00,83,0.0,3,26,319,2.6
San Pablo de Lipez (GPRS),2026-08-03 09:00:00,86,0.0,-8,26,310,2.2
San Pablo de Lipez (GPRS),2026-08-03 09:00:00,89,0.0,-8,26,299,1.8
San Pedro - Río Victoria,2026-08-03 09:00:00,2,0.0,27,56,330,2.4
San Pedro - Río Victoria,2026-08-03 09:00:00,5,0.0,31,56,320,3.3
San Pedro - Río Victoria,2026-08-03 09:00:00,8,0.0,31,56,333,2.5
San Pedro - Río Victoria,2026-08-03 09:00:00,11,0.0,26,56,343,1.6
San Pedro - Río Victoria,2026-08-03 09:00:00,14,0.0,23,56,324,1.3
San Pedro - Río Victoria,2026-08-03 09:00:00,17,0.0,18,56,304,1.0
San Pedro - Río Victoria,2026-08-03 09:00:00,20,0.0,18,56,46,1.3
San Pedro - Río Victoria,2026-08-03 09:00:00,23,0.0,22,56,120,1.5
San Pedro - Río Victoria,2026-08-03 09:00:00,26,0.0,25,57,136,1.5
San Pedro - Río Victoria,2026-08-03 09:00:00,29,1.5,29,89,146,1.5
San Pedro - Río Victoria,2026-08-03 09:00:00,32,0.9,29,89,188,1.2
San Pedro - Río Victoria,2026-08-03 09:00:00,35,0.0,27,55,226,1.0
San Pedro - Río Victoria,2026-08-03 09:00:00,38,0.0,24,56,176,1.6
San Pedro - Río Victoria,2026-08-03 09:00:00,41,0.0,19,26,120,2.3
San Pedro - Río Victoria,2026-08-03 09:00:00,44,0.0,19,26,343,1.0
San Pedro - Río Victoria,2026-08-03 09:00:00,47,0.0,23,26,338,1.2
San Pedro - Río Victoria,2026-08-03 09:00:00,50,0.0,25,26,328,2.3
San Pedro - Río Victoria,2026-08-03 09:00:00,53,0.0,29,36,318,3.3
San Pedro - Río Victoria,2026-08-03 09:00:00,56,0.0,29,36,323,2.3
San Pedro - Río Victoria,2026-08-03 09:00:00,59,0.0,26,26,326,1.2
San Pedro - Río Victoria,2026-08-03 09:00:00,62,0.0,22,26,323,1.2
San Pedro - Río Victoria,2026-08-03 09:00:00,65,0.0,19,56,318,1.2
San Pedro - Río Victoria,2026-08-03 09:00:00,68,0.0,19,56,338,1.5
San Pedro - Río Victoria,2026-08-03 09:00:00,71,0.0,23,56,320,1.7
San Pedro - Río Victoria,2026-08-03 09:00:00,74,0.0,26,56,320,3.0
San Pedro - Río Victoria,2026-08-03 09:00:00,77,0.0,30,37,320,4.4
San Pedro - Río Victoria,2026-08-03 09:00:00,80,0.0,30,36,330,3.6
San Pedro - Río Victoria,2026-08-03 09:00:00,83,0.0,27,36,330,2.8
San Pedro - Río Victoria,2026-08-03 09:00:00,86,0.0,19,36,330,2.4
San Pedro - Río Victoria,2026-08-03 09:00:00,89,0.0,19,36,330,1.9
San Pedro de Buena Vista,2026-08-03 09:00:00,2,0.0,13,26,344,1.9
San Pedro de Buena Vista,2026-08-03 09:00:00,5,0.0,21,25,64,0.9
San Pedro de Buena Vista,2026-08-03 09:00:00,8,0.0,21,26,141,0.8
San Pedro de Buena Vista,2026-08-03 09:00:00,11,0.0,13,27,213,0.7
San Pedro de Buena Vista,2026-08-03 09:00:00,14,0.0,9,26,160,0.5
San Pedro de Buena Vista,2026-08-03 09:00:00,17,0.0,4,26,97,0.3
San Pedro de Buena Vista,2026-08-03 09:00:00,20,0.0,4,26,96,0.5
San Pedro de Buena Vista,2026-08-03 09:00:00,23,0.0,8,26,115,0.5
San Pedro de Buena Vista,2026-08-03 09:00:00,26,0.0,13,26,87,1.6
San Pedro de Buena Vista,2026-08-03 09:00:00,29,0.0,21,26,57,2.8
San Pedro de Buena Vista,2026-08-03 09:00:00,32,0.0,21,26,68,2.4
San Pedro de Buena Vista,2026-08-03 09:00:00,35,0.0,15,26,70,2.0
San Pedro de Buena Vista,2026-08-03 09:00:00,38,0.0,9,26,360,1.9
San Pedro de Buena Vista,2026-08-03 09:00:00,41,0.0,4,26,288,1.7
San Pedro de Buena Vista,2026-08-03 09:00:00,44,0.0,4,26,278,1.5
San Pedro de Buena Vista,2026-08-03 09:00:00,47,0.0,9,26,278,1.6
San Pedro de Buena Vista,2026-08-03 09:00:00,50,0.0,15,26,358,2.1
San Pedro de Buena Vista,2026-08-03 09:00:00,53,0.0,21,27,68,2.6
San Pedro de Buena Vista,2026-08-03 09:00:00,56,0.0,21,26,63,2.2
San Pedro de Buena Vista,2026-08-03 09:00:00,59,0.0,12,26,55,1.9
San Pedro de Buena Vista,2026-08-03 09:00:00,62,0.0,7,26,343,2.0
San Pedro de Buena Vista,2026-08-03 09:00:00,65,0.0,3,27,268,2.2
San Pedro de Buena Vista,2026-08-03 09:00:00,68,0.0,3,26,298,1.7
San Pedro de Buena Vista,2026-08-03 09:00:00,71,0.0,10,26,278,2.3
San Pedro de Buena Vista,2026-08-03 09:00:00,74,0.0,16,26,338,2.0
San Pedro de Buena Vista,2026-08-03 09:00:00,77,0.0,22,26,35,1.8
San Pedro de Buena Vista,2026-08-03 09:00:00,80,0.0,22,26,12,1.8
San Pedro de Buena Vista,2026-08-03 09:00:00,83,0.0,13,26,342,1.9
San Pedro de Buena Vista,2026-08-03 09:00:00,86,0.0,3,26,304,2.6
San Pedro de Buena Vista,2026-08-03 09:00:00,89,0.0,3,25,268,3.4
San Pedro de Tiquina,2026-08-03 09:00:00,2,0.0,9,26,215,2.8
San Pedro de Tiquina,2026-08-03 09:00:00,5,0.0,13,26,288,3.9
San Pedro de Tiquina,2026-08-03 09:00:00,8,0.0,13,26,330,4.2
San Pedro de Tiquina,2026-08-03 09:00:00,11,0.0,9,26,9,4.5
San Pedro de Tiquina,2026-08-03 09:00:00,14,0.0,6,26,49,2.7
San Pedro de Tiquina,2026-08-03 09:00:00,17,0.0,2,26,87,0.9
San Pedro de Tiquina,2026-08-03 09:00:00,20,0.0,2,26,70,1.3
San Pedro de Tiquina,2026-08-03 09:00:00,23,0.0,5,27,81,1.3
San Pedro de Tiquina,2026-08-03 09:00:00,26,0.0,8,26,10,3.0
San Pedro de Tiquina,2026-08-03 09:00:00,29,0.0,14,36,300,4.8
San Pedro de Tiquina,2026-08-03 09:00:00,32,0.0,14,37,340,4.9
San Pedro de Tiquina,2026-08-03 09:00:00,35,0.0,7,26,13,5.0
San Pedro de Tiquina,2026-08-03 09:00:00,38,0.0,4,27,13,3.6
San Pedro de Tiquina,2026-08-03 09:00:00,41,0.0,2,26,13,2.1
San Pedro de Tiquina,2026-08-03 09:00:00,44,0.0,1,25,36,1.4
San Pedro de Tiquina,2026-08-03 09:00:00,47,0.0,7,27,56,1.1
San Pedro de Tiquina,2026-08-03 09:00:00,50,0.0,10,25,1,2.4
San Pedro de Tiquina,2026-08-03 09:00:00,53,0.0,15,25,298,3.8
San Pedro de Tiquina,2026-08-03 09:00:00,56,0.0,15,26,340,4.4
San Pedro de Tiquina,2026-08-03 09:00:00,59,0.0,9,27,12,4.9
San Pedro de Tiquina,2026-08-03 09:00:00,62,0.0,5,26,12,3.2
San Pedro de Tiquina,2026-08-03 09:00:00,65,0.0,1,26,5,1.5
San Pedro de Tiquina,2026-08-03 09:00:00,68,0.0,1,25,42,1.4
San Pedro de Tiquina,2026-08-03 09:00:00,71,0.0,5,27,69,0.5
San Pedro de Tiquina,2026-08-03 09:00:00,74,0.0,8,25,7,2.2
San Pedro de Tiquina,2026-08-03 09:00:00,77,0.0,15,26,305,3.8
San Pedro de Tiquina,2026-08-03 09:00:00,80,0.0,15,26,337,4.1
San Pedro de Tiquina,2026-08-03 09:00:00,83,0.0,8,26,2,4.4
San Pedro de Tiquina,2026-08-03 09:00:00,86,0.0,0,26,32,2.8
San Pedro de Tiquina,2026-08-03 09:00:00,89,0.0,0,26,52,1.3
San Ramon,2026-08-03 09:00:00,2,0.0,30,56,325,2.8
San Ramon,2026-08-03 09:00:00,5,0.0,32,56,325,3.5
San Ramon,2026-08-03 09:00:00,8,0.0,32,56,335,3.0
San Ramon,2026-08-03 09:00:00,11,0.0,29,37,345,2.4
San Ramon,2026-08-03 09:00:00,14,0.0,27,36,340,2.4
San Ramon,2026-08-03 09:00:00,17,0.0,20,56,332,2.3
San Ramon,2026-08-03 09:00:00,20,1.3,20,89,350,2.2
San Ramon,2026-08-03 09:00:00,23,1.5,25,89,350,2.3
San Ramon,2026-08-03 09:00:00,26,1.4,29,89,320,2.1
San Ramon,2026-08-03 09:00:00,29,0.0,31,56,290,2.0
San Ramon,2026-08-03 09:00:00,32,0.0,31,56,328,1.7
San Ramon,2026-08-03 09:00:00,35,0.0,29,36,1,1.4
San Ramon,2026-08-03 09:00:00,38,0.0,25,36,351,1.4
San Ramon,2026-08-03 09:00:00,41,0.0,21,26,336,1.3
San Ramon,2026-08-03 09:00:00,44,0.0,21,26,345,2.0
San Ramon,2026-08-03 09:00:00,47,0.0,27,26,355,2.1
San Ramon,2026-08-03 09:00:00,50,0.0,31,26,345,2.2
San Ramon,2026-08-03 09:00:00,53,0.0,34,36,330,2.3
San Ramon,2026-08-03 09:00:00,56,0.0,34,37,328,2.1
San Ramon,2026-08-03 09:00:00,59,0.0,30,26,321,1.9
San Ramon,2026-08-03 09:00:00,62,0.0,26,26,323,1.9
San Ramon,2026-08-03 09:00:00,65,0.0,22,26,320,1.9
San Ramon,2026-08-03 09:00:00,68,0.0,22,26,340,2.6
San Ramon,2026-08-03 09:00:00,71,0.0,26,26,330,3.0
San Ramon,2026-08-03 09:00:00,74,0.0,30,26,320,3.5
San Ramon,2026-08-03 09:00:00,77,0.0,34,36,300,4.0
San Ramon,2026-08-03 09:00:00,80,0.0,34,36,325,3.4
San Ramon,2026-08-03 09:00:00,83,0.0,31,26,345,2.8
San Ramon,2026-08-03 09:00:00,86,0.0,22,26,340,3.4
San Ramon,2026-08-03 09:00:00,89,0.0,22,26,330,4.0
San Roque - La Paz,2026-08-03 09:00:00,2,0.0,8,26,211,2.3
San Roque - La Paz,2026-08-03 09:00:00,5,0.0,14,26,288,3.9
San Roque - La Paz,2026-08-03 09:00:00,8,0.0,14,26,317,3.1
San Roque - La Paz,2026-08-03 09:00:00,11,0.0,10,26,337,2.4
San Roque - La Paz,2026-08-03 09:00:00,14,0.0,6,26,316,1.5
San Roque - La Paz,2026-08-03 09:00:00,17,0.0,-1,26,296,0.5
San Roque - La Paz,2026-08-03 09:00:00,20,0.0,-1,26,51,0.7
San Roque - La Paz,2026-08-03 09:00:00,23,0.0,3,26,127,0.7
San Roque - La Paz,2026-08-03 09:00:00,26,0.0,8,27,212,2.5
San Roque - La Paz,2026-08-03 09:00:00,29,0.0,15,36,291,4.2
San Roque - La Paz,2026-08-03 09:00:00,32,0.0,15,37,321,3.3
San Roque - La Paz,2026-08-03 09:00:00,35,0.0,7,26,350,2.5
San Roque - La Paz,2026-08-03 09:00:00,38,0.0,3,26,53,2.0
San Roque - La Paz,2026-08-03 09:00:00,41,0.0,0,26,110,1.5
San Roque - La Paz,2026-08-03 09:00:00,44,0.0,0,26,130,0.9
San Roque - La Paz,2026-08-03 09:00:00,47,0.0,3,26,127,0.7
San Roque - La Paz,2026-08-03 09:00:00,50,0.0,9,26,216,2.1
San Roque - La Paz,2026-08-03 09:00:00,53,0.0,16,26,297,3.6
San Roque - La Paz,2026-08-03 09:00:00,56,0.0,16,26,67,2.2
San Roque - La Paz,2026-08-03 09:00:00,59,0.0,10,26,114,0.9
San Roque - La Paz,2026-08-03 09:00:00,62,0.0,4,26,107,1.0
San Roque - La Paz,2026-08-03 09:00:00,65,0.0,0,26,100,1.0
San Roque - La Paz,2026-08-03 09:00:00,68,0.0,0,26,200,0.9
San Roque - La Paz,2026-08-03 09:00:00,71,0.0,3,26,296,0.4
San Roque - La Paz,2026-08-03 09:00:00,74,0.0,9,26,297,2.3
San Roque - La Paz,2026-08-03 09:00:00,77,0.0,16,26,298,4.2
San Roque - La Paz,2026-08-03 09:00:00,80,0.0,16,26,321,3.1
San Roque - La Paz,2026-08-03 09:00:00,83,0.0,6,26,334,2.0
San Roque - La Paz,2026-08-03 09:00:00,86,0.0,-1,26,342,1.4
San Roque - La Paz,2026-08-03 09:00:00,89,0.0,-1,26,345,0.9
Santa Ana,2026-08-03 09:00:00,2,0.0,27,56,320,3.4
Santa Ana,2026-08-03 09:00:00,5,0.0,30,56,320,4.2
Santa Ana,2026-08-03 09:00:00,8,0.0,30,56,330,3.9
Santa Ana,2026-08-03 09:00:00,11,0.0,26,36,333,3.7
Santa Ana,2026-08-03 09:00:00,14,0.0,23,36,343,3.1
Santa Ana,2026-08-03 09:00:00,17,0.0,20,56,350,2.5
Santa Ana,2026-08-03 09:00:00,20,1.2,20,89,350,2.8
Santa Ana,2026-08-03 09:00:00,23,1.2,23,89,340,2.6
Santa Ana,2026-08-03 09:00:00,26,1.2,26,89,334,2.9
Santa Ana,2026-08-03 09:00:00,29,0.0,29,56,324,3.1
Santa Ana,2026-08-03 09:00:00,32,0.0,29,56,4,1.8
Santa Ana,2026-08-03 09:00:00,35,0.0,26,36,43,0.5
Santa Ana,2026-08-03 09:00:00,38,0.0,24,36,292,1.0
Santa Ana,2026-08-03 09:00:00,41,0.0,21,26,226,1.4
Santa Ana,2026-08-03 09:00:00,44,0.0,21,26,320,2.0
Santa Ana,2026-08-03 09:00:00,47,0.0,25,27,307,2.0
Santa Ana,2026-08-03 09:00:00,50,0.0,30,26,317,2.7
Santa Ana,2026-08-03 09:00:00,53,0.0,32,36,320,3.4
Santa Ana,2026-08-03 09:00:00,56,0.0,32,36,330,3.3
Santa Ana,2026-08-03 09:00:00,59,0.0,30,26,333,3.1
Santa Ana,2026-08-03 09:00:00,62,0.0,26,26,350,2.9
Santa Ana,2026-08-03 09:00:00,65,0.0,22,26,359,2.7
Santa Ana,2026-08-03 09:00:00,68,0.0,22,27,320,2.4
Santa Ana,2026-08-03 09:00:00,71,0.0,25,27,310,2.6
Santa Ana,2026-08-03 09:00:00,74,0.0,29,26,320,3.8
Santa Ana,2026-08-03 09:00:00,77,0.0,32,36,320,5.1
Santa Ana,2026-08-03 09:00:00,80,0.0,32,37,333,4.3
Santa Ana,2026-08-03 09:00:00,83,0.0,27,26,343,3.5
Santa Ana,2026-08-03 09:00:00,86,0.0,22,26,330,3.7
Santa Ana,2026-08-03 09:00:00,89,0.0,22,26,310,3.8
Santa Cruz - Trompillo,2026-08-03 09:00:00,2,0.0,27,56,322,6.6
Santa Cruz - Trompillo,2026-08-03 09:00:00,5,0.0,29,56,322,8.1
Santa Cruz - Trompillo,2026-08-03 09:00:00,8,0.0,29,56,330,6.4
Santa Cruz - Trompillo,2026-08-03 09:00:00,11,0.0,26,56,330,4.9
Santa Cruz - Trompillo,2026-08-03 09:00:00,14,0.0,22,56,326,4.3
Santa Cruz - Trompillo,2026-08-03 09:00:00,17,0.0,20,56,314,3.6
Santa Cruz - Trompillo,2026-08-03 09:00:00,20,0.0,20,56,199,1.9
Santa Cruz - Trompillo,2026-08-03 09:00:00,23,0.0,22,56,158,1.9
Santa Cruz - Trompillo,2026-08-03 09:00:00,26,0.0,25,56,87,2.0
Santa Cruz - Trompillo,2026-08-03 09:00:00,29,1.5,27,89,9,2.0
Santa Cruz - Trompillo,2026-08-03 09:00:00,32,1.4,27,89,89,1.9
Santa Cruz - Trompillo,2026-08-03 09:00:00,35,0.0,25,55,170,1.8
Santa Cruz - Trompillo,2026-08-03 09:00:00,38,0.0,22,56,172,2.2
Santa Cruz - Trompillo,2026-08-03 09:00:00,41,0.0,21,26,164,2.6
Santa Cruz - Trompillo,2026-08-03 09:00:00,44,0.0,21,26,328,2.9
Santa Cruz - Trompillo,2026-08-03 09:00:00,47,0.0,23,26,330,3.4
Santa Cruz - Trompillo,2026-08-03 09:00:00,50,0.0,25,25,330,5.4
Santa Cruz - Trompillo,2026-08-03 09:00:00,53,0.0,27,36,322,7.4
Santa Cruz - Trompillo,2026-08-03 09:00:00,56,0.0,27,36,322,6.0
Santa Cruz - Trompillo,2026-08-03 09:00:00,59,0.0,25,26,320,4.6
Santa Cruz - Trompillo,2026-08-03 09:00:00,62,0.0,23,25,330,4.6
Santa Cruz - Trompillo,2026-08-03 09:00:00,65,0.0,21,56,332,4.5
Santa Cruz - Trompillo,2026-08-03 09:00:00,68,0.0,21,56,330,4.0
Santa Cruz - Trompillo,2026-08-03 09:00:00,71,0.0,23,56,328,4.8
Santa Cruz - Trompillo,2026-08-03 09:00:00,74,0.0,25,56,328,6.7
Santa Cruz - Trompillo,2026-08-03 09:00:00,77,0.0,28,36,320,8.6
Santa Cruz - Trompillo,2026-08-03 09:00:00,80,0.0,28,37,330,7.6
Santa Cruz - Trompillo,2026-08-03 09:00:00,83,0.0,25,36,330,6.7
Santa Cruz - Trompillo,2026-08-03 09:00:00,86,0.0,21,36,330,7.3
Santa Cruz - Trompillo,2026-08-03 09:00:00,89,0.0,21,36,322,7.9
Santa Cruz - Viru Viru,2026-08-03 09:00:00,2,0.0,28,56,320,6.2
Santa Cruz - Viru Viru,2026-08-03 09:00:00,5,0.0,30,56,320,7.7
Santa Cruz - Viru Viru,2026-08-03 09:00:00,8,0.0,30,57,324,5.9
Santa Cruz - Viru Viru,2026-08-03 09:00:00,11,0.0,26,56,324,4.1
Santa Cruz - Viru Viru,2026-08-03 09:00:00,14,0.0,23,56,324,3.8
Santa Cruz - Viru Viru,2026-08-03 09:00:00,17,0.0,19,57,316,3.5
Santa Cruz - Viru Viru,2026-08-03 09:00:00,20,0.0,19,56,218,2.0
Santa Cruz - Viru Viru,2026-08-03 09:00:00,23,0.0,23,56,154,2.1
Santa Cruz - Viru Viru,2026-08-03 09:00:00,26,0.0,25,56,83,2.1
Santa Cruz - Viru Viru,2026-08-03 09:00:00,29,0.8,27,89,11,2.1
Santa Cruz - Viru Viru,2026-08-03 09:00:00,32,1.0,28,89,84,1.8
Santa Cruz - Viru Viru,2026-08-03 09:00:00,35,0.0,25,55,148,1.4
Santa Cruz - Viru Viru,2026-08-03 09:00:00,38,0.0,22,56,154,2.1
Santa Cruz - Viru Viru,2026-08-03 09:00:00,41,0.0,20,26,154,2.7
Santa Cruz - Viru Viru,2026-08-03 09:00:00,44,0.0,20,26,320,2.7
Santa Cruz - Viru Viru,2026-08-03 09:00:00,47,0.0,23,26,320,3.4
Santa Cruz - Viru Viru,2026-08-03 09:00:00,50,0.0,25,27,321,5.3
Santa Cruz - Viru Viru,2026-08-03 09:00:00,53,0.0,28,36,321,7.2
Santa Cruz - Viru Viru,2026-08-03 09:00:00,56,0.0,28,36,322,5.6
Santa Cruz - Viru Viru,2026-08-03 09:00:00,59,0.0,25,26,322,4.1
Santa Cruz - Viru Viru,2026-08-03 09:00:00,62,0.0,22,26,331,4.2
Santa Cruz - Viru Viru,2026-08-03 09:00:00,65,0.0,20,57,331,4.3
Santa Cruz - Viru Viru,2026-08-03 09:00:00,68,0.0,20,56,330,3.6
Santa Cruz - Viru Viru,2026-08-03 09:00:00,71,0.0,23,56,321,4.5
Santa Cruz - Viru Viru,2026-08-03 09:00:00,74,0.0,25,57,321,6.5
Santa Cruz - Viru Viru,2026-08-03 09:00:00,77,0.0,29,36,320,8.5
Santa Cruz - Viru Viru,2026-08-03 09:00:00,80,0.0,29,36,330,7.2
Santa Cruz - Viru Viru,2026-08-03 09:00:00,83,0.0,26,36,331,6.0
Santa Cruz - Viru Viru,2026-08-03 09:00:00,86,0.0,20,36,324,6.6
Santa Cruz - Viru Viru,2026-08-03 09:00:00,89,0.0,20,36,314,7.2
Santa Rosa,2026-08-03 09:00:00,2,0.0,27,56,320,3.0
Santa Rosa,2026-08-03 09:00:00,5,0.0,31,56,330,3.7
Santa Rosa,2026-08-03 09:00:00,8,0.0,31,56,330,2.9
Santa Rosa,2026-08-03 09:00:00,11,0.0,29,36,320,2.1
Santa Rosa,2026-08-03 09:00:00,14,0.0,26,37,324,2.3
Santa Rosa,2026-08-03 09:00:00,17,0.0,22,26,324,2.3
Santa Rosa,2026-08-03 09:00:00,20,1.3,22,89,320,2.1
Santa Rosa,2026-08-03 09:00:00,23,1.7,25,89,316,1.9
Santa Rosa,2026-08-03 09:00:00,26,1.3,28,89,335,2.5
Santa Rosa,2026-08-03 09:00:00,29,0.0,30,55,349,3.1
Santa Rosa,2026-08-03 09:00:00,32,0.0,30,56,332,2.5
Santa Rosa,2026-08-03 09:00:00,35,0.0,27,36,310,1.7
Santa Rosa,2026-08-03 09:00:00,38,0.0,24,37,249,1.8
Santa Rosa,2026-08-03 09:00:00,41,0.0,22,27,183,1.7
Santa Rosa,2026-08-03 09:00:00,44,0.0,22,26,299,1.9
Santa Rosa,2026-08-03 09:00:00,47,0.0,25,26,300,2.0
Santa Rosa,2026-08-03 09:00:00,50,0.0,27,26,320,2.6
Santa Rosa,2026-08-03 09:00:00,53,0.0,30,36,340,3.2
Santa Rosa,2026-08-03 09:00:00,56,0.0,30,36,341,2.5
Santa Rosa,2026-08-03 09:00:00,59,0.0,27,26,341,1.8
Santa Rosa,2026-08-03 09:00:00,62,0.0,25,26,330,1.9
Santa Rosa,2026-08-03 09:00:00,65,0.0,22,25,310,1.9
Santa Rosa,2026-08-03 09:00:00,68,0.0,22,26,316,1.8
Santa Rosa,2026-08-03 09:00:00,71,0.0,26,27,310,2.2
Santa Rosa,2026-08-03 09:00:00,74,0.0,29,26,320,3.4
Santa Rosa,2026-08-03 09:00:00,77,0.0,31,36,330,4.6
Santa Rosa,2026-08-03 09:00:00,80,0.0,31,36,320,3.4
Santa Rosa,2026-08-03 09:00:00,83,0.0,28,26,304,2.2
Santa Rosa,2026-08-03 09:00:00,86,0.0,22,27,320,2.3
Santa Rosa,2026-08-03 09:00:00,89,0.0,22,26,330,2.5
Santos Mercado - PD,2026-08-03 09:00:00,2,0.0,30,56,350,1.3
Santos Mercado - PD,2026-08-03 09:00:00,5,0.0,36,36,330,1.7
Santos Mercado - PD,2026-08-03 09:00:00,8,0.0,36,36,339,1.4
Santos Mercado - PD,2026-08-03 09:00:00,11,0.0,29,36,349,1.1
Santos Mercado - PD,2026-08-03 09:00:00,14,0.0,24,37,359,0.9
Santos Mercado - PD,2026-08-03 09:00:00,17,0.0,20,36,10,0.8
Santos Mercado - PD,2026-08-03 09:00:00,20,0.0,20,56,330,1.1
Santos Mercado - PD,2026-08-03 09:00:00,23,0.0,26,55,350,1.1
Santos Mercado - PD,2026-08-03 09:00:00,26,0.0,30,55,350,1.3
Santos Mercado - PD,2026-08-03 09:00:00,29,0.0,37,57,350,1.4
Santos Mercado - PD,2026-08-03 09:00:00,32,0.0,37,57,340,1.1
Santos Mercado - PD,2026-08-03 09:00:00,35,0.0,28,57,330,0.9
Santos Mercado - PD,2026-08-03 09:00:00,38,0.0,24,56,350,0.9
Santos Mercado - PD,2026-08-03 09:00:00,41,0.0,20,26,9,0.8
Santos Mercado - PD,2026-08-03 09:00:00,44,0.0,20,26,350,0.6
Santos Mercado - PD,2026-08-03 09:00:00,47,0.0,27,25,319,0.4
Santos Mercado - PD,2026-08-03 09:00:00,50,0.0,31,26,329,0.7
Santos Mercado - PD,2026-08-03 09:00:00,53,0.0,37,37,339,1.0
Santos Mercado - PD,2026-08-03 09:00:00,56,0.0,37,36,290,0.8
Santos Mercado - PD,2026-08-03 09:00:00,59,0.0,28,36,240,0.6
Santos Mercado - PD,2026-08-03 09:00:00,62,0.0,24,37,290,0.6
Santos Mercado - PD,2026-08-03 09:00:00,65,0.0,21,25,340,0.7
Santos Mercado - PD,2026-08-03 09:00:00,68,0.0,21,25,320,0.6
Santos Mercado - PD,2026-08-03 09:00:00,71,0.0,26,25,300,0.8
Santos Mercado - PD,2026-08-03 09:00:00,74,0.0,32,26,310,1.4
Santos Mercado - PD,2026-08-03 09:00:00,77,0.0,37,35,320,2.0
Santos Mercado - PD,2026-08-03 09:00:00,80,0.0,37,36,300,1.7
Santos Mercado - PD,2026-08-03 09:00:00,83,0.0,29,26,280,1.4
Santos Mercado - PD,2026-08-03 09:00:00,86,0.0,21,26,300,1.6
Santos Mercado - PD,2026-08-03 09:00:00,89,0.0,21,26,320,1.8
Sena - PD,2026-08-03 09:00:00,2,0.0,29,56,302,1.5
Sena - PD,2026-08-03 09:00:00,5,0.0,34,36,310,2.0
Sena - PD,2026-08-03 09:00:00,8,0.0,34,36,325,1.7
Sena - PD,2026-08-03 09:00:00,11,0.0,29,36,335,1.4
Sena - PD,2026-08-03 09:00:00,14,0.0,25,36,335,1.3
Sena - PD,2026-08-03 09:00:00,17,0.0,20,36,330,1.0
Sena - PD,2026-08-03 09:00:00,20,0.0,20,55,320,0.9
Sena - PD,2026-08-03 09:00:00,23,0.0,25,56,303,0.7
Sena - PD,2026-08-03 09:00:00,26,0.0,29,56,320,0.9
Sena - PD,2026-08-03 09:00:00,29,0.0,35,56,330,1.1
Sena - PD,2026-08-03 09:00:00,32,0.0,35,56,325,1.1
Sena - PD,2026-08-03 09:00:00,35,0.0,29,56,315,1.1
Sena - PD,2026-08-03 09:00:00,38,0.0,24,56,320,1.0
Sena - PD,2026-08-03 09:00:00,41,0.0,20,26,325,0.9
Sena - PD,2026-08-03 09:00:00,44,0.0,20,25,345,0.9
Sena - PD,2026-08-03 09:00:00,47,0.0,26,26,336,0.8
Sena - PD,2026-08-03 09:00:00,50,0.0,31,26,340,1.3
Sena - PD,2026-08-03 09:00:00,53,0.0,35,36,340,1.7
Sena - PD,2026-08-03 09:00:00,56,0.0,35,36,345,1.1
Sena - PD,2026-08-03 09:00:00,59,0.0,28,36,347,0.4
Sena - PD,2026-08-03 09:00:00,62,0.0,24,36,335,0.8
Sena - PD,2026-08-03 09:00:00,65,0.0,21,26,320,1.1
Sena - PD,2026-08-03 09:00:00,68,0.0,21,26,333,1.1
Sena - PD,2026-08-03 09:00:00,71,0.0,24,26,328,1.6
Sena - PD,2026-08-03 09:00:00,74,0.0,31,26,320,1.9
Sena - PD,2026-08-03 09:00:00,77,0.0,36,36,310,2.1
Sena - PD,2026-08-03 09:00:00,80,0.0,36,36,338,1.8
Sena - PD,2026-08-03 09:00:00,83,0.0,27,26,358,1.5
Sena - PD,2026-08-03 09:00:00,86,0.0,21,26,330,1.5
Sena - PD,2026-08-03 09:00:00,89,0.0,21,25,298,1.4
Soracachi,2026-08-03 09:00:00,2,0.0,10,26,192,2.5
Soracachi,2026-08-03 09:00:00,5,0.0,14,26,242,3.9
Soracachi,2026-08-03 09:00:00,8,0.0,14,26,174,2.7
Soracachi,2026-08-03 09:00:00,11,0.0,9,26,105,1.5
Soracachi,2026-08-03 09:00:00,14,0.0,3,26,55,1.1
Soracachi,2026-08-03 09:00:00,17,0.0,-2,26,360,0.8
Soracachi,2026-08-03 09:00:00,20,0.0,-2,26,16,1.1
Soracachi,2026-08-03 09:00:00,23,0.0,4,26,14,1.0
Soracachi,2026-08-03 09:00:00,26,0.0,10,26,343,2.0
Soracachi,2026-08-03 09:00:00,29,0.0,14,26,303,2.9
Soracachi,2026-08-03 09:00:00,32,0.0,14,26,343,2.9
Soracachi,2026-08-03 09:00:00,35,0.0,7,26,17,3.0
Soracachi,2026-08-03 09:00:00,38,0.0,1,26,17,2.8
Soracachi,2026-08-03 09:00:00,41,0.0,-3,26,15,2.6
Soracachi,2026-08-03 09:00:00,44,0.0,-3,26,358,2.0
Soracachi,2026-08-03 09:00:00,47,0.0,4,26,335,1.6
Soracachi,2026-08-03 09:00:00,50,0.0,9,26,295,3.0
Soracachi,2026-08-03 09:00:00,53,0.0,15,27,250,4.2
Soracachi,2026-08-03 09:00:00,56,0.0,15,26,317,3.4
Soracachi,2026-08-03 09:00:00,59,0.0,7,26,24,2.6
Soracachi,2026-08-03 09:00:00,62,0.0,2,26,17,2.2
Soracachi,2026-08-03 09:00:00,65,0.0,-2,26,5,1.9
Soracachi,2026-08-03 09:00:00,68,0.0,-2,26,355,2.0
Soracachi,2026-08-03 09:00:00,71,0.0,4,26,347,1.8
Soracachi,2026-08-03 09:00:00,74,0.0,9,26,307,3.2
Soracachi,2026-08-03 09:00:00,77,0.0,15,27,260,4.6
Soracachi,2026-08-03 09:00:00,80,0.0,15,26,317,3.8
Soracachi,2026-08-03 09:00:00,83,0.0,7,26,4,3.0
Soracachi,2026-08-03 09:00:00,86,0.0,-2,26,331,2.2
Soracachi,2026-08-03 09:00:00,89,0.0,-2,26,290,1.4
Sucre,2026-08-03 09:00:00,2,0.0,16,26,175,2.0
Sucre,2026-08-03 09:00:00,5,0.0,25,26,78,2.8
Sucre,2026-08-03 09:00:00,8,0.0,25,26,39,2.4
Sucre,2026-08-03 09:00:00,11,0.0,18,26,357,1.9
Sucre,2026-08-03 09:00:00,14,0.0,13,27,19,1.6
Sucre,2026-08-03 09:00:00,17,0.0,8,27,33,1.4
Sucre,2026-08-03 09:00:00,20,0.0,8,37,38,1.7
Sucre,2026-08-03 09:00:00,23,0.0,12,36,29,1.9
Sucre,2026-08-03 09:00:00,26,0.0,18,36,38,3.3
Sucre,2026-08-03 09:00:00,29,0.0,24,56,40,4.8
Sucre,2026-08-03 09:00:00,32,0.0,24,56,40,3.5
Sucre,2026-08-03 09:00:00,35,0.0,17,56,40,2.3
Sucre,2026-08-03 09:00:00,38,0.0,10,56,21,2.0
Sucre,2026-08-03 09:00:00,41,0.0,7,26,359,1.8
Sucre,2026-08-03 09:00:00,44,0.0,7,26,354,1.2
Sucre,2026-08-03 09:00:00,47,0.0,11,27,347,0.7
Sucre,2026-08-03 09:00:00,50,0.0,18,26,25,2.3
Sucre,2026-08-03 09:00:00,53,0.0,25,26,58,4.0
Sucre,2026-08-03 09:00:00,56,0.0,25,27,39,3.2
Sucre,2026-08-03 09:00:00,59,0.0,18,26,17,2.3
Sucre,2026-08-03 09:00:00,62,0.0,11,26,8,2.0
Sucre,2026-08-03 09:00:00,65,0.0,7,27,352,1.7
Sucre,2026-08-03 09:00:00,68,0.0,7,27,332,1.5
Sucre,2026-08-03 09:00:00,71,0.0,11,25,321,0.9
Sucre,2026-08-03 09:00:00,74,0.0,17,27,9,2.3
Sucre,2026-08-03 09:00:00,77,0.0,26,27,54,3.7
Sucre,2026-08-03 09:00:00,80,0.0,26,26,35,3.1
Sucre,2026-08-03 09:00:00,83,0.0,17,26,7,2.4
Sucre,2026-08-03 09:00:00,86,0.0,7,26,358,1.9
Sucre,2026-08-03 09:00:00,89,0.0,7,27,342,1.3
Sultaca,2026-08-03 09:00:00,2,0.0,14,26,250,2.0
Sultaca,2026-08-03 09:00:00,5,0.0,18,26,216,1.9
Sultaca,2026-08-03 09:00:00,8,0.0,18,27,148,2.7
Sultaca,2026-08-03 09:00:00,11,0.0,15,26,74,3.5
Sultaca,2026-08-03 09:00:00,14,0.0,10,26,78,2.7
Sultaca,2026-08-03 09:00:00,17,0.0,3,26,75,1.8
Sultaca,2026-08-03 09:00:00,20,0.0,3,36,61,1.4
Sultaca,2026-08-03 09:00:00,23,0.0,7,36,36,1.3
Sultaca,2026-08-03 09:00:00,26,0.0,12,36,18,1.8
Sultaca,2026-08-03 09:00:00,29,0.0,17,56,350,2.3
Sultaca,2026-08-03 09:00:00,32,0.0,17,56,29,2.5
Sultaca,2026-08-03 09:00:00,35,0.0,12,56,61,2.7
Sultaca,2026-08-03 09:00:00,38,0.0,6,56,31,2.3
Sultaca,2026-08-03 09:00:00,41,0.0,2,26,356,1.8
Sultaca,2026-08-03 09:00:00,44,0.0,2,26,334,1.7
Sultaca,2026-08-03 09:00:00,47,0.0,9,26,291,1.9
Sultaca,2026-08-03 09:00:00,50,0.0,15,27,251,2.1
Sultaca,2026-08-03 09:00:00,53,0.0,18,26,184,2.3
Sultaca,2026-08-03 09:00:00,56,0.0,18,27,132,2.5
Sultaca,2026-08-03 09:00:00,59,0.0,10,26,77,2.7
Sultaca,2026-08-03 09:00:00,62,0.0,5,26,24,2.2
Sultaca,2026-08-03 09:00:00,65,0.0,2,26,324,1.8
Sultaca,2026-08-03 09:00:00,68,0.0,2,26,323,2.0
Sultaca,2026-08-03 09:00:00,71,0.0,8,26,294,2.2
Sultaca,2026-08-03 09:00:00,74,0.0,13,26,272,2.4
Sultaca,2026-08-03 09:00:00,77,0.0,19,26,246,2.6
Sultaca,2026-08-03 09:00:00,80,0.0,19,26,264,2.4
Sultaca,2026-08-03 09:00:00,83,0.0,12,26,277,2.2
Sultaca,2026-08-03 09:00:00,86,0.0,2,26,285,2.5
Sultaca,2026-08-03 09:00:00,89,0.0,2,26,288,2.8
Tarapaya,2026-08-03 09:00:00,2,0.0,8,26,255,1.5
Tarapaya,2026-08-03 09:00:00,5,0.0,22,26,267,1.3
Tarapaya,2026-08-03 09:00:00,8,0.0,22,26,194,1.8
Tarapaya,2026-08-03 09:00:00,11,0.0,11,26,121,2.3
Tarapaya,2026-08-03 09:00:00,14,0.0,3,26,74,1.6
Tarapaya,2026-08-03 09:00:00,17,0.0,-4,26,18,1.0
Tarapaya,2026-08-03 09:00:00,20,0.0,-4,26,1,1.1
Tarapaya,2026-08-03 09:00:00,23,0.0,3,26,10,1.1
Tarapaya,2026-08-03 09:00:00,26,0.0,13,26,21,1.9
Tarapaya,2026-08-03 09:00:00,29,0.0,22,26,30,2.6
Tarapaya,2026-08-03 09:00:00,32,0.0,22,26,43,2.2
Tarapaya,2026-08-03 09:00:00,35,0.0,9,26,59,1.8
Tarapaya,2026-08-03 09:00:00,38,0.0,2,26,147,1.7
Tarapaya,2026-08-03 09:00:00,41,0.0,-4,26,243,1.6
Tarapaya,2026-08-03 09:00:00,44,0.0,-3,26,298,1.3
Tarapaya,2026-08-03 09:00:00,47,0.0,4,26,261,1.1
Tarapaya,2026-08-03 09:00:00,50,0.0,14,26,256,1.2
Tarapaya,2026-08-03 09:00:00,53,0.0,22,27,242,1.3
Tarapaya,2026-08-03 09:00:00,56,0.0,22,26,294,1.2
Tarapaya,2026-08-03 09:00:00,59,0.0,8,27,339,1.1
Tarapaya,2026-08-03 09:00:00,62,0.0,1,26,309,1.1
Tarapaya,2026-08-03 09:00:00,65,0.0,-4,26,280,1.1
Tarapaya,2026-08-03 09:00:00,68,0.0,-5,26,297,1.3
Tarapaya,2026-08-03 09:00:00,71,0.0,5,26,268,1.4
Tarapaya,2026-08-03 09:00:00,74,0.0,10,25,264,1.7
Tarapaya,2026-08-03 09:00:00,77,0.0,23,26,251,1.9
Tarapaya,2026-08-03 09:00:00,80,0.0,22,26,257,2.1
Tarapaya,2026-08-03 09:00:00,83,0.0,9,26,252,2.2
Tarapaya,2026-08-03 09:00:00,86,0.0,-5,26,260,2.2
Tarapaya,2026-08-03 09:00:00,89,0.0,-5,26,267,2.2
Tarija - Centro,2026-08-03 09:00:00,2,0.0,20,27,1,2.5
Tarija - Centro,2026-08-03 09:00:00,5,0.0,29,35,130,2.9
Tarija - Centro,2026-08-03 09:00:00,8,0.0,29,35,99,1.9
Tarija - Centro,2026-08-03 09:00:00,11,0.0,24,55,68,0.8
Tarija - Centro,2026-08-03 09:00:00,14,0.0,18,55,120,1.2
Tarija - Centro,2026-08-03 09:00:00,17,0.0,11,27,166,1.6
Tarija - Centro,2026-08-03 09:00:00,20,0.0,11,36,161,0.8
Tarija - Centro,2026-08-03 09:00:00,23,0.0,16,36,156,0.8
Tarija - Centro,2026-08-03 09:00:00,26,0.0,22,36,136,2.7
Tarija - Centro,2026-08-03 09:00:00,29,0.0,28,56,110,4.6
Tarija - Centro,2026-08-03 09:00:00,32,0.0,28,56,125,3.3
Tarija - Centro,2026-08-03 09:00:00,35,0.0,21,57,130,1.9
Tarija - Centro,2026-08-03 09:00:00,38,0.0,14,56,105,1.8
Tarija - Centro,2026-08-03 09:00:00,41,0.0,10,26,75,1.7
Tarija - Centro,2026-08-03 09:00:00,44,0.0,10,27,9,1.0
Tarija - Centro,2026-08-03 09:00:00,47,0.0,14,26,329,0.7
Tarija - Centro,2026-08-03 09:00:00,50,0.0,19,26,40,2.1
Tarija - Centro,2026-08-03 09:00:00,53,0.0,30,26,106,3.6
Tarija - Centro,2026-08-03 09:00:00,56,0.0,30,26,105,2.4
Tarija - Centro,2026-08-03 09:00:00,59,0.0,22,26,100,1.2
Tarija - Centro,2026-08-03 09:00:00,62,0.0,15,26,70,1.2
Tarija - Centro,2026-08-03 09:00:00,65,0.0,9,35,35,1.2
Tarija - Centro,2026-08-03 09:00:00,68,0.0,9,35,15,1.4
Tarija - Centro,2026-08-03 09:00:00,71,0.0,15,35,324,1.6
Tarija - Centro,2026-08-03 09:00:00,74,0.0,22,35,35,1.9
Tarija - Centro,2026-08-03 09:00:00,77,0.0,31,25,97,2.2
Tarija - Centro,2026-08-03 09:00:00,80,0.0,31,25,60,2.1
Tarija - Centro,2026-08-03 09:00:00,83,0.0,17,35,15,2.0
Tarija - Centro,2026-08-03 09:00:00,86,0.0,9,35,339,2.8
Tarija - Centro,2026-08-03 09:00:00,89,0.0,9,35,295,3.4
Tolarapa (INIAF),2026-08-03 09:00:00,2,0.0,13,26,326,2.2
Tolarapa (INIAF),2026-08-03 09:00:00,5,0.0,20,26,14,2.6
Tolarapa (INIAF),2026-08-03 09:00:00,8,0.0,20,26,327,2.1
Tolarapa (INIAF),2026-08-03 09:00:00,11,0.0,12,26,279,1.5
Tolarapa (INIAF),2026-08-03 09:00:00,14,0.0,6,25,240,1.4
Tolarapa (INIAF),2026-08-03 09:00:00,17,0.0,-1,26,187,1.3
Tolarapa (INIAF),2026-08-03 09:00:00,20,0.0,-1,37,169,1.1
Tolarapa (INIAF),2026-08-03 09:00:00,23,0.0,6,36,159,0.9
Tolarapa (INIAF),2026-08-03 09:00:00,26,0.0,12,36,91,1.7
Tolarapa (INIAF),2026-08-03 09:00:00,29,0.0,20,36,20,2.5
Tolarapa (INIAF),2026-08-03 09:00:00,32,0.0,20,36,323,2.0
Tolarapa (INIAF),2026-08-03 09:00:00,35,0.0,13,36,261,1.4
Tolarapa (INIAF),2026-08-03 09:00:00,38,0.0,5,36,260,1.7
Tolarapa (INIAF),2026-08-03 09:00:00,41,0.0,-1,26,259,2.1
Tolarapa (INIAF),2026-08-03 09:00:00,44,0.0,-1,26,263,1.6
Tolarapa (INIAF),2026-08-03 09:00:00,47,0.0,7,27,273,1.4
Tolarapa (INIAF),2026-08-03 09:00:00,50,0.0,12,25,326,1.8
Tolarapa (INIAF),2026-08-03 09:00:00,53,0.0,21,26,10,2.1
Tolarapa (INIAF),2026-08-03 09:00:00,56,0.0,21,27,318,2.0
Tolarapa (INIAF),2026-08-03 09:00:00,59,0.0,13,26,261,1.9
Tolarapa (INIAF),2026-08-03 09:00:00,62,0.0,5,25,255,2.3
Tolarapa (INIAF),2026-08-03 09:00:00,65,0.0,-1,26,243,2.8
Tolarapa (INIAF),2026-08-03 09:00:00,68,0.0,-1,26,264,2.1
Tolarapa (INIAF),2026-08-03 09:00:00,71,0.0,9,26,268,2.1
Tolarapa (INIAF),2026-08-03 09:00:00,74,0.0,16,27,317,2.6
Tolarapa (INIAF),2026-08-03 09:00:00,77,0.0,21,26,5,3.1
Tolarapa (INIAF),2026-08-03 09:00:00,80,0.0,21,25,313,2.7
Tolarapa (INIAF),2026-08-03 09:00:00,83,0.0,13,26,256,2.2
Tolarapa (INIAF),2026-08-03 09:00:00,86,0.0,-1,25,255,2.7
Tolarapa (INIAF),2026-08-03 09:00:00,89,0.0,-1,27,253,3.1
Totoral,2026-08-03 09:00:00,2,0.0,11,26,307,2.7
Totoral,2026-08-03 09:00:00,5,0.0,20,26,6,3.0
Totoral,2026-08-03 09:00:00,8,0.0,20,26,65,2.3
Totoral,2026-08-03 09:00:00,11,0.0,15,26,187,1.6
Totoral,2026-08-03 09:00:00,14,0.0,9,26,226,1.2
Totoral,2026-08-03 09:00:00,17,0.0,-3,26,256,0.9
Totoral,2026-08-03 09:00:00,20,0.0,-3,26,170,0.5
Totoral,2026-08-03 09:00:00,23,0.0,5,26,210,0.5
Totoral,2026-08-03 09:00:00,26,0.0,11,26,73,2.1
Totoral,2026-08-03 09:00:00,29,0.0,20,26,37,3.7
Totoral,2026-08-03 09:00:00,32,0.0,20,26,338,2.9
Totoral,2026-08-03 09:00:00,35,0.0,8,26,278,2.0
Totoral,2026-08-03 09:00:00,38,0.0,2,26,294,1.5
Totoral,2026-08-03 09:00:00,41,0.0,-3,27,304,0.9
Totoral,2026-08-03 09:00:00,44,0.0,-4,26,277,0.7
Totoral,2026-08-03 09:00:00,47,0.0,7,26,243,0.7
Totoral,2026-08-03 09:00:00,50,0.0,13,26,286,2.0
Totoral,2026-08-03 09:00:00,53,0.0,20,26,319,3.4
Totoral,2026-08-03 09:00:00,56,0.0,20,26,291,3.2
Totoral,2026-08-03 09:00:00,59,0.0,9,26,261,3.1
Totoral,2026-08-03 09:00:00,62,0.0,1,26,261,2.5
Totoral,2026-08-03 09:00:00,65,0.0,-4,26,257,1.9
Totoral,2026-08-03 09:00:00,68,0.0,-4,26,260,1.5
Totoral,2026-08-03 09:00:00,71,0.0,7,26,247,1.8
Totoral,2026-08-03 09:00:00,74,0.0,14,26,269,3.4
Totoral,2026-08-03 09:00:00,77,0.0,21,26,286,5.0
Totoral,2026-08-03 09:00:00,80,0.0,21,26,276,4.4
Totoral,2026-08-03 09:00:00,83,0.0,9,26,260,3.7
Totoral,2026-08-03 09:00:00,86,0.0,-5,26,253,3.7
Totoral,2026-08-03 09:00:00,89,0.0,-5,26,243,3.6
Trancas,2026-08-03 09:00:00,2,0.0,22,26,295,2.9
Trancas,2026-08-03 09:00:00,5,0.0,27,36,305,2.0
Trancas,2026-08-03 09:00:00,8,0.0,27,36,229,2.3
Trancas,2026-08-03 09:00:00,11,0.0,20,56,160,2.6
Trancas,2026-08-03 09:00:00,14,0.0,15,56,165,2.3
Trancas,2026-08-03 09:00:00,17,0.0,10,27,168,2.0
Trancas,2026-08-03 09:00:00,20,0.0,10,35,184,1.4
Trancas,2026-08-03 09:00:00,23,0.0,16,35,184,1.3
Trancas,2026-08-03 09:00:00,26,0.0,21,35,119,2.5
Trancas,2026-08-03 09:00:00,29,0.0,26,56,47,3.7
Trancas,2026-08-03 09:00:00,32,0.0,26,56,59,3.0
Trancas,2026-08-03 09:00:00,35,0.0,21,56,65,2.3
Trancas,2026-08-03 09:00:00,38,0.0,15,56,21,2.5
Trancas,2026-08-03 09:00:00,41,0.0,9,26,335,2.6
Trancas,2026-08-03 09:00:00,44,0.0,9,26,328,2.4
Trancas,2026-08-03 09:00:00,47,0.0,17,26,296,2.6
Trancas,2026-08-03 09:00:00,50,0.0,22,26,342,2.9
Trancas,2026-08-03 09:00:00,53,0.0,28,26,27,3.2
Trancas,2026-08-03 09:00:00,56,0.0,28,26,49,2.5
Trancas,2026-08-03 09:00:00,59,0.0,21,26,70,1.8
Trancas,2026-08-03 09:00:00,62,0.0,14,26,14,2.1
Trancas,2026-08-03 09:00:00,65,0.0,8,36,313,2.4
Trancas,2026-08-03 09:00:00,68,0.0,8,36,309,3.0
Trancas,2026-08-03 09:00:00,71,0.0,12,36,294,3.5
Trancas,2026-08-03 09:00:00,74,0.0,18,36,306,3.4
Trancas,2026-08-03 09:00:00,77,0.0,28,26,315,3.3
Trancas,2026-08-03 09:00:00,80,0.0,28,26,340,2.7
Trancas,2026-08-03 09:00:00,83,0.0,14,36,357,2.2
Trancas,2026-08-03 09:00:00,86,0.0,8,36,312,3.4
Trancas,2026-08-03 09:00:00,89,0.0,8,36,268,4.6
Trinidad,2026-08-03 09:00:00,2,0.0,28,56,330,2.9
Trinidad,2026-08-03 09:00:00,5,0.0,31,55,320,3.8
Trinidad,2026-08-03 09:00:00,8,0.0,31,55,322,2.8
Trinidad,2026-08-03 09:00:00,11,0.0,27,36,322,1.7
Trinidad,2026-08-03 09:00:00,14,0.0,23,35,342,1.9
Trinidad,2026-08-03 09:00:00,17,0.0,20,56,360,2.0
Trinidad,2026-08-03 09:00:00,20,1.3,20,88,358,1.8
Trinidad,2026-08-03 09:00:00,23,1.4,22,89,348,1.4
Trinidad,2026-08-03 09:00:00,26,1.3,25,88,338,1.5
Trinidad,2026-08-03 09:00:00,29,0.0,30,56,327,1.7
Trinidad,2026-08-03 09:00:00,32,0.0,30,56,310,1.9
Trinidad,2026-08-03 09:00:00,35,0.0,27,36,151,2.0
Trinidad,2026-08-03 09:00:00,38,0.0,24,37,144,1.6
Trinidad,2026-08-03 09:00:00,41,0.0,21,27,134,1.2
Trinidad,2026-08-03 09:00:00,44,0.0,21,26,350,1.3
Trinidad,2026-08-03 09:00:00,47,0.0,27,26,360,1.0
Trinidad,2026-08-03 09:00:00,50,0.0,30,26,349,2.2
Trinidad,2026-08-03 09:00:00,53,0.0,33,36,329,3.3
Trinidad,2026-08-03 09:00:00,56,0.0,33,36,320,2.5
Trinidad,2026-08-03 09:00:00,59,0.0,29,26,310,1.7
Trinidad,2026-08-03 09:00:00,62,0.0,25,26,330,1.8
Trinidad,2026-08-03 09:00:00,65,0.0,22,26,340,1.8
Trinidad,2026-08-03 09:00:00,68,0.0,22,26,330,1.8
Trinidad,2026-08-03 09:00:00,71,0.0,26,26,320,2.1
Trinidad,2026-08-03 09:00:00,74,0.0,29,25,320,3.3
Trinidad,2026-08-03 09:00:00,77,0.0,33,37,320,4.5
Trinidad,2026-08-03 09:00:00,80,0.0,33,35,330,3.2
Trinidad,2026-08-03 09:00:00,83,0.0,28,25,330,1.9
Trinidad,2026-08-03 09:00:00,86,0.0,22,26,330,2.0
Trinidad,2026-08-03 09:00:00,89,0.0,22,26,320,2.0
Tupiza,2026-08-03 09:00:00,2,0.0,12,26,197,2.1
Tupiza,2026-08-03 09:00:00,5,0.0,25,25,127,2.5
Tupiza,2026-08-03 09:00:00,8,0.0,25,26,68,3.3
Tupiza,2026-08-03 09:00:00,11,0.0,19,27,8,4.1
Tupiza,2026-08-03 09:00:00,14,0.0,10,26,345,2.6
Tupiza,2026-08-03 09:00:00,17,0.0,-1,26,317,1.1
Tupiza,2026-08-03 09:00:00,20,0.0,-1,27,17,1.1
Tupiza,2026-08-03 09:00:00,23,0.0,4,26,336,0.9
Tupiza,2026-08-03 09:00:00,26,0.0,10,26,26,1.9
Tupiza,2026-08-03 09:00:00,29,0.0,25,26,70,2.9
Tupiza,2026-08-03 09:00:00,32,0.0,25,26,28,2.9
Tupiza,2026-08-03 09:00:00,35,0.0,12,26,342,3.0
Tupiza,2026-08-03 09:00:00,38,0.0,4,26,315,2.1
Tupiza,2026-08-03 09:00:00,41,0.0,-1,25,278,1.2
Tupiza,2026-08-03 09:00:00,44,0.0,-1,26,303,1.1
Tupiza,2026-08-03 09:00:00,47,0.0,6,26,283,0.9
Tupiza,2026-08-03 09:00:00,50,0.0,12,26,227,1.9
Tupiza,2026-08-03 09:00:00,53,0.0,25,25,165,3.0
Tupiza,2026-08-03 09:00:00,56,0.0,25,25,246,2.8
Tupiza,2026-08-03 09:00:00,59,0.0,13,26,321,2.6
Tupiza,2026-08-03 09:00:00,62,0.0,4,26,304,2.4
Tupiza,2026-08-03 09:00:00,65,0.0,-2,26,280,2.1
Tupiza,2026-08-03 09:00:00,68,0.0,-2,26,299,1.8
Tupiza,2026-08-03 09:00:00,71,0.0,6,26,287,1.7
Tupiza,2026-08-03 09:00:00,74,0.0,13,25,337,2.1
Tupiza,2026-08-03 09:00:00,77,0.0,26,26,38,2.6
Tupiza,2026-08-03 09:00:00,80,0.0,26,25,338,3.5
Tupiza,2026-08-03 09:00:00,83,0.0,9,26,295,4.4
Tupiza,2026-08-03 09:00:00,86,0.0,-2,26,285,3.7
Tupiza,2026-08-03 09:00:00,89,0.0,-2,26,270,3.1
Uyuni,2026-08-03 09:00:00,2,0.0,5,25,272,2.7
Uyuni,2026-08-03 09:00:00,5,0.0,11,25,292,4.9
Uyuni,2026-08-03 09:00:00,8,0.0,11,26,332,4.3
Uyuni,2026-08-03 09:00:00,11,0.0,7,26,10,3.9
Uyuni,2026-08-03 09:00:00,14,0.0,1,25,1,2.3
Uyuni,2026-08-03 09:00:00,17,0.0,-13,26,343,0.7
Uyuni,2026-08-03 09:00:00,20,0.0,-13,26,310,1.1
Uyuni,2026-08-03 09:00:00,23,0.0,1,26,311,1.0
Uyuni,2026-08-03 09:00:00,26,0.0,6,26,310,3.2
Uyuni,2026-08-03 09:00:00,29,0.0,11,26,301,5.6
Uyuni,2026-08-03 09:00:00,32,0.0,11,26,332,4.6
Uyuni,2026-08-03 09:00:00,35,0.0,4,26,0,3.6
Uyuni,2026-08-03 09:00:00,38,0.0,-3,27,330,2.7
Uyuni,2026-08-03 09:00:00,41,0.0,-15,26,298,1.7
Uyuni,2026-08-03 09:00:00,44,0.0,-15,26,329,0.8
Uyuni,2026-08-03 09:00:00,47,0.0,1,26,3,0.7
Uyuni,2026-08-03 09:00:00,50,0.0,7,26,331,3.6
Uyuni,2026-08-03 09:00:00,53,0.0,12,25,292,6.5
Uyuni,2026-08-03 09:00:00,56,0.0,12,26,320,4.7
Uyuni,2026-08-03 09:00:00,59,0.0,4,26,348,2.9
Uyuni,2026-08-03 09:00:00,62,0.0,-7,26,338,2.7
Uyuni,2026-08-03 09:00:00,65,0.0,-14,25,328,2.6
Uyuni,2026-08-03 09:00:00,68,0.0,-14,26,320,1.9
Uyuni,2026-08-03 09:00:00,71,0.0,1,25,311,1.7
Uyuni,2026-08-03 09:00:00,74,0.0,7,25,303,4.3
Uyuni,2026-08-03 09:00:00,77,0.0,12,26,292,6.8
Uyuni,2026-08-03 09:00:00,80,0.0,12,26,320,5.8
Uyuni,2026-08-03 09:00:00,83,0.0,5,26,340,4.9
Uyuni,2026-08-03 09:00:00,86,0.0,-14,26,340,4.1
Uyuni,2026-08-03 09:00:00,89,0.0,-14,26,332,3.1
Vallegrande,2026-08-03 09:00:00,2,0.0,21,56,339,2.9
Vallegrande,2026-08-03 09:00:00,5,0.0,25,37,352,4.4
Vallegrande,2026-08-03 09:00:00,8,0.0,25,36,3,3.3
Vallegrande,2026-08-03 09:00:00,11,0.0,19,56,10,2.2
Vallegrande,2026-08-03 09:00:00,14,0.0,13,57,79,2.1
Vallegrande,2026-08-03 09:00:00,17,0.0,10,56,140,2.0
Vallegrande,2026-08-03 09:00:00,20,0.0,10,57,138,1.5
Vallegrande,2026-08-03 09:00:00,23,0.0,14,56,126,1.3
Vallegrande,2026-08-03 09:00:00,26,0.0,17,57,89,1.6
Vallegrande,2026-08-03 09:00:00,29,0.9,23,76,51,2.1
Vallegrande,2026-08-03 09:00:00,32,2.0,23,77,61,1.8
Vallegrande,2026-08-03 09:00:00,35,0.0,18,55,70,1.5
Vallegrande,2026-08-03 09:00:00,38,0.0,14,56,53,1.3
Vallegrande,2026-08-03 09:00:00,41,0.0,11,36,33,1.0
Vallegrande,2026-08-03 09:00:00,44,0.0,11,36,348,1.4
Vallegrande,2026-08-03 09:00:00,47,0.0,15,36,337,1.3
Vallegrande,2026-08-03 09:00:00,50,0.0,20,36,349,3.1
Vallegrande,2026-08-03 09:00:00,53,0.0,24,57,2,4.9
Vallegrande,2026-08-03 09:00:00,56,0.0,24,57,9,3.6
Vallegrande,2026-08-03 09:00:00,59,0.0,18,36,10,2.4
Vallegrande,2026-08-03 09:00:00,62,0.0,16,36,351,2.0
Vallegrande,2026-08-03 09:00:00,65,0.0,12,57,329,1.6
Vallegrande,2026-08-03 09:00:00,68,0.0,12,56,338,1.6
Vallegrande,2026-08-03 09:00:00,71,0.0,15,57,329,1.9
Vallegrande,2026-08-03 09:00:00,74,0.0,21,56,339,3.6
Vallegrande,2026-08-03 09:00:00,77,0.0,25,36,342,5.3
Vallegrande,2026-08-03 09:00:00,80,0.0,25,37,352,4.1
Vallegrande,2026-08-03 09:00:00,83,0.0,15,36,359,2.9
Vallegrande,2026-08-03 09:00:00,86,0.0,12,35,349,2.7
Vallegrande,2026-08-03 09:00:00,89,0.0,12,37,330,2.5
Viacha,2026-08-03 09:00:00,2,0.0,8,26,156,1.4
Viacha,2026-08-03 09:00:00,5,0.0,15,26,70,1.7
Viacha,2026-08-03 09:00:00,8,0.0,15,26,60,1.8
Viacha,2026-08-03 09:00:00,11,0.0,11,26,44,1.9
Viacha,2026-08-03 09:00:00,14,0.0,7,26,26,1.2
Viacha,2026-08-03 09:00:00,17,0.0,-7,26,226,0.4
Viacha,2026-08-03 09:00:00,20,0.0,-7,30,19,0.4
Viacha,2026-08-03 09:00:00,23,0.0,4,30,39,0.4
Viacha,2026-08-03 09:00:00,26,0.0,8,30,72,1.4
Viacha,2026-08-03 09:00:00,29,0.0,16,39,98,2.4
Viacha,2026-08-03 09:00:00,32,0.0,16,39,79,2.4
Viacha,2026-08-03 09:00:00,35,0.0,7,30,58,2.3
Viacha,2026-08-03 09:00:00,38,0.0,2,30,75,1.8
Viacha,2026-08-03 09:00:00,41,0.0,-6,26,87,1.3
Viacha,2026-08-03 09:00:00,44,0.0,-6,26,44,0.8
Viacha,2026-08-03 09:00:00,47,0.0,3,26,332,0.5
Viacha,2026-08-03 09:00:00,50,0.0,9,26,49,1.3
Viacha,2026-08-03 09:00:00,53,0.0,17,26,117,2.1
Viacha,2026-08-03 09:00:00,56,0.0,17,26,105,2.4
Viacha,2026-08-03 09:00:00,59,0.0,8,26,88,2.7
Viacha,2026-08-03 09:00:00,62,0.0,0,26,90,1.9
Viacha,2026-08-03 09:00:00,65,0.0,-6,26,83,1.2
Viacha,2026-08-03 09:00:00,68,0.0,-6,26,19,1.1
Viacha,2026-08-03 09:00:00,71,0.0,4,26,296,0.7
Viacha,2026-08-03 09:00:00,74,0.0,9,26,9,1.3
Viacha,2026-08-03 09:00:00,77,0.0,17,26,77,1.9
Viacha,2026-08-03 09:00:00,80,0.0,17,26,81,1.7
Viacha,2026-08-03 09:00:00,83,0.0,8,26,81,1.6
Viacha,2026-08-03 09:00:00,86,0.0,-6,26,25,1.0
Viacha,2026-08-03 09:00:00,89,0.0,-6,26,324,0.4
Villa Rivero,2026-08-03 09:00:00,2,0.0,15,25,327,3.2
Villa Rivero,2026-08-03 09:00:00,5,0.0,22,27,328,3.1
Villa Rivero,2026-08-03 09:00:00,8,0.0,22,26,351,2.9
Villa Rivero,2026-08-03 09:00:00,11,0.0,14,26,8,2.7
Villa Rivero,2026-08-03 09:00:00,14,0.0,11,26,39,1.7
Villa Rivero,2026-08-03 09:00:00,17,0.0,6,26,63,0.7
Villa Rivero,2026-08-03 09:00:00,20,0.0,6,36,67,0.9
Villa Rivero,2026-08-03 09:00:00,23,0.0,10,36,67,1.0
Villa Rivero,2026-08-03 09:00:00,26,0.0,15,36,44,2.2
Villa Rivero,2026-08-03 09:00:00,29,0.0,22,36,14,3.3
Villa Rivero,2026-08-03 09:00:00,32,0.0,22,36,25,2.8
Villa Rivero,2026-08-03 09:00:00,35,0.0,18,36,30,2.2
Villa Rivero,2026-08-03 09:00:00,38,0.0,12,36,359,2.6
Villa Rivero,2026-08-03 09:00:00,41,0.0,6,26,325,2.9
Villa Rivero,2026-08-03 09:00:00,44,0.0,5,26,332,2.2
Villa Rivero,2026-08-03 09:00:00,47,0.0,9,26,335,2.5
Villa Rivero,2026-08-03 09:00:00,50,0.0,16,26,360,3.0
Villa Rivero,2026-08-03 09:00:00,53,0.0,23,26,23,3.6
Villa Rivero,2026-08-03 09:00:00,56,0.0,23,26,20,3.1
Villa Rivero,2026-08-03 09:00:00,59,0.0,17,26,8,2.6
Villa Rivero,2026-08-03 09:00:00,62,0.0,11,26,345,2.8
Villa Rivero,2026-08-03 09:00:00,65,0.0,6,26,322,3.1
Villa Rivero,2026-08-03 09:00:00,68,0.0,5,26,334,3.0
Villa Rivero,2026-08-03 09:00:00,71,0.0,11,26,325,3.3
Villa Rivero,2026-08-03 09:00:00,74,0.0,16,26,356,3.6
Villa Rivero,2026-08-03 09:00:00,77,0.0,23,27,19,3.9
Villa Rivero,2026-08-03 09:00:00,80,0.0,23,26,9,3.9
Villa Rivero,2026-08-03 09:00:00,83,0.0,13,26,355,3.8
Villa Rivero,2026-08-03 09:00:00,86,0.0,5,26,342,4.1
Villa Rivero,2026-08-03 09:00:00,89,0.0,5,26,322,4.4
Villamontes,2026-08-03 09:00:00,2,0.0,27,27,188,1.5
Villamontes,2026-08-03 09:00:00,5,0.0,32,37,104,1.5
Villamontes,2026-08-03 09:00:00,8,0.0,32,36,160,2.5
Villamontes,2026-08-03 09:00:00,11,0.0,27,57,210,3.4
Villamontes,2026-08-03 09:00:00,14,0.0,22,56,210,3.8
Villamontes,2026-08-03 09:00:00,17,0.0,18,26,202,4.3
Villamontes,2026-08-03 09:00:00,20,0.0,18,56,194,3.3
Villamontes,2026-08-03 09:00:00,23,0.0,23,56,200,3.1
Villamontes,2026-08-03 09:00:00,26,0.0,25,56,180,3.1
Villamontes,2026-08-03 09:00:00,29,0.0,29,56,154,3.1
Villamontes,2026-08-03 09:00:00,32,0.0,29,56,164,2.5
Villamontes,2026-08-03 09:00:00,35,0.0,26,56,171,1.9
Villamontes,2026-08-03 09:00:00,38,0.0,22,56,145,1.2
Villamontes,2026-08-03 09:00:00,41,0.0,19,26,112,0.5
Villamontes,2026-08-03 09:00:00,44,0.0,19,26,198,1.1
Villamontes,2026-08-03 09:00:00,47,0.0,23,26,204,1.2
Villamontes,2026-08-03 09:00:00,50,0.0,28,26,147,1.4
Villamontes,2026-08-03 09:00:00,53,0.0,32,26,80,1.6
Villamontes,2026-08-03 09:00:00,56,0.0,32,26,154,1.6
Villamontes,2026-08-03 09:00:00,59,0.0,25,26,221,1.5
Villamontes,2026-08-03 09:00:00,62,0.0,22,26,253,1.1
Villamontes,2026-08-03 09:00:00,65,0.0,18,26,282,0.8
Villamontes,2026-08-03 09:00:00,68,0.0,18,27,306,1.2
Villamontes,2026-08-03 09:00:00,71,0.0,23,26,304,1.2
Villamontes,2026-08-03 09:00:00,74,0.0,30,26,360,2.4
Villamontes,2026-08-03 09:00:00,77,0.0,33,36,47,3.6
Villamontes,2026-08-03 09:00:00,80,0.0,33,36,30,3.6
Villamontes,2026-08-03 09:00:00,83,0.0,28,36,11,3.6
Villamontes,2026-08-03 09:00:00,86,0.0,18,36,345,3.3
Villamontes,2026-08-03 09:00:00,89,0.0,18,26,313,2.9
Yacuiba,2026-08-03 09:00:00,2,0.0,25,26,261,2.1
Yacuiba,2026-08-03 09:00:00,5,0.0,30,36,106,2.9
Yacuiba,2026-08-03 09:00:00,8,0.0,30,36,186,2.6
Yacuiba,2026-08-03 09:00:00,11,0.0,24,56,257,2.4
Yacuiba,2026-08-03 09:00:00,14,0.0,18,56,244,2.8
Yacuiba,2026-08-03 09:00:00,17,0.0,16,26,224,3.2
Yacuiba,2026-08-03 09:00:00,20,0.0,16,56,223,3.0
Yacuiba,2026-08-03 09:00:00,23,0.0,19,57,223,2.8
Yacuiba,2026-08-03 09:00:00,26,0.0,24,56,213,2.7
Yacuiba,2026-08-03 09:00:00,29,0.0,27,57,200,2.6
Yacuiba,2026-08-03 09:00:00,32,0.0,27,56,180,2.0
Yacuiba,2026-08-03 09:00:00,35,0.0,24,56,158,1.3
Yacuiba,2026-08-03 09:00:00,38,0.0,20,56,159,0.9
Yacuiba,2026-08-03 09:00:00,41,0.0,17,26,156,0.6
Yacuiba,2026-08-03 09:00:00,44,0.0,17,26,234,1.7
Yacuiba,2026-08-03 09:00:00,47,0.0,20,27,244,1.7
Yacuiba,2026-08-03 09:00:00,50,0.0,24,26,174,2.2
Yacuiba,2026-08-03 09:00:00,53,0.0,30,26,97,2.7
Yacuiba,2026-08-03 09:00:00,56,0.0,30,26,183,2.1
Yacuiba,2026-08-03 09:00:00,59,0.0,22,26,263,1.5
Yacuiba,2026-08-03 09:00:00,62,0.0,18,27,273,1.4
Yacuiba,2026-08-03 09:00:00,65,0.0,16,26,273,1.5
Yacuiba,2026-08-03 09:00:00,68,0.0,16,26,291,1.1
Yacuiba,2026-08-03 09:00:00,71,0.0,22,26,281,1.0
Yacuiba,2026-08-03 09:00:00,74,0.0,27,26,343,2.8
Yacuiba,2026-08-03 09:00:00,77,0.0,31,36,34,4.6
Yacuiba,2026-08-03 09:00:00,80,0.0,31,36,4,3.3
Yacuiba,2026-08-03 09:00:00,83,0.0,24,36,330,2.1
Yacuiba,2026-08-03 09:00:00,86,0.0,16,36,320,2.1
Yacuiba,2026-08-03 09:00:00,89,0.0,16,26,307,2.1
Yesera Norte,2026-08-03 09:00:00,2,0.0,20,26,9,2.1
Yesera Norte,2026-08-03 09:00:00,5,0.0,26,36,79,2.0
Yesera Norte,2026-08-03 09:00:00,8,0.0,26,36,111,2.1
Yesera Norte,2026-08-03 09:00:00,11,0.0,20,56,142,2.3
Yesera Norte,2026-08-03 09:00:00,14,0.0,16,56,162,2.2
Yesera Norte,2026-08-03 09:00:00,17,0.0,11,26,180,2.2
Yesera Norte,2026-08-03 09:00:00,20,0.0,11,36,172,1.7
Yesera Norte,2026-08-03 09:00:00,23,0.0,17,36,161,1.2
Yesera Norte,2026-08-03 09:00:00,26,0.0,22,36,120,2.6
Yesera Norte,2026-08-03 09:00:00,29,0.0,25,55,80,4.0
Yesera Norte,2026-08-03 09:00:00,32,0.0,25,56,79,2.9
Yesera Norte,2026-08-03 09:00:00,35,0.0,20,57,69,1.8
Yesera Norte,2026-08-03 09:00:00,38,0.0,15,56,49,2.3
Yesera Norte,2026-08-03 09:00:00,41,0.0,10,26,29,2.7
Yesera Norte,2026-08-03 09:00:00,44,0.0,10,26,10,2.3
Yesera Norte,2026-08-03 09:00:00,47,0.0,16,26,351,2.1
Yesera Norte,2026-08-03 09:00:00,50,0.0,21,26,30,2.8
Yesera Norte,2026-08-03 09:00:00,53,0.0,27,25,68,3.6
Yesera Norte,2026-08-03 09:00:00,56,0.0,27,26,69,2.6
Yesera Norte,2026-08-03 09:00:00,59,0.0,20,26,60,1.6
Yesera Norte,2026-08-03 09:00:00,62,0.0,15,25,29,1.6
Yesera Norte,2026-08-03 09:00:00,65,0.0,9,36,348,1.7
Yesera Norte,2026-08-03 09:00:00,68,0.0,9,36,340,2.1
Yesera Norte,2026-08-03 09:00:00,71,0.0,14,36,320,1.9
Yesera Norte,2026-08-03 09:00:00,74,0.0,21,36,350,2.5
Yesera Norte,2026-08-03 09:00:00,77,0.0,28,26,11,3.0
Yesera Norte,2026-08-03 09:00:00,80,0.0,28,26,350,2.6
Yesera Norte,2026-08-03 09:00:00,83,0.0,16,36,328,2.2
Yesera Norte,2026-08-03 09:00:00,86,0.0,9,36,308,2.7
Yesera Norte,2026-08-03 09:00:00,89,0.0,9,36,278,3.2
