estacion,fecha,fecha_diff,humedad_relativa,precipitacion,temperatura,vi,vientos
Anzaldo,2026-07-27 09:00:00,5,37.0,0.0,25.0,5.7,334.0
Anzaldo,2026-07-27 09:00:00,8,37.0,0.0,25.0,4.8,352.0
Anzaldo,2026-07-27 09:00:00,11,26.0,0.0,14.0,3.8,5.0
Anzaldo,2026-07-27 09:00:00,14,27.0,0.0,8.0,4.0,1.0
Anzaldo,2026-07-27 09:00:00,17,26.0,0.0,2.0,4.2,351.0
Anzaldo,2026-07-27 09:00:00,20,26.0,0.0,2.0,3.7,1.0
Anzaldo,2026-07-27 09:00:00,23,26.0,0.0,10.0,3.5,352.0
Anzaldo,2026-07-27 09:00:00,26,26.0,0.0,15.0,4.2,335.0
Anzaldo,2026-07-27 09:00:00,29,36.0,0.0,26.0,4.8,313.0
Anzaldo,2026-07-27 09:00:00,32,36.0,0.0,26.0,4.0,353.0
Anzaldo,2026-07-27 09:00:00,35,27.0,0.0,15.0,3.1,28.0
Anzaldo,2026-07-27 09:00:00,38,27.0,0.0,7.0,3.3,13.0
Anzaldo,2026-07-27 09:00:00,41,25.0,0.0,2.0,3.6,356.0
Anzaldo,2026-07-27 09:00:00,44,26.0,0.0,2.0,2.6,1.0
Anzaldo,2026-07-27 09:00:00,47,26.0,0.0,10.0,2.4,356.0
Anzaldo,2026-07-27 09:00:00,50,26.0,0.0,15.0,2.6,303.0
Anzaldo,2026-07-27 09:00:00,53,26.0,0.0,26.0,2.8,247.0
Anzaldo,2026-07-27 09:00:00,56,26.0,0.0,26.0,2.7,320.0
Anzaldo,2026-07-27 09:00:00,59,26.0,0.0,16.0,2.5,31.0
Anzaldo,2026-07-27 09:00:00,62,26.0,0.0,10.0,1.6,59.0
Anzaldo,2026-07-27 09:00:00,65,36.0,0.0,1.0,0.7,82.0
Anzaldo,2026-07-27 09:00:00,68,36.0,0.0,2.0,1.1,350.0
Anzaldo,2026-07-27 09:00:00,71,36.0,0.0,9.0,1.4,2.0
Anzaldo,2026-07-27 09:00:00,74,36.0,0.0,14.0,2.1,308.0
Anzaldo,2026-07-27 09:00:00,77,36.0,0.0,25.0,2.9,247.0
Anzaldo,2026-07-27 09:00:00,80,35.0,0.0,25.0,2.5,320.0
Anzaldo,2026-07-27 09:00:00,83,36.0,0.0,11.0,2.0,31.0
Anzaldo,2026-07-27 09:00:00,86,36.0,0.0,2.0,2.3,23.0
Anzaldo,2026-07-27 09:00:00,89,36.0,0.0,2.0,2.5,11.0
Anzaldo,2026-07-27 09:00:00,92,36.0,0.0,9.0,3.0,353.0
Anzaldo,2026-07-27 09:00:00,95,36.0,0.0,9.0,3.4,343.0
Anzaldo,2026-07-27 09:00:00,98,37.0,0.0,14.0,4.3,340.0
Anzaldo,2026-07-27 09:00:00,101,56.0,0.0,20.0,5.3,334.0
Anzaldo,2026-07-27 09:00:00,104,56.0,0.0,15.0,4.5,352.0
Anzaldo,2026-07-27 09:00:00,107,35.0,0.0,11.0,3.6,6.0
Anzaldo,2026-07-27 09:00:00,110,36.0,0.0,10.0,3.6,6.0
Anzaldo,2026-07-27 09:00:00,113,36.0,0.0,9.0,3.5,1.0
Anzaldo,2026-07-27 12:00:00,26,,,25.0,,
Anzaldo,2026-07-27 12:00:00,29,,,25.0,,
Anzaldo,2026-07-27 12:00:00,44,,,11.0,,
Anzaldo,2026-07-27 12:00:00,47,,,19.0,,
Anzaldo,2026-07-27 12:00:00,50,,,25.0,,
Anzaldo,2026-07-27 12:00:00,53,,,25.0,,
Anzaldo,2026-07-27 12:00:00,62,,,3.0,,
Anzaldo,2026-07-27 12:00:00,65,,,3.0,,
Anzaldo,2026-07-27 12:00:00,68,,,10.0,,
Anzaldo,2026-07-27 12:00:00,71,,,18.0,,
Anzaldo,2026-07-27 12:00:00,74,,,26.0,,
Anzaldo,2026-07-27 12:00:00,77,,,26.0,,
Anzaldo,2026-07-27 12:00:00,80,,,16.0,,
Anzaldo,2026-07-27 12:00:00,83,,,8.0,,
Anzaldo,2026-07-27 12:00:00,86,,,3.0,,
Anzaldo,2026-07-27 12:00:00,89,,,3.0,,
Anzaldo,2026-07-27 12:00:00,92,,,11.0,,
Anzaldo,2026-07-27 12:00:00,95,,,19.0,,
Anzaldo,2026-07-27 12:00:00,98,,,27.0,,
Anzaldo,2026-07-27 12:00:00,101,,,27.0,,
Anzaldo,2026-07-27 12:00:00,107,,,3.0,,
Anzaldo,2026-07-27 12:00:00,110,,,3.0,,
Apolo Chupiluzani,2026-07-27 09:00:00,5,36.0,0.0,27.0,2.8,359.0
Apolo Chupiluzani,2026-07-27 09:00:00,8,35.0,0.0,27.0,2.1,8.0
Apolo Chupiluzani,2026-07-27 09:00:00,11,36.0,0.0,22.0,1.5,8.0
Apolo Chupiluzani,2026-07-27 09:00:00,14,37.0,0.0,19.0,1.6,358.0
Apolo Chupiluzani,2026-07-27 09:00:00,17,37.0,0.0,17.0,1.6,345.0
Apolo Chupiluzani,2026-07-27 09:00:00,20,36.0,0.0,17.0,1.3,339.0
Apolo Chupiluzani,2026-07-27 09:00:00,23,36.0,0.0,20.0,1.1,323.0
Apolo Chupiluzani,2026-07-27 09:00:00,26,36.0,0.0,24.0,2.4,349.0
Apolo Chupiluzani,2026-07-27 09:00:00,29,56.0,0.0,27.0,3.6,9.0
Apolo Chupiluzani,2026-07-27 09:00:00,32,56.0,0.0,27.0,2.6,359.0
Apolo Chupiluzani,2026-07-27 09:00:00,35,35.0,0.0,23.0,1.6,348.0
Apolo Chupiluzani,2026-07-27 09:00:00,38,36.0,0.0,20.0,1.4,348.0
Apolo Chupiluzani,2026-07-27 09:00:00,41,36.0,0.0,17.0,1.2,338.0
Apolo Chupiluzani,2026-07-27 09:00:00,44,35.0,0.0,17.0,1.2,332.0
Apolo Chupiluzani,2026-07-27 09:00:00,47,36.0,0.0,20.0,1.0,322.0
Apolo Chupiluzani,2026-07-27 09:00:00,50,36.0,0.0,23.0,1.9,353.0
Apolo Chupiluzani,2026-07-27 09:00:00,53,55.0,0.0,26.0,2.7,20.0
Apolo Chupiluzani,2026-07-27 09:00:00,56,56.0,0.0,26.0,2.0,9.0
Apolo Chupiluzani,2026-07-27 09:00:00,59,37.0,0.0,23.0,1.3,348.0
Apolo Chupiluzani,2026-07-27 09:00:00,62,36.0,0.0,20.0,1.3,348.0
Apolo Chupiluzani,2026-07-27 09:00:00,65,36.0,0.0,17.0,1.2,344.0
Apolo Chupiluzani,2026-07-27 09:00:00,68,36.0,0.0,17.0,0.9,335.0
Apolo Chupiluzani,2026-07-27 09:00:00,71,35.0,0.0,18.0,0.7,319.0
Apolo Chupiluzani,2026-07-27 09:00:00,74,37.0,0.0,20.0,1.7,356.0
Apolo Chupiluzani,2026-07-27 09:00:00,77,56.0,0.0,25.0,2.5,33.0
Apolo Chupiluzani,2026-07-27 09:00:00,80,56.0,0.0,25.0,1.8,18.0
Apolo Chupiluzani,2026-07-27 09:00:00,83,56.0,0.0,19.0,1.0,3.0
Apolo Chupiluzani,2026-07-27 09:00:00,86,56.0,0.0,17.0,1.2,347.0
Apolo Chupiluzani,2026-07-27 09:00:00,89,57.0,0.0,17.0,1.4,331.0
Apolo Chupiluzani,2026-07-27 09:00:00,92,56.0,0.0,16.0,1.2,331.0
Apolo Chupiluzani,2026-07-27 09:00:00,95,55.0,0.0,16.0,1.1,322.0
Apolo Chupiluzani,2026-07-27 09:00:00,98,55.0,0.0,20.0,1.9,352.0
Apolo Chupiluzani,2026-07-27 09:00:00,101,56.0,0.0,23.0,2.7,12.0
Apolo Chupiluzani,2026-07-27 09:00:00,104,56.0,0.0,19.0,2.0,337.0
Apolo Chupiluzani,2026-07-27 09:00:00,107,56.0,0.0,15.0,1.3,301.0
Apolo Chupiluzani,2026-07-27 09:00:00,110,56.0,0.0,15.0,1.2,316.0
Apolo Chupiluzani,2026-07-27 09:00:00,113,57.0,0.0,14.0,1.2,331.0
Apolo Chupiluzani,2026-07-27 12:00:00,26,,,28.0,,
Apolo Chupiluzani,2026-07-27 12:00:00,29,,,28.0,,
Apolo Chupiluzani,2026-07-27 12:00:00,38,,,18.0,,
Apolo Chupiluzani,2026-07-27 12:00:00,41,,,18.0,,
Apolo Chupiluzani,2026-07-27 12:00:00,50,,,28.0,,
Apolo Chupiluzani,2026-07-27 12:00:00,53,,,28.0,,
Apolo Chupiluzani,2026-07-27 12:00:00,62,,,18.0,,
Apolo Chupiluzani,2026-07-27 12:00:00,65,,,18.0,,
Apolo Chupiluzani,2026-07-27 12:00:00,68,,,21.0,,
Apolo Chupiluzani,2026-07-27 12:00:00,71,,,25.0,,
Apolo Chupiluzani,2026-07-27 12:00:00,74,,,29.0,,
Apolo Chupiluzani,2026-07-27 12:00:00,77,,,29.0,,
Apolo Chupiluzani,2026-07-27 12:00:00,80,,,25.0,,
Apolo Chupiluzani,2026-07-27 12:00:00,83,,,20.0,,
Apolo Chupiluzani,2026-07-27 12:00:00,86,,,18.0,,
Apolo Chupiluzani,2026-07-27 12:00:00,89,,,18.0,,
Apolo Chupiluzani,2026-07-27 12:00:00,92,,,21.0,,
Apolo Chupiluzani,2026-07-27 12:00:00,95,,,24.0,,
Apolo Chupiluzani,2026-07-27 12:00:00,98,,,29.0,,
Apolo Chupiluzani,2026-07-27 12:00:00,101,,,29.0,,
Apolo Chupiluzani,2026-07-27 12:00:00,104,,,22.0,,
Apolo Chupiluzani,2026-07-27 12:00:00,107,,,18.0,,
Apolo Chupiluzani,2026-07-27 12:00:00,110,,,18.0,,
Ascencion de Guarayos,2026-07-27 09:00:00,5,36.0,0.0,32.0,3.7,320.0
Ascencion de Guarayos,2026-07-27 09:00:00,8,36.0,0.0,32.0,2.4,310.0
Ascencion de Guarayos,2026-07-27 09:00:00,11,36.0,0.0,26.0,1.1,300.0
Ascencion de Guarayos,2026-07-27 09:00:00,14,35.0,0.0,23.0,1.2,330.0
Ascencion de Guarayos,2026-07-27 09:00:00,17,26.0,0.0,22.0,1.4,355.0
Ascencion de Guarayos,2026-07-27 09:00:00,20,26.0,0.0,22.0,1.5,330.0
Ascencion de Guarayos,2026-07-27 09:00:00,23,26.0,0.0,23.0,1.9,340.0
Ascencion de Guarayos,2026-07-27 09:00:00,26,25.0,0.0,28.0,3.0,330.0
Ascencion de Guarayos,2026-07-27 09:00:00,29,37.0,0.0,33.0,4.2,320.0
Ascencion de Guarayos,2026-07-27 09:00:00,32,36.0,0.0,33.0,2.8,330.0
Ascencion de Guarayos,2026-07-27 09:00:00,35,26.0,0.0,29.0,1.3,330.0
Ascencion de Guarayos,2026-07-27 09:00:00,38,26.0,0.0,24.0,1.4,340.0
Ascencion de Guarayos,2026-07-27 09:00:00,41,27.0,0.0,22.0,1.4,350.0
Ascencion de Guarayos,2026-07-27 09:00:00,44,36.0,0.0,22.0,1.1,350.0
Ascencion de Guarayos,2026-07-27 09:00:00,47,36.0,0.0,25.0,1.6,350.0
Ascencion de Guarayos,2026-07-27 09:00:00,50,36.0,0.0,28.0,2.6,330.0
Ascencion de Guarayos,2026-07-27 09:00:00,53,36.0,0.0,33.0,3.6,310.0
Ascencion de Guarayos,2026-07-27 09:00:00,56,36.0,0.0,33.0,2.4,320.0
Ascencion de Guarayos,2026-07-27 09:00:00,59,36.0,0.0,27.0,1.3,326.0
Ascencion de Guarayos,2026-07-27 09:00:00,62,37.0,0.0,24.0,1.1,321.0
Ascencion de Guarayos,2026-07-27 09:00:00,65,37.0,0.0,21.0,0.8,311.0
Ascencion de Guarayos,2026-07-27 09:00:00,68,36.0,0.0,21.0,1.0,345.0
Ascencion de Guarayos,2026-07-27 09:00:00,71,35.0,0.0,26.0,1.0,340.0
Ascencion de Guarayos,2026-07-27 09:00:00,74,36.0,0.0,27.0,1.8,330.0
Ascencion de Guarayos,2026-07-27 09:00:00,77,56.0,0.0,32.0,2.6,310.0
Ascencion de Guarayos,2026-07-27 09:00:00,80,56.0,0.0,32.0,1.8,348.0
Ascencion de Guarayos,2026-07-27 09:00:00,83,36.0,0.0,26.0,0.9,17.0
Ascencion de Guarayos,2026-07-27 09:00:00,86,36.0,0.0,21.0,1.1,358.0
Ascencion de Guarayos,2026-07-27 09:00:00,89,26.0,0.0,21.0,1.3,330.0
Ascencion de Guarayos,2026-07-27 09:00:00,92,26.0,0.0,26.0,1.2,330.0
Ascencion de Guarayos,2026-07-27 09:00:00,95,26.0,0.0,27.0,1.3,341.0
Ascencion de Guarayos,2026-07-27 09:00:00,98,26.0,0.0,32.0,2.1,340.0
Ascencion de Guarayos,2026-07-27 09:00:00,101,36.0,0.0,38.0,2.9,329.0
Ascencion de Guarayos,2026-07-27 09:00:00,104,36.0,0.0,33.0,2.0,360.0
Ascencion de Guarayos,2026-07-27 09:00:00,107,26.0,0.0,28.0,1.0,26.0
Ascencion de Guarayos,2026-07-27 09:00:00,110,26.0,0.0,26.0,1.3,16.0
Ascencion de Guarayos,2026-07-27 09:00:00,113,26.0,0.0,24.0,1.5,360.0
Ascencion de Guarayos,2026-07-27 12:00:00,14,,,19.0,,
Ascencion de Guarayos,2026-07-27 12:00:00,17,,,19.0,,
Ascencion de Guarayos,2026-07-27 12:00:00,26,,,32.0,,
Ascencion de Guarayos,2026-07-27 12:00:00,29,,,32.0,,
Ascencion de Guarayos,2026-07-27 12:00:00,38,,,20.0,,
Ascencion de Guarayos,2026-07-27 12:00:00,41,,,20.0,,
Ascencion de Guarayos,2026-07-27 12:00:00,50,,,32.0,,
Ascencion de Guarayos,2026-07-27 12:00:00,53,,,32.0,,
Ascencion de Guarayos,2026-07-27 12:00:00,62,,,19.0,,
Ascencion de Guarayos,2026-07-27 12:00:00,65,,,19.0,,
Ascencion de Guarayos,2026-07-27 12:00:00,68,,,24.0,,
Ascencion de Guarayos,2026-07-27 12:00:00,71,,,28.0,,
Ascencion de Guarayos,2026-07-27 12:00:00,86,,,18.0,,
Ascencion de Guarayos,2026-07-27 12:00:00,89,,,18.0,,
Ascencion de Guarayos,2026-07-27 12:00:00,92,,,22.0,,
Ascencion de Guarayos,2026-07-27 12:00:00,95,,,27.0,,
Ascencion de Guarayos,2026-07-27 12:00:00,98,,,32.0,,
Ascencion de Guarayos,2026-07-27 12:00:00,101,,,32.0,,
Ascencion de Guarayos,2026-07-27 12:00:00,107,,,18.0,,
Ascencion de Guarayos,2026-07-27 12:00:00,110,,,18.0,,
Baures,2026-07-27 09:00:00,5,36.0,0.0,34.0,4.5,296.0
Baures,2026-07-27 09:00:00,8,36.0,0.0,34.0,3.5,304.0
Baures,2026-07-27 09:00:00,11,37.0,0.0,28.0,2.5,313.0
Baures,2026-07-27 09:00:00,14,36.0,0.0,24.0,2.6,324.0
Baures,2026-07-27 09:00:00,17,26.0,0.0,22.0,2.6,330.0
Baures,2026-07-27 09:00:00,20,26.0,0.0,22.0,2.5,320.0
Baures,2026-07-27 09:00:00,23,26.0,0.0,25.0,2.9,340.0
Baures,2026-07-27 09:00:00,26,26.0,0.0,28.0,4.1,330.0
Baures,2026-07-27 09:00:00,29,36.0,0.0,33.0,5.2,310.0
Baures,2026-07-27 09:00:00,32,36.0,0.0,33.0,4.3,320.0
Baures,2026-07-27 09:00:00,35,26.0,0.0,29.0,3.3,325.0
Baures,2026-07-27 09:00:00,38,27.0,0.0,24.0,3.1,329.0
Baures,2026-07-27 09:00:00,41,26.0,0.0,22.0,2.9,329.0
Baures,2026-07-27 09:00:00,44,36.0,0.0,22.0,2.4,330.0
Baures,2026-07-27 09:00:00,47,36.0,0.0,25.0,3.3,331.0
Baures,2026-07-27 09:00:00,50,37.0,0.0,29.0,4.0,321.0
Baures,2026-07-27 09:00:00,53,36.0,0.0,34.0,4.8,306.0
Baures,2026-07-27 09:00:00,56,36.0,0.0,34.0,3.6,335.0
Baures,2026-07-27 09:00:00,59,36.0,0.0,30.0,2.4,355.0
Baures,2026-07-27 09:00:00,62,35.0,0.0,25.0,2.3,340.0
Baures,2026-07-27 09:00:00,65,36.0,0.0,22.0,2.1,320.0
Baures,2026-07-27 09:00:00,68,35.0,0.0,22.0,1.8,340.0
Baures,2026-07-27 09:00:00,71,36.0,0.0,26.0,1.5,360.0
Baures,2026-07-27 09:00:00,74,36.0,0.0,27.0,2.6,345.0
Baures,2026-07-27 09:00:00,77,56.0,0.0,33.0,3.6,324.0
Baures,2026-07-27 09:00:00,80,56.0,0.0,33.0,2.8,273.0
Baures,2026-07-27 09:00:00,83,56.0,0.0,29.0,2.0,205.0
Baures,2026-07-27 09:00:00,86,56.0,0.0,22.0,1.9,251.0
Baures,2026-07-27 09:00:00,89,36.0,0.0,22.0,1.7,330.0
Baures,2026-07-27 09:00:00,92,36.0,0.0,27.0,2.1,340.0
Baures,2026-07-27 09:00:00,95,37.0,0.0,27.0,2.1,350.0
Baures,2026-07-27 09:00:00,98,37.0,0.0,32.0,3.0,321.0
Baures,2026-07-27 09:00:00,101,36.0,0.0,38.0,3.9,291.0
Baures,2026-07-27 09:00:00,104,36.0,0.0,33.0,3.4,310.0
Baures,2026-07-27 09:00:00,107,26.0,0.0,27.0,2.8,325.0
Baures,2026-07-27 09:00:00,110,25.0,0.0,26.0,2.5,325.0
Baures,2026-07-27 09:00:00,113,36.0,0.0,25.0,2.2,321.0
Baures,2026-07-27 12:00:00,26,,,34.0,,
Baures,2026-07-27 12:00:00,29,,,34.0,,
Baures,2026-07-27 12:00:00,32,,,30.0,,
Baures,2026-07-27 12:00:00,35,,,26.0,,
Baures,2026-07-27 12:00:00,38,,,23.0,,
Baures,2026-07-27 12:00:00,41,,,23.0,,
Baures,2026-07-27 12:00:00,44,,,26.0,,
Baures,2026-07-27 12:00:00,50,,,35.0,,
Baures,2026-07-27 12:00:00,53,,,35.0,,
Baures,2026-07-27 12:00:00,59,,,27.0,,
Baures,2026-07-27 12:00:00,62,,,24.0,,
Baures,2026-07-27 12:00:00,65,,,24.0,,
Baures,2026-07-27 12:00:00,68,,,28.0,,
Baures,2026-07-27 12:00:00,71,,,31.0,,
Baures,2026-07-27 12:00:00,74,,,35.0,,
Baures,2026-07-27 12:00:00,77,,,35.0,,
Baures,2026-07-27 12:00:00,83,,,26.0,,
Baures,2026-07-27 12:00:00,86,,,23.0,,
Baures,2026-07-27 12:00:00,89,,,23.0,,
Baures,2026-07-27 12:00:00,95,,,31.0,,
Baures,2026-07-27 12:00:00,98,,,35.0,,
Baures,2026-07-27 12:00:00,101,,,35.0,,
Baures,2026-07-27 12:00:00,107,,,23.0,,
Baures,2026-07-27 12:00:00,110,,,23.0,,
Bolpebra - PD,2026-07-27 09:00:00,5,36.0,0.0,34.0,2.5,335.0
Bolpebra - PD,2026-07-27 09:00:00,8,36.0,0.0,34.0,2.0,341.0
Bolpebra - PD,2026-07-27 09:00:00,11,36.0,0.0,27.0,1.6,340.0
Bolpebra - PD,2026-07-27 09:00:00,14,37.0,0.0,24.0,1.7,332.0
Bolpebra - PD,2026-07-27 09:00:00,17,26.0,0.0,22.0,1.8,320.0
Bolpebra - PD,2026-07-27 09:00:00,20,26.0,0.0,22.0,1.4,313.0
Bolpebra - PD,2026-07-27 09:00:00,23,27.0,0.0,24.0,1.5,303.0
Bolpebra - PD,2026-07-27 09:00:00,26,27.0,0.0,27.0,2.0,313.0
Bolpebra - PD,2026-07-27 09:00:00,29,36.0,0.0,33.0,2.6,323.0
Bolpebra - PD,2026-07-27 09:00:00,32,36.0,0.0,33.0,1.9,314.0
Bolpebra - PD,2026-07-27 09:00:00,35,26.0,0.0,26.0,1.2,304.0
Bolpebra - PD,2026-07-27 09:00:00,38,26.0,0.0,23.0,1.3,322.0
Bolpebra - PD,2026-07-27 09:00:00,41,26.0,0.0,22.0,1.4,336.0
Bolpebra - PD,2026-07-27 09:00:00,44,37.0,0.0,22.0,1.4,320.0
Bolpebra - PD,2026-07-27 09:00:00,47,36.0,0.0,23.0,1.4,304.0
Bolpebra - PD,2026-07-27 09:00:00,50,37.0,0.0,27.0,1.9,320.0
Bolpebra - PD,2026-07-27 09:00:00,53,36.0,0.0,34.0,2.4,330.0
Bolpebra - PD,2026-07-27 09:00:00,56,37.0,0.0,34.0,2.0,333.0
Bolpebra - PD,2026-07-27 09:00:00,59,36.0,0.0,28.0,1.5,335.0
Bolpebra - PD,2026-07-27 09:00:00,62,36.0,0.0,24.0,1.4,317.0
Bolpebra - PD,2026-07-27 09:00:00,65,57.0,0.0,22.0,1.3,294.0
Bolpebra - PD,2026-07-27 09:00:00,68,57.0,0.0,22.0,1.0,313.0
Bolpebra - PD,2026-07-27 09:00:00,71,56.0,0.0,25.0,0.7,295.0
Bolpebra - PD,2026-07-27 09:00:00,74,56.0,0.0,28.0,1.1,321.0
Bolpebra - PD,2026-07-27 09:00:00,77,56.0,0.0,33.0,1.6,340.0
Bolpebra - PD,2026-07-27 09:00:00,80,56.0,0.0,33.0,1.1,15.0
Bolpebra - PD,2026-07-27 09:00:00,83,56.0,0.0,24.0,0.6,39.0
Bolpebra - PD,2026-07-27 09:00:00,86,56.0,0.0,22.0,0.8,345.0
Bolpebra - PD,2026-07-27 09:00:00,89,36.0,0.0,22.0,0.9,285.0
Bolpebra - PD,2026-07-27 09:00:00,92,36.0,0.0,23.0,0.9,302.0
Bolpebra - PD,2026-07-27 09:00:00,95,36.0,0.0,24.0,0.9,310.0
Bolpebra - PD,2026-07-27 09:00:00,98,35.0,0.0,30.0,1.3,320.0
Bolpebra - PD,2026-07-27 09:00:00,101,56.0,0.0,36.0,1.7,320.0
Bolpebra - PD,2026-07-27 09:00:00,104,56.0,0.0,31.0,1.5,338.0
Bolpebra - PD,2026-07-27 09:00:00,107,36.0,0.0,27.0,1.4,348.0
Bolpebra - PD,2026-07-27 09:00:00,110,37.0,0.0,25.0,1.0,342.0
Bolpebra - PD,2026-07-27 09:00:00,113,35.0,0.0,23.0,0.6,334.0
Bolpebra - PD,2026-07-27 12:00:00,11,,,25.0,,
Bolpebra - PD,2026-07-27 12:00:00,20,,,25.0,,
Bolpebra - PD,2026-07-27 12:00:00,23,,,29.0,,
Bolpebra - PD,2026-07-27 12:00:00,26,,,36.0,,
Bolpebra - PD,2026-07-27 12:00:00,29,,,36.0,,
Bolpebra - PD,2026-07-27 12:00:00,32,,,29.0,,
Bolpebra - PD,2026-07-27 12:00:00,35,,,25.0,,
Bolpebra - PD,2026-07-27 12:00:00,44,,,25.0,,
Bolpebra - PD,2026-07-27 12:00:00,47,,,30.0,,
Bolpebra - PD,2026-07-27 12:00:00,50,,,37.0,,
Bolpebra - PD,2026-07-27 12:00:00,53,,,37.0,,
Bolpebra - PD,2026-07-27 12:00:00,56,,,30.0,,
Bolpebra - PD,2026-07-27 12:00:00,59,,,25.0,,
Bolpebra - PD,2026-07-27 12:00:00,74,,,37.0,,
Bolpebra - PD,2026-07-27 12:00:00,77,,,37.0,,
Bolpebra - PD,2026-07-27 12:00:00,80,,,29.0,,
Bolpebra - PD,2026-07-27 12:00:00,83,,,25.0,,
Bolpebra - PD,2026-07-27 12:00:00,89,,,22.0,,
Bolpebra - PD,2026-07-27 12:00:00,98,,,37.0,,
Bolpebra - PD,2026-07-27 12:00:00,101,,,37.0,,
Bolpebra - PD,2026-07-27 12:00:00,107,,,22.0,,
Bolpebra - PD,2026-07-27 12:00:00,110,,,22.0,,
Bulo Bulo,2026-07-27 09:00:00,5,36.0,0.0,30.0,4.3,310.0
Bulo Bulo,2026-07-27 09:00:00,8,36.0,0.0,30.0,3.3,302.0
Bulo Bulo,2026-07-27 09:00:00,11,55.0,0.0,27.0,2.4,284.0
Bulo Bulo,2026-07-27 09:00:00,14,55.0,0.0,24.0,1.9,274.0
Bulo Bulo,2026-07-27 09:00:00,17,36.0,0.0,22.0,1.4,254.0
Bulo Bulo,2026-07-27 09:00:00,20,36.0,0.0,22.0,1.4,274.0
Bulo Bulo,2026-07-27 09:00:00,23,36.0,0.0,23.0,1.4,292.0
Bulo Bulo,2026-07-27 09:00:00,26,36.0,0.0,26.0,2.8,302.0
Bulo Bulo,2026-07-27 09:00:00,29,56.0,0.0,30.0,4.3,310.0
Bulo Bulo,2026-07-27 09:00:00,32,56.0,0.0,30.0,3.4,292.0
Bulo Bulo,2026-07-27 09:00:00,35,56.0,0.0,26.0,2.5,274.0
Bulo Bulo,2026-07-27 09:00:00,38,57.0,0.0,24.0,1.9,264.0
Bulo Bulo,2026-07-27 09:00:00,41,56.0,0.0,22.0,1.3,244.0
Bulo Bulo,2026-07-27 09:00:00,44,36.0,0.0,22.0,1.1,266.0
Bulo Bulo,2026-07-27 09:00:00,47,36.0,0.0,23.0,1.0,274.0
Bulo Bulo,2026-07-27 09:00:00,50,36.0,0.0,25.0,2.5,292.0
Bulo Bulo,2026-07-27 09:00:00,53,56.0,0.0,30.0,3.9,310.0
Bulo Bulo,2026-07-27 09:00:00,56,56.0,0.0,30.0,2.8,292.0
Bulo Bulo,2026-07-27 09:00:00,59,56.0,0.0,26.0,1.7,264.0
Bulo Bulo,2026-07-27 09:00:00,62,56.0,0.0,24.0,1.4,244.0
Bulo Bulo,2026-07-27 09:00:00,65,56.0,0.0,21.0,1.1,224.0
Bulo Bulo,2026-07-27 09:00:00,68,57.0,0.0,21.0,0.9,244.0
Bulo Bulo,2026-07-27 09:00:00,71,55.0,0.0,23.0,0.4,256.0
Bulo Bulo,2026-07-27 09:00:00,74,56.0,0.0,25.0,2.0,284.0
Bulo Bulo,2026-07-27 09:00:00,77,89.0,0.7,29.0,3.5,310.0
Bulo Bulo,2026-07-27 09:00:00,80,90.0,1.8,29.0,2.4,272.0
Bulo Bulo,2026-07-27 09:00:00,83,55.0,0.0,26.0,1.3,232.0
Bulo Bulo,2026-07-27 09:00:00,86,56.0,0.0,21.0,1.2,234.0
Bulo Bulo,2026-07-27 09:00:00,89,56.0,0.0,21.0,1.1,234.0
Bulo Bulo,2026-07-27 09:00:00,92,56.0,0.0,25.0,1.0,264.0
Bulo Bulo,2026-07-27 09:00:00,95,57.0,0.0,25.0,1.0,284.0
Bulo Bulo,2026-07-27 09:00:00,98,56.0,0.0,31.0,2.6,302.0
Bulo Bulo,2026-07-27 09:00:00,101,56.0,0.0,36.0,4.2,310.0
Bulo Bulo,2026-07-27 09:00:00,104,56.0,0.0,31.0,2.8,282.0
Bulo Bulo,2026-07-27 09:00:00,107,56.0,0.0,26.0,1.5,244.0
Bulo Bulo,2026-07-27 09:00:00,110,56.0,0.0,25.0,1.3,254.0
Bulo Bulo,2026-07-27 09:00:00,113,57.0,0.0,23.0,1.1,264.0
Bulo Bulo,2026-07-27 12:00:00,14,,,21.0,,
Bulo Bulo,2026-07-27 12:00:00,17,,,21.0,,
Bulo Bulo,2026-07-27 12:00:00,32,,,27.0,,
Bulo Bulo,2026-07-27 12:00:00,38,,,21.0,,
Bulo Bulo,2026-07-27 12:00:00,41,,,21.0,,
Bulo Bulo,2026-07-27 12:00:00,56,,,27.0,,
Bulo Bulo,2026-07-27 12:00:00,62,,,20.0,,
Bulo Bulo,2026-07-27 12:00:00,65,,,20.0,,
Bulo Bulo,2026-07-27 12:00:00,71,,,27.0,,
Bulo Bulo,2026-07-27 12:00:00,74,,,31.0,,
Bulo Bulo,2026-07-27 12:00:00,77,,,31.0,,
Bulo Bulo,2026-07-27 12:00:00,83,,,23.0,,
Bulo Bulo,2026-07-27 12:00:00,86,,,20.0,,
Bulo Bulo,2026-07-27 12:00:00,89,,,20.0,,
Bulo Bulo,2026-07-27 12:00:00,92,,,24.0,,
Bulo Bulo,2026-07-27 12:00:00,95,,,28.0,,
Bulo Bulo,2026-07-27 12:00:00,98,,,32.0,,
Bulo Bulo,2026-07-27 12:00:00,101,,,32.0,,
Bulo Bulo,2026-07-27 12:00:00,107,,,20.0,,
Bulo Bulo,2026-07-27 12:00:00,110,,,20.0,,
Camargo,2026-07-27 09:00:00,5,26.0,0.0,28.0,4.5,287.0
Camargo,2026-07-27 09:00:00,8,26.0,0.0,28.0,4.2,304.0
Camargo,2026-07-27 09:00:00,11,26.0,0.0,16.0,3.9,314.0
Camargo,2026-07-27 09:00:00,14,26.0,0.0,8.0,3.9,316.0
Camargo,2026-07-27 09:00:00,17,25.0,0.0,1.0,3.8,309.0
Camargo,2026-07-27 09:00:00,20,25.0,0.0,1.0,3.4,309.0
Camargo,2026-07-27 09:00:00,23,25.0,0.0,10.0,3.2,300.0
Camargo,2026-07-27 09:00:00,26,26.0,0.0,15.0,7.4,298.0
Camargo,2026-07-27 09:00:00,29,26.0,0.0,28.0,11.7,288.0
Camargo,2026-07-27 09:00:00,32,26.0,0.0,28.0,7.6,298.0
Camargo,2026-07-27 09:00:00,35,26.0,0.0,17.0,3.6,307.0
Camargo,2026-07-27 09:00:00,38,26.0,0.0,9.0,3.4,309.0
Camargo,2026-07-27 09:00:00,41,26.0,0.0,1.0,3.1,309.0
Camargo,2026-07-27 09:00:00,44,26.0,0.0,1.0,2.9,300.0
Camargo,2026-07-27 09:00:00,47,26.0,0.0,8.0,2.7,290.0
Camargo,2026-07-27 09:00:00,50,26.0,0.0,13.0,2.7,290.0
Camargo,2026-07-27 09:00:00,53,26.0,0.0,27.0,2.6,289.0
Camargo,2026-07-27 09:00:00,56,26.0,0.0,27.0,2.7,7.0
Camargo,2026-07-27 09:00:00,59,26.0,0.0,18.0,2.8,77.0
Camargo,2026-07-27 09:00:00,62,26.0,0.0,9.0,2.3,74.0
Camargo,2026-07-27 09:00:00,65,36.0,0.0,2.0,1.8,62.0
Camargo,2026-07-27 09:00:00,68,36.0,0.0,2.0,1.7,338.0
Camargo,2026-07-27 09:00:00,71,36.0,0.0,9.0,1.6,290.0
Camargo,2026-07-27 09:00:00,74,36.0,0.0,14.0,2.0,290.0
Camargo,2026-07-27 09:00:00,77,36.0,0.0,25.0,2.3,281.0
Camargo,2026-07-27 09:00:00,80,36.0,0.0,25.0,2.6,358.0
Camargo,2026-07-27 09:00:00,83,36.0,0.0,11.0,2.9,68.0
Camargo,2026-07-27 09:00:00,86,36.0,0.0,2.0,2.3,30.0
Camargo,2026-07-27 09:00:00,89,26.0,0.0,2.0,1.6,349.0
Camargo,2026-07-27 09:00:00,92,26.0,0.0,10.0,2.2,321.0
Camargo,2026-07-27 09:00:00,95,26.0,0.0,10.0,2.5,302.0
Camargo,2026-07-27 09:00:00,98,26.0,0.0,16.0,4.2,290.0
Camargo,2026-07-27 09:00:00,101,36.0,0.0,21.0,5.8,270.0
Camargo,2026-07-27 09:00:00,104,36.0,0.0,18.0,5.0,288.0
Camargo,2026-07-27 09:00:00,107,26.0,0.0,14.0,4.3,305.0
Camargo,2026-07-27 09:00:00,110,26.0,0.0,11.0,3.8,307.0
Camargo,2026-07-27 09:00:00,113,26.0,0.0,9.0,3.2,300.0
Camargo,2026-07-27 12:00:00,50,,,28.0,,
Camargo,2026-07-27 12:00:00,53,,,28.0,,
Camargo,2026-07-27 12:00:00,74,,,29.0,,
Camargo,2026-07-27 12:00:00,77,,,29.0,,
Camargo,2026-07-27 12:00:00,80,,,14.0,,
Camargo,2026-07-27 12:00:00,83,,,7.0,,
Camargo,2026-07-27 12:00:00,89,,,2.0,,
Camargo,2026-07-27 12:00:00,98,,,29.0,,
Camargo,2026-07-27 12:00:00,101,,,29.0,,
Camargo,2026-07-27 12:00:00,107,,,2.0,,
Camargo,2026-07-27 12:00:00,110,,,2.0,,
Camiri,2026-07-27 09:00:00,5,36.0,0.0,28.0,4.2,10.0
Camiri,2026-07-27 09:00:00,8,35.0,0.0,28.0,2.6,3.0
Camiri,2026-07-27 09:00:00,11,36.0,0.0,22.0,0.9,353.0
Camiri,2026-07-27 09:00:00,14,36.0,0.0,19.0,1.2,333.0
Camiri,2026-07-27 09:00:00,17,36.0,0.0,17.0,1.4,313.0
Camiri,2026-07-27 09:00:00,20,36.0,0.0,17.0,1.1,292.0
Camiri,2026-07-27 09:00:00,23,36.0,0.0,19.0,1.0,290.0
Camiri,2026-07-27 09:00:00,26,36.0,0.0,22.0,1.8,350.0
Camiri,2026-07-27 09:00:00,29,26.0,0.0,29.0,2.6,40.0
Camiri,2026-07-27 09:00:00,32,26.0,0.0,29.0,1.5,28.0
Camiri,2026-07-27 09:00:00,35,26.0,0.0,22.0,0.5,15.0
Camiri,2026-07-27 09:00:00,38,26.0,0.0,20.0,1.0,328.0
Camiri,2026-07-27 09:00:00,41,26.0,0.0,17.0,1.4,270.0
Camiri,2026-07-27 09:00:00,44,36.0,0.0,17.0,1.2,283.0
Camiri,2026-07-27 09:00:00,47,36.0,0.0,20.0,1.0,282.0
Camiri,2026-07-27 09:00:00,50,36.0,0.0,23.0,2.3,300.0
Camiri,2026-07-27 09:00:00,53,36.0,0.0,28.0,3.6,99.0
Camiri,2026-07-27 09:00:00,56,37.0,0.0,29.0,3.1,147.0
Camiri,2026-07-27 09:00:00,59,56.0,0.0,22.0,2.6,187.0
Camiri,2026-07-27 09:00:00,62,57.0,0.0,20.0,1.9,227.0
Camiri,2026-07-27 09:00:00,65,57.0,0.0,17.0,1.3,267.0
Camiri,2026-07-27 09:00:00,68,56.0,0.0,16.0,0.7,272.0
Camiri,2026-07-27 09:00:00,71,57.0,0.0,19.0,0.2,264.0
Camiri,2026-07-27 09:00:00,74,57.0,0.0,23.0,2.7,340.0
Camiri,2026-07-27 09:00:00,77,76.0,0.6,26.0,5.1,60.0
Camiri,2026-07-27 09:00:00,80,76.0,0.7,27.0,3.0,107.0
Camiri,2026-07-27 09:00:00,83,56.0,0.0,21.0,1.0,147.0
Camiri,2026-07-27 09:00:00,86,56.0,0.0,16.0,1.1,210.0
Camiri,2026-07-27 09:00:00,89,37.0,0.0,16.0,1.2,273.0
Camiri,2026-07-27 09:00:00,92,36.0,0.0,19.0,1.6,330.0
Camiri,2026-07-27 09:00:00,95,36.0,0.0,20.0,1.9,340.0
Camiri,2026-07-27 09:00:00,98,36.0,0.0,27.0,3.9,360.0
Camiri,2026-07-27 09:00:00,101,36.0,0.0,35.0,5.8,10.0
Camiri,2026-07-27 09:00:00,104,37.0,0.0,30.0,5.3,10.0
Camiri,2026-07-27 09:00:00,107,36.0,0.0,26.0,4.7,360.0
Camiri,2026-07-27 09:00:00,110,36.0,0.0,22.0,3.3,343.0
Camiri,2026-07-27 09:00:00,113,36.0,0.0,19.0,1.8,323.0
Camiri,2026-07-27 12:00:00,20,,,20.0,,
Camiri,2026-07-27 12:00:00,26,,,30.0,,
Camiri,2026-07-27 12:00:00,29,,,30.0,,
Camiri,2026-07-27 12:00:00,32,,,23.0,,
Camiri,2026-07-27 12:00:00,35,,,19.0,,
Camiri,2026-07-27 12:00:00,38,,,14.0,,
Camiri,2026-07-27 12:00:00,41,,,14.0,,
Camiri,2026-07-27 12:00:00,50,,,26.0,,
Camiri,2026-07-27 12:00:00,53,,,27.0,,
Camiri,2026-07-27 12:00:00,56,,,23.0,,
Camiri,2026-07-27 12:00:00,59,,,21.0,,
Camiri,2026-07-27 12:00:00,65,,,17.0,,
Camiri,2026-07-27 12:00:00,68,,,20.0,,
Camiri,2026-07-27 12:00:00,71,,,22.0,,
Camiri,2026-07-27 12:00:00,74,,,23.0,,
Camiri,2026-07-27 12:00:00,77,,,23.0,,
Camiri,2026-07-27 12:00:00,80,,,22.0,,
Camiri,2026-07-27 12:00:00,83,,,21.0,,
Camiri,2026-07-27 12:00:00,86,,,18.0,,
Camiri,2026-07-27 12:00:00,89,,,18.0,,
Camiri,2026-07-27 12:00:00,92,,,21.0,,
Camiri,2026-07-27 12:00:00,95,,,24.0,,
Camiri,2026-07-27 12:00:00,98,,,26.0,,
Camiri,2026-07-27 12:00:00,101,,,27.0,,
Camiri,2026-07-27 12:00:00,104,,,23.0,,
Camiri,2026-07-27 12:00:00,107,,,18.0,,
Camiri,2026-07-27 12:00:00,110,,,18.0,,
Campanario,2026-07-27 09:00:00,5,26.0,0.0,22.0,8.8,270.0
Campanario,2026-07-27 09:00:00,8,26.0,0.0,22.0,5.7,290.0
Campanario,2026-07-27 09:00:00,11,26.0,0.0,12.0,2.6,302.0
Campanario,2026-07-27 09:00:00,14,26.0,0.0,8.0,3.3,276.0
Campanario,2026-07-27 09:00:00,17,26.0,0.0,-1.0,4.0,243.0
Campanario,2026-07-27 09:00:00,20,26.0,0.0,-1.0,4.0,243.0
Campanario,2026-07-27 09:00:00,23,26.0,0.0,8.0,3.7,243.0
Campanario,2026-07-27 09:00:00,26,26.0,0.0,13.0,9.6,266.0
Campanario,2026-07-27 09:00:00,29,26.0,0.0,21.0,15.3,290.0
Campanario,2026-07-27 09:00:00,32,26.0,0.0,21.0,9.2,290.0
Campanario,2026-07-27 09:00:00,35,26.0,0.0,16.0,3.0,290.0
Campanario,2026-07-27 09:00:00,38,26.0,0.0,12.0,3.1,276.0
Campanario,2026-07-27 09:00:00,41,26.0,0.0,0.0,3.1,253.0
Campanario,2026-07-27 09:00:00,44,26.0,0.0,0.0,3.7,246.0
Campanario,2026-07-27 09:00:00,47,26.0,0.0,7.0,4.1,240.0
Campanario,2026-07-27 09:00:00,50,26.0,0.0,12.0,3.4,266.0
Campanario,2026-07-27 09:00:00,53,26.0,0.0,20.0,2.8,285.0
Campanario,2026-07-27 09:00:00,56,27.0,0.0,20.0,2.9,7.0
Campanario,2026-07-27 09:00:00,59,27.0,0.0,14.0,2.9,83.0
Campanario,2026-07-27 09:00:00,62,26.0,0.0,11.0,2.1,49.0
Campanario,2026-07-27 09:00:00,65,26.0,0.0,-1.0,1.3,10.0
Campanario,2026-07-27 09:00:00,68,26.0,0.0,-1.0,2.4,284.0
Campanario,2026-07-27 09:00:00,71,26.0,0.0,7.0,3.5,243.0
Campanario,2026-07-27 09:00:00,74,26.0,0.0,12.0,2.5,294.0
Campanario,2026-07-27 09:00:00,77,26.0,0.0,21.0,1.4,336.0
Campanario,2026-07-27 09:00:00,80,26.0,0.0,21.0,1.8,34.0
Campanario,2026-07-27 09:00:00,83,26.0,0.0,8.0,2.3,85.0
Campanario,2026-07-27 09:00:00,86,26.0,0.0,-1.0,2.2,17.0
Campanario,2026-07-27 09:00:00,89,26.0,0.0,-1.0,2.1,301.0
Campanario,2026-07-27 09:00:00,92,26.0,0.0,8.0,2.8,265.0
Campanario,2026-07-27 09:00:00,95,26.0,0.0,9.0,3.6,250.0
Campanario,2026-07-27 09:00:00,98,26.0,0.0,15.0,7.5,273.0
Campanario,2026-07-27 09:00:00,101,26.0,0.0,20.0,11.4,290.0
Campanario,2026-07-27 09:00:00,104,26.0,0.0,16.0,8.0,290.0
Campanario,2026-07-27 09:00:00,107,26.0,0.0,11.0,4.7,284.0
Campanario,2026-07-27 09:00:00,110,26.0,0.0,9.0,4.4,260.0
Campanario,2026-07-27 09:00:00,113,26.0,0.0,7.0,4.2,236.0
Campanario,2026-07-27 12:00:00,14,,,0.0,,
Campanario,2026-07-27 12:00:00,17,,,0.0,,
Campanario,2026-07-27 12:00:00,26,,,22.0,,
Campanario,2026-07-27 12:00:00,29,,,22.0,,
Campanario,2026-07-27 12:00:00,50,,,22.0,,
Campanario,2026-07-27 12:00:00,53,,,22.0,,
Campanario,2026-07-27 12:00:00,56,,,16.0,,
Campanario,2026-07-27 12:00:00,80,,,9.0,,
Campanario,2026-07-27 12:00:00,83,,,3.0,,
Campanario,2026-07-27 12:00:00,89,,,-1.0,,
Campanario,2026-07-27 12:00:00,98,,,21.0,,
Campanario,2026-07-27 12:00:00,101,,,21.0,,
Campanario,2026-07-27 12:00:00,107,,,-1.0,,
Campanario,2026-07-27 12:00:00,110,,,-1.0,,
Carura,2026-07-27 09:00:00,5,36.0,0.0,32.0,1.0,75.0
Carura,2026-07-27 09:00:00,8,36.0,0.0,32.0,0.9,137.0
Carura,2026-07-27 09:00:00,11,36.0,0.0,27.0,0.7,190.0
Carura,2026-07-27 09:00:00,14,37.0,0.0,25.0,0.9,237.0
Carura,2026-07-27 09:00:00,17,36.0,0.0,21.0,1.1,275.0
Carura,2026-07-27 09:00:00,20,36.0,0.0,21.0,0.8,282.0
Carura,2026-07-27 09:00:00,23,36.0,0.0,23.0,0.7,282.0
Carura,2026-07-27 09:00:00,26,36.0,0.0,27.0,1.0,352.0
Carura,2026-07-27 09:00:00,29,57.0,0.0,33.0,1.3,52.0
Carura,2026-07-27 09:00:00,32,56.0,0.0,33.0,0.9,130.0
Carura,2026-07-27 09:00:00,35,36.0,0.0,28.0,0.7,236.0
Carura,2026-07-27 09:00:00,38,36.0,0.0,25.0,0.9,251.0
Carura,2026-07-27 09:00:00,41,36.0,0.0,22.0,1.0,266.0
Carura,2026-07-27 09:00:00,44,36.0,0.0,22.0,0.9,273.0
Carura,2026-07-27 09:00:00,47,36.0,0.0,24.0,0.8,273.0
Carura,2026-07-27 09:00:00,50,36.0,0.0,28.0,1.0,353.0
Carura,2026-07-27 09:00:00,53,56.0,0.0,32.0,1.2,72.0
Carura,2026-07-27 09:00:00,56,56.0,0.0,32.0,0.9,117.0
Carura,2026-07-27 09:00:00,59,36.0,0.0,28.0,0.7,260.0
Carura,2026-07-27 09:00:00,62,37.0,0.0,25.0,0.8,265.0
Carura,2026-07-27 09:00:00,65,37.0,0.0,22.0,0.9,268.0
Carura,2026-07-27 09:00:00,68,36.0,0.0,20.0,0.7,285.0
Carura,2026-07-27 09:00:00,71,36.0,0.0,21.0,0.6,282.0
Carura,2026-07-27 09:00:00,74,36.0,0.0,26.0,1.0,352.0
Carura,2026-07-27 09:00:00,77,57.0,0.0,31.0,1.5,55.0
Carura,2026-07-27 09:00:00,80,55.0,0.0,31.0,1.2,347.0
Carura,2026-07-27 09:00:00,83,56.0,0.0,22.0,0.9,271.0
Carura,2026-07-27 09:00:00,86,56.0,0.0,20.0,0.8,278.0
Carura,2026-07-27 09:00:00,89,56.0,0.0,20.0,0.8,285.0
Carura,2026-07-27 09:00:00,92,56.0,0.0,19.0,0.9,282.0
Carura,2026-07-27 09:00:00,95,56.0,0.0,19.0,0.7,289.0
Carura,2026-07-27 09:00:00,98,56.0,0.0,25.0,1.1,359.0
Carura,2026-07-27 09:00:00,101,56.0,0.0,31.0,1.6,59.0
Carura,2026-07-27 09:00:00,104,56.0,0.0,25.0,1.1,343.0
Carura,2026-07-27 09:00:00,107,56.0,0.0,19.0,0.7,260.0
Carura,2026-07-27 09:00:00,110,56.0,0.0,18.0,0.9,270.0
Carura,2026-07-27 09:00:00,113,56.0,0.0,17.0,1.1,275.0
Carura,2026-07-27 12:00:00,14,,,20.0,,
Carura,2026-07-27 12:00:00,17,,,20.0,,
Carura,2026-07-27 12:00:00,38,,,20.0,,
Carura,2026-07-27 12:00:00,41,,,20.0,,
Carura,2026-07-27 12:00:00,50,,,33.0,,
Carura,2026-07-27 12:00:00,62,,,21.0,,
Carura,2026-07-27 12:00:00,68,,,24.0,,
Carura,2026-07-27 12:00:00,71,,,28.0,,
Carura,2026-07-27 12:00:00,74,,,34.0,,
Carura,2026-07-27 12:00:00,77,,,34.0,,
Carura,2026-07-27 12:00:00,80,,,29.0,,
Carura,2026-07-27 12:00:00,83,,,24.0,,
Carura,2026-07-27 12:00:00,89,,,20.0,,
Carura,2026-07-27 12:00:00,92,,,24.0,,
Carura,2026-07-27 12:00:00,95,,,28.0,,
Carura,2026-07-27 12:00:00,98,,,34.0,,
Carura,2026-07-27 12:00:00,101,,,34.0,,
Carura,2026-07-27 12:00:00,104,,,24.0,,
Carura,2026-07-27 12:00:00,107,,,20.0,,
Carura,2026-07-27 12:00:00,110,,,20.0,,
Chacala (INIAF),2026-07-27 09:00:00,5,26.0,0.0,14.0,7.7,276.0
Chacala (INIAF),2026-07-27 09:00:00,8,26.0,0.0,14.0,5.9,283.0
Chacala (INIAF),2026-07-27 09:00:00,11,26.0,0.0,6.0,4.1,283.0
Chacala (INIAF),2026-07-27 09:00:00,14,26.0,0.0,-2.0,3.5,320.0
Chacala (INIAF),2026-07-27 09:00:00,17,26.0,0.0,-8.0,2.9,347.0
Chacala (INIAF),2026-07-27 09:00:00,20,27.0,0.0,-8.0,2.6,350.0
Chacala (INIAF),2026-07-27 09:00:00,23,26.0,0.0,2.0,2.4,344.0
Chacala (INIAF),2026-07-27 09:00:00,26,26.0,0.0,6.0,5.3,314.0
Chacala (INIAF),2026-07-27 09:00:00,29,26.0,0.0,15.0,8.2,280.0
Chacala (INIAF),2026-07-27 09:00:00,32,27.0,0.0,15.0,6.7,266.0
Chacala (INIAF),2026-07-27 09:00:00,35,26.0,0.0,6.0,5.2,245.0
Chacala (INIAF),2026-07-27 09:00:00,38,27.0,0.0,0.0,3.7,300.0
Chacala (INIAF),2026-07-27 09:00:00,41,26.0,0.0,-7.0,2.2,348.0
Chacala (INIAF),2026-07-27 09:00:00,44,26.0,0.0,-7.0,1.7,19.0
Chacala (INIAF),2026-07-27 09:00:00,47,26.0,0.0,1.0,1.6,1.0
Chacala (INIAF),2026-07-27 09:00:00,50,26.0,0.0,6.0,3.0,329.0
Chacala (INIAF),2026-07-27 09:00:00,53,26.0,0.0,14.0,4.5,287.0
Chacala (INIAF),2026-07-27 09:00:00,56,26.0,0.0,14.0,3.5,339.0
Chacala (INIAF),2026-07-27 09:00:00,59,26.0,0.0,10.0,2.3,26.0
Chacala (INIAF),2026-07-27 09:00:00,62,26.0,0.0,4.0,2.1,354.0
Chacala (INIAF),2026-07-27 09:00:00,65,26.0,0.0,-9.0,2.0,319.0
Chacala (INIAF),2026-07-27 09:00:00,68,26.0,0.0,-9.0,1.6,330.0
Chacala (INIAF),2026-07-27 09:00:00,71,26.0,0.0,3.0,1.3,347.0
Chacala (INIAF),2026-07-27 09:00:00,74,26.0,0.0,7.0,2.9,314.0
Chacala (INIAF),2026-07-27 09:00:00,77,26.0,0.0,14.0,4.5,278.0
Chacala (INIAF),2026-07-27 09:00:00,80,26.0,0.0,14.0,3.0,286.0
Chacala (INIAF),2026-07-27 09:00:00,83,27.0,0.0,6.0,1.4,24.0
Chacala (INIAF),2026-07-27 09:00:00,86,26.0,0.0,-9.0,1.9,355.0
Chacala (INIAF),2026-07-27 09:00:00,89,26.0,0.0,-9.0,2.4,348.0
Chacala (INIAF),2026-07-27 09:00:00,92,26.0,0.0,3.0,2.5,335.0
Chacala (INIAF),2026-07-27 09:00:00,95,26.0,0.0,4.0,3.1,340.0
Chacala (INIAF),2026-07-27 09:00:00,98,27.0,0.0,7.0,4.4,310.0
Chacala (INIAF),2026-07-27 09:00:00,101,27.0,0.0,11.0,5.7,278.0
Chacala (INIAF),2026-07-27 09:00:00,104,26.0,0.0,8.0,4.0,274.0
Chacala (INIAF),2026-07-27 09:00:00,107,26.0,0.0,5.0,2.4,263.0
Chacala (INIAF),2026-07-27 09:00:00,110,26.0,0.0,4.0,2.2,319.0
Chacala (INIAF),2026-07-27 09:00:00,113,26.0,0.0,2.0,2.0,11.0
Chacala (INIAF),2026-07-27 12:00:00,14,,,-5.0,,
Chacala (INIAF),2026-07-27 12:00:00,17,,,-5.0,,
Chacala (INIAF),2026-07-27 12:00:00,26,,,13.0,,
Chacala (INIAF),2026-07-27 12:00:00,29,,,13.0,,
Chacala (INIAF),2026-07-27 12:00:00,35,,,1.0,,
Chacala (INIAF),2026-07-27 12:00:00,38,,,-5.0,,
Chacala (INIAF),2026-07-27 12:00:00,41,,,-5.0,,
Chacala (INIAF),2026-07-27 12:00:00,50,,,13.0,,
Chacala (INIAF),2026-07-27 12:00:00,53,,,13.0,,
Chacala (INIAF),2026-07-27 12:00:00,62,,,-5.0,,
Chacala (INIAF),2026-07-27 12:00:00,65,,,-5.0,,
Chacala (INIAF),2026-07-27 12:00:00,68,,,2.0,,
Chacala (INIAF),2026-07-27 12:00:00,74,,,13.0,,
Chacala (INIAF),2026-07-27 12:00:00,77,,,13.0,,
Chacala (INIAF),2026-07-27 12:00:00,83,,,-1.0,,
Chacala (INIAF),2026-07-27 12:00:00,86,,,-6.0,,
Chacala (INIAF),2026-07-27 12:00:00,89,,,-6.0,,
Chacala (INIAF),2026-07-27 12:00:00,92,,,2.0,,
Chacala (INIAF),2026-07-27 12:00:00,98,,,13.0,,
Chacala (INIAF),2026-07-27 12:00:00,101,,,13.0,,
Chacala (INIAF),2026-07-27 12:00:00,107,,,-6.0,,
Chacala (INIAF),2026-07-27 12:00:00,110,,,-6.0,,
Charazani,2026-07-27 09:00:00,5,26.0,0.0,18.0,5.0,75.0
Charazani,2026-07-27 09:00:00,8,27.0,0.0,18.0,3.2,52.0
Charazani,2026-07-27 09:00:00,11,36.0,0.0,14.0,1.5,22.0
Charazani,2026-07-27 09:00:00,14,36.0,0.0,10.0,2.0,335.0
Charazani,2026-07-27 09:00:00,17,27.0,0.0,4.0,2.5,285.0
Charazani,2026-07-27 09:00:00,20,27.0,0.0,4.0,2.1,285.0
Charazani,2026-07-27 09:00:00,23,26.0,0.0,9.0,2.6,266.0
Charazani,2026-07-27 09:00:00,26,26.0,0.0,14.0,3.3,188.0
Charazani,2026-07-27 09:00:00,29,36.0,0.0,19.0,4.0,93.0
Charazani,2026-07-27 09:00:00,32,37.0,0.0,19.0,2.9,64.0
Charazani,2026-07-27 09:00:00,35,26.0,0.0,14.0,1.7,32.0
Charazani,2026-07-27 09:00:00,38,26.0,0.0,9.0,1.2,343.0
Charazani,2026-07-27 09:00:00,41,25.0,0.0,4.0,0.7,285.0
Charazani,2026-07-27 09:00:00,44,26.0,0.0,4.0,1.0,273.0
Charazani,2026-07-27 09:00:00,47,25.0,0.0,8.0,1.4,272.0
Charazani,2026-07-27 09:00:00,50,26.0,0.0,13.0,2.9,356.0
Charazani,2026-07-27 09:00:00,53,25.0,0.0,18.0,4.3,76.0
Charazani,2026-07-27 09:00:00,56,26.0,0.0,18.0,3.1,66.0
Charazani,2026-07-27 09:00:00,59,26.0,0.0,14.0,1.7,53.0
Charazani,2026-07-27 09:00:00,62,26.0,0.0,9.0,1.6,22.0
Charazani,2026-07-27 09:00:00,65,25.0,0.0,3.0,1.3,345.0
Charazani,2026-07-27 09:00:00,68,26.0,0.0,3.0,1.3,6.0
Charazani,2026-07-27 09:00:00,71,26.0,0.0,4.0,1.1,33.0
Charazani,2026-07-27 09:00:00,74,26.0,0.0,6.0,2.9,53.0
Charazani,2026-07-27 09:00:00,77,36.0,0.0,19.0,4.7,73.0
Charazani,2026-07-27 09:00:00,80,36.0,0.0,19.0,3.2,63.0
Charazani,2026-07-27 09:00:00,83,26.0,0.0,4.0,1.6,52.0
Charazani,2026-07-27 09:00:00,86,26.0,0.0,3.0,1.2,2.0
Charazani,2026-07-27 09:00:00,89,36.0,0.0,3.0,0.9,311.0
Charazani,2026-07-27 09:00:00,92,35.0,0.0,4.0,1.6,277.0
Charazani,2026-07-27 09:00:00,95,36.0,0.0,5.0,0.5,268.0
Charazani,2026-07-27 09:00:00,98,36.0,0.0,7.0,2.2,184.0
Charazani,2026-07-27 09:00:00,101,56.0,0.0,9.0,3.9,96.0
Charazani,2026-07-27 09:00:00,104,56.0,0.0,6.0,2.8,66.0
Charazani,2026-07-27 09:00:00,107,36.0,0.0,4.0,1.6,32.0
Charazani,2026-07-27 09:00:00,110,35.0,0.0,3.0,1.4,346.0
Charazani,2026-07-27 09:00:00,113,36.0,0.0,2.0,1.3,296.0
Charazani,2026-07-27 12:00:00,26,,,18.0,,
Charazani,2026-07-27 12:00:00,29,,,18.0,,
Charazani,2026-07-27 12:00:00,62,,,5.0,,
Charazani,2026-07-27 12:00:00,65,,,5.0,,
Charazani,2026-07-27 12:00:00,68,,,9.0,,
Charazani,2026-07-27 12:00:00,71,,,13.0,,
Charazani,2026-07-27 12:00:00,74,,,17.0,,
Charazani,2026-07-27 12:00:00,77,,,17.0,,
Charazani,2026-07-27 12:00:00,80,,,13.0,,
Charazani,2026-07-27 12:00:00,83,,,9.0,,
Charazani,2026-07-27 12:00:00,86,,,5.0,,
Charazani,2026-07-27 12:00:00,89,,,5.0,,
Charazani,2026-07-27 12:00:00,92,,,9.0,,
Charazani,2026-07-27 12:00:00,95,,,14.0,,
Charazani,2026-07-27 12:00:00,98,,,17.0,,
Charazani,2026-07-27 12:00:00,101,,,17.0,,
Charazani,2026-07-27 12:00:00,104,,,10.0,,
Charazani,2026-07-27 12:00:00,107,,,5.0,,
Charazani,2026-07-27 12:00:00,110,,,5.0,,
Chipaya,2026-07-27 09:00:00,5,26.0,0.0,17.0,1.4,293.0
Chipaya,2026-07-27 09:00:00,8,26.0,0.0,17.0,4.1,262.0
Chipaya,2026-07-27 09:00:00,11,26.0,0.0,9.0,6.8,220.0
Chipaya,2026-07-27 09:00:00,14,26.0,0.0,0.0,4.8,280.0
Chipaya,2026-07-27 09:00:00,17,26.0,0.0,-9.0,2.9,334.0
Chipaya,2026-07-27 09:00:00,20,27.0,0.0,-9.0,2.0,270.0
Chipaya,2026-07-27 09:00:00,23,27.0,0.0,4.0,1.8,280.0
Chipaya,2026-07-27 09:00:00,26,26.0,0.0,10.0,4.1,280.0
Chipaya,2026-07-27 09:00:00,29,26.0,0.0,17.0,6.4,280.0
Chipaya,2026-07-27 09:00:00,32,26.0,0.0,17.0,5.2,266.0
Chipaya,2026-07-27 09:00:00,35,26.0,0.0,8.0,3.9,246.0
Chipaya,2026-07-27 09:00:00,38,26.0,0.0,0.0,2.5,250.0
Chipaya,2026-07-27 09:00:00,41,26.0,0.0,-10.0,1.3,250.0
Chipaya,2026-07-27 09:00:00,44,27.0,0.0,-10.0,0.8,44.0
Chipaya,2026-07-27 09:00:00,47,26.0,0.0,-1.0,0.6,72.0
Chipaya,2026-07-27 09:00:00,50,26.0,0.0,8.0,0.8,224.0
Chipaya,2026-07-27 09:00:00,53,26.0,0.0,16.0,1.0,264.0
Chipaya,2026-07-27 09:00:00,56,26.0,0.0,16.0,1.9,210.0
Chipaya,2026-07-27 09:00:00,59,26.0,0.0,9.0,2.8,146.0
Chipaya,2026-07-27 09:00:00,62,26.0,0.0,1.0,2.9,196.0
Chipaya,2026-07-27 09:00:00,65,26.0,0.0,-9.0,3.0,236.0
Chipaya,2026-07-27 09:00:00,68,26.0,0.0,-9.0,1.9,190.0
Chipaya,2026-07-27 09:00:00,71,26.0,0.0,4.0,1.2,140.0
Chipaya,2026-07-27 09:00:00,74,26.0,0.0,9.0,1.4,90.0
Chipaya,2026-07-27 09:00:00,77,26.0,0.0,16.0,1.4,30.0
Chipaya,2026-07-27 09:00:00,80,26.0,0.0,16.0,2.3,96.0
Chipaya,2026-07-27 09:00:00,83,25.0,0.0,11.0,3.3,162.0
Chipaya,2026-07-27 09:00:00,86,26.0,0.0,-9.0,2.5,202.0
Chipaya,2026-07-27 09:00:00,89,26.0,0.0,-9.0,1.7,238.0
Chipaya,2026-07-27 09:00:00,92,26.0,0.0,5.0,2.0,236.0
Chipaya,2026-07-27 09:00:00,95,26.0,0.0,5.0,1.8,226.0
Chipaya,2026-07-27 09:00:00,98,26.0,0.0,10.0,2.0,282.0
Chipaya,2026-07-27 09:00:00,101,35.0,0.0,15.0,2.1,332.0
Chipaya,2026-07-27 09:00:00,104,35.0,0.0,12.0,3.4,282.0
Chipaya,2026-07-27 09:00:00,107,36.0,0.0,9.0,4.7,226.0
Chipaya,2026-07-27 09:00:00,110,36.0,0.0,6.0,3.1,276.0
Chipaya,2026-07-27 09:00:00,113,37.0,0.0,4.0,1.4,320.0
Chipaya,2026-07-27 12:00:00,14,,,-8.0,,
Chipaya,2026-07-27 12:00:00,17,,,-8.0,,
Chipaya,2026-07-27 12:00:00,26,,,18.0,,
Chipaya,2026-07-27 12:00:00,29,,,18.0,,
Chipaya,2026-07-27 12:00:00,38,,,-7.0,,
Chipaya,2026-07-27 12:00:00,41,,,-7.0,,
Chipaya,2026-07-27 12:00:00,50,,,17.0,,
Chipaya,2026-07-27 12:00:00,53,,,17.0,,
Chipaya,2026-07-27 12:00:00,62,,,-7.0,,
Chipaya,2026-07-27 12:00:00,65,,,-7.0,,
Chipaya,2026-07-27 12:00:00,74,,,17.0,,
Chipaya,2026-07-27 12:00:00,77,,,17.0,,
Chipaya,2026-07-27 12:00:00,83,,,2.0,,
Chipaya,2026-07-27 12:00:00,86,,,-6.0,,
Chipaya,2026-07-27 12:00:00,89,,,-6.0,,
Chipaya,2026-07-27 12:00:00,98,,,16.0,,
Chipaya,2026-07-27 12:00:00,101,,,16.0,,
Chipaya,2026-07-27 12:00:00,107,,,-6.0,,
Chipaya,2026-07-27 12:00:00,110,,,-6.0,,
Cobija,2026-07-27 09:00:00,5,36.0,0.0,36.0,2.4,324.0
Cobija,2026-07-27 09:00:00,8,35.0,0.0,36.0,1.8,344.0
Cobija,2026-07-27 09:00:00,11,36.0,0.0,30.0,1.2,4.0
Cobija,2026-07-27 09:00:00,14,36.0,0.0,26.0,1.7,354.0
Cobija,2026-07-27 09:00:00,17,26.0,0.0,22.0,2.1,340.0
Cobija,2026-07-27 09:00:00,20,26.0,0.0,22.0,1.5,320.0
Cobija,2026-07-27 09:00:00,23,26.0,0.0,24.0,1.6,310.0
Cobija,2026-07-27 09:00:00,26,26.0,0.0,28.0,2.2,320.0
Cobija,2026-07-27 09:00:00,29,36.0,0.0,36.0,2.8,320.0
Cobija,2026-07-27 09:00:00,32,36.0,0.0,36.0,2.1,340.0
Cobija,2026-07-27 09:00:00,35,25.0,0.0,29.0,1.4,360.0
Cobija,2026-07-27 09:00:00,38,26.0,0.0,25.0,1.4,344.0
Cobija,2026-07-27 09:00:00,41,26.0,0.0,23.0,1.4,324.0
Cobija,2026-07-27 09:00:00,44,36.0,0.0,23.0,1.5,300.0
Cobija,2026-07-27 09:00:00,47,36.0,0.0,25.0,1.5,310.0
Cobija,2026-07-27 09:00:00,50,35.0,0.0,31.0,2.0,320.0
Cobija,2026-07-27 09:00:00,53,36.0,0.0,36.0,2.4,330.0
Cobija,2026-07-27 09:00:00,56,35.0,0.0,36.0,1.8,340.0
Cobija,2026-07-27 09:00:00,59,36.0,0.0,30.0,1.2,340.0
Cobija,2026-07-27 09:00:00,62,37.0,0.0,26.0,1.3,330.0
Cobija,2026-07-27 09:00:00,65,56.0,0.0,23.0,1.4,310.0
Cobija,2026-07-27 09:00:00,68,56.0,0.0,23.0,0.8,327.0
Cobija,2026-07-27 09:00:00,71,56.0,0.0,25.0,0.6,317.0
Cobija,2026-07-27 09:00:00,74,56.0,0.0,29.0,1.2,324.0
Cobija,2026-07-27 09:00:00,77,55.0,0.0,35.0,1.9,324.0
Cobija,2026-07-27 09:00:00,80,56.0,0.0,35.0,1.5,330.0
Cobija,2026-07-27 09:00:00,83,56.0,0.0,25.0,1.1,330.0
Cobija,2026-07-27 09:00:00,86,56.0,0.0,23.0,1.1,314.0
Cobija,2026-07-27 09:00:00,89,36.0,0.0,23.0,1.1,293.0
Cobija,2026-07-27 09:00:00,92,36.0,0.0,23.0,1.0,320.0
Cobija,2026-07-27 09:00:00,95,36.0,0.0,23.0,0.9,337.0
Cobija,2026-07-27 09:00:00,98,37.0,0.0,30.0,1.2,327.0
Cobija,2026-07-27 09:00:00,101,55.0,0.0,36.0,1.5,310.0
Cobija,2026-07-27 09:00:00,104,55.0,0.0,31.0,1.5,340.0
Cobija,2026-07-27 09:00:00,107,37.0,0.0,25.0,1.4,3.0
Cobija,2026-07-27 09:00:00,110,37.0,0.0,24.0,1.3,340.0
Cobija,2026-07-27 09:00:00,113,36.0,0.0,22.0,1.1,310.0
Cobija,2026-07-27 12:00:00,14,,,21.0,,
Cobija,2026-07-27 12:00:00,17,,,21.0,,
Cobija,2026-07-27 12:00:00,38,,,21.0,,
Cobija,2026-07-27 12:00:00,41,,,21.0,,
Cobija,2026-07-27 12:00:00,50,,,37.0,,
Cobija,2026-07-27 12:00:00,53,,,37.0,,
Cobija,2026-07-27 12:00:00,62,,,21.0,,
Cobija,2026-07-27 12:00:00,65,,,21.0,,
Cobija,2026-07-27 12:00:00,74,,,37.0,,
Cobija,2026-07-27 12:00:00,77,,,37.0,,
Cobija,2026-07-27 12:00:00,80,,,32.0,,
Cobija,2026-07-27 12:00:00,83,,,26.0,,
Cobija,2026-07-27 12:00:00,86,,,21.0,,
Cobija,2026-07-27 12:00:00,89,,,21.0,,
Cobija,2026-07-27 12:00:00,98,,,37.0,,
Cobija,2026-07-27 12:00:00,101,,,37.0,,
Cobija,2026-07-27 12:00:00,104,,,29.0,,
Cobija,2026-07-27 12:00:00,107,,,21.0,,
Cobija,2026-07-27 12:00:00,110,,,21.0,,
Cochabamba - Aeropuerto,2026-07-27 09:00:00,5,36.0,0.0,29.0,3.4,36.0
Cochabamba - Aeropuerto,2026-07-27 09:00:00,8,36.0,0.0,29.0,2.5,336.0
Cochabamba - Aeropuerto,2026-07-27 09:00:00,11,27.0,0.0,21.0,1.7,267.0
Cochabamba - Aeropuerto,2026-07-27 09:00:00,14,26.0,0.0,11.0,2.0,259.0
Cochabamba - Aeropuerto,2026-07-27 09:00:00,17,26.0,0.0,5.0,2.1,246.0
Cochabamba - Aeropuerto,2026-07-27 09:00:00,20,26.0,0.0,5.0,1.8,257.0
Cochabamba - Aeropuerto,2026-07-27 09:00:00,23,26.0,0.0,14.0,1.5,259.0
Cochabamba - Aeropuerto,2026-07-27 09:00:00,26,26.0,0.0,20.0,1.9,329.0
Cochabamba - Aeropuerto,2026-07-27 09:00:00,29,36.0,0.0,30.0,2.2,36.0
Cochabamba - Aeropuerto,2026-07-27 09:00:00,32,36.0,0.0,30.0,2.0,337.0
Cochabamba - Aeropuerto,2026-07-27 09:00:00,35,26.0,0.0,18.0,1.9,277.0
Cochabamba - Aeropuerto,2026-07-27 09:00:00,38,26.0,0.0,12.0,2.0,257.0
Cochabamba - Aeropuerto,2026-07-27 09:00:00,41,26.0,0.0,5.0,2.1,238.0
Cochabamba - Aeropuerto,2026-07-27 09:00:00,44,26.0,0.0,5.0,1.7,249.0
Cochabamba - Aeropuerto,2026-07-27 09:00:00,47,26.0,0.0,14.0,1.3,250.0
Cochabamba - Aeropuerto,2026-07-27 09:00:00,50,26.0,0.0,17.0,2.3,328.0
Cochabamba - Aeropuerto,2026-07-27 09:00:00,53,26.0,0.0,30.0,3.2,36.0
Cochabamba - Aeropuerto,2026-07-27 09:00:00,56,26.0,0.0,30.0,2.3,338.0
Cochabamba - Aeropuerto,2026-07-27 09:00:00,59,26.0,0.0,22.0,1.6,278.0
Cochabamba - Aeropuerto,2026-07-27 09:00:00,62,26.0,0.0,13.0,1.8,270.0
Cochabamba - Aeropuerto,2026-07-27 09:00:00,65,36.0,0.0,4.0,1.9,252.0
Cochabamba - Aeropuerto,2026-07-27 09:00:00,68,36.0,0.0,5.0,1.3,273.0
Cochabamba - Aeropuerto,2026-07-27 09:00:00,71,36.0,0.0,14.0,1.1,273.0
Cochabamba - Aeropuerto,2026-07-27 09:00:00,74,36.0,0.0,16.0,1.7,339.0
Cochabamba - Aeropuerto,2026-07-27 09:00:00,77,36.0,0.0,30.0,2.3,45.0
Cochabamba - Aeropuerto,2026-07-27 09:00:00,80,37.0,0.0,30.0,1.9,331.0
Cochabamba - Aeropuerto,2026-07-27 09:00:00,83,36.0,0.0,14.0,1.5,254.0
Cochabamba - Aeropuerto,2026-07-27 09:00:00,86,37.0,0.0,4.0,1.6,264.0
Cochabamba - Aeropuerto,2026-07-27 09:00:00,89,36.0,0.0,5.0,1.7,267.0
Cochabamba - Aeropuerto,2026-07-27 09:00:00,92,36.0,0.0,14.0,1.6,266.0
Cochabamba - Aeropuerto,2026-07-27 09:00:00,95,36.0,0.0,14.0,1.6,266.0
Cochabamba - Aeropuerto,2026-07-27 09:00:00,98,36.0,0.0,16.0,1.7,333.0
Cochabamba - Aeropuerto,2026-07-27 09:00:00,101,56.0,0.0,18.0,1.8,38.0
Cochabamba - Aeropuerto,2026-07-27 09:00:00,104,57.0,0.0,16.0,1.8,329.0
Cochabamba - Aeropuerto,2026-07-27 09:00:00,107,36.0,0.0,13.0,1.8,253.0
Cochabamba - Aeropuerto,2026-07-27 09:00:00,110,36.0,0.0,13.0,2.0,251.0
Cochabamba - Aeropuerto,2026-07-27 09:00:00,113,37.0,0.0,12.0,2.0,239.0
Cochabamba - Aeropuerto,2026-07-27 12:00:00,14,,,4.0,,
Cochabamba - Aeropuerto,2026-07-27 12:00:00,17,,,4.0,,
Cochabamba - Aeropuerto,2026-07-27 12:00:00,23,,,21.0,,
Cochabamba - Aeropuerto,2026-07-27 12:00:00,26,,,29.0,,
Cochabamba - Aeropuerto,2026-07-27 12:00:00,29,,,29.0,,
Cochabamba - Aeropuerto,2026-07-27 12:00:00,32,,,20.0,,
Cochabamba - Aeropuerto,2026-07-27 12:00:00,38,,,4.0,,
Cochabamba - Aeropuerto,2026-07-27 12:00:00,41,,,4.0,,
Cochabamba - Aeropuerto,2026-07-27 12:00:00,47,,,21.0,,
Cochabamba - Aeropuerto,2026-07-27 12:00:00,50,,,29.0,,
Cochabamba - Aeropuerto,2026-07-27 12:00:00,53,,,29.0,,
Cochabamba - Aeropuerto,2026-07-27 12:00:00,62,,,5.0,,
Cochabamba - Aeropuerto,2026-07-27 12:00:00,71,,,21.0,,
Cochabamba - Aeropuerto,2026-07-27 12:00:00,80,,,20.0,,
Cochabamba - Aeropuerto,2026-07-27 12:00:00,83,,,11.0,,
Cochabamba - Aeropuerto,2026-07-27 12:00:00,89,,,5.0,,
Cochabamba - Aeropuerto,2026-07-27 12:00:00,92,,,11.0,,
Cochabamba - Aeropuerto,2026-07-27 12:00:00,95,,,17.0,,
Cochabamba - Aeropuerto,2026-07-27 12:00:00,98,,,31.0,,
Cochabamba - Aeropuerto,2026-07-27 12:00:00,101,,,32.0,,
Cochabamba - Aeropuerto,2026-07-27 12:00:00,104,,,14.0,,
Cochabamba - Aeropuerto,2026-07-27 12:00:00,107,,,6.0,,
Cochabamba - Aeropuerto,2026-07-27 12:00:00,110,,,6.0,,
Cochabamba - Sarco,2026-07-27 09:00:00,5,36.0,0.0,34.0,2.2,34.0
Cochabamba - Sarco,2026-07-27 09:00:00,8,37.0,0.0,34.0,2.8,22.0
Cochabamba - Sarco,2026-07-27 09:00:00,11,26.0,0.0,19.0,3.4,8.0
Cochabamba - Sarco,2026-07-27 09:00:00,14,26.0,0.0,13.0,2.8,346.0
Cochabamba - Sarco,2026-07-27 09:00:00,17,27.0,0.0,6.0,2.2,315.0
Cochabamba - Sarco,2026-07-27 09:00:00,20,27.0,0.0,6.0,1.8,326.0
Cochabamba - Sarco,2026-07-27 09:00:00,23,27.0,0.0,14.0,1.4,336.0
Cochabamba - Sarco,2026-07-27 09:00:00,26,27.0,0.0,19.0,2.2,22.0
Cochabamba - Sarco,2026-07-27 09:00:00,29,36.0,0.0,33.0,2.9,65.0
Cochabamba - Sarco,2026-07-27 09:00:00,32,36.0,0.0,33.0,3.3,40.0
Cochabamba - Sarco,2026-07-27 09:00:00,35,25.0,0.0,19.0,3.6,14.0
Cochabamba - Sarco,2026-07-27 09:00:00,38,26.0,0.0,10.0,2.3,347.0
Cochabamba - Sarco,2026-07-27 09:00:00,41,26.0,0.0,6.0,1.1,319.0
Cochabamba - Sarco,2026-07-27 09:00:00,44,26.0,0.0,6.0,0.9,337.0
Cochabamba - Sarco,2026-07-27 09:00:00,47,26.0,0.0,9.0,0.9,317.0
Cochabamba - Sarco,2026-07-27 09:00:00,50,26.0,0.0,17.0,1.9,14.0
Cochabamba - Sarco,2026-07-27 09:00:00,53,26.0,0.0,33.0,2.8,97.0
Cochabamba - Sarco,2026-07-27 09:00:00,56,26.0,0.0,33.0,3.2,61.0
Cochabamba - Sarco,2026-07-27 09:00:00,59,26.0,0.0,20.0,3.6,18.0
Cochabamba - Sarco,2026-07-27 09:00:00,62,26.0,0.0,8.0,2.6,34.0
Cochabamba - Sarco,2026-07-27 09:00:00,65,36.0,0.0,5.0,1.6,46.0
Cochabamba - Sarco,2026-07-27 09:00:00,68,36.0,0.0,4.0,1.3,45.0
Cochabamba - Sarco,2026-07-27 09:00:00,71,36.0,0.0,9.0,1.3,23.0
Cochabamba - Sarco,2026-07-27 09:00:00,74,36.0,0.0,12.0,2.0,55.0
Cochabamba - Sarco,2026-07-27 09:00:00,77,36.0,0.0,30.0,2.8,77.0
Cochabamba - Sarco,2026-07-27 09:00:00,80,37.0,0.0,31.0,2.7,51.0
Cochabamba - Sarco,2026-07-27 09:00:00,83,36.0,0.0,10.0,2.5,24.0
Cochabamba - Sarco,2026-07-27 09:00:00,86,35.0,0.0,4.0,2.3,4.0
Cochabamba - Sarco,2026-07-27 09:00:00,89,36.0,0.0,4.0,2.0,344.0
Cochabamba - Sarco,2026-07-27 09:00:00,92,36.0,0.0,8.0,2.0,344.0
Cochabamba - Sarco,2026-07-27 09:00:00,95,37.0,0.0,8.0,1.9,337.0
Cochabamba - Sarco,2026-07-27 09:00:00,98,35.0,0.0,12.0,1.9,19.0
Cochabamba - Sarco,2026-07-27 09:00:00,101,56.0,0.0,17.0,1.8,54.0
Cochabamba - Sarco,2026-07-27 09:00:00,104,57.0,0.0,14.0,2.1,39.0
Cochabamba - Sarco,2026-07-27 09:00:00,107,36.0,0.0,11.0,2.3,15.0
Cochabamba - Sarco,2026-07-27 09:00:00,110,36.0,0.0,9.0,1.7,336.0
Cochabamba - Sarco,2026-07-27 09:00:00,113,36.0,0.0,8.0,1.2,297.0
Cochabamba - Sarco,2026-07-27 12:00:00,14,,,7.0,,
Cochabamba - Sarco,2026-07-27 12:00:00,17,,,7.0,,
Cochabamba - Sarco,2026-07-27 12:00:00,23,,,22.0,,
Cochabamba - Sarco,2026-07-27 12:00:00,26,,,32.0,,
Cochabamba - Sarco,2026-07-27 12:00:00,29,,,32.0,,
Cochabamba - Sarco,2026-07-27 12:00:00,35,,,12.0,,
Cochabamba - Sarco,2026-07-27 12:00:00,38,,,7.0,,
Cochabamba - Sarco,2026-07-27 12:00:00,41,,,7.0,,
Cochabamba - Sarco,2026-07-27 12:00:00,44,,,14.0,,
Cochabamba - Sarco,2026-07-27 12:00:00,47,,,22.0,,
Cochabamba - Sarco,2026-07-27 12:00:00,50,,,32.0,,
Cochabamba - Sarco,2026-07-27 12:00:00,53,,,32.0,,
Cochabamba - Sarco,2026-07-27 12:00:00,59,,,12.0,,
Cochabamba - Sarco,2026-07-27 12:00:00,62,,,8.0,,
Cochabamba - Sarco,2026-07-27 12:00:00,65,,,8.0,,
Cochabamba - Sarco,2026-07-27 12:00:00,68,,,15.0,,
Cochabamba - Sarco,2026-07-27 12:00:00,71,,,21.0,,
Cochabamba - Sarco,2026-07-27 12:00:00,74,,,33.0,,
Cochabamba - Sarco,2026-07-27 12:00:00,77,,,33.0,,
Cochabamba - Sarco,2026-07-27 12:00:00,80,,,21.0,,
Cochabamba - Sarco,2026-07-27 12:00:00,83,,,15.0,,
Cochabamba - Sarco,2026-07-27 12:00:00,86,,,8.0,,
Cochabamba - Sarco,2026-07-27 12:00:00,92,,,14.0,,
Cochabamba - Sarco,2026-07-27 12:00:00,95,,,21.0,,
Cochabamba - Sarco,2026-07-27 12:00:00,98,,,33.0,,
Cochabamba - Sarco,2026-07-27 12:00:00,101,,,33.0,,
Cochabamba - Sarco,2026-07-27 12:00:00,104,,,18.0,,
Cochabamba - Sarco,2026-07-27 12:00:00,107,,,7.0,,
Cochabamba - Sarco,2026-07-27 12:00:00,110,,,7.0,,
Concepcion,2026-07-27 09:00:00,5,36.0,0.0,31.0,6.2,325.0
Concepcion,2026-07-27 09:00:00,8,36.0,0.0,31.0,4.3,325.0
Concepcion,2026-07-27 09:00:00,11,36.0,0.0,26.0,2.4,320.0
Concepcion,2026-07-27 09:00:00,14,37.0,0.0,23.0,2.3,321.0
Concepcion,2026-07-27 09:00:00,17,26.0,0.0,21.0,2.1,321.0
Concepcion,2026-07-27 09:00:00,20,26.0,0.0,21.0,2.8,320.0
Concepcion,2026-07-27 09:00:00,23,25.0,0.0,24.0,3.4,330.0
Concepcion,2026-07-27 09:00:00,26,26.0,0.0,27.0,5.2,330.0
Concepcion,2026-07-27 09:00:00,29,36.0,0.0,32.0,7.0,330.0
Concepcion,2026-07-27 09:00:00,32,36.0,0.0,32.0,5.4,330.0
Concepcion,2026-07-27 09:00:00,35,26.0,0.0,26.0,3.9,320.0
Concepcion,2026-07-27 09:00:00,38,27.0,0.0,24.0,2.9,320.0
Concepcion,2026-07-27 09:00:00,41,26.0,0.0,21.0,2.0,320.0
Concepcion,2026-07-27 09:00:00,44,36.0,0.0,21.0,2.6,325.0
Concepcion,2026-07-27 09:00:00,47,36.0,0.0,23.0,2.9,320.0
Concepcion,2026-07-27 09:00:00,50,36.0,0.0,27.0,4.4,322.0
Concepcion,2026-07-27 09:00:00,53,35.0,0.0,32.0,5.8,322.0
Concepcion,2026-07-27 09:00:00,56,36.0,0.0,32.0,3.8,331.0
Concepcion,2026-07-27 09:00:00,59,36.0,0.0,28.0,1.7,331.0
Concepcion,2026-07-27 09:00:00,62,36.0,0.0,23.0,1.6,320.0
Concepcion,2026-07-27 09:00:00,65,36.0,0.0,20.0,1.6,300.0
Concepcion,2026-07-27 09:00:00,68,36.0,0.0,20.0,2.0,290.0
Concepcion,2026-07-27 09:00:00,71,36.0,0.0,24.0,2.0,290.0
Concepcion,2026-07-27 09:00:00,74,37.0,0.0,26.0,3.0,310.0
Concepcion,2026-07-27 09:00:00,77,56.0,0.0,31.0,4.0,320.0
Concepcion,2026-07-27 09:00:00,80,56.0,0.0,31.0,2.5,316.0
Concepcion,2026-07-27 09:00:00,83,36.0,0.0,26.0,1.0,306.0
Concepcion,2026-07-27 09:00:00,86,36.0,0.0,20.0,1.2,306.0
Concepcion,2026-07-27 09:00:00,89,26.0,0.0,20.0,1.5,302.0
Concepcion,2026-07-27 09:00:00,92,26.0,0.0,25.0,2.3,312.0
Concepcion,2026-07-27 09:00:00,95,26.0,0.0,26.0,2.6,330.0
Concepcion,2026-07-27 09:00:00,98,25.0,0.0,31.0,3.9,335.0
Concepcion,2026-07-27 09:00:00,101,36.0,0.0,37.0,5.2,335.0
Concepcion,2026-07-27 09:00:00,104,36.0,0.0,32.0,3.6,329.0
Concepcion,2026-07-27 09:00:00,107,26.0,0.0,27.0,2.1,319.0
Concepcion,2026-07-27 09:00:00,110,26.0,0.0,25.0,2.0,330.0
Concepcion,2026-07-27 09:00:00,113,26.0,0.0,23.0,2.0,340.0
Concepcion,2026-07-27 12:00:00,14,,,18.0,,
Concepcion,2026-07-27 12:00:00,17,,,18.0,,
Concepcion,2026-07-27 12:00:00,20,,,22.0,,
Concepcion,2026-07-27 12:00:00,26,,,30.0,,
Concepcion,2026-07-27 12:00:00,29,,,30.0,,
Concepcion,2026-07-27 12:00:00,32,,,27.0,,
Concepcion,2026-07-27 12:00:00,38,,,19.0,,
Concepcion,2026-07-27 12:00:00,41,,,19.0,,
Concepcion,2026-07-27 12:00:00,50,,,31.0,,
Concepcion,2026-07-27 12:00:00,53,,,31.0,,
Concepcion,2026-07-27 12:00:00,62,,,18.0,,
Concepcion,2026-07-27 12:00:00,65,,,18.0,,
Concepcion,2026-07-27 12:00:00,68,,,23.0,,
Concepcion,2026-07-27 12:00:00,71,,,27.0,,
Concepcion,2026-07-27 12:00:00,86,,,17.0,,
Concepcion,2026-07-27 12:00:00,89,,,17.0,,
Concepcion,2026-07-27 12:00:00,92,,,21.0,,
Concepcion,2026-07-27 12:00:00,95,,,25.0,,
Concepcion,2026-07-27 12:00:00,98,,,32.0,,
Concepcion,2026-07-27 12:00:00,104,,,26.0,,
Concepcion,2026-07-27 12:00:00,107,,,17.0,,
Concepcion,2026-07-27 12:00:00,110,,,17.0,,
Cota Cota Baja,2026-07-27 09:00:00,5,26.0,0.0,16.0,5.9,298.0
Cota Cota Baja,2026-07-27 09:00:00,8,26.0,0.0,16.0,5.4,344.0
Cota Cota Baja,2026-07-27 09:00:00,11,26.0,0.0,9.0,4.9,25.0
Cota Cota Baja,2026-07-27 09:00:00,14,26.0,0.0,3.0,3.0,4.0
Cota Cota Baja,2026-07-27 09:00:00,17,27.0,0.0,-5.0,1.1,343.0
Cota Cota Baja,2026-07-27 09:00:00,20,25.0,0.0,-4.0,1.4,331.0
Cota Cota Baja,2026-07-27 09:00:00,23,26.0,0.0,2.0,1.3,311.0
Cota Cota Baja,2026-07-27 09:00:00,26,27.0,0.0,9.0,3.7,305.0
Cota Cota Baja,2026-07-27 09:00:00,29,36.0,0.0,16.0,6.0,294.0
Cota Cota Baja,2026-07-27 09:00:00,32,36.0,0.0,16.0,4.9,340.0
Cota Cota Baja,2026-07-27 09:00:00,35,26.0,0.0,8.0,3.8,15.0
Cota Cota Baja,2026-07-27 09:00:00,38,26.0,0.0,2.0,2.5,54.0
Cota Cota Baja,2026-07-27 09:00:00,41,27.0,0.0,-3.0,1.3,86.0
Cota Cota Baja,2026-07-27 09:00:00,44,26.0,0.0,-3.0,1.8,136.0
Cota Cota Baja,2026-07-27 09:00:00,47,26.0,0.0,6.0,2.4,120.0
Cota Cota Baja,2026-07-27 09:00:00,50,26.0,0.0,11.0,3.0,200.0
Cota Cota Baja,2026-07-27 09:00:00,53,26.0,0.0,15.0,3.6,274.0
Cota Cota Baja,2026-07-27 09:00:00,56,26.0,0.0,15.0,4.1,330.0
Cota Cota Baja,2026-07-27 09:00:00,59,26.0,0.0,11.0,4.4,22.0
Cota Cota Baja,2026-07-27 09:00:00,62,26.0,0.0,6.0,2.9,22.0
Cota Cota Baja,2026-07-27 09:00:00,65,26.0,0.0,-3.0,1.4,16.0
Cota Cota Baja,2026-07-27 09:00:00,68,25.0,0.0,-2.0,1.5,62.0
Cota Cota Baja,2026-07-27 09:00:00,71,26.0,0.0,5.0,1.4,77.0
Cota Cota Baja,2026-07-27 09:00:00,74,26.0,0.0,9.0,3.4,16.0
Cota Cota Baja,2026-07-27 09:00:00,77,26.0,0.0,15.0,5.3,308.0
Cota Cota Baja,2026-07-27 09:00:00,80,26.0,0.0,14.0,5.0,350.0
Cota Cota Baja,2026-07-27 09:00:00,83,26.0,0.0,6.0,4.7,26.0
Cota Cota Baja,2026-07-27 09:00:00,86,27.0,0.0,-2.0,3.1,26.0
Cota Cota Baja,2026-07-27 09:00:00,89,37.0,0.0,-3.0,1.5,20.0
Cota Cota Baja,2026-07-27 09:00:00,92,37.0,0.0,5.0,2.2,355.0
Cota Cota Baja,2026-07-27 09:00:00,95,37.0,0.0,6.0,1.9,5.0
Cota Cota Baja,2026-07-27 09:00:00,98,36.0,0.0,9.0,3.2,329.0
Cota Cota Baja,2026-07-27 09:00:00,101,56.0,0.0,12.0,4.6,288.0
Cota Cota Baja,2026-07-27 09:00:00,104,56.0,0.0,9.0,3.8,0.0
Cota Cota Baja,2026-07-27 09:00:00,107,36.0,0.0,7.0,2.9,68.0
Cota Cota Baja,2026-07-27 09:00:00,110,35.0,0.0,5.0,2.9,86.0
Cota Cota Baja,2026-07-27 09:00:00,113,36.0,0.0,4.0,2.9,101.0
Cota Cota Baja,2026-07-27 12:00:00,17,,,-5.0,,
Cota Cota Baja,2026-07-27 12:00:00,38,,,-5.0,,
Cota Cota Baja,2026-07-27 12:00:00,41,,,-5.0,,
Cota Cota Baja,2026-07-27 12:00:00,50,,,16.0,,
Cota Cota Baja,2026-07-27 12:00:00,53,,,16.0,,
Cota Cota Baja,2026-07-27 12:00:00,62,,,-4.0,,
Cota Cota Baja,2026-07-27 12:00:00,65,,,-4.0,,
Cota Cota Baja,2026-07-27 12:00:00,77,,,15.0,,
Cota Cota Baja,2026-07-27 12:00:00,80,,,7.0,,
Cota Cota Baja,2026-07-27 12:00:00,83,,,1.0,,
Cota Cota Baja,2026-07-27 12:00:00,86,,,-4.0,,
Cota Cota Baja,2026-07-27 12:00:00,89,,,-4.0,,
Cota Cota Baja,2026-07-27 12:00:00,98,,,15.0,,
Cota Cota Baja,2026-07-27 12:00:00,101,,,15.0,,
Cota Cota Baja,2026-07-27 12:00:00,107,,,-3.0,,
Cota Cota Baja,2026-07-27 12:00:00,110,,,-4.0,,
Cotagaita,2026-07-27 09:00:00,5,26.0,0.0,26.0,9.4,270.0
Cotagaita,2026-07-27 09:00:00,8,26.0,0.0,26.0,6.7,279.0
Cotagaita,2026-07-27 09:00:00,11,27.0,0.0,11.0,3.9,287.0
Cotagaita,2026-07-27 09:00:00,14,26.0,0.0,4.0,3.6,290.0
Cotagaita,2026-07-27 09:00:00,17,26.0,0.0,-6.0,3.4,290.0
Cotagaita,2026-07-27 09:00:00,20,26.0,0.0,-6.0,3.4,290.0
Cotagaita,2026-07-27 09:00:00,23,26.0,0.0,9.0,3.1,290.0
Cotagaita,2026-07-27 09:00:00,26,25.0,0.0,15.0,7.6,289.0
Cotagaita,2026-07-27 09:00:00,29,26.0,0.0,27.0,12.1,280.0
Cotagaita,2026-07-27 09:00:00,32,26.0,0.0,27.0,8.4,280.0
Cotagaita,2026-07-27 09:00:00,35,26.0,0.0,11.0,4.8,270.0
Cotagaita,2026-07-27 09:00:00,38,26.0,0.0,-1.0,4.1,279.0
Cotagaita,2026-07-27 09:00:00,41,27.0,0.0,-4.0,3.5,280.0
Cotagaita,2026-07-27 09:00:00,44,26.0,0.0,-4.0,2.8,261.0
Cotagaita,2026-07-27 09:00:00,47,26.0,0.0,7.0,2.3,251.0
Cotagaita,2026-07-27 09:00:00,50,27.0,0.0,14.0,1.6,329.0
Cotagaita,2026-07-27 09:00:00,53,26.0,0.0,26.0,1.0,39.0
Cotagaita,2026-07-27 09:00:00,56,26.0,0.0,26.0,1.8,332.0
Cotagaita,2026-07-27 09:00:00,59,27.0,0.0,17.0,2.6,263.0
Cotagaita,2026-07-27 09:00:00,62,26.0,0.0,8.0,1.5,299.0
Cotagaita,2026-07-27 09:00:00,65,26.0,0.0,-6.0,0.5,326.0
Cotagaita,2026-07-27 09:00:00,68,26.0,0.0,-6.0,1.0,300.0
Cotagaita,2026-07-27 09:00:00,71,26.0,0.0,9.0,1.1,260.0
Cotagaita,2026-07-27 09:00:00,74,26.0,0.0,15.0,1.8,340.0
Cotagaita,2026-07-27 09:00:00,77,27.0,0.0,27.0,2.4,70.0
Cotagaita,2026-07-27 09:00:00,80,26.0,0.0,27.0,2.0,52.0
Cotagaita,2026-07-27 09:00:00,83,26.0,0.0,12.0,1.8,32.0
Cotagaita,2026-07-27 09:00:00,86,26.0,0.0,-6.0,1.5,351.0
Cotagaita,2026-07-27 09:00:00,89,26.0,0.0,-6.0,1.4,307.0
Cotagaita,2026-07-27 09:00:00,92,27.0,0.0,9.0,1.7,300.0
Cotagaita,2026-07-27 09:00:00,95,27.0,0.0,10.0,2.2,290.0
Cotagaita,2026-07-27 09:00:00,98,26.0,0.0,16.0,5.7,289.0
Cotagaita,2026-07-27 09:00:00,101,27.0,0.0,22.0,9.2,280.0
Cotagaita,2026-07-27 09:00:00,104,26.0,0.0,17.0,6.1,287.0
Cotagaita,2026-07-27 09:00:00,107,27.0,0.0,11.0,3.0,286.0
Cotagaita,2026-07-27 09:00:00,110,27.0,0.0,9.0,3.1,279.0
Cotagaita,2026-07-27 09:00:00,113,26.0,0.0,6.0,3.3,272.0
Cotagaita,2026-07-27 12:00:00,14,,,-7.0,,
Cotagaita,2026-07-27 12:00:00,17,,,-7.0,,
Cotagaita,2026-07-27 12:00:00,26,,,26.0,,
Cotagaita,2026-07-27 12:00:00,29,,,26.0,,
Cotagaita,2026-07-27 12:00:00,35,,,0.0,,
Cotagaita,2026-07-27 12:00:00,38,,,-7.0,,
Cotagaita,2026-07-27 12:00:00,41,,,-7.0,,
Cotagaita,2026-07-27 12:00:00,50,,,25.0,,
Cotagaita,2026-07-27 12:00:00,53,,,25.0,,
Cotagaita,2026-07-27 12:00:00,62,,,-7.0,,
Cotagaita,2026-07-27 12:00:00,65,,,-7.0,,
Cotagaita,2026-07-27 12:00:00,74,,,25.0,,
Cotagaita,2026-07-27 12:00:00,77,,,25.0,,
Cotagaita,2026-07-27 12:00:00,83,,,2.0,,
Cotagaita,2026-07-27 12:00:00,86,,,-8.0,,
Cotagaita,2026-07-27 12:00:00,89,,,-8.0,,
Cotagaita,2026-07-27 12:00:00,98,,,25.0,,
Cotagaita,2026-07-27 12:00:00,101,,,25.0,,
Cotagaita,2026-07-27 12:00:00,107,,,-8.0,,
Cotagaita,2026-07-27 12:00:00,110,,,-8.0,,
Covendo,2026-07-27 09:00:00,5,36.0,0.0,30.0,2.6,335.0
Covendo,2026-07-27 09:00:00,8,37.0,0.0,30.0,1.6,298.0
Covendo,2026-07-27 09:00:00,11,36.0,0.0,25.0,0.7,253.0
Covendo,2026-07-27 09:00:00,14,36.0,0.0,23.0,0.8,207.0
Covendo,2026-07-27 09:00:00,17,36.0,0.0,21.0,1.0,158.0
Covendo,2026-07-27 09:00:00,20,37.0,0.0,21.0,0.8,218.0
Covendo,2026-07-27 09:00:00,23,37.0,0.0,23.0,0.6,240.0
Covendo,2026-07-27 09:00:00,26,36.0,0.0,26.0,1.6,298.0
Covendo,2026-07-27 09:00:00,29,56.0,0.0,31.0,2.6,348.0
Covendo,2026-07-27 09:00:00,32,56.0,0.0,31.0,1.5,8.0
Covendo,2026-07-27 09:00:00,35,36.0,0.0,26.0,0.4,24.0
Covendo,2026-07-27 09:00:00,38,36.0,0.0,24.0,0.6,134.0
Covendo,2026-07-27 09:00:00,41,37.0,0.0,21.0,0.9,201.0
Covendo,2026-07-27 09:00:00,44,36.0,0.0,21.0,0.7,213.0
Covendo,2026-07-27 09:00:00,47,36.0,0.0,25.0,0.6,213.0
Covendo,2026-07-27 09:00:00,50,36.0,0.0,27.0,1.5,283.0
Covendo,2026-07-27 09:00:00,53,56.0,0.0,31.0,2.4,348.0
Covendo,2026-07-27 09:00:00,56,56.0,0.0,31.0,1.5,4.0
Covendo,2026-07-27 09:00:00,59,36.0,0.0,27.0,0.5,14.0
Covendo,2026-07-27 09:00:00,62,36.0,0.0,25.0,0.7,111.0
Covendo,2026-07-27 09:00:00,65,41.0,0.0,20.0,1.1,181.0
Covendo,2026-07-27 09:00:00,68,41.0,0.0,20.0,0.9,167.0
Covendo,2026-07-27 09:00:00,71,41.0,0.0,21.0,0.6,167.0
Covendo,2026-07-27 09:00:00,74,41.0,0.0,24.0,1.0,80.0
Covendo,2026-07-27 09:00:00,77,56.0,0.0,30.0,1.4,357.0
Covendo,2026-07-27 09:00:00,80,56.0,0.0,30.0,0.9,36.0
Covendo,2026-07-27 09:00:00,83,56.0,0.0,21.0,0.3,72.0
Covendo,2026-07-27 09:00:00,86,57.0,0.0,20.0,0.7,129.0
Covendo,2026-07-27 09:00:00,89,56.0,0.0,20.0,1.0,182.0
Covendo,2026-07-27 09:00:00,92,55.0,0.0,19.0,0.9,191.0
Covendo,2026-07-27 09:00:00,95,56.0,0.0,20.0,0.8,201.0
Covendo,2026-07-27 09:00:00,98,56.0,0.0,25.0,1.4,280.0
Covendo,2026-07-27 09:00:00,101,57.0,0.0,29.0,2.0,352.0
Covendo,2026-07-27 09:00:00,104,56.0,0.0,24.0,1.6,294.0
Covendo,2026-07-27 09:00:00,107,57.0,0.0,19.0,1.1,232.0
Covendo,2026-07-27 09:00:00,110,56.0,0.0,18.0,1.0,220.0
Covendo,2026-07-27 09:00:00,113,57.0,0.0,18.0,0.9,201.0
Covendo,2026-07-27 12:00:00,14,,,20.0,,
Covendo,2026-07-27 12:00:00,17,,,20.0,,
Covendo,2026-07-27 12:00:00,26,,,32.0,,
Covendo,2026-07-27 12:00:00,29,,,32.0,,
Covendo,2026-07-27 12:00:00,32,,,28.0,,
Covendo,2026-07-27 12:00:00,38,,,20.0,,
Covendo,2026-07-27 12:00:00,41,,,20.0,,
Covendo,2026-07-27 12:00:00,47,,,28.0,,
Covendo,2026-07-27 12:00:00,50,,,32.0,,
Covendo,2026-07-27 12:00:00,53,,,32.0,,
Covendo,2026-07-27 12:00:00,56,,,29.0,,
Covendo,2026-07-27 12:00:00,71,,,25.0,,
Covendo,2026-07-27 12:00:00,74,,,33.0,,
Covendo,2026-07-27 12:00:00,77,,,33.0,,
Covendo,2026-07-27 12:00:00,80,,,29.0,,
Covendo,2026-07-27 12:00:00,83,,,25.0,,
Covendo,2026-07-27 12:00:00,89,,,20.0,,
Covendo,2026-07-27 12:00:00,92,,,24.0,,
Covendo,2026-07-27 12:00:00,95,,,28.0,,
Covendo,2026-07-27 12:00:00,98,,,33.0,,
Covendo,2026-07-27 12:00:00,101,,,33.0,,
Covendo,2026-07-27 12:00:00,104,,,20.0,,
Covendo,2026-07-27 12:00:00,107,,,19.0,,
Cuatro Cañadas - Colonia Chihuahua,2026-07-27 09:00:00,5,36.0,0.0,32.0,8.9,330.0
Cuatro Cañadas - Colonia Chihuahua,2026-07-27 09:00:00,8,36.0,0.0,32.0,7.8,340.0
Cuatro Cañadas - Colonia Chihuahua,2026-07-27 09:00:00,11,36.0,0.0,27.0,6.7,344.0
Cuatro Cañadas - Colonia Chihuahua,2026-07-27 09:00:00,14,36.0,0.0,24.0,5.5,347.0
Cuatro Cañadas - Colonia Chihuahua,2026-07-27 09:00:00,17,56.0,0.0,21.0,4.3,342.0
Cuatro Cañadas - Colonia Chihuahua,2026-07-27 09:00:00,20,56.0,0.0,21.0,4.9,340.0
Cuatro Cañadas - Colonia Chihuahua,2026-07-27 09:00:00,23,56.0,0.0,24.0,5.5,330.0
Cuatro Cañadas - Colonia Chihuahua,2026-07-27 09:00:00,26,56.0,0.0,28.0,7.3,330.0
Cuatro Cañadas - Colonia Chihuahua,2026-07-27 09:00:00,29,37.0,0.0,32.0,9.1,320.0
Cuatro Cañadas - Colonia Chihuahua,2026-07-27 09:00:00,32,36.0,0.0,32.0,7.4,330.0
Cuatro Cañadas - Colonia Chihuahua,2026-07-27 09:00:00,35,36.0,0.0,26.0,5.7,330.0
Cuatro Cañadas - Colonia Chihuahua,2026-07-27 09:00:00,38,36.0,0.0,24.0,4.8,330.0
Cuatro Cañadas - Colonia Chihuahua,2026-07-27 09:00:00,41,36.0,0.0,21.0,3.9,330.0
Cuatro Cañadas - Colonia Chihuahua,2026-07-27 09:00:00,44,36.0,0.0,21.0,4.0,330.0
Cuatro Cañadas - Colonia Chihuahua,2026-07-27 09:00:00,47,36.0,0.0,25.0,5.1,330.0
Cuatro Cañadas - Colonia Chihuahua,2026-07-27 09:00:00,50,36.0,0.0,27.0,6.7,330.0
Cuatro Cañadas - Colonia Chihuahua,2026-07-27 09:00:00,53,36.0,0.0,32.0,8.2,320.0
Cuatro Cañadas - Colonia Chihuahua,2026-07-27 09:00:00,56,36.0,0.0,32.0,5.8,332.0
Cuatro Cañadas - Colonia Chihuahua,2026-07-27 09:00:00,59,37.0,0.0,28.0,3.3,342.0
Cuatro Cañadas - Colonia Chihuahua,2026-07-27 09:00:00,62,36.0,0.0,26.0,2.7,328.0
Cuatro Cañadas - Colonia Chihuahua,2026-07-27 09:00:00,65,56.0,0.0,20.0,2.1,308.0
Cuatro Cañadas - Colonia Chihuahua,2026-07-27 09:00:00,68,56.0,0.0,20.0,3.0,320.0
Cuatro Cañadas - Colonia Chihuahua,2026-07-27 09:00:00,71,56.0,0.0,24.0,3.4,310.0
Cuatro Cañadas - Colonia Chihuahua,2026-07-27 09:00:00,74,56.0,0.0,26.0,4.8,312.0
Cuatro Cañadas - Colonia Chihuahua,2026-07-27 09:00:00,77,76.0,0.9,31.0,6.1,312.0
Cuatro Cañadas - Colonia Chihuahua,2026-07-27 09:00:00,80,76.0,1.2,31.0,4.4,333.0
Cuatro Cañadas - Colonia Chihuahua,2026-07-27 09:00:00,83,56.0,0.0,27.0,2.8,353.0
Cuatro Cañadas - Colonia Chihuahua,2026-07-27 09:00:00,86,56.0,0.0,20.0,2.7,336.0
Cuatro Cañadas - Colonia Chihuahua,2026-07-27 09:00:00,89,56.0,0.0,20.0,2.5,314.0
Cuatro Cañadas - Colonia Chihuahua,2026-07-27 09:00:00,92,56.0,0.0,27.0,3.4,324.0
Cuatro Cañadas - Colonia Chihuahua,2026-07-27 09:00:00,95,56.0,0.0,28.0,4.1,320.0
Cuatro Cañadas - Colonia Chihuahua,2026-07-27 09:00:00,98,56.0,0.0,33.0,5.9,330.0
Cuatro Cañadas - Colonia Chihuahua,2026-07-27 09:00:00,101,36.0,0.0,39.0,7.7,330.0
Cuatro Cañadas - Colonia Chihuahua,2026-07-27 09:00:00,104,36.0,0.0,35.0,5.9,340.0
Cuatro Cañadas - Colonia Chihuahua,2026-07-27 09:00:00,107,36.0,0.0,31.0,4.1,340.0
Cuatro Cañadas - Colonia Chihuahua,2026-07-27 09:00:00,110,36.0,0.0,30.0,4.1,340.0
Cuatro Cañadas - Colonia Chihuahua,2026-07-27 09:00:00,113,37.0,0.0,28.0,4.0,330.0
Cuatro Cañadas - Colonia Chihuahua,2026-07-27 12:00:00,26,,,31.0,,
Cuatro Cañadas - Colonia Chihuahua,2026-07-27 12:00:00,29,,,31.0,,
Cuatro Cañadas - Colonia Chihuahua,2026-07-27 12:00:00,32,,,27.0,,
Cuatro Cañadas - Colonia Chihuahua,2026-07-27 12:00:00,44,,,24.0,,
Cuatro Cañadas - Colonia Chihuahua,2026-07-27 12:00:00,47,,,28.0,,
Cuatro Cañadas - Colonia Chihuahua,2026-07-27 12:00:00,50,,,31.0,,
Cuatro Cañadas - Colonia Chihuahua,2026-07-27 12:00:00,53,,,31.0,,
Cuatro Cañadas - Colonia Chihuahua,2026-07-27 12:00:00,59,,,25.0,,
Cuatro Cañadas - Colonia Chihuahua,2026-07-27 12:00:00,74,,,30.0,,
Cuatro Cañadas - Colonia Chihuahua,2026-07-27 12:00:00,77,,,30.0,,
Cuatro Cañadas - Colonia Chihuahua,2026-07-27 12:00:00,83,,,22.0,,
Cuatro Cañadas - Colonia Chihuahua,2026-07-27 12:00:00,86,,,19.0,,
Cuatro Cañadas - Colonia Chihuahua,2026-07-27 12:00:00,89,,,19.0,,
Cuatro Cañadas - Colonia Chihuahua,2026-07-27 12:00:00,92,,,23.0,,
Cuatro Cañadas - Colonia Chihuahua,2026-07-27 12:00:00,95,,,27.0,,
Cuatro Cañadas - Colonia Chihuahua,2026-07-27 12:00:00,98,,,30.0,,
Cuatro Cañadas - Colonia Chihuahua,2026-07-27 12:00:00,101,,,30.0,,
Cuatro Cañadas - Colonia Chihuahua,2026-07-27 12:00:00,104,,,26.0,,
Cuatro Cañadas - Colonia Chihuahua,2026-07-27 12:00:00,107,,,19.0,,
Cuatro Cañadas - Colonia Chihuahua,2026-07-27 12:00:00,110,,,19.0,,
Cuatro Cañadas CEA-2,2026-07-27 09:00:00,5,36.0,0.0,32.0,8.4,320.0
Cuatro Cañadas CEA-2,2026-07-27 09:00:00,8,37.0,0.0,32.0,7.5,330.0
Cuatro Cañadas CEA-2,2026-07-27 09:00:00,11,37.0,0.0,28.0,6.5,330.0
Cuatro Cañadas CEA-2,2026-07-27 09:00:00,14,36.0,0.0,25.0,6.0,330.0
Cuatro Cañadas CEA-2,2026-07-27 09:00:00,17,56.0,0.0,21.0,5.5,328.0
Cuatro Cañadas CEA-2,2026-07-27 09:00:00,20,56.0,0.0,21.0,5.2,330.0
Cuatro Cañadas CEA-2,2026-07-27 09:00:00,23,56.0,0.0,23.0,5.6,330.0
Cuatro Cañadas CEA-2,2026-07-27 09:00:00,26,56.0,0.0,26.0,6.9,320.0
Cuatro Cañadas CEA-2,2026-07-27 09:00:00,29,36.0,0.0,32.0,8.2,310.0
Cuatro Cañadas CEA-2,2026-07-27 09:00:00,32,36.0,0.0,32.0,7.3,320.0
Cuatro Cañadas CEA-2,2026-07-27 09:00:00,35,36.0,0.0,26.0,6.5,320.0
Cuatro Cañadas CEA-2,2026-07-27 09:00:00,38,36.0,0.0,23.0,5.6,328.0
Cuatro Cañadas CEA-2,2026-07-27 09:00:00,41,36.0,0.0,21.0,4.7,328.0
Cuatro Cañadas CEA-2,2026-07-27 09:00:00,44,36.0,0.0,21.0,4.6,330.0
Cuatro Cañadas CEA-2,2026-07-27 09:00:00,47,36.0,0.0,25.0,4.9,330.0
Cuatro Cañadas CEA-2,2026-07-27 09:00:00,50,36.0,0.0,28.0,6.3,320.0
Cuatro Cañadas CEA-2,2026-07-27 09:00:00,53,36.0,0.0,32.0,7.7,310.0
Cuatro Cañadas CEA-2,2026-07-27 09:00:00,56,36.0,0.0,32.0,5.2,320.0
Cuatro Cañadas CEA-2,2026-07-27 09:00:00,59,36.0,0.0,29.0,2.6,321.0
Cuatro Cañadas CEA-2,2026-07-27 09:00:00,62,36.0,0.0,27.0,2.3,321.0
Cuatro Cañadas CEA-2,2026-07-27 09:00:00,65,56.0,0.0,20.0,2.1,321.0
Cuatro Cañadas CEA-2,2026-07-27 09:00:00,68,56.0,0.0,20.0,2.7,330.0
Cuatro Cañadas CEA-2,2026-07-27 09:00:00,71,56.0,0.0,24.0,3.2,320.0
Cuatro Cañadas CEA-2,2026-07-27 09:00:00,74,57.0,0.0,26.0,4.6,320.0
Cuatro Cañadas CEA-2,2026-07-27 09:00:00,77,75.0,1.0,31.0,5.9,310.0
Cuatro Cañadas CEA-2,2026-07-27 09:00:00,80,76.0,1.4,31.0,4.3,320.0
Cuatro Cañadas CEA-2,2026-07-27 09:00:00,83,57.0,0.0,28.0,2.6,330.0
Cuatro Cañadas CEA-2,2026-07-27 09:00:00,86,57.0,0.0,20.0,2.6,330.0
Cuatro Cañadas CEA-2,2026-07-27 09:00:00,89,56.0,0.0,20.0,2.7,320.0
Cuatro Cañadas CEA-2,2026-07-27 09:00:00,92,56.0,0.0,27.0,3.9,330.0
Cuatro Cañadas CEA-2,2026-07-27 09:00:00,95,56.0,0.0,27.0,4.3,320.0
Cuatro Cañadas CEA-2,2026-07-27 09:00:00,98,56.0,0.0,33.0,5.8,330.0
Cuatro Cañadas CEA-2,2026-07-27 09:00:00,101,36.0,0.0,39.0,7.4,330.0
Cuatro Cañadas CEA-2,2026-07-27 09:00:00,104,37.0,0.0,35.0,6.0,338.0
Cuatro Cañadas CEA-2,2026-07-27 09:00:00,107,36.0,0.0,32.0,4.5,338.0
Cuatro Cañadas CEA-2,2026-07-27 09:00:00,110,36.0,0.0,30.0,4.6,338.0
Cuatro Cañadas CEA-2,2026-07-27 09:00:00,113,36.0,0.0,29.0,4.6,330.0
Cuatro Cañadas CEA-2,2026-07-27 12:00:00,20,,,24.0,,
Cuatro Cañadas CEA-2,2026-07-27 12:00:00,32,,,28.0,,
Cuatro Cañadas CEA-2,2026-07-27 12:00:00,35,,,25.0,,
Cuatro Cañadas CEA-2,2026-07-27 12:00:00,56,,,28.0,,
Cuatro Cañadas CEA-2,2026-07-27 12:00:00,59,,,23.0,,
Cuatro Cañadas CEA-2,2026-07-27 12:00:00,71,,,28.0,,
Cuatro Cañadas CEA-2,2026-07-27 12:00:00,83,,,24.0,,
Cuatro Cañadas CEA-2,2026-07-27 12:00:00,86,,,19.0,,
Cuatro Cañadas CEA-2,2026-07-27 12:00:00,89,,,19.0,,
Cuatro Cañadas CEA-2,2026-07-27 12:00:00,92,,,24.0,,
Cuatro Cañadas CEA-2,2026-07-27 12:00:00,95,,,27.0,,
Cuatro Cañadas CEA-2,2026-07-27 12:00:00,98,,,31.0,,
Cuatro Cañadas CEA-2,2026-07-27 12:00:00,101,,,31.0,,
Cuatro Cañadas CEA-2,2026-07-27 12:00:00,104,,,26.0,,
Cuatro Cañadas CEA-2,2026-07-27 12:00:00,107,,,19.0,,
Cuatro Cañadas CEA-2,2026-07-27 12:00:00,110,,,19.0,,
Desaguadero_M,2026-07-27 09:00:00,5,26.0,0.0,14.0,6.9,343.0
Desaguadero_M,2026-07-27 09:00:00,8,26.0,0.0,14.0,4.4,353.0
Desaguadero_M,2026-07-27 09:00:00,11,26.0,0.0,7.0,2.0,355.0
Desaguadero_M,2026-07-27 09:00:00,14,26.0,0.0,-1.0,1.6,34.0
Desaguadero_M,2026-07-27 09:00:00,17,26.0,0.0,-7.0,1.1,67.0
Desaguadero_M,2026-07-27 09:00:00,20,26.0,0.0,-7.0,0.9,349.0
Desaguadero_M,2026-07-27 09:00:00,23,26.0,0.0,1.0,0.6,207.0
Desaguadero_M,2026-07-27 09:00:00,26,26.0,0.0,9.0,2.5,274.0
Desaguadero_M,2026-07-27 09:00:00,29,36.0,0.0,15.0,4.5,337.0
Desaguadero_M,2026-07-27 09:00:00,32,36.0,0.0,15.0,3.2,352.0
Desaguadero_M,2026-07-27 09:00:00,35,26.0,0.0,7.0,2.0,6.0
Desaguadero_M,2026-07-27 09:00:00,38,26.0,0.0,0.0,1.5,61.0
Desaguadero_M,2026-07-27 09:00:00,41,26.0,0.0,-6.0,1.0,109.0
Desaguadero_M,2026-07-27 09:00:00,44,26.0,0.0,-6.0,1.3,115.0
Desaguadero_M,2026-07-27 09:00:00,47,26.0,0.0,1.0,1.6,146.0
Desaguadero_M,2026-07-27 09:00:00,50,26.0,0.0,9.0,2.7,141.0
Desaguadero_M,2026-07-27 09:00:00,53,26.0,0.0,14.0,3.7,328.0
Desaguadero_M,2026-07-27 09:00:00,56,26.0,0.0,14.0,3.4,356.0
Desaguadero_M,2026-07-27 09:00:00,59,26.0,0.0,10.0,3.0,18.0
Desaguadero_M,2026-07-27 09:00:00,62,26.0,0.0,4.0,2.3,41.0
Desaguadero_M,2026-07-27 09:00:00,65,26.0,0.0,-6.0,1.7,54.0
Desaguadero_M,2026-07-27 09:00:00,68,26.0,0.0,-7.0,1.9,70.0
Desaguadero_M,2026-07-27 09:00:00,71,26.0,0.0,5.0,2.1,87.0
Desaguadero_M,2026-07-27 09:00:00,74,26.0,0.0,9.0,4.0,45.0
Desaguadero_M,2026-07-27 09:00:00,77,27.0,0.0,15.0,5.8,355.0
Desaguadero_M,2026-07-27 09:00:00,80,26.0,0.0,15.0,5.1,3.0
Desaguadero_M,2026-07-27 09:00:00,83,26.0,0.0,7.0,4.3,4.0
Desaguadero_M,2026-07-27 09:00:00,86,26.0,0.0,-7.0,2.8,11.0
Desaguadero_M,2026-07-27 09:00:00,89,36.0,0.0,-7.0,1.3,10.0
Desaguadero_M,2026-07-27 09:00:00,92,36.0,0.0,5.0,1.5,22.0
Desaguadero_M,2026-07-27 09:00:00,95,36.0,0.0,5.0,1.2,39.0
Desaguadero_M,2026-07-27 09:00:00,98,36.0,0.0,10.0,2.7,2.0
Desaguadero_M,2026-07-27 09:00:00,101,56.0,0.0,15.0,4.3,320.0
Desaguadero_M,2026-07-27 09:00:00,104,57.0,0.0,11.0,3.6,56.0
Desaguadero_M,2026-07-27 09:00:00,107,36.0,0.0,7.0,2.9,130.0
Desaguadero_M,2026-07-27 09:00:00,110,36.0,0.0,5.0,2.7,138.0
Desaguadero_M,2026-07-27 09:00:00,113,36.0,0.0,3.0,2.5,146.0
Desaguadero_M,2026-07-27 12:00:00,14,,,-5.0,,
Desaguadero_M,2026-07-27 12:00:00,17,,,-5.0,,
Desaguadero_M,2026-07-27 12:00:00,38,,,-5.0,,
Desaguadero_M,2026-07-27 12:00:00,41,,,-5.0,,
Desaguadero_M,2026-07-27 12:00:00,50,,,15.0,,
Desaguadero_M,2026-07-27 12:00:00,53,,,15.0,,
Desaguadero_M,2026-07-27 12:00:00,56,,,9.0,,
Desaguadero_M,2026-07-27 12:00:00,59,,,3.0,,
Desaguadero_M,2026-07-27 12:00:00,62,,,-4.0,,
Desaguadero_M,2026-07-27 12:00:00,65,,,-4.0,,
Desaguadero_M,2026-07-27 12:00:00,68,,,4.0,,
Desaguadero_M,2026-07-27 12:00:00,83,,,1.0,,
Desaguadero_M,2026-07-27 12:00:00,86,,,-4.0,,
Desaguadero_M,2026-07-27 12:00:00,89,,,-4.0,,
Desaguadero_M,2026-07-27 12:00:00,101,,,15.0,,
Desaguadero_M,2026-07-27 12:00:00,107,,,-4.0,,
Desaguadero_M,2026-07-27 12:00:00,110,,,-4.0,,
El Alto,2026-07-27 09:00:00,5,26.0,0.0,16.0,4.8,330.0
El Alto,2026-07-27 09:00:00,8,26.0,0.0,16.0,4.3,13.0
El Alto,2026-07-27 09:00:00,11,26.0,0.0,9.0,3.7,51.0
El Alto,2026-07-27 09:00:00,14,26.0,0.0,3.0,2.5,355.0
El Alto,2026-07-27 09:00:00,17,26.0,0.0,-6.0,1.2,290.0
El Alto,2026-07-27 09:00:00,20,26.0,0.0,-6.0,1.4,297.0
El Alto,2026-07-27 09:00:00,23,26.0,0.0,2.0,2.0,296.0
El Alto,2026-07-27 09:00:00,26,26.0,0.0,9.0,3.8,296.0
El Alto,2026-07-27 09:00:00,29,36.0,0.0,16.0,5.5,288.0
El Alto,2026-07-27 09:00:00,32,36.0,0.0,16.0,4.0,359.0
El Alto,2026-07-27 09:00:00,35,26.0,0.0,9.0,2.4,61.0
El Alto,2026-07-27 09:00:00,38,26.0,0.0,2.0,1.9,96.0
El Alto,2026-07-27 09:00:00,41,26.0,0.0,-5.0,1.2,125.0
El Alto,2026-07-27 09:00:00,44,26.0,0.0,-5.0,1.0,77.0
El Alto,2026-07-27 09:00:00,47,26.0,0.0,2.0,0.6,350.0
El Alto,2026-07-27 09:00:00,50,26.0,0.0,9.0,1.9,97.0
El Alto,2026-07-27 09:00:00,53,27.0,0.0,15.0,3.1,139.0
El Alto,2026-07-27 09:00:00,56,26.0,0.0,15.0,3.1,97.0
El Alto,2026-07-27 09:00:00,59,26.0,0.0,10.0,3.1,51.0
El Alto,2026-07-27 09:00:00,62,26.0,0.0,5.0,2.1,69.0
El Alto,2026-07-27 09:00:00,65,26.0,0.0,-5.0,1.1,83.0
El Alto,2026-07-27 09:00:00,68,26.0,0.0,-5.0,1.4,95.0
El Alto,2026-07-27 09:00:00,71,26.0,0.0,5.0,1.5,91.0
El Alto,2026-07-27 09:00:00,74,26.0,0.0,9.0,3.0,91.0
El Alto,2026-07-27 09:00:00,77,26.0,0.0,15.0,4.6,83.0
El Alto,2026-07-27 09:00:00,80,26.0,0.0,15.0,4.1,71.0
El Alto,2026-07-27 09:00:00,83,26.0,0.0,6.0,3.5,48.0
El Alto,2026-07-27 09:00:00,86,26.0,0.0,-5.0,2.8,352.0
El Alto,2026-07-27 09:00:00,89,36.0,0.0,-5.0,2.1,297.0
El Alto,2026-07-27 09:00:00,92,36.0,0.0,5.0,1.5,325.0
El Alto,2026-07-27 09:00:00,95,36.0,0.0,6.0,0.7,351.0
El Alto,2026-07-27 09:00:00,98,36.0,0.0,9.0,2.1,347.0
El Alto,2026-07-27 09:00:00,101,56.0,0.0,13.0,3.4,254.0
El Alto,2026-07-27 09:00:00,104,56.0,0.0,10.0,3.0,326.0
El Alto,2026-07-27 09:00:00,107,36.0,0.0,6.0,2.6,89.0
El Alto,2026-07-27 09:00:00,110,36.0,0.0,5.0,1.7,131.0
El Alto,2026-07-27 09:00:00,113,36.0,0.0,3.0,0.9,167.0
El Alto,2026-07-27 12:00:00,14,,,-5.0,,
El Alto,2026-07-27 12:00:00,17,,,-5.0,,
El Alto,2026-07-27 12:00:00,26,,,17.0,,
El Alto,2026-07-27 12:00:00,29,,,17.0,,
El Alto,2026-07-27 12:00:00,50,,,17.0,,
El Alto,2026-07-27 12:00:00,53,,,17.0,,
El Alto,2026-07-27 12:00:00,56,,,11.0,,
El Alto,2026-07-27 12:00:00,62,,,-4.0,,
El Alto,2026-07-27 12:00:00,65,,,-4.0,,
El Alto,2026-07-27 12:00:00,74,,,16.0,,
El Alto,2026-07-27 12:00:00,77,,,16.0,,
El Alto,2026-07-27 12:00:00,83,,,1.0,,
El Alto,2026-07-27 12:00:00,86,,,-4.0,,
El Alto,2026-07-27 12:00:00,89,,,-4.0,,
El Alto,2026-07-27 12:00:00,92,,,4.0,,
El Alto,2026-07-27 12:00:00,95,,,10.0,,
El Alto,2026-07-27 12:00:00,98,,,16.0,,
El Alto,2026-07-27 12:00:00,101,,,16.0,,
El Alto,2026-07-27 12:00:00,107,,,-4.0,,
El Alto,2026-07-27 12:00:00,110,,,-4.0,,
El Puente,2026-07-27 09:00:00,5,36.0,0.0,31.0,4.7,320.0
El Puente,2026-07-27 09:00:00,8,36.0,0.0,31.0,3.9,320.0
El Puente,2026-07-27 09:00:00,11,36.0,0.0,26.0,3.2,312.0
El Puente,2026-07-27 09:00:00,14,36.0,0.0,22.0,2.6,330.0
El Puente,2026-07-27 09:00:00,17,56.0,0.0,20.0,1.9,339.0
El Puente,2026-07-27 09:00:00,20,56.0,0.0,20.0,2.0,354.0
El Puente,2026-07-27 09:00:00,23,56.0,0.0,22.0,2.2,340.0
El Puente,2026-07-27 09:00:00,26,56.0,0.0,26.0,3.7,330.0
El Puente,2026-07-27 09:00:00,29,36.0,0.0,32.0,5.1,319.0
El Puente,2026-07-27 09:00:00,32,36.0,0.0,32.0,4.3,319.0
El Puente,2026-07-27 09:00:00,35,36.0,0.0,26.0,3.4,310.0
El Puente,2026-07-27 09:00:00,38,35.0,0.0,21.0,2.7,330.0
El Puente,2026-07-27 09:00:00,41,36.0,0.0,20.0,2.0,350.0
El Puente,2026-07-27 09:00:00,44,36.0,0.0,20.0,1.6,339.0
El Puente,2026-07-27 09:00:00,47,36.0,0.0,23.0,2.1,349.0
El Puente,2026-07-27 09:00:00,50,36.0,0.0,27.0,3.3,339.0
El Puente,2026-07-27 09:00:00,53,36.0,0.0,31.0,4.5,320.0
El Puente,2026-07-27 09:00:00,56,36.0,0.0,31.0,3.5,320.0
El Puente,2026-07-27 09:00:00,59,36.0,0.0,27.0,2.5,310.0
El Puente,2026-07-27 09:00:00,62,36.0,0.0,22.0,1.9,346.0
El Puente,2026-07-27 09:00:00,65,57.0,0.0,19.0,1.2,16.0
El Puente,2026-07-27 09:00:00,68,56.0,0.0,19.0,1.0,340.0
El Puente,2026-07-27 09:00:00,71,56.0,0.0,23.0,0.9,329.0
El Puente,2026-07-27 09:00:00,74,56.0,0.0,24.0,2.1,329.0
El Puente,2026-07-27 09:00:00,77,76.0,0.9,30.0,3.3,320.0
El Puente,2026-07-27 09:00:00,80,76.0,1.1,30.0,2.3,340.0
El Puente,2026-07-27 09:00:00,83,56.0,0.0,26.0,1.3,350.0
El Puente,2026-07-27 09:00:00,86,56.0,0.0,19.0,1.3,330.0
El Puente,2026-07-27 09:00:00,89,56.0,0.0,19.0,1.2,302.0
El Puente,2026-07-27 09:00:00,92,56.0,0.0,25.0,1.6,350.0
El Puente,2026-07-27 09:00:00,95,57.0,0.0,26.0,2.0,349.0
El Puente,2026-07-27 09:00:00,98,56.0,0.0,33.0,3.0,340.0
El Puente,2026-07-27 09:00:00,101,35.0,0.0,39.0,3.9,330.0
El Puente,2026-07-27 09:00:00,104,36.0,0.0,35.0,3.0,340.0
El Puente,2026-07-27 09:00:00,107,36.0,0.0,31.0,2.0,346.0
El Puente,2026-07-27 09:00:00,110,36.0,0.0,28.0,1.9,352.0
El Puente,2026-07-27 09:00:00,113,36.0,0.0,26.0,1.8,352.0
El Puente,2026-07-27 12:00:00,8,,,28.0,,
El Puente,2026-07-27 12:00:00,11,,,25.0,,
El Puente,2026-07-27 12:00:00,14,,,22.0,,
El Puente,2026-07-27 12:00:00,17,,,22.0,,
El Puente,2026-07-27 12:00:00,20,,,25.0,,
El Puente,2026-07-27 12:00:00,23,,,29.0,,
El Puente,2026-07-27 12:00:00,32,,,30.0,,
El Puente,2026-07-27 12:00:00,35,,,26.0,,
El Puente,2026-07-27 12:00:00,38,,,23.0,,
El Puente,2026-07-27 12:00:00,41,,,23.0,,
El Puente,2026-07-27 12:00:00,44,,,25.0,,
El Puente,2026-07-27 12:00:00,47,,,29.0,,
El Puente,2026-07-27 12:00:00,50,,,33.0,,
El Puente,2026-07-27 12:00:00,53,,,33.0,,
El Puente,2026-07-27 12:00:00,56,,,29.0,,
El Puente,2026-07-27 12:00:00,59,,,26.0,,
El Puente,2026-07-27 12:00:00,62,,,22.0,,
El Puente,2026-07-27 12:00:00,65,,,22.0,,
El Puente,2026-07-27 12:00:00,68,,,25.0,,
El Puente,2026-07-27 12:00:00,71,,,28.0,,
El Puente,2026-07-27 12:00:00,74,,,32.0,,
El Puente,2026-07-27 12:00:00,77,,,32.0,,
El Puente,2026-07-27 12:00:00,80,,,27.0,,
El Puente,2026-07-27 12:00:00,83,,,24.0,,
El Puente,2026-07-27 12:00:00,86,,,21.0,,
El Puente,2026-07-27 12:00:00,89,,,21.0,,
El Puente,2026-07-27 12:00:00,92,,,24.0,,
El Puente,2026-07-27 12:00:00,95,,,28.0,,
El Puente,2026-07-27 12:00:00,98,,,33.0,,
El Puente,2026-07-27 12:00:00,101,,,33.0,,
El Puente,2026-07-27 12:00:00,104,,,28.0,,
El Puente,2026-07-27 12:00:00,107,,,21.0,,
El Puente,2026-07-27 12:00:00,110,,,21.0,,
El Villar,2026-07-27 09:00:00,5,36.0,0.0,28.0,3.8,11.0
El Villar,2026-07-27 09:00:00,8,36.0,0.0,28.0,3.0,323.0
El Villar,2026-07-27 09:00:00,11,26.0,0.0,22.0,2.2,273.0
El Villar,2026-07-27 09:00:00,14,26.0,0.0,14.0,2.6,282.0
El Villar,2026-07-27 09:00:00,17,27.0,0.0,8.0,3.0,282.0
El Villar,2026-07-27 09:00:00,20,26.0,0.0,8.0,2.8,282.0
El Villar,2026-07-27 09:00:00,23,26.0,0.0,15.0,2.5,282.0
El Villar,2026-07-27 09:00:00,26,26.0,0.0,23.0,3.2,337.0
El Villar,2026-07-27 09:00:00,29,26.0,0.0,29.0,3.9,25.0
El Villar,2026-07-27 09:00:00,32,26.0,0.0,29.0,2.8,202.0
El Villar,2026-07-27 09:00:00,35,26.0,0.0,20.0,1.6,218.0
El Villar,2026-07-27 09:00:00,38,26.0,0.0,13.0,2.0,250.0
El Villar,2026-07-27 09:00:00,41,27.0,0.0,8.0,2.4,272.0
El Villar,2026-07-27 09:00:00,44,36.0,0.0,8.0,2.4,282.0
El Villar,2026-07-27 09:00:00,47,36.0,0.0,16.0,2.3,282.0
El Villar,2026-07-27 09:00:00,50,36.0,0.0,22.0,3.6,7.0
El Villar,2026-07-27 09:00:00,53,36.0,0.0,27.0,4.8,87.0
El Villar,2026-07-27 09:00:00,56,36.0,0.0,27.0,3.0,150.0
El Villar,2026-07-27 09:00:00,59,56.0,0.0,21.0,1.3,208.0
El Villar,2026-07-27 09:00:00,62,56.0,0.0,13.0,1.2,247.0
El Villar,2026-07-27 09:00:00,65,56.0,0.0,9.0,1.2,283.0
El Villar,2026-07-27 09:00:00,68,56.0,0.0,9.0,1.5,298.0
El Villar,2026-07-27 09:00:00,71,56.0,0.0,14.0,1.5,303.0
El Villar,2026-07-27 09:00:00,74,56.0,0.0,20.0,2.5,5.0
El Villar,2026-07-27 09:00:00,77,56.0,0.0,26.0,3.3,63.0
El Villar,2026-07-27 09:00:00,80,56.0,0.0,26.0,2.4,156.0
El Villar,2026-07-27 09:00:00,83,56.0,0.0,14.0,1.4,240.0
El Villar,2026-07-27 09:00:00,86,56.0,0.0,9.0,1.8,264.0
El Villar,2026-07-27 09:00:00,89,37.0,0.0,9.0,2.1,285.0
El Villar,2026-07-27 09:00:00,92,35.0,0.0,15.0,2.4,293.0
El Villar,2026-07-27 09:00:00,95,36.0,0.0,16.0,2.5,293.0
El Villar,2026-07-27 09:00:00,98,36.0,0.0,23.0,3.6,327.0
El Villar,2026-07-27 09:00:00,101,36.0,0.0,30.0,4.5,2.0
El Villar,2026-07-27 09:00:00,104,36.0,0.0,23.0,3.6,327.0
El Villar,2026-07-27 09:00:00,107,36.0,0.0,17.0,2.6,293.0
El Villar,2026-07-27 09:00:00,110,36.0,0.0,16.0,2.9,292.0
El Villar,2026-07-27 09:00:00,113,36.0,0.0,14.0,3.3,282.0
El Villar,2026-07-27 12:00:00,14,,,11.0,,
El Villar,2026-07-27 12:00:00,17,,,11.0,,
El Villar,2026-07-27 12:00:00,20,,,16.0,,
El Villar,2026-07-27 12:00:00,32,,,24.0,,
El Villar,2026-07-27 12:00:00,35,,,18.0,,
El Villar,2026-07-27 12:00:00,38,,,11.0,,
El Villar,2026-07-27 12:00:00,41,,,11.0,,
El Villar,2026-07-27 12:00:00,50,,,29.0,,
El Villar,2026-07-27 12:00:00,53,,,29.0,,
El Villar,2026-07-27 12:00:00,56,,,22.0,,
El Villar,2026-07-27 12:00:00,59,,,16.0,,
El Villar,2026-07-27 12:00:00,62,,,12.0,,
El Villar,2026-07-27 12:00:00,65,,,12.0,,
El Villar,2026-07-27 12:00:00,68,,,19.0,,
El Villar,2026-07-27 12:00:00,71,,,24.0,,
El Villar,2026-07-27 12:00:00,74,,,30.0,,
El Villar,2026-07-27 12:00:00,77,,,30.0,,
El Villar,2026-07-27 12:00:00,80,,,26.0,,
El Villar,2026-07-27 12:00:00,83,,,22.0,,
El Villar,2026-07-27 12:00:00,86,,,16.0,,
El Villar,2026-07-27 12:00:00,89,,,16.0,,
El Villar,2026-07-27 12:00:00,92,,,21.0,,
El Villar,2026-07-27 12:00:00,95,,,25.0,,
El Villar,2026-07-27 12:00:00,98,,,31.0,,
El Villar,2026-07-27 12:00:00,101,,,31.0,,
El Villar,2026-07-27 12:00:00,104,,,21.0,,
El Villar,2026-07-27 12:00:00,110,,,16.0,,
Filadelfia - PD,2026-07-27 09:00:00,5,36.0,0.0,33.0,2.7,320.0
Filadelfia - PD,2026-07-27 09:00:00,8,36.0,0.0,33.0,2.2,342.0
Filadelfia - PD,2026-07-27 09:00:00,11,36.0,0.0,29.0,1.6,360.0
Filadelfia - PD,2026-07-27 09:00:00,14,36.0,0.0,26.0,1.9,340.0
Filadelfia - PD,2026-07-27 09:00:00,17,26.0,0.0,22.0,2.1,320.0
Filadelfia - PD,2026-07-27 09:00:00,20,26.0,0.0,22.0,2.0,320.0
Filadelfia - PD,2026-07-27 09:00:00,23,26.0,0.0,24.0,2.0,320.0
Filadelfia - PD,2026-07-27 09:00:00,26,26.0,0.0,27.0,2.4,320.0
Filadelfia - PD,2026-07-27 09:00:00,29,37.0,0.0,33.0,2.8,320.0
Filadelfia - PD,2026-07-27 09:00:00,32,37.0,0.0,33.0,2.4,340.0
Filadelfia - PD,2026-07-27 09:00:00,35,26.0,0.0,27.0,2.0,350.0
Filadelfia - PD,2026-07-27 09:00:00,38,26.0,0.0,25.0,1.6,339.0
Filadelfia - PD,2026-07-27 09:00:00,41,26.0,0.0,22.0,1.3,319.0
Filadelfia - PD,2026-07-27 09:00:00,44,37.0,0.0,22.0,1.6,300.0
Filadelfia - PD,2026-07-27 09:00:00,47,36.0,0.0,25.0,1.8,300.0
Filadelfia - PD,2026-07-27 09:00:00,50,36.0,0.0,27.0,2.2,310.0
Filadelfia - PD,2026-07-27 09:00:00,53,36.0,0.0,33.0,2.5,320.0
Filadelfia - PD,2026-07-27 09:00:00,56,36.0,0.0,33.0,1.7,321.0
Filadelfia - PD,2026-07-27 09:00:00,59,36.0,0.0,28.0,0.9,321.0
Filadelfia - PD,2026-07-27 09:00:00,62,36.0,0.0,25.0,1.1,291.0
Filadelfia - PD,2026-07-27 09:00:00,65,56.0,0.0,22.0,1.3,252.0
Filadelfia - PD,2026-07-27 09:00:00,68,56.0,0.0,22.0,1.1,310.0
Filadelfia - PD,2026-07-27 09:00:00,71,56.0,0.0,24.0,0.9,320.0
Filadelfia - PD,2026-07-27 09:00:00,74,56.0,0.0,29.0,1.3,322.0
Filadelfia - PD,2026-07-27 09:00:00,77,56.0,0.0,32.0,1.7,320.0
Filadelfia - PD,2026-07-27 09:00:00,80,57.0,0.0,32.0,1.4,340.0
Filadelfia - PD,2026-07-27 09:00:00,83,56.0,0.0,25.0,1.1,350.0
Filadelfia - PD,2026-07-27 09:00:00,86,56.0,0.0,22.0,1.3,330.0
Filadelfia - PD,2026-07-27 09:00:00,89,37.0,0.0,22.0,1.4,310.0
Filadelfia - PD,2026-07-27 09:00:00,92,37.0,0.0,24.0,0.9,320.0
Filadelfia - PD,2026-07-27 09:00:00,95,37.0,0.0,24.0,0.8,312.0
Filadelfia - PD,2026-07-27 09:00:00,98,37.0,0.0,30.0,1.3,322.0
Filadelfia - PD,2026-07-27 09:00:00,101,55.0,0.0,36.0,1.8,330.0
Filadelfia - PD,2026-07-27 09:00:00,104,57.0,0.0,30.0,1.5,349.0
Filadelfia - PD,2026-07-27 09:00:00,107,36.0,0.0,24.0,1.1,359.0
Filadelfia - PD,2026-07-27 09:00:00,110,37.0,0.0,23.0,1.2,302.0
Filadelfia - PD,2026-07-27 09:00:00,113,36.0,0.0,22.0,1.3,243.0
Filadelfia - PD,2026-07-27 12:00:00,26,,,34.0,,
Filadelfia - PD,2026-07-27 12:00:00,29,,,34.0,,
Filadelfia - PD,2026-07-27 12:00:00,32,,,29.0,,
Filadelfia - PD,2026-07-27 12:00:00,47,,,30.0,,
Filadelfia - PD,2026-07-27 12:00:00,50,,,35.0,,
Filadelfia - PD,2026-07-27 12:00:00,53,,,35.0,,
Filadelfia - PD,2026-07-27 12:00:00,68,,,27.0,,
Filadelfia - PD,2026-07-27 12:00:00,71,,,31.0,,
Filadelfia - PD,2026-07-27 12:00:00,74,,,35.0,,
Filadelfia - PD,2026-07-27 12:00:00,77,,,35.0,,
Filadelfia - PD,2026-07-27 12:00:00,80,,,29.0,,
Filadelfia - PD,2026-07-27 12:00:00,83,,,25.0,,
Filadelfia - PD,2026-07-27 12:00:00,89,,,22.0,,
Filadelfia - PD,2026-07-27 12:00:00,98,,,35.0,,
Filadelfia - PD,2026-07-27 12:00:00,101,,,35.0,,
Filadelfia - PD,2026-07-27 12:00:00,104,,,25.0,,
Filadelfia - PD,2026-07-27 12:00:00,107,,,22.0,,
Guayaramerin,2026-07-27 09:00:00,5,56.0,0.0,35.0,2.2,341.0
Guayaramerin,2026-07-27 09:00:00,8,56.0,0.0,35.0,2.0,347.0
Guayaramerin,2026-07-27 09:00:00,11,35.0,0.0,29.0,1.8,350.0
Guayaramerin,2026-07-27 09:00:00,14,36.0,0.0,24.0,1.5,353.0
Guayaramerin,2026-07-27 09:00:00,17,36.0,0.0,21.0,1.2,346.0
Guayaramerin,2026-07-27 09:00:00,20,37.0,0.0,21.0,1.5,351.0
Guayaramerin,2026-07-27 09:00:00,23,36.0,0.0,25.0,1.8,351.0
Guayaramerin,2026-07-27 09:00:00,26,36.0,0.0,28.0,2.1,341.0
Guayaramerin,2026-07-27 09:00:00,29,56.0,0.0,35.0,2.4,330.0
Guayaramerin,2026-07-27 09:00:00,32,56.0,0.0,35.0,1.8,330.0
Guayaramerin,2026-07-27 09:00:00,35,36.0,0.0,27.0,1.2,320.0
Guayaramerin,2026-07-27 09:00:00,38,36.0,0.0,24.0,1.1,329.0
Guayaramerin,2026-07-27 09:00:00,41,37.0,0.0,22.0,1.1,335.0
Guayaramerin,2026-07-27 09:00:00,44,36.0,0.0,22.0,1.5,353.0
Guayaramerin,2026-07-27 09:00:00,47,37.0,0.0,24.0,1.6,344.0
Guayaramerin,2026-07-27 09:00:00,50,37.0,0.0,28.0,2.0,344.0
Guayaramerin,2026-07-27 09:00:00,53,36.0,0.0,35.0,2.4,340.0
Guayaramerin,2026-07-27 09:00:00,56,35.0,0.0,35.0,1.5,345.0
Guayaramerin,2026-07-27 09:00:00,59,37.0,0.0,30.0,0.7,350.0
Guayaramerin,2026-07-27 09:00:00,62,36.0,0.0,25.0,0.9,5.0
Guayaramerin,2026-07-27 09:00:00,65,56.0,0.0,22.0,1.2,18.0
Guayaramerin,2026-07-27 09:00:00,68,56.0,0.0,22.0,0.7,12.0
Guayaramerin,2026-07-27 09:00:00,71,56.0,0.0,25.0,0.8,18.0
Guayaramerin,2026-07-27 09:00:00,74,56.0,0.0,31.0,1.2,354.0
Guayaramerin,2026-07-27 09:00:00,77,56.0,0.0,34.0,1.6,327.0
Guayaramerin,2026-07-27 09:00:00,80,56.0,0.0,34.0,1.5,349.0
Guayaramerin,2026-07-27 09:00:00,83,56.0,0.0,27.0,1.4,6.0
Guayaramerin,2026-07-27 09:00:00,86,56.0,0.0,22.0,1.4,4.0
Guayaramerin,2026-07-27 09:00:00,89,36.0,0.0,22.0,1.3,1.0
Guayaramerin,2026-07-27 09:00:00,92,36.0,0.0,25.0,0.8,302.0
Guayaramerin,2026-07-27 09:00:00,95,36.0,0.0,26.0,1.1,13.0
Guayaramerin,2026-07-27 09:00:00,98,36.0,0.0,32.0,1.4,3.0
Guayaramerin,2026-07-27 09:00:00,101,57.0,0.0,38.0,1.7,351.0
Guayaramerin,2026-07-27 09:00:00,104,56.0,0.0,32.0,1.1,58.0
Guayaramerin,2026-07-27 09:00:00,107,36.0,0.0,25.0,0.5,115.0
Guayaramerin,2026-07-27 09:00:00,110,36.0,0.0,24.0,0.9,58.0
Guayaramerin,2026-07-27 09:00:00,113,36.0,0.0,22.0,1.2,358.0
Guayaramerin,2026-07-27 12:00:00,38,,,21.0,,
Guayaramerin,2026-07-27 12:00:00,41,,,21.0,,
Guayaramerin,2026-07-27 12:00:00,74,,,36.0,,
Guayaramerin,2026-07-27 12:00:00,77,,,36.0,,
Guayaramerin,2026-07-27 12:00:00,80,,,30.0,,
Guayaramerin,2026-07-27 12:00:00,83,,,25.0,,
Guayaramerin,2026-07-27 12:00:00,86,,,21.0,,
Guayaramerin,2026-07-27 12:00:00,89,,,21.0,,
Guayaramerin,2026-07-27 12:00:00,98,,,35.0,,
Guayaramerin,2026-07-27 12:00:00,101,,,35.0,,
Guayaramerin,2026-07-27 12:00:00,107,,,21.0,,
Guayaramerin,2026-07-27 12:00:00,110,,,21.0,,
Guayaramerin_M (GPRS),2026-07-27 09:00:00,5,55.0,0.0,35.0,2.1,331.0
Guayaramerin_M (GPRS),2026-07-27 09:00:00,8,57.0,0.0,35.0,1.9,332.0
Guayaramerin_M (GPRS),2026-07-27 09:00:00,11,36.0,0.0,29.0,1.6,333.0
Guayaramerin_M (GPRS),2026-07-27 09:00:00,14,37.0,0.0,25.0,1.6,341.0
Guayaramerin_M (GPRS),2026-07-27 09:00:00,17,36.0,0.0,22.0,1.6,349.0
Guayaramerin_M (GPRS),2026-07-27 09:00:00,20,37.0,0.0,22.0,1.6,349.0
Guayaramerin_M (GPRS),2026-07-27 09:00:00,23,36.0,0.0,24.0,1.9,349.0
Guayaramerin_M (GPRS),2026-07-27 09:00:00,26,37.0,0.0,28.0,2.3,340.0
Guayaramerin_M (GPRS),2026-07-27 09:00:00,29,56.0,0.0,35.0,2.6,330.0
Guayaramerin_M (GPRS),2026-07-27 09:00:00,32,56.0,0.0,35.0,2.2,321.0
Guayaramerin_M (GPRS),2026-07-27 09:00:00,35,36.0,0.0,28.0,1.7,301.0
Guayaramerin_M (GPRS),2026-07-27 09:00:00,38,37.0,0.0,23.0,1.5,322.0
Guayaramerin_M (GPRS),2026-07-27 09:00:00,41,36.0,0.0,22.0,1.4,341.0
Guayaramerin_M (GPRS),2026-07-27 09:00:00,44,35.0,0.0,22.0,1.5,341.0
Guayaramerin_M (GPRS),2026-07-27 09:00:00,47,37.0,0.0,24.0,1.6,340.0
Guayaramerin_M (GPRS),2026-07-27 09:00:00,50,36.0,0.0,29.0,2.0,349.0
Guayaramerin_M (GPRS),2026-07-27 09:00:00,53,36.0,0.0,35.0,2.4,349.0
Guayaramerin_M (GPRS),2026-07-27 09:00:00,56,36.0,0.0,35.0,1.7,359.0
Guayaramerin_M (GPRS),2026-07-27 09:00:00,59,36.0,0.0,30.0,1.0,0.0
Guayaramerin_M (GPRS),2026-07-27 09:00:00,62,35.0,0.0,25.0,1.0,9.0
Guayaramerin_M (GPRS),2026-07-27 09:00:00,65,56.0,0.0,22.0,1.1,10.0
Guayaramerin_M (GPRS),2026-07-27 09:00:00,68,57.0,0.0,22.0,0.7,360.0
Guayaramerin_M (GPRS),2026-07-27 09:00:00,71,56.0,0.0,26.0,0.9,360.0
Guayaramerin_M (GPRS),2026-07-27 09:00:00,74,56.0,0.0,32.0,1.4,340.0
Guayaramerin_M (GPRS),2026-07-27 09:00:00,77,57.0,0.0,34.0,1.9,311.0
Guayaramerin_M (GPRS),2026-07-27 09:00:00,80,55.0,0.0,34.0,1.5,251.0
Guayaramerin_M (GPRS),2026-07-27 09:00:00,83,55.0,0.0,27.0,1.2,176.0
Guayaramerin_M (GPRS),2026-07-27 09:00:00,86,55.0,0.0,22.0,1.2,175.0
Guayaramerin_M (GPRS),2026-07-27 09:00:00,89,35.0,0.0,22.0,1.2,359.0
Guayaramerin_M (GPRS),2026-07-27 09:00:00,92,36.0,0.0,25.0,0.9,292.0
Guayaramerin_M (GPRS),2026-07-27 09:00:00,95,36.0,0.0,26.0,1.2,10.0
Guayaramerin_M (GPRS),2026-07-27 09:00:00,98,37.0,0.0,32.0,1.4,359.0
Guayaramerin_M (GPRS),2026-07-27 09:00:00,101,56.0,0.0,38.0,1.6,339.0
Guayaramerin_M (GPRS),2026-07-27 09:00:00,104,56.0,0.0,32.0,1.0,4.0
Guayaramerin_M (GPRS),2026-07-27 09:00:00,107,37.0,0.0,25.0,0.4,26.0
Guayaramerin_M (GPRS),2026-07-27 09:00:00,110,37.0,0.0,24.0,0.8,14.0
Guayaramerin_M (GPRS),2026-07-27 09:00:00,113,35.0,0.0,23.0,1.1,351.0
Guayaramerin_M (GPRS),2026-07-27 12:00:00,26,,,36.0,,
Guayaramerin_M (GPRS),2026-07-27 12:00:00,29,,,36.0,,
Guayaramerin_M (GPRS),2026-07-27 12:00:00,35,,,24.0,,
Guayaramerin_M (GPRS),2026-07-27 12:00:00,50,,,36.0,,
Guayaramerin_M (GPRS),2026-07-27 12:00:00,53,,,36.0,,
Guayaramerin_M (GPRS),2026-07-27 12:00:00,62,,,23.0,,
Guayaramerin_M (GPRS),2026-07-27 12:00:00,65,,,23.0,,
Guayaramerin_M (GPRS),2026-07-27 12:00:00,74,,,36.0,,
Guayaramerin_M (GPRS),2026-07-27 12:00:00,77,,,36.0,,
Guayaramerin_M (GPRS),2026-07-27 12:00:00,80,,,31.0,,
Guayaramerin_M (GPRS),2026-07-27 12:00:00,83,,,27.0,,
Guayaramerin_M (GPRS),2026-07-27 12:00:00,89,,,22.0,,
Guayaramerin_M (GPRS),2026-07-27 12:00:00,98,,,36.0,,
Guayaramerin_M (GPRS),2026-07-27 12:00:00,101,,,36.0,,
Guayaramerin_M (GPRS),2026-07-27 12:00:00,107,,,22.0,,
Guayaramerin_M (GPRS),2026-07-27 12:00:00,110,,,22.0,,
Incapampa,2026-07-27 09:00:00,5,36.0,0.0,28.0,3.0,17.0
Incapampa,2026-07-27 09:00:00,8,35.0,0.0,28.0,2.0,321.0
Incapampa,2026-07-27 09:00:00,11,36.0,0.0,22.0,0.8,257.0
Incapampa,2026-07-27 09:00:00,14,36.0,0.0,18.0,1.3,231.0
Incapampa,2026-07-27 09:00:00,17,36.0,0.0,16.0,1.7,204.0
Incapampa,2026-07-27 09:00:00,20,36.0,0.0,16.0,0.9,208.0
Incapampa,2026-07-27 09:00:00,23,37.0,0.0,19.0,0.6,201.0
Incapampa,2026-07-27 09:00:00,26,36.0,0.0,24.0,1.4,260.0
Incapampa,2026-07-27 09:00:00,29,56.0,0.0,28.0,2.2,14.0
Incapampa,2026-07-27 09:00:00,32,57.0,0.0,28.0,1.5,313.0
Incapampa,2026-07-27 09:00:00,35,37.0,0.0,23.0,0.8,244.0
Incapampa,2026-07-27 09:00:00,38,37.0,0.0,19.0,1.1,230.0
Incapampa,2026-07-27 09:00:00,41,36.0,0.0,16.0,1.5,214.0
Incapampa,2026-07-27 09:00:00,44,36.0,0.0,16.0,1.2,207.0
Incapampa,2026-07-27 09:00:00,47,35.0,0.0,18.0,1.1,197.0
Incapampa,2026-07-27 09:00:00,50,36.0,0.0,22.0,2.1,178.0
Incapampa,2026-07-27 09:00:00,53,56.0,0.0,27.0,3.1,20.0
Incapampa,2026-07-27 09:00:00,56,56.0,0.0,27.0,2.0,321.0
Incapampa,2026-07-27 09:00:00,59,36.0,0.0,23.0,0.9,256.0
Incapampa,2026-07-27 09:00:00,62,36.0,0.0,19.0,1.2,233.0
Incapampa,2026-07-27 09:00:00,65,36.0,0.0,15.0,1.5,204.0
Incapampa,2026-07-27 09:00:00,68,36.0,0.0,15.0,0.8,214.0
Incapampa,2026-07-27 09:00:00,71,36.0,0.0,17.0,0.6,214.0
Incapampa,2026-07-27 09:00:00,74,36.0,0.0,18.0,1.3,277.0
Incapampa,2026-07-27 09:00:00,77,56.0,0.0,26.0,1.9,18.0
Incapampa,2026-07-27 09:00:00,80,56.0,0.0,26.0,1.6,314.0
Incapampa,2026-07-27 09:00:00,83,56.0,0.0,16.0,1.4,239.0
Incapampa,2026-07-27 09:00:00,86,56.0,0.0,15.0,1.3,221.0
Incapampa,2026-07-27 09:00:00,89,56.0,0.0,15.0,1.1,197.0
Incapampa,2026-07-27 09:00:00,92,56.0,0.0,15.0,1.2,204.0
Incapampa,2026-07-27 09:00:00,95,57.0,0.0,15.0,1.1,204.0
Incapampa,2026-07-27 09:00:00,98,56.0,0.0,17.0,1.3,285.0
Incapampa,2026-07-27 09:00:00,101,57.0,0.0,19.0,1.6,357.0
Incapampa,2026-07-27 09:00:00,104,56.0,0.0,17.0,1.5,294.0
Incapampa,2026-07-27 09:00:00,107,57.0,0.0,14.0,1.5,228.0
Incapampa,2026-07-27 09:00:00,110,57.0,0.0,13.0,1.8,221.0
Incapampa,2026-07-27 09:00:00,113,57.0,0.0,12.0,2.0,204.0
Incapampa,2026-07-27 12:00:00,50,,,28.0,,
Incapampa,2026-07-27 12:00:00,53,,,28.0,,
Incapampa,2026-07-27 12:00:00,68,,,19.0,,
Incapampa,2026-07-27 12:00:00,71,,,24.0,,
Incapampa,2026-07-27 12:00:00,74,,,29.0,,
Incapampa,2026-07-27 12:00:00,77,,,29.0,,
Incapampa,2026-07-27 12:00:00,80,,,23.0,,
Incapampa,2026-07-27 12:00:00,83,,,19.0,,
Incapampa,2026-07-27 12:00:00,92,,,19.0,,
Incapampa,2026-07-27 12:00:00,95,,,24.0,,
Incapampa,2026-07-27 12:00:00,98,,,29.0,,
Incapampa,2026-07-27 12:00:00,101,,,29.0,,
Incapampa,2026-07-27 12:00:00,104,,,20.0,,
Incapampa,2026-07-27 12:00:00,107,,,15.0,,
Incapampa,2026-07-27 12:00:00,110,,,15.0,,
Ixiamas,2026-07-27 09:00:00,5,35.0,0.0,31.0,3.3,330.0
Ixiamas,2026-07-27 09:00:00,8,35.0,0.0,31.0,2.3,299.0
Ixiamas,2026-07-27 09:00:00,11,36.0,0.0,27.0,1.3,268.0
Ixiamas,2026-07-27 09:00:00,14,37.0,0.0,24.0,1.5,268.0
Ixiamas,2026-07-27 09:00:00,17,26.0,0.0,23.0,1.6,259.0
Ixiamas,2026-07-27 09:00:00,20,25.0,0.0,23.0,1.4,286.0
Ixiamas,2026-07-27 09:00:00,23,26.0,0.0,25.0,1.4,289.0
Ixiamas,2026-07-27 09:00:00,26,26.0,0.0,28.0,2.8,309.0
Ixiamas,2026-07-27 09:00:00,29,37.0,0.0,31.0,4.2,320.0
Ixiamas,2026-07-27 09:00:00,32,36.0,0.0,31.0,2.8,289.0
Ixiamas,2026-07-27 09:00:00,35,25.0,0.0,28.0,1.4,258.0
Ixiamas,2026-07-27 09:00:00,38,27.0,0.0,25.0,1.4,258.0
Ixiamas,2026-07-27 09:00:00,41,26.0,0.0,23.0,1.4,248.0
Ixiamas,2026-07-27 09:00:00,44,36.0,0.0,23.0,1.4,279.0
Ixiamas,2026-07-27 09:00:00,47,36.0,0.0,24.0,1.3,289.0
Ixiamas,2026-07-27 09:00:00,50,36.0,0.0,27.0,2.5,309.0
Ixiamas,2026-07-27 09:00:00,53,37.0,0.0,31.0,3.8,320.0
Ixiamas,2026-07-27 09:00:00,56,37.0,0.0,31.0,2.5,289.0
Ixiamas,2026-07-27 09:00:00,59,36.0,0.0,28.0,1.3,251.0
Ixiamas,2026-07-27 09:00:00,62,36.0,0.0,25.0,1.3,258.0
Ixiamas,2026-07-27 09:00:00,65,36.0,0.0,23.0,1.3,257.0
Ixiamas,2026-07-27 09:00:00,68,36.0,0.0,23.0,1.0,273.0
Ixiamas,2026-07-27 09:00:00,71,36.0,0.0,24.0,0.7,281.0
Ixiamas,2026-07-27 09:00:00,74,37.0,0.0,29.0,1.7,306.0
Ixiamas,2026-07-27 09:00:00,77,56.0,0.0,30.0,2.7,322.0
Ixiamas,2026-07-27 09:00:00,80,56.0,0.0,30.0,1.9,289.0
Ixiamas,2026-07-27 09:00:00,83,56.0,0.0,26.0,1.1,249.0
Ixiamas,2026-07-27 09:00:00,86,56.0,0.0,23.0,1.1,258.0
Ixiamas,2026-07-27 09:00:00,89,36.0,0.0,23.0,1.2,265.0
Ixiamas,2026-07-27 09:00:00,92,36.0,0.0,24.0,1.1,266.0
Ixiamas,2026-07-27 09:00:00,95,36.0,0.0,24.0,1.0,259.0
Ixiamas,2026-07-27 09:00:00,98,36.0,0.0,29.0,2.0,289.0
Ixiamas,2026-07-27 09:00:00,101,56.0,0.0,35.0,3.1,312.0
Ixiamas,2026-07-27 09:00:00,104,56.0,0.0,30.0,2.3,319.0
Ixiamas,2026-07-27 09:00:00,107,36.0,0.0,26.0,1.6,324.0
Ixiamas,2026-07-27 09:00:00,110,36.0,0.0,25.0,1.5,296.0
Ixiamas,2026-07-27 09:00:00,113,35.0,0.0,23.0,1.4,261.0
Ixiamas,2026-07-27 12:00:00,14,,,20.0,,
Ixiamas,2026-07-27 12:00:00,17,,,20.0,,
Ixiamas,2026-07-27 12:00:00,26,,,32.0,,
Ixiamas,2026-07-27 12:00:00,29,,,32.0,,
Ixiamas,2026-07-27 12:00:00,32,,,29.0,,
Ixiamas,2026-07-27 12:00:00,38,,,20.0,,
Ixiamas,2026-07-27 12:00:00,41,,,20.0,,
Ixiamas,2026-07-27 12:00:00,50,,,32.0,,
Ixiamas,2026-07-27 12:00:00,53,,,32.0,,
Ixiamas,2026-07-27 12:00:00,56,,,29.0,,
Ixiamas,2026-07-27 12:00:00,62,,,20.0,,
Ixiamas,2026-07-27 12:00:00,65,,,20.0,,
Ixiamas,2026-07-27 12:00:00,74,,,33.0,,
Ixiamas,2026-07-27 12:00:00,77,,,33.0,,
Ixiamas,2026-07-27 12:00:00,86,,,20.0,,
Ixiamas,2026-07-27 12:00:00,89,,,20.0,,
Ixiamas,2026-07-27 12:00:00,95,,,30.0,,
Ixiamas,2026-07-27 12:00:00,98,,,33.0,,
Ixiamas,2026-07-27 12:00:00,101,,,33.0,,
Ixiamas,2026-07-27 12:00:00,107,,,20.0,,
Ixiamas,2026-07-27 12:00:00,110,,,20.0,,
Jesús de Machaca,2026-07-27 09:00:00,5,26.0,0.0,17.0,6.3,341.0
Jesús de Machaca,2026-07-27 09:00:00,8,26.0,0.0,17.0,4.3,351.0
Jesús de Machaca,2026-07-27 09:00:00,11,26.0,0.0,8.0,2.2,358.0
Jesús de Machaca,2026-07-27 09:00:00,14,26.0,0.0,-3.0,1.8,13.0
Jesús de Machaca,2026-07-27 09:00:00,17,26.0,0.0,-10.0,1.4,25.0
Jesús de Machaca,2026-07-27 09:00:00,20,26.0,0.0,-10.0,1.2,320.0
Jesús de Machaca,2026-07-27 09:00:00,23,26.0,0.0,1.0,0.8,252.0
Jesús de Machaca,2026-07-27 09:00:00,26,27.0,0.0,10.0,2.3,290.0
Jesús de Machaca,2026-07-27 09:00:00,29,36.0,0.0,16.0,3.6,321.0
Jesús de Machaca,2026-07-27 09:00:00,32,36.0,0.0,16.0,2.8,248.0
Jesús de Machaca,2026-07-27 09:00:00,35,26.0,0.0,7.0,1.9,170.0
Jesús de Machaca,2026-07-27 09:00:00,38,26.0,0.0,-6.0,2.2,153.0
Jesús de Machaca,2026-07-27 09:00:00,41,26.0,0.0,-11.0,2.4,135.0
Jesús de Machaca,2026-07-27 09:00:00,44,26.0,0.0,-11.0,1.5,145.0
Jesús de Machaca,2026-07-27 09:00:00,47,26.0,0.0,4.0,1.6,146.0
Jesús de Machaca,2026-07-27 09:00:00,50,26.0,0.0,9.0,2.0,219.0
Jesús de Machaca,2026-07-27 09:00:00,53,27.0,0.0,15.0,2.2,308.0
Jesús de Machaca,2026-07-27 09:00:00,56,26.0,0.0,15.0,2.6,346.0
Jesús de Machaca,2026-07-27 09:00:00,59,26.0,0.0,11.0,2.9,25.0
Jesús de Machaca,2026-07-27 09:00:00,62,26.0,0.0,6.0,1.8,24.0
Jesús de Machaca,2026-07-27 09:00:00,65,26.0,0.0,-10.0,0.7,15.0
Jesús de Machaca,2026-07-27 09:00:00,68,26.0,0.0,-10.0,1.0,40.0
Jesús de Machaca,2026-07-27 09:00:00,71,26.0,0.0,5.0,1.3,38.0
Jesús de Machaca,2026-07-27 09:00:00,74,26.0,0.0,10.0,3.1,13.0
Jesús de Machaca,2026-07-27 09:00:00,77,26.0,0.0,15.0,4.8,346.0
Jesús de Machaca,2026-07-27 09:00:00,80,26.0,0.0,15.0,4.3,5.0
Jesús de Machaca,2026-07-27 09:00:00,83,26.0,0.0,7.0,3.8,13.0
Jesús de Machaca,2026-07-27 09:00:00,86,26.0,0.0,-10.0,2.7,18.0
Jesús de Machaca,2026-07-27 09:00:00,89,36.0,0.0,-10.0,1.7,15.0
Jesús de Machaca,2026-07-27 09:00:00,92,36.0,0.0,5.0,1.5,12.0
Jesús de Machaca,2026-07-27 09:00:00,95,36.0,0.0,5.0,0.7,15.0
Jesús de Machaca,2026-07-27 09:00:00,98,36.0,0.0,10.0,1.8,320.0
Jesús de Machaca,2026-07-27 09:00:00,101,56.0,0.0,16.0,2.8,262.0
Jesús de Machaca,2026-07-27 09:00:00,104,56.0,0.0,11.0,3.1,225.0
Jesús de Machaca,2026-07-27 09:00:00,107,36.0,0.0,7.0,3.3,182.0
Jesús de Machaca,2026-07-27 09:00:00,110,36.0,0.0,4.0,2.7,162.0
Jesús de Machaca,2026-07-27 09:00:00,113,37.0,0.0,2.0,2.0,135.0
Jesús de Machaca,2026-07-27 12:00:00,26,,,17.0,,
Jesús de Machaca,2026-07-27 12:00:00,29,,,17.0,,
Jesús de Machaca,2026-07-27 12:00:00,38,,,-10.0,,
Jesús de Machaca,2026-07-27 12:00:00,41,,,-10.0,,
Jesús de Machaca,2026-07-27 12:00:00,50,,,17.0,,
Jesús de Machaca,2026-07-27 12:00:00,53,,,17.0,,
Jesús de Machaca,2026-07-27 12:00:00,56,,,8.0,,
Jesús de Machaca,2026-07-27 12:00:00,59,,,0.0,,
Jesús de Machaca,2026-07-27 12:00:00,62,,,-9.0,,
Jesús de Machaca,2026-07-27 12:00:00,65,,,-9.0,,
Jesús de Machaca,2026-07-27 12:00:00,68,,,1.0,,
Jesús de Machaca,2026-07-27 12:00:00,71,,,9.0,,
Jesús de Machaca,2026-07-27 12:00:00,74,,,16.0,,
Jesús de Machaca,2026-07-27 12:00:00,77,,,16.0,,
Jesús de Machaca,2026-07-27 12:00:00,80,,,6.0,,
Jesús de Machaca,2026-07-27 12:00:00,83,,,-2.0,,
Jesús de Machaca,2026-07-27 12:00:00,86,,,-9.0,,
Jesús de Machaca,2026-07-27 12:00:00,89,,,-9.0,,
Jesús de Machaca,2026-07-27 12:00:00,92,,,3.0,,
Jesús de Machaca,2026-07-27 12:00:00,101,,,16.0,,
Jesús de Machaca,2026-07-27 12:00:00,107,,,-9.0,,
Jesús de Machaca,2026-07-27 12:00:00,110,,,-9.0,,
Kocani,2026-07-27 09:00:00,5,27.0,0.0,12.0,8.0,282.0
Kocani,2026-07-27 09:00:00,8,26.0,0.0,12.0,6.1,277.0
Kocani,2026-07-27 09:00:00,11,26.0,0.0,4.0,4.3,267.0
Kocani,2026-07-27 09:00:00,14,26.0,0.0,-3.0,3.0,311.0
Kocani,2026-07-27 09:00:00,17,26.0,0.0,-7.0,1.8,344.0
Kocani,2026-07-27 09:00:00,20,27.0,0.0,-7.0,2.0,344.0
Kocani,2026-07-27 09:00:00,23,26.0,0.0,-1.0,2.1,0.0
Kocani,2026-07-27 09:00:00,26,26.0,0.0,5.0,7.9,334.0
Kocani,2026-07-27 09:00:00,29,26.0,0.0,13.0,13.8,300.0
Kocani,2026-07-27 09:00:00,32,27.0,0.0,13.0,9.9,300.0
Kocani,2026-07-27 09:00:00,35,26.0,0.0,3.0,5.9,299.0
Kocani,2026-07-27 09:00:00,38,26.0,0.0,-2.0,3.7,329.0
Kocani,2026-07-27 09:00:00,41,27.0,0.0,-6.0,1.5,354.0
Kocani,2026-07-27 09:00:00,44,26.0,0.0,-6.0,1.6,332.0
Kocani,2026-07-27 09:00:00,47,26.0,0.0,-1.0,2.0,333.0
Kocani,2026-07-27 09:00:00,50,27.0,0.0,5.0,4.7,323.0
Kocani,2026-07-27 09:00:00,53,26.0,0.0,12.0,7.3,304.0
Kocani,2026-07-27 09:00:00,56,27.0,0.0,12.0,5.1,340.0
Kocani,2026-07-27 09:00:00,59,26.0,0.0,7.0,2.9,10.0
Kocani,2026-07-27 09:00:00,62,26.0,0.0,1.0,2.3,14.0
Kocani,2026-07-27 09:00:00,65,26.0,0.0,-7.0,1.6,17.0
Kocani,2026-07-27 09:00:00,68,26.0,0.0,-7.0,0.9,20.0
Kocani,2026-07-27 09:00:00,71,26.0,0.0,1.0,0.9,38.0
Kocani,2026-07-27 09:00:00,74,27.0,0.0,6.0,3.3,354.0
Kocani,2026-07-27 09:00:00,77,26.0,0.0,13.0,5.7,304.0
Kocani,2026-07-27 09:00:00,80,26.0,0.0,13.0,4.0,322.0
Kocani,2026-07-27 09:00:00,83,26.0,0.0,4.0,2.4,331.0
Kocani,2026-07-27 09:00:00,86,26.0,0.0,-7.0,2.2,13.0
Kocani,2026-07-27 09:00:00,89,27.0,0.0,-7.0,2.0,54.0
Kocani,2026-07-27 09:00:00,92,26.0,0.0,1.0,1.7,14.0
Kocani,2026-07-27 09:00:00,95,27.0,0.0,1.0,1.9,7.0
Kocani,2026-07-27 09:00:00,98,26.0,0.0,7.0,6.6,334.0
Kocani,2026-07-27 09:00:00,101,26.0,0.0,12.0,11.4,300.0
Kocani,2026-07-27 09:00:00,104,27.0,0.0,9.0,8.7,299.0
Kocani,2026-07-27 09:00:00,107,27.0,0.0,5.0,6.0,289.0
Kocani,2026-07-27 09:00:00,110,26.0,0.0,2.0,3.9,324.0
Kocani,2026-07-27 09:00:00,113,26.0,0.0,-1.0,1.7,359.0
Kocani,2026-07-27 12:00:00,38,,,-7.0,,
Kocani,2026-07-27 12:00:00,41,,,-7.0,,
Kocani,2026-07-27 12:00:00,50,,,13.0,,
Kocani,2026-07-27 12:00:00,53,,,13.0,,
Kocani,2026-07-27 12:00:00,83,,,-2.0,,
Kocani,2026-07-27 12:00:00,86,,,-8.0,,
Kocani,2026-07-27 12:00:00,89,,,-8.0,,
Kocani,2026-07-27 12:00:00,98,,,13.0,,
Kocani,2026-07-27 12:00:00,101,,,13.0,,
Kocani,2026-07-27 12:00:00,107,,,-8.0,,
Kocani,2026-07-27 12:00:00,110,,,-8.0,,
La Paz - Centro,2026-07-27 09:00:00,5,26.0,0.0,20.0,4.1,57.0
La Paz - Centro,2026-07-27 09:00:00,8,26.0,0.0,20.0,3.3,50.0
La Paz - Centro,2026-07-27 09:00:00,11,36.0,0.0,15.0,2.5,38.0
La Paz - Centro,2026-07-27 09:00:00,14,36.0,0.0,12.0,1.4,110.0
La Paz - Centro,2026-07-27 09:00:00,17,26.0,0.0,5.0,0.3,177.0
La Paz - Centro,2026-07-27 09:00:00,20,26.0,0.0,5.0,0.8,22.0
La Paz - Centro,2026-07-27 09:00:00,23,26.0,0.0,10.0,0.7,211.0
La Paz - Centro,2026-07-27 09:00:00,26,25.0,0.0,15.0,2.4,305.0
La Paz - Centro,2026-07-27 09:00:00,29,36.0,0.0,20.0,4.0,36.0
La Paz - Centro,2026-07-27 09:00:00,32,36.0,0.0,20.0,3.2,49.0
La Paz - Centro,2026-07-27 09:00:00,35,26.0,0.0,15.0,2.3,52.0
La Paz - Centro,2026-07-27 09:00:00,38,26.0,0.0,11.0,1.5,64.0
La Paz - Centro,2026-07-27 09:00:00,41,26.0,0.0,4.0,0.6,221.0
La Paz - Centro,2026-07-27 09:00:00,44,26.0,0.0,4.0,0.7,273.0
La Paz - Centro,2026-07-27 09:00:00,47,26.0,0.0,9.0,0.6,254.0
La Paz - Centro,2026-07-27 09:00:00,50,26.0,0.0,15.0,2.3,337.0
La Paz - Centro,2026-07-27 09:00:00,53,26.0,0.0,21.0,4.0,57.0
La Paz - Centro,2026-07-27 09:00:00,56,26.0,0.0,21.0,3.4,52.0
La Paz - Centro,2026-07-27 09:00:00,59,26.0,0.0,14.0,2.8,42.0
La Paz - Centro,2026-07-27 09:00:00,62,26.0,0.0,9.0,1.9,35.0
La Paz - Centro,2026-07-27 09:00:00,65,26.0,0.0,5.0,1.0,27.0
La Paz - Centro,2026-07-27 09:00:00,68,26.0,0.0,5.0,1.0,47.0
La Paz - Centro,2026-07-27 09:00:00,71,26.0,0.0,8.0,1.1,49.0
La Paz - Centro,2026-07-27 09:00:00,74,26.0,0.0,12.0,3.0,53.0
La Paz - Centro,2026-07-27 09:00:00,77,36.0,0.0,20.0,4.8,50.0
La Paz - Centro,2026-07-27 09:00:00,80,36.0,0.0,20.0,3.5,45.0
La Paz - Centro,2026-07-27 09:00:00,83,26.0,0.0,9.0,2.3,35.0
La Paz - Centro,2026-07-27 09:00:00,86,26.0,0.0,5.0,1.5,1.0
La Paz - Centro,2026-07-27 09:00:00,89,36.0,0.0,5.0,0.7,317.0
La Paz - Centro,2026-07-27 09:00:00,92,36.0,0.0,7.0,0.5,18.0
La Paz - Centro,2026-07-27 09:00:00,95,36.0,0.0,8.0,0.4,73.0
La Paz - Centro,2026-07-27 09:00:00,98,36.0,0.0,13.0,2.5,65.0
La Paz - Centro,2026-07-27 09:00:00,101,56.0,0.0,18.0,4.5,52.0
La Paz - Centro,2026-07-27 09:00:00,104,56.0,0.0,14.0,3.5,45.0
La Paz - Centro,2026-07-27 09:00:00,107,36.0,0.0,9.0,2.6,35.0
La Paz - Centro,2026-07-27 09:00:00,110,36.0,0.0,8.0,1.6,330.0
La Paz - Centro,2026-07-27 09:00:00,113,36.0,0.0,7.0,0.6,261.0
La Paz - Centro,2026-07-27 12:00:00,14,,,4.0,,
La Paz - Centro,2026-07-27 12:00:00,17,,,4.0,,
La Paz - Centro,2026-07-27 12:00:00,26,,,21.0,,
La Paz - Centro,2026-07-27 12:00:00,29,,,21.0,,
La Paz - Centro,2026-07-27 12:00:00,32,,,16.0,,
La Paz - Centro,2026-07-27 12:00:00,68,,,9.0,,
La Paz - Centro,2026-07-27 12:00:00,71,,,13.0,,
La Paz - Centro,2026-07-27 12:00:00,80,,,14.0,,
La Paz - Centro,2026-07-27 12:00:00,83,,,9.0,,
La Paz - Centro,2026-07-27 12:00:00,89,,,5.0,,
La Paz - Centro,2026-07-27 12:00:00,98,,,20.0,,
La Paz - Centro,2026-07-27 12:00:00,101,,,20.0,,
La Paz - Centro,2026-07-27 12:00:00,104,,,10.0,,
La Paz - Centro,2026-07-27 12:00:00,107,,,5.0,,
La Paz - Centro,2026-07-27 12:00:00,110,,,5.0,,
Laguna Colorada (GPRS),2026-07-27 09:00:00,5,25.0,0.0,10.0,7.5,260.0
Laguna Colorada (GPRS),2026-07-27 09:00:00,8,26.0,0.0,10.0,5.2,260.0
Laguna Colorada (GPRS),2026-07-27 09:00:00,11,25.0,0.0,-2.0,2.9,253.0
Laguna Colorada (GPRS),2026-07-27 09:00:00,14,26.0,0.0,-9.0,2.6,260.0
Laguna Colorada (GPRS),2026-07-27 09:00:00,17,26.0,0.0,-16.0,2.2,260.0
Laguna Colorada (GPRS),2026-07-27 09:00:00,20,26.0,0.0,-16.0,2.1,297.0
Laguna Colorada (GPRS),2026-07-27 09:00:00,23,26.0,0.0,-4.0,2.1,300.0
Laguna Colorada (GPRS),2026-07-27 09:00:00,26,25.0,0.0,-1.0,7.2,290.0
Laguna Colorada (GPRS),2026-07-27 09:00:00,29,26.0,0.0,11.0,12.4,270.0
Laguna Colorada (GPRS),2026-07-27 09:00:00,32,26.0,0.0,11.0,7.3,253.0
Laguna Colorada (GPRS),2026-07-27 09:00:00,35,26.0,0.0,-4.0,2.1,227.0
Laguna Colorada (GPRS),2026-07-27 09:00:00,38,26.0,0.0,-10.0,1.9,268.0
Laguna Colorada (GPRS),2026-07-27 09:00:00,41,26.0,0.0,-15.0,1.6,303.0
Laguna Colorada (GPRS),2026-07-27 09:00:00,44,26.0,0.0,-15.0,1.7,332.0
Laguna Colorada (GPRS),2026-07-27 09:00:00,47,26.0,0.0,-4.0,1.6,322.0
Laguna Colorada (GPRS),2026-07-27 09:00:00,50,26.0,0.0,1.0,4.1,297.0
Laguna Colorada (GPRS),2026-07-27 09:00:00,53,26.0,0.0,10.0,6.6,273.0
Laguna Colorada (GPRS),2026-07-27 09:00:00,56,26.0,0.0,10.0,4.2,256.0
Laguna Colorada (GPRS),2026-07-27 09:00:00,59,26.0,0.0,3.0,1.9,228.0
Laguna Colorada (GPRS),2026-07-27 09:00:00,62,26.0,0.0,-3.0,1.8,261.0
Laguna Colorada (GPRS),2026-07-27 09:00:00,65,26.0,0.0,-15.0,1.7,293.0
Laguna Colorada (GPRS),2026-07-27 09:00:00,68,26.0,0.0,-15.0,1.5,237.0
Laguna Colorada (GPRS),2026-07-27 09:00:00,71,26.0,0.0,-2.0,1.2,210.0
Laguna Colorada (GPRS),2026-07-27 09:00:00,74,26.0,0.0,2.0,2.4,257.0
Laguna Colorada (GPRS),2026-07-27 09:00:00,77,26.0,0.0,11.0,3.6,296.0
Laguna Colorada (GPRS),2026-07-27 09:00:00,80,26.0,0.0,11.0,2.8,265.0
Laguna Colorada (GPRS),2026-07-27 09:00:00,83,26.0,0.0,-1.0,1.9,228.0
Laguna Colorada (GPRS),2026-07-27 09:00:00,86,26.0,0.0,-15.0,2.1,238.0
Laguna Colorada (GPRS),2026-07-27 09:00:00,89,25.0,0.0,-15.0,2.3,246.0
Laguna Colorada (GPRS),2026-07-27 09:00:00,92,26.0,0.0,-3.0,2.2,271.0
Laguna Colorada (GPRS),2026-07-27 09:00:00,95,26.0,0.0,-3.0,1.7,285.0
Laguna Colorada (GPRS),2026-07-27 09:00:00,98,26.0,0.0,1.0,6.5,278.0
Laguna Colorada (GPRS),2026-07-27 09:00:00,101,26.0,0.0,5.0,11.3,270.0
Laguna Colorada (GPRS),2026-07-27 09:00:00,104,26.0,0.0,1.0,7.0,297.0
Laguna Colorada (GPRS),2026-07-27 09:00:00,107,26.0,0.0,-2.0,2.6,314.0
Laguna Colorada (GPRS),2026-07-27 09:00:00,110,26.0,0.0,-3.0,2.0,344.0
Laguna Colorada (GPRS),2026-07-27 09:00:00,113,26.0,0.0,-5.0,1.3,13.0
Laguna Colorada (GPRS),2026-07-27 12:00:00,14,,,-13.0,,
Laguna Colorada (GPRS),2026-07-27 12:00:00,17,,,-13.0,,
Laguna Colorada (GPRS),2026-07-27 12:00:00,26,,,12.0,,
Laguna Colorada (GPRS),2026-07-27 12:00:00,29,,,12.0,,
Laguna Colorada (GPRS),2026-07-27 12:00:00,38,,,-13.0,,
Laguna Colorada (GPRS),2026-07-27 12:00:00,41,,,-13.0,,
Laguna Colorada (GPRS),2026-07-27 12:00:00,50,,,12.0,,
Laguna Colorada (GPRS),2026-07-27 12:00:00,53,,,12.0,,
Laguna Colorada (GPRS),2026-07-27 12:00:00,62,,,-13.0,,
Laguna Colorada (GPRS),2026-07-27 12:00:00,65,,,-13.0,,
Laguna Colorada (GPRS),2026-07-27 12:00:00,74,,,12.0,,
Laguna Colorada (GPRS),2026-07-27 12:00:00,77,,,12.0,,
Laguna Colorada (GPRS),2026-07-27 12:00:00,83,,,-9.0,,
Laguna Colorada (GPRS),2026-07-27 12:00:00,86,,,-14.0,,
Laguna Colorada (GPRS),2026-07-27 12:00:00,89,,,-14.0,,
Laguna Colorada (GPRS),2026-07-27 12:00:00,98,,,12.0,,
Laguna Colorada (GPRS),2026-07-27 12:00:00,101,,,12.0,,
Laguna Colorada (GPRS),2026-07-27 12:00:00,107,,,-14.0,,
Laguna Colorada (GPRS),2026-07-27 12:00:00,110,,,-14.0,,
Magdalena,2026-07-27 09:00:00,5,36.0,0.0,34.0,5.0,310.0
Magdalena,2026-07-27 09:00:00,8,36.0,0.0,34.0,4.5,335.0
Magdalena,2026-07-27 09:00:00,11,36.0,0.0,29.0,3.9,350.0
Magdalena,2026-07-27 09:00:00,14,37.0,0.0,24.0,3.4,355.0
Magdalena,2026-07-27 09:00:00,17,26.0,0.0,22.0,2.9,350.0
Magdalena,2026-07-27 09:00:00,20,26.0,0.0,22.0,3.4,320.0
Magdalena,2026-07-27 09:00:00,23,26.0,0.0,24.0,3.7,330.0
Magdalena,2026-07-27 09:00:00,26,26.0,0.0,28.0,4.9,330.0
Magdalena,2026-07-27 09:00:00,29,36.0,0.0,34.0,6.1,320.0
Magdalena,2026-07-27 09:00:00,32,36.0,0.0,34.0,4.8,330.0
Magdalena,2026-07-27 09:00:00,35,26.0,0.0,29.0,3.5,340.0
Magdalena,2026-07-27 09:00:00,38,26.0,0.0,25.0,4.0,342.0
Magdalena,2026-07-27 09:00:00,41,27.0,0.0,22.0,4.5,342.0
Magdalena,2026-07-27 09:00:00,44,37.0,0.0,22.0,3.4,323.0
Magdalena,2026-07-27 09:00:00,47,36.0,0.0,25.0,3.8,333.0
Magdalena,2026-07-27 09:00:00,50,36.0,0.0,29.0,4.5,323.0
Magdalena,2026-07-27 09:00:00,53,36.0,0.0,34.0,5.1,313.0
Magdalena,2026-07-27 09:00:00,56,37.0,0.0,34.0,3.8,334.0
Magdalena,2026-07-27 09:00:00,59,36.0,0.0,29.0,2.6,352.0
Magdalena,2026-07-27 09:00:00,62,36.0,0.0,24.0,2.8,339.0
Magdalena,2026-07-27 09:00:00,65,36.0,0.0,22.0,2.9,325.0
Magdalena,2026-07-27 09:00:00,68,36.0,0.0,22.0,2.0,357.0
Magdalena,2026-07-27 09:00:00,71,36.0,0.0,26.0,2.2,4.0
Magdalena,2026-07-27 09:00:00,74,36.0,0.0,27.0,2.8,320.0
Magdalena,2026-07-27 09:00:00,77,56.0,0.0,33.0,3.2,270.0
Magdalena,2026-07-27 09:00:00,80,56.0,0.0,33.0,2.5,340.0
Magdalena,2026-07-27 09:00:00,83,56.0,0.0,29.0,1.8,40.0
Magdalena,2026-07-27 09:00:00,86,56.0,0.0,22.0,2.2,360.0
Magdalena,2026-07-27 09:00:00,89,36.0,0.0,22.0,2.5,320.0
Magdalena,2026-07-27 09:00:00,92,36.0,0.0,26.0,2.9,350.0
Magdalena,2026-07-27 09:00:00,95,36.0,0.0,27.0,3.0,20.0
Magdalena,2026-07-27 09:00:00,98,36.0,0.0,32.0,3.4,336.0
Magdalena,2026-07-27 09:00:00,101,36.0,0.0,38.0,3.8,286.0
Magdalena,2026-07-27 09:00:00,104,36.0,0.0,32.0,3.9,338.0
Magdalena,2026-07-27 09:00:00,107,26.0,0.0,27.0,4.0,22.0
Magdalena,2026-07-27 09:00:00,110,26.0,0.0,26.0,3.3,2.0
Magdalena,2026-07-27 09:00:00,113,36.0,0.0,25.0,2.5,340.0
Magdalena,2026-07-27 12:00:00,23,,,29.0,,
Magdalena,2026-07-27 12:00:00,26,,,33.0,,
Magdalena,2026-07-27 12:00:00,29,,,33.0,,
Magdalena,2026-07-27 12:00:00,38,,,23.0,,
Magdalena,2026-07-27 12:00:00,41,,,23.0,,
Magdalena,2026-07-27 12:00:00,59,,,26.0,,
Magdalena,2026-07-27 12:00:00,62,,,24.0,,
Magdalena,2026-07-27 12:00:00,65,,,24.0,,
Magdalena,2026-07-27 12:00:00,68,,,27.0,,
Magdalena,2026-07-27 12:00:00,71,,,31.0,,
Magdalena,2026-07-27 12:00:00,74,,,34.0,,
Magdalena,2026-07-27 12:00:00,77,,,34.0,,
Magdalena,2026-07-27 12:00:00,83,,,26.0,,
Magdalena,2026-07-27 12:00:00,86,,,23.0,,
Magdalena,2026-07-27 12:00:00,89,,,23.0,,
Magdalena,2026-07-27 12:00:00,95,,,30.0,,
Magdalena,2026-07-27 12:00:00,98,,,34.0,,
Magdalena,2026-07-27 12:00:00,101,,,34.0,,
Magdalena,2026-07-27 12:00:00,107,,,23.0,,
Magdalena,2026-07-27 12:00:00,110,,,23.0,,
Mecapaca,2026-07-27 09:00:00,5,26.0,0.0,24.0,3.7,90.0
Mecapaca,2026-07-27 09:00:00,8,26.0,0.0,24.0,3.3,79.0
Mecapaca,2026-07-27 09:00:00,11,36.0,0.0,19.0,3.0,63.0
Mecapaca,2026-07-27 09:00:00,14,37.0,0.0,15.0,1.9,348.0
Mecapaca,2026-07-27 09:00:00,17,26.0,0.0,6.0,0.8,253.0
Mecapaca,2026-07-27 09:00:00,20,26.0,0.0,6.0,1.0,238.0
Mecapaca,2026-07-27 09:00:00,23,25.0,0.0,12.0,1.5,293.0
Mecapaca,2026-07-27 09:00:00,26,26.0,0.0,17.0,1.7,306.0
Mecapaca,2026-07-27 09:00:00,29,36.0,0.0,25.0,1.9,314.0
Mecapaca,2026-07-27 09:00:00,32,36.0,0.0,25.0,2.3,11.0
Mecapaca,2026-07-27 09:00:00,35,26.0,0.0,16.0,2.7,68.0
Mecapaca,2026-07-27 09:00:00,38,25.0,0.0,12.0,1.8,100.0
Mecapaca,2026-07-27 09:00:00,41,26.0,0.0,6.0,0.8,123.0
Mecapaca,2026-07-27 09:00:00,44,26.0,0.0,6.0,1.0,82.0
Mecapaca,2026-07-27 09:00:00,47,26.0,0.0,11.0,0.7,293.0
Mecapaca,2026-07-27 09:00:00,50,26.0,0.0,17.0,2.0,13.0
Mecapaca,2026-07-27 09:00:00,53,26.0,0.0,24.0,3.2,93.0
Mecapaca,2026-07-27 09:00:00,56,26.0,0.0,24.0,3.1,83.0
Mecapaca,2026-07-27 09:00:00,59,26.0,0.0,16.0,3.0,64.0
Mecapaca,2026-07-27 09:00:00,62,25.0,0.0,11.0,2.3,88.0
Mecapaca,2026-07-27 09:00:00,65,26.0,0.0,5.0,1.4,101.0
Mecapaca,2026-07-27 09:00:00,68,26.0,0.0,4.0,1.4,98.0
Mecapaca,2026-07-27 09:00:00,71,26.0,0.0,8.0,1.4,93.0
Mecapaca,2026-07-27 09:00:00,74,26.0,0.0,9.0,2.9,93.0
Mecapaca,2026-07-27 09:00:00,77,36.0,0.0,24.0,4.5,83.0
Mecapaca,2026-07-27 09:00:00,80,36.0,0.0,24.0,3.7,78.0
Mecapaca,2026-07-27 09:00:00,83,26.0,0.0,8.0,3.0,68.0
Mecapaca,2026-07-27 09:00:00,86,26.0,0.0,5.0,2.2,353.0
Mecapaca,2026-07-27 09:00:00,89,36.0,0.0,4.0,1.4,271.0
Mecapaca,2026-07-27 09:00:00,92,36.0,0.0,5.0,0.7,327.0
Mecapaca,2026-07-27 09:00:00,95,36.0,0.0,6.0,0.3,21.0
Mecapaca,2026-07-27 09:00:00,98,36.0,0.0,10.0,2.1,64.0
Mecapaca,2026-07-27 09:00:00,101,57.0,0.0,14.0,3.9,103.0
Mecapaca,2026-07-27 09:00:00,104,56.0,0.0,11.0,3.2,88.0
Mecapaca,2026-07-27 09:00:00,107,36.0,0.0,8.0,2.5,63.0
Mecapaca,2026-07-27 09:00:00,110,36.0,0.0,6.0,1.5,128.0
Mecapaca,2026-07-27 09:00:00,113,36.0,0.0,4.0,0.5,188.0
Mecapaca,2026-07-27 12:00:00,14,,,7.0,,
Mecapaca,2026-07-27 12:00:00,17,,,7.0,,
Mecapaca,2026-07-27 12:00:00,38,,,7.0,,
Mecapaca,2026-07-27 12:00:00,41,,,7.0,,
Mecapaca,2026-07-27 12:00:00,50,,,25.0,,
Mecapaca,2026-07-27 12:00:00,53,,,25.0,,
Mecapaca,2026-07-27 12:00:00,56,,,19.0,,
Mecapaca,2026-07-27 12:00:00,59,,,13.0,,
Mecapaca,2026-07-27 12:00:00,62,,,8.0,,
Mecapaca,2026-07-27 12:00:00,65,,,8.0,,
Mecapaca,2026-07-27 12:00:00,68,,,13.0,,
Mecapaca,2026-07-27 12:00:00,71,,,17.0,,
Mecapaca,2026-07-27 12:00:00,80,,,16.0,,
Mecapaca,2026-07-27 12:00:00,83,,,12.0,,
Mecapaca,2026-07-27 12:00:00,86,,,8.0,,
Mecapaca,2026-07-27 12:00:00,89,,,8.0,,
Mecapaca,2026-07-27 12:00:00,92,,,11.0,,
Mecapaca,2026-07-27 12:00:00,95,,,18.0,,
Mecapaca,2026-07-27 12:00:00,98,,,24.0,,
Mecapaca,2026-07-27 12:00:00,101,,,24.0,,
Mecapaca,2026-07-27 12:00:00,104,,,13.0,,
Mecapaca,2026-07-27 12:00:00,107,,,8.0,,
Mecapaca,2026-07-27 12:00:00,110,,,8.0,,
Misicuni-Sivingani,2026-07-27 09:00:00,5,27.0,0.0,13.0,6.5,320.0
Misicuni-Sivingani,2026-07-27 09:00:00,8,26.0,0.0,13.0,5.9,328.0
Misicuni-Sivingani,2026-07-27 09:00:00,11,26.0,0.0,9.0,5.1,328.0
Misicuni-Sivingani,2026-07-27 09:00:00,14,26.0,0.0,4.0,5.0,328.0
Misicuni-Sivingani,2026-07-27 09:00:00,17,26.0,0.0,-1.0,4.9,318.0
Misicuni-Sivingani,2026-07-27 09:00:00,20,26.0,0.0,-1.0,4.2,328.0
Misicuni-Sivingani,2026-07-27 09:00:00,23,26.0,0.0,4.0,3.6,326.0
Misicuni-Sivingani,2026-07-27 09:00:00,26,26.0,0.0,8.0,4.6,321.0
Misicuni-Sivingani,2026-07-27 09:00:00,29,36.0,0.0,13.0,5.5,313.0
Misicuni-Sivingani,2026-07-27 09:00:00,32,36.0,0.0,13.0,5.5,321.0
Misicuni-Sivingani,2026-07-27 09:00:00,35,36.0,0.0,8.0,5.4,328.0
Misicuni-Sivingani,2026-07-27 09:00:00,38,36.0,0.0,3.0,4.2,318.0
Misicuni-Sivingani,2026-07-27 09:00:00,41,36.0,0.0,-1.0,2.9,308.0
Misicuni-Sivingani,2026-07-27 09:00:00,44,27.0,0.0,-1.0,3.0,326.0
Misicuni-Sivingani,2026-07-27 09:00:00,47,26.0,0.0,3.0,2.9,326.0
Misicuni-Sivingani,2026-07-27 09:00:00,50,26.0,0.0,8.0,3.5,321.0
Misicuni-Sivingani,2026-07-27 09:00:00,53,26.0,0.0,14.0,4.2,315.0
Misicuni-Sivingani,2026-07-27 09:00:00,56,26.0,0.0,14.0,4.0,323.0
Misicuni-Sivingani,2026-07-27 09:00:00,59,26.0,0.0,9.0,3.9,328.0
Misicuni-Sivingani,2026-07-27 09:00:00,62,26.0,0.0,4.0,3.3,327.0
Misicuni-Sivingani,2026-07-27 09:00:00,65,26.0,0.0,-2.0,2.6,317.0
Misicuni-Sivingani,2026-07-27 09:00:00,68,26.0,0.0,-2.0,2.6,325.0
Misicuni-Sivingani,2026-07-27 09:00:00,71,25.0,0.0,7.0,2.6,327.0
Misicuni-Sivingani,2026-07-27 09:00:00,74,27.0,0.0,11.0,3.4,321.0
Misicuni-Sivingani,2026-07-27 09:00:00,77,26.0,0.0,14.0,4.2,314.0
Misicuni-Sivingani,2026-07-27 09:00:00,80,26.0,0.0,14.0,4.3,322.0
Misicuni-Sivingani,2026-07-27 09:00:00,83,26.0,0.0,8.0,4.4,329.0
Misicuni-Sivingani,2026-07-27 09:00:00,86,26.0,0.0,-2.0,3.9,329.0
Misicuni-Sivingani,2026-07-27 09:00:00,89,35.0,0.0,-2.0,3.4,326.0
Misicuni-Sivingani,2026-07-27 09:00:00,92,35.0,0.0,6.0,3.6,326.0
Misicuni-Sivingani,2026-07-27 09:00:00,95,36.0,0.0,6.0,3.7,318.0
Misicuni-Sivingani,2026-07-27 09:00:00,98,36.0,0.0,11.0,4.6,321.0
Misicuni-Sivingani,2026-07-27 09:00:00,101,56.0,0.0,16.0,5.6,323.0
Misicuni-Sivingani,2026-07-27 09:00:00,104,56.0,0.0,12.0,5.3,322.0
Misicuni-Sivingani,2026-07-27 09:00:00,107,56.0,0.0,9.0,5.0,319.0
Misicuni-Sivingani,2026-07-27 09:00:00,110,56.0,0.0,7.0,3.9,319.0
Misicuni-Sivingani,2026-07-27 09:00:00,113,37.0,0.0,6.0,2.8,316.0
Misicuni-Sivingani,2026-07-27 12:00:00,26,,,14.0,,
Misicuni-Sivingani,2026-07-27 12:00:00,29,,,14.0,,
Misicuni-Sivingani,2026-07-27 12:00:00,38,,,-2.0,,
Misicuni-Sivingani,2026-07-27 12:00:00,41,,,-2.0,,
Misicuni-Sivingani,2026-07-27 12:00:00,44,,,4.0,,
Misicuni-Sivingani,2026-07-27 12:00:00,50,,,13.0,,
Misicuni-Sivingani,2026-07-27 12:00:00,53,,,13.0,,
Misicuni-Sivingani,2026-07-27 12:00:00,62,,,-1.0,,
Misicuni-Sivingani,2026-07-27 12:00:00,65,,,-1.0,,
Misicuni-Sivingani,2026-07-27 12:00:00,71,,,12.0,,
Misicuni-Sivingani,2026-07-27 12:00:00,80,,,9.0,,
Misicuni-Sivingani,2026-07-27 12:00:00,83,,,4.0,,
Misicuni-Sivingani,2026-07-27 12:00:00,86,,,-1.0,,
Misicuni-Sivingani,2026-07-27 12:00:00,89,,,-1.0,,
Misicuni-Sivingani,2026-07-27 12:00:00,92,,,7.0,,
Misicuni-Sivingani,2026-07-27 12:00:00,101,,,16.0,,
Misicuni-Sivingani,2026-07-27 12:00:00,107,,,-1.0,,
Misicuni-Sivingani,2026-07-27 12:00:00,110,,,-1.0,,
Mizque,2026-07-27 09:00:00,5,36.0,0.0,29.0,5.3,20.0
Mizque,2026-07-27 09:00:00,8,35.0,0.0,29.0,3.7,18.0
Mizque,2026-07-27 09:00:00,11,26.0,0.0,18.0,2.1,7.0
Mizque,2026-07-27 09:00:00,14,26.0,0.0,12.0,2.0,347.0
Mizque,2026-07-27 09:00:00,17,27.0,0.0,4.0,1.9,320.0
Mizque,2026-07-27 09:00:00,20,27.0,0.0,4.0,2.3,337.0
Mizque,2026-07-27 09:00:00,23,26.0,0.0,15.0,2.2,327.0
Mizque,2026-07-27 09:00:00,26,26.0,0.0,20.0,3.6,358.0
Mizque,2026-07-27 09:00:00,29,36.0,0.0,30.0,5.0,28.0
Mizque,2026-07-27 09:00:00,32,36.0,0.0,30.0,3.4,27.0
Mizque,2026-07-27 09:00:00,35,26.0,0.0,15.0,1.8,20.0
Mizque,2026-07-27 09:00:00,38,25.0,0.0,8.0,1.5,350.0
Mizque,2026-07-27 09:00:00,41,26.0,0.0,4.0,1.3,317.0
Mizque,2026-07-27 09:00:00,44,26.0,0.0,4.0,1.5,318.0
Mizque,2026-07-27 09:00:00,47,26.0,0.0,15.0,1.4,300.0
Mizque,2026-07-27 09:00:00,50,25.0,0.0,21.0,2.5,360.0
Mizque,2026-07-27 09:00:00,53,26.0,0.0,30.0,3.7,60.0
Mizque,2026-07-27 09:00:00,56,26.0,0.0,30.0,2.8,50.0
Mizque,2026-07-27 09:00:00,59,26.0,0.0,24.0,1.8,37.0
Mizque,2026-07-27 09:00:00,62,27.0,0.0,14.0,1.3,47.0
Mizque,2026-07-27 09:00:00,65,36.0,0.0,2.0,0.8,57.0
Mizque,2026-07-27 09:00:00,68,36.0,0.0,2.0,0.9,7.0
Mizque,2026-07-27 09:00:00,71,36.0,0.0,14.0,1.0,318.0
Mizque,2026-07-27 09:00:00,74,36.0,0.0,19.0,2.6,8.0
Mizque,2026-07-27 09:00:00,77,35.0,0.0,29.0,4.2,50.0
Mizque,2026-07-27 09:00:00,80,36.0,0.0,29.0,3.0,40.0
Mizque,2026-07-27 09:00:00,83,36.0,0.0,15.0,1.8,20.0
Mizque,2026-07-27 09:00:00,86,37.0,0.0,2.0,1.6,350.0
Mizque,2026-07-27 09:00:00,89,36.0,0.0,2.0,1.4,318.0
Mizque,2026-07-27 09:00:00,92,36.0,0.0,14.0,1.6,330.0
Mizque,2026-07-27 09:00:00,95,37.0,0.0,15.0,1.5,320.0
Mizque,2026-07-27 09:00:00,98,36.0,0.0,21.0,3.8,357.0
Mizque,2026-07-27 09:00:00,101,56.0,0.0,26.0,6.0,27.0
Mizque,2026-07-27 09:00:00,104,56.0,0.0,21.0,4.2,20.0
Mizque,2026-07-27 09:00:00,107,36.0,0.0,16.0,2.4,10.0
Mizque,2026-07-27 09:00:00,110,36.0,0.0,14.0,2.0,340.0
Mizque,2026-07-27 09:00:00,113,35.0,0.0,13.0,1.7,310.0
Mizque,2026-07-27 12:00:00,14,,,3.0,,
Mizque,2026-07-27 12:00:00,17,,,3.0,,
Mizque,2026-07-27 12:00:00,38,,,3.0,,
Mizque,2026-07-27 12:00:00,41,,,3.0,,
Mizque,2026-07-27 12:00:00,62,,,3.0,,
Mizque,2026-07-27 12:00:00,65,,,3.0,,
Mizque,2026-07-27 12:00:00,68,,,11.0,,
Mizque,2026-07-27 12:00:00,74,,,31.0,,
Mizque,2026-07-27 12:00:00,77,,,31.0,,
Mizque,2026-07-27 12:00:00,83,,,9.0,,
Mizque,2026-07-27 12:00:00,86,,,3.0,,
Mizque,2026-07-27 12:00:00,89,,,3.0,,
Mizque,2026-07-27 12:00:00,98,,,32.0,,
Mizque,2026-07-27 12:00:00,101,,,32.0,,
Mizque,2026-07-27 12:00:00,107,,,3.0,,
Mizque,2026-07-27 12:00:00,110,,,3.0,,
Monteagudo,2026-07-27 09:00:00,5,36.0,0.0,30.0,3.9,61.0
Monteagudo,2026-07-27 09:00:00,8,37.0,0.0,30.0,2.4,80.0
Monteagudo,2026-07-27 09:00:00,11,37.0,0.0,23.0,0.9,217.0
Monteagudo,2026-07-27 09:00:00,14,36.0,0.0,19.0,1.0,260.0
Monteagudo,2026-07-27 09:00:00,17,37.0,0.0,15.0,1.2,276.0
Monteagudo,2026-07-27 09:00:00,20,37.0,0.0,15.0,1.0,287.0
Monteagudo,2026-07-27 09:00:00,23,37.0,0.0,18.0,0.9,287.0
Monteagudo,2026-07-27 09:00:00,26,37.0,0.0,23.0,2.3,359.0
Monteagudo,2026-07-27 09:00:00,29,26.0,0.0,30.0,3.7,68.0
Monteagudo,2026-07-27 09:00:00,32,26.0,0.0,30.0,2.5,143.0
Monteagudo,2026-07-27 09:00:00,35,26.0,0.0,21.0,1.3,219.0
Monteagudo,2026-07-27 09:00:00,38,27.0,0.0,17.0,1.4,243.0
Monteagudo,2026-07-27 09:00:00,41,26.0,0.0,14.0,1.4,259.0
Monteagudo,2026-07-27 09:00:00,44,36.0,0.0,14.0,1.2,277.0
Monteagudo,2026-07-27 09:00:00,47,37.0,0.0,19.0,0.9,277.0
Monteagudo,2026-07-27 09:00:00,50,36.0,0.0,23.0,2.3,4.0
Monteagudo,2026-07-27 09:00:00,53,36.0,0.0,29.0,3.7,83.0
Monteagudo,2026-07-27 09:00:00,56,36.0,0.0,29.0,2.9,164.0
Monteagudo,2026-07-27 09:00:00,59,56.0,0.0,22.0,2.1,238.0
Monteagudo,2026-07-27 09:00:00,62,56.0,0.0,17.0,1.6,248.0
Monteagudo,2026-07-27 09:00:00,65,56.0,0.0,15.0,1.1,258.0
Monteagudo,2026-07-27 09:00:00,68,56.0,0.0,15.0,1.0,289.0
Monteagudo,2026-07-27 09:00:00,71,56.0,0.0,18.0,0.8,325.0
Monteagudo,2026-07-27 09:00:00,74,56.0,0.0,23.0,2.5,13.0
Monteagudo,2026-07-27 09:00:00,77,76.0,1.1,28.0,4.1,56.0
Monteagudo,2026-07-27 09:00:00,80,76.0,1.0,28.0,2.7,124.0
Monteagudo,2026-07-27 09:00:00,83,56.0,0.0,19.0,1.2,183.0
Monteagudo,2026-07-27 09:00:00,86,56.0,0.0,15.0,1.2,233.0
Monteagudo,2026-07-27 09:00:00,89,36.0,0.0,15.0,1.2,275.0
Monteagudo,2026-07-27 09:00:00,92,36.0,0.0,18.0,1.6,322.0
Monteagudo,2026-07-27 09:00:00,95,36.0,0.0,19.0,2.0,343.0
Monteagudo,2026-07-27 09:00:00,98,36.0,0.0,27.0,3.8,10.0
Monteagudo,2026-07-27 09:00:00,101,36.0,0.0,34.0,5.7,35.0
Monteagudo,2026-07-27 09:00:00,104,36.0,0.0,28.0,4.3,20.0
Monteagudo,2026-07-27 09:00:00,107,36.0,0.0,22.0,2.9,3.0
Monteagudo,2026-07-27 09:00:00,110,36.0,0.0,19.0,2.4,345.0
Monteagudo,2026-07-27 09:00:00,113,36.0,0.0,16.0,1.8,317.0
Monteagudo,2026-07-27 12:00:00,14,,,17.0,,
Monteagudo,2026-07-27 12:00:00,17,,,17.0,,
Monteagudo,2026-07-27 12:00:00,20,,,20.0,,
Monteagudo,2026-07-27 12:00:00,23,,,24.0,,
Monteagudo,2026-07-27 12:00:00,26,,,32.0,,
Monteagudo,2026-07-27 12:00:00,29,,,32.0,,
Monteagudo,2026-07-27 12:00:00,32,,,24.0,,
Monteagudo,2026-07-27 12:00:00,35,,,20.0,,
Monteagudo,2026-07-27 12:00:00,38,,,17.0,,
Monteagudo,2026-07-27 12:00:00,41,,,17.0,,
Monteagudo,2026-07-27 12:00:00,50,,,30.0,,
Monteagudo,2026-07-27 12:00:00,53,,,30.0,,
Monteagudo,2026-07-27 12:00:00,56,,,24.0,,
Monteagudo,2026-07-27 12:00:00,59,,,21.0,,
Monteagudo,2026-07-27 12:00:00,62,,,18.0,,
Monteagudo,2026-07-27 12:00:00,65,,,18.0,,
Monteagudo,2026-07-27 12:00:00,68,,,20.0,,
Monteagudo,2026-07-27 12:00:00,71,,,24.0,,
Monteagudo,2026-07-27 12:00:00,80,,,25.0,,
Monteagudo,2026-07-27 12:00:00,83,,,23.0,,
Monteagudo,2026-07-27 12:00:00,86,,,20.0,,
Monteagudo,2026-07-27 12:00:00,89,,,20.0,,
Monteagudo,2026-07-27 12:00:00,92,,,23.0,,
Monteagudo,2026-07-27 12:00:00,95,,,26.0,,
Monteagudo,2026-07-27 12:00:00,98,,,30.0,,
Monteagudo,2026-07-27 12:00:00,101,,,30.0,,
Monteagudo,2026-07-27 12:00:00,104,,,25.0,,
Monteagudo,2026-07-27 12:00:00,107,,,20.0,,
Monteagudo,2026-07-27 12:00:00,110,,,19.0,,
Orinoca,2026-07-27 09:00:00,5,26.0,0.0,17.0,4.2,273.0
Orinoca,2026-07-27 09:00:00,8,25.0,0.0,17.0,5.0,242.0
Orinoca,2026-07-27 09:00:00,11,26.0,0.0,9.0,5.8,210.0
Orinoca,2026-07-27 09:00:00,14,26.0,0.0,3.0,3.5,298.0
Orinoca,2026-07-27 09:00:00,17,26.0,0.0,-6.0,1.2,18.0
Orinoca,2026-07-27 09:00:00,20,26.0,0.0,-6.0,1.5,323.0
Orinoca,2026-07-27 09:00:00,23,26.0,0.0,5.0,1.8,332.0
Orinoca,2026-07-27 09:00:00,26,27.0,0.0,10.0,5.2,312.0
Orinoca,2026-07-27 09:00:00,29,26.0,0.0,16.0,8.6,282.0
Orinoca,2026-07-27 09:00:00,32,26.0,0.0,16.0,7.4,260.0
Orinoca,2026-07-27 09:00:00,35,27.0,0.0,10.0,6.1,230.0
Orinoca,2026-07-27 09:00:00,38,26.0,0.0,4.0,3.7,278.0
Orinoca,2026-07-27 09:00:00,41,26.0,0.0,-5.0,1.3,323.0
Orinoca,2026-07-27 09:00:00,44,26.0,0.0,-5.0,1.4,245.0
Orinoca,2026-07-27 09:00:00,47,27.0,0.0,3.0,1.6,236.0
Orinoca,2026-07-27 09:00:00,50,26.0,0.0,8.0,1.9,270.0
Orinoca,2026-07-27 09:00:00,53,26.0,0.0,17.0,2.0,303.0
Orinoca,2026-07-27 09:00:00,56,26.0,0.0,17.0,2.3,21.0
Orinoca,2026-07-27 09:00:00,59,25.0,0.0,11.0,2.5,112.0
Orinoca,2026-07-27 09:00:00,62,27.0,0.0,6.0,2.1,160.0
Orinoca,2026-07-27 09:00:00,65,25.0,0.0,-5.0,1.7,204.0
Orinoca,2026-07-27 09:00:00,68,26.0,0.0,-5.0,1.5,222.0
Orinoca,2026-07-27 09:00:00,71,26.0,0.0,5.0,0.9,215.0
Orinoca,2026-07-27 09:00:00,74,26.0,0.0,9.0,1.4,288.0
Orinoca,2026-07-27 09:00:00,77,25.0,0.0,17.0,2.0,354.0
Orinoca,2026-07-27 09:00:00,80,26.0,0.0,17.0,2.5,2.0
Orinoca,2026-07-27 09:00:00,83,26.0,0.0,10.0,3.1,176.0
Orinoca,2026-07-27 09:00:00,86,26.0,0.0,-5.0,2.7,230.0
Orinoca,2026-07-27 09:00:00,89,26.0,0.0,-5.0,2.2,280.0
Orinoca,2026-07-27 09:00:00,92,27.0,0.0,6.0,1.9,312.0
Orinoca,2026-07-27 09:00:00,95,27.0,0.0,5.0,1.6,322.0
Orinoca,2026-07-27 09:00:00,98,26.0,0.0,10.0,2.1,285.0
Orinoca,2026-07-27 09:00:00,101,36.0,0.0,14.0,2.7,245.0
Orinoca,2026-07-27 09:00:00,104,35.0,0.0,11.0,3.7,235.0
Orinoca,2026-07-27 09:00:00,107,36.0,0.0,9.0,4.7,220.0
Orinoca,2026-07-27 09:00:00,110,36.0,0.0,6.0,3.1,298.0
Orinoca,2026-07-27 09:00:00,113,35.0,0.0,3.0,1.5,16.0
Orinoca,2026-07-27 12:00:00,26,,,20.0,,
Orinoca,2026-07-27 12:00:00,29,,,20.0,,
Orinoca,2026-07-27 12:00:00,38,,,-6.0,,
Orinoca,2026-07-27 12:00:00,41,,,-6.0,,
Orinoca,2026-07-27 12:00:00,50,,,18.0,,
Orinoca,2026-07-27 12:00:00,53,,,18.0,,
Orinoca,2026-07-27 12:00:00,62,,,-6.0,,
Orinoca,2026-07-27 12:00:00,65,,,-6.0,,
Orinoca,2026-07-27 12:00:00,74,,,18.0,,
Orinoca,2026-07-27 12:00:00,77,,,18.0,,
Orinoca,2026-07-27 12:00:00,83,,,3.0,,
Orinoca,2026-07-27 12:00:00,89,,,-5.0,,
Orinoca,2026-07-27 12:00:00,98,,,16.0,,
Orinoca,2026-07-27 12:00:00,101,,,16.0,,
Orinoca,2026-07-27 12:00:00,107,,,-5.0,,
Orinoca,2026-07-27 12:00:00,110,,,-5.0,,
Oruro - Aeropuerto,2026-07-27 09:00:00,5,26.0,0.0,19.0,6.7,289.0
Oruro - Aeropuerto,2026-07-27 09:00:00,8,27.0,0.0,19.0,4.4,280.0
Oruro - Aeropuerto,2026-07-27 09:00:00,11,26.0,0.0,10.0,2.2,260.0
Oruro - Aeropuerto,2026-07-27 09:00:00,14,27.0,0.0,1.0,1.5,269.0
Oruro - Aeropuerto,2026-07-27 09:00:00,17,26.0,0.0,-7.0,0.8,275.0
Oruro - Aeropuerto,2026-07-27 09:00:00,20,26.0,0.0,-7.0,0.8,314.0
Oruro - Aeropuerto,2026-07-27 09:00:00,23,26.0,0.0,3.0,0.6,1.0
Oruro - Aeropuerto,2026-07-27 09:00:00,26,26.0,0.0,11.0,5.3,329.0
Oruro - Aeropuerto,2026-07-27 09:00:00,29,26.0,0.0,19.0,9.8,288.0
Oruro - Aeropuerto,2026-07-27 09:00:00,32,25.0,0.0,19.0,7.2,249.0
Oruro - Aeropuerto,2026-07-27 09:00:00,35,26.0,0.0,8.0,4.6,202.0
Oruro - Aeropuerto,2026-07-27 09:00:00,38,26.0,0.0,1.0,3.6,180.0
Oruro - Aeropuerto,2026-07-27 09:00:00,41,26.0,0.0,-6.0,2.6,158.0
Oruro - Aeropuerto,2026-07-27 09:00:00,44,26.0,0.0,-6.0,1.3,174.0
Oruro - Aeropuerto,2026-07-27 09:00:00,47,26.0,0.0,2.0,0.7,163.0
Oruro - Aeropuerto,2026-07-27 09:00:00,50,26.0,0.0,10.0,1.9,212.0
Oruro - Aeropuerto,2026-07-27 09:00:00,53,26.0,0.0,18.0,3.0,258.0
Oruro - Aeropuerto,2026-07-27 09:00:00,56,26.0,0.0,18.0,2.8,194.0
Oruro - Aeropuerto,2026-07-27 09:00:00,59,26.0,0.0,13.0,2.6,122.0
Oruro - Aeropuerto,2026-07-27 09:00:00,62,26.0,0.0,7.0,2.3,90.0
Oruro - Aeropuerto,2026-07-27 09:00:00,65,26.0,0.0,-6.0,2.0,58.0
Oruro - Aeropuerto,2026-07-27 09:00:00,68,26.0,0.0,-6.0,1.2,47.0
Oruro - Aeropuerto,2026-07-27 09:00:00,71,25.0,0.0,6.0,1.0,66.0
Oruro - Aeropuerto,2026-07-27 09:00:00,74,26.0,0.0,11.0,2.1,356.0
Oruro - Aeropuerto,2026-07-27 09:00:00,77,26.0,0.0,18.0,3.2,283.0
Oruro - Aeropuerto,2026-07-27 09:00:00,80,27.0,0.0,18.0,3.5,351.0
Oruro - Aeropuerto,2026-07-27 09:00:00,83,26.0,0.0,10.0,3.8,51.0
Oruro - Aeropuerto,2026-07-27 09:00:00,86,26.0,0.0,-6.0,2.5,13.0
Oruro - Aeropuerto,2026-07-27 09:00:00,89,26.0,0.0,-6.0,1.2,325.0
Oruro - Aeropuerto,2026-07-27 09:00:00,92,26.0,0.0,6.0,1.4,6.0
Oruro - Aeropuerto,2026-07-27 09:00:00,95,27.0,0.0,6.0,1.3,1.0
Oruro - Aeropuerto,2026-07-27 09:00:00,98,26.0,0.0,11.0,3.4,321.0
Oruro - Aeropuerto,2026-07-27 09:00:00,101,36.0,0.0,15.0,5.6,278.0
Oruro - Aeropuerto,2026-07-27 09:00:00,104,36.0,0.0,13.0,4.4,244.0
Oruro - Aeropuerto,2026-07-27 09:00:00,107,36.0,0.0,10.0,3.2,200.0
Oruro - Aeropuerto,2026-07-27 09:00:00,110,36.0,0.0,7.0,2.2,198.0
Oruro - Aeropuerto,2026-07-27 09:00:00,113,36.0,0.0,4.0,1.2,184.0
Oruro - Aeropuerto,2026-07-27 12:00:00,26,,,20.0,,
Oruro - Aeropuerto,2026-07-27 12:00:00,29,,,20.0,,
Oruro - Aeropuerto,2026-07-27 12:00:00,50,,,19.0,,
Oruro - Aeropuerto,2026-07-27 12:00:00,53,,,19.0,,
Oruro - Aeropuerto,2026-07-27 12:00:00,59,,,6.0,,
Oruro - Aeropuerto,2026-07-27 12:00:00,65,,,-5.0,,
Oruro - Aeropuerto,2026-07-27 12:00:00,74,,,19.0,,
Oruro - Aeropuerto,2026-07-27 12:00:00,77,,,19.0,,
Oruro - Aeropuerto,2026-07-27 12:00:00,83,,,1.0,,
Oruro - Aeropuerto,2026-07-27 12:00:00,86,,,-5.0,,
Oruro - Aeropuerto,2026-07-27 12:00:00,89,,,-5.0,,
Oruro - Aeropuerto,2026-07-27 12:00:00,98,,,18.0,,
Oruro - Aeropuerto,2026-07-27 12:00:00,101,,,18.0,,
Oruro - Aeropuerto,2026-07-27 12:00:00,107,,,-5.0,,
Oruro - Aeropuerto,2026-07-27 12:00:00,110,,,-5.0,,
Oruro - Ciudad,2026-07-27 09:00:00,5,26.0,0.0,19.0,6.9,310.0
Oruro - Ciudad,2026-07-27 09:00:00,8,26.0,0.0,19.0,5.5,296.0
Oruro - Ciudad,2026-07-27 09:00:00,11,26.0,0.0,11.0,4.1,275.0
Oruro - Ciudad,2026-07-27 09:00:00,14,26.0,0.0,5.0,2.4,280.0
Oruro - Ciudad,2026-07-27 09:00:00,17,26.0,0.0,-6.0,0.7,280.0
Oruro - Ciudad,2026-07-27 09:00:00,20,26.0,0.0,-6.0,1.4,323.0
Oruro - Ciudad,2026-07-27 09:00:00,23,26.0,0.0,5.0,1.2,341.0
Oruro - Ciudad,2026-07-27 09:00:00,26,26.0,0.0,11.0,4.2,310.0
Oruro - Ciudad,2026-07-27 09:00:00,29,26.0,0.0,19.0,7.2,273.0
Oruro - Ciudad,2026-07-27 09:00:00,32,26.0,0.0,19.0,7.8,250.0
Oruro - Ciudad,2026-07-27 09:00:00,35,26.0,0.0,10.0,8.4,226.0
Oruro - Ciudad,2026-07-27 09:00:00,38,26.0,0.0,3.0,5.5,229.0
Oruro - Ciudad,2026-07-27 09:00:00,41,26.0,0.0,-5.0,2.7,226.0
Oruro - Ciudad,2026-07-27 09:00:00,44,26.0,0.0,-5.0,2.1,182.0
Oruro - Ciudad,2026-07-27 09:00:00,47,26.0,0.0,4.0,1.3,176.0
Oruro - Ciudad,2026-07-27 09:00:00,50,26.0,0.0,11.0,1.4,240.0
Oruro - Ciudad,2026-07-27 09:00:00,53,26.0,0.0,18.0,1.6,342.0
Oruro - Ciudad,2026-07-27 09:00:00,56,26.0,0.0,18.0,2.3,60.0
Oruro - Ciudad,2026-07-27 09:00:00,59,27.0,0.0,13.0,3.1,130.0
Oruro - Ciudad,2026-07-27 09:00:00,62,26.0,0.0,8.0,2.5,204.0
Oruro - Ciudad,2026-07-27 09:00:00,65,27.0,0.0,-5.0,2.1,278.0
Oruro - Ciudad,2026-07-27 09:00:00,68,26.0,0.0,-5.0,1.7,306.0
Oruro - Ciudad,2026-07-27 09:00:00,71,26.0,0.0,6.0,1.3,341.0
Oruro - Ciudad,2026-07-27 09:00:00,74,26.0,0.0,11.0,2.0,347.0
Oruro - Ciudad,2026-07-27 09:00:00,77,26.0,0.0,18.0,2.6,347.0
Oruro - Ciudad,2026-07-27 09:00:00,80,25.0,0.0,18.0,3.5,4.0
Oruro - Ciudad,2026-07-27 09:00:00,83,26.0,0.0,11.0,4.4,15.0
Oruro - Ciudad,2026-07-27 09:00:00,86,26.0,0.0,-5.0,4.2,348.0
Oruro - Ciudad,2026-07-27 09:00:00,89,26.0,0.0,-5.0,3.8,321.0
Oruro - Ciudad,2026-07-27 09:00:00,92,25.0,0.0,6.0,3.4,337.0
Oruro - Ciudad,2026-07-27 09:00:00,95,26.0,0.0,6.0,2.7,337.0
Oruro - Ciudad,2026-07-27 09:00:00,98,27.0,0.0,11.0,3.5,301.0
Oruro - Ciudad,2026-07-27 09:00:00,101,36.0,0.0,16.0,4.2,259.0
Oruro - Ciudad,2026-07-27 09:00:00,104,36.0,0.0,13.0,5.7,240.0
Oruro - Ciudad,2026-07-27 09:00:00,107,36.0,0.0,10.0,7.1,214.0
Oruro - Ciudad,2026-07-27 09:00:00,110,35.0,0.0,7.0,4.3,184.0
Oruro - Ciudad,2026-07-27 09:00:00,113,35.0,0.0,4.0,1.5,151.0
Oruro - Ciudad,2026-07-27 12:00:00,14,,,-8.0,,
Oruro - Ciudad,2026-07-27 12:00:00,17,,,-8.0,,
Oruro - Ciudad,2026-07-27 12:00:00,26,,,20.0,,
Oruro - Ciudad,2026-07-27 12:00:00,29,,,20.0,,
Oruro - Ciudad,2026-07-27 12:00:00,38,,,-7.0,,
Oruro - Ciudad,2026-07-27 12:00:00,41,,,-7.0,,
Oruro - Ciudad,2026-07-27 12:00:00,50,,,19.0,,
Oruro - Ciudad,2026-07-27 12:00:00,53,,,19.0,,
Oruro - Ciudad,2026-07-27 12:00:00,56,,,12.0,,
Oruro - Ciudad,2026-07-27 12:00:00,59,,,4.0,,
Oruro - Ciudad,2026-07-27 12:00:00,62,,,-7.0,,
Oruro - Ciudad,2026-07-27 12:00:00,65,,,-7.0,,
Oruro - Ciudad,2026-07-27 12:00:00,74,,,19.0,,
Oruro - Ciudad,2026-07-27 12:00:00,77,,,19.0,,
Oruro - Ciudad,2026-07-27 12:00:00,83,,,2.0,,
Oruro - Ciudad,2026-07-27 12:00:00,86,,,-6.0,,
Oruro - Ciudad,2026-07-27 12:00:00,89,,,-6.0,,
Oruro - Ciudad,2026-07-27 12:00:00,98,,,18.0,,
Oruro - Ciudad,2026-07-27 12:00:00,101,,,18.0,,
Oruro - Ciudad,2026-07-27 12:00:00,107,,,-6.0,,
Oruro - Ciudad,2026-07-27 12:00:00,110,,,-6.0,,
Pailon - Pozo del Tigre,2026-07-27 09:00:00,5,36.0,0.0,33.0,8.7,330.0
Pailon - Pozo del Tigre,2026-07-27 09:00:00,8,36.0,0.0,33.0,7.5,336.0
Pailon - Pozo del Tigre,2026-07-27 09:00:00,11,36.0,0.0,27.0,6.3,336.0
Pailon - Pozo del Tigre,2026-07-27 09:00:00,14,36.0,0.0,23.0,5.8,340.0
Pailon - Pozo del Tigre,2026-07-27 09:00:00,17,57.0,0.0,22.0,5.3,340.0
Pailon - Pozo del Tigre,2026-07-27 09:00:00,20,57.0,0.0,22.0,5.4,340.0
Pailon - Pozo del Tigre,2026-07-27 09:00:00,23,56.0,0.0,23.0,6.2,333.0
Pailon - Pozo del Tigre,2026-07-27 09:00:00,26,57.0,0.0,25.0,7.3,330.0
Pailon - Pozo del Tigre,2026-07-27 09:00:00,29,36.0,0.0,33.0,8.5,320.0
Pailon - Pozo del Tigre,2026-07-27 09:00:00,32,36.0,0.0,33.0,7.6,330.0
Pailon - Pozo del Tigre,2026-07-27 09:00:00,35,36.0,0.0,26.0,6.6,330.0
Pailon - Pozo del Tigre,2026-07-27 09:00:00,38,36.0,0.0,24.0,5.6,336.0
Pailon - Pozo del Tigre,2026-07-27 09:00:00,41,36.0,0.0,22.0,4.6,336.0
Pailon - Pozo del Tigre,2026-07-27 09:00:00,44,37.0,0.0,22.0,4.7,330.0
Pailon - Pozo del Tigre,2026-07-27 09:00:00,47,36.0,0.0,25.0,5.3,330.0
Pailon - Pozo del Tigre,2026-07-27 09:00:00,50,35.0,0.0,27.0,6.6,330.0
Pailon - Pozo del Tigre,2026-07-27 09:00:00,53,37.0,0.0,32.0,7.8,320.0
Pailon - Pozo del Tigre,2026-07-27 09:00:00,56,36.0,0.0,32.0,5.1,330.0
Pailon - Pozo del Tigre,2026-07-27 09:00:00,59,37.0,0.0,29.0,2.3,330.0
Pailon - Pozo del Tigre,2026-07-27 09:00:00,62,36.0,0.0,27.0,2.3,333.0
Pailon - Pozo del Tigre,2026-07-27 09:00:00,65,57.0,0.0,21.0,2.2,333.0
Pailon - Pozo del Tigre,2026-07-27 09:00:00,68,56.0,0.0,21.0,2.8,330.0
Pailon - Pozo del Tigre,2026-07-27 09:00:00,71,56.0,0.0,24.0,3.3,310.0
Pailon - Pozo del Tigre,2026-07-27 09:00:00,74,56.0,0.0,25.0,4.6,320.0
Pailon - Pozo del Tigre,2026-07-27 09:00:00,77,76.0,1.2,31.0,5.9,320.0
Pailon - Pozo del Tigre,2026-07-27 09:00:00,80,76.0,1.3,31.0,4.8,327.0
Pailon - Pozo del Tigre,2026-07-27 09:00:00,83,56.0,0.0,27.0,3.6,327.0
Pailon - Pozo del Tigre,2026-07-27 09:00:00,86,56.0,0.0,21.0,3.2,321.0
Pailon - Pozo del Tigre,2026-07-27 09:00:00,89,56.0,0.0,21.0,2.8,314.0
Pailon - Pozo del Tigre,2026-07-27 09:00:00,92,56.0,0.0,27.0,3.8,330.0
Pailon - Pozo del Tigre,2026-07-27 09:00:00,95,57.0,0.0,27.0,4.3,330.0
Pailon - Pozo del Tigre,2026-07-27 09:00:00,98,56.0,0.0,33.0,6.1,330.0
Pailon - Pozo del Tigre,2026-07-27 09:00:00,101,36.0,0.0,39.0,7.8,330.0
Pailon - Pozo del Tigre,2026-07-27 09:00:00,104,36.0,0.0,35.0,6.2,340.0
Pailon - Pozo del Tigre,2026-07-27 09:00:00,107,36.0,0.0,32.0,4.6,343.0
Pailon - Pozo del Tigre,2026-07-27 09:00:00,110,36.0,0.0,31.0,4.8,340.0
Pailon - Pozo del Tigre,2026-07-27 09:00:00,113,36.0,0.0,29.0,5.1,330.0
Pailon - Pozo del Tigre,2026-07-27 12:00:00,14,,,21.0,,
Pailon - Pozo del Tigre,2026-07-27 12:00:00,17,,,21.0,,
Pailon - Pozo del Tigre,2026-07-27 12:00:00,20,,,24.0,,
Pailon - Pozo del Tigre,2026-07-27 12:00:00,23,,,28.0,,
Pailon - Pozo del Tigre,2026-07-27 12:00:00,26,,,31.0,,
Pailon - Pozo del Tigre,2026-07-27 12:00:00,29,,,31.0,,
Pailon - Pozo del Tigre,2026-07-27 12:00:00,32,,,28.0,,
Pailon - Pozo del Tigre,2026-07-27 12:00:00,38,,,21.0,,
Pailon - Pozo del Tigre,2026-07-27 12:00:00,41,,,21.0,,
Pailon - Pozo del Tigre,2026-07-27 12:00:00,47,,,28.0,,
Pailon - Pozo del Tigre,2026-07-27 12:00:00,50,,,31.0,,
Pailon - Pozo del Tigre,2026-07-27 12:00:00,53,,,31.0,,
Pailon - Pozo del Tigre,2026-07-27 12:00:00,56,,,28.0,,
Pailon - Pozo del Tigre,2026-07-27 12:00:00,59,,,24.0,,
Pailon - Pozo del Tigre,2026-07-27 12:00:00,62,,,20.0,,
Pailon - Pozo del Tigre,2026-07-27 12:00:00,65,,,20.0,,
Pailon - Pozo del Tigre,2026-07-27 12:00:00,71,,,27.0,,
Pailon - Pozo del Tigre,2026-07-27 12:00:00,74,,,30.0,,
Pailon - Pozo del Tigre,2026-07-27 12:00:00,77,,,30.0,,
Pailon - Pozo del Tigre,2026-07-27 12:00:00,83,,,22.0,,
Pailon - Pozo del Tigre,2026-07-27 12:00:00,86,,,19.0,,
Pailon - Pozo del Tigre,2026-07-27 12:00:00,89,,,19.0,,
Pailon - Pozo del Tigre,2026-07-27 12:00:00,92,,,23.0,,
Pailon - Pozo del Tigre,2026-07-27 12:00:00,95,,,26.0,,
Pailon - Pozo del Tigre,2026-07-27 12:00:00,98,,,30.0,,
Pailon - Pozo del Tigre,2026-07-27 12:00:00,101,,,30.0,,
Pailon - Pozo del Tigre,2026-07-27 12:00:00,104,,,26.0,,
Pailon - Pozo del Tigre,2026-07-27 12:00:00,107,,,19.0,,
Pailon - Pozo del Tigre,2026-07-27 12:00:00,110,,,19.0,,
Palos Blancos,2026-07-27 09:00:00,5,35.0,0.0,31.0,2.1,343.0
Palos Blancos,2026-07-27 09:00:00,8,35.0,0.0,31.0,1.5,65.0
Palos Blancos,2026-07-27 09:00:00,11,35.0,0.0,26.0,1.1,145.0
Palos Blancos,2026-07-27 09:00:00,14,36.0,0.0,24.0,0.9,156.0
Palos Blancos,2026-07-27 09:00:00,17,36.0,0.0,21.0,0.9,166.0
Palos Blancos,2026-07-27 09:00:00,20,36.0,0.0,21.0,0.5,193.0
Palos Blancos,2026-07-27 09:00:00,23,36.0,0.0,24.0,0.4,203.0
Palos Blancos,2026-07-27 09:00:00,26,35.0,0.0,27.0,1.2,281.0
Palos Blancos,2026-07-27 09:00:00,29,56.0,0.0,31.0,2.0,351.0
Palos Blancos,2026-07-27 09:00:00,32,57.0,0.0,31.0,1.5,61.0
Palos Blancos,2026-07-27 09:00:00,35,36.0,0.0,27.0,1.0,125.0
Palos Blancos,2026-07-27 09:00:00,38,37.0,0.0,25.0,0.8,148.0
Palos Blancos,2026-07-27 09:00:00,41,36.0,0.0,21.0,0.6,168.0
Palos Blancos,2026-07-27 09:00:00,44,37.0,0.0,21.0,0.5,161.0
Palos Blancos,2026-07-27 09:00:00,47,36.0,0.0,25.0,0.6,177.0
Palos Blancos,2026-07-27 09:00:00,50,37.0,0.0,27.0,1.2,196.0
Palos Blancos,2026-07-27 09:00:00,53,57.0,0.0,30.0,1.8,351.0
Palos Blancos,2026-07-27 09:00:00,56,56.0,0.0,30.0,1.4,61.0
Palos Blancos,2026-07-27 09:00:00,59,35.0,0.0,27.0,1.0,125.0
Palos Blancos,2026-07-27 09:00:00,62,35.0,0.0,26.0,0.9,154.0
Palos Blancos,2026-07-27 09:00:00,65,37.0,0.0,20.0,0.9,174.0
Palos Blancos,2026-07-27 09:00:00,68,36.0,0.0,20.0,0.6,173.0
Palos Blancos,2026-07-27 09:00:00,71,36.0,0.0,21.0,0.3,185.0
Palos Blancos,2026-07-27 09:00:00,74,36.0,0.0,26.0,0.9,205.0
Palos Blancos,2026-07-27 09:00:00,77,56.0,0.0,29.0,1.4,359.0
Palos Blancos,2026-07-27 09:00:00,80,56.0,0.0,29.0,1.0,48.0
Palos Blancos,2026-07-27 09:00:00,83,56.0,0.0,23.0,0.7,96.0
Palos Blancos,2026-07-27 09:00:00,86,57.0,0.0,20.0,0.9,132.0
Palos Blancos,2026-07-27 09:00:00,89,56.0,0.0,20.0,1.1,166.0
Palos Blancos,2026-07-27 09:00:00,92,56.0,0.0,20.0,0.8,186.0
Palos Blancos,2026-07-27 09:00:00,95,57.0,0.0,21.0,0.5,213.0
Palos Blancos,2026-07-27 09:00:00,98,56.0,0.0,26.0,1.0,275.0
Palos Blancos,2026-07-27 09:00:00,101,56.0,0.0,31.0,1.6,335.0
Palos Blancos,2026-07-27 09:00:00,104,56.0,0.0,26.0,1.3,256.0
Palos Blancos,2026-07-27 09:00:00,107,56.0,0.0,20.0,1.0,165.0
Palos Blancos,2026-07-27 09:00:00,110,56.0,0.0,19.0,0.9,167.0
Palos Blancos,2026-07-27 09:00:00,113,56.0,0.0,18.0,0.9,167.0
Palos Blancos,2026-07-27 12:00:00,14,,,20.0,,
Palos Blancos,2026-07-27 12:00:00,17,,,20.0,,
Palos Blancos,2026-07-27 12:00:00,26,,,34.0,,
Palos Blancos,2026-07-27 12:00:00,29,,,34.0,,
Palos Blancos,2026-07-27 12:00:00,32,,,30.0,,
Palos Blancos,2026-07-27 12:00:00,38,,,20.0,,
Palos Blancos,2026-07-27 12:00:00,41,,,20.0,,
Palos Blancos,2026-07-27 12:00:00,47,,,28.0,,
Palos Blancos,2026-07-27 12:00:00,50,,,34.0,,
Palos Blancos,2026-07-27 12:00:00,53,,,34.0,,
Palos Blancos,2026-07-27 12:00:00,56,,,30.0,,
Palos Blancos,2026-07-27 12:00:00,59,,,27.0,,
Palos Blancos,2026-07-27 12:00:00,74,,,34.0,,
Palos Blancos,2026-07-27 12:00:00,77,,,34.0,,
Palos Blancos,2026-07-27 12:00:00,80,,,28.0,,
Palos Blancos,2026-07-27 12:00:00,83,,,23.0,,
Palos Blancos,2026-07-27 12:00:00,92,,,25.0,,
Palos Blancos,2026-07-27 12:00:00,95,,,29.0,,
Palos Blancos,2026-07-27 12:00:00,98,,,34.0,,
Palos Blancos,2026-07-27 12:00:00,101,,,34.0,,
Palos Blancos,2026-07-27 12:00:00,104,,,25.0,,
Palos Blancos,2026-07-27 12:00:00,107,,,20.0,,
Palos Blancos,2026-07-27 12:00:00,110,,,20.0,,
Paniagua_M (GPRS),2026-07-27 09:00:00,5,36.0,0.0,31.0,1.5,52.0
Paniagua_M (GPRS),2026-07-27 09:00:00,8,36.0,0.0,31.0,1.4,132.0
Paniagua_M (GPRS),2026-07-27 09:00:00,11,36.0,0.0,26.0,1.3,206.0
Paniagua_M (GPRS),2026-07-27 09:00:00,14,36.0,0.0,22.0,1.5,232.0
Paniagua_M (GPRS),2026-07-27 09:00:00,17,36.0,0.0,20.0,1.6,252.0
Paniagua_M (GPRS),2026-07-27 09:00:00,20,36.0,0.0,20.0,1.1,259.0
Paniagua_M (GPRS),2026-07-27 09:00:00,23,36.0,0.0,22.0,0.8,259.0
Paniagua_M (GPRS),2026-07-27 09:00:00,26,36.0,0.0,27.0,0.9,332.0
Paniagua_M (GPRS),2026-07-27 09:00:00,29,56.0,0.0,32.0,1.0,40.0
Paniagua_M (GPRS),2026-07-27 09:00:00,32,57.0,0.0,32.0,1.2,97.0
Paniagua_M (GPRS),2026-07-27 09:00:00,35,37.0,0.0,27.0,1.3,220.0
Paniagua_M (GPRS),2026-07-27 09:00:00,38,37.0,0.0,23.0,1.4,237.0
Paniagua_M (GPRS),2026-07-27 09:00:00,41,36.0,0.0,20.0,1.7,249.0
Paniagua_M (GPRS),2026-07-27 09:00:00,44,36.0,0.0,20.0,1.1,252.0
Paniagua_M (GPRS),2026-07-27 09:00:00,47,36.0,0.0,22.0,1.0,249.0
Paniagua_M (GPRS),2026-07-27 09:00:00,50,36.0,0.0,25.0,1.3,316.0
Paniagua_M (GPRS),2026-07-27 09:00:00,53,56.0,0.0,31.0,1.6,57.0
Paniagua_M (GPRS),2026-07-27 09:00:00,56,56.0,0.0,31.0,1.4,132.0
Paniagua_M (GPRS),2026-07-27 09:00:00,59,36.0,0.0,26.0,1.2,229.0
Paniagua_M (GPRS),2026-07-27 09:00:00,62,36.0,0.0,23.0,1.4,239.0
Paniagua_M (GPRS),2026-07-27 09:00:00,65,36.0,0.0,19.0,1.5,249.0
Paniagua_M (GPRS),2026-07-27 09:00:00,68,36.0,0.0,19.0,1.0,259.0
Paniagua_M (GPRS),2026-07-27 09:00:00,71,36.0,0.0,20.0,0.7,259.0
Paniagua_M (GPRS),2026-07-27 09:00:00,74,36.0,0.0,23.0,1.4,337.0
Paniagua_M (GPRS),2026-07-27 09:00:00,77,56.0,0.0,30.0,2.1,50.0
Paniagua_M (GPRS),2026-07-27 09:00:00,80,57.0,0.0,30.0,1.8,15.0
Paniagua_M (GPRS),2026-07-27 09:00:00,83,56.0,0.0,20.0,1.4,239.0
Paniagua_M (GPRS),2026-07-27 09:00:00,86,56.0,0.0,19.0,1.3,249.0
Paniagua_M (GPRS),2026-07-27 09:00:00,89,56.0,0.0,19.0,1.3,254.0
Paniagua_M (GPRS),2026-07-27 09:00:00,92,56.0,0.0,17.0,1.2,262.0
Paniagua_M (GPRS),2026-07-27 09:00:00,95,57.0,0.0,18.0,0.8,269.0
Paniagua_M (GPRS),2026-07-27 09:00:00,98,57.0,0.0,23.0,0.9,345.0
Paniagua_M (GPRS),2026-07-27 09:00:00,101,56.0,0.0,27.0,1.2,53.0
Paniagua_M (GPRS),2026-07-27 09:00:00,104,56.0,0.0,22.0,1.3,181.0
Paniagua_M (GPRS),2026-07-27 09:00:00,107,56.0,0.0,17.0,1.3,232.0
Paniagua_M (GPRS),2026-07-27 09:00:00,110,57.0,0.0,16.0,1.5,244.0
Paniagua_M (GPRS),2026-07-27 09:00:00,113,56.0,0.0,15.0,1.7,252.0
Paniagua_M (GPRS),2026-07-27 12:00:00,14,,,19.0,,
Paniagua_M (GPRS),2026-07-27 12:00:00,17,,,19.0,,
Paniagua_M (GPRS),2026-07-27 12:00:00,38,,,19.0,,
Paniagua_M (GPRS),2026-07-27 12:00:00,41,,,19.0,,
Paniagua_M (GPRS),2026-07-27 12:00:00,50,,,32.0,,
Paniagua_M (GPRS),2026-07-27 12:00:00,53,,,32.0,,
Paniagua_M (GPRS),2026-07-27 12:00:00,68,,,22.0,,
Paniagua_M (GPRS),2026-07-27 12:00:00,71,,,26.0,,
Paniagua_M (GPRS),2026-07-27 12:00:00,74,,,33.0,,
Paniagua_M (GPRS),2026-07-27 12:00:00,77,,,33.0,,
Paniagua_M (GPRS),2026-07-27 12:00:00,80,,,28.0,,
Paniagua_M (GPRS),2026-07-27 12:00:00,83,,,22.0,,
Paniagua_M (GPRS),2026-07-27 12:00:00,89,,,19.0,,
Paniagua_M (GPRS),2026-07-27 12:00:00,92,,,25.0,,
Paniagua_M (GPRS),2026-07-27 12:00:00,95,,,28.0,,
Paniagua_M (GPRS),2026-07-27 12:00:00,98,,,32.0,,
Paniagua_M (GPRS),2026-07-27 12:00:00,101,,,32.0,,
Paniagua_M (GPRS),2026-07-27 12:00:00,104,,,22.0,,
Paniagua_M (GPRS),2026-07-27 12:00:00,107,,,19.0,,
Paniagua_M (GPRS),2026-07-27 12:00:00,110,,,19.0,,
Patacamaya (INIAF),2026-07-27 09:00:00,5,26.0,0.0,18.0,6.3,357.0
Patacamaya (INIAF),2026-07-27 09:00:00,8,26.0,0.0,18.0,5.1,8.0
Patacamaya (INIAF),2026-07-27 09:00:00,11,27.0,0.0,8.0,3.9,9.0
Patacamaya (INIAF),2026-07-27 09:00:00,14,26.0,0.0,2.0,3.4,359.0
Patacamaya (INIAF),2026-07-27 09:00:00,17,26.0,0.0,-4.0,2.8,340.0
Patacamaya (INIAF),2026-07-27 09:00:00,20,26.0,0.0,-4.0,2.4,338.0
Patacamaya (INIAF),2026-07-27 09:00:00,23,26.0,0.0,3.0,2.0,319.0
Patacamaya (INIAF),2026-07-27 09:00:00,26,26.0,0.0,10.0,3.6,308.0
Patacamaya (INIAF),2026-07-27 09:00:00,29,37.0,0.0,17.0,5.3,288.0
Patacamaya (INIAF),2026-07-27 09:00:00,32,37.0,0.0,17.0,3.9,298.0
Patacamaya (INIAF),2026-07-27 09:00:00,35,27.0,0.0,8.0,2.5,298.0
Patacamaya (INIAF),2026-07-27 09:00:00,38,26.0,0.0,1.0,2.1,299.0
Patacamaya (INIAF),2026-07-27 09:00:00,41,26.0,0.0,-4.0,1.7,298.0
Patacamaya (INIAF),2026-07-27 09:00:00,44,25.0,0.0,-4.0,0.8,119.0
Patacamaya (INIAF),2026-07-27 09:00:00,47,26.0,0.0,4.0,0.9,168.0
Patacamaya (INIAF),2026-07-27 09:00:00,50,26.0,0.0,10.0,0.9,151.0
Patacamaya (INIAF),2026-07-27 09:00:00,53,26.0,0.0,16.0,0.9,124.0
Patacamaya (INIAF),2026-07-27 09:00:00,56,26.0,0.0,16.0,1.9,82.0
Patacamaya (INIAF),2026-07-27 09:00:00,59,26.0,0.0,11.0,2.8,32.0
Patacamaya (INIAF),2026-07-27 09:00:00,62,25.0,0.0,6.0,2.7,20.0
Patacamaya (INIAF),2026-07-27 09:00:00,65,27.0,0.0,-5.0,2.5,360.0
Patacamaya (INIAF),2026-07-27 09:00:00,68,26.0,0.0,-5.0,2.5,10.0
Patacamaya (INIAF),2026-07-27 09:00:00,71,26.0,0.0,4.0,2.5,10.0
Patacamaya (INIAF),2026-07-27 09:00:00,74,26.0,0.0,9.0,3.6,20.0
Patacamaya (INIAF),2026-07-27 09:00:00,77,26.0,0.0,17.0,4.6,21.0
Patacamaya (INIAF),2026-07-27 09:00:00,80,26.0,0.0,17.0,4.2,20.0
Patacamaya (INIAF),2026-07-27 09:00:00,83,27.0,0.0,7.0,4.0,10.0
Patacamaya (INIAF),2026-07-27 09:00:00,86,26.0,0.0,-5.0,3.3,1.0
Patacamaya (INIAF),2026-07-27 09:00:00,89,36.0,0.0,-5.0,2.6,351.0
Patacamaya (INIAF),2026-07-27 09:00:00,92,36.0,0.0,5.0,3.1,359.0
Patacamaya (INIAF),2026-07-27 09:00:00,95,37.0,0.0,5.0,2.9,350.0
Patacamaya (INIAF),2026-07-27 09:00:00,98,37.0,0.0,10.0,3.2,319.0
Patacamaya (INIAF),2026-07-27 09:00:00,101,56.0,0.0,15.0,3.5,288.0
Patacamaya (INIAF),2026-07-27 09:00:00,104,57.0,0.0,11.0,2.6,339.0
Patacamaya (INIAF),2026-07-27 09:00:00,107,36.0,0.0,8.0,1.8,29.0
Patacamaya (INIAF),2026-07-27 09:00:00,110,36.0,0.0,6.0,1.6,21.0
Patacamaya (INIAF),2026-07-27 09:00:00,113,36.0,0.0,4.0,1.5,11.0
Patacamaya (INIAF),2026-07-27 12:00:00,14,,,-3.0,,
Patacamaya (INIAF),2026-07-27 12:00:00,17,,,-3.0,,
Patacamaya (INIAF),2026-07-27 12:00:00,26,,,18.0,,
Patacamaya (INIAF),2026-07-27 12:00:00,29,,,18.0,,
Patacamaya (INIAF),2026-07-27 12:00:00,38,,,-3.0,,
Patacamaya (INIAF),2026-07-27 12:00:00,41,,,-3.0,,
Patacamaya (INIAF),2026-07-27 12:00:00,50,,,18.0,,
Patacamaya (INIAF),2026-07-27 12:00:00,53,,,18.0,,
Patacamaya (INIAF),2026-07-27 12:00:00,56,,,13.0,,
Patacamaya (INIAF),2026-07-27 12:00:00,62,,,-4.0,,
Patacamaya (INIAF),2026-07-27 12:00:00,65,,,-4.0,,
Patacamaya (INIAF),2026-07-27 12:00:00,83,,,1.0,,
Patacamaya (INIAF),2026-07-27 12:00:00,86,,,-4.0,,
Patacamaya (INIAF),2026-07-27 12:00:00,89,,,-4.0,,
Patacamaya (INIAF),2026-07-27 12:00:00,98,,,17.0,,
Patacamaya (INIAF),2026-07-27 12:00:00,101,,,17.0,,
Patacamaya (INIAF),2026-07-27 12:00:00,107,,,-4.0,,
Patacamaya (INIAF),2026-07-27 12:00:00,110,,,-4.0,,
Potosí,2026-07-27 09:00:00,5,26.0,0.0,21.0,8.5,280.0
Potosí,2026-07-27 09:00:00,8,26.0,0.0,21.0,5.9,270.0
Potosí,2026-07-27 09:00:00,11,27.0,0.0,8.0,3.3,257.0
Potosí,2026-07-27 09:00:00,14,26.0,0.0,2.0,3.2,287.0
Potosí,2026-07-27 09:00:00,17,26.0,0.0,-8.0,3.1,317.0
Potosí,2026-07-27 09:00:00,20,26.0,0.0,-8.0,3.2,312.0
Potosí,2026-07-27 09:00:00,23,26.0,0.0,4.0,3.2,302.0
Potosí,2026-07-27 09:00:00,26,26.0,0.0,9.0,7.6,305.0
Potosí,2026-07-27 09:00:00,29,26.0,0.0,22.0,12.0,300.0
Potosí,2026-07-27 09:00:00,32,27.0,0.0,22.0,8.0,280.0
Potosí,2026-07-27 09:00:00,35,26.0,0.0,7.0,4.1,250.0
Potosí,2026-07-27 09:00:00,38,27.0,0.0,2.0,3.6,285.0
Potosí,2026-07-27 09:00:00,41,26.0,0.0,-9.0,3.2,314.0
Potosí,2026-07-27 09:00:00,44,26.0,0.0,-8.0,2.3,302.0
Potosí,2026-07-27 09:00:00,47,26.0,0.0,4.0,2.3,292.0
Potosí,2026-07-27 09:00:00,50,26.0,0.0,9.0,2.7,323.0
Potosí,2026-07-27 09:00:00,53,26.0,0.0,21.0,3.1,345.0
Potosí,2026-07-27 09:00:00,56,26.0,0.0,21.0,2.6,341.0
Potosí,2026-07-27 09:00:00,59,26.0,0.0,12.0,2.2,333.0
Potosí,2026-07-27 09:00:00,62,26.0,0.0,5.0,2.4,345.0
Potosí,2026-07-27 09:00:00,65,26.0,0.0,-7.0,2.7,350.0
Potosí,2026-07-27 09:00:00,68,26.0,0.0,-6.0,2.7,338.0
Potosí,2026-07-27 09:00:00,71,26.0,0.0,5.0,2.4,328.0
Potosí,2026-07-27 09:00:00,74,26.0,0.0,9.0,2.3,346.0
Potosí,2026-07-27 09:00:00,77,26.0,0.0,20.0,2.3,355.0
Potosí,2026-07-27 09:00:00,80,26.0,0.0,20.0,2.3,1.0
Potosí,2026-07-27 09:00:00,83,27.0,0.0,8.0,2.4,5.0
Potosí,2026-07-27 09:00:00,86,27.0,0.0,-6.0,2.3,355.0
Potosí,2026-07-27 09:00:00,89,26.0,0.0,-6.0,2.1,335.0
Potosí,2026-07-27 09:00:00,92,26.0,0.0,5.0,2.6,327.0
Potosí,2026-07-27 09:00:00,95,26.0,0.0,6.0,2.5,304.0
Potosí,2026-07-27 09:00:00,98,26.0,0.0,10.0,5.4,292.0
Potosí,2026-07-27 09:00:00,101,27.0,0.0,15.0,8.4,275.0
Potosí,2026-07-27 09:00:00,104,26.0,0.0,11.0,5.5,262.0
Potosí,2026-07-27 09:00:00,107,26.0,0.0,7.0,2.6,247.0
Potosí,2026-07-27 09:00:00,110,26.0,0.0,5.0,2.5,272.0
Potosí,2026-07-27 09:00:00,113,26.0,0.0,3.0,2.4,292.0
Potosí,2026-07-27 12:00:00,14,,,-5.0,,
Potosí,2026-07-27 12:00:00,17,,,-5.0,,
Potosí,2026-07-27 12:00:00,38,,,-5.0,,
Potosí,2026-07-27 12:00:00,41,,,-5.0,,
Potosí,2026-07-27 12:00:00,50,,,23.0,,
Potosí,2026-07-27 12:00:00,53,,,23.0,,
Potosí,2026-07-27 12:00:00,62,,,-5.0,,
Potosí,2026-07-27 12:00:00,65,,,-5.0,,
Potosí,2026-07-27 12:00:00,68,,,4.0,,
Potosí,2026-07-27 12:00:00,74,,,23.0,,
Potosí,2026-07-27 12:00:00,77,,,23.0,,
Potosí,2026-07-27 12:00:00,83,,,-1.0,,
Potosí,2026-07-27 12:00:00,89,,,-6.0,,
Potosí,2026-07-27 12:00:00,92,,,5.0,,
Potosí,2026-07-27 12:00:00,98,,,23.0,,
Potosí,2026-07-27 12:00:00,101,,,23.0,,
Potosí,2026-07-27 12:00:00,107,,,-6.0,,
Potosí,2026-07-27 12:00:00,110,,,-6.0,,
Potosí Aeropuerto,2026-07-27 09:00:00,5,25.0,0.0,19.0,9.7,280.0
Potosí Aeropuerto,2026-07-27 09:00:00,8,26.0,0.0,19.0,5.8,270.0
Potosí Aeropuerto,2026-07-27 09:00:00,11,26.0,0.0,8.0,1.9,250.0
Potosí Aeropuerto,2026-07-27 09:00:00,14,27.0,0.0,3.0,3.0,280.0
Potosí Aeropuerto,2026-07-27 09:00:00,17,26.0,0.0,-6.0,4.0,301.0
Potosí Aeropuerto,2026-07-27 09:00:00,20,26.0,0.0,-6.0,3.3,311.0
Potosí Aeropuerto,2026-07-27 09:00:00,23,27.0,0.0,3.0,3.5,311.0
Potosí Aeropuerto,2026-07-27 09:00:00,26,26.0,0.0,8.0,7.9,301.0
Potosí Aeropuerto,2026-07-27 09:00:00,29,27.0,0.0,18.0,12.4,290.0
Potosí Aeropuerto,2026-07-27 09:00:00,32,25.0,0.0,18.0,7.7,280.0
Potosí Aeropuerto,2026-07-27 09:00:00,35,27.0,0.0,10.0,3.0,269.0
Potosí Aeropuerto,2026-07-27 09:00:00,38,25.0,0.0,5.0,2.9,280.0
Potosí Aeropuerto,2026-07-27 09:00:00,41,26.0,0.0,-5.0,2.8,291.0
Potosí Aeropuerto,2026-07-27 09:00:00,44,26.0,0.0,-5.0,2.2,280.0
Potosí Aeropuerto,2026-07-27 09:00:00,47,27.0,0.0,3.0,2.0,290.0
Potosí Aeropuerto,2026-07-27 09:00:00,50,26.0,0.0,8.0,3.5,289.0
Potosí Aeropuerto,2026-07-27 09:00:00,53,25.0,0.0,17.0,5.0,279.0
Potosí Aeropuerto,2026-07-27 09:00:00,56,25.0,0.0,17.0,3.8,290.0
Potosí Aeropuerto,2026-07-27 09:00:00,59,27.0,0.0,10.0,2.5,291.0
Potosí Aeropuerto,2026-07-27 09:00:00,62,26.0,0.0,4.0,2.4,302.0
Potosí Aeropuerto,2026-07-27 09:00:00,65,26.0,0.0,-4.0,2.3,313.0
Potosí Aeropuerto,2026-07-27 09:00:00,68,25.0,0.0,3.0,2.4,320.0
Potosí Aeropuerto,2026-07-27 09:00:00,71,26.0,0.0,4.0,2.0,321.0
Potosí Aeropuerto,2026-07-27 09:00:00,74,26.0,0.0,9.0,2.4,300.0
Potosí Aeropuerto,2026-07-27 09:00:00,77,26.0,0.0,14.0,2.7,270.0
Potosí Aeropuerto,2026-07-27 09:00:00,80,26.0,0.0,11.0,2.5,295.0
Potosí Aeropuerto,2026-07-27 09:00:00,83,25.0,0.0,7.0,2.1,317.0
Potosí Aeropuerto,2026-07-27 09:00:00,86,26.0,0.0,5.0,1.9,315.0
Potosí Aeropuerto,2026-07-27 09:00:00,89,26.0,0.0,3.0,1.7,309.0
Potosí Aeropuerto,2026-07-27 09:00:00,92,25.0,0.0,4.0,2.5,321.0
Potosí Aeropuerto,2026-07-27 09:00:00,95,26.0,0.0,5.0,2.7,301.0
Potosí Aeropuerto,2026-07-27 09:00:00,98,26.0,0.0,9.0,5.7,300.0
Potosí Aeropuerto,2026-07-27 09:00:00,101,25.0,0.0,13.0,8.5,289.0
Potosí Aeropuerto,2026-07-27 09:00:00,104,27.0,0.0,10.0,5.7,269.0
Potosí Aeropuerto,2026-07-27 09:00:00,107,26.0,0.0,6.0,3.0,239.0
Potosí Aeropuerto,2026-07-27 09:00:00,110,26.0,0.0,4.0,2.8,279.0
Potosí Aeropuerto,2026-07-27 09:00:00,113,26.0,0.0,2.0,2.5,310.0
Potosí Aeropuerto,2026-07-27 12:00:00,26,,,19.0,,
Potosí Aeropuerto,2026-07-27 12:00:00,29,,,19.0,,
Potosí Aeropuerto,2026-07-27 12:00:00,38,,,-6.0,,
Potosí Aeropuerto,2026-07-27 12:00:00,41,,,-6.0,,
Potosí Aeropuerto,2026-07-27 12:00:00,50,,,20.0,,
Potosí Aeropuerto,2026-07-27 12:00:00,53,,,20.0,,
Potosí Aeropuerto,2026-07-27 12:00:00,62,,,-6.0,,
Potosí Aeropuerto,2026-07-27 12:00:00,65,,,-6.0,,
Potosí Aeropuerto,2026-07-27 12:00:00,74,,,20.0,,
Potosí Aeropuerto,2026-07-27 12:00:00,77,,,20.0,,
Potosí Aeropuerto,2026-07-27 12:00:00,80,,,12.0,,
Potosí Aeropuerto,2026-07-27 12:00:00,86,,,-7.0,,
Potosí Aeropuerto,2026-07-27 12:00:00,89,,,-7.0,,
Potosí Aeropuerto,2026-07-27 12:00:00,95,,,11.0,,
Potosí Aeropuerto,2026-07-27 12:00:00,98,,,20.0,,
Potosí Aeropuerto,2026-07-27 12:00:00,101,,,20.0,,
Potosí Aeropuerto,2026-07-27 12:00:00,107,,,-7.0,,
Potosí Aeropuerto,2026-07-27 12:00:00,110,,,-7.0,,
Puerto Rico S,2026-07-27 09:00:00,5,36.0,0.0,33.0,2.2,320.0
Puerto Rico S,2026-07-27 09:00:00,8,36.0,0.0,33.0,1.9,346.0
Puerto Rico S,2026-07-27 09:00:00,11,36.0,0.0,29.0,1.5,3.0
Puerto Rico S,2026-07-27 09:00:00,14,36.0,0.0,26.0,1.8,353.0
Puerto Rico S,2026-07-27 09:00:00,17,26.0,0.0,23.0,2.1,336.0
Puerto Rico S,2026-07-27 09:00:00,20,26.0,0.0,23.0,1.9,343.0
Puerto Rico S,2026-07-27 09:00:00,23,26.0,0.0,26.0,1.8,327.0
Puerto Rico S,2026-07-27 09:00:00,26,26.0,0.0,29.0,2.3,337.0
Puerto Rico S,2026-07-27 09:00:00,29,36.0,0.0,33.0,2.7,340.0
Puerto Rico S,2026-07-27 09:00:00,32,36.0,0.0,33.0,2.4,329.0
Puerto Rico S,2026-07-27 09:00:00,35,26.0,0.0,28.0,2.2,309.0
Puerto Rico S,2026-07-27 09:00:00,38,25.0,0.0,26.0,1.9,323.0
Puerto Rico S,2026-07-27 09:00:00,41,26.0,0.0,23.0,1.6,333.0
Puerto Rico S,2026-07-27 09:00:00,44,36.0,0.0,23.0,1.5,327.0
Puerto Rico S,2026-07-27 09:00:00,47,36.0,0.0,26.0,1.4,320.0
Puerto Rico S,2026-07-27 09:00:00,50,36.0,0.0,28.0,1.9,330.0
Puerto Rico S,2026-07-27 09:00:00,53,37.0,0.0,34.0,2.3,330.0
Puerto Rico S,2026-07-27 09:00:00,56,37.0,0.0,34.0,1.4,346.0
Puerto Rico S,2026-07-27 09:00:00,59,36.0,0.0,28.0,0.5,356.0
Puerto Rico S,2026-07-27 09:00:00,62,36.0,0.0,25.0,0.6,330.0
Puerto Rico S,2026-07-27 09:00:00,65,56.0,0.0,23.0,0.6,304.0
Puerto Rico S,2026-07-27 09:00:00,68,55.0,0.0,23.0,1.0,290.0
Puerto Rico S,2026-07-27 09:00:00,71,56.0,0.0,25.0,0.9,270.0
Puerto Rico S,2026-07-27 09:00:00,74,57.0,0.0,29.0,1.3,303.0
Puerto Rico S,2026-07-27 09:00:00,77,57.0,0.0,33.0,1.8,328.0
Puerto Rico S,2026-07-27 09:00:00,80,57.0,0.0,33.0,1.7,320.0
Puerto Rico S,2026-07-27 09:00:00,83,56.0,0.0,26.0,1.6,305.0
Puerto Rico S,2026-07-27 09:00:00,86,56.0,0.0,23.0,1.3,329.0
Puerto Rico S,2026-07-27 09:00:00,89,36.0,0.0,23.0,1.0,343.0
Puerto Rico S,2026-07-27 09:00:00,92,36.0,0.0,24.0,1.0,320.0
Puerto Rico S,2026-07-27 09:00:00,95,36.0,0.0,25.0,1.3,303.0
Puerto Rico S,2026-07-27 09:00:00,98,37.0,0.0,31.0,1.5,320.0
Puerto Rico S,2026-07-27 09:00:00,101,55.0,0.0,36.0,1.7,330.0
Puerto Rico S,2026-07-27 09:00:00,104,56.0,0.0,32.0,1.2,307.0
Puerto Rico S,2026-07-27 09:00:00,107,36.0,0.0,27.0,0.7,281.0
Puerto Rico S,2026-07-27 09:00:00,110,36.0,0.0,25.0,0.9,314.0
Puerto Rico S,2026-07-27 09:00:00,113,35.0,0.0,24.0,1.2,340.0
Puerto Rico S,2026-07-27 12:00:00,14,,,21.0,,
Puerto Rico S,2026-07-27 12:00:00,17,,,21.0,,
Puerto Rico S,2026-07-27 12:00:00,23,,,30.0,,
Puerto Rico S,2026-07-27 12:00:00,32,,,30.0,,
Puerto Rico S,2026-07-27 12:00:00,38,,,21.0,,
Puerto Rico S,2026-07-27 12:00:00,41,,,21.0,,
Puerto Rico S,2026-07-27 12:00:00,47,,,30.0,,
Puerto Rico S,2026-07-27 12:00:00,56,,,30.0,,
Puerto Rico S,2026-07-27 12:00:00,62,,,21.0,,
Puerto Rico S,2026-07-27 12:00:00,65,,,21.0,,
Puerto Rico S,2026-07-27 12:00:00,74,,,34.0,,
Puerto Rico S,2026-07-27 12:00:00,77,,,34.0,,
Puerto Rico S,2026-07-27 12:00:00,80,,,28.0,,
Puerto Rico S,2026-07-27 12:00:00,86,,,21.0,,
Puerto Rico S,2026-07-27 12:00:00,89,,,21.0,,
Puerto Rico S,2026-07-27 12:00:00,98,,,34.0,,
Puerto Rico S,2026-07-27 12:00:00,101,,,34.0,,
Puerto Rico S,2026-07-27 12:00:00,107,,,21.0,,
Puerto Rico S,2026-07-27 12:00:00,110,,,21.0,,
Puerto Suárez,2026-07-27 09:00:00,5,36.0,0.0,36.0,5.4,349.0
Puerto Suárez,2026-07-27 09:00:00,8,36.0,0.0,36.0,3.5,359.0
Puerto Suárez,2026-07-27 09:00:00,11,36.0,0.0,30.0,1.5,360.0
Puerto Suárez,2026-07-27 09:00:00,14,36.0,0.0,24.0,2.5,353.0
Puerto Suárez,2026-07-27 09:00:00,17,26.0,0.0,22.0,3.6,343.0
Puerto Suárez,2026-07-27 09:00:00,20,26.0,0.0,22.0,3.6,353.0
Puerto Suárez,2026-07-27 09:00:00,23,26.0,0.0,25.0,4.0,343.0
Puerto Suárez,2026-07-27 09:00:00,26,26.0,0.0,31.0,5.2,341.0
Puerto Suárez,2026-07-27 09:00:00,29,36.0,0.0,37.0,6.5,331.0
Puerto Suárez,2026-07-27 09:00:00,32,36.0,0.0,37.0,4.5,331.0
Puerto Suárez,2026-07-27 09:00:00,35,26.0,0.0,28.0,2.5,330.0
Puerto Suárez,2026-07-27 09:00:00,38,26.0,0.0,24.0,2.2,350.0
Puerto Suárez,2026-07-27 09:00:00,41,26.0,0.0,22.0,2.0,360.0
Puerto Suárez,2026-07-27 09:00:00,44,35.0,0.0,22.0,1.8,20.0
Puerto Suárez,2026-07-27 09:00:00,47,36.0,0.0,25.0,2.4,353.0
Puerto Suárez,2026-07-27 09:00:00,50,36.0,0.0,31.0,3.9,350.0
Puerto Suárez,2026-07-27 09:00:00,53,36.0,0.0,37.0,5.5,340.0
Puerto Suárez,2026-07-27 09:00:00,56,36.0,0.0,37.0,3.6,350.0
Puerto Suárez,2026-07-27 09:00:00,59,36.0,0.0,31.0,1.6,350.0
Puerto Suárez,2026-07-27 09:00:00,62,36.0,0.0,25.0,1.4,0.0
Puerto Suárez,2026-07-27 09:00:00,65,36.0,0.0,21.0,1.2,3.0
Puerto Suárez,2026-07-27 09:00:00,68,36.0,0.0,21.0,0.9,310.0
Puerto Suárez,2026-07-27 09:00:00,71,37.0,0.0,26.0,1.3,283.0
Puerto Suárez,2026-07-27 09:00:00,74,35.0,0.0,30.0,1.8,320.0
Puerto Suárez,2026-07-27 09:00:00,77,56.0,0.0,36.0,2.2,349.0
Puerto Suárez,2026-07-27 09:00:00,80,56.0,0.0,36.0,2.1,39.0
Puerto Suárez,2026-07-27 09:00:00,83,36.0,0.0,31.0,2.0,80.0
Puerto Suárez,2026-07-27 09:00:00,86,36.0,0.0,21.0,1.7,80.0
Puerto Suárez,2026-07-27 09:00:00,89,26.0,0.0,21.0,1.4,79.0
Puerto Suárez,2026-07-27 09:00:00,92,26.0,0.0,28.0,2.1,77.0
Puerto Suárez,2026-07-27 09:00:00,95,26.0,0.0,29.0,2.7,67.0
Puerto Suárez,2026-07-27 09:00:00,98,26.0,0.0,35.0,3.7,37.0
Puerto Suárez,2026-07-27 09:00:00,101,36.0,0.0,41.0,4.6,360.0
Puerto Suárez,2026-07-27 09:00:00,104,36.0,0.0,36.0,3.0,20.0
Puerto Suárez,2026-07-27 09:00:00,107,26.0,0.0,30.0,1.3,40.0
Puerto Suárez,2026-07-27 09:00:00,110,26.0,0.0,28.0,1.6,60.0
Puerto Suárez,2026-07-27 09:00:00,113,26.0,0.0,26.0,1.8,79.0
Puerto Suárez,2026-07-27 12:00:00,14,,,21.0,,
Puerto Suárez,2026-07-27 12:00:00,17,,,21.0,,
Puerto Suárez,2026-07-27 12:00:00,26,,,36.0,,
Puerto Suárez,2026-07-27 12:00:00,29,,,36.0,,
Puerto Suárez,2026-07-27 12:00:00,50,,,36.0,,
Puerto Suárez,2026-07-27 12:00:00,53,,,36.0,,
Puerto Suárez,2026-07-27 12:00:00,74,,,35.0,,
Puerto Suárez,2026-07-27 12:00:00,77,,,35.0,,
Puerto Suárez,2026-07-27 12:00:00,83,,,25.0,,
Puerto Suárez,2026-07-27 12:00:00,86,,,20.0,,
Puerto Suárez,2026-07-27 12:00:00,89,,,20.0,,
Puerto Suárez,2026-07-27 12:00:00,92,,,25.0,,
Puerto Suárez,2026-07-27 12:00:00,95,,,32.0,,
Puerto Suárez,2026-07-27 12:00:00,98,,,36.0,,
Puerto Suárez,2026-07-27 12:00:00,107,,,20.0,,
Puerto Suárez,2026-07-27 12:00:00,110,,,20.0,,
Puerto Villarroel,2026-07-27 09:00:00,5,36.0,0.0,31.0,4.2,320.0
Puerto Villarroel,2026-07-27 09:00:00,8,36.0,0.0,31.0,3.1,310.0
Puerto Villarroel,2026-07-27 09:00:00,11,55.0,0.0,27.0,2.0,296.0
Puerto Villarroel,2026-07-27 09:00:00,14,55.0,0.0,24.0,1.5,286.0
Puerto Villarroel,2026-07-27 09:00:00,17,36.0,0.0,21.0,1.2,272.0
Puerto Villarroel,2026-07-27 09:00:00,20,36.0,0.0,21.0,1.2,280.0
Puerto Villarroel,2026-07-27 09:00:00,23,36.0,0.0,24.0,1.4,272.0
Puerto Villarroel,2026-07-27 09:00:00,26,36.0,0.0,27.0,3.0,297.0
Puerto Villarroel,2026-07-27 09:00:00,29,56.0,0.0,31.0,4.6,317.0
Puerto Villarroel,2026-07-27 09:00:00,32,56.0,0.0,31.0,3.7,310.0
Puerto Villarroel,2026-07-27 09:00:00,35,56.0,0.0,27.0,2.8,296.0
Puerto Villarroel,2026-07-27 09:00:00,38,56.0,0.0,25.0,1.9,288.0
Puerto Villarroel,2026-07-27 09:00:00,41,56.0,0.0,21.0,1.0,276.0
Puerto Villarroel,2026-07-27 09:00:00,44,36.0,0.0,21.0,0.9,318.0
Puerto Villarroel,2026-07-27 09:00:00,47,36.0,0.0,24.0,1.1,292.0
Puerto Villarroel,2026-07-27 09:00:00,50,36.0,0.0,27.0,2.6,308.0
Puerto Villarroel,2026-07-27 09:00:00,53,56.0,0.0,31.0,4.1,320.0
Puerto Villarroel,2026-07-27 09:00:00,56,56.0,0.0,31.0,3.1,308.0
Puerto Villarroel,2026-07-27 09:00:00,59,56.0,0.0,27.0,2.1,292.0
Puerto Villarroel,2026-07-27 09:00:00,62,56.0,0.0,25.0,1.2,272.0
Puerto Villarroel,2026-07-27 09:00:00,65,56.0,0.0,20.0,0.3,250.0
Puerto Villarroel,2026-07-27 09:00:00,68,56.0,0.0,20.0,0.9,276.0
Puerto Villarroel,2026-07-27 09:00:00,71,56.0,0.0,24.0,0.6,316.0
Puerto Villarroel,2026-07-27 09:00:00,74,56.0,0.0,25.0,1.9,320.0
Puerto Villarroel,2026-07-27 09:00:00,77,88.0,1.2,30.0,3.1,320.0
Puerto Villarroel,2026-07-27 09:00:00,80,88.0,1.4,30.0,2.2,284.0
Puerto Villarroel,2026-07-27 09:00:00,83,56.0,0.0,27.0,1.3,244.0
Puerto Villarroel,2026-07-27 09:00:00,86,56.0,0.0,20.0,1.1,258.0
Puerto Villarroel,2026-07-27 09:00:00,89,56.0,0.0,20.0,0.9,264.0
Puerto Villarroel,2026-07-27 09:00:00,92,55.0,0.0,25.0,1.0,292.0
Puerto Villarroel,2026-07-27 09:00:00,95,56.0,0.0,25.0,1.1,302.0
Puerto Villarroel,2026-07-27 09:00:00,98,56.0,0.0,31.0,2.5,316.0
Puerto Villarroel,2026-07-27 09:00:00,101,56.0,0.0,37.0,3.9,328.0
Puerto Villarroel,2026-07-27 09:00:00,104,55.0,0.0,32.0,2.7,300.0
Puerto Villarroel,2026-07-27 09:00:00,107,56.0,0.0,26.0,1.6,264.0
Puerto Villarroel,2026-07-27 09:00:00,110,56.0,0.0,25.0,1.4,290.0
Puerto Villarroel,2026-07-27 09:00:00,113,56.0,0.0,24.0,1.1,308.0
Puerto Villarroel,2026-07-27 12:00:00,14,,,20.0,,
Puerto Villarroel,2026-07-27 12:00:00,17,,,20.0,,
Puerto Villarroel,2026-07-27 12:00:00,38,,,20.0,,
Puerto Villarroel,2026-07-27 12:00:00,41,,,20.0,,
Puerto Villarroel,2026-07-27 12:00:00,62,,,21.0,,
Puerto Villarroel,2026-07-27 12:00:00,65,,,21.0,,
Puerto Villarroel,2026-07-27 12:00:00,74,,,32.0,,
Puerto Villarroel,2026-07-27 12:00:00,77,,,32.0,,
Puerto Villarroel,2026-07-27 12:00:00,83,,,24.0,,
Puerto Villarroel,2026-07-27 12:00:00,86,,,21.0,,
Puerto Villarroel,2026-07-27 12:00:00,89,,,21.0,,
Puerto Villarroel,2026-07-27 12:00:00,95,,,29.0,,
Puerto Villarroel,2026-07-27 12:00:00,98,,,33.0,,
Puerto Villarroel,2026-07-27 12:00:00,101,,,33.0,,
Puerto Villarroel,2026-07-27 12:00:00,107,,,21.0,,
Puerto Villarroel,2026-07-27 12:00:00,110,,,21.0,,
Quetenas (GPRS),2026-07-27 09:00:00,5,26.0,0.0,13.0,8.3,270.0
Quetenas (GPRS),2026-07-27 09:00:00,8,26.0,0.0,13.0,5.2,260.0
Quetenas (GPRS),2026-07-27 09:00:00,11,26.0,0.0,-1.0,2.1,246.0
Quetenas (GPRS),2026-07-27 09:00:00,14,26.0,0.0,-9.0,2.3,245.0
Quetenas (GPRS),2026-07-27 09:00:00,17,27.0,0.0,-15.0,2.4,242.0
Quetenas (GPRS),2026-07-27 09:00:00,20,26.0,0.0,-15.0,2.1,285.0
Quetenas (GPRS),2026-07-27 09:00:00,23,26.0,0.0,-3.0,2.3,309.0
Quetenas (GPRS),2026-07-27 09:00:00,26,27.0,0.0,1.0,8.4,302.0
Quetenas (GPRS),2026-07-27 09:00:00,29,26.0,0.0,14.0,14.5,290.0
Quetenas (GPRS),2026-07-27 09:00:00,32,26.0,0.0,14.0,8.5,270.0
Quetenas (GPRS),2026-07-27 09:00:00,35,26.0,0.0,-3.0,2.5,245.0
Quetenas (GPRS),2026-07-27 09:00:00,38,26.0,0.0,-8.0,2.1,260.0
Quetenas (GPRS),2026-07-27 09:00:00,41,27.0,0.0,-14.0,1.6,265.0
Quetenas (GPRS),2026-07-27 09:00:00,44,26.0,0.0,-14.0,1.4,271.0
Quetenas (GPRS),2026-07-27 09:00:00,47,26.0,0.0,-3.0,1.2,271.0
Quetenas (GPRS),2026-07-27 09:00:00,50,26.0,0.0,2.0,3.8,296.0
Quetenas (GPRS),2026-07-27 09:00:00,53,26.0,0.0,13.0,6.3,317.0
Quetenas (GPRS),2026-07-27 09:00:00,56,26.0,0.0,13.0,4.4,280.0
Quetenas (GPRS),2026-07-27 09:00:00,59,26.0,0.0,6.0,2.5,243.0
Quetenas (GPRS),2026-07-27 09:00:00,62,26.0,0.0,-2.0,2.2,244.0
Quetenas (GPRS),2026-07-27 09:00:00,65,26.0,0.0,-15.0,1.8,244.0
Quetenas (GPRS),2026-07-27 09:00:00,68,26.0,0.0,-15.0,1.6,219.0
Quetenas (GPRS),2026-07-27 09:00:00,71,26.0,0.0,-2.0,1.5,199.0
Quetenas (GPRS),2026-07-27 09:00:00,74,26.0,0.0,2.0,2.4,275.0
Quetenas (GPRS),2026-07-27 09:00:00,77,26.0,0.0,12.0,3.4,346.0
Quetenas (GPRS),2026-07-27 09:00:00,80,26.0,0.0,12.0,2.6,321.0
Quetenas (GPRS),2026-07-27 09:00:00,83,26.0,0.0,1.0,1.7,296.0
Quetenas (GPRS),2026-07-27 09:00:00,86,26.0,0.0,-15.0,1.9,273.0
Quetenas (GPRS),2026-07-27 09:00:00,89,26.0,0.0,-15.0,2.1,250.0
Quetenas (GPRS),2026-07-27 09:00:00,92,26.0,0.0,-2.0,2.2,260.0
Quetenas (GPRS),2026-07-27 09:00:00,95,26.0,0.0,-2.0,2.3,243.0
Quetenas (GPRS),2026-07-27 09:00:00,98,26.0,0.0,2.0,7.0,269.0
Quetenas (GPRS),2026-07-27 09:00:00,101,26.0,0.0,6.0,11.8,286.0
Quetenas (GPRS),2026-07-27 09:00:00,104,26.0,0.0,3.0,6.7,296.0
Quetenas (GPRS),2026-07-27 09:00:00,107,26.0,0.0,-1.0,1.4,302.0
Quetenas (GPRS),2026-07-27 09:00:00,110,26.0,0.0,-3.0,1.3,275.0
Quetenas (GPRS),2026-07-27 09:00:00,113,26.0,0.0,-4.0,1.1,249.0
Quetenas (GPRS),2026-07-27 12:00:00,14,,,-12.0,,
Quetenas (GPRS),2026-07-27 12:00:00,17,,,-12.0,,
Quetenas (GPRS),2026-07-27 12:00:00,38,,,-12.0,,
Quetenas (GPRS),2026-07-27 12:00:00,41,,,-12.0,,
Quetenas (GPRS),2026-07-27 12:00:00,50,,,14.0,,
Quetenas (GPRS),2026-07-27 12:00:00,53,,,14.0,,
Quetenas (GPRS),2026-07-27 12:00:00,62,,,-12.0,,
Quetenas (GPRS),2026-07-27 12:00:00,65,,,-12.0,,
Quetenas (GPRS),2026-07-27 12:00:00,74,,,14.0,,
Quetenas (GPRS),2026-07-27 12:00:00,77,,,14.0,,
Quetenas (GPRS),2026-07-27 12:00:00,83,,,-7.0,,
Quetenas (GPRS),2026-07-27 12:00:00,86,,,-13.0,,
Quetenas (GPRS),2026-07-27 12:00:00,89,,,-13.0,,
Quetenas (GPRS),2026-07-27 12:00:00,98,,,14.0,,
Quetenas (GPRS),2026-07-27 12:00:00,101,,,14.0,,
Quetenas (GPRS),2026-07-27 12:00:00,107,,,-13.0,,
Quetenas (GPRS),2026-07-27 12:00:00,110,,,-13.0,,
Reyes,2026-07-27 09:00:00,5,36.0,0.0,32.0,3.9,338.0
Reyes,2026-07-27 09:00:00,8,36.0,0.0,32.0,2.6,326.0
Reyes,2026-07-27 09:00:00,11,37.0,0.0,27.0,1.4,306.0
Reyes,2026-07-27 09:00:00,14,36.0,0.0,24.0,1.3,291.0
Reyes,2026-07-27 09:00:00,17,25.0,0.0,20.0,1.1,273.0
Reyes,2026-07-27 09:00:00,20,26.0,0.0,21.0,1.1,298.0
Reyes,2026-07-27 09:00:00,23,26.0,0.0,24.0,1.0,310.0
Reyes,2026-07-27 09:00:00,26,26.0,0.0,29.0,2.5,320.0
Reyes,2026-07-27 09:00:00,29,36.0,0.0,33.0,4.1,329.0
Reyes,2026-07-27 09:00:00,32,37.0,0.0,33.0,2.7,321.0
Reyes,2026-07-27 09:00:00,35,26.0,0.0,28.0,1.2,310.0
Reyes,2026-07-27 09:00:00,38,26.0,0.0,24.0,1.1,310.0
Reyes,2026-07-27 09:00:00,41,26.0,0.0,21.0,1.0,310.0
Reyes,2026-07-27 09:00:00,44,36.0,0.0,21.0,1.1,302.0
Reyes,2026-07-27 09:00:00,47,36.0,0.0,25.0,1.0,301.0
Reyes,2026-07-27 09:00:00,50,35.0,0.0,29.0,2.3,320.0
Reyes,2026-07-27 09:00:00,53,36.0,0.0,33.0,3.8,329.0
Reyes,2026-07-27 09:00:00,56,36.0,0.0,33.0,2.5,320.0
Reyes,2026-07-27 09:00:00,59,36.0,0.0,29.0,1.1,302.0
Reyes,2026-07-27 09:00:00,62,36.0,0.0,25.0,0.9,301.0
Reyes,2026-07-27 09:00:00,65,36.0,0.0,21.0,0.9,292.0
Reyes,2026-07-27 09:00:00,68,36.0,0.0,21.0,0.8,263.0
Reyes,2026-07-27 09:00:00,71,36.0,0.0,24.0,0.6,253.0
Reyes,2026-07-27 09:00:00,74,36.0,0.0,29.0,1.6,292.0
Reyes,2026-07-27 09:00:00,77,55.0,0.0,32.0,2.6,328.0
Reyes,2026-07-27 09:00:00,80,56.0,0.0,32.0,1.7,302.0
Reyes,2026-07-27 09:00:00,83,56.0,0.0,26.0,0.8,273.0
Reyes,2026-07-27 09:00:00,86,56.0,0.0,21.0,0.9,281.0
Reyes,2026-07-27 09:00:00,89,36.0,0.0,21.0,1.0,288.0
Reyes,2026-07-27 09:00:00,92,36.0,0.0,24.0,0.9,281.0
Reyes,2026-07-27 09:00:00,95,36.0,0.0,24.0,0.8,271.0
Reyes,2026-07-27 09:00:00,98,36.0,0.0,31.0,2.0,300.0
Reyes,2026-07-27 09:00:00,101,57.0,0.0,37.0,3.2,328.0
Reyes,2026-07-27 09:00:00,104,56.0,0.0,32.0,2.2,289.0
Reyes,2026-07-27 09:00:00,107,35.0,0.0,28.0,1.1,249.0
Reyes,2026-07-27 09:00:00,110,35.0,0.0,26.0,1.1,248.0
Reyes,2026-07-27 09:00:00,113,36.0,0.0,24.0,1.1,239.0
Reyes,2026-07-27 12:00:00,14,,,21.0,,
Reyes,2026-07-27 12:00:00,26,,,32.0,,
Reyes,2026-07-27 12:00:00,29,,,32.0,,
Reyes,2026-07-27 12:00:00,38,,,22.0,,
Reyes,2026-07-27 12:00:00,41,,,22.0,,
Reyes,2026-07-27 12:00:00,50,,,32.0,,
Reyes,2026-07-27 12:00:00,53,,,32.0,,
Reyes,2026-07-27 12:00:00,74,,,33.0,,
Reyes,2026-07-27 12:00:00,77,,,33.0,,
Reyes,2026-07-27 12:00:00,80,,,28.0,,
Reyes,2026-07-27 12:00:00,83,,,24.0,,
Reyes,2026-07-27 12:00:00,89,,,21.0,,
Reyes,2026-07-27 12:00:00,95,,,29.0,,
Reyes,2026-07-27 12:00:00,98,,,32.0,,
Reyes,2026-07-27 12:00:00,107,,,22.0,,
Reyes,2026-07-27 12:00:00,110,,,21.0,,
Riberalta,2026-07-27 09:00:00,5,56.0,0.0,35.0,2.2,321.0
Riberalta,2026-07-27 09:00:00,8,56.0,0.0,35.0,1.7,4.0
Riberalta,2026-07-27 09:00:00,11,36.0,0.0,30.0,1.2,37.0
Riberalta,2026-07-27 09:00:00,14,36.0,0.0,27.0,1.3,10.0
Riberalta,2026-07-27 09:00:00,17,36.0,0.0,23.0,1.4,336.0
Riberalta,2026-07-27 09:00:00,20,36.0,0.0,23.0,1.8,339.0
Riberalta,2026-07-27 09:00:00,23,36.0,0.0,28.0,1.8,336.0
Riberalta,2026-07-27 09:00:00,26,36.0,0.0,30.0,2.2,337.0
Riberalta,2026-07-27 09:00:00,29,56.0,0.0,36.0,2.5,331.0
Riberalta,2026-07-27 09:00:00,32,56.0,0.0,36.0,1.9,350.0
Riberalta,2026-07-27 09:00:00,35,36.0,0.0,29.0,1.3,359.0
Riberalta,2026-07-27 09:00:00,38,36.0,0.0,26.0,1.4,350.0
Riberalta,2026-07-27 09:00:00,41,36.0,0.0,23.0,1.4,341.0
Riberalta,2026-07-27 09:00:00,44,36.0,0.0,23.0,1.4,341.0
Riberalta,2026-07-27 09:00:00,47,36.0,0.0,28.0,1.6,356.0
Riberalta,2026-07-27 09:00:00,50,36.0,0.0,31.0,2.2,347.0
Riberalta,2026-07-27 09:00:00,53,36.0,0.0,36.0,2.7,331.0
Riberalta,2026-07-27 09:00:00,56,35.0,0.0,36.0,2.0,341.0
Riberalta,2026-07-27 09:00:00,59,36.0,0.0,29.0,1.3,350.0
Riberalta,2026-07-27 09:00:00,62,37.0,0.0,27.0,1.4,330.0
Riberalta,2026-07-27 09:00:00,65,56.0,0.0,23.0,1.5,300.0
Riberalta,2026-07-27 09:00:00,68,56.0,0.0,23.0,1.0,320.0
Riberalta,2026-07-27 09:00:00,71,56.0,0.0,26.0,0.9,334.0
Riberalta,2026-07-27 09:00:00,74,56.0,0.0,31.0,1.2,331.0
Riberalta,2026-07-27 09:00:00,77,56.0,0.0,35.0,1.6,322.0
Riberalta,2026-07-27 09:00:00,80,56.0,0.0,35.0,1.3,319.0
Riberalta,2026-07-27 09:00:00,83,56.0,0.0,25.0,1.1,313.0
Riberalta,2026-07-27 09:00:00,86,56.0,0.0,23.0,0.9,294.0
Riberalta,2026-07-27 09:00:00,89,36.0,0.0,23.0,0.6,271.0
Riberalta,2026-07-27 09:00:00,92,36.0,0.0,24.0,1.0,309.0
Riberalta,2026-07-27 09:00:00,95,36.0,0.0,25.0,1.4,9.0
Riberalta,2026-07-27 09:00:00,98,36.0,0.0,32.0,1.5,359.0
Riberalta,2026-07-27 09:00:00,101,56.0,0.0,38.0,1.7,339.0
Riberalta,2026-07-27 09:00:00,104,57.0,0.0,33.0,1.5,29.0
Riberalta,2026-07-27 09:00:00,107,36.0,0.0,27.0,1.3,69.0
Riberalta,2026-07-27 09:00:00,110,36.0,0.0,25.0,1.1,40.0
Riberalta,2026-07-27 09:00:00,113,36.0,0.0,24.0,0.9,10.0
Riberalta,2026-07-27 12:00:00,32,,,31.0,,
Riberalta,2026-07-27 12:00:00,47,,,32.0,,
Riberalta,2026-07-27 12:00:00,56,,,30.0,,
Riberalta,2026-07-27 12:00:00,62,,,24.0,,
Riberalta,2026-07-27 12:00:00,65,,,24.0,,
Riberalta,2026-07-27 12:00:00,74,,,37.0,,
Riberalta,2026-07-27 12:00:00,77,,,37.0,,
Riberalta,2026-07-27 12:00:00,80,,,30.0,,
Riberalta,2026-07-27 12:00:00,83,,,27.0,,
Riberalta,2026-07-27 12:00:00,89,,,23.0,,
Riberalta,2026-07-27 12:00:00,98,,,36.0,,
Riberalta,2026-07-27 12:00:00,101,,,36.0,,
Riberalta,2026-07-27 12:00:00,107,,,23.0,,
Riberalta,2026-07-27 12:00:00,110,,,23.0,,
Robore,2026-07-27 09:00:00,5,36.0,0.0,35.0,7.2,340.0
Robore,2026-07-27 09:00:00,8,36.0,0.0,35.0,5.7,340.0
Robore,2026-07-27 09:00:00,11,36.0,0.0,27.0,4.1,340.0
Robore,2026-07-27 09:00:00,14,36.0,0.0,24.0,3.3,350.0
Robore,2026-07-27 09:00:00,17,27.0,0.0,22.0,2.6,360.0
Robore,2026-07-27 09:00:00,20,27.0,0.0,22.0,4.4,348.0
Robore,2026-07-27 09:00:00,23,26.0,0.0,24.0,4.4,348.0
Robore,2026-07-27 09:00:00,26,26.0,0.0,27.0,6.2,340.0
Robore,2026-07-27 09:00:00,29,37.0,0.0,36.0,7.9,330.0
Robore,2026-07-27 09:00:00,32,36.0,0.0,36.0,6.7,340.0
Robore,2026-07-27 09:00:00,35,26.0,0.0,29.0,5.5,340.0
Robore,2026-07-27 09:00:00,38,26.0,0.0,25.0,5.0,340.0
Robore,2026-07-27 09:00:00,41,26.0,0.0,22.0,4.4,340.0
Robore,2026-07-27 09:00:00,44,36.0,0.0,22.0,2.8,340.0
Robore,2026-07-27 09:00:00,47,36.0,0.0,24.0,3.2,348.0
Robore,2026-07-27 09:00:00,50,36.0,0.0,28.0,4.9,340.0
Robore,2026-07-27 09:00:00,53,37.0,0.0,36.0,6.7,330.0
Robore,2026-07-27 09:00:00,56,36.0,0.0,36.0,4.3,338.0
Robore,2026-07-27 09:00:00,59,36.0,0.0,30.0,2.0,338.0
Robore,2026-07-27 09:00:00,62,36.0,0.0,24.0,2.1,338.0
Robore,2026-07-27 09:00:00,65,37.0,0.0,21.0,2.2,328.0
Robore,2026-07-27 09:00:00,68,36.0,0.0,21.0,2.2,338.0
Robore,2026-07-27 09:00:00,71,37.0,0.0,27.0,2.4,320.0
Robore,2026-07-27 09:00:00,74,36.0,0.0,30.0,3.5,320.0
Robore,2026-07-27 09:00:00,77,56.0,0.0,35.0,4.5,320.0
Robore,2026-07-27 09:00:00,80,56.0,0.0,35.0,3.1,340.0
Robore,2026-07-27 09:00:00,83,37.0,0.0,31.0,1.7,360.0
Robore,2026-07-27 09:00:00,86,36.0,0.0,21.0,1.8,350.0
Robore,2026-07-27 09:00:00,89,27.0,0.0,21.0,1.9,340.0
Robore,2026-07-27 09:00:00,92,26.0,0.0,27.0,2.2,360.0
Robore,2026-07-27 09:00:00,95,25.0,0.0,29.0,2.3,360.0
Robore,2026-07-27 09:00:00,98,27.0,0.0,34.0,4.4,360.0
Robore,2026-07-27 09:00:00,101,35.0,0.0,40.0,6.5,350.0
Robore,2026-07-27 09:00:00,104,36.0,0.0,36.0,4.4,360.0
Robore,2026-07-27 09:00:00,107,26.0,0.0,31.0,2.4,10.0
Robore,2026-07-27 09:00:00,110,26.0,0.0,28.0,2.3,360.0
Robore,2026-07-27 09:00:00,113,27.0,0.0,25.0,2.1,340.0
Robore,2026-07-27 12:00:00,8,,,30.0,,
Robore,2026-07-27 12:00:00,11,,,26.0,,
Robore,2026-07-27 12:00:00,14,,,24.0,,
Robore,2026-07-27 12:00:00,17,,,24.0,,
Robore,2026-07-27 12:00:00,20,,,27.0,,
Robore,2026-07-27 12:00:00,23,,,30.0,,
Robore,2026-07-27 12:00:00,26,,,34.0,,
Robore,2026-07-27 12:00:00,29,,,34.0,,
Robore,2026-07-27 12:00:00,32,,,31.0,,
Robore,2026-07-27 12:00:00,35,,,27.0,,
Robore,2026-07-27 12:00:00,38,,,24.0,,
Robore,2026-07-27 12:00:00,41,,,24.0,,
Robore,2026-07-27 12:00:00,44,,,26.0,,
Robore,2026-07-27 12:00:00,47,,,29.0,,
Robore,2026-07-27 12:00:00,50,,,34.0,,
Robore,2026-07-27 12:00:00,53,,,34.0,,
Robore,2026-07-27 12:00:00,59,,,27.0,,
Robore,2026-07-27 12:00:00,62,,,24.0,,
Robore,2026-07-27 12:00:00,65,,,24.0,,
Robore,2026-07-27 12:00:00,74,,,33.0,,
Robore,2026-07-27 12:00:00,77,,,33.0,,
Robore,2026-07-27 12:00:00,80,,,30.0,,
Robore,2026-07-27 12:00:00,83,,,26.0,,
Robore,2026-07-27 12:00:00,86,,,23.0,,
Robore,2026-07-27 12:00:00,89,,,23.0,,
Robore,2026-07-27 12:00:00,92,,,26.0,,
Robore,2026-07-27 12:00:00,95,,,29.0,,
Robore,2026-07-27 12:00:00,98,,,34.0,,
Robore,2026-07-27 12:00:00,101,,,34.0,,
Robore,2026-07-27 12:00:00,104,,,29.0,,
Robore,2026-07-27 12:00:00,107,,,23.0,,
Robore,2026-07-27 12:00:00,110,,,23.0,,
Rurrenabaque,2026-07-27 09:00:00,5,36.0,0.0,31.0,3.9,347.0
Rurrenabaque,2026-07-27 09:00:00,8,36.0,0.0,31.0,2.4,327.0
Rurrenabaque,2026-07-27 09:00:00,11,36.0,0.0,27.0,0.9,299.0
Rurrenabaque,2026-07-27 09:00:00,14,37.0,0.0,24.0,1.0,271.0
Rurrenabaque,2026-07-27 09:00:00,17,27.0,0.0,21.0,1.0,239.0
Rurrenabaque,2026-07-27 09:00:00,20,27.0,0.0,21.0,0.7,264.0
Rurrenabaque,2026-07-27 09:00:00,23,26.0,0.0,25.0,0.6,261.0
Rurrenabaque,2026-07-27 09:00:00,26,26.0,0.0,28.0,2.4,308.0
Rurrenabaque,2026-07-27 09:00:00,29,37.0,0.0,32.0,4.2,344.0
Rurrenabaque,2026-07-27 09:00:00,32,37.0,0.0,32.0,2.6,334.0
Rurrenabaque,2026-07-27 09:00:00,35,26.0,0.0,27.0,1.0,314.0
Rurrenabaque,2026-07-27 09:00:00,38,26.0,0.0,24.0,0.9,310.0
Rurrenabaque,2026-07-27 09:00:00,41,26.0,0.0,21.0,0.7,306.0
Rurrenabaque,2026-07-27 09:00:00,44,36.0,0.0,21.0,0.8,300.0
Rurrenabaque,2026-07-27 09:00:00,47,36.0,0.0,25.0,0.7,278.0
Rurrenabaque,2026-07-27 09:00:00,50,36.0,0.0,28.0,2.3,311.0
Rurrenabaque,2026-07-27 09:00:00,53,37.0,0.0,32.0,3.8,344.0
Rurrenabaque,2026-07-27 09:00:00,56,36.0,0.0,32.0,2.3,324.0
Rurrenabaque,2026-07-27 09:00:00,59,36.0,0.0,27.0,0.9,304.0
Rurrenabaque,2026-07-27 09:00:00,62,36.0,0.0,24.0,0.9,278.0
Rurrenabaque,2026-07-27 09:00:00,65,36.0,0.0,21.0,0.8,245.0
Rurrenabaque,2026-07-27 09:00:00,68,36.0,0.0,21.0,0.8,234.0
Rurrenabaque,2026-07-27 09:00:00,71,36.0,0.0,23.0,0.6,224.0
Rurrenabaque,2026-07-27 09:00:00,74,36.0,0.0,29.0,1.5,281.0
Rurrenabaque,2026-07-27 09:00:00,77,55.0,0.0,32.0,2.3,330.0
Rurrenabaque,2026-07-27 09:00:00,80,56.0,0.0,31.0,1.6,291.0
Rurrenabaque,2026-07-27 09:00:00,83,56.0,0.0,25.0,0.9,244.0
Rurrenabaque,2026-07-27 09:00:00,86,56.0,0.0,21.0,0.8,249.0
Rurrenabaque,2026-07-27 09:00:00,89,36.0,0.0,21.0,0.7,252.0
Rurrenabaque,2026-07-27 09:00:00,92,36.0,0.0,24.0,0.9,249.0
Rurrenabaque,2026-07-27 09:00:00,95,36.0,0.0,24.0,0.7,244.0
Rurrenabaque,2026-07-27 09:00:00,98,36.0,0.0,30.0,1.9,297.0
Rurrenabaque,2026-07-27 09:00:00,101,57.0,0.0,36.0,3.2,343.0
Rurrenabaque,2026-07-27 09:00:00,104,56.0,0.0,31.0,2.3,280.0
Rurrenabaque,2026-07-27 09:00:00,107,36.0,0.0,26.0,1.3,208.0
Rurrenabaque,2026-07-27 09:00:00,110,36.0,0.0,24.0,1.1,218.0
Rurrenabaque,2026-07-27 09:00:00,113,37.0,0.0,23.0,0.9,226.0
Rurrenabaque,2026-07-27 12:00:00,32,,,28.0,,
Rurrenabaque,2026-07-27 12:00:00,35,,,25.0,,
Rurrenabaque,2026-07-27 12:00:00,38,,,22.0,,
Rurrenabaque,2026-07-27 12:00:00,41,,,22.0,,
Rurrenabaque,2026-07-27 12:00:00,47,,,29.0,,
Rurrenabaque,2026-07-27 12:00:00,56,,,28.0,,
Rurrenabaque,2026-07-27 12:00:00,68,,,24.0,,
Rurrenabaque,2026-07-27 12:00:00,71,,,28.0,,
Rurrenabaque,2026-07-27 12:00:00,77,,,32.0,,
Rurrenabaque,2026-07-27 12:00:00,80,,,28.0,,
Rurrenabaque,2026-07-27 12:00:00,83,,,24.0,,
Rurrenabaque,2026-07-27 12:00:00,89,,,21.0,,
Rurrenabaque,2026-07-27 12:00:00,95,,,28.0,,
Rurrenabaque,2026-07-27 12:00:00,98,,,31.0,,
Rurrenabaque,2026-07-27 12:00:00,107,,,21.0,,
Rurrenabaque,2026-07-27 12:00:00,110,,,21.0,,
Río Chilenas(GPRS),2026-07-27 09:00:00,5,26.0,0.0,11.0,8.6,283.0
Río Chilenas(GPRS),2026-07-27 09:00:00,8,26.0,0.0,11.0,5.9,283.0
Río Chilenas(GPRS),2026-07-27 09:00:00,11,26.0,0.0,3.0,3.1,275.0
Río Chilenas(GPRS),2026-07-27 09:00:00,14,26.0,0.0,-2.0,3.3,275.0
Río Chilenas(GPRS),2026-07-27 09:00:00,17,26.0,0.0,-11.0,3.4,275.0
Río Chilenas(GPRS),2026-07-27 09:00:00,20,26.0,0.0,-11.0,3.2,300.0
Río Chilenas(GPRS),2026-07-27 09:00:00,23,26.0,0.0,1.0,3.3,310.0
Río Chilenas(GPRS),2026-07-27 09:00:00,26,26.0,0.0,4.0,9.9,303.0
Río Chilenas(GPRS),2026-07-27 09:00:00,29,26.0,0.0,12.0,16.6,293.0
Río Chilenas(GPRS),2026-07-27 09:00:00,32,26.0,0.0,12.0,9.8,277.0
Río Chilenas(GPRS),2026-07-27 09:00:00,35,26.0,0.0,2.0,2.9,257.0
Río Chilenas(GPRS),2026-07-27 09:00:00,38,26.0,0.0,-5.0,2.8,277.0
Río Chilenas(GPRS),2026-07-27 09:00:00,41,27.0,0.0,-10.0,2.7,290.0
Río Chilenas(GPRS),2026-07-27 09:00:00,44,26.0,0.0,-10.0,2.9,290.0
Río Chilenas(GPRS),2026-07-27 09:00:00,47,26.0,0.0,-3.0,2.9,290.0
Río Chilenas(GPRS),2026-07-27 09:00:00,50,26.0,0.0,3.0,5.4,295.0
Río Chilenas(GPRS),2026-07-27 09:00:00,53,26.0,0.0,11.0,7.8,295.0
Río Chilenas(GPRS),2026-07-27 09:00:00,56,26.0,0.0,11.0,5.3,290.0
Río Chilenas(GPRS),2026-07-27 09:00:00,59,26.0,0.0,5.0,2.8,278.0
Río Chilenas(GPRS),2026-07-27 09:00:00,62,27.0,0.0,-2.0,2.6,285.0
Río Chilenas(GPRS),2026-07-27 09:00:00,65,26.0,0.0,-11.0,2.6,287.0
Río Chilenas(GPRS),2026-07-27 09:00:00,68,26.0,0.0,-11.0,2.3,273.0
Río Chilenas(GPRS),2026-07-27 09:00:00,71,25.0,0.0,-2.0,1.8,265.0
Río Chilenas(GPRS),2026-07-27 09:00:00,74,26.0,0.0,3.0,2.8,297.0
Río Chilenas(GPRS),2026-07-27 09:00:00,77,26.0,0.0,10.0,3.9,324.0
Río Chilenas(GPRS),2026-07-27 09:00:00,80,26.0,0.0,10.0,3.3,322.0
Río Chilenas(GPRS),2026-07-27 09:00:00,83,25.0,0.0,1.0,2.8,315.0
Río Chilenas(GPRS),2026-07-27 09:00:00,86,26.0,0.0,-10.0,2.9,300.0
Río Chilenas(GPRS),2026-07-27 09:00:00,89,26.0,0.0,-10.0,3.1,285.0
Río Chilenas(GPRS),2026-07-27 09:00:00,92,26.0,0.0,-2.0,3.2,285.0
Río Chilenas(GPRS),2026-07-27 09:00:00,95,26.0,0.0,-2.0,3.4,275.0
Río Chilenas(GPRS),2026-07-27 09:00:00,98,26.0,0.0,2.0,8.4,290.0
Río Chilenas(GPRS),2026-07-27 09:00:00,101,26.0,0.0,6.0,13.3,300.0
Río Chilenas(GPRS),2026-07-27 09:00:00,104,26.0,0.0,3.0,8.0,290.0
Río Chilenas(GPRS),2026-07-27 09:00:00,107,26.0,0.0,-1.0,2.6,280.0
Río Chilenas(GPRS),2026-07-27 09:00:00,110,26.0,0.0,-2.0,2.3,285.0
Río Chilenas(GPRS),2026-07-27 09:00:00,113,26.0,0.0,-4.0,2.0,285.0
Río Chilenas(GPRS),2026-07-27 12:00:00,26,,,13.0,,
Río Chilenas(GPRS),2026-07-27 12:00:00,29,,,13.0,,
Río Chilenas(GPRS),2026-07-27 12:00:00,38,,,-11.0,,
Río Chilenas(GPRS),2026-07-27 12:00:00,41,,,-11.0,,
Río Chilenas(GPRS),2026-07-27 12:00:00,50,,,14.0,,
Río Chilenas(GPRS),2026-07-27 12:00:00,53,,,14.0,,
Río Chilenas(GPRS),2026-07-27 12:00:00,74,,,14.0,,
Río Chilenas(GPRS),2026-07-27 12:00:00,77,,,14.0,,
Río Chilenas(GPRS),2026-07-27 12:00:00,83,,,-8.0,,
Río Chilenas(GPRS),2026-07-27 12:00:00,86,,,-12.0,,
Río Chilenas(GPRS),2026-07-27 12:00:00,89,,,-12.0,,
Río Chilenas(GPRS),2026-07-27 12:00:00,98,,,14.0,,
Río Chilenas(GPRS),2026-07-27 12:00:00,101,,,14.0,,
Río Chilenas(GPRS),2026-07-27 12:00:00,107,,,-12.0,,
Río Chilenas(GPRS),2026-07-27 12:00:00,110,,,-12.0,,
Salinas (INIAF),2026-07-27 09:00:00,5,27.0,0.0,15.0,3.3,260.0
Salinas (INIAF),2026-07-27 09:00:00,8,26.0,0.0,15.0,3.3,235.0
Salinas (INIAF),2026-07-27 09:00:00,11,27.0,0.0,8.0,3.3,201.0
Salinas (INIAF),2026-07-27 09:00:00,14,27.0,0.0,0.0,2.4,263.0
Salinas (INIAF),2026-07-27 09:00:00,17,25.0,0.0,-5.0,1.5,321.0
Salinas (INIAF),2026-07-27 09:00:00,20,26.0,0.0,-5.0,1.6,265.0
Salinas (INIAF),2026-07-27 09:00:00,23,26.0,0.0,3.0,1.8,318.0
Salinas (INIAF),2026-07-27 09:00:00,26,26.0,0.0,9.0,5.5,308.0
Salinas (INIAF),2026-07-27 09:00:00,29,26.0,0.0,16.0,9.2,289.0
Salinas (INIAF),2026-07-27 09:00:00,32,26.0,0.0,16.0,6.8,274.0
Salinas (INIAF),2026-07-27 09:00:00,35,26.0,0.0,7.0,4.3,255.0
Salinas (INIAF),2026-07-27 09:00:00,38,26.0,0.0,2.0,2.9,204.0
Salinas (INIAF),2026-07-27 09:00:00,41,26.0,0.0,-5.0,1.5,81.0
Salinas (INIAF),2026-07-27 09:00:00,44,26.0,0.0,-5.0,1.4,84.0
Salinas (INIAF),2026-07-27 09:00:00,47,26.0,0.0,2.0,0.8,48.0
Salinas (INIAF),2026-07-27 09:00:00,50,26.0,0.0,9.0,1.4,3.0
Salinas (INIAF),2026-07-27 09:00:00,53,26.0,0.0,15.0,1.9,313.0
Salinas (INIAF),2026-07-27 09:00:00,56,26.0,0.0,15.0,1.7,11.0
Salinas (INIAF),2026-07-27 09:00:00,59,26.0,0.0,9.0,1.4,127.0
Salinas (INIAF),2026-07-27 09:00:00,62,26.0,0.0,3.0,1.1,151.0
Salinas (INIAF),2026-07-27 09:00:00,65,26.0,0.0,-5.0,0.9,170.0
Salinas (INIAF),2026-07-27 09:00:00,68,27.0,0.0,-5.0,1.3,133.0
Salinas (INIAF),2026-07-27 09:00:00,71,26.0,0.0,3.0,1.5,94.0
Salinas (INIAF),2026-07-27 09:00:00,74,26.0,0.0,8.0,1.4,49.0
Salinas (INIAF),2026-07-27 09:00:00,77,26.0,0.0,16.0,1.1,354.0
Salinas (INIAF),2026-07-27 09:00:00,80,26.0,0.0,16.0,1.4,75.0
Salinas (INIAF),2026-07-27 09:00:00,83,26.0,0.0,8.0,1.8,159.0
Salinas (INIAF),2026-07-27 09:00:00,86,26.0,0.0,-5.0,1.8,81.0
Salinas (INIAF),2026-07-27 09:00:00,89,26.0,0.0,-5.0,1.7,357.0
Salinas (INIAF),2026-07-27 09:00:00,92,26.0,0.0,4.0,1.1,20.0
Salinas (INIAF),2026-07-27 09:00:00,95,26.0,0.0,4.0,0.9,85.0
Salinas (INIAF),2026-07-27 09:00:00,98,26.0,0.0,9.0,1.9,251.0
Salinas (INIAF),2026-07-27 09:00:00,101,36.0,0.0,14.0,2.9,271.0
Salinas (INIAF),2026-07-27 09:00:00,104,37.0,0.0,11.0,3.2,251.0
Salinas (INIAF),2026-07-27 09:00:00,107,36.0,0.0,8.0,3.6,229.0
Salinas (INIAF),2026-07-27 09:00:00,110,35.0,0.0,5.0,2.6,161.0
Salinas (INIAF),2026-07-27 09:00:00,113,36.0,0.0,3.0,1.6,82.0
Salinas (INIAF),2026-07-27 12:00:00,26,,,17.0,,
Salinas (INIAF),2026-07-27 12:00:00,29,,,17.0,,
Salinas (INIAF),2026-07-27 12:00:00,50,,,16.0,,
Salinas (INIAF),2026-07-27 12:00:00,53,,,16.0,,
Salinas (INIAF),2026-07-27 12:00:00,83,,,1.0,,
Salinas (INIAF),2026-07-27 12:00:00,86,,,-4.0,,
Salinas (INIAF),2026-07-27 12:00:00,89,,,-4.0,,
Salinas (INIAF),2026-07-27 12:00:00,98,,,16.0,,
Salinas (INIAF),2026-07-27 12:00:00,101,,,16.0,,
Salinas (INIAF),2026-07-27 12:00:00,107,,,-4.0,,
Salinas (INIAF),2026-07-27 12:00:00,110,,,-4.0,,
Salo,2026-07-27 09:00:00,5,27.0,0.0,21.0,10.8,280.0
Salo,2026-07-27 09:00:00,8,26.0,0.0,21.0,7.6,295.0
Salo,2026-07-27 09:00:00,11,26.0,0.0,9.0,4.3,311.0
Salo,2026-07-27 09:00:00,14,26.0,0.0,-3.0,4.0,295.0
Salo,2026-07-27 09:00:00,17,26.0,0.0,-12.0,3.6,275.0
Salo,2026-07-27 09:00:00,20,27.0,0.0,-11.0,4.0,290.0
Salo,2026-07-27 09:00:00,23,26.0,0.0,5.0,4.2,290.0
Salo,2026-07-27 09:00:00,26,26.0,0.0,10.0,8.8,300.0
Salo,2026-07-27 09:00:00,29,26.0,0.0,22.0,13.2,300.0
Salo,2026-07-27 09:00:00,32,26.0,0.0,22.0,10.1,295.0
Salo,2026-07-27 09:00:00,35,26.0,0.0,8.0,7.1,285.0
Salo,2026-07-27 09:00:00,38,26.0,0.0,0.0,5.3,285.0
Salo,2026-07-27 09:00:00,41,26.0,0.0,-11.0,3.4,275.0
Salo,2026-07-27 09:00:00,44,26.0,0.0,-10.0,3.1,285.0
Salo,2026-07-27 09:00:00,47,26.0,0.0,4.0,2.6,275.0
Salo,2026-07-27 09:00:00,50,26.0,0.0,11.0,5.3,290.0
Salo,2026-07-27 09:00:00,53,26.0,0.0,21.0,8.1,300.0
Salo,2026-07-27 09:00:00,56,26.0,0.0,21.0,5.9,296.0
Salo,2026-07-27 09:00:00,59,25.0,0.0,8.0,3.6,286.0
Salo,2026-07-27 09:00:00,62,26.0,0.0,5.0,3.2,301.0
Salo,2026-07-27 09:00:00,65,27.0,0.0,-10.0,2.9,310.0
Salo,2026-07-27 09:00:00,68,25.0,0.0,-8.0,2.0,276.0
Salo,2026-07-27 09:00:00,71,27.0,0.0,5.0,1.8,265.0
Salo,2026-07-27 09:00:00,74,26.0,0.0,11.0,3.2,300.0
Salo,2026-07-27 09:00:00,77,25.0,0.0,21.0,4.4,325.0
Salo,2026-07-27 09:00:00,80,26.0,0.0,21.0,4.0,311.0
Salo,2026-07-27 09:00:00,83,26.0,0.0,8.0,3.4,296.0
Salo,2026-07-27 09:00:00,86,27.0,0.0,-8.0,3.1,316.0
Salo,2026-07-27 09:00:00,89,26.0,0.0,-8.0,2.8,326.0
Salo,2026-07-27 09:00:00,92,26.0,0.0,6.0,2.7,300.0
Salo,2026-07-27 09:00:00,95,26.0,0.0,7.0,2.8,285.0
Salo,2026-07-27 09:00:00,98,26.0,0.0,12.0,6.6,295.0
Salo,2026-07-27 09:00:00,101,26.0,0.0,17.0,10.3,300.0
Salo,2026-07-27 09:00:00,104,26.0,0.0,13.0,7.6,295.0
Salo,2026-07-27 09:00:00,107,26.0,0.0,8.0,4.8,285.0
Salo,2026-07-27 09:00:00,110,27.0,0.0,5.0,4.2,285.0
Salo,2026-07-27 09:00:00,113,26.0,0.0,3.0,3.7,275.0
Salo,2026-07-27 12:00:00,14,,,-9.0,,
Salo,2026-07-27 12:00:00,17,,,-9.0,,
Salo,2026-07-27 12:00:00,32,,,10.0,,
Salo,2026-07-27 12:00:00,38,,,-9.0,,
Salo,2026-07-27 12:00:00,41,,,-9.0,,
Salo,2026-07-27 12:00:00,44,,,2.0,,
Salo,2026-07-27 12:00:00,50,,,22.0,,
Salo,2026-07-27 12:00:00,53,,,22.0,,
Salo,2026-07-27 12:00:00,56,,,11.0,,
Salo,2026-07-27 12:00:00,59,,,3.0,,
Salo,2026-07-27 12:00:00,62,,,-9.0,,
Salo,2026-07-27 12:00:00,65,,,-9.0,,
Salo,2026-07-27 12:00:00,74,,,22.0,,
Salo,2026-07-27 12:00:00,77,,,22.0,,
Salo,2026-07-27 12:00:00,83,,,-1.0,,
Salo,2026-07-27 12:00:00,86,,,-10.0,,
Salo,2026-07-27 12:00:00,89,,,-9.0,,
Salo,2026-07-27 12:00:00,92,,,4.0,,
Salo,2026-07-27 12:00:00,98,,,22.0,,
Salo,2026-07-27 12:00:00,101,,,22.0,,
Salo,2026-07-27 12:00:00,107,,,-10.0,,
Salo,2026-07-27 12:00:00,110,,,-10.0,,
San Antonio - Los Ángeles,2026-07-27 09:00:00,5,36.0,0.0,31.0,4.5,300.0
San Antonio - Los Ángeles,2026-07-27 09:00:00,8,36.0,0.0,31.0,3.6,310.0
San Antonio - Los Ángeles,2026-07-27 09:00:00,11,36.0,0.0,25.0,2.7,313.0
San Antonio - Los Ángeles,2026-07-27 09:00:00,14,36.0,0.0,21.0,2.5,300.0
San Antonio - Los Ángeles,2026-07-27 09:00:00,17,56.0,0.0,20.0,2.3,287.0
San Antonio - Los Ángeles,2026-07-27 09:00:00,20,56.0,0.0,20.0,2.3,300.0
San Antonio - Los Ángeles,2026-07-27 09:00:00,23,56.0,0.0,21.0,2.4,303.0
San Antonio - Los Ángeles,2026-07-27 09:00:00,26,56.0,0.0,25.0,3.4,310.0
San Antonio - Los Ángeles,2026-07-27 09:00:00,29,36.0,0.0,32.0,4.4,310.0
San Antonio - Los Ángeles,2026-07-27 09:00:00,32,36.0,0.0,32.0,3.6,310.0
San Antonio - Los Ángeles,2026-07-27 09:00:00,35,36.0,0.0,25.0,2.8,303.0
San Antonio - Los Ángeles,2026-07-27 09:00:00,38,36.0,0.0,22.0,2.2,303.0
San Antonio - Los Ángeles,2026-07-27 09:00:00,41,36.0,0.0,20.0,1.6,300.0
San Antonio - Los Ángeles,2026-07-27 09:00:00,44,36.0,0.0,20.0,1.8,297.0
San Antonio - Los Ángeles,2026-07-27 09:00:00,47,35.0,0.0,22.0,1.9,310.0
San Antonio - Los Ángeles,2026-07-27 09:00:00,50,36.0,0.0,24.0,3.0,310.0
San Antonio - Los Ángeles,2026-07-27 09:00:00,53,36.0,0.0,31.0,4.2,307.0
San Antonio - Los Ángeles,2026-07-27 09:00:00,56,36.0,0.0,31.0,2.9,310.0
San Antonio - Los Ángeles,2026-07-27 09:00:00,59,36.0,0.0,26.0,1.6,303.0
San Antonio - Los Ángeles,2026-07-27 09:00:00,62,37.0,0.0,21.0,1.5,290.0
San Antonio - Los Ángeles,2026-07-27 09:00:00,65,55.0,0.0,19.0,1.4,267.0
San Antonio - Los Ángeles,2026-07-27 09:00:00,68,56.0,0.0,19.0,1.3,307.0
San Antonio - Los Ángeles,2026-07-27 09:00:00,71,56.0,0.0,23.0,1.3,330.0
San Antonio - Los Ángeles,2026-07-27 09:00:00,74,56.0,0.0,25.0,2.5,320.0
San Antonio - Los Ángeles,2026-07-27 09:00:00,77,76.0,1.5,30.0,3.7,307.0
San Antonio - Los Ángeles,2026-07-27 09:00:00,80,77.0,0.6,30.0,2.5,317.0
San Antonio - Los Ángeles,2026-07-27 09:00:00,83,56.0,0.0,25.0,1.2,320.0
San Antonio - Los Ángeles,2026-07-27 09:00:00,86,56.0,0.0,19.0,1.3,319.0
San Antonio - Los Ángeles,2026-07-27 09:00:00,89,57.0,0.0,19.0,1.3,312.0
San Antonio - Los Ángeles,2026-07-27 09:00:00,92,57.0,0.0,25.0,1.6,300.0
San Antonio - Los Ángeles,2026-07-27 09:00:00,95,56.0,0.0,25.0,1.9,297.0
San Antonio - Los Ángeles,2026-07-27 09:00:00,98,55.0,0.0,31.0,3.0,307.0
San Antonio - Los Ángeles,2026-07-27 09:00:00,101,37.0,0.0,37.0,4.2,310.0
San Antonio - Los Ángeles,2026-07-27 09:00:00,104,36.0,0.0,33.0,3.2,319.0
San Antonio - Los Ángeles,2026-07-27 09:00:00,107,37.0,0.0,29.0,2.3,322.0
San Antonio - Los Ángeles,2026-07-27 09:00:00,110,37.0,0.0,27.0,2.0,323.0
San Antonio - Los Ángeles,2026-07-27 09:00:00,113,36.0,0.0,24.0,1.7,320.0
San Antonio - Los Ángeles,2026-07-27 12:00:00,8,,,27.0,,
San Antonio - Los Ángeles,2026-07-27 12:00:00,11,,,23.0,,
San Antonio - Los Ángeles,2026-07-27 12:00:00,14,,,21.0,,
San Antonio - Los Ángeles,2026-07-27 12:00:00,17,,,21.0,,
San Antonio - Los Ángeles,2026-07-27 12:00:00,20,,,24.0,,
San Antonio - Los Ángeles,2026-07-27 12:00:00,23,,,28.0,,
San Antonio - Los Ángeles,2026-07-27 12:00:00,32,,,28.0,,
San Antonio - Los Ángeles,2026-07-27 12:00:00,35,,,24.0,,
San Antonio - Los Ángeles,2026-07-27 12:00:00,38,,,21.0,,
San Antonio - Los Ángeles,2026-07-27 12:00:00,41,,,21.0,,
San Antonio - Los Ángeles,2026-07-27 12:00:00,44,,,23.0,,
San Antonio - Los Ángeles,2026-07-27 12:00:00,47,,,27.0,,
San Antonio - Los Ángeles,2026-07-27 12:00:00,50,,,32.0,,
San Antonio - Los Ángeles,2026-07-27 12:00:00,53,,,32.0,,
San Antonio - Los Ángeles,2026-07-27 12:00:00,56,,,27.0,,
San Antonio - Los Ángeles,2026-07-27 12:00:00,59,,,23.0,,
San Antonio - Los Ángeles,2026-07-27 12:00:00,62,,,20.0,,
San Antonio - Los Ángeles,2026-07-27 12:00:00,65,,,20.0,,
San Antonio - Los Ángeles,2026-07-27 12:00:00,71,,,27.0,,
San Antonio - Los Ángeles,2026-07-27 12:00:00,74,,,31.0,,
San Antonio - Los Ángeles,2026-07-27 12:00:00,77,,,31.0,,
San Antonio - Los Ángeles,2026-07-27 12:00:00,83,,,22.0,,
San Antonio - Los Ángeles,2026-07-27 12:00:00,89,,,19.0,,
San Antonio - Los Ángeles,2026-07-27 12:00:00,92,,,24.0,,
San Antonio - Los Ángeles,2026-07-27 12:00:00,95,,,27.0,,
San Antonio - Los Ángeles,2026-07-27 12:00:00,98,,,31.0,,
San Antonio - Los Ángeles,2026-07-27 12:00:00,101,,,31.0,,
San Antonio - Los Ángeles,2026-07-27 12:00:00,104,,,27.0,,
San Antonio - Los Ángeles,2026-07-27 12:00:00,107,,,19.0,,
San Antonio - Los Ángeles,2026-07-27 12:00:00,110,,,19.0,,
San Borja,2026-07-27 09:00:00,5,36.0,0.0,32.0,4.4,325.0
San Borja,2026-07-27 09:00:00,8,37.0,0.0,32.0,2.8,320.0
San Borja,2026-07-27 09:00:00,11,37.0,0.0,27.0,1.1,314.0
San Borja,2026-07-27 09:00:00,14,37.0,0.0,25.0,1.3,315.0
San Borja,2026-07-27 09:00:00,17,27.0,0.0,22.0,1.5,309.0
San Borja,2026-07-27 09:00:00,20,26.0,0.0,22.0,1.5,319.0
San Borja,2026-07-27 09:00:00,23,26.0,0.0,26.0,1.4,328.0
San Borja,2026-07-27 09:00:00,26,26.0,0.0,30.0,3.2,330.0
San Borja,2026-07-27 09:00:00,29,37.0,0.0,33.0,4.8,328.0
San Borja,2026-07-27 09:00:00,32,37.0,0.0,33.0,3.1,327.0
San Borja,2026-07-27 09:00:00,35,26.0,0.0,28.0,1.3,319.0
San Borja,2026-07-27 09:00:00,38,26.0,0.0,25.0,1.7,330.0
San Borja,2026-07-27 09:00:00,41,26.0,0.0,22.0,2.1,340.0
San Borja,2026-07-27 09:00:00,44,37.0,0.0,22.0,1.7,329.0
San Borja,2026-07-27 09:00:00,47,36.0,0.0,24.0,1.7,329.0
San Borja,2026-07-27 09:00:00,50,36.0,0.0,30.0,3.1,330.0
San Borja,2026-07-27 09:00:00,53,36.0,0.0,33.0,4.4,323.0
San Borja,2026-07-27 09:00:00,56,35.0,0.0,33.0,2.8,320.0
San Borja,2026-07-27 09:00:00,59,36.0,0.0,30.0,1.1,313.0
San Borja,2026-07-27 09:00:00,62,37.0,0.0,25.0,1.1,305.0
San Borja,2026-07-27 09:00:00,65,36.0,0.0,21.0,1.1,295.0
San Borja,2026-07-27 09:00:00,68,36.0,0.0,21.0,1.0,299.0
San Borja,2026-07-27 09:00:00,71,36.0,0.0,24.0,1.0,320.0
San Borja,2026-07-27 09:00:00,74,36.0,0.0,30.0,2.2,330.0
San Borja,2026-07-27 09:00:00,77,56.0,0.0,32.0,3.4,335.0
San Borja,2026-07-27 09:00:00,80,56.0,0.0,32.0,2.2,329.0
San Borja,2026-07-27 09:00:00,83,56.0,0.0,27.0,1.0,320.0
San Borja,2026-07-27 09:00:00,86,56.0,0.0,21.0,1.0,305.0
San Borja,2026-07-27 09:00:00,89,36.0,0.0,21.0,1.1,287.0
San Borja,2026-07-27 09:00:00,92,36.0,0.0,25.0,1.2,309.0
San Borja,2026-07-27 09:00:00,95,37.0,0.0,25.0,1.3,318.0
San Borja,2026-07-27 09:00:00,98,37.0,0.0,31.0,2.4,328.0
San Borja,2026-07-27 09:00:00,101,57.0,0.0,37.0,3.4,330.0
San Borja,2026-07-27 09:00:00,104,56.0,0.0,31.0,2.6,273.0
San Borja,2026-07-27 09:00:00,107,36.0,0.0,26.0,1.7,213.0
San Borja,2026-07-27 09:00:00,110,36.0,0.0,25.0,1.5,259.0
San Borja,2026-07-27 09:00:00,113,36.0,0.0,24.0,1.3,302.0
San Borja,2026-07-27 12:00:00,26,,,32.0,,
San Borja,2026-07-27 12:00:00,29,,,32.0,,
San Borja,2026-07-27 12:00:00,38,,,23.0,,
San Borja,2026-07-27 12:00:00,41,,,23.0,,
San Borja,2026-07-27 12:00:00,44,,,26.0,,
San Borja,2026-07-27 12:00:00,50,,,32.0,,
San Borja,2026-07-27 12:00:00,53,,,32.0,,
San Borja,2026-07-27 12:00:00,62,,,22.0,,
San Borja,2026-07-27 12:00:00,65,,,22.0,,
San Borja,2026-07-27 12:00:00,71,,,29.0,,
San Borja,2026-07-27 12:00:00,74,,,33.0,,
San Borja,2026-07-27 12:00:00,77,,,33.0,,
San Borja,2026-07-27 12:00:00,83,,,24.0,,
San Borja,2026-07-27 12:00:00,86,,,22.0,,
San Borja,2026-07-27 12:00:00,89,,,22.0,,
San Borja,2026-07-27 12:00:00,95,,,29.0,,
San Borja,2026-07-27 12:00:00,98,,,32.0,,
San Borja,2026-07-27 12:00:00,101,,,32.0,,
San Borja,2026-07-27 12:00:00,107,,,22.0,,
San Borja,2026-07-27 12:00:00,110,,,22.0,,
San Buenaventura,2026-07-27 09:00:00,5,36.0,0.0,30.0,4.0,350.0
San Buenaventura,2026-07-27 09:00:00,8,37.0,0.0,30.0,2.5,330.0
San Buenaventura,2026-07-27 09:00:00,11,36.0,0.0,26.0,1.0,310.0
San Buenaventura,2026-07-27 09:00:00,14,36.0,0.0,24.0,0.9,280.0
San Buenaventura,2026-07-27 09:00:00,17,26.0,0.0,21.0,1.0,242.0
San Buenaventura,2026-07-27 09:00:00,20,26.0,0.0,21.0,0.4,271.0
San Buenaventura,2026-07-27 09:00:00,23,26.0,0.0,24.0,0.4,237.0
San Buenaventura,2026-07-27 09:00:00,26,26.0,0.0,27.0,2.3,292.0
San Buenaventura,2026-07-27 09:00:00,29,36.0,0.0,30.0,4.1,348.0
San Buenaventura,2026-07-27 09:00:00,32,36.0,0.0,30.0,2.8,330.0
San Buenaventura,2026-07-27 09:00:00,35,26.0,0.0,27.0,1.5,310.0
San Buenaventura,2026-07-27 09:00:00,38,26.0,0.0,24.0,1.2,301.0
San Buenaventura,2026-07-27 09:00:00,41,26.0,0.0,21.0,0.9,291.0
San Buenaventura,2026-07-27 09:00:00,44,36.0,0.0,21.0,0.6,290.0
San Buenaventura,2026-07-27 09:00:00,47,36.0,0.0,24.0,0.6,262.0
San Buenaventura,2026-07-27 09:00:00,50,36.0,0.0,27.0,2.2,310.0
San Buenaventura,2026-07-27 09:00:00,53,35.0,0.0,30.0,3.8,350.0
San Buenaventura,2026-07-27 09:00:00,56,36.0,0.0,30.0,2.5,328.0
San Buenaventura,2026-07-27 09:00:00,59,36.0,0.0,27.0,1.1,298.0
San Buenaventura,2026-07-27 09:00:00,62,35.0,0.0,25.0,1.0,261.0
San Buenaventura,2026-07-27 09:00:00,65,37.0,0.0,21.0,0.9,222.0
San Buenaventura,2026-07-27 09:00:00,68,36.0,0.0,20.0,0.6,230.0
San Buenaventura,2026-07-27 09:00:00,71,36.0,0.0,23.0,0.4,220.0
San Buenaventura,2026-07-27 09:00:00,74,36.0,0.0,28.0,1.2,297.0
San Buenaventura,2026-07-27 09:00:00,77,57.0,0.0,30.0,1.9,6.0
San Buenaventura,2026-07-27 09:00:00,80,56.0,0.0,30.0,1.4,307.0
San Buenaventura,2026-07-27 09:00:00,83,56.0,0.0,24.0,1.0,247.0
San Buenaventura,2026-07-27 09:00:00,86,55.0,0.0,20.0,0.9,250.0
San Buenaventura,2026-07-27 09:00:00,89,36.0,0.0,20.0,0.8,250.0
San Buenaventura,2026-07-27 09:00:00,92,36.0,0.0,23.0,0.7,240.0
San Buenaventura,2026-07-27 09:00:00,95,36.0,0.0,23.0,0.5,237.0
San Buenaventura,2026-07-27 09:00:00,98,36.0,0.0,29.0,1.8,290.0
San Buenaventura,2026-07-27 09:00:00,101,56.0,0.0,35.0,3.0,340.0
San Buenaventura,2026-07-27 09:00:00,104,56.0,0.0,30.0,2.1,263.0
San Buenaventura,2026-07-27 09:00:00,107,36.0,0.0,26.0,1.2,185.0
San Buenaventura,2026-07-27 09:00:00,110,35.0,0.0,24.0,0.9,205.0
San Buenaventura,2026-07-27 09:00:00,113,37.0,0.0,22.0,0.5,217.0
San Buenaventura,2026-07-27 12:00:00,14,,,20.0,,
San Buenaventura,2026-07-27 12:00:00,17,,,20.0,,
San Buenaventura,2026-07-27 12:00:00,26,,,34.0,,
San Buenaventura,2026-07-27 12:00:00,29,,,34.0,,
San Buenaventura,2026-07-27 12:00:00,32,,,28.0,,
San Buenaventura,2026-07-27 12:00:00,38,,,20.0,,
San Buenaventura,2026-07-27 12:00:00,41,,,20.0,,
San Buenaventura,2026-07-27 12:00:00,44,,,25.0,,
San Buenaventura,2026-07-27 12:00:00,47,,,28.0,,
San Buenaventura,2026-07-27 12:00:00,50,,,34.0,,
San Buenaventura,2026-07-27 12:00:00,53,,,34.0,,
San Buenaventura,2026-07-27 12:00:00,56,,,29.0,,
San Buenaventura,2026-07-27 12:00:00,62,,,20.0,,
San Buenaventura,2026-07-27 12:00:00,74,,,34.0,,
San Buenaventura,2026-07-27 12:00:00,77,,,34.0,,
San Buenaventura,2026-07-27 12:00:00,80,,,28.0,,
San Buenaventura,2026-07-27 12:00:00,83,,,23.0,,
San Buenaventura,2026-07-27 12:00:00,89,,,20.0,,
San Buenaventura,2026-07-27 12:00:00,98,,,34.0,,
San Buenaventura,2026-07-27 12:00:00,101,,,34.0,,
San Buenaventura,2026-07-27 12:00:00,107,,,20.0,,
San Buenaventura,2026-07-27 12:00:00,110,,,20.0,,
San Ignacio de Moxos,2026-07-27 09:00:00,5,36.0,0.0,34.0,4.4,318.0
San Ignacio de Moxos,2026-07-27 09:00:00,8,36.0,0.0,34.0,2.7,328.0
San Ignacio de Moxos,2026-07-27 09:00:00,11,36.0,0.0,28.0,1.0,330.0
San Ignacio de Moxos,2026-07-27 09:00:00,14,36.0,0.0,26.0,1.4,332.0
San Ignacio de Moxos,2026-07-27 09:00:00,17,26.0,0.0,22.0,1.8,330.0
San Ignacio de Moxos,2026-07-27 09:00:00,20,26.0,0.0,22.0,2.0,320.0
San Ignacio de Moxos,2026-07-27 09:00:00,23,26.0,0.0,27.0,2.2,316.0
San Ignacio de Moxos,2026-07-27 09:00:00,26,26.0,0.0,29.0,3.6,320.0
San Ignacio de Moxos,2026-07-27 09:00:00,29,36.0,0.0,35.0,4.9,320.0
San Ignacio de Moxos,2026-07-27 09:00:00,32,36.0,0.0,35.0,3.0,310.0
San Ignacio de Moxos,2026-07-27 09:00:00,35,26.0,0.0,29.0,1.2,298.0
San Ignacio de Moxos,2026-07-27 09:00:00,38,26.0,0.0,25.0,1.5,318.0
San Ignacio de Moxos,2026-07-27 09:00:00,41,26.0,0.0,22.0,1.9,328.0
San Ignacio de Moxos,2026-07-27 09:00:00,44,36.0,0.0,22.0,1.9,320.0
San Ignacio de Moxos,2026-07-27 09:00:00,47,36.0,0.0,26.0,2.0,330.0
San Ignacio de Moxos,2026-07-27 09:00:00,50,36.0,0.0,28.0,3.4,330.0
San Ignacio de Moxos,2026-07-27 09:00:00,53,36.0,0.0,34.0,4.6,320.0
San Ignacio de Moxos,2026-07-27 09:00:00,56,36.0,0.0,34.0,3.1,310.0
San Ignacio de Moxos,2026-07-27 09:00:00,59,37.0,0.0,28.0,1.5,293.0
San Ignacio de Moxos,2026-07-27 09:00:00,62,35.0,0.0,23.0,1.5,314.0
San Ignacio de Moxos,2026-07-27 09:00:00,65,36.0,0.0,22.0,1.5,331.0
San Ignacio de Moxos,2026-07-27 09:00:00,68,36.0,0.0,22.0,1.3,330.0
San Ignacio de Moxos,2026-07-27 09:00:00,71,36.0,0.0,26.0,1.3,320.0
San Ignacio de Moxos,2026-07-27 09:00:00,74,36.0,0.0,27.0,2.3,330.0
San Ignacio de Moxos,2026-07-27 09:00:00,77,56.0,0.0,33.0,3.3,330.0
San Ignacio de Moxos,2026-07-27 09:00:00,80,56.0,0.0,33.0,2.4,310.0
San Ignacio de Moxos,2026-07-27 09:00:00,83,56.0,0.0,29.0,1.6,283.0
San Ignacio de Moxos,2026-07-27 09:00:00,86,56.0,0.0,22.0,1.5,310.0
San Ignacio de Moxos,2026-07-27 09:00:00,89,36.0,0.0,22.0,1.4,332.0
San Ignacio de Moxos,2026-07-27 09:00:00,92,36.0,0.0,26.0,1.7,310.0
San Ignacio de Moxos,2026-07-27 09:00:00,95,36.0,0.0,27.0,1.9,302.0
San Ignacio de Moxos,2026-07-27 09:00:00,98,36.0,0.0,32.0,2.8,320.0
San Ignacio de Moxos,2026-07-27 09:00:00,101,36.0,0.0,38.0,3.7,330.0
San Ignacio de Moxos,2026-07-27 09:00:00,104,36.0,0.0,34.0,2.6,340.0
San Ignacio de Moxos,2026-07-27 09:00:00,107,25.0,0.0,29.0,1.5,340.0
San Ignacio de Moxos,2026-07-27 09:00:00,110,25.0,0.0,27.0,1.5,320.0
San Ignacio de Moxos,2026-07-27 09:00:00,113,36.0,0.0,24.0,1.5,300.0
San Ignacio de Moxos,2026-07-27 12:00:00,14,,,21.0,,
San Ignacio de Moxos,2026-07-27 12:00:00,17,,,21.0,,
San Ignacio de Moxos,2026-07-27 12:00:00,20,,,26.0,,
San Ignacio de Moxos,2026-07-27 12:00:00,26,,,33.0,,
San Ignacio de Moxos,2026-07-27 12:00:00,29,,,33.0,,
San Ignacio de Moxos,2026-07-27 12:00:00,56,,,30.0,,
San Ignacio de Moxos,2026-07-27 12:00:00,59,,,26.0,,
San Ignacio de Moxos,2026-07-27 12:00:00,62,,,23.0,,
San Ignacio de Moxos,2026-07-27 12:00:00,65,,,23.0,,
San Ignacio de Moxos,2026-07-27 12:00:00,68,,,28.0,,
San Ignacio de Moxos,2026-07-27 12:00:00,71,,,31.0,,
San Ignacio de Moxos,2026-07-27 12:00:00,74,,,34.0,,
San Ignacio de Moxos,2026-07-27 12:00:00,77,,,34.0,,
San Ignacio de Moxos,2026-07-27 12:00:00,80,,,30.0,,
San Ignacio de Moxos,2026-07-27 12:00:00,83,,,26.0,,
San Ignacio de Moxos,2026-07-27 12:00:00,89,,,22.0,,
San Ignacio de Moxos,2026-07-27 12:00:00,95,,,31.0,,
San Ignacio de Moxos,2026-07-27 12:00:00,98,,,34.0,,
San Ignacio de Moxos,2026-07-27 12:00:00,107,,,22.0,,
San Ignacio de Moxos,2026-07-27 12:00:00,110,,,22.0,,
San Ignacio de Velasco,2026-07-27 09:00:00,5,36.0,0.0,34.0,6.2,330.0
San Ignacio de Velasco,2026-07-27 09:00:00,8,36.0,0.0,34.0,4.8,330.0
San Ignacio de Velasco,2026-07-27 09:00:00,11,36.0,0.0,31.0,3.5,322.0
San Ignacio de Velasco,2026-07-27 09:00:00,14,36.0,0.0,25.0,3.0,323.0
San Ignacio de Velasco,2026-07-27 09:00:00,17,26.0,0.0,19.0,2.5,323.0
San Ignacio de Velasco,2026-07-27 09:00:00,20,25.0,0.0,19.0,3.3,340.0
San Ignacio de Velasco,2026-07-27 09:00:00,23,26.0,0.0,22.0,3.9,332.0
San Ignacio de Velasco,2026-07-27 09:00:00,26,26.0,0.0,28.0,5.4,332.0
San Ignacio de Velasco,2026-07-27 09:00:00,29,36.0,0.0,33.0,7.0,326.0
San Ignacio de Velasco,2026-07-27 09:00:00,32,36.0,0.0,33.0,4.8,342.0
San Ignacio de Velasco,2026-07-27 09:00:00,35,26.0,0.0,28.0,2.4,356.0
San Ignacio de Velasco,2026-07-27 09:00:00,38,26.0,0.0,21.0,2.9,346.0
San Ignacio de Velasco,2026-07-27 09:00:00,41,26.0,0.0,20.0,3.4,330.0
San Ignacio de Velasco,2026-07-27 09:00:00,44,36.0,0.0,20.0,2.7,330.0
San Ignacio de Velasco,2026-07-27 09:00:00,47,36.0,0.0,22.0,3.2,330.0
San Ignacio de Velasco,2026-07-27 09:00:00,50,36.0,0.0,28.0,4.7,330.0
San Ignacio de Velasco,2026-07-27 09:00:00,53,36.0,0.0,33.0,6.1,320.0
San Ignacio de Velasco,2026-07-27 09:00:00,56,36.0,0.0,33.0,4.2,332.0
San Ignacio de Velasco,2026-07-27 09:00:00,59,36.0,0.0,29.0,2.2,342.0
San Ignacio de Velasco,2026-07-27 09:00:00,62,36.0,0.0,23.0,2.1,332.0
San Ignacio de Velasco,2026-07-27 09:00:00,65,36.0,0.0,19.0,2.1,312.0
San Ignacio de Velasco,2026-07-27 09:00:00,68,36.0,0.0,19.0,2.3,310.0
San Ignacio de Velasco,2026-07-27 09:00:00,71,36.0,0.0,24.0,2.7,297.0
San Ignacio de Velasco,2026-07-27 09:00:00,74,36.0,0.0,27.0,3.3,317.0
San Ignacio de Velasco,2026-07-27 09:00:00,77,56.0,0.0,32.0,3.8,330.0
San Ignacio de Velasco,2026-07-27 09:00:00,80,56.0,0.0,32.0,2.9,303.0
San Ignacio de Velasco,2026-07-27 09:00:00,83,36.0,0.0,27.0,1.9,273.0
San Ignacio de Velasco,2026-07-27 09:00:00,86,36.0,0.0,19.0,1.8,303.0
San Ignacio de Velasco,2026-07-27 09:00:00,89,26.0,0.0,19.0,1.7,323.0
San Ignacio de Velasco,2026-07-27 09:00:00,92,26.0,0.0,26.0,2.3,322.0
San Ignacio de Velasco,2026-07-27 09:00:00,95,26.0,0.0,27.0,2.8,340.0
San Ignacio de Velasco,2026-07-27 09:00:00,98,26.0,0.0,32.0,4.0,340.0
San Ignacio de Velasco,2026-07-27 09:00:00,101,36.0,0.0,38.0,5.2,340.0
San Ignacio de Velasco,2026-07-27 09:00:00,104,37.0,0.0,33.0,3.5,347.0
San Ignacio de Velasco,2026-07-27 09:00:00,107,26.0,0.0,28.0,1.9,349.0
San Ignacio de Velasco,2026-07-27 09:00:00,110,26.0,0.0,26.0,2.0,329.0
San Ignacio de Velasco,2026-07-27 09:00:00,113,26.0,0.0,24.0,2.2,309.0
San Ignacio de Velasco,2026-07-27 12:00:00,14,,,21.0,,
San Ignacio de Velasco,2026-07-27 12:00:00,17,,,21.0,,
San Ignacio de Velasco,2026-07-27 12:00:00,20,,,25.0,,
San Ignacio de Velasco,2026-07-27 12:00:00,26,,,34.0,,
San Ignacio de Velasco,2026-07-27 12:00:00,29,,,34.0,,
San Ignacio de Velasco,2026-07-27 12:00:00,32,,,31.0,,
San Ignacio de Velasco,2026-07-27 12:00:00,35,,,27.0,,
San Ignacio de Velasco,2026-07-27 12:00:00,38,,,22.0,,
San Ignacio de Velasco,2026-07-27 12:00:00,41,,,22.0,,
San Ignacio de Velasco,2026-07-27 12:00:00,44,,,25.0,,
San Ignacio de Velasco,2026-07-27 12:00:00,47,,,30.0,,
San Ignacio de Velasco,2026-07-27 12:00:00,50,,,34.0,,
San Ignacio de Velasco,2026-07-27 12:00:00,53,,,34.0,,
San Ignacio de Velasco,2026-07-27 12:00:00,62,,,21.0,,
San Ignacio de Velasco,2026-07-27 12:00:00,65,,,21.0,,
San Ignacio de Velasco,2026-07-27 12:00:00,68,,,26.0,,
San Ignacio de Velasco,2026-07-27 12:00:00,71,,,29.0,,
San Ignacio de Velasco,2026-07-27 12:00:00,74,,,33.0,,
San Ignacio de Velasco,2026-07-27 12:00:00,77,,,33.0,,
San Ignacio de Velasco,2026-07-27 12:00:00,83,,,24.0,,
San Ignacio de Velasco,2026-07-27 12:00:00,86,,,20.0,,
San Ignacio de Velasco,2026-07-27 12:00:00,89,,,20.0,,
San Ignacio de Velasco,2026-07-27 12:00:00,92,,,25.0,,
San Ignacio de Velasco,2026-07-27 12:00:00,95,,,29.0,,
San Ignacio de Velasco,2026-07-27 12:00:00,98,,,34.0,,
San Ignacio de Velasco,2026-07-27 12:00:00,101,,,34.0,,
San Ignacio de Velasco,2026-07-27 12:00:00,107,,,20.0,,
San Ignacio de Velasco,2026-07-27 12:00:00,110,,,20.0,,
San Javier,2026-07-27 09:00:00,5,37.0,0.0,32.0,5.6,320.0
San Javier,2026-07-27 09:00:00,8,36.0,0.0,32.0,4.3,330.0
San Javier,2026-07-27 09:00:00,11,36.0,0.0,27.0,2.9,330.0
San Javier,2026-07-27 09:00:00,14,36.0,0.0,23.0,2.7,340.0
San Javier,2026-07-27 09:00:00,17,26.0,0.0,21.0,2.6,340.0
San Javier,2026-07-27 09:00:00,20,27.0,0.0,21.0,2.7,340.0
San Javier,2026-07-27 09:00:00,23,27.0,0.0,25.0,3.4,340.0
San Javier,2026-07-27 09:00:00,26,25.0,0.0,27.0,4.8,330.0
San Javier,2026-07-27 09:00:00,29,36.0,0.0,33.0,6.1,320.0
San Javier,2026-07-27 09:00:00,32,37.0,0.0,33.0,4.8,330.0
San Javier,2026-07-27 09:00:00,35,26.0,0.0,26.0,3.5,330.0
San Javier,2026-07-27 09:00:00,38,26.0,0.0,23.0,3.2,330.0
San Javier,2026-07-27 09:00:00,41,26.0,0.0,21.0,3.0,320.0
San Javier,2026-07-27 09:00:00,44,36.0,0.0,21.0,2.4,330.0
San Javier,2026-07-27 09:00:00,47,36.0,0.0,23.0,2.9,340.0
San Javier,2026-07-27 09:00:00,50,35.0,0.0,27.0,4.3,330.0
San Javier,2026-07-27 09:00:00,53,36.0,0.0,33.0,5.5,320.0
San Javier,2026-07-27 09:00:00,56,36.0,0.0,33.0,3.7,331.0
San Javier,2026-07-27 09:00:00,59,36.0,0.0,27.0,1.9,341.0
San Javier,2026-07-27 09:00:00,62,36.0,0.0,23.0,1.7,341.0
San Javier,2026-07-27 09:00:00,65,36.0,0.0,20.0,1.5,341.0
San Javier,2026-07-27 09:00:00,68,36.0,0.0,20.0,1.5,340.0
San Javier,2026-07-27 09:00:00,71,35.0,0.0,24.0,1.3,330.0
San Javier,2026-07-27 09:00:00,74,36.0,0.0,26.0,2.5,330.0
San Javier,2026-07-27 09:00:00,77,56.0,0.0,32.0,3.8,320.0
San Javier,2026-07-27 09:00:00,80,56.0,0.0,32.0,2.6,340.0
San Javier,2026-07-27 09:00:00,83,36.0,0.0,25.0,1.4,354.0
San Javier,2026-07-27 09:00:00,86,36.0,0.0,20.0,1.5,354.0
San Javier,2026-07-27 09:00:00,89,26.0,0.0,20.0,1.6,351.0
San Javier,2026-07-27 09:00:00,92,26.0,0.0,25.0,2.1,351.0
San Javier,2026-07-27 09:00:00,95,26.0,0.0,26.0,2.5,350.0
San Javier,2026-07-27 09:00:00,98,26.0,0.0,31.0,3.6,340.0
San Javier,2026-07-27 09:00:00,101,35.0,0.0,36.0,4.7,330.0
San Javier,2026-07-27 09:00:00,104,36.0,0.0,32.0,3.3,340.0
San Javier,2026-07-27 09:00:00,107,27.0,0.0,27.0,1.9,350.0
San Javier,2026-07-27 09:00:00,110,26.0,0.0,26.0,2.1,343.0
San Javier,2026-07-27 09:00:00,113,26.0,0.0,25.0,2.3,333.0
San Javier,2026-07-27 12:00:00,14,,,18.0,,
San Javier,2026-07-27 12:00:00,17,,,18.0,,
San Javier,2026-07-27 12:00:00,26,,,30.0,,
San Javier,2026-07-27 12:00:00,29,,,30.0,,
San Javier,2026-07-27 12:00:00,32,,,27.0,,
San Javier,2026-07-27 12:00:00,38,,,19.0,,
San Javier,2026-07-27 12:00:00,41,,,19.0,,
San Javier,2026-07-27 12:00:00,50,,,30.0,,
San Javier,2026-07-27 12:00:00,53,,,30.0,,
San Javier,2026-07-27 12:00:00,62,,,18.0,,
San Javier,2026-07-27 12:00:00,65,,,18.0,,
San Javier,2026-07-27 12:00:00,68,,,21.0,,
San Javier,2026-07-27 12:00:00,71,,,25.0,,
San Javier,2026-07-27 12:00:00,74,,,29.0,,
San Javier,2026-07-27 12:00:00,77,,,29.0,,
San Javier,2026-07-27 12:00:00,86,,,17.0,,
San Javier,2026-07-27 12:00:00,89,,,17.0,,
San Javier,2026-07-27 12:00:00,92,,,21.0,,
San Javier,2026-07-27 12:00:00,95,,,26.0,,
San Javier,2026-07-27 12:00:00,98,,,30.0,,
San Javier,2026-07-27 12:00:00,101,,,30.0,,
San Javier,2026-07-27 12:00:00,104,,,25.0,,
San Javier,2026-07-27 12:00:00,107,,,17.0,,
San Javier,2026-07-27 12:00:00,110,,,17.0,,
San Jose,2026-07-27 09:00:00,5,35.0,0.0,34.0,7.4,335.0
San Jose,2026-07-27 09:00:00,8,36.0,0.0,34.0,5.8,335.0
San Jose,2026-07-27 09:00:00,11,36.0,0.0,28.0,4.3,335.0
San Jose,2026-07-27 09:00:00,14,37.0,0.0,23.0,3.9,340.0
San Jose,2026-07-27 09:00:00,17,26.0,0.0,21.0,3.5,340.0
San Jose,2026-07-27 09:00:00,20,26.0,0.0,21.0,4.3,345.0
San Jose,2026-07-27 09:00:00,23,27.0,0.0,25.0,4.2,345.0
San Jose,2026-07-27 09:00:00,26,26.0,0.0,28.0,6.2,344.0
San Jose,2026-07-27 09:00:00,29,36.0,0.0,35.0,8.1,334.0
San Jose,2026-07-27 09:00:00,32,36.0,0.0,35.0,6.7,350.0
San Jose,2026-07-27 09:00:00,35,26.0,0.0,27.0,5.3,360.0
San Jose,2026-07-27 09:00:00,38,26.0,0.0,25.0,4.6,350.0
San Jose,2026-07-27 09:00:00,41,26.0,0.0,21.0,3.8,340.0
San Jose,2026-07-27 09:00:00,44,36.0,0.0,21.0,2.6,350.0
San Jose,2026-07-27 09:00:00,47,36.0,0.0,23.0,3.2,350.0
San Jose,2026-07-27 09:00:00,50,36.0,0.0,28.0,5.1,340.0
San Jose,2026-07-27 09:00:00,53,36.0,0.0,35.0,7.1,329.0
San Jose,2026-07-27 09:00:00,56,36.0,0.0,35.0,5.2,340.0
San Jose,2026-07-27 09:00:00,59,36.0,0.0,27.0,3.4,350.0
San Jose,2026-07-27 09:00:00,62,36.0,0.0,23.0,2.5,335.0
San Jose,2026-07-27 09:00:00,65,36.0,0.0,20.0,1.6,311.0
San Jose,2026-07-27 09:00:00,68,36.0,0.0,20.0,1.8,306.0
San Jose,2026-07-27 09:00:00,71,36.0,0.0,24.0,2.7,301.0
San Jose,2026-07-27 09:00:00,74,36.0,0.0,27.0,3.5,310.0
San Jose,2026-07-27 09:00:00,77,56.0,0.0,34.0,4.3,310.0
San Jose,2026-07-27 09:00:00,80,56.0,0.0,34.0,3.2,321.0
San Jose,2026-07-27 09:00:00,83,36.0,0.0,29.0,2.1,331.0
San Jose,2026-07-27 09:00:00,86,36.0,0.0,20.0,1.9,24.0
San Jose,2026-07-27 09:00:00,89,26.0,0.0,20.0,1.7,69.0
San Jose,2026-07-27 09:00:00,92,26.0,0.0,26.0,1.3,25.0
San Jose,2026-07-27 09:00:00,95,26.0,0.0,28.0,1.7,13.0
San Jose,2026-07-27 09:00:00,98,26.0,0.0,34.0,4.2,360.0
San Jose,2026-07-27 09:00:00,101,36.0,0.0,40.0,6.7,340.0
San Jose,2026-07-27 09:00:00,104,36.0,0.0,35.0,4.8,340.0
San Jose,2026-07-27 09:00:00,107,26.0,0.0,31.0,3.0,335.0
San Jose,2026-07-27 09:00:00,110,26.0,0.0,28.0,2.5,345.0
San Jose,2026-07-27 09:00:00,113,26.0,0.0,25.0,2.1,346.0
San Jose,2026-07-27 12:00:00,14,,,17.0,,
San Jose,2026-07-27 12:00:00,17,,,17.0,,
San Jose,2026-07-27 12:00:00,26,,,33.0,,
San Jose,2026-07-27 12:00:00,29,,,33.0,,
San Jose,2026-07-27 12:00:00,38,,,18.0,,
San Jose,2026-07-27 12:00:00,41,,,18.0,,
San Jose,2026-07-27 12:00:00,50,,,33.0,,
San Jose,2026-07-27 12:00:00,53,,,33.0,,
San Jose,2026-07-27 12:00:00,62,,,17.0,,
San Jose,2026-07-27 12:00:00,65,,,17.0,,
San Jose,2026-07-27 12:00:00,68,,,22.0,,
San Jose,2026-07-27 12:00:00,74,,,32.0,,
San Jose,2026-07-27 12:00:00,77,,,32.0,,
San Jose,2026-07-27 12:00:00,86,,,16.0,,
San Jose,2026-07-27 12:00:00,89,,,16.0,,
San Jose,2026-07-27 12:00:00,92,,,23.0,,
San Jose,2026-07-27 12:00:00,95,,,27.0,,
San Jose,2026-07-27 12:00:00,98,,,33.0,,
San Jose,2026-07-27 12:00:00,101,,,33.0,,
San Jose,2026-07-27 12:00:00,104,,,26.0,,
San Jose,2026-07-27 12:00:00,107,,,16.0,,
San Jose,2026-07-27 12:00:00,110,,,16.0,,
San Julian - Comunidad Los Angeles,2026-07-27 09:00:00,5,36.0,0.0,32.0,7.0,328.0
San Julian - Comunidad Los Angeles,2026-07-27 09:00:00,8,36.0,0.0,32.0,6.3,328.0
San Julian - Comunidad Los Angeles,2026-07-27 09:00:00,11,36.0,0.0,29.0,5.6,320.0
San Julian - Comunidad Los Angeles,2026-07-27 09:00:00,14,36.0,0.0,22.0,4.7,330.0
San Julian - Comunidad Los Angeles,2026-07-27 09:00:00,17,56.0,0.0,21.0,3.7,340.0
San Julian - Comunidad Los Angeles,2026-07-27 09:00:00,20,56.0,0.0,21.0,3.8,340.0
San Julian - Comunidad Los Angeles,2026-07-27 09:00:00,23,56.0,0.0,24.0,4.3,330.0
San Julian - Comunidad Los Angeles,2026-07-27 09:00:00,26,56.0,0.0,29.0,5.7,330.0
San Julian - Comunidad Los Angeles,2026-07-27 09:00:00,29,36.0,0.0,33.0,7.0,320.0
San Julian - Comunidad Los Angeles,2026-07-27 09:00:00,32,37.0,0.0,33.0,5.9,320.0
San Julian - Comunidad Los Angeles,2026-07-27 09:00:00,35,36.0,0.0,27.0,4.7,320.0
San Julian - Comunidad Los Angeles,2026-07-27 09:00:00,38,36.0,0.0,23.0,3.8,330.0
San Julian - Comunidad Los Angeles,2026-07-27 09:00:00,41,36.0,0.0,20.0,3.0,330.0
San Julian - Comunidad Los Angeles,2026-07-27 09:00:00,44,36.0,0.0,20.0,3.0,330.0
San Julian - Comunidad Los Angeles,2026-07-27 09:00:00,47,36.0,0.0,25.0,3.5,330.0
San Julian - Comunidad Los Angeles,2026-07-27 09:00:00,50,37.0,0.0,28.0,5.1,330.0
San Julian - Comunidad Los Angeles,2026-07-27 09:00:00,53,36.0,0.0,32.0,6.6,320.0
San Julian - Comunidad Los Angeles,2026-07-27 09:00:00,56,36.0,0.0,32.0,4.6,328.0
San Julian - Comunidad Los Angeles,2026-07-27 09:00:00,59,36.0,0.0,25.0,2.6,328.0
San Julian - Comunidad Los Angeles,2026-07-27 09:00:00,62,36.0,0.0,24.0,2.2,328.0
San Julian - Comunidad Los Angeles,2026-07-27 09:00:00,65,56.0,0.0,21.0,1.8,321.0
San Julian - Comunidad Los Angeles,2026-07-27 09:00:00,68,55.0,0.0,21.0,2.1,320.0
San Julian - Comunidad Los Angeles,2026-07-27 09:00:00,71,56.0,0.0,24.0,2.4,310.0
San Julian - Comunidad Los Angeles,2026-07-27 09:00:00,74,56.0,0.0,26.0,3.6,320.0
San Julian - Comunidad Los Angeles,2026-07-27 09:00:00,77,76.0,0.8,31.0,4.8,320.0
San Julian - Comunidad Los Angeles,2026-07-27 09:00:00,80,76.0,1.8,31.0,3.5,348.0
San Julian - Comunidad Los Angeles,2026-07-27 09:00:00,83,56.0,0.0,27.0,2.2,8.0
San Julian - Comunidad Los Angeles,2026-07-27 09:00:00,86,56.0,0.0,21.0,2.0,338.0
San Julian - Comunidad Los Angeles,2026-07-27 09:00:00,89,56.0,0.0,21.0,1.9,308.0
San Julian - Comunidad Los Angeles,2026-07-27 09:00:00,92,56.0,0.0,26.0,2.6,321.0
San Julian - Comunidad Los Angeles,2026-07-27 09:00:00,95,56.0,0.0,27.0,3.2,320.0
San Julian - Comunidad Los Angeles,2026-07-27 09:00:00,98,56.0,0.0,33.0,4.6,322.0
San Julian - Comunidad Los Angeles,2026-07-27 09:00:00,101,36.0,0.0,39.0,5.9,322.0
San Julian - Comunidad Los Angeles,2026-07-27 09:00:00,104,35.0,0.0,35.0,4.4,333.0
San Julian - Comunidad Los Angeles,2026-07-27 09:00:00,107,36.0,0.0,31.0,3.0,341.0
San Julian - Comunidad Los Angeles,2026-07-27 09:00:00,110,36.0,0.0,29.0,3.0,341.0
San Julian - Comunidad Los Angeles,2026-07-27 09:00:00,113,36.0,0.0,27.0,2.9,338.0
San Julian - Comunidad Los Angeles,2026-07-27 12:00:00,11,,,25.0,,
San Julian - Comunidad Los Angeles,2026-07-27 12:00:00,20,,,25.0,,
San Julian - Comunidad Los Angeles,2026-07-27 12:00:00,32,,,28.0,,
San Julian - Comunidad Los Angeles,2026-07-27 12:00:00,35,,,24.0,,
San Julian - Comunidad Los Angeles,2026-07-27 12:00:00,38,,,21.0,,
San Julian - Comunidad Los Angeles,2026-07-27 12:00:00,41,,,21.0,,
San Julian - Comunidad Los Angeles,2026-07-27 12:00:00,50,,,33.0,,
San Julian - Comunidad Los Angeles,2026-07-27 12:00:00,53,,,33.0,,
San Julian - Comunidad Los Angeles,2026-07-27 12:00:00,56,,,28.0,,
San Julian - Comunidad Los Angeles,2026-07-27 12:00:00,62,,,20.0,,
San Julian - Comunidad Los Angeles,2026-07-27 12:00:00,65,,,20.0,,
San Julian - Comunidad Los Angeles,2026-07-27 12:00:00,71,,,27.0,,
San Julian - Comunidad Los Angeles,2026-07-27 12:00:00,74,,,32.0,,
San Julian - Comunidad Los Angeles,2026-07-27 12:00:00,77,,,32.0,,
San Julian - Comunidad Los Angeles,2026-07-27 12:00:00,86,,,19.0,,
San Julian - Comunidad Los Angeles,2026-07-27 12:00:00,89,,,19.0,,
San Julian - Comunidad Los Angeles,2026-07-27 12:00:00,92,,,22.0,,
San Julian - Comunidad Los Angeles,2026-07-27 12:00:00,95,,,25.0,,
San Julian - Comunidad Los Angeles,2026-07-27 12:00:00,98,,,32.0,,
San Julian - Comunidad Los Angeles,2026-07-27 12:00:00,101,,,32.0,,
San Julian - Comunidad Los Angeles,2026-07-27 12:00:00,104,,,27.0,,
San Julian - Comunidad Los Angeles,2026-07-27 12:00:00,107,,,19.0,,
San Julian - Comunidad Los Angeles,2026-07-27 12:00:00,110,,,19.0,,
San Julián - Núcleo 32,2026-07-27 09:00:00,5,36.0,0.0,32.0,5.1,320.0
San Julián - Núcleo 32,2026-07-27 09:00:00,8,36.0,0.0,32.0,4.5,320.0
San Julián - Núcleo 32,2026-07-27 09:00:00,11,36.0,0.0,26.0,4.0,319.0
San Julián - Núcleo 32,2026-07-27 09:00:00,14,36.0,0.0,23.0,3.3,330.0
San Julián - Núcleo 32,2026-07-27 09:00:00,17,56.0,0.0,21.0,2.5,340.0
San Julián - Núcleo 32,2026-07-27 09:00:00,20,56.0,0.0,21.0,2.6,340.0
San Julián - Núcleo 32,2026-07-27 09:00:00,23,56.0,0.0,23.0,2.8,330.0
San Julián - Núcleo 32,2026-07-27 09:00:00,26,56.0,0.0,27.0,4.1,330.0
San Julián - Núcleo 32,2026-07-27 09:00:00,29,36.0,0.0,32.0,5.3,320.0
San Julián - Núcleo 32,2026-07-27 09:00:00,32,36.0,0.0,32.0,4.5,320.0
San Julián - Núcleo 32,2026-07-27 09:00:00,35,36.0,0.0,26.0,3.7,312.0
San Julián - Núcleo 32,2026-07-27 09:00:00,38,36.0,0.0,23.0,2.8,330.0
San Julián - Núcleo 32,2026-07-27 09:00:00,41,36.0,0.0,21.0,2.0,341.0
San Julián - Núcleo 32,2026-07-27 09:00:00,44,37.0,0.0,21.0,2.1,341.0
San Julián - Núcleo 32,2026-07-27 09:00:00,47,37.0,0.0,24.0,2.7,340.0
San Julián - Núcleo 32,2026-07-27 09:00:00,50,37.0,0.0,26.0,3.8,330.0
San Julián - Núcleo 32,2026-07-27 09:00:00,53,37.0,0.0,31.0,5.0,320.0
San Julián - Núcleo 32,2026-07-27 09:00:00,56,36.0,0.0,31.0,3.8,320.0
San Julián - Núcleo 32,2026-07-27 09:00:00,59,37.0,0.0,26.0,2.5,319.0
San Julián - Núcleo 32,2026-07-27 09:00:00,62,36.0,0.0,24.0,1.9,330.0
San Julián - Núcleo 32,2026-07-27 09:00:00,65,56.0,0.0,20.0,1.3,341.0
San Julián - Núcleo 32,2026-07-27 09:00:00,68,56.0,0.0,20.0,1.4,321.0
San Julián - Núcleo 32,2026-07-27 09:00:00,71,56.0,0.0,23.0,1.5,310.0
San Julián - Núcleo 32,2026-07-27 09:00:00,74,56.0,0.0,25.0,2.6,320.0
San Julián - Núcleo 32,2026-07-27 09:00:00,77,76.0,1.5,30.0,3.7,320.0
San Julián - Núcleo 32,2026-07-27 09:00:00,80,76.0,1.2,30.0,2.7,334.0
San Julián - Núcleo 32,2026-07-27 09:00:00,83,56.0,0.0,26.0,1.6,346.0
San Julián - Núcleo 32,2026-07-27 09:00:00,86,56.0,0.0,20.0,1.5,322.0
San Julián - Núcleo 32,2026-07-27 09:00:00,89,56.0,0.0,20.0,1.4,299.0
San Julián - Núcleo 32,2026-07-27 09:00:00,92,56.0,0.0,26.0,1.9,330.0
San Julián - Núcleo 32,2026-07-27 09:00:00,95,56.0,0.0,27.0,2.2,330.0
San Julián - Núcleo 32,2026-07-27 09:00:00,98,56.0,0.0,33.0,3.3,330.0
San Julián - Núcleo 32,2026-07-27 09:00:00,101,35.0,0.0,39.0,4.3,330.0
San Julián - Núcleo 32,2026-07-27 09:00:00,104,37.0,0.0,35.0,3.5,340.0
San Julián - Núcleo 32,2026-07-27 09:00:00,107,35.0,0.0,32.0,2.7,342.0
San Julián - Núcleo 32,2026-07-27 09:00:00,110,36.0,0.0,29.0,2.6,341.0
San Julián - Núcleo 32,2026-07-27 09:00:00,113,36.0,0.0,27.0,2.5,331.0
San Julián - Núcleo 32,2026-07-27 12:00:00,8,,,29.0,,
San Julián - Núcleo 32,2026-07-27 12:00:00,11,,,25.0,,
San Julián - Núcleo 32,2026-07-27 12:00:00,14,,,22.0,,
San Julián - Núcleo 32,2026-07-27 12:00:00,17,,,22.0,,
San Julián - Núcleo 32,2026-07-27 12:00:00,20,,,24.0,,
San Julián - Núcleo 32,2026-07-27 12:00:00,26,,,34.0,,
San Julián - Núcleo 32,2026-07-27 12:00:00,29,,,34.0,,
San Julián - Núcleo 32,2026-07-27 12:00:00,32,,,30.0,,
San Julián - Núcleo 32,2026-07-27 12:00:00,35,,,25.0,,
San Julián - Núcleo 32,2026-07-27 12:00:00,38,,,22.0,,
San Julián - Núcleo 32,2026-07-27 12:00:00,41,,,22.0,,
San Julián - Núcleo 32,2026-07-27 12:00:00,47,,,28.0,,
San Julián - Núcleo 32,2026-07-27 12:00:00,50,,,34.0,,
San Julián - Núcleo 32,2026-07-27 12:00:00,53,,,34.0,,
San Julián - Núcleo 32,2026-07-27 12:00:00,56,,,29.0,,
San Julián - Núcleo 32,2026-07-27 12:00:00,62,,,21.0,,
San Julián - Núcleo 32,2026-07-27 12:00:00,65,,,21.0,,
San Julián - Núcleo 32,2026-07-27 12:00:00,71,,,27.0,,
San Julián - Núcleo 32,2026-07-27 12:00:00,74,,,33.0,,
San Julián - Núcleo 32,2026-07-27 12:00:00,77,,,33.0,,
San Julián - Núcleo 32,2026-07-27 12:00:00,80,,,28.0,,
San Julián - Núcleo 32,2026-07-27 12:00:00,83,,,23.0,,
San Julián - Núcleo 32,2026-07-27 12:00:00,89,,,20.0,,
San Julián - Núcleo 32,2026-07-27 12:00:00,92,,,25.0,,
San Julián - Núcleo 32,2026-07-27 12:00:00,95,,,30.0,,
San Julián - Núcleo 32,2026-07-27 12:00:00,98,,,33.0,,
San Julián - Núcleo 32,2026-07-27 12:00:00,101,,,33.0,,
San Julián - Núcleo 32,2026-07-27 12:00:00,104,,,28.0,,
San Julián - Núcleo 32,2026-07-27 12:00:00,107,,,20.0,,
San Julián - Núcleo 32,2026-07-27 12:00:00,110,,,20.0,,
San Matias,2026-07-27 09:00:00,5,36.0,0.0,35.0,4.7,330.0
San Matias,2026-07-27 09:00:00,8,36.0,0.0,35.0,4.3,347.0
San Matias,2026-07-27 09:00:00,11,36.0,0.0,31.0,3.9,357.0
San Matias,2026-07-27 09:00:00,14,36.0,0.0,26.0,3.4,357.0
San Matias,2026-07-27 09:00:00,17,26.0,0.0,23.0,2.9,350.0
San Matias,2026-07-27 09:00:00,20,26.0,0.0,23.0,3.2,350.0
San Matias,2026-07-27 09:00:00,23,26.0,0.0,25.0,3.7,360.0
San Matias,2026-07-27 09:00:00,26,25.0,0.0,29.0,5.0,340.0
San Matias,2026-07-27 09:00:00,29,35.0,0.0,36.0,6.3,320.0
San Matias,2026-07-27 09:00:00,32,36.0,0.0,36.0,5.3,340.0
San Matias,2026-07-27 09:00:00,35,26.0,0.0,30.0,4.2,350.0
San Matias,2026-07-27 09:00:00,38,26.0,0.0,24.0,3.9,350.0
San Matias,2026-07-27 09:00:00,41,26.0,0.0,23.0,3.6,340.0
San Matias,2026-07-27 09:00:00,44,36.0,0.0,23.0,3.2,347.0
San Matias,2026-07-27 09:00:00,47,36.0,0.0,24.0,3.7,345.0
San Matias,2026-07-27 09:00:00,50,36.0,0.0,30.0,4.5,327.0
San Matias,2026-07-27 09:00:00,53,36.0,0.0,36.0,5.3,310.0
San Matias,2026-07-27 09:00:00,56,36.0,0.0,36.0,3.5,307.0
San Matias,2026-07-27 09:00:00,59,36.0,0.0,29.0,1.9,297.0
San Matias,2026-07-27 09:00:00,62,36.0,0.0,24.0,2.2,322.0
San Matias,2026-07-27 09:00:00,65,36.0,0.0,22.0,2.6,343.0
San Matias,2026-07-27 09:00:00,68,37.0,0.0,22.0,2.2,325.0
San Matias,2026-07-27 09:00:00,71,36.0,0.0,28.0,2.2,293.0
San Matias,2026-07-27 09:00:00,74,36.0,0.0,30.0,2.1,313.0
San Matias,2026-07-27 09:00:00,77,56.0,0.0,35.0,1.9,333.0
San Matias,2026-07-27 09:00:00,80,56.0,0.0,35.0,1.9,7.0
San Matias,2026-07-27 09:00:00,83,36.0,0.0,30.0,1.8,34.0
San Matias,2026-07-27 09:00:00,86,36.0,0.0,22.0,2.0,15.0
San Matias,2026-07-27 09:00:00,89,26.0,0.0,22.0,2.1,348.0
San Matias,2026-07-27 09:00:00,92,26.0,0.0,30.0,1.7,18.0
San Matias,2026-07-27 09:00:00,95,26.0,0.0,31.0,1.6,35.0
San Matias,2026-07-27 09:00:00,98,25.0,0.0,36.0,2.7,17.0
San Matias,2026-07-27 09:00:00,101,36.0,0.0,42.0,3.7,357.0
San Matias,2026-07-27 09:00:00,104,37.0,0.0,38.0,3.0,360.0
San Matias,2026-07-27 09:00:00,107,26.0,0.0,34.0,2.2,358.0
San Matias,2026-07-27 09:00:00,110,26.0,0.0,31.0,2.0,6.0
San Matias,2026-07-27 09:00:00,113,27.0,0.0,27.0,1.9,7.0
San Matias,2026-07-27 12:00:00,14,,,21.0,,
San Matias,2026-07-27 12:00:00,17,,,21.0,,
San Matias,2026-07-27 12:00:00,26,,,35.0,,
San Matias,2026-07-27 12:00:00,29,,,35.0,,
San Matias,2026-07-27 12:00:00,35,,,26.0,,
San Matias,2026-07-27 12:00:00,38,,,22.0,,
San Matias,2026-07-27 12:00:00,41,,,22.0,,
San Matias,2026-07-27 12:00:00,44,,,27.0,,
San Matias,2026-07-27 12:00:00,47,,,31.0,,
San Matias,2026-07-27 12:00:00,50,,,35.0,,
San Matias,2026-07-27 12:00:00,53,,,35.0,,
San Matias,2026-07-27 12:00:00,56,,,31.0,,
San Matias,2026-07-27 12:00:00,59,,,26.0,,
San Matias,2026-07-27 12:00:00,62,,,21.0,,
San Matias,2026-07-27 12:00:00,65,,,21.0,,
San Matias,2026-07-27 12:00:00,68,,,25.0,,
San Matias,2026-07-27 12:00:00,74,,,34.0,,
San Matias,2026-07-27 12:00:00,77,,,34.0,,
San Matias,2026-07-27 12:00:00,83,,,24.0,,
San Matias,2026-07-27 12:00:00,86,,,20.0,,
San Matias,2026-07-27 12:00:00,89,,,20.0,,
San Matias,2026-07-27 12:00:00,92,,,28.0,,
San Matias,2026-07-27 12:00:00,95,,,33.0,,
San Matias,2026-07-27 12:00:00,98,,,35.0,,
San Matias,2026-07-27 12:00:00,101,,,35.0,,
San Matias,2026-07-27 12:00:00,104,,,29.0,,
San Matias,2026-07-27 12:00:00,107,,,20.0,,
San Matias,2026-07-27 12:00:00,110,,,20.0,,
San Pablo de Lipez (GPRS),2026-07-27 09:00:00,5,26.0,0.0,13.0,8.0,290.0
San Pablo de Lipez (GPRS),2026-07-27 09:00:00,8,26.0,0.0,13.0,6.4,280.0
San Pablo de Lipez (GPRS),2026-07-27 09:00:00,11,26.0,0.0,6.0,4.9,260.0
San Pablo de Lipez (GPRS),2026-07-27 09:00:00,14,25.0,0.0,-1.0,3.8,280.0
San Pablo de Lipez (GPRS),2026-07-27 09:00:00,17,26.0,0.0,-6.0,2.7,300.0
San Pablo de Lipez (GPRS),2026-07-27 09:00:00,20,26.0,0.0,-6.0,2.9,309.0
San Pablo de Lipez (GPRS),2026-07-27 09:00:00,23,26.0,0.0,-1.0,2.7,338.0
San Pablo de Lipez (GPRS),2026-07-27 09:00:00,26,26.0,0.0,5.0,8.6,319.0
San Pablo de Lipez (GPRS),2026-07-27 09:00:00,29,26.0,0.0,14.0,14.5,300.0
San Pablo de Lipez (GPRS),2026-07-27 09:00:00,32,26.0,0.0,14.0,9.7,291.0
San Pablo de Lipez (GPRS),2026-07-27 09:00:00,35,26.0,0.0,6.0,5.0,276.0
San Pablo de Lipez (GPRS),2026-07-27 09:00:00,38,26.0,0.0,0.0,3.6,311.0
San Pablo de Lipez (GPRS),2026-07-27 09:00:00,41,27.0,0.0,-5.0,2.2,339.0
San Pablo de Lipez (GPRS),2026-07-27 09:00:00,44,26.0,0.0,-5.0,2.3,339.0
San Pablo de Lipez (GPRS),2026-07-27 09:00:00,47,26.0,0.0,-1.0,2.2,319.0
San Pablo de Lipez (GPRS),2026-07-27 09:00:00,50,25.0,0.0,5.0,4.1,309.0
San Pablo de Lipez (GPRS),2026-07-27 09:00:00,53,26.0,0.0,13.0,6.1,300.0
San Pablo de Lipez (GPRS),2026-07-27 09:00:00,56,26.0,0.0,13.0,4.0,311.0
San Pablo de Lipez (GPRS),2026-07-27 09:00:00,59,27.0,0.0,5.0,2.0,317.0
San Pablo de Lipez (GPRS),2026-07-27 09:00:00,62,27.0,0.0,0.0,2.1,340.0
San Pablo de Lipez (GPRS),2026-07-27 09:00:00,65,26.0,0.0,-6.0,2.2,3.0
San Pablo de Lipez (GPRS),2026-07-27 09:00:00,68,26.0,0.0,-6.0,1.7,353.0
San Pablo de Lipez (GPRS),2026-07-27 09:00:00,71,26.0,0.0,1.0,1.5,348.0
San Pablo de Lipez (GPRS),2026-07-27 09:00:00,74,26.0,0.0,5.0,2.9,329.0
San Pablo de Lipez (GPRS),2026-07-27 09:00:00,77,26.0,0.0,14.0,4.3,310.0
San Pablo de Lipez (GPRS),2026-07-27 09:00:00,80,27.0,0.0,14.0,3.4,329.0
San Pablo de Lipez (GPRS),2026-07-27 09:00:00,83,26.0,0.0,3.0,2.5,338.0
San Pablo de Lipez (GPRS),2026-07-27 09:00:00,86,26.0,0.0,-6.0,2.4,344.0
San Pablo de Lipez (GPRS),2026-07-27 09:00:00,89,26.0,0.0,-6.0,2.3,349.0
San Pablo de Lipez (GPRS),2026-07-27 09:00:00,92,26.0,0.0,0.0,2.5,329.0
San Pablo de Lipez (GPRS),2026-07-27 09:00:00,95,26.0,0.0,1.0,2.5,309.0
San Pablo de Lipez (GPRS),2026-07-27 09:00:00,98,26.0,0.0,5.0,7.5,309.0
San Pablo de Lipez (GPRS),2026-07-27 09:00:00,101,26.0,0.0,9.0,12.4,299.0
San Pablo de Lipez (GPRS),2026-07-27 09:00:00,104,26.0,0.0,6.0,8.5,300.0
San Pablo de Lipez (GPRS),2026-07-27 09:00:00,107,25.0,0.0,2.0,4.5,291.0
San Pablo de Lipez (GPRS),2026-07-27 09:00:00,110,26.0,0.0,0.0,3.2,319.0
San Pablo de Lipez (GPRS),2026-07-27 09:00:00,113,26.0,0.0,-2.0,1.9,347.0
San Pablo de Lipez (GPRS),2026-07-27 12:00:00,26,,,12.0,,
San Pablo de Lipez (GPRS),2026-07-27 12:00:00,29,,,12.0,,
San Pablo de Lipez (GPRS),2026-07-27 12:00:00,38,,,-6.0,,
San Pablo de Lipez (GPRS),2026-07-27 12:00:00,41,,,-6.0,,
San Pablo de Lipez (GPRS),2026-07-27 12:00:00,74,,,13.0,,
San Pablo de Lipez (GPRS),2026-07-27 12:00:00,77,,,13.0,,
San Pablo de Lipez (GPRS),2026-07-27 12:00:00,83,,,-3.0,,
San Pablo de Lipez (GPRS),2026-07-27 12:00:00,86,,,-7.0,,
San Pablo de Lipez (GPRS),2026-07-27 12:00:00,89,,,-7.0,,
San Pablo de Lipez (GPRS),2026-07-27 12:00:00,98,,,13.0,,
San Pablo de Lipez (GPRS),2026-07-27 12:00:00,101,,,13.0,,
San Pablo de Lipez (GPRS),2026-07-27 12:00:00,107,,,-7.0,,
San Pablo de Lipez (GPRS),2026-07-27 12:00:00,110,,,-7.0,,
San Pedro - Río Victoria,2026-07-27 09:00:00,5,37.0,0.0,31.0,4.9,313.0
San Pedro - Río Victoria,2026-07-27 09:00:00,8,36.0,0.0,31.0,3.7,323.0
San Pedro - Río Victoria,2026-07-27 09:00:00,11,36.0,0.0,23.0,2.4,330.0
San Pedro - Río Victoria,2026-07-27 09:00:00,14,36.0,0.0,22.0,2.2,330.0
San Pedro - Río Victoria,2026-07-27 09:00:00,17,56.0,0.0,20.0,1.9,328.0
San Pedro - Río Victoria,2026-07-27 09:00:00,20,56.0,0.0,20.0,2.0,323.0
San Pedro - Río Victoria,2026-07-27 09:00:00,23,57.0,0.0,22.0,2.3,323.0
San Pedro - Río Victoria,2026-07-27 09:00:00,26,56.0,0.0,24.0,3.7,323.0
San Pedro - Río Victoria,2026-07-27 09:00:00,29,36.0,0.0,32.0,5.0,320.0
San Pedro - Río Victoria,2026-07-27 09:00:00,32,36.0,0.0,32.0,4.3,320.0
San Pedro - Río Victoria,2026-07-27 09:00:00,35,36.0,0.0,24.0,3.5,310.0
San Pedro - Río Victoria,2026-07-27 09:00:00,38,36.0,0.0,22.0,2.7,316.0
San Pedro - Río Victoria,2026-07-27 09:00:00,41,36.0,0.0,20.0,2.0,316.0
San Pedro - Río Victoria,2026-07-27 09:00:00,44,36.0,0.0,20.0,1.7,318.0
San Pedro - Río Victoria,2026-07-27 09:00:00,47,36.0,0.0,23.0,2.1,323.0
San Pedro - Río Victoria,2026-07-27 09:00:00,50,36.0,0.0,25.0,3.3,323.0
San Pedro - Río Victoria,2026-07-27 09:00:00,53,36.0,0.0,31.0,4.5,313.0
San Pedro - Río Victoria,2026-07-27 09:00:00,56,36.0,0.0,31.0,3.6,320.0
San Pedro - Río Victoria,2026-07-27 09:00:00,59,36.0,0.0,26.0,2.7,317.0
San Pedro - Río Victoria,2026-07-27 09:00:00,62,36.0,0.0,21.0,1.9,305.0
San Pedro - Río Victoria,2026-07-27 09:00:00,65,56.0,0.0,19.0,1.0,288.0
San Pedro - Río Victoria,2026-07-27 09:00:00,68,56.0,0.0,19.0,1.1,320.0
San Pedro - Río Victoria,2026-07-27 09:00:00,71,56.0,0.0,23.0,1.2,310.0
San Pedro - Río Victoria,2026-07-27 09:00:00,74,56.0,0.0,25.0,2.1,313.0
San Pedro - Río Victoria,2026-07-27 09:00:00,77,76.0,1.2,30.0,3.1,313.0
San Pedro - Río Victoria,2026-07-27 09:00:00,80,76.0,1.5,30.0,2.1,332.0
San Pedro - Río Victoria,2026-07-27 09:00:00,83,57.0,0.0,26.0,1.1,342.0
San Pedro - Río Victoria,2026-07-27 09:00:00,86,57.0,0.0,19.0,1.1,332.0
San Pedro - Río Victoria,2026-07-27 09:00:00,89,55.0,0.0,19.0,1.0,316.0
San Pedro - Río Victoria,2026-07-27 09:00:00,92,56.0,0.0,26.0,1.5,336.0
San Pedro - Río Victoria,2026-07-27 09:00:00,95,56.0,0.0,27.0,1.9,318.0
San Pedro - Río Victoria,2026-07-27 09:00:00,98,56.0,0.0,32.0,2.9,323.0
San Pedro - Río Victoria,2026-07-27 09:00:00,101,36.0,0.0,38.0,3.9,323.0
San Pedro - Río Victoria,2026-07-27 09:00:00,104,35.0,0.0,34.0,3.0,333.0
San Pedro - Río Victoria,2026-07-27 09:00:00,107,36.0,0.0,30.0,2.0,333.0
San Pedro - Río Victoria,2026-07-27 09:00:00,110,36.0,0.0,28.0,1.7,325.0
San Pedro - Río Victoria,2026-07-27 09:00:00,113,36.0,0.0,26.0,1.5,312.0
San Pedro - Río Victoria,2026-07-27 12:00:00,8,,,27.0,,
San Pedro - Río Victoria,2026-07-27 12:00:00,11,,,24.0,,
San Pedro - Río Victoria,2026-07-27 12:00:00,14,,,22.0,,
San Pedro - Río Victoria,2026-07-27 12:00:00,17,,,22.0,,
San Pedro - Río Victoria,2026-07-27 12:00:00,20,,,25.0,,
San Pedro - Río Victoria,2026-07-27 12:00:00,23,,,28.0,,
San Pedro - Río Victoria,2026-07-27 12:00:00,26,,,33.0,,
San Pedro - Río Victoria,2026-07-27 12:00:00,29,,,33.0,,
San Pedro - Río Victoria,2026-07-27 12:00:00,32,,,29.0,,
San Pedro - Río Victoria,2026-07-27 12:00:00,35,,,26.0,,
San Pedro - Río Victoria,2026-07-27 12:00:00,38,,,22.0,,
San Pedro - Río Victoria,2026-07-27 12:00:00,41,,,22.0,,
San Pedro - Río Victoria,2026-07-27 12:00:00,44,,,25.0,,
San Pedro - Río Victoria,2026-07-27 12:00:00,47,,,28.0,,
San Pedro - Río Victoria,2026-07-27 12:00:00,50,,,33.0,,
San Pedro - Río Victoria,2026-07-27 12:00:00,53,,,33.0,,
San Pedro - Río Victoria,2026-07-27 12:00:00,56,,,28.0,,
San Pedro - Río Victoria,2026-07-27 12:00:00,59,,,25.0,,
San Pedro - Río Victoria,2026-07-27 12:00:00,62,,,21.0,,
San Pedro - Río Victoria,2026-07-27 12:00:00,65,,,21.0,,
San Pedro - Río Victoria,2026-07-27 12:00:00,68,,,25.0,,
San Pedro - Río Victoria,2026-07-27 12:00:00,71,,,28.0,,
San Pedro - Río Victoria,2026-07-27 12:00:00,74,,,32.0,,
San Pedro - Río Victoria,2026-07-27 12:00:00,77,,,32.0,,
San Pedro - Río Victoria,2026-07-27 12:00:00,83,,,23.0,,
San Pedro - Río Victoria,2026-07-27 12:00:00,86,,,20.0,,
San Pedro - Río Victoria,2026-07-27 12:00:00,89,,,20.0,,
San Pedro - Río Victoria,2026-07-27 12:00:00,92,,,25.0,,
San Pedro - Río Victoria,2026-07-27 12:00:00,95,,,29.0,,
San Pedro - Río Victoria,2026-07-27 12:00:00,98,,,32.0,,
San Pedro - Río Victoria,2026-07-27 12:00:00,101,,,32.0,,
San Pedro - Río Victoria,2026-07-27 12:00:00,104,,,27.0,,
San Pedro - Río Victoria,2026-07-27 12:00:00,107,,,20.0,,
San Pedro - Río Victoria,2026-07-27 12:00:00,110,,,20.0,,
San Pedro de Buena Vista,2026-07-27 09:00:00,5,26.0,0.0,22.0,3.8,355.0
San Pedro de Buena Vista,2026-07-27 09:00:00,8,26.0,0.0,22.0,3.5,349.0
San Pedro de Buena Vista,2026-07-27 09:00:00,11,26.0,0.0,17.0,3.3,340.0
San Pedro de Buena Vista,2026-07-27 09:00:00,14,26.0,0.0,10.0,3.3,308.0
San Pedro de Buena Vista,2026-07-27 09:00:00,17,26.0,0.0,4.0,3.3,268.0
San Pedro de Buena Vista,2026-07-27 09:00:00,20,26.0,0.0,4.0,2.8,273.0
San Pedro de Buena Vista,2026-07-27 09:00:00,23,26.0,0.0,10.0,2.4,263.0
San Pedro de Buena Vista,2026-07-27 09:00:00,26,27.0,0.0,17.0,4.5,276.0
San Pedro de Buena Vista,2026-07-27 09:00:00,29,26.0,0.0,23.0,6.4,288.0
San Pedro de Buena Vista,2026-07-27 09:00:00,32,26.0,0.0,23.0,4.0,304.0
San Pedro de Buena Vista,2026-07-27 09:00:00,35,26.0,0.0,17.0,1.7,320.0
San Pedro de Buena Vista,2026-07-27 09:00:00,38,27.0,0.0,10.0,2.3,293.0
San Pedro de Buena Vista,2026-07-27 09:00:00,41,26.0,0.0,5.0,3.0,258.0
San Pedro de Buena Vista,2026-07-27 09:00:00,44,26.0,0.0,5.0,1.8,263.0
San Pedro de Buena Vista,2026-07-27 09:00:00,47,26.0,0.0,11.0,2.0,258.0
San Pedro de Buena Vista,2026-07-27 09:00:00,50,27.0,0.0,16.0,2.3,338.0
San Pedro de Buena Vista,2026-07-27 09:00:00,53,26.0,0.0,22.0,2.8,55.0
San Pedro de Buena Vista,2026-07-27 09:00:00,56,26.0,0.0,22.0,2.3,60.0
San Pedro de Buena Vista,2026-07-27 09:00:00,59,26.0,0.0,15.0,1.9,63.0
San Pedro de Buena Vista,2026-07-27 09:00:00,62,26.0,0.0,11.0,1.2,33.0
San Pedro de Buena Vista,2026-07-27 09:00:00,65,25.0,0.0,4.0,0.5,355.0
San Pedro de Buena Vista,2026-07-27 09:00:00,68,26.0,0.0,4.0,0.8,319.0
San Pedro de Buena Vista,2026-07-27 09:00:00,71,25.0,0.0,10.0,0.8,331.0
San Pedro de Buena Vista,2026-07-27 09:00:00,74,26.0,0.0,15.0,2.1,15.0
San Pedro de Buena Vista,2026-07-27 09:00:00,77,26.0,0.0,21.0,3.3,58.0
San Pedro de Buena Vista,2026-07-27 09:00:00,80,26.0,0.0,21.0,2.4,58.0
San Pedro de Buena Vista,2026-07-27 09:00:00,83,26.0,0.0,13.0,1.5,47.0
San Pedro de Buena Vista,2026-07-27 09:00:00,86,26.0,0.0,4.0,1.7,356.0
San Pedro de Buena Vista,2026-07-27 09:00:00,89,26.0,0.0,4.0,1.8,298.0
San Pedro de Buena Vista,2026-07-27 09:00:00,92,26.0,0.0,10.0,2.4,301.0
San Pedro de Buena Vista,2026-07-27 09:00:00,95,26.0,0.0,11.0,2.7,288.0
San Pedro de Buena Vista,2026-07-27 09:00:00,98,26.0,0.0,16.0,3.0,327.0
San Pedro de Buena Vista,2026-07-27 09:00:00,101,27.0,0.0,21.0,3.3,5.0
San Pedro de Buena Vista,2026-07-27 09:00:00,104,26.0,0.0,17.0,3.2,345.0
San Pedro de Buena Vista,2026-07-27 09:00:00,107,26.0,0.0,13.0,3.1,317.0
San Pedro de Buena Vista,2026-07-27 09:00:00,110,26.0,0.0,12.0,2.8,296.0
San Pedro de Buena Vista,2026-07-27 09:00:00,113,26.0,0.0,10.0,2.7,268.0
San Pedro de Buena Vista,2026-07-27 12:00:00,14,,,5.0,,
San Pedro de Buena Vista,2026-07-27 12:00:00,17,,,5.0,,
San Pedro de Buena Vista,2026-07-27 12:00:00,50,,,23.0,,
San Pedro de Buena Vista,2026-07-27 12:00:00,53,,,23.0,,
San Pedro de Buena Vista,2026-07-27 12:00:00,62,,,5.0,,
San Pedro de Buena Vista,2026-07-27 12:00:00,65,,,5.0,,
San Pedro de Buena Vista,2026-07-27 12:00:00,74,,,23.0,,
San Pedro de Buena Vista,2026-07-27 12:00:00,77,,,23.0,,
San Pedro de Buena Vista,2026-07-27 12:00:00,83,,,9.0,,
San Pedro de Buena Vista,2026-07-27 12:00:00,89,,,4.0,,
San Pedro de Buena Vista,2026-07-27 12:00:00,98,,,23.0,,
San Pedro de Buena Vista,2026-07-27 12:00:00,101,,,23.0,,
San Pedro de Buena Vista,2026-07-27 12:00:00,107,,,4.0,,
San Pedro de Buena Vista,2026-07-27 12:00:00,110,,,4.0,,
San Pedro de Tiquina,2026-07-27 09:00:00,5,25.0,0.0,14.0,5.5,310.0
San Pedro de Tiquina,2026-07-27 09:00:00,8,26.0,0.0,14.0,5.7,343.0
San Pedro de Tiquina,2026-07-27 09:00:00,11,26.0,0.0,11.0,5.9,12.0
San Pedro de Tiquina,2026-07-27 09:00:00,14,27.0,0.0,8.0,3.6,17.0
San Pedro de Tiquina,2026-07-27 09:00:00,17,25.0,0.0,2.0,1.3,14.0
San Pedro de Tiquina,2026-07-27 09:00:00,20,25.0,0.0,2.0,1.6,337.0
San Pedro de Tiquina,2026-07-27 09:00:00,23,26.0,0.0,6.0,1.3,311.0
San Pedro de Tiquina,2026-07-27 09:00:00,26,25.0,0.0,11.0,3.4,311.0
San Pedro de Tiquina,2026-07-27 09:00:00,29,36.0,0.0,15.0,5.5,300.0
San Pedro de Tiquina,2026-07-27 09:00:00,32,36.0,0.0,15.0,5.2,333.0
San Pedro de Tiquina,2026-07-27 09:00:00,35,26.0,0.0,10.0,4.7,2.0
San Pedro de Tiquina,2026-07-27 09:00:00,38,26.0,0.0,6.0,3.1,23.0
San Pedro de Tiquina,2026-07-27 09:00:00,41,25.0,0.0,3.0,1.4,43.0
San Pedro de Tiquina,2026-07-27 09:00:00,44,26.0,0.0,2.0,2.2,57.0
San Pedro de Tiquina,2026-07-27 09:00:00,47,25.0,0.0,7.0,2.7,120.0
San Pedro de Tiquina,2026-07-27 09:00:00,50,26.0,0.0,11.0,2.7,207.0
San Pedro de Tiquina,2026-07-27 09:00:00,53,26.0,0.0,14.0,2.7,287.0
San Pedro de Tiquina,2026-07-27 09:00:00,56,27.0,0.0,14.0,4.2,330.0
San Pedro de Tiquina,2026-07-27 09:00:00,59,26.0,0.0,12.0,5.5,3.0
San Pedro de Tiquina,2026-07-27 09:00:00,62,26.0,0.0,8.0,3.9,3.0
San Pedro de Tiquina,2026-07-27 09:00:00,65,26.0,0.0,2.0,2.2,3.0
San Pedro de Tiquina,2026-07-27 09:00:00,68,26.0,0.0,1.0,1.9,43.0
San Pedro de Tiquina,2026-07-27 09:00:00,71,25.0,0.0,6.0,1.7,71.0
San Pedro de Tiquina,2026-07-27 09:00:00,74,26.0,0.0,9.0,3.7,20.0
San Pedro de Tiquina,2026-07-27 09:00:00,77,26.0,0.0,15.0,5.7,327.0
San Pedro de Tiquina,2026-07-27 09:00:00,80,25.0,0.0,15.0,5.7,350.0
San Pedro de Tiquina,2026-07-27 09:00:00,83,26.0,0.0,7.0,5.7,12.0
San Pedro de Tiquina,2026-07-27 09:00:00,86,26.0,0.0,1.0,3.8,19.0
San Pedro de Tiquina,2026-07-27 09:00:00,89,36.0,0.0,1.0,1.9,19.0
San Pedro de Tiquina,2026-07-27 09:00:00,92,36.0,0.0,6.0,2.7,0.0
San Pedro de Tiquina,2026-07-27 09:00:00,95,36.0,0.0,7.0,2.5,10.0
San Pedro de Tiquina,2026-07-27 09:00:00,98,36.0,0.0,10.0,3.4,340.0
San Pedro de Tiquina,2026-07-27 09:00:00,101,56.0,0.0,12.0,4.3,308.0
San Pedro de Tiquina,2026-07-27 09:00:00,104,56.0,0.0,10.0,3.7,353.0
San Pedro de Tiquina,2026-07-27 09:00:00,107,36.0,0.0,8.0,3.1,36.0
San Pedro de Tiquina,2026-07-27 09:00:00,110,35.0,0.0,7.0,3.2,74.0
San Pedro de Tiquina,2026-07-27 09:00:00,113,36.0,0.0,6.0,3.5,108.0
San Pedro de Tiquina,2026-07-27 12:00:00,14,,,3.0,,
San Pedro de Tiquina,2026-07-27 12:00:00,17,,,3.0,,
San Pedro de Tiquina,2026-07-27 12:00:00,26,,,14.0,,
San Pedro de Tiquina,2026-07-27 12:00:00,29,,,14.0,,
San Pedro de Tiquina,2026-07-27 12:00:00,65,,,2.0,,
San Pedro de Tiquina,2026-07-27 12:00:00,74,,,14.0,,
San Pedro de Tiquina,2026-07-27 12:00:00,77,,,14.0,,
San Pedro de Tiquina,2026-07-27 12:00:00,80,,,9.0,,
San Pedro de Tiquina,2026-07-27 12:00:00,83,,,6.0,,
San Pedro de Tiquina,2026-07-27 12:00:00,86,,,2.0,,
San Pedro de Tiquina,2026-07-27 12:00:00,89,,,1.0,,
San Pedro de Tiquina,2026-07-27 12:00:00,98,,,14.0,,
San Pedro de Tiquina,2026-07-27 12:00:00,101,,,14.0,,
San Pedro de Tiquina,2026-07-27 12:00:00,107,,,1.0,,
San Pedro de Tiquina,2026-07-27 12:00:00,110,,,1.0,,
San Ramon,2026-07-27 09:00:00,5,36.0,0.0,34.0,4.5,310.0
San Ramon,2026-07-27 09:00:00,8,36.0,0.0,34.0,3.3,320.0
San Ramon,2026-07-27 09:00:00,11,36.0,0.0,28.0,2.1,330.0
San Ramon,2026-07-27 09:00:00,14,36.0,0.0,24.0,3.1,325.0
San Ramon,2026-07-27 09:00:00,17,27.0,0.0,22.0,4.1,315.0
San Ramon,2026-07-27 09:00:00,20,26.0,0.0,22.0,3.1,325.0
San Ramon,2026-07-27 09:00:00,23,26.0,0.0,23.0,3.4,325.0
San Ramon,2026-07-27 09:00:00,26,27.0,0.0,27.0,4.4,320.0
San Ramon,2026-07-27 09:00:00,29,35.0,0.0,34.0,5.4,315.0
San Ramon,2026-07-27 09:00:00,32,37.0,0.0,34.0,4.4,335.0
San Ramon,2026-07-27 09:00:00,35,26.0,0.0,27.0,3.5,350.0
San Ramon,2026-07-27 09:00:00,38,27.0,0.0,24.0,3.0,335.0
San Ramon,2026-07-27 09:00:00,41,26.0,0.0,22.0,2.5,312.0
San Ramon,2026-07-27 09:00:00,44,36.0,0.0,22.0,3.3,330.0
San Ramon,2026-07-27 09:00:00,47,36.0,0.0,25.0,4.1,325.0
San Ramon,2026-07-27 09:00:00,50,36.0,0.0,29.0,4.5,325.0
San Ramon,2026-07-27 09:00:00,53,36.0,0.0,34.0,5.0,315.0
San Ramon,2026-07-27 09:00:00,56,36.0,0.0,34.0,3.5,310.0
San Ramon,2026-07-27 09:00:00,59,36.0,0.0,29.0,2.1,295.0
San Ramon,2026-07-27 09:00:00,62,37.0,0.0,23.0,2.2,305.0
San Ramon,2026-07-27 09:00:00,65,36.0,0.0,22.0,2.2,315.0
San Ramon,2026-07-27 09:00:00,68,36.0,0.0,22.0,2.2,337.0
San Ramon,2026-07-27 09:00:00,71,36.0,0.0,26.0,2.1,333.0
San Ramon,2026-07-27 09:00:00,74,36.0,0.0,28.0,2.5,323.0
San Ramon,2026-07-27 09:00:00,77,57.0,0.0,33.0,2.8,308.0
San Ramon,2026-07-27 09:00:00,80,56.0,0.0,33.0,3.1,318.0
San Ramon,2026-07-27 09:00:00,83,56.0,0.0,29.0,3.3,323.0
San Ramon,2026-07-27 09:00:00,86,56.0,0.0,22.0,2.7,338.0
San Ramon,2026-07-27 09:00:00,89,36.0,0.0,22.0,2.1,351.0
San Ramon,2026-07-27 09:00:00,92,36.0,0.0,27.0,2.2,325.0
San Ramon,2026-07-27 09:00:00,95,36.0,0.0,28.0,2.0,335.0
San Ramon,2026-07-27 09:00:00,98,36.0,0.0,32.0,3.1,327.0
San Ramon,2026-07-27 09:00:00,101,36.0,0.0,37.0,4.3,312.0
San Ramon,2026-07-27 09:00:00,104,36.0,0.0,33.0,3.4,337.0
San Ramon,2026-07-27 09:00:00,107,26.0,0.0,29.0,2.5,355.0
San Ramon,2026-07-27 09:00:00,110,26.0,0.0,27.0,2.4,353.0
San Ramon,2026-07-27 09:00:00,113,36.0,0.0,26.0,2.3,345.0
San Ramon,2026-07-27 12:00:00,20,,,25.0,,
San Ramon,2026-07-27 12:00:00,23,,,29.0,,
San Ramon,2026-07-27 12:00:00,32,,,29.0,,
San Ramon,2026-07-27 12:00:00,35,,,26.0,,
San Ramon,2026-07-27 12:00:00,38,,,23.0,,
San Ramon,2026-07-27 12:00:00,41,,,23.0,,
San Ramon,2026-07-27 12:00:00,50,,,35.0,,
San Ramon,2026-07-27 12:00:00,53,,,35.0,,
San Ramon,2026-07-27 12:00:00,59,,,26.0,,
San Ramon,2026-07-27 12:00:00,62,,,24.0,,
San Ramon,2026-07-27 12:00:00,65,,,24.0,,
San Ramon,2026-07-27 12:00:00,68,,,27.0,,
San Ramon,2026-07-27 12:00:00,71,,,30.0,,
San Ramon,2026-07-27 12:00:00,74,,,35.0,,
San Ramon,2026-07-27 12:00:00,77,,,35.0,,
San Ramon,2026-07-27 12:00:00,80,,,30.0,,
San Ramon,2026-07-27 12:00:00,83,,,26.0,,
San Ramon,2026-07-27 12:00:00,86,,,23.0,,
San Ramon,2026-07-27 12:00:00,89,,,23.0,,
San Ramon,2026-07-27 12:00:00,98,,,35.0,,
San Ramon,2026-07-27 12:00:00,101,,,35.0,,
San Ramon,2026-07-27 12:00:00,107,,,23.0,,
San Ramon,2026-07-27 12:00:00,110,,,23.0,,
San Roque - La Paz,2026-07-27 09:00:00,5,26.0,0.0,14.0,6.4,297.0
San Roque - La Paz,2026-07-27 09:00:00,8,26.0,0.0,14.0,4.2,334.0
San Roque - La Paz,2026-07-27 09:00:00,11,26.0,0.0,8.0,2.1,360.0
San Roque - La Paz,2026-07-27 09:00:00,14,26.0,0.0,2.0,1.4,320.0
San Roque - La Paz,2026-07-27 09:00:00,17,26.0,0.0,-6.0,0.7,277.0
San Roque - La Paz,2026-07-27 09:00:00,20,26.0,0.0,-6.0,1.1,310.0
San Roque - La Paz,2026-07-27 09:00:00,23,26.0,0.0,2.0,1.4,306.0
San Roque - La Paz,2026-07-27 09:00:00,26,27.0,0.0,8.0,4.2,306.0
San Roque - La Paz,2026-07-27 09:00:00,29,37.0,0.0,15.0,6.9,300.0
San Roque - La Paz,2026-07-27 09:00:00,32,36.0,0.0,15.0,4.5,306.0
San Roque - La Paz,2026-07-27 09:00:00,35,26.0,0.0,8.0,2.1,304.0
San Roque - La Paz,2026-07-27 09:00:00,38,27.0,0.0,3.0,2.0,201.0
San Roque - La Paz,2026-07-27 09:00:00,41,26.0,0.0,-5.0,1.9,147.0
San Roque - La Paz,2026-07-27 09:00:00,44,26.0,0.0,-5.0,1.1,133.0
San Roque - La Paz,2026-07-27 09:00:00,47,27.0,0.0,4.0,1.3,114.0
San Roque - La Paz,2026-07-27 09:00:00,50,27.0,0.0,9.0,2.2,136.0
San Roque - La Paz,2026-07-27 09:00:00,53,26.0,0.0,16.0,3.0,288.0
San Roque - La Paz,2026-07-27 09:00:00,56,26.0,0.0,16.0,2.2,274.0
San Roque - La Paz,2026-07-27 09:00:00,59,26.0,0.0,10.0,1.4,110.0
San Roque - La Paz,2026-07-27 09:00:00,62,26.0,0.0,5.0,1.2,104.0
San Roque - La Paz,2026-07-27 09:00:00,65,26.0,0.0,-4.0,1.1,91.0
San Roque - La Paz,2026-07-27 09:00:00,68,26.0,0.0,-5.0,1.3,117.0
San Roque - La Paz,2026-07-27 09:00:00,71,27.0,0.0,4.0,1.6,127.0
San Roque - La Paz,2026-07-27 09:00:00,74,26.0,0.0,9.0,2.0,183.0
San Roque - La Paz,2026-07-27 09:00:00,77,26.0,0.0,15.0,2.3,289.0
San Roque - La Paz,2026-07-27 09:00:00,80,26.0,0.0,15.0,2.4,354.0
San Roque - La Paz,2026-07-27 09:00:00,83,26.0,0.0,7.0,2.4,57.0
San Roque - La Paz,2026-07-27 09:00:00,86,26.0,0.0,-5.0,2.0,27.0
San Roque - La Paz,2026-07-27 09:00:00,89,36.0,0.0,-5.0,1.5,353.0
San Roque - La Paz,2026-07-27 09:00:00,92,36.0,0.0,4.0,1.6,340.0
San Roque - La Paz,2026-07-27 09:00:00,95,36.0,0.0,5.0,1.0,350.0
San Roque - La Paz,2026-07-27 09:00:00,98,37.0,0.0,10.0,3.5,327.0
San Roque - La Paz,2026-07-27 09:00:00,101,56.0,0.0,15.0,6.0,297.0
San Roque - La Paz,2026-07-27 09:00:00,104,56.0,0.0,11.0,4.7,217.0
San Roque - La Paz,2026-07-27 09:00:00,107,36.0,0.0,7.0,3.3,133.0
San Roque - La Paz,2026-07-27 09:00:00,110,36.0,0.0,5.0,2.8,137.0
San Roque - La Paz,2026-07-27 09:00:00,113,37.0,0.0,3.0,2.3,137.0
San Roque - La Paz,2026-07-27 12:00:00,14,,,-5.0,,
San Roque - La Paz,2026-07-27 12:00:00,17,,,-5.0,,
San Roque - La Paz,2026-07-27 12:00:00,50,,,15.0,,
San Roque - La Paz,2026-07-27 12:00:00,53,,,15.0,,
San Roque - La Paz,2026-07-27 12:00:00,59,,,4.0,,
San Roque - La Paz,2026-07-27 12:00:00,65,,,-4.0,,
San Roque - La Paz,2026-07-27 12:00:00,74,,,14.0,,
San Roque - La Paz,2026-07-27 12:00:00,77,,,14.0,,
San Roque - La Paz,2026-07-27 12:00:00,83,,,2.0,,
San Roque - La Paz,2026-07-27 12:00:00,86,,,-4.0,,
San Roque - La Paz,2026-07-27 12:00:00,89,,,-4.0,,
San Roque - La Paz,2026-07-27 12:00:00,98,,,14.0,,
San Roque - La Paz,2026-07-27 12:00:00,101,,,14.0,,
San Roque - La Paz,2026-07-27 12:00:00,107,,,-4.0,,
San Roque - La Paz,2026-07-27 12:00:00,110,,,-4.0,,
Santa Ana,2026-07-27 09:00:00,5,36.0,0.0,35.0,5.9,320.0
Santa Ana,2026-07-27 09:00:00,8,36.0,0.0,35.0,4.2,320.0
Santa Ana,2026-07-27 09:00:00,11,36.0,0.0,28.0,2.4,310.0
Santa Ana,2026-07-27 09:00:00,14,36.0,0.0,23.0,2.8,330.0
Santa Ana,2026-07-27 09:00:00,17,25.0,0.0,21.0,3.1,340.0
Santa Ana,2026-07-27 09:00:00,20,26.0,0.0,21.0,3.4,308.0
Santa Ana,2026-07-27 09:00:00,23,25.0,0.0,22.0,4.3,311.0
Santa Ana,2026-07-27 09:00:00,26,25.0,0.0,26.0,5.3,311.0
Santa Ana,2026-07-27 09:00:00,29,36.0,0.0,35.0,6.2,310.0
Santa Ana,2026-07-27 09:00:00,32,36.0,0.0,35.0,3.9,280.0
Santa Ana,2026-07-27 09:00:00,35,26.0,0.0,26.0,1.7,250.0
Santa Ana,2026-07-27 09:00:00,38,26.0,0.0,22.0,2.0,290.0
Santa Ana,2026-07-27 09:00:00,41,26.0,0.0,21.0,2.4,330.0
Santa Ana,2026-07-27 09:00:00,44,37.0,0.0,21.0,3.4,320.0
Santa Ana,2026-07-27 09:00:00,47,35.0,0.0,23.0,4.0,320.0
Santa Ana,2026-07-27 09:00:00,50,36.0,0.0,27.0,4.8,320.0
Santa Ana,2026-07-27 09:00:00,53,36.0,0.0,35.0,5.5,310.0
Santa Ana,2026-07-27 09:00:00,56,35.0,0.0,35.0,3.6,291.0
Santa Ana,2026-07-27 09:00:00,59,36.0,0.0,28.0,1.6,271.0
Santa Ana,2026-07-27 09:00:00,62,36.0,0.0,23.0,2.0,291.0
Santa Ana,2026-07-27 09:00:00,65,36.0,0.0,21.0,2.3,310.0
Santa Ana,2026-07-27 09:00:00,68,37.0,0.0,21.0,2.4,333.0
Santa Ana,2026-07-27 09:00:00,71,36.0,0.0,24.0,2.5,310.0
Santa Ana,2026-07-27 09:00:00,74,36.0,0.0,27.0,3.3,320.0
Santa Ana,2026-07-27 09:00:00,77,57.0,0.0,34.0,4.0,320.0
Santa Ana,2026-07-27 09:00:00,80,56.0,0.0,34.0,3.4,320.0
Santa Ana,2026-07-27 09:00:00,83,56.0,0.0,29.0,2.9,319.0
Santa Ana,2026-07-27 09:00:00,86,56.0,0.0,21.0,2.8,330.0
Santa Ana,2026-07-27 09:00:00,89,35.0,0.0,21.0,2.8,337.0
Santa Ana,2026-07-27 09:00:00,92,36.0,0.0,27.0,2.6,330.0
Santa Ana,2026-07-27 09:00:00,95,36.0,0.0,28.0,2.5,310.0
Santa Ana,2026-07-27 09:00:00,98,35.0,0.0,32.0,3.3,320.0
Santa Ana,2026-07-27 09:00:00,101,35.0,0.0,37.0,4.1,323.0
Santa Ana,2026-07-27 09:00:00,104,36.0,0.0,33.0,3.4,343.0
Santa Ana,2026-07-27 09:00:00,107,26.0,0.0,28.0,2.8,360.0
Santa Ana,2026-07-27 09:00:00,110,26.0,0.0,27.0,2.4,360.0
Santa Ana,2026-07-27 09:00:00,113,36.0,0.0,25.0,2.0,350.0
Santa Ana,2026-07-27 12:00:00,20,,,25.0,,
Santa Ana,2026-07-27 12:00:00,23,,,30.0,,
Santa Ana,2026-07-27 12:00:00,26,,,34.0,,
Santa Ana,2026-07-27 12:00:00,29,,,34.0,,
Santa Ana,2026-07-27 12:00:00,32,,,31.0,,
Santa Ana,2026-07-27 12:00:00,35,,,27.0,,
Santa Ana,2026-07-27 12:00:00,38,,,22.0,,
Santa Ana,2026-07-27 12:00:00,41,,,22.0,,
Santa Ana,2026-07-27 12:00:00,44,,,27.0,,
Santa Ana,2026-07-27 12:00:00,47,,,30.0,,
Santa Ana,2026-07-27 12:00:00,56,,,30.0,,
Santa Ana,2026-07-27 12:00:00,59,,,25.0,,
Santa Ana,2026-07-27 12:00:00,62,,,23.0,,
Santa Ana,2026-07-27 12:00:00,65,,,23.0,,
Santa Ana,2026-07-27 12:00:00,68,,,26.0,,
Santa Ana,2026-07-27 12:00:00,71,,,30.0,,
Santa Ana,2026-07-27 12:00:00,74,,,35.0,,
Santa Ana,2026-07-27 12:00:00,77,,,35.0,,
Santa Ana,2026-07-27 12:00:00,83,,,25.0,,
Santa Ana,2026-07-27 12:00:00,86,,,22.0,,
Santa Ana,2026-07-27 12:00:00,89,,,22.0,,
Santa Ana,2026-07-27 12:00:00,92,,,26.0,,
Santa Ana,2026-07-27 12:00:00,95,,,30.0,,
Santa Ana,2026-07-27 12:00:00,98,,,35.0,,
Santa Ana,2026-07-27 12:00:00,101,,,35.0,,
Santa Ana,2026-07-27 12:00:00,107,,,22.0,,
Santa Ana,2026-07-27 12:00:00,110,,,22.0,,
Santa Cruz - Trompillo,2026-07-27 09:00:00,5,36.0,0.0,32.0,9.5,322.0
Santa Cruz - Trompillo,2026-07-27 09:00:00,8,36.0,0.0,32.0,9.1,322.0
Santa Cruz - Trompillo,2026-07-27 09:00:00,11,36.0,0.0,27.0,8.6,322.0
Santa Cruz - Trompillo,2026-07-27 09:00:00,14,36.0,0.0,25.0,8.2,322.0
Santa Cruz - Trompillo,2026-07-27 09:00:00,17,56.0,0.0,22.0,7.7,322.0
Santa Cruz - Trompillo,2026-07-27 09:00:00,20,56.0,0.0,22.0,7.8,322.0
Santa Cruz - Trompillo,2026-07-27 09:00:00,23,56.0,0.0,26.0,7.6,322.0
Santa Cruz - Trompillo,2026-07-27 09:00:00,26,56.0,0.0,27.0,8.3,322.0
Santa Cruz - Trompillo,2026-07-27 09:00:00,29,36.0,0.0,32.0,9.0,322.0
Santa Cruz - Trompillo,2026-07-27 09:00:00,32,37.0,0.0,32.0,8.6,322.0
Santa Cruz - Trompillo,2026-07-27 09:00:00,35,37.0,0.0,27.0,8.3,320.0
Santa Cruz - Trompillo,2026-07-27 09:00:00,38,36.0,0.0,24.0,7.5,320.0
Santa Cruz - Trompillo,2026-07-27 09:00:00,41,36.0,0.0,22.0,6.7,320.0
Santa Cruz - Trompillo,2026-07-27 09:00:00,44,36.0,0.0,22.0,6.7,322.0
Santa Cruz - Trompillo,2026-07-27 09:00:00,47,36.0,0.0,25.0,6.4,322.0
Santa Cruz - Trompillo,2026-07-27 09:00:00,50,36.0,0.0,27.0,7.4,322.0
Santa Cruz - Trompillo,2026-07-27 09:00:00,53,36.0,0.0,32.0,8.5,322.0
Santa Cruz - Trompillo,2026-07-27 09:00:00,56,36.0,0.0,32.0,6.9,322.0
Santa Cruz - Trompillo,2026-07-27 09:00:00,59,36.0,0.0,26.0,5.3,312.0
Santa Cruz - Trompillo,2026-07-27 09:00:00,62,37.0,0.0,24.0,4.7,300.0
Santa Cruz - Trompillo,2026-07-27 09:00:00,65,57.0,0.0,21.0,4.2,288.0
Santa Cruz - Trompillo,2026-07-27 09:00:00,68,57.0,0.0,21.0,2.7,288.0
Santa Cruz - Trompillo,2026-07-27 09:00:00,71,56.0,0.0,23.0,1.5,278.0
Santa Cruz - Trompillo,2026-07-27 09:00:00,74,56.0,0.0,25.0,4.3,300.0
Santa Cruz - Trompillo,2026-07-27 09:00:00,77,77.0,1.0,31.0,7.3,322.0
Santa Cruz - Trompillo,2026-07-27 09:00:00,80,76.0,0.6,31.0,5.5,322.0
Santa Cruz - Trompillo,2026-07-27 09:00:00,83,56.0,0.0,26.0,3.6,320.0
Santa Cruz - Trompillo,2026-07-27 09:00:00,86,56.0,0.0,21.0,3.3,330.0
Santa Cruz - Trompillo,2026-07-27 09:00:00,89,56.0,0.0,21.0,3.1,340.0
Santa Cruz - Trompillo,2026-07-27 09:00:00,92,56.0,0.0,27.0,4.8,322.0
Santa Cruz - Trompillo,2026-07-27 09:00:00,95,56.0,0.0,27.0,5.6,322.0
Santa Cruz - Trompillo,2026-07-27 09:00:00,98,56.0,0.0,32.0,7.1,322.0
Santa Cruz - Trompillo,2026-07-27 09:00:00,101,36.0,0.0,37.0,8.6,322.0
Santa Cruz - Trompillo,2026-07-27 09:00:00,104,37.0,0.0,34.0,7.5,332.0
Santa Cruz - Trompillo,2026-07-27 09:00:00,107,37.0,0.0,32.0,6.4,340.0
Santa Cruz - Trompillo,2026-07-27 09:00:00,110,36.0,0.0,29.0,6.3,340.0
Santa Cruz - Trompillo,2026-07-27 09:00:00,113,36.0,0.0,27.0,6.2,332.0
Santa Cruz - Trompillo,2026-07-27 12:00:00,20,,,25.0,,
Santa Cruz - Trompillo,2026-07-27 12:00:00,26,,,30.0,,
Santa Cruz - Trompillo,2026-07-27 12:00:00,29,,,30.0,,
Santa Cruz - Trompillo,2026-07-27 12:00:00,44,,,24.0,,
Santa Cruz - Trompillo,2026-07-27 12:00:00,50,,,30.0,,
Santa Cruz - Trompillo,2026-07-27 12:00:00,53,,,30.0,,
Santa Cruz - Trompillo,2026-07-27 12:00:00,74,,,29.0,,
Santa Cruz - Trompillo,2026-07-27 12:00:00,77,,,29.0,,
Santa Cruz - Trompillo,2026-07-27 12:00:00,83,,,23.0,,
Santa Cruz - Trompillo,2026-07-27 12:00:00,86,,,20.0,,
Santa Cruz - Trompillo,2026-07-27 12:00:00,89,,,20.0,,
Santa Cruz - Trompillo,2026-07-27 12:00:00,92,,,22.0,,
Santa Cruz - Trompillo,2026-07-27 12:00:00,95,,,25.0,,
Santa Cruz - Trompillo,2026-07-27 12:00:00,98,,,29.0,,
Santa Cruz - Trompillo,2026-07-27 12:00:00,101,,,29.0,,
Santa Cruz - Trompillo,2026-07-27 12:00:00,104,,,26.0,,
Santa Cruz - Trompillo,2026-07-27 12:00:00,107,,,20.0,,
Santa Cruz - Trompillo,2026-07-27 12:00:00,110,,,20.0,,
Santa Cruz - Viru Viru,2026-07-27 09:00:00,5,36.0,0.0,33.0,9.1,320.0
Santa Cruz - Viru Viru,2026-07-27 09:00:00,8,37.0,0.0,33.0,8.5,321.0
Santa Cruz - Viru Viru,2026-07-27 09:00:00,11,36.0,0.0,28.0,7.8,321.0
Santa Cruz - Viru Viru,2026-07-27 09:00:00,14,36.0,0.0,26.0,7.3,321.0
Santa Cruz - Viru Viru,2026-07-27 09:00:00,17,56.0,0.0,22.0,6.8,314.0
Santa Cruz - Viru Viru,2026-07-27 09:00:00,20,56.0,0.0,22.0,6.9,322.0
Santa Cruz - Viru Viru,2026-07-27 09:00:00,23,56.0,0.0,26.0,6.7,322.0
Santa Cruz - Viru Viru,2026-07-27 09:00:00,26,56.0,0.0,28.0,7.8,322.0
Santa Cruz - Viru Viru,2026-07-27 09:00:00,29,36.0,0.0,33.0,8.8,320.0
Santa Cruz - Viru Viru,2026-07-27 09:00:00,32,36.0,0.0,33.0,8.1,320.0
Santa Cruz - Viru Viru,2026-07-27 09:00:00,35,36.0,0.0,27.0,7.5,320.0
Santa Cruz - Viru Viru,2026-07-27 09:00:00,38,36.0,0.0,25.0,7.0,320.0
Santa Cruz - Viru Viru,2026-07-27 09:00:00,41,36.0,0.0,22.0,6.3,314.0
Santa Cruz - Viru Viru,2026-07-27 09:00:00,44,36.0,0.0,22.0,6.1,320.0
Santa Cruz - Viru Viru,2026-07-27 09:00:00,47,36.0,0.0,26.0,5.9,322.0
Santa Cruz - Viru Viru,2026-07-27 09:00:00,50,36.0,0.0,28.0,7.1,321.0
Santa Cruz - Viru Viru,2026-07-27 09:00:00,53,36.0,0.0,32.0,8.4,314.0
Santa Cruz - Viru Viru,2026-07-27 09:00:00,56,35.0,0.0,32.0,6.6,314.0
Santa Cruz - Viru Viru,2026-07-27 09:00:00,59,36.0,0.0,27.0,4.9,310.0
Santa Cruz - Viru Viru,2026-07-27 09:00:00,62,36.0,0.0,24.0,4.5,304.0
Santa Cruz - Viru Viru,2026-07-27 09:00:00,65,55.0,0.0,21.0,4.0,294.0
Santa Cruz - Viru Viru,2026-07-27 09:00:00,68,56.0,0.0,21.0,2.9,300.0
Santa Cruz - Viru Viru,2026-07-27 09:00:00,71,56.0,0.0,23.0,2.2,296.0
Santa Cruz - Viru Viru,2026-07-27 09:00:00,74,57.0,0.0,26.0,4.6,310.0
Santa Cruz - Viru Viru,2026-07-27 09:00:00,77,77.0,1.2,31.0,7.0,314.0
Santa Cruz - Viru Viru,2026-07-27 09:00:00,80,76.0,1.1,31.0,4.9,314.0
Santa Cruz - Viru Viru,2026-07-27 09:00:00,83,56.0,0.0,26.0,2.9,310.0
Santa Cruz - Viru Viru,2026-07-27 09:00:00,86,56.0,0.0,21.0,2.9,324.0
Santa Cruz - Viru Viru,2026-07-27 09:00:00,89,56.0,0.0,21.0,2.9,334.0
Santa Cruz - Viru Viru,2026-07-27 09:00:00,92,56.0,0.0,27.0,4.4,321.0
Santa Cruz - Viru Viru,2026-07-27 09:00:00,95,56.0,0.0,27.0,5.1,314.0
Santa Cruz - Viru Viru,2026-07-27 09:00:00,98,56.0,0.0,32.0,6.7,321.0
Santa Cruz - Viru Viru,2026-07-27 09:00:00,101,36.0,0.0,37.0,8.4,322.0
Santa Cruz - Viru Viru,2026-07-27 09:00:00,104,35.0,0.0,34.0,7.1,332.0
Santa Cruz - Viru Viru,2026-07-27 09:00:00,107,36.0,0.0,32.0,5.8,341.0
Santa Cruz - Viru Viru,2026-07-27 09:00:00,110,36.0,0.0,30.0,5.8,340.0
Santa Cruz - Viru Viru,2026-07-27 09:00:00,113,36.0,0.0,28.0,5.7,330.0
Santa Cruz - Viru Viru,2026-07-27 12:00:00,14,,,21.0,,
Santa Cruz - Viru Viru,2026-07-27 12:00:00,17,,,21.0,,
Santa Cruz - Viru Viru,2026-07-27 12:00:00,20,,,25.0,,
Santa Cruz - Viru Viru,2026-07-27 12:00:00,26,,,31.0,,
Santa Cruz - Viru Viru,2026-07-27 12:00:00,29,,,31.0,,
Santa Cruz - Viru Viru,2026-07-27 12:00:00,32,,,28.0,,
Santa Cruz - Viru Viru,2026-07-27 12:00:00,38,,,21.0,,
Santa Cruz - Viru Viru,2026-07-27 12:00:00,41,,,21.0,,
Santa Cruz - Viru Viru,2026-07-27 12:00:00,44,,,25.0,,
Santa Cruz - Viru Viru,2026-07-27 12:00:00,50,,,31.0,,
Santa Cruz - Viru Viru,2026-07-27 12:00:00,53,,,31.0,,
Santa Cruz - Viru Viru,2026-07-27 12:00:00,59,,,23.0,,
Santa Cruz - Viru Viru,2026-07-27 12:00:00,62,,,20.0,,
Santa Cruz - Viru Viru,2026-07-27 12:00:00,65,,,20.0,,
Santa Cruz - Viru Viru,2026-07-27 12:00:00,74,,,30.0,,
Santa Cruz - Viru Viru,2026-07-27 12:00:00,77,,,30.0,,
Santa Cruz - Viru Viru,2026-07-27 12:00:00,83,,,23.0,,
Santa Cruz - Viru Viru,2026-07-27 12:00:00,86,,,19.0,,
Santa Cruz - Viru Viru,2026-07-27 12:00:00,89,,,19.0,,
Santa Cruz - Viru Viru,2026-07-27 12:00:00,92,,,22.0,,
Santa Cruz - Viru Viru,2026-07-27 12:00:00,95,,,26.0,,
Santa Cruz - Viru Viru,2026-07-27 12:00:00,98,,,30.0,,
Santa Cruz - Viru Viru,2026-07-27 12:00:00,101,,,30.0,,
Santa Cruz - Viru Viru,2026-07-27 12:00:00,104,,,26.0,,
Santa Cruz - Viru Viru,2026-07-27 12:00:00,107,,,19.0,,
Santa Cruz - Viru Viru,2026-07-27 12:00:00,110,,,19.0,,
Santa Rosa,2026-07-27 09:00:00,5,36.0,0.0,32.0,4.5,340.0
Santa Rosa,2026-07-27 09:00:00,8,35.0,0.0,32.0,3.0,340.0
Santa Rosa,2026-07-27 09:00:00,11,36.0,0.0,27.0,1.5,333.0
Santa Rosa,2026-07-27 09:00:00,14,37.0,0.0,24.0,2.2,333.0
Santa Rosa,2026-07-27 09:00:00,17,26.0,0.0,21.0,2.8,330.0
Santa Rosa,2026-07-27 09:00:00,20,26.0,0.0,21.0,2.9,334.0
Santa Rosa,2026-07-27 09:00:00,23,26.0,0.0,25.0,3.2,330.0
Santa Rosa,2026-07-27 09:00:00,26,26.0,0.0,28.0,4.4,330.0
Santa Rosa,2026-07-27 09:00:00,29,36.0,0.0,33.0,5.6,320.0
Santa Rosa,2026-07-27 09:00:00,32,36.0,0.0,33.0,3.8,297.0
Santa Rosa,2026-07-27 09:00:00,35,26.0,0.0,28.0,2.0,273.0
Santa Rosa,2026-07-27 09:00:00,38,26.0,0.0,24.0,2.2,306.0
Santa Rosa,2026-07-27 09:00:00,41,25.0,0.0,22.0,2.4,330.0
Santa Rosa,2026-07-27 09:00:00,44,36.0,0.0,22.0,2.8,320.0
Santa Rosa,2026-07-27 09:00:00,47,36.0,0.0,25.0,3.1,320.0
Santa Rosa,2026-07-27 09:00:00,50,36.0,0.0,28.0,4.2,320.0
Santa Rosa,2026-07-27 09:00:00,53,37.0,0.0,32.0,5.3,320.0
Santa Rosa,2026-07-27 09:00:00,56,37.0,0.0,32.0,3.6,324.0
Santa Rosa,2026-07-27 09:00:00,59,36.0,0.0,30.0,1.9,324.0
Santa Rosa,2026-07-27 09:00:00,62,35.0,0.0,26.0,2.0,330.0
Santa Rosa,2026-07-27 09:00:00,65,36.0,0.0,21.0,2.1,330.0
Santa Rosa,2026-07-27 09:00:00,68,36.0,0.0,21.0,2.0,334.0
Santa Rosa,2026-07-27 09:00:00,71,36.0,0.0,25.0,1.8,324.0
Santa Rosa,2026-07-27 09:00:00,74,36.0,0.0,28.0,2.7,330.0
Santa Rosa,2026-07-27 09:00:00,77,56.0,0.0,32.0,3.6,330.0
Santa Rosa,2026-07-27 09:00:00,80,56.0,0.0,32.0,2.7,330.0
Santa Rosa,2026-07-27 09:00:00,83,56.0,0.0,28.0,1.8,330.0
Santa Rosa,2026-07-27 09:00:00,86,55.0,0.0,21.0,1.9,326.0
Santa Rosa,2026-07-27 09:00:00,89,36.0,0.0,21.0,2.0,316.0
Santa Rosa,2026-07-27 09:00:00,92,36.0,0.0,26.0,2.0,316.0
Santa Rosa,2026-07-27 09:00:00,95,36.0,0.0,26.0,2.1,306.0
Santa Rosa,2026-07-27 09:00:00,98,36.0,0.0,31.0,3.1,320.0
Santa Rosa,2026-07-27 09:00:00,101,56.0,0.0,37.0,4.1,330.0
Santa Rosa,2026-07-27 09:00:00,104,56.0,0.0,33.0,3.5,346.0
Santa Rosa,2026-07-27 09:00:00,107,36.0,0.0,29.0,3.0,356.0
Santa Rosa,2026-07-27 09:00:00,110,36.0,0.0,27.0,2.3,314.0
Santa Rosa,2026-07-27 09:00:00,113,36.0,0.0,24.0,1.5,269.0
Santa Rosa,2026-07-27 12:00:00,8,,,29.0,,
Santa Rosa,2026-07-27 12:00:00,11,,,25.0,,
Santa Rosa,2026-07-27 12:00:00,14,,,23.0,,
Santa Rosa,2026-07-27 12:00:00,17,,,23.0,,
Santa Rosa,2026-07-27 12:00:00,26,,,32.0,,
Santa Rosa,2026-07-27 12:00:00,29,,,32.0,,
Santa Rosa,2026-07-27 12:00:00,32,,,30.0,,
Santa Rosa,2026-07-27 12:00:00,35,,,27.0,,
Santa Rosa,2026-07-27 12:00:00,38,,,24.0,,
Santa Rosa,2026-07-27 12:00:00,41,,,24.0,,
Santa Rosa,2026-07-27 12:00:00,44,,,26.0,,
Santa Rosa,2026-07-27 12:00:00,47,,,29.0,,
Santa Rosa,2026-07-27 12:00:00,62,,,23.0,,
Santa Rosa,2026-07-27 12:00:00,65,,,23.0,,
Santa Rosa,2026-07-27 12:00:00,74,,,33.0,,
Santa Rosa,2026-07-27 12:00:00,77,,,33.0,,
Santa Rosa,2026-07-27 12:00:00,80,,,30.0,,
Santa Rosa,2026-07-27 12:00:00,83,,,26.0,,
Santa Rosa,2026-07-27 12:00:00,86,,,23.0,,
Santa Rosa,2026-07-27 12:00:00,89,,,23.0,,
Santa Rosa,2026-07-27 12:00:00,95,,,28.0,,
Santa Rosa,2026-07-27 12:00:00,98,,,32.0,,
Santa Rosa,2026-07-27 12:00:00,101,,,32.0,,
Santa Rosa,2026-07-27 12:00:00,104,,,28.0,,
Santa Rosa,2026-07-27 12:00:00,107,,,23.0,,
Santa Rosa,2026-07-27 12:00:00,110,,,23.0,,
Santos Mercado - PD,2026-07-27 09:00:00,5,37.0,0.0,34.0,2.1,320.0
Santos Mercado - PD,2026-07-27 09:00:00,8,37.0,0.0,34.0,1.9,320.0
Santos Mercado - PD,2026-07-27 09:00:00,11,36.0,0.0,28.0,1.7,320.0
Santos Mercado - PD,2026-07-27 09:00:00,14,37.0,0.0,25.0,1.6,340.0
Santos Mercado - PD,2026-07-27 09:00:00,17,26.0,0.0,22.0,1.5,350.0
Santos Mercado - PD,2026-07-27 09:00:00,20,27.0,0.0,22.0,1.6,330.0
Santos Mercado - PD,2026-07-27 09:00:00,23,26.0,0.0,26.0,1.9,330.0
Santos Mercado - PD,2026-07-27 09:00:00,26,27.0,0.0,29.0,2.2,330.0
Santos Mercado - PD,2026-07-27 09:00:00,29,36.0,0.0,34.0,2.4,330.0
Santos Mercado - PD,2026-07-27 09:00:00,32,36.0,0.0,34.0,1.5,300.0
Santos Mercado - PD,2026-07-27 09:00:00,35,26.0,0.0,28.0,0.6,260.0
Santos Mercado - PD,2026-07-27 09:00:00,38,26.0,0.0,25.0,1.0,290.0
Santos Mercado - PD,2026-07-27 09:00:00,41,27.0,0.0,22.0,1.5,320.0
Santos Mercado - PD,2026-07-27 09:00:00,44,36.0,0.0,22.0,1.6,320.0
Santos Mercado - PD,2026-07-27 09:00:00,47,37.0,0.0,24.0,1.7,330.0
Santos Mercado - PD,2026-07-27 09:00:00,50,35.0,0.0,27.0,1.9,330.0
Santos Mercado - PD,2026-07-27 09:00:00,53,35.0,0.0,35.0,2.0,330.0
Santos Mercado - PD,2026-07-27 09:00:00,56,36.0,0.0,35.0,1.5,340.0
Santos Mercado - PD,2026-07-27 09:00:00,59,37.0,0.0,30.0,1.0,339.0
Santos Mercado - PD,2026-07-27 09:00:00,62,36.0,0.0,26.0,1.3,330.0
Santos Mercado - PD,2026-07-27 09:00:00,65,56.0,0.0,23.0,1.5,320.0
Santos Mercado - PD,2026-07-27 09:00:00,68,56.0,0.0,23.0,0.9,310.0
Santos Mercado - PD,2026-07-27 09:00:00,71,56.0,0.0,25.0,0.7,340.0
Santos Mercado - PD,2026-07-27 09:00:00,74,56.0,0.0,31.0,0.9,341.0
Santos Mercado - PD,2026-07-27 09:00:00,77,56.0,0.0,34.0,1.1,341.0
Santos Mercado - PD,2026-07-27 09:00:00,80,56.0,0.0,34.0,1.2,330.0
Santos Mercado - PD,2026-07-27 09:00:00,83,56.0,0.0,26.0,1.3,310.0
Santos Mercado - PD,2026-07-27 09:00:00,86,57.0,0.0,23.0,1.1,320.0
Santos Mercado - PD,2026-07-27 09:00:00,89,35.0,0.0,23.0,1.0,330.0
Santos Mercado - PD,2026-07-27 09:00:00,92,36.0,0.0,25.0,0.9,10.0
Santos Mercado - PD,2026-07-27 09:00:00,95,36.0,0.0,26.0,1.4,10.0
Santos Mercado - PD,2026-07-27 09:00:00,98,37.0,0.0,32.0,1.6,360.0
Santos Mercado - PD,2026-07-27 09:00:00,101,57.0,0.0,38.0,1.9,340.0
Santos Mercado - PD,2026-07-27 09:00:00,104,56.0,0.0,32.0,1.3,281.0
Santos Mercado - PD,2026-07-27 09:00:00,107,36.0,0.0,27.0,0.7,221.0
Santos Mercado - PD,2026-07-27 09:00:00,110,36.0,0.0,25.0,1.1,290.0
Santos Mercado - PD,2026-07-27 09:00:00,113,36.0,0.0,24.0,1.5,350.0
Santos Mercado - PD,2026-07-27 12:00:00,26,,,35.0,,
Santos Mercado - PD,2026-07-27 12:00:00,29,,,35.0,,
Santos Mercado - PD,2026-07-27 12:00:00,50,,,36.0,,
Santos Mercado - PD,2026-07-27 12:00:00,53,,,36.0,,
Santos Mercado - PD,2026-07-27 12:00:00,62,,,22.0,,
Santos Mercado - PD,2026-07-27 12:00:00,65,,,22.0,,
Santos Mercado - PD,2026-07-27 12:00:00,74,,,36.0,,
Santos Mercado - PD,2026-07-27 12:00:00,77,,,36.0,,
Santos Mercado - PD,2026-07-27 12:00:00,80,,,31.0,,
Santos Mercado - PD,2026-07-27 12:00:00,83,,,25.0,,
Santos Mercado - PD,2026-07-27 12:00:00,86,,,22.0,,
Santos Mercado - PD,2026-07-27 12:00:00,89,,,22.0,,
Santos Mercado - PD,2026-07-27 12:00:00,98,,,36.0,,
Santos Mercado - PD,2026-07-27 12:00:00,101,,,36.0,,
Santos Mercado - PD,2026-07-27 12:00:00,107,,,22.0,,
Santos Mercado - PD,2026-07-27 12:00:00,110,,,22.0,,
Sena - PD,2026-07-27 09:00:00,5,36.0,0.0,34.0,2.3,330.0
Sena - PD,2026-07-27 09:00:00,8,37.0,0.0,34.0,1.8,322.0
Sena - PD,2026-07-27 09:00:00,11,36.0,0.0,30.0,1.1,312.0
Sena - PD,2026-07-27 09:00:00,14,37.0,0.0,27.0,1.3,322.0
Sena - PD,2026-07-27 09:00:00,17,26.0,0.0,23.0,1.4,330.0
Sena - PD,2026-07-27 09:00:00,20,26.0,0.0,23.0,1.5,310.0
Sena - PD,2026-07-27 09:00:00,23,26.0,0.0,27.0,1.6,318.0
Sena - PD,2026-07-27 09:00:00,26,26.0,0.0,29.0,2.2,328.0
Sena - PD,2026-07-27 09:00:00,29,36.0,0.0,34.0,2.8,330.0
Sena - PD,2026-07-27 09:00:00,32,36.0,0.0,34.0,2.3,340.0
Sena - PD,2026-07-27 09:00:00,35,26.0,0.0,29.0,1.7,348.0
Sena - PD,2026-07-27 09:00:00,38,26.0,0.0,27.0,1.5,328.0
Sena - PD,2026-07-27 09:00:00,41,27.0,0.0,23.0,1.3,300.0
Sena - PD,2026-07-27 09:00:00,44,36.0,0.0,23.0,1.3,310.0
Sena - PD,2026-07-27 09:00:00,47,37.0,0.0,28.0,1.5,320.0
Sena - PD,2026-07-27 09:00:00,50,36.0,0.0,29.0,1.7,342.0
Sena - PD,2026-07-27 09:00:00,53,36.0,0.0,34.0,1.9,358.0
Sena - PD,2026-07-27 09:00:00,56,36.0,0.0,34.0,1.4,348.0
Sena - PD,2026-07-27 09:00:00,59,36.0,0.0,29.0,0.9,332.0
Sena - PD,2026-07-27 09:00:00,62,36.0,0.0,25.0,0.9,332.0
Sena - PD,2026-07-27 09:00:00,65,56.0,0.0,22.0,0.9,325.0
Sena - PD,2026-07-27 09:00:00,68,56.0,0.0,22.0,1.0,345.0
Sena - PD,2026-07-27 09:00:00,71,56.0,0.0,25.0,0.7,325.0
Sena - PD,2026-07-27 09:00:00,74,56.0,0.0,30.0,1.2,320.0
Sena - PD,2026-07-27 09:00:00,77,56.0,0.0,33.0,1.7,313.0
Sena - PD,2026-07-27 09:00:00,80,57.0,0.0,33.0,1.5,333.0
Sena - PD,2026-07-27 09:00:00,83,56.0,0.0,26.0,1.3,350.0
Sena - PD,2026-07-27 09:00:00,86,56.0,0.0,22.0,1.1,340.0
Sena - PD,2026-07-27 09:00:00,89,36.0,0.0,22.0,0.8,320.0
Sena - PD,2026-07-27 09:00:00,92,36.0,0.0,25.0,0.9,315.0
Sena - PD,2026-07-27 09:00:00,95,36.0,0.0,25.0,1.0,290.0
Sena - PD,2026-07-27 09:00:00,98,36.0,0.0,30.0,1.3,305.0
Sena - PD,2026-07-27 09:00:00,101,56.0,0.0,35.0,1.5,315.0
Sena - PD,2026-07-27 09:00:00,104,56.0,0.0,30.0,1.1,350.0
Sena - PD,2026-07-27 09:00:00,107,36.0,0.0,24.0,0.7,20.0
Sena - PD,2026-07-27 09:00:00,110,36.0,0.0,24.0,0.9,356.0
Sena - PD,2026-07-27 09:00:00,113,36.0,0.0,23.0,1.2,330.0
Sena - PD,2026-07-27 12:00:00,14,,,21.0,,
Sena - PD,2026-07-27 12:00:00,17,,,21.0,,
Sena - PD,2026-07-27 12:00:00,38,,,21.0,,
Sena - PD,2026-07-27 12:00:00,41,,,21.0,,
Sena - PD,2026-07-27 12:00:00,62,,,21.0,,
Sena - PD,2026-07-27 12:00:00,65,,,21.0,,
Sena - PD,2026-07-27 12:00:00,80,,,29.0,,
Sena - PD,2026-07-27 12:00:00,83,,,24.0,,
Sena - PD,2026-07-27 12:00:00,86,,,21.0,,
Sena - PD,2026-07-27 12:00:00,89,,,21.0,,
Sena - PD,2026-07-27 12:00:00,107,,,21.0,,
Sena - PD,2026-07-27 12:00:00,110,,,21.0,,
Soracachi,2026-07-27 09:00:00,5,26.0,0.0,18.0,5.9,309.0
Soracachi,2026-07-27 09:00:00,8,26.0,0.0,18.0,5.2,347.0
Soracachi,2026-07-27 09:00:00,11,26.0,0.0,13.0,4.5,17.0
Soracachi,2026-07-27 09:00:00,14,26.0,0.0,7.0,3.3,355.0
Soracachi,2026-07-27 09:00:00,17,26.0,0.0,-4.0,2.1,327.0
Soracachi,2026-07-27 09:00:00,20,26.0,0.0,-4.0,2.1,337.0
Soracachi,2026-07-27 09:00:00,23,26.0,0.0,6.0,2.0,321.0
Soracachi,2026-07-27 09:00:00,26,26.0,0.0,12.0,5.1,305.0
Soracachi,2026-07-27 09:00:00,29,26.0,0.0,17.0,8.2,280.0
Soracachi,2026-07-27 09:00:00,32,26.0,0.0,17.0,5.5,295.0
Soracachi,2026-07-27 09:00:00,35,26.0,0.0,11.0,2.7,309.0
Soracachi,2026-07-27 09:00:00,38,26.0,0.0,6.0,2.3,15.0
Soracachi,2026-07-27 09:00:00,41,26.0,0.0,-4.0,1.8,130.0
Soracachi,2026-07-27 09:00:00,44,25.0,0.0,-4.0,1.5,143.0
Soracachi,2026-07-27 09:00:00,47,26.0,0.0,7.0,1.1,122.0
Soracachi,2026-07-27 09:00:00,50,26.0,0.0,12.0,2.0,180.0
Soracachi,2026-07-27 09:00:00,53,26.0,0.0,16.0,2.8,233.0
Soracachi,2026-07-27 09:00:00,56,26.0,0.0,16.0,2.5,306.0
Soracachi,2026-07-27 09:00:00,59,26.0,0.0,13.0,2.2,14.0
Soracachi,2026-07-27 09:00:00,62,26.0,0.0,7.0,2.0,12.0
Soracachi,2026-07-27 09:00:00,65,26.0,0.0,-5.0,1.7,6.0
Soracachi,2026-07-27 09:00:00,68,26.0,0.0,-5.0,1.5,24.0
Soracachi,2026-07-27 09:00:00,71,26.0,0.0,5.0,1.4,27.0
Soracachi,2026-07-27 09:00:00,74,26.0,0.0,10.0,2.8,22.0
Soracachi,2026-07-27 09:00:00,77,27.0,0.0,17.0,4.2,12.0
Soracachi,2026-07-27 09:00:00,80,26.0,0.0,17.0,3.7,24.0
Soracachi,2026-07-27 09:00:00,83,26.0,0.0,7.0,3.3,30.0
Soracachi,2026-07-27 09:00:00,86,26.0,0.0,-5.0,2.8,10.0
Soracachi,2026-07-27 09:00:00,89,26.0,0.0,-5.0,2.2,347.0
Soracachi,2026-07-27 09:00:00,92,26.0,0.0,4.0,2.1,357.0
Soracachi,2026-07-27 09:00:00,95,26.0,0.0,5.0,2.2,347.0
Soracachi,2026-07-27 09:00:00,98,26.0,0.0,10.0,4.1,317.0
Soracachi,2026-07-27 09:00:00,101,36.0,0.0,15.0,6.0,280.0
Soracachi,2026-07-27 09:00:00,104,37.0,0.0,11.0,4.3,323.0
Soracachi,2026-07-27 09:00:00,107,36.0,0.0,7.0,2.6,358.0
Soracachi,2026-07-27 09:00:00,110,36.0,0.0,5.0,2.0,60.0
Soracachi,2026-07-27 09:00:00,113,36.0,0.0,3.0,1.4,116.0
Soracachi,2026-07-27 12:00:00,26,,,18.0,,
Soracachi,2026-07-27 12:00:00,29,,,18.0,,
Soracachi,2026-07-27 12:00:00,50,,,17.0,,
Soracachi,2026-07-27 12:00:00,53,,,17.0,,
Soracachi,2026-07-27 12:00:00,62,,,-4.0,,
Soracachi,2026-07-27 12:00:00,65,,,-4.0,,
Soracachi,2026-07-27 12:00:00,80,,,9.0,,
Soracachi,2026-07-27 12:00:00,83,,,2.0,,
Soracachi,2026-07-27 12:00:00,86,,,-4.0,,
Soracachi,2026-07-27 12:00:00,89,,,-4.0,,
Soracachi,2026-07-27 12:00:00,98,,,16.0,,
Soracachi,2026-07-27 12:00:00,101,,,16.0,,
Soracachi,2026-07-27 12:00:00,107,,,-4.0,,
Soracachi,2026-07-27 12:00:00,110,,,-4.0,,
Sucre,2026-07-27 09:00:00,5,26.0,0.0,25.0,4.7,35.0
Sucre,2026-07-27 09:00:00,8,26.0,0.0,25.0,4.0,20.0
Sucre,2026-07-27 09:00:00,11,26.0,0.0,17.0,3.3,360.0
Sucre,2026-07-27 09:00:00,14,26.0,0.0,13.0,2.3,2.0
Sucre,2026-07-27 09:00:00,17,26.0,0.0,5.0,1.4,2.0
Sucre,2026-07-27 09:00:00,20,26.0,0.0,5.0,1.1,336.0
Sucre,2026-07-27 09:00:00,23,27.0,0.0,13.0,1.1,316.0
Sucre,2026-07-27 09:00:00,26,27.0,0.0,18.0,3.3,356.0
Sucre,2026-07-27 09:00:00,29,26.0,0.0,26.0,5.4,32.0
Sucre,2026-07-27 09:00:00,32,26.0,0.0,26.0,4.2,16.0
Sucre,2026-07-27 09:00:00,35,27.0,0.0,16.0,2.9,356.0
Sucre,2026-07-27 09:00:00,38,27.0,0.0,9.0,2.0,29.0
Sucre,2026-07-27 09:00:00,41,25.0,0.0,5.0,1.0,164.0
Sucre,2026-07-27 09:00:00,44,26.0,0.0,5.0,1.0,315.0
Sucre,2026-07-27 09:00:00,47,26.0,0.0,13.0,0.9,256.0
Sucre,2026-07-27 09:00:00,50,25.0,0.0,17.0,2.0,332.0
Sucre,2026-07-27 09:00:00,53,27.0,0.0,25.0,2.9,41.0
Sucre,2026-07-27 09:00:00,56,26.0,0.0,25.0,2.6,49.0
Sucre,2026-07-27 09:00:00,59,26.0,0.0,19.0,2.1,48.0
Sucre,2026-07-27 09:00:00,62,26.0,0.0,14.0,2.0,28.0
Sucre,2026-07-27 09:00:00,65,35.0,0.0,6.0,1.8,360.0
Sucre,2026-07-27 09:00:00,68,36.0,0.0,6.0,1.5,352.0
Sucre,2026-07-27 09:00:00,71,37.0,0.0,11.0,1.2,340.0
Sucre,2026-07-27 09:00:00,74,36.0,0.0,16.0,2.5,19.0
Sucre,2026-07-27 09:00:00,77,36.0,0.0,24.0,3.8,49.0
Sucre,2026-07-27 09:00:00,80,36.0,0.0,24.0,2.8,40.0
Sucre,2026-07-27 09:00:00,83,36.0,0.0,16.0,1.9,27.0
Sucre,2026-07-27 09:00:00,86,36.0,0.0,6.0,1.9,11.0
Sucre,2026-07-27 09:00:00,89,26.0,0.0,6.0,1.9,351.0
Sucre,2026-07-27 09:00:00,92,26.0,0.0,12.0,1.8,352.0
Sucre,2026-07-27 09:00:00,95,26.0,0.0,12.0,1.4,352.0
Sucre,2026-07-27 09:00:00,98,26.0,0.0,17.0,3.1,12.0
Sucre,2026-07-27 09:00:00,101,36.0,0.0,22.0,4.8,30.0
Sucre,2026-07-27 09:00:00,104,36.0,0.0,19.0,3.9,15.0
Sucre,2026-07-27 09:00:00,107,26.0,0.0,17.0,3.0,355.0
Sucre,2026-07-27 09:00:00,110,27.0,0.0,14.0,2.3,352.0
Sucre,2026-07-27 09:00:00,113,26.0,0.0,12.0,1.7,342.0
Sucre,2026-07-27 12:00:00,14,,,6.0,,
Sucre,2026-07-27 12:00:00,17,,,6.0,,
Sucre,2026-07-27 12:00:00,26,,,27.0,,
Sucre,2026-07-27 12:00:00,29,,,27.0,,
Sucre,2026-07-27 12:00:00,38,,,6.0,,
Sucre,2026-07-27 12:00:00,41,,,6.0,,
Sucre,2026-07-27 12:00:00,50,,,27.0,,
Sucre,2026-07-27 12:00:00,53,,,27.0,,
Sucre,2026-07-27 12:00:00,62,,,7.0,,
Sucre,2026-07-27 12:00:00,65,,,7.0,,
Sucre,2026-07-27 12:00:00,74,,,28.0,,
Sucre,2026-07-27 12:00:00,77,,,28.0,,
Sucre,2026-07-27 12:00:00,80,,,19.0,,
Sucre,2026-07-27 12:00:00,83,,,12.0,,
Sucre,2026-07-27 12:00:00,86,,,7.0,,
Sucre,2026-07-27 12:00:00,89,,,7.0,,
Sucre,2026-07-27 12:00:00,98,,,28.0,,
Sucre,2026-07-27 12:00:00,101,,,28.0,,
Sucre,2026-07-27 12:00:00,107,,,7.0,,
Sucre,2026-07-27 12:00:00,110,,,7.0,,
Sultaca,2026-07-27 09:00:00,5,26.0,0.0,19.0,6.6,270.0
Sultaca,2026-07-27 09:00:00,8,26.0,0.0,18.0,5.6,270.0
Sultaca,2026-07-27 09:00:00,11,25.0,0.0,14.0,4.7,267.0
Sultaca,2026-07-27 09:00:00,14,26.0,0.0,10.0,4.3,287.0
Sultaca,2026-07-27 09:00:00,17,26.0,0.0,5.0,3.8,298.0
Sultaca,2026-07-27 09:00:00,20,26.0,0.0,5.0,3.6,298.0
Sultaca,2026-07-27 09:00:00,23,26.0,0.0,9.0,3.3,289.0
Sultaca,2026-07-27 09:00:00,26,26.0,0.0,13.0,7.8,290.0
Sultaca,2026-07-27 09:00:00,29,26.0,0.0,20.0,12.3,282.0
Sultaca,2026-07-27 09:00:00,32,26.0,0.0,19.0,8.0,276.0
Sultaca,2026-07-27 09:00:00,35,26.0,0.0,14.0,3.7,264.0
Sultaca,2026-07-27 09:00:00,38,26.0,0.0,10.0,3.4,284.0
Sultaca,2026-07-27 09:00:00,41,26.0,0.0,5.0,3.1,295.0
Sultaca,2026-07-27 09:00:00,44,26.0,0.0,5.0,2.6,279.0
Sultaca,2026-07-27 09:00:00,47,26.0,0.0,8.0,2.4,269.0
Sultaca,2026-07-27 09:00:00,50,26.0,0.0,13.0,2.8,285.0
Sultaca,2026-07-27 09:00:00,53,27.0,0.0,19.0,3.1,297.0
Sultaca,2026-07-27 09:00:00,56,26.0,0.0,19.0,2.9,7.0
Sultaca,2026-07-27 09:00:00,59,26.0,0.0,14.0,2.7,71.0
Sultaca,2026-07-27 09:00:00,62,27.0,0.0,9.0,2.3,56.0
Sultaca,2026-07-27 09:00:00,65,36.0,0.0,6.0,1.8,35.0
Sultaca,2026-07-27 09:00:00,68,36.0,0.0,6.0,2.0,333.0
Sultaca,2026-07-27 09:00:00,71,36.0,0.0,10.0,1.7,297.0
Sultaca,2026-07-27 09:00:00,74,36.0,0.0,13.0,1.9,322.0
Sultaca,2026-07-27 09:00:00,77,36.0,0.0,20.0,2.0,344.0
Sultaca,2026-07-27 09:00:00,80,36.0,0.0,20.0,2.3,33.0
Sultaca,2026-07-27 09:00:00,83,36.0,0.0,10.0,2.6,71.0
Sultaca,2026-07-27 09:00:00,86,36.0,0.0,6.0,2.2,34.0
Sultaca,2026-07-27 09:00:00,89,26.0,0.0,6.0,1.8,347.0
Sultaca,2026-07-27 09:00:00,92,26.0,0.0,9.0,2.3,321.0
Sultaca,2026-07-27 09:00:00,95,26.0,0.0,10.0,2.3,301.0
Sultaca,2026-07-27 09:00:00,98,26.0,0.0,15.0,4.5,284.0
Sultaca,2026-07-27 09:00:00,101,36.0,0.0,20.0,6.6,263.0
Sultaca,2026-07-27 09:00:00,104,36.0,0.0,16.0,6.3,264.0
Sultaca,2026-07-27 09:00:00,107,26.0,0.0,13.0,5.9,261.0
Sultaca,2026-07-27 09:00:00,110,27.0,0.0,10.0,4.5,274.0
Sultaca,2026-07-27 09:00:00,113,26.0,0.0,8.0,3.1,285.0
Sultaca,2026-07-27 12:00:00,14,,,6.0,,
Sultaca,2026-07-27 12:00:00,17,,,6.0,,
Sultaca,2026-07-27 12:00:00,26,,,19.0,,
Sultaca,2026-07-27 12:00:00,38,,,6.0,,
Sultaca,2026-07-27 12:00:00,41,,,6.0,,
Sultaca,2026-07-27 12:00:00,44,,,10.0,,
Sultaca,2026-07-27 12:00:00,47,,,14.0,,
Sultaca,2026-07-27 12:00:00,59,,,10.0,,
Sultaca,2026-07-27 12:00:00,62,,,7.0,,
Sultaca,2026-07-27 12:00:00,65,,,7.0,,
Sultaca,2026-07-27 12:00:00,80,,,14.0,,
Sultaca,2026-07-27 12:00:00,83,,,10.0,,
Sultaca,2026-07-27 12:00:00,86,,,7.0,,
Sultaca,2026-07-27 12:00:00,89,,,7.0,,
Sultaca,2026-07-27 12:00:00,98,,,21.0,,
Sultaca,2026-07-27 12:00:00,101,,,21.0,,
Sultaca,2026-07-27 12:00:00,107,,,6.0,,
Sultaca,2026-07-27 12:00:00,110,,,6.0,,
Tarapaya,2026-07-27 09:00:00,5,26.0,0.0,25.0,8.3,290.0
Tarapaya,2026-07-27 09:00:00,8,25.0,0.0,25.0,6.3,260.0
Tarapaya,2026-07-27 09:00:00,11,26.0,0.0,12.0,4.3,223.0
Tarapaya,2026-07-27 09:00:00,14,26.0,0.0,2.0,3.3,260.0
Tarapaya,2026-07-27 09:00:00,17,26.0,0.0,-8.0,2.4,287.0
Tarapaya,2026-07-27 09:00:00,20,26.0,0.0,-8.0,2.3,261.0
Tarapaya,2026-07-27 09:00:00,23,26.0,0.0,5.0,2.3,243.0
Tarapaya,2026-07-27 09:00:00,26,26.0,0.0,10.0,6.3,271.0
Tarapaya,2026-07-27 09:00:00,29,26.0,0.0,26.0,10.3,298.0
Tarapaya,2026-07-27 09:00:00,32,26.0,0.0,26.0,7.2,271.0
Tarapaya,2026-07-27 09:00:00,35,26.0,0.0,8.0,4.1,243.0
Tarapaya,2026-07-27 09:00:00,38,26.0,0.0,1.0,3.1,261.0
Tarapaya,2026-07-27 09:00:00,41,25.0,0.0,-9.0,2.1,278.0
Tarapaya,2026-07-27 09:00:00,44,26.0,0.0,-9.0,1.9,251.0
Tarapaya,2026-07-27 09:00:00,47,26.0,0.0,5.0,2.0,235.0
Tarapaya,2026-07-27 09:00:00,50,26.0,0.0,13.0,2.3,312.0
Tarapaya,2026-07-27 09:00:00,53,26.0,0.0,25.0,2.6,19.0
Tarapaya,2026-07-27 09:00:00,56,26.0,0.0,25.0,1.6,323.0
Tarapaya,2026-07-27 09:00:00,59,26.0,0.0,13.0,0.6,258.0
Tarapaya,2026-07-27 09:00:00,62,26.0,0.0,6.0,0.8,313.0
Tarapaya,2026-07-27 09:00:00,65,26.0,0.0,-8.0,1.0,360.0
Tarapaya,2026-07-27 09:00:00,68,27.0,0.0,-7.0,1.3,302.0
Tarapaya,2026-07-27 09:00:00,71,26.0,0.0,6.0,1.4,243.0
Tarapaya,2026-07-27 09:00:00,74,26.0,0.0,10.0,1.5,314.0
Tarapaya,2026-07-27 09:00:00,77,26.0,0.0,23.0,1.7,24.0
Tarapaya,2026-07-27 09:00:00,80,27.0,0.0,23.0,1.6,32.0
Tarapaya,2026-07-27 09:00:00,83,26.0,0.0,9.0,1.5,31.0
Tarapaya,2026-07-27 09:00:00,86,27.0,0.0,-7.0,1.4,10.0
Tarapaya,2026-07-27 09:00:00,89,26.0,0.0,-7.0,1.3,345.0
Tarapaya,2026-07-27 09:00:00,92,25.0,0.0,6.0,1.3,300.0
Tarapaya,2026-07-27 09:00:00,95,26.0,0.0,6.0,1.6,242.0
Tarapaya,2026-07-27 09:00:00,98,26.0,0.0,11.0,4.8,270.0
Tarapaya,2026-07-27 09:00:00,101,26.0,0.0,16.0,8.2,290.0
Tarapaya,2026-07-27 09:00:00,104,27.0,0.0,13.0,5.7,260.0
Tarapaya,2026-07-27 09:00:00,107,25.0,0.0,9.0,3.3,224.0
Tarapaya,2026-07-27 09:00:00,110,26.0,0.0,7.0,2.9,234.0
Tarapaya,2026-07-27 09:00:00,113,26.0,0.0,4.0,2.5,243.0
Tarapaya,2026-07-27 12:00:00,14,,,-6.0,,
Tarapaya,2026-07-27 12:00:00,17,,,-6.0,,
Tarapaya,2026-07-27 12:00:00,26,,,24.0,,
Tarapaya,2026-07-27 12:00:00,29,,,24.0,,
Tarapaya,2026-07-27 12:00:00,38,,,-6.0,,
Tarapaya,2026-07-27 12:00:00,41,,,-6.0,,
Tarapaya,2026-07-27 12:00:00,50,,,23.0,,
Tarapaya,2026-07-27 12:00:00,53,,,23.0,,
Tarapaya,2026-07-27 12:00:00,62,,,-6.0,,
Tarapaya,2026-07-27 12:00:00,65,,,-6.0,,
Tarapaya,2026-07-27 12:00:00,68,,,3.0,,
Tarapaya,2026-07-27 12:00:00,83,,,0.0,,
Tarapaya,2026-07-27 12:00:00,89,,,-7.0,,
Tarapaya,2026-07-27 12:00:00,92,,,4.0,,
Tarapaya,2026-07-27 12:00:00,98,,,23.0,,
Tarapaya,2026-07-27 12:00:00,101,,,23.0,,
Tarapaya,2026-07-27 12:00:00,107,,,-7.0,,
Tarapaya,2026-07-27 12:00:00,110,,,-7.0,,
Tarija - Centro,2026-07-27 09:00:00,5,26.0,0.0,33.0,2.3,185.0
Tarija - Centro,2026-07-27 09:00:00,8,26.0,0.0,33.0,1.5,135.0
Tarija - Centro,2026-07-27 09:00:00,11,26.0,0.0,18.0,0.7,80.0
Tarija - Centro,2026-07-27 09:00:00,14,26.0,0.0,9.0,1.1,190.0
Tarija - Centro,2026-07-27 09:00:00,17,26.0,0.0,4.0,1.5,274.0
Tarija - Centro,2026-07-27 09:00:00,20,26.0,0.0,4.0,2.8,295.0
Tarija - Centro,2026-07-27 09:00:00,23,26.0,0.0,16.0,3.4,305.0
Tarija - Centro,2026-07-27 09:00:00,26,26.0,0.0,23.0,7.0,305.0
Tarija - Centro,2026-07-27 09:00:00,29,26.0,0.0,34.0,10.5,300.0
Tarija - Centro,2026-07-27 09:00:00,32,26.0,0.0,34.0,6.0,227.0
Tarija - Centro,2026-07-27 09:00:00,35,26.0,0.0,15.0,1.5,151.0
Tarija - Centro,2026-07-27 09:00:00,38,26.0,0.0,6.0,1.4,224.0
Tarija - Centro,2026-07-27 09:00:00,41,26.0,0.0,5.0,1.4,295.0
Tarija - Centro,2026-07-27 09:00:00,44,26.0,0.0,5.0,2.4,299.0
Tarija - Centro,2026-07-27 09:00:00,47,26.0,0.0,16.0,2.8,299.0
Tarija - Centro,2026-07-27 09:00:00,50,26.0,0.0,21.0,2.2,266.0
Tarija - Centro,2026-07-27 09:00:00,53,36.0,0.0,33.0,1.5,147.0
Tarija - Centro,2026-07-27 09:00:00,56,36.0,0.0,33.0,1.4,152.0
Tarija - Centro,2026-07-27 09:00:00,59,56.0,0.0,22.0,1.4,152.0
Tarija - Centro,2026-07-27 09:00:00,62,56.0,0.0,13.0,1.3,101.0
Tarija - Centro,2026-07-27 09:00:00,65,36.0,0.0,5.0,1.2,45.0
Tarija - Centro,2026-07-27 09:00:00,68,36.0,0.0,5.0,1.1,349.0
Tarija - Centro,2026-07-27 09:00:00,71,36.0,0.0,14.0,0.8,312.0
Tarija - Centro,2026-07-27 09:00:00,74,36.0,0.0,20.0,1.7,174.0
Tarija - Centro,2026-07-27 09:00:00,77,36.0,0.0,32.0,2.5,111.0
Tarija - Centro,2026-07-27 09:00:00,80,36.0,0.0,32.0,1.9,120.0
Tarija - Centro,2026-07-27 09:00:00,83,36.0,0.0,14.0,1.3,120.0
Tarija - Centro,2026-07-27 09:00:00,86,36.0,0.0,5.0,1.7,74.0
Tarija - Centro,2026-07-27 09:00:00,89,26.0,0.0,5.0,2.0,19.0
Tarija - Centro,2026-07-27 09:00:00,92,26.0,0.0,15.0,2.0,340.0
Tarija - Centro,2026-07-27 09:00:00,95,26.0,0.0,17.0,2.3,315.0
Tarija - Centro,2026-07-27 09:00:00,98,26.0,0.0,24.0,3.9,320.0
Tarija - Centro,2026-07-27 09:00:00,101,26.0,0.0,31.0,5.4,315.0
Tarija - Centro,2026-07-27 09:00:00,104,26.0,0.0,25.0,4.3,315.0
Tarija - Centro,2026-07-27 09:00:00,107,26.0,0.0,19.0,3.1,305.0
Tarija - Centro,2026-07-27 09:00:00,110,26.0,0.0,17.0,3.2,300.0
Tarija - Centro,2026-07-27 09:00:00,113,26.0,0.0,15.0,3.4,295.0
Tarija - Centro,2026-07-27 12:00:00,14,,,3.0,,
Tarija - Centro,2026-07-27 12:00:00,17,,,3.0,,
Tarija - Centro,2026-07-27 12:00:00,26,,,32.0,,
Tarija - Centro,2026-07-27 12:00:00,29,,,32.0,,
Tarija - Centro,2026-07-27 12:00:00,35,,,7.0,,
Tarija - Centro,2026-07-27 12:00:00,38,,,3.0,,
Tarija - Centro,2026-07-27 12:00:00,41,,,3.0,,
Tarija - Centro,2026-07-27 12:00:00,50,,,32.0,,
Tarija - Centro,2026-07-27 12:00:00,53,,,32.0,,
Tarija - Centro,2026-07-27 12:00:00,62,,,4.0,,
Tarija - Centro,2026-07-27 12:00:00,65,,,4.0,,
Tarija - Centro,2026-07-27 12:00:00,74,,,33.0,,
Tarija - Centro,2026-07-27 12:00:00,77,,,33.0,,
Tarija - Centro,2026-07-27 12:00:00,83,,,8.0,,
Tarija - Centro,2026-07-27 12:00:00,86,,,4.0,,
Tarija - Centro,2026-07-27 12:00:00,89,,,4.0,,
Tarija - Centro,2026-07-27 12:00:00,98,,,33.0,,
Tarija - Centro,2026-07-27 12:00:00,101,,,33.0,,
Tarija - Centro,2026-07-27 12:00:00,107,,,4.0,,
Tarija - Centro,2026-07-27 12:00:00,110,,,4.0,,
Tolarapa (INIAF),2026-07-27 09:00:00,5,36.0,0.0,20.0,3.6,14.0
Tolarapa (INIAF),2026-07-27 09:00:00,8,36.0,0.0,20.0,2.8,337.0
Tolarapa (INIAF),2026-07-27 09:00:00,11,26.0,0.0,11.0,2.0,299.0
Tolarapa (INIAF),2026-07-27 09:00:00,14,26.0,0.0,4.0,2.6,279.0
Tolarapa (INIAF),2026-07-27 09:00:00,17,26.0,0.0,0.0,3.1,259.0
Tolarapa (INIAF),2026-07-27 09:00:00,20,26.0,0.0,0.0,2.3,260.0
Tolarapa (INIAF),2026-07-27 09:00:00,23,26.0,0.0,6.0,1.9,260.0
Tolarapa (INIAF),2026-07-27 09:00:00,26,26.0,0.0,13.0,2.4,317.0
Tolarapa (INIAF),2026-07-27 09:00:00,29,36.0,0.0,21.0,2.8,4.0
Tolarapa (INIAF),2026-07-27 09:00:00,32,36.0,0.0,21.0,2.5,328.0
Tolarapa (INIAF),2026-07-27 09:00:00,35,26.0,0.0,14.0,2.2,281.0
Tolarapa (INIAF),2026-07-27 09:00:00,38,27.0,0.0,7.0,2.5,270.0
Tolarapa (INIAF),2026-07-27 09:00:00,41,25.0,0.0,-1.0,2.8,254.0
Tolarapa (INIAF),2026-07-27 09:00:00,44,26.0,0.0,-1.0,2.3,264.0
Tolarapa (INIAF),2026-07-27 09:00:00,47,27.0,0.0,7.0,1.8,263.0
Tolarapa (INIAF),2026-07-27 09:00:00,50,25.0,0.0,13.0,2.4,326.0
Tolarapa (INIAF),2026-07-27 09:00:00,53,26.0,0.0,20.0,3.0,24.0
Tolarapa (INIAF),2026-07-27 09:00:00,56,26.0,0.0,20.0,2.2,328.0
Tolarapa (INIAF),2026-07-27 09:00:00,59,26.0,0.0,14.0,1.5,261.0
Tolarapa (INIAF),2026-07-27 09:00:00,62,26.0,0.0,7.0,1.7,261.0
Tolarapa (INIAF),2026-07-27 09:00:00,65,36.0,0.0,0.0,2.0,261.0
Tolarapa (INIAF),2026-07-27 09:00:00,68,36.0,0.0,1.0,1.3,289.0
Tolarapa (INIAF),2026-07-27 09:00:00,71,36.0,0.0,9.0,1.1,307.0
Tolarapa (INIAF),2026-07-27 09:00:00,74,37.0,0.0,11.0,1.9,342.0
Tolarapa (INIAF),2026-07-27 09:00:00,77,36.0,0.0,22.0,2.5,11.0
Tolarapa (INIAF),2026-07-27 09:00:00,80,36.0,0.0,22.0,2.0,327.0
Tolarapa (INIAF),2026-07-27 09:00:00,83,36.0,0.0,13.0,1.6,283.0
Tolarapa (INIAF),2026-07-27 09:00:00,86,36.0,0.0,1.0,1.8,274.0
Tolarapa (INIAF),2026-07-27 09:00:00,89,36.0,0.0,1.0,1.9,260.0
Tolarapa (INIAF),2026-07-27 09:00:00,92,36.0,0.0,13.0,1.6,280.0
Tolarapa (INIAF),2026-07-27 09:00:00,95,36.0,0.0,13.0,1.6,280.0
Tolarapa (INIAF),2026-07-27 09:00:00,98,35.0,0.0,15.0,2.0,318.0
Tolarapa (INIAF),2026-07-27 09:00:00,101,57.0,0.0,16.0,2.5,355.0
Tolarapa (INIAF),2026-07-27 09:00:00,104,56.0,0.0,14.0,2.3,318.0
Tolarapa (INIAF),2026-07-27 09:00:00,107,35.0,0.0,13.0,2.1,279.0
Tolarapa (INIAF),2026-07-27 09:00:00,110,35.0,0.0,12.0,2.3,270.0
Tolarapa (INIAF),2026-07-27 09:00:00,113,36.0,0.0,12.0,2.6,255.0
Tolarapa (INIAF),2026-07-27 12:00:00,26,,,20.0,,
Tolarapa (INIAF),2026-07-27 12:00:00,29,,,20.0,,
Tolarapa (INIAF),2026-07-27 12:00:00,38,,,0.0,,
Tolarapa (INIAF),2026-07-27 12:00:00,41,,,0.0,,
Tolarapa (INIAF),2026-07-27 12:00:00,44,,,8.0,,
Tolarapa (INIAF),2026-07-27 12:00:00,47,,,14.0,,
Tolarapa (INIAF),2026-07-27 12:00:00,62,,,1.0,,
Tolarapa (INIAF),2026-07-27 12:00:00,71,,,15.0,,
Tolarapa (INIAF),2026-07-27 12:00:00,80,,,14.0,,
Tolarapa (INIAF),2026-07-27 12:00:00,83,,,6.0,,
Tolarapa (INIAF),2026-07-27 12:00:00,89,,,1.0,,
Tolarapa (INIAF),2026-07-27 12:00:00,92,,,11.0,,
Tolarapa (INIAF),2026-07-27 12:00:00,95,,,18.0,,
Tolarapa (INIAF),2026-07-27 12:00:00,98,,,23.0,,
Tolarapa (INIAF),2026-07-27 12:00:00,101,,,23.0,,
Tolarapa (INIAF),2026-07-27 12:00:00,107,,,1.0,,
Tolarapa (INIAF),2026-07-27 12:00:00,110,,,1.0,,
Totoral,2026-07-27 09:00:00,5,26.0,0.0,24.0,8.9,283.0
Totoral,2026-07-27 09:00:00,8,26.0,0.0,24.0,5.7,277.0
Totoral,2026-07-27 09:00:00,11,26.0,0.0,11.0,2.4,264.0
Totoral,2026-07-27 09:00:00,14,26.0,0.0,5.0,3.0,258.0
Totoral,2026-07-27 09:00:00,17,26.0,0.0,-7.0,3.6,248.0
Totoral,2026-07-27 09:00:00,20,26.0,0.0,-7.0,3.0,270.0
Totoral,2026-07-27 09:00:00,23,26.0,0.0,7.0,2.6,280.0
Totoral,2026-07-27 09:00:00,26,26.0,0.0,13.0,7.6,283.0
Totoral,2026-07-27 09:00:00,29,26.0,0.0,25.0,12.6,283.0
Totoral,2026-07-27 09:00:00,32,26.0,0.0,25.0,9.1,276.0
Totoral,2026-07-27 09:00:00,35,26.0,0.0,9.0,5.7,263.0
Totoral,2026-07-27 09:00:00,38,26.0,0.0,0.0,4.3,254.0
Totoral,2026-07-27 09:00:00,41,26.0,0.0,-6.0,3.0,244.0
Totoral,2026-07-27 09:00:00,44,27.0,0.0,-6.0,2.9,244.0
Totoral,2026-07-27 09:00:00,47,26.0,0.0,6.0,2.5,238.0
Totoral,2026-07-27 09:00:00,50,26.0,0.0,12.0,4.0,274.0
Totoral,2026-07-27 09:00:00,53,26.0,0.0,24.0,5.5,304.0
Totoral,2026-07-27 09:00:00,56,26.0,0.0,24.0,4.5,274.0
Totoral,2026-07-27 09:00:00,59,26.0,0.0,14.0,3.5,239.0
Totoral,2026-07-27 09:00:00,62,26.0,0.0,6.0,2.2,280.0
Totoral,2026-07-27 09:00:00,65,26.0,0.0,-7.0,1.0,321.0
Totoral,2026-07-27 09:00:00,68,26.0,0.0,-7.0,1.2,274.0
Totoral,2026-07-27 09:00:00,71,26.0,0.0,7.0,1.6,234.0
Totoral,2026-07-27 09:00:00,74,26.0,0.0,13.0,2.3,311.0
Totoral,2026-07-27 09:00:00,77,26.0,0.0,23.0,3.1,24.0
Totoral,2026-07-27 09:00:00,80,26.0,0.0,23.0,3.2,319.0
Totoral,2026-07-27 09:00:00,83,26.0,0.0,10.0,3.4,246.0
Totoral,2026-07-27 09:00:00,86,26.0,0.0,-7.0,2.1,281.0
Totoral,2026-07-27 09:00:00,89,26.0,0.0,-7.0,1.0,314.0
Totoral,2026-07-27 09:00:00,92,26.0,0.0,7.0,1.4,280.0
Totoral,2026-07-27 09:00:00,95,25.0,0.0,9.0,1.9,260.0
Totoral,2026-07-27 09:00:00,98,26.0,0.0,14.0,5.3,280.0
Totoral,2026-07-27 09:00:00,101,26.0,0.0,19.0,8.6,293.0
Totoral,2026-07-27 09:00:00,104,25.0,0.0,15.0,5.9,277.0
Totoral,2026-07-27 09:00:00,107,26.0,0.0,10.0,3.3,254.0
Totoral,2026-07-27 09:00:00,110,26.0,0.0,7.0,3.3,250.0
Totoral,2026-07-27 09:00:00,113,25.0,0.0,5.0,3.4,244.0
Totoral,2026-07-27 12:00:00,14,,,-4.0,,
Totoral,2026-07-27 12:00:00,17,,,-4.0,,
Totoral,2026-07-27 12:00:00,38,,,-4.0,,
Totoral,2026-07-27 12:00:00,41,,,-4.0,,
Totoral,2026-07-27 12:00:00,56,,,15.0,,
Totoral,2026-07-27 12:00:00,62,,,-5.0,,
Totoral,2026-07-27 12:00:00,65,,,-5.0,,
Totoral,2026-07-27 12:00:00,74,,,24.0,,
Totoral,2026-07-27 12:00:00,77,,,24.0,,
Totoral,2026-07-27 12:00:00,83,,,2.0,,
Totoral,2026-07-27 12:00:00,86,,,-6.0,,
Totoral,2026-07-27 12:00:00,89,,,-6.0,,
Totoral,2026-07-27 12:00:00,92,,,8.0,,
Totoral,2026-07-27 12:00:00,98,,,24.0,,
Totoral,2026-07-27 12:00:00,101,,,24.0,,
Totoral,2026-07-27 12:00:00,107,,,-6.0,,
Totoral,2026-07-27 12:00:00,110,,,-6.0,,
Trancas,2026-07-27 09:00:00,5,26.0,0.0,35.0,7.3,304.0
Trancas,2026-07-27 09:00:00,8,26.0,0.0,35.0,4.7,331.0
Trancas,2026-07-27 09:00:00,11,26.0,0.0,17.0,1.9,347.0
Trancas,2026-07-27 09:00:00,14,26.0,0.0,10.0,2.7,314.0
Trancas,2026-07-27 09:00:00,17,27.0,0.0,7.0,3.5,281.0
Trancas,2026-07-27 09:00:00,20,26.0,0.0,7.0,3.9,286.0
Trancas,2026-07-27 09:00:00,23,26.0,0.0,12.0,4.0,294.0
Trancas,2026-07-27 09:00:00,26,26.0,0.0,18.0,6.6,305.0
Trancas,2026-07-27 09:00:00,29,26.0,0.0,35.0,9.2,315.0
Trancas,2026-07-27 09:00:00,32,26.0,0.0,35.0,5.8,317.0
Trancas,2026-07-27 09:00:00,35,26.0,0.0,14.0,2.4,318.0
Trancas,2026-07-27 09:00:00,38,26.0,0.0,9.0,2.7,304.0
Trancas,2026-07-27 09:00:00,41,26.0,0.0,7.0,3.0,288.0
Trancas,2026-07-27 09:00:00,44,26.0,0.0,7.0,3.6,284.0
Trancas,2026-07-27 09:00:00,47,26.0,0.0,12.0,4.2,278.0
Trancas,2026-07-27 09:00:00,50,26.0,0.0,17.0,3.6,295.0
Trancas,2026-07-27 09:00:00,53,36.0,0.0,34.0,3.0,307.0
Trancas,2026-07-27 09:00:00,56,37.0,0.0,34.0,2.5,237.0
Trancas,2026-07-27 09:00:00,59,55.0,0.0,22.0,1.9,158.0
Trancas,2026-07-27 09:00:00,62,56.0,0.0,10.0,1.8,93.0
Trancas,2026-07-27 09:00:00,65,36.0,0.0,8.0,1.7,28.0
Trancas,2026-07-27 09:00:00,68,36.0,0.0,7.0,2.3,328.0
Trancas,2026-07-27 09:00:00,71,36.0,0.0,11.0,2.9,294.0
Trancas,2026-07-27 09:00:00,74,36.0,0.0,17.0,2.8,326.0
Trancas,2026-07-27 09:00:00,77,36.0,0.0,33.0,2.8,349.0
Trancas,2026-07-27 09:00:00,80,36.0,0.0,33.0,2.1,35.0
Trancas,2026-07-27 09:00:00,83,36.0,0.0,11.0,1.4,73.0
Trancas,2026-07-27 09:00:00,86,36.0,0.0,7.0,2.2,23.0
Trancas,2026-07-27 09:00:00,89,26.0,0.0,7.0,2.9,328.0
Trancas,2026-07-27 09:00:00,92,26.0,0.0,12.0,3.3,304.0
Trancas,2026-07-27 09:00:00,95,26.0,0.0,13.0,3.7,294.0
Trancas,2026-07-27 09:00:00,98,26.0,0.0,19.0,5.1,311.0
Trancas,2026-07-27 09:00:00,101,26.0,0.0,25.0,6.4,321.0
Trancas,2026-07-27 09:00:00,104,26.0,0.0,21.0,5.4,321.0
Trancas,2026-07-27 09:00:00,107,26.0,0.0,16.0,4.4,312.0
Trancas,2026-07-27 09:00:00,110,26.0,0.0,14.0,4.4,303.0
Trancas,2026-07-27 09:00:00,113,26.0,0.0,12.0,4.3,284.0
Trancas,2026-07-27 12:00:00,14,,,8.0,,
Trancas,2026-07-27 12:00:00,17,,,8.0,,
Trancas,2026-07-27 12:00:00,20,,,18.0,,
Trancas,2026-07-27 12:00:00,23,,,26.0,,
Trancas,2026-07-27 12:00:00,26,,,36.0,,
Trancas,2026-07-27 12:00:00,29,,,36.0,,
Trancas,2026-07-27 12:00:00,32,,,22.0,,
Trancas,2026-07-27 12:00:00,35,,,14.0,,
Trancas,2026-07-27 12:00:00,38,,,8.0,,
Trancas,2026-07-27 12:00:00,41,,,8.0,,
Trancas,2026-07-27 12:00:00,44,,,16.0,,
Trancas,2026-07-27 12:00:00,47,,,23.0,,
Trancas,2026-07-27 12:00:00,50,,,36.0,,
Trancas,2026-07-27 12:00:00,53,,,36.0,,
Trancas,2026-07-27 12:00:00,56,,,25.0,,
Trancas,2026-07-27 12:00:00,59,,,15.0,,
Trancas,2026-07-27 12:00:00,62,,,9.0,,
Trancas,2026-07-27 12:00:00,65,,,9.0,,
Trancas,2026-07-27 12:00:00,68,,,16.0,,
Trancas,2026-07-27 12:00:00,71,,,24.0,,
Trancas,2026-07-27 12:00:00,74,,,37.0,,
Trancas,2026-07-27 12:00:00,77,,,37.0,,
Trancas,2026-07-27 12:00:00,80,,,26.0,,
Trancas,2026-07-27 12:00:00,83,,,19.0,,
Trancas,2026-07-27 12:00:00,86,,,9.0,,
Trancas,2026-07-27 12:00:00,89,,,9.0,,
Trancas,2026-07-27 12:00:00,98,,,36.0,,
Trancas,2026-07-27 12:00:00,101,,,37.0,,
Trancas,2026-07-27 12:00:00,107,,,8.0,,
Trancas,2026-07-27 12:00:00,110,,,8.0,,
Trinidad,2026-07-27 09:00:00,5,36.0,0.0,34.0,4.9,328.0
Trinidad,2026-07-27 09:00:00,8,36.0,0.0,34.0,3.3,300.0
Trinidad,2026-07-27 09:00:00,11,36.0,0.0,28.0,1.6,272.0
Trinidad,2026-07-27 09:00:00,14,36.0,0.0,24.0,1.9,310.0
Trinidad,2026-07-27 09:00:00,17,26.0,0.0,22.0,2.3,340.0
Trinidad,2026-07-27 09:00:00,20,26.0,0.0,22.0,2.5,330.0
Trinidad,2026-07-27 09:00:00,23,26.0,0.0,25.0,3.0,322.0
Trinidad,2026-07-27 09:00:00,26,26.0,0.0,28.0,4.3,320.0
Trinidad,2026-07-27 09:00:00,29,36.0,0.0,34.0,5.7,310.0
Trinidad,2026-07-27 09:00:00,32,35.0,0.0,34.0,3.8,292.0
Trinidad,2026-07-27 09:00:00,35,26.0,0.0,28.0,1.8,272.0
Trinidad,2026-07-27 09:00:00,38,26.0,0.0,23.0,1.9,299.0
Trinidad,2026-07-27 09:00:00,41,26.0,0.0,22.0,2.0,319.0
Trinidad,2026-07-27 09:00:00,44,36.0,0.0,22.0,2.4,323.0
Trinidad,2026-07-27 09:00:00,47,36.0,0.0,24.0,2.9,330.0
Trinidad,2026-07-27 09:00:00,50,36.0,0.0,28.0,4.0,330.0
Trinidad,2026-07-27 09:00:00,53,36.0,0.0,34.0,5.2,320.0
Trinidad,2026-07-27 09:00:00,56,36.0,0.0,34.0,3.6,310.0
Trinidad,2026-07-27 09:00:00,59,37.0,0.0,29.0,1.9,290.0
Trinidad,2026-07-27 09:00:00,62,36.0,0.0,25.0,1.8,310.0
Trinidad,2026-07-27 09:00:00,65,36.0,0.0,21.0,1.6,320.0
Trinidad,2026-07-27 09:00:00,68,36.0,0.0,21.0,1.4,330.0
Trinidad,2026-07-27 09:00:00,71,36.0,0.0,26.0,1.4,320.0
Trinidad,2026-07-27 09:00:00,74,36.0,0.0,29.0,2.5,320.0
Trinidad,2026-07-27 09:00:00,77,56.0,0.0,33.0,3.6,310.0
Trinidad,2026-07-27 09:00:00,80,56.0,0.0,33.0,2.6,310.0
Trinidad,2026-07-27 09:00:00,83,56.0,0.0,29.0,1.6,309.0
Trinidad,2026-07-27 09:00:00,86,56.0,0.0,21.0,1.5,329.0
Trinidad,2026-07-27 09:00:00,89,36.0,0.0,21.0,1.5,342.0
Trinidad,2026-07-27 09:00:00,92,37.0,0.0,27.0,1.9,330.0
Trinidad,2026-07-27 09:00:00,95,36.0,0.0,27.0,2.0,320.0
Trinidad,2026-07-27 09:00:00,98,36.0,0.0,32.0,2.9,320.0
Trinidad,2026-07-27 09:00:00,101,36.0,0.0,38.0,3.8,320.0
Trinidad,2026-07-27 09:00:00,104,35.0,0.0,33.0,2.8,340.0
Trinidad,2026-07-27 09:00:00,107,26.0,0.0,29.0,1.9,358.0
Trinidad,2026-07-27 09:00:00,110,26.0,0.0,28.0,2.0,340.0
Trinidad,2026-07-27 09:00:00,113,36.0,0.0,26.0,2.0,320.0
Trinidad,2026-07-27 12:00:00,14,,,21.0,,
Trinidad,2026-07-27 12:00:00,17,,,21.0,,
Trinidad,2026-07-27 12:00:00,26,,,33.0,,
Trinidad,2026-07-27 12:00:00,29,,,33.0,,
Trinidad,2026-07-27 12:00:00,32,,,29.0,,
Trinidad,2026-07-27 12:00:00,35,,,25.0,,
Trinidad,2026-07-27 12:00:00,56,,,30.0,,
Trinidad,2026-07-27 12:00:00,59,,,26.0,,
Trinidad,2026-07-27 12:00:00,62,,,23.0,,
Trinidad,2026-07-27 12:00:00,65,,,23.0,,
Trinidad,2026-07-27 12:00:00,71,,,30.0,,
Trinidad,2026-07-27 12:00:00,74,,,34.0,,
Trinidad,2026-07-27 12:00:00,77,,,34.0,,
Trinidad,2026-07-27 12:00:00,83,,,26.0,,
Trinidad,2026-07-27 12:00:00,86,,,23.0,,
Trinidad,2026-07-27 12:00:00,89,,,23.0,,
Trinidad,2026-07-27 12:00:00,95,,,30.0,,
Trinidad,2026-07-27 12:00:00,98,,,34.0,,
Trinidad,2026-07-27 12:00:00,101,,,34.0,,
Trinidad,2026-07-27 12:00:00,107,,,23.0,,
Trinidad,2026-07-27 12:00:00,110,,,23.0,,
Tupiza,2026-07-27 09:00:00,5,26.0,0.0,22.0,11.7,289.0
Tupiza,2026-07-27 09:00:00,8,26.0,0.0,22.0,8.5,309.0
Tupiza,2026-07-27 09:00:00,11,26.0,0.0,13.0,5.2,320.0
Tupiza,2026-07-27 09:00:00,14,26.0,0.0,7.0,4.2,310.0
Tupiza,2026-07-27 09:00:00,17,26.0,0.0,1.0,3.1,297.0
Tupiza,2026-07-27 09:00:00,20,27.0,0.0,1.0,3.0,297.0
Tupiza,2026-07-27 09:00:00,23,26.0,0.0,6.0,3.0,295.0
Tupiza,2026-07-27 09:00:00,26,26.0,0.0,11.0,8.3,295.0
Tupiza,2026-07-27 09:00:00,29,26.0,0.0,23.0,13.5,290.0
Tupiza,2026-07-27 09:00:00,32,26.0,0.0,23.0,9.8,290.0
Tupiza,2026-07-27 09:00:00,35,27.0,0.0,12.0,6.0,290.0
Tupiza,2026-07-27 09:00:00,38,26.0,0.0,6.0,4.6,295.0
Tupiza,2026-07-27 09:00:00,41,26.0,0.0,1.0,3.1,295.0
Tupiza,2026-07-27 09:00:00,44,26.0,0.0,1.0,2.4,297.0
Tupiza,2026-07-27 09:00:00,47,27.0,0.0,5.0,2.1,297.0
Tupiza,2026-07-27 09:00:00,50,27.0,0.0,13.0,5.2,297.0
Tupiza,2026-07-27 09:00:00,53,26.0,0.0,22.0,8.3,290.0
Tupiza,2026-07-27 09:00:00,56,26.0,0.0,22.0,6.0,305.0
Tupiza,2026-07-27 09:00:00,59,26.0,0.0,12.0,3.7,312.0
Tupiza,2026-07-27 09:00:00,62,26.0,0.0,8.0,2.9,314.0
Tupiza,2026-07-27 09:00:00,65,26.0,0.0,0.0,2.1,314.0
Tupiza,2026-07-27 09:00:00,68,26.0,0.0,-1.0,1.6,280.0
Tupiza,2026-07-27 09:00:00,71,26.0,0.0,5.0,1.4,270.0
Tupiza,2026-07-27 09:00:00,74,26.0,0.0,12.0,2.1,242.0
Tupiza,2026-07-27 09:00:00,77,26.0,0.0,21.0,2.8,74.0
Tupiza,2026-07-27 09:00:00,80,26.0,0.0,21.0,3.1,14.0
Tupiza,2026-07-27 09:00:00,83,27.0,0.0,8.0,3.3,314.0
Tupiza,2026-07-27 09:00:00,86,27.0,0.0,-1.0,2.9,319.0
Tupiza,2026-07-27 09:00:00,89,26.0,0.0,-1.0,2.5,320.0
Tupiza,2026-07-27 09:00:00,92,26.0,0.0,6.0,2.3,302.0
Tupiza,2026-07-27 09:00:00,95,26.0,0.0,7.0,2.2,300.0
Tupiza,2026-07-27 09:00:00,98,26.0,0.0,13.0,6.3,300.0
Tupiza,2026-07-27 09:00:00,101,26.0,0.0,19.0,10.4,290.0
Tupiza,2026-07-27 09:00:00,104,26.0,0.0,15.0,7.9,290.0
Tupiza,2026-07-27 09:00:00,107,26.0,0.0,10.0,5.3,290.0
Tupiza,2026-07-27 09:00:00,110,26.0,0.0,7.0,4.2,290.0
Tupiza,2026-07-27 09:00:00,113,26.0,0.0,3.0,3.1,290.0
Tupiza,2026-07-27 12:00:00,26,,,26.0,,
Tupiza,2026-07-27 12:00:00,29,,,26.0,,
Tupiza,2026-07-27 12:00:00,32,,,16.0,,
Tupiza,2026-07-27 12:00:00,38,,,2.0,,
Tupiza,2026-07-27 12:00:00,41,,,2.0,,
Tupiza,2026-07-27 12:00:00,50,,,25.0,,
Tupiza,2026-07-27 12:00:00,53,,,25.0,,
Tupiza,2026-07-27 12:00:00,56,,,14.0,,
Tupiza,2026-07-27 12:00:00,59,,,7.0,,
Tupiza,2026-07-27 12:00:00,62,,,2.0,,
Tupiza,2026-07-27 12:00:00,65,,,2.0,,
Tupiza,2026-07-27 12:00:00,74,,,25.0,,
Tupiza,2026-07-27 12:00:00,77,,,25.0,,
Tupiza,2026-07-27 12:00:00,80,,,11.0,,
Tupiza,2026-07-27 12:00:00,83,,,5.0,,
Tupiza,2026-07-27 12:00:00,86,,,1.0,,
Tupiza,2026-07-27 12:00:00,89,,,1.0,,
Tupiza,2026-07-27 12:00:00,98,,,25.0,,
Tupiza,2026-07-27 12:00:00,101,,,25.0,,
Tupiza,2026-07-27 12:00:00,107,,,1.0,,
Tupiza,2026-07-27 12:00:00,110,,,1.0,,
Uyuni,2026-07-27 09:00:00,5,26.0,0.0,13.0,8.2,290.0
Uyuni,2026-07-27 09:00:00,8,26.0,0.0,13.0,6.1,298.0
Uyuni,2026-07-27 09:00:00,11,27.0,0.0,5.0,4.0,298.0
Uyuni,2026-07-27 09:00:00,14,25.0,0.0,-4.0,4.2,320.0
Uyuni,2026-07-27 09:00:00,17,26.0,0.0,-15.0,4.3,333.0
Uyuni,2026-07-27 09:00:00,20,25.0,0.0,-15.0,4.2,331.0
Uyuni,2026-07-27 09:00:00,23,25.0,0.0,2.0,4.5,330.0
Uyuni,2026-07-27 09:00:00,26,27.0,0.0,7.0,6.4,312.0
Uyuni,2026-07-27 09:00:00,29,26.0,0.0,12.0,8.3,292.0
Uyuni,2026-07-27 09:00:00,32,25.0,0.0,13.0,7.7,289.0
Uyuni,2026-07-27 09:00:00,35,26.0,0.0,5.0,7.1,287.0
Uyuni,2026-07-27 09:00:00,38,26.0,0.0,-7.0,5.5,317.0
Uyuni,2026-07-27 09:00:00,41,26.0,0.0,-14.0,3.9,340.0
Uyuni,2026-07-27 09:00:00,44,26.0,0.0,-14.0,2.6,333.0
Uyuni,2026-07-27 09:00:00,47,27.0,0.0,1.0,2.4,323.0
Uyuni,2026-07-27 09:00:00,50,26.0,0.0,6.0,3.9,312.0
Uyuni,2026-07-27 09:00:00,53,26.0,0.0,13.0,5.3,292.0
Uyuni,2026-07-27 09:00:00,56,26.0,0.0,13.0,4.3,330.0
Uyuni,2026-07-27 09:00:00,59,26.0,0.0,8.0,3.3,0.0
Uyuni,2026-07-27 09:00:00,62,25.0,0.0,3.0,2.9,340.0
Uyuni,2026-07-27 09:00:00,65,26.0,0.0,-15.0,2.5,311.0
Uyuni,2026-07-27 09:00:00,68,25.0,0.0,-14.0,1.4,26.0
Uyuni,2026-07-27 09:00:00,71,26.0,0.0,1.0,0.5,102.0
Uyuni,2026-07-27 09:00:00,74,26.0,0.0,7.0,2.8,90.0
Uyuni,2026-07-27 09:00:00,77,26.0,0.0,13.0,5.1,289.0
Uyuni,2026-07-27 09:00:00,80,26.0,0.0,13.0,3.8,319.0
Uyuni,2026-07-27 09:00:00,83,26.0,0.0,5.0,2.5,342.0
Uyuni,2026-07-27 09:00:00,86,26.0,0.0,-13.0,2.6,350.0
Uyuni,2026-07-27 09:00:00,89,26.0,0.0,-13.0,2.6,348.0
Uyuni,2026-07-27 09:00:00,92,26.0,0.0,2.0,3.0,323.0
Uyuni,2026-07-27 09:00:00,95,26.0,0.0,3.0,3.9,333.0
Uyuni,2026-07-27 09:00:00,98,26.0,0.0,8.0,6.1,320.0
Uyuni,2026-07-27 09:00:00,101,25.0,0.0,13.0,8.2,299.0
Uyuni,2026-07-27 09:00:00,104,26.0,0.0,9.0,6.0,305.0
Uyuni,2026-07-27 09:00:00,107,26.0,0.0,5.0,3.8,304.0
Uyuni,2026-07-27 09:00:00,110,26.0,0.0,3.0,3.2,326.0
Uyuni,2026-07-27 09:00:00,113,27.0,0.0,1.0,2.6,341.0
Uyuni,2026-07-27 12:00:00,14,,,-10.0,,
Uyuni,2026-07-27 12:00:00,17,,,-10.0,,
Uyuni,2026-07-27 12:00:00,26,,,13.0,,
Uyuni,2026-07-27 12:00:00,35,,,-5.0,,
Uyuni,2026-07-27 12:00:00,38,,,-10.0,,
Uyuni,2026-07-27 12:00:00,41,,,-10.0,,
Uyuni,2026-07-27 12:00:00,62,,,-10.0,,
Uyuni,2026-07-27 12:00:00,65,,,-10.0,,
Uyuni,2026-07-27 12:00:00,68,,,-2.0,,
Uyuni,2026-07-27 12:00:00,83,,,-5.0,,
Uyuni,2026-07-27 12:00:00,86,,,-11.0,,
Uyuni,2026-07-27 12:00:00,89,,,-11.0,,
Uyuni,2026-07-27 12:00:00,101,,,13.0,,
Uyuni,2026-07-27 12:00:00,107,,,-11.0,,
Uyuni,2026-07-27 12:00:00,110,,,-11.0,,
Vallegrande,2026-07-27 09:00:00,5,36.0,0.0,26.0,6.2,348.0
Vallegrande,2026-07-27 09:00:00,8,36.0,0.0,26.0,4.8,349.0
Vallegrande,2026-07-27 09:00:00,11,36.0,0.0,19.0,3.5,350.0
Vallegrande,2026-07-27 09:00:00,14,36.0,0.0,16.0,3.0,340.0
Vallegrande,2026-07-27 09:00:00,17,26.0,0.0,14.0,2.6,330.0
Vallegrande,2026-07-27 09:00:00,20,26.0,0.0,14.0,2.6,337.0
Vallegrande,2026-07-27 09:00:00,23,26.0,0.0,16.0,2.4,335.0
Vallegrande,2026-07-27 09:00:00,26,26.0,0.0,20.0,3.9,339.0
Vallegrande,2026-07-27 09:00:00,29,26.0,0.0,26.0,5.4,342.0
Vallegrande,2026-07-27 09:00:00,32,26.0,0.0,26.0,4.4,352.0
Vallegrande,2026-07-27 09:00:00,35,36.0,0.0,19.0,3.4,359.0
Vallegrande,2026-07-27 09:00:00,38,36.0,0.0,15.0,2.7,348.0
Vallegrande,2026-07-27 09:00:00,41,25.0,0.0,14.0,1.9,329.0
Vallegrande,2026-07-27 09:00:00,44,36.0,0.0,14.0,1.9,328.0
Vallegrande,2026-07-27 09:00:00,47,36.0,0.0,15.0,1.9,320.0
Vallegrande,2026-07-27 09:00:00,50,36.0,0.0,21.0,2.8,339.0
Vallegrande,2026-07-27 09:00:00,53,26.0,0.0,26.0,3.6,352.0
Vallegrande,2026-07-27 09:00:00,56,26.0,0.0,26.0,2.5,22.0
Vallegrande,2026-07-27 09:00:00,59,36.0,0.0,21.0,1.4,44.0
Vallegrande,2026-07-27 09:00:00,62,36.0,0.0,17.0,1.2,41.0
Vallegrande,2026-07-27 09:00:00,65,36.0,0.0,13.0,1.0,28.0
Vallegrande,2026-07-27 09:00:00,68,36.0,0.0,13.0,1.2,7.0
Vallegrande,2026-07-27 09:00:00,71,36.0,0.0,15.0,1.4,357.0
Vallegrande,2026-07-27 09:00:00,74,36.0,0.0,20.0,2.7,359.0
Vallegrande,2026-07-27 09:00:00,77,56.0,0.0,25.0,4.1,2.0
Vallegrande,2026-07-27 09:00:00,80,56.0,0.0,25.0,3.3,9.0
Vallegrande,2026-07-27 09:00:00,83,56.0,0.0,14.0,2.4,10.0
Vallegrande,2026-07-27 09:00:00,86,56.0,0.0,13.0,2.1,8.0
Vallegrande,2026-07-27 09:00:00,89,57.0,0.0,13.0,1.8,358.0
Vallegrande,2026-07-27 09:00:00,92,56.0,0.0,14.0,2.1,349.0
Vallegrande,2026-07-27 09:00:00,95,57.0,0.0,15.0,2.4,339.0
Vallegrande,2026-07-27 09:00:00,98,56.0,0.0,20.0,4.7,349.0
Vallegrande,2026-07-27 09:00:00,101,36.0,0.0,25.0,6.8,352.0
Vallegrande,2026-07-27 09:00:00,104,36.0,0.0,20.0,5.3,359.0
Vallegrande,2026-07-27 09:00:00,107,57.0,0.0,15.0,3.8,359.0
Vallegrande,2026-07-27 09:00:00,110,56.0,0.0,14.0,3.1,349.0
Vallegrande,2026-07-27 09:00:00,113,55.0,0.0,13.0,2.3,330.0
Vallegrande,2026-07-27 12:00:00,14,,,11.0,,
Vallegrande,2026-07-27 12:00:00,17,,,11.0,,
Vallegrande,2026-07-27 12:00:00,38,,,10.0,,
Vallegrande,2026-07-27 12:00:00,41,,,10.0,,
Vallegrande,2026-07-27 12:00:00,50,,,27.0,,
Vallegrande,2026-07-27 12:00:00,53,,,27.0,,
Vallegrande,2026-07-27 12:00:00,62,,,11.0,,
Vallegrande,2026-07-27 12:00:00,65,,,11.0,,
Vallegrande,2026-07-27 12:00:00,74,,,24.0,,
Vallegrande,2026-07-27 12:00:00,77,,,24.0,,
Vallegrande,2026-07-27 12:00:00,80,,,20.0,,
Vallegrande,2026-07-27 12:00:00,83,,,16.0,,
Vallegrande,2026-07-27 12:00:00,86,,,11.0,,
Vallegrande,2026-07-27 12:00:00,89,,,11.0,,
Vallegrande,2026-07-27 12:00:00,101,,,25.0,,
Vallegrande,2026-07-27 12:00:00,107,,,11.0,,
Vallegrande,2026-07-27 12:00:00,110,,,11.0,,
Viacha,2026-07-27 09:00:00,5,27.0,0.0,17.0,5.6,319.0
Viacha,2026-07-27 09:00:00,8,28.0,0.0,17.0,4.7,11.0
Viacha,2026-07-27 09:00:00,11,27.0,0.0,8.0,3.7,60.0
Viacha,2026-07-27 09:00:00,14,27.0,0.0,-1.0,2.4,353.0
Viacha,2026-07-27 09:00:00,17,26.0,0.0,-8.0,1.1,285.0
Viacha,2026-07-27 09:00:00,20,26.0,0.0,-8.0,1.0,309.0
Viacha,2026-07-27 09:00:00,23,26.0,0.0,2.0,1.7,296.0
Viacha,2026-07-27 09:00:00,26,26.0,0.0,8.0,3.5,300.0
Viacha,2026-07-27 09:00:00,29,36.0,0.0,17.0,5.4,301.0
Viacha,2026-07-27 09:00:00,32,36.0,0.0,17.0,3.7,21.0
Viacha,2026-07-27 09:00:00,35,26.0,0.0,9.0,1.9,111.0
Viacha,2026-07-27 09:00:00,38,26.0,0.0,-4.0,1.5,117.0
Viacha,2026-07-27 09:00:00,41,26.0,0.0,-8.0,1.2,116.0
Viacha,2026-07-27 09:00:00,44,26.0,0.0,-8.0,1.0,131.0
Viacha,2026-07-27 09:00:00,47,26.0,0.0,2.0,0.6,206.0
Viacha,2026-07-27 09:00:00,50,26.0,0.0,9.0,1.2,130.0
Viacha,2026-07-27 09:00:00,53,26.0,0.0,16.0,1.8,91.0
Viacha,2026-07-27 09:00:00,56,26.0,0.0,16.0,2.3,84.0
Viacha,2026-07-27 09:00:00,59,26.0,0.0,11.0,2.8,71.0
Viacha,2026-07-27 09:00:00,62,26.0,0.0,6.0,2.1,91.0
Viacha,2026-07-27 09:00:00,65,30.0,0.0,-7.0,1.2,111.0
Viacha,2026-07-27 09:00:00,68,29.0,0.0,-7.0,1.4,107.0
Viacha,2026-07-27 09:00:00,71,30.0,0.0,4.0,1.3,104.0
Viacha,2026-07-27 09:00:00,74,30.0,0.0,9.0,2.8,100.0
Viacha,2026-07-27 09:00:00,77,30.0,0.0,16.0,4.2,93.0
Viacha,2026-07-27 09:00:00,80,29.0,0.0,16.0,3.9,86.0
Viacha,2026-07-27 09:00:00,83,30.0,0.0,7.0,3.6,74.0
Viacha,2026-07-27 09:00:00,86,29.0,0.0,-7.0,2.8,18.0
Viacha,2026-07-27 09:00:00,89,35.0,0.0,-7.0,2.0,317.0
Viacha,2026-07-27 09:00:00,92,36.0,0.0,5.0,1.5,330.0
Viacha,2026-07-27 09:00:00,95,36.0,0.0,5.0,0.8,347.0
Viacha,2026-07-27 09:00:00,98,36.0,0.0,10.0,1.8,19.0
Viacha,2026-07-27 09:00:00,101,56.0,0.0,15.0,2.9,175.0
Viacha,2026-07-27 09:00:00,104,56.0,0.0,11.0,2.5,150.0
Viacha,2026-07-27 09:00:00,107,36.0,0.0,7.0,2.2,114.0
Viacha,2026-07-27 09:00:00,110,36.0,0.0,5.0,1.6,160.0
Viacha,2026-07-27 09:00:00,113,36.0,0.0,3.0,0.9,202.0
Viacha,2026-07-27 12:00:00,26,,,18.0,,
Viacha,2026-07-27 12:00:00,29,,,18.0,,
Viacha,2026-07-27 12:00:00,50,,,18.0,,
Viacha,2026-07-27 12:00:00,53,,,18.0,,
Viacha,2026-07-27 12:00:00,56,,,12.0,,
Viacha,2026-07-27 12:00:00,59,,,5.0,,
Viacha,2026-07-27 12:00:00,74,,,17.0,,
Viacha,2026-07-27 12:00:00,77,,,17.0,,
Viacha,2026-07-27 12:00:00,80,,,8.0,,
Viacha,2026-07-27 12:00:00,83,,,0.0,,
Viacha,2026-07-27 12:00:00,89,,,-7.0,,
Viacha,2026-07-27 12:00:00,98,,,17.0,,
Viacha,2026-07-27 12:00:00,101,,,17.0,,
Viacha,2026-07-27 12:00:00,104,,,8.0,,
Viacha,2026-07-27 12:00:00,107,,,-7.0,,
Viacha,2026-07-27 12:00:00,110,,,-7.0,,
Villa Rivero,2026-07-27 09:00:00,5,35.0,0.0,26.0,4.0,18.0
Villa Rivero,2026-07-27 09:00:00,8,36.0,0.0,26.0,4.0,14.0
Villa Rivero,2026-07-27 09:00:00,11,26.0,0.0,16.0,3.9,6.0
Villa Rivero,2026-07-27 09:00:00,14,26.0,0.0,11.0,4.3,354.0
Villa Rivero,2026-07-27 09:00:00,17,26.0,0.0,5.0,4.7,334.0
Villa Rivero,2026-07-27 09:00:00,20,26.0,0.0,5.0,3.6,347.0
Villa Rivero,2026-07-27 09:00:00,23,26.0,0.0,9.0,3.3,346.0
Villa Rivero,2026-07-27 09:00:00,26,26.0,0.0,15.0,3.2,353.0
Villa Rivero,2026-07-27 09:00:00,29,36.0,0.0,26.0,3.1,4.0
Villa Rivero,2026-07-27 09:00:00,32,36.0,0.0,26.0,3.3,6.0
Villa Rivero,2026-07-27 09:00:00,35,26.0,0.0,17.0,3.6,7.0
Villa Rivero,2026-07-27 09:00:00,38,25.0,0.0,10.0,3.7,348.0
Villa Rivero,2026-07-27 09:00:00,41,26.0,0.0,5.0,3.8,325.0
Villa Rivero,2026-07-27 09:00:00,44,26.0,0.0,4.0,2.8,334.0
Villa Rivero,2026-07-27 09:00:00,47,27.0,0.0,9.0,2.6,324.0
Villa Rivero,2026-07-27 09:00:00,50,27.0,0.0,15.0,3.3,6.0
Villa Rivero,2026-07-27 09:00:00,53,26.0,0.0,26.0,4.0,37.0
Villa Rivero,2026-07-27 09:00:00,56,26.0,0.0,26.0,3.3,26.0
Villa Rivero,2026-07-27 09:00:00,59,26.0,0.0,16.0,2.7,7.0
Villa Rivero,2026-07-27 09:00:00,62,26.0,0.0,10.0,2.2,15.0
Villa Rivero,2026-07-27 09:00:00,65,36.0,0.0,3.0,1.6,15.0
Villa Rivero,2026-07-27 09:00:00,68,36.0,0.0,3.0,1.8,357.0
Villa Rivero,2026-07-27 09:00:00,71,36.0,0.0,8.0,1.6,357.0
Villa Rivero,2026-07-27 09:00:00,74,36.0,0.0,12.0,2.7,25.0
Villa Rivero,2026-07-27 09:00:00,77,35.0,0.0,24.0,3.7,44.0
Villa Rivero,2026-07-27 09:00:00,80,37.0,0.0,24.0,3.2,26.0
Villa Rivero,2026-07-27 09:00:00,83,36.0,0.0,8.0,2.5,5.0
Villa Rivero,2026-07-27 09:00:00,86,37.0,0.0,2.0,2.7,4.0
Villa Rivero,2026-07-27 09:00:00,89,36.0,0.0,3.0,2.8,354.0
Villa Rivero,2026-07-27 09:00:00,92,36.0,0.0,8.0,3.0,347.0
Villa Rivero,2026-07-27 09:00:00,95,36.0,0.0,8.0,3.2,346.0
Villa Rivero,2026-07-27 09:00:00,98,36.0,0.0,12.0,3.3,4.0
Villa Rivero,2026-07-27 09:00:00,101,56.0,0.0,16.0,3.4,22.0
Villa Rivero,2026-07-27 09:00:00,104,56.0,0.0,13.0,3.5,14.0
Villa Rivero,2026-07-27 09:00:00,107,36.0,0.0,10.0,3.5,357.0
Villa Rivero,2026-07-27 09:00:00,110,36.0,0.0,9.0,3.7,347.0
Villa Rivero,2026-07-27 09:00:00,113,36.0,0.0,8.0,3.8,334.0
Villa Rivero,2026-07-27 12:00:00,14,,,4.0,,
Villa Rivero,2026-07-27 12:00:00,17,,,4.0,,
Villa Rivero,2026-07-27 12:00:00,26,,,29.0,,
Villa Rivero,2026-07-27 12:00:00,29,,,29.0,,
Villa Rivero,2026-07-27 12:00:00,38,,,4.0,,
Villa Rivero,2026-07-27 12:00:00,44,,,14.0,,
Villa Rivero,2026-07-27 12:00:00,47,,,21.0,,
Villa Rivero,2026-07-27 12:00:00,50,,,29.0,,
Villa Rivero,2026-07-27 12:00:00,53,,,29.0,,
Villa Rivero,2026-07-27 12:00:00,62,,,5.0,,
Villa Rivero,2026-07-27 12:00:00,65,,,5.0,,
Villa Rivero,2026-07-27 12:00:00,68,,,10.0,,
Villa Rivero,2026-07-27 12:00:00,71,,,17.0,,
Villa Rivero,2026-07-27 12:00:00,74,,,30.0,,
Villa Rivero,2026-07-27 12:00:00,77,,,30.0,,
Villa Rivero,2026-07-27 12:00:00,80,,,17.0,,
Villa Rivero,2026-07-27 12:00:00,83,,,10.0,,
Villa Rivero,2026-07-27 12:00:00,86,,,5.0,,
Villa Rivero,2026-07-27 12:00:00,89,,,4.0,,
Villa Rivero,2026-07-27 12:00:00,92,,,9.0,,
Villa Rivero,2026-07-27 12:00:00,95,,,17.0,,
Villa Rivero,2026-07-27 12:00:00,98,,,31.0,,
Villa Rivero,2026-07-27 12:00:00,101,,,31.0,,
Villa Rivero,2026-07-27 12:00:00,107,,,5.0,,
Villa Rivero,2026-07-27 12:00:00,110,,,5.0,,
Villamontes,2026-07-27 09:00:00,5,36.0,0.0,31.0,2.5,87.0
Villamontes,2026-07-27 09:00:00,8,36.0,0.0,31.0,1.7,138.0
Villamontes,2026-07-27 09:00:00,11,37.0,0.0,22.0,0.9,186.0
Villamontes,2026-07-27 09:00:00,14,36.0,0.0,19.0,1.1,238.0
Villamontes,2026-07-27 09:00:00,17,36.0,0.0,18.0,1.3,284.0
Villamontes,2026-07-27 09:00:00,20,36.0,0.0,18.0,1.4,294.0
Villamontes,2026-07-27 09:00:00,23,36.0,0.0,20.0,1.4,307.0
Villamontes,2026-07-27 09:00:00,26,36.0,0.0,24.0,2.0,24.0
Villamontes,2026-07-27 09:00:00,29,26.0,0.0,32.0,2.6,90.0
Villamontes,2026-07-27 09:00:00,32,26.0,0.0,32.0,1.9,137.0
Villamontes,2026-07-27 09:00:00,35,25.0,0.0,24.0,1.3,177.0
Villamontes,2026-07-27 09:00:00,38,26.0,0.0,19.0,1.4,221.0
Villamontes,2026-07-27 09:00:00,41,26.0,0.0,17.0,1.5,258.0
Villamontes,2026-07-27 09:00:00,44,36.0,0.0,17.0,1.5,269.0
Villamontes,2026-07-27 09:00:00,47,37.0,0.0,20.0,1.4,257.0
Villamontes,2026-07-27 09:00:00,50,36.0,0.0,23.0,3.0,202.0
Villamontes,2026-07-27 09:00:00,53,36.0,0.0,31.0,4.7,146.0
Villamontes,2026-07-27 09:00:00,56,36.0,0.0,31.0,3.7,192.0
Villamontes,2026-07-27 09:00:00,59,56.0,0.0,23.0,2.8,230.0
Villamontes,2026-07-27 09:00:00,62,56.0,0.0,19.0,2.1,214.0
Villamontes,2026-07-27 09:00:00,65,56.0,0.0,17.0,1.4,194.0
Villamontes,2026-07-27 09:00:00,68,56.0,0.0,17.0,1.3,218.0
Villamontes,2026-07-27 09:00:00,71,57.0,0.0,21.0,1.6,188.0
Villamontes,2026-07-27 09:00:00,74,56.0,0.0,26.0,1.8,127.0
Villamontes,2026-07-27 09:00:00,77,76.0,1.4,29.0,1.9,65.0
Villamontes,2026-07-27 09:00:00,80,76.0,1.2,29.0,1.5,142.0
Villamontes,2026-07-27 09:00:00,83,57.0,0.0,24.0,1.1,230.0
Villamontes,2026-07-27 09:00:00,86,57.0,0.0,17.0,0.9,277.0
Villamontes,2026-07-27 09:00:00,89,37.0,0.0,17.0,0.7,323.0
Villamontes,2026-07-27 09:00:00,92,35.0,0.0,22.0,2.1,325.0
Villamontes,2026-07-27 09:00:00,95,36.0,0.0,23.0,2.6,325.0
Villamontes,2026-07-27 09:00:00,98,36.0,0.0,31.0,4.2,354.0
Villamontes,2026-07-27 09:00:00,101,36.0,0.0,39.0,5.8,17.0
Villamontes,2026-07-27 09:00:00,104,36.0,0.0,34.0,5.2,17.0
Villamontes,2026-07-27 09:00:00,107,36.0,0.0,30.0,4.5,10.0
Villamontes,2026-07-27 09:00:00,110,36.0,0.0,27.0,3.8,349.0
Villamontes,2026-07-27 09:00:00,113,36.0,0.0,24.0,3.0,323.0
Villamontes,2026-07-27 12:00:00,14,,,14.0,,
Villamontes,2026-07-27 12:00:00,17,,,14.0,,
Villamontes,2026-07-27 12:00:00,26,,,31.0,,
Villamontes,2026-07-27 12:00:00,29,,,31.0,,
Villamontes,2026-07-27 12:00:00,38,,,14.0,,
Villamontes,2026-07-27 12:00:00,41,,,14.0,,
Villamontes,2026-07-27 12:00:00,50,,,29.0,,
Villamontes,2026-07-27 12:00:00,53,,,29.0,,
Villamontes,2026-07-27 12:00:00,62,,,15.0,,
Villamontes,2026-07-27 12:00:00,65,,,15.0,,
Villamontes,2026-07-27 12:00:00,71,,,24.0,,
Villamontes,2026-07-27 12:00:00,74,,,27.0,,
Villamontes,2026-07-27 12:00:00,77,,,27.0,,
Villamontes,2026-07-27 12:00:00,83,,,20.0,,
Villamontes,2026-07-27 12:00:00,86,,,15.0,,
Villamontes,2026-07-27 12:00:00,89,,,15.0,,
Villamontes,2026-07-27 12:00:00,92,,,18.0,,
Villamontes,2026-07-27 12:00:00,95,,,23.0,,
Villamontes,2026-07-27 12:00:00,98,,,30.0,,
Villamontes,2026-07-27 12:00:00,101,,,30.0,,
Villamontes,2026-07-27 12:00:00,104,,,26.0,,
Villamontes,2026-07-27 12:00:00,107,,,15.0,,
Villamontes,2026-07-27 12:00:00,110,,,15.0,,
Yacuiba,2026-07-27 09:00:00,5,36.0,0.0,29.0,3.8,58.0
Yacuiba,2026-07-27 09:00:00,8,36.0,0.0,29.0,2.8,8.0
Yacuiba,2026-07-27 09:00:00,11,36.0,0.0,21.0,1.7,250.0
Yacuiba,2026-07-27 09:00:00,14,37.0,0.0,17.0,1.9,254.0
Yacuiba,2026-07-27 09:00:00,17,36.0,0.0,16.0,2.1,257.0
Yacuiba,2026-07-27 09:00:00,20,36.0,0.0,16.0,1.6,274.0
Yacuiba,2026-07-27 09:00:00,23,36.0,0.0,17.0,1.3,280.0
Yacuiba,2026-07-27 09:00:00,26,36.0,0.0,23.0,2.5,17.0
Yacuiba,2026-07-27 09:00:00,29,26.0,0.0,30.0,3.8,96.0
Yacuiba,2026-07-27 09:00:00,32,26.0,0.0,30.0,3.0,176.0
Yacuiba,2026-07-27 09:00:00,35,26.0,0.0,23.0,2.3,251.0
Yacuiba,2026-07-27 09:00:00,38,27.0,0.0,19.0,2.2,251.0
Yacuiba,2026-07-27 09:00:00,41,27.0,0.0,15.0,2.1,251.0
Yacuiba,2026-07-27 09:00:00,44,37.0,0.0,15.0,1.7,264.0
Yacuiba,2026-07-27 09:00:00,47,36.0,0.0,18.0,1.8,244.0
Yacuiba,2026-07-27 09:00:00,50,36.0,0.0,21.0,3.0,210.0
Yacuiba,2026-07-27 09:00:00,53,36.0,0.0,29.0,4.2,166.0
Yacuiba,2026-07-27 09:00:00,56,36.0,0.0,29.0,3.0,209.0
Yacuiba,2026-07-27 09:00:00,59,56.0,0.0,22.0,1.9,247.0
Yacuiba,2026-07-27 09:00:00,62,56.0,0.0,20.0,1.9,243.0
Yacuiba,2026-07-27 09:00:00,65,57.0,0.0,15.0,2.0,229.0
Yacuiba,2026-07-27 09:00:00,68,56.0,0.0,15.0,1.6,244.0
Yacuiba,2026-07-27 09:00:00,71,56.0,0.0,19.0,1.4,227.0
Yacuiba,2026-07-27 09:00:00,74,56.0,0.0,24.0,2.3,164.0
Yacuiba,2026-07-27 09:00:00,77,76.0,0.8,27.0,3.1,94.0
Yacuiba,2026-07-27 09:00:00,80,76.0,0.8,27.0,2.3,35.0
Yacuiba,2026-07-27 09:00:00,83,56.0,0.0,21.0,1.3,284.0
Yacuiba,2026-07-27 09:00:00,86,56.0,0.0,15.0,1.5,310.0
Yacuiba,2026-07-27 09:00:00,89,37.0,0.0,15.0,1.5,330.0
Yacuiba,2026-07-27 09:00:00,92,36.0,0.0,21.0,1.6,330.0
Yacuiba,2026-07-27 09:00:00,95,36.0,0.0,22.0,1.6,326.0
Yacuiba,2026-07-27 09:00:00,98,36.0,0.0,29.0,3.6,357.0
Yacuiba,2026-07-27 09:00:00,101,36.0,0.0,37.0,5.6,20.0
Yacuiba,2026-07-27 09:00:00,104,36.0,0.0,33.0,5.4,20.0
Yacuiba,2026-07-27 09:00:00,107,36.0,0.0,30.0,5.3,20.0
Yacuiba,2026-07-27 09:00:00,110,36.0,0.0,25.0,3.5,339.0
Yacuiba,2026-07-27 09:00:00,113,36.0,0.0,21.0,1.8,289.0
Yacuiba,2026-07-27 12:00:00,14,,,13.0,,
Yacuiba,2026-07-27 12:00:00,17,,,13.0,,
Yacuiba,2026-07-27 12:00:00,26,,,29.0,,
Yacuiba,2026-07-27 12:00:00,29,,,29.0,,
Yacuiba,2026-07-27 12:00:00,38,,,13.0,,
Yacuiba,2026-07-27 12:00:00,41,,,13.0,,
Yacuiba,2026-07-27 12:00:00,50,,,27.0,,
Yacuiba,2026-07-27 12:00:00,53,,,27.0,,
Yacuiba,2026-07-27 12:00:00,62,,,14.0,,
Yacuiba,2026-07-27 12:00:00,65,,,14.0,,
Yacuiba,2026-07-27 12:00:00,68,,,18.0,,
Yacuiba,2026-07-27 12:00:00,71,,,21.0,,
Yacuiba,2026-07-27 12:00:00,74,,,25.0,,
Yacuiba,2026-07-27 12:00:00,77,,,25.0,,
Yacuiba,2026-07-27 12:00:00,83,,,17.0,,
Yacuiba,2026-07-27 12:00:00,86,,,14.0,,
Yacuiba,2026-07-27 12:00:00,89,,,14.0,,
Yacuiba,2026-07-27 12:00:00,92,,,18.0,,
Yacuiba,2026-07-27 12:00:00,95,,,21.0,,
Yacuiba,2026-07-27 12:00:00,98,,,27.0,,
Yacuiba,2026-07-27 12:00:00,101,,,27.0,,
Yacuiba,2026-07-27 12:00:00,104,,,22.0,,
Yacuiba,2026-07-27 12:00:00,107,,,14.0,,
Yacuiba,2026-07-27 12:00:00,110,,,14.0,,
Yesera Norte,2026-07-27 09:00:00,5,25.0,0.0,33.0,4.3,312.0
Yesera Norte,2026-07-27 09:00:00,8,25.0,0.0,33.0,2.8,1.0
Yesera Norte,2026-07-27 09:00:00,11,25.0,0.0,19.0,1.2,70.0
Yesera Norte,2026-07-27 09:00:00,14,25.0,0.0,11.0,1.3,351.0
Yesera Norte,2026-07-27 09:00:00,17,26.0,0.0,5.0,1.3,299.0
Yesera Norte,2026-07-27 09:00:00,20,26.0,0.0,5.0,2.5,288.0
Yesera Norte,2026-07-27 09:00:00,23,27.0,0.0,9.0,3.2,288.0
Yesera Norte,2026-07-27 09:00:00,26,26.0,0.0,22.0,5.2,310.0
Yesera Norte,2026-07-27 09:00:00,29,25.0,0.0,33.0,7.1,322.0
Yesera Norte,2026-07-27 09:00:00,32,26.0,0.0,33.0,4.6,42.0
Yesera Norte,2026-07-27 09:00:00,35,26.0,0.0,14.0,2.0,113.0
Yesera Norte,2026-07-27 09:00:00,38,25.0,0.0,7.0,1.9,200.0
Yesera Norte,2026-07-27 09:00:00,41,26.0,0.0,6.0,1.7,278.0
Yesera Norte,2026-07-27 09:00:00,44,26.0,0.0,6.0,2.3,289.0
Yesera Norte,2026-07-27 09:00:00,47,26.0,0.0,15.0,2.4,298.0
Yesera Norte,2026-07-27 09:00:00,50,26.0,0.0,21.0,2.5,350.0
Yesera Norte,2026-07-27 09:00:00,53,36.0,0.0,33.0,2.6,41.0
Yesera Norte,2026-07-27 09:00:00,56,36.0,0.0,33.0,2.0,80.0
Yesera Norte,2026-07-27 09:00:00,59,56.0,0.0,19.0,1.6,109.0
Yesera Norte,2026-07-27 09:00:00,62,55.0,0.0,12.0,1.5,69.0
Yesera Norte,2026-07-27 09:00:00,65,36.0,0.0,6.0,1.5,29.0
Yesera Norte,2026-07-27 09:00:00,68,36.0,0.0,6.0,1.7,359.0
Yesera Norte,2026-07-27 09:00:00,71,36.0,0.0,13.0,2.0,352.0
Yesera Norte,2026-07-27 09:00:00,74,36.0,0.0,18.0,2.8,21.0
Yesera Norte,2026-07-27 09:00:00,77,36.0,0.0,32.0,3.6,50.0
Yesera Norte,2026-07-27 09:00:00,80,36.0,0.0,32.0,2.7,59.0
Yesera Norte,2026-07-27 09:00:00,83,36.0,0.0,13.0,1.8,68.0
Yesera Norte,2026-07-27 09:00:00,86,36.0,0.0,6.0,2.3,37.0
Yesera Norte,2026-07-27 09:00:00,89,26.0,0.0,6.0,2.8,358.0
Yesera Norte,2026-07-27 09:00:00,92,26.0,0.0,14.0,2.7,330.0
Yesera Norte,2026-07-27 09:00:00,95,26.0,0.0,16.0,2.6,320.0
Yesera Norte,2026-07-27 09:00:00,98,26.0,0.0,23.0,3.6,330.0
Yesera Norte,2026-07-27 09:00:00,101,26.0,0.0,29.0,4.6,332.0
Yesera Norte,2026-07-27 09:00:00,104,26.0,0.0,23.0,3.7,352.0
Yesera Norte,2026-07-27 09:00:00,107,26.0,0.0,17.0,2.7,10.0
Yesera Norte,2026-07-27 09:00:00,110,26.0,0.0,15.0,2.7,330.0
Yesera Norte,2026-07-27 09:00:00,113,26.0,0.0,14.0,2.7,279.0
Yesera Norte,2026-07-27 12:00:00,20,,,10.0,,
Yesera Norte,2026-07-27 12:00:00,26,,,31.0,,
Yesera Norte,2026-07-27 12:00:00,29,,,31.0,,
Yesera Norte,2026-07-27 12:00:00,35,,,9.0,,
Yesera Norte,2026-07-27 12:00:00,38,,,5.0,,
Yesera Norte,2026-07-27 12:00:00,41,,,5.0,,
Yesera Norte,2026-07-27 12:00:00,44,,,16.0,,
Yesera Norte,2026-07-27 12:00:00,50,,,31.0,,
Yesera Norte,2026-07-27 12:00:00,53,,,31.0,,
Yesera Norte,2026-07-27 12:00:00,56,,,20.0,,
Yesera Norte,2026-07-27 12:00:00,71,,,19.0,,
Yesera Norte,2026-07-27 12:00:00,74,,,31.0,,
Yesera Norte,2026-07-27 12:00:00,77,,,31.0,,
Yesera Norte,2026-07-27 12:00:00,80,,,16.0,,
Yesera Norte,2026-07-27 12:00:00,83,,,10.0,,
Yesera Norte,2026-07-27 12:00:00,89,,,6.0,,
Yesera Norte,2026-07-27 12:00:00,98,,,31.0,,
Yesera Norte,2026-07-27 12:00:00,101,,,31.0,,
Yesera Norte,2026-07-27 12:00:00,107,,,6.0,,
Yesera Norte,2026-07-27 12:00:00,110,,,6.0,,
