estacion,fecha,fecha_diff,precipitacion,temperatura,humedad_relativa,vientos,vi
Anzaldo,2026-09-28 14:00:00,3,0.0,26,36,2,7.0
Anzaldo,2026-09-28 14:00:00,6,0.0,19,26,3,3.5
Anzaldo,2026-09-28 14:00:00,9,0.0,14,26,3,3.6
Anzaldo,2026-09-28 14:00:00,12,0.0,11,36,2,3.7
Anzaldo,2026-09-28 14:00:00,15,0.0,11,36,342,4.3
Anzaldo,2026-09-28 14:00:00,18,0.0,14,36,342,4.6
Anzaldo,2026-09-28 14:00:00,21,0.0,19,36,342,6.5
Anzaldo,2026-09-28 14:00:00,24,3.8,22,89,340,8.3
Anzaldo,2026-09-28 14:00:00,27,2.4,22,89,318,7.3
Anzaldo,2026-09-28 14:00:00,30,2.6,18,89,288,6.4
Anzaldo,2026-09-28 14:00:00,33,2.5,12,89,321,6.5
Anzaldo,2026-09-28 14:00:00,36,4.2,8,89,346,6.7
Anzaldo,2026-09-28 14:00:00,39,0.0,8,56,332,5.0
Anzaldo,2026-09-28 14:00:00,42,0.0,11,56,315,4.7
Anzaldo,2026-09-28 14:00:00,45,0.0,15,56,320,4.7
Anzaldo,2026-09-28 14:00:00,48,0.0,19,56,318,4.7
Anzaldo,2026-09-28 14:00:00,51,0.0,19,57,36,3.9
Anzaldo,2026-09-28 14:00:00,54,0.0,15,56,106,3.0
Anzaldo,2026-09-28 14:00:00,57,0.0,12,56,52,2.2
Anzaldo,2026-09-28 14:00:00,60,0.0,9,26,355,1.3
Anzaldo,2026-09-28 14:00:00,63,0.0,9,26,127,1.9
Anzaldo,2026-09-28 14:00:00,66,0.0,12,26,138,1.3
Anzaldo,2026-09-28 14:00:00,69,0.0,16,26,130,3.5
Anzaldo,2026-09-28 14:00:00,72,0.0,22,36,114,5.6
Anzaldo,2026-09-28 14:00:00,75,0.0,22,36,118,4.2
Anzaldo,2026-09-28 14:00:00,78,0.0,16,36,116,2.8
Anzaldo,2026-09-28 14:00:00,81,0.0,11,36,191,2.1
Anzaldo,2026-09-28 14:00:00,84,0.0,7,36,271,1.4
Anzaldo,2026-09-28 14:00:00,87,0.0,7,36,101,1.4
Anzaldo,2026-09-28 14:00:00,90,0.0,10,36,1,1.2
Anzaldo,2026-09-28 14:00:00,93,0.0,19,36,336,1.8
Anzaldo,2026-09-28 14:00:00,96,0.0,25,36,302,2.4
Anzaldo,2026-09-28 14:00:00,99,0.0,25,36,327,2.1
Anzaldo,2026-09-28 14:00:00,102,0.0,21,36,347,1.7
Anzaldo,2026-09-28 14:00:00,105,0.0,18,36,350,2.7
Anzaldo,2026-09-28 14:00:00,108,0.0,14,36,344,3.7
Apolo Chupiluzani,2026-09-28 14:00:00,3,1.6,31,77,139,1.6
Apolo Chupiluzani,2026-09-28 14:00:00,6,1.4,26,75,172,1.2
Apolo Chupiluzani,2026-09-28 14:00:00,9,1.7,21,76,233,1.2
Apolo Chupiluzani,2026-09-28 14:00:00,12,0.0,19,36,322,1.2
Apolo Chupiluzani,2026-09-28 14:00:00,15,0.0,19,36,313,1.1
Apolo Chupiluzani,2026-09-28 14:00:00,18,0.0,22,36,329,1.0
Apolo Chupiluzani,2026-09-28 14:00:00,21,0.0,25,35,343,2.9
Apolo Chupiluzani,2026-09-28 14:00:00,24,2.3,28,84,354,4.7
Apolo Chupiluzani,2026-09-28 14:00:00,27,3.1,28,83,275,3.1
Apolo Chupiluzani,2026-09-28 14:00:00,30,2.6,24,89,187,1.5
Apolo Chupiluzani,2026-09-28 14:00:00,33,2.7,21,89,192,1.4
Apolo Chupiluzani,2026-09-28 14:00:00,36,2.7,18,90,188,1.3
Apolo Chupiluzani,2026-09-28 14:00:00,39,0.0,18,56,107,1.1
Apolo Chupiluzani,2026-09-28 14:00:00,42,0.0,18,55,30,0.8
Apolo Chupiluzani,2026-09-28 14:00:00,45,0.0,20,56,24,1.5
Apolo Chupiluzani,2026-09-28 14:00:00,48,2.8,22,89,10,2.3
Apolo Chupiluzani,2026-09-28 14:00:00,51,3.6,22,89,69,1.7
Apolo Chupiluzani,2026-09-28 14:00:00,54,0.0,22,57,119,1.1
Apolo Chupiluzani,2026-09-28 14:00:00,57,0.0,20,56,138,0.9
Apolo Chupiluzani,2026-09-28 14:00:00,60,0.0,19,37,157,0.9
Apolo Chupiluzani,2026-09-28 14:00:00,63,0.0,19,36,215,0.9
Apolo Chupiluzani,2026-09-28 14:00:00,66,0.0,20,36,148,1.1
Apolo Chupiluzani,2026-09-28 14:00:00,69,0.0,22,36,131,1.7
Apolo Chupiluzani,2026-09-28 14:00:00,72,0.0,23,56,107,2.4
Apolo Chupiluzani,2026-09-28 14:00:00,75,0.0,23,55,80,1.7
Apolo Chupiluzani,2026-09-28 14:00:00,78,2.1,22,89,42,1.0
Apolo Chupiluzani,2026-09-28 14:00:00,81,1.5,20,89,116,0.9
Apolo Chupiluzani,2026-09-28 14:00:00,84,0.0,19,36,186,0.7
Apolo Chupiluzani,2026-09-28 14:00:00,87,0.0,19,36,214,0.9
Apolo Chupiluzani,2026-09-28 14:00:00,90,0.0,21,36,254,0.6
Apolo Chupiluzani,2026-09-28 14:00:00,93,0.0,23,36,330,1.5
Apolo Chupiluzani,2026-09-28 14:00:00,96,0.0,25,36,41,2.4
Apolo Chupiluzani,2026-09-28 14:00:00,99,0.0,25,36,31,1.9
Apolo Chupiluzani,2026-09-28 14:00:00,102,0.0,23,36,17,1.3
Apolo Chupiluzani,2026-09-28 14:00:00,105,0.0,21,36,6,1.4
Apolo Chupiluzani,2026-09-28 14:00:00,108,0.0,19,36,345,1.3
Ascencion de Guarayos,2026-09-28 14:00:00,3,0.0,37,36,330,2.4
Ascencion de Guarayos,2026-09-28 14:00:00,6,0.0,32,26,329,1.5
Ascencion de Guarayos,2026-09-28 14:00:00,9,0.0,29,25,329,2.1
Ascencion de Guarayos,2026-09-28 14:00:00,12,0.0,23,26,320,2.6
Ascencion de Guarayos,2026-09-28 14:00:00,15,0.0,23,26,339,2.5
Ascencion de Guarayos,2026-09-28 14:00:00,18,0.0,29,26,319,3.3
Ascencion de Guarayos,2026-09-28 14:00:00,21,0.0,32,26,329,3.6
Ascencion de Guarayos,2026-09-28 14:00:00,24,0.0,36,36,330,3.9
Ascencion de Guarayos,2026-09-28 14:00:00,27,0.0,36,36,350,3.4
Ascencion de Guarayos,2026-09-28 14:00:00,30,0.0,28,56,10,2.7
Ascencion de Guarayos,2026-09-28 14:00:00,33,0.0,26,56,98,2.0
Ascencion de Guarayos,2026-09-28 14:00:00,36,0.0,21,56,181,1.3
Ascencion de Guarayos,2026-09-28 14:00:00,39,3.0,21,89,200,1.7
Ascencion de Guarayos,2026-09-28 14:00:00,42,2.4,22,89,170,1.9
Ascencion de Guarayos,2026-09-28 14:00:00,45,4.3,24,90,160,2.3
Ascencion de Guarayos,2026-09-28 14:00:00,48,3.3,26,90,150,2.6
Ascencion de Guarayos,2026-09-28 14:00:00,51,4.8,26,89,150,2.2
Ascencion de Guarayos,2026-09-28 14:00:00,54,1.6,24,89,140,1.9
Ascencion de Guarayos,2026-09-28 14:00:00,57,2.0,23,89,120,1.6
Ascencion de Guarayos,2026-09-28 14:00:00,60,1.5,20,89,100,1.4
Ascencion de Guarayos,2026-09-28 14:00:00,63,0.5,20,89,129,1.0
Ascencion de Guarayos,2026-09-28 14:00:00,66,1.1,21,88,175,0.9
Ascencion de Guarayos,2026-09-28 14:00:00,69,1.4,22,89,164,1.6
Ascencion de Guarayos,2026-09-28 14:00:00,72,1.9,23,89,149,2.3
Ascencion de Guarayos,2026-09-28 14:00:00,75,2.0,23,89,120,1.8
Ascencion de Guarayos,2026-09-28 14:00:00,78,0.0,22,56,90,1.3
Ascencion de Guarayos,2026-09-28 14:00:00,81,0.0,21,57,120,1.1
Ascencion de Guarayos,2026-09-28 14:00:00,84,0.0,20,57,145,1.0
Ascencion de Guarayos,2026-09-28 14:00:00,87,0.0,20,56,96,1.0
Ascencion de Guarayos,2026-09-28 14:00:00,90,0.0,22,56,130,1.4
Ascencion de Guarayos,2026-09-28 14:00:00,93,0.0,24,56,85,1.8
Ascencion de Guarayos,2026-09-28 14:00:00,96,0.0,26,56,35,2.2
Ascencion de Guarayos,2026-09-28 14:00:00,99,0.0,26,56,30,2.1
Ascencion de Guarayos,2026-09-28 14:00:00,102,0.0,23,56,16,2.1
Ascencion de Guarayos,2026-09-28 14:00:00,105,0.0,21,56,6,1.5
Ascencion de Guarayos,2026-09-28 14:00:00,108,0.0,20,56,350,1.0
Baures,2026-09-28 14:00:00,3,0.0,37,36,350,6.3
Baures,2026-09-28 14:00:00,6,0.0,30,26,29,7.0
Baures,2026-09-28 14:00:00,9,0.0,27,26,360,5.3
Baures,2026-09-28 14:00:00,12,0.0,24,36,330,3.5
Baures,2026-09-28 14:00:00,15,0.0,24,36,330,4.1
Baures,2026-09-28 14:00:00,18,0.0,28,36,310,5.5
Baures,2026-09-28 14:00:00,21,0.0,32,36,320,5.5
Baures,2026-09-28 14:00:00,24,0.0,35,56,320,5.5
Baures,2026-09-28 14:00:00,27,0.0,35,56,314,4.7
Baures,2026-09-28 14:00:00,30,0.0,30,56,304,4.0
Baures,2026-09-28 14:00:00,33,0.0,26,56,289,2.8
Baures,2026-09-28 14:00:00,36,0.0,23,56,273,1.7
Baures,2026-09-28 14:00:00,39,4.5,23,89,210,2.8
Baures,2026-09-28 14:00:00,42,2.1,24,90,174,2.8
Baures,2026-09-28 14:00:00,45,3.8,27,89,184,2.7
Baures,2026-09-28 14:00:00,48,2.2,34,90,190,2.6
Baures,2026-09-28 14:00:00,51,3.7,34,90,170,3.7
Baures,2026-09-28 14:00:00,54,3.6,27,89,140,4.9
Baures,2026-09-28 14:00:00,57,3.8,26,89,110,3.8
Baures,2026-09-28 14:00:00,60,0.0,22,57,80,2.7
Baures,2026-09-28 14:00:00,63,0.0,22,57,165,1.8
Baures,2026-09-28 14:00:00,66,0.0,24,55,145,2.2
Baures,2026-09-28 14:00:00,69,0.0,25,56,139,2.4
Baures,2026-09-28 14:00:00,72,1.3,29,89,134,2.7
Baures,2026-09-28 14:00:00,75,2.2,29,89,119,2.6
Baures,2026-09-28 14:00:00,78,0.0,28,56,96,2.4
Baures,2026-09-28 14:00:00,81,0.0,26,56,110,2.3
Baures,2026-09-28 14:00:00,84,0.0,23,56,120,2.2
Baures,2026-09-28 14:00:00,87,0.0,23,56,209,1.5
Baures,2026-09-28 14:00:00,90,0.0,26,56,197,1.2
Baures,2026-09-28 14:00:00,93,0.0,28,56,112,1.6
Baures,2026-09-28 14:00:00,96,0.0,33,36,34,2.2
Baures,2026-09-28 14:00:00,99,0.0,33,37,30,2.0
Baures,2026-09-28 14:00:00,102,0.0,31,36,16,1.8
Baures,2026-09-28 14:00:00,105,0.0,28,36,356,1.8
Baures,2026-09-28 14:00:00,108,0.0,24,37,330,1.8
Bolpebra - PD,2026-09-28 14:00:00,3,0.0,36,36,350,1.8
Bolpebra - PD,2026-09-28 14:00:00,6,0.0,30,36,23,1.5
Bolpebra - PD,2026-09-28 14:00:00,9,0.0,27,36,344,1.4
Bolpebra - PD,2026-09-28 14:00:00,12,0.0,21,36,304,1.2
Bolpebra - PD,2026-09-28 14:00:00,15,0.0,21,36,320,1.9
Bolpebra - PD,2026-09-28 14:00:00,18,0.0,27,36,320,2.3
Bolpebra - PD,2026-09-28 14:00:00,21,0.0,30,36,330,2.6
Bolpebra - PD,2026-09-28 14:00:00,24,3.2,35,90,330,2.9
Bolpebra - PD,2026-09-28 14:00:00,27,3.8,35,89,7,2.8
Bolpebra - PD,2026-09-28 14:00:00,30,0.0,28,56,45,2.6
Bolpebra - PD,2026-09-28 14:00:00,33,0.0,24,56,75,1.7
Bolpebra - PD,2026-09-28 14:00:00,36,0.0,20,56,97,0.7
Bolpebra - PD,2026-09-28 14:00:00,39,2.6,20,89,349,0.5
Bolpebra - PD,2026-09-28 14:00:00,42,2.6,24,89,52,0.5
Bolpebra - PD,2026-09-28 14:00:00,45,3.4,27,89,36,0.8
Bolpebra - PD,2026-09-28 14:00:00,48,2.7,30,90,238,1.1
Bolpebra - PD,2026-09-28 14:00:00,51,3.0,30,89,243,1.0
Bolpebra - PD,2026-09-28 14:00:00,54,3.4,27,89,242,0.9
Bolpebra - PD,2026-09-28 14:00:00,57,2.9,25,89,187,1.3
Bolpebra - PD,2026-09-28 14:00:00,60,1.1,20,89,130,1.6
Bolpebra - PD,2026-09-28 14:00:00,63,1.9,20,89,130,1.5
Bolpebra - PD,2026-09-28 14:00:00,66,2.2,24,89,120,1.8
Bolpebra - PD,2026-09-28 14:00:00,69,1.5,27,89,123,1.6
Bolpebra - PD,2026-09-28 14:00:00,72,1.1,32,89,123,1.5
Bolpebra - PD,2026-09-28 14:00:00,75,2.0,32,89,123,1.7
Bolpebra - PD,2026-09-28 14:00:00,78,2.0,27,89,120,1.9
Bolpebra - PD,2026-09-28 14:00:00,81,0.9,23,89,140,1.5
Bolpebra - PD,2026-09-28 14:00:00,84,0.0,20,56,160,1.2
Bolpebra - PD,2026-09-28 14:00:00,87,0.0,20,56,143,1.0
Bolpebra - PD,2026-09-28 14:00:00,90,0.0,23,57,133,1.1
Bolpebra - PD,2026-09-28 14:00:00,93,0.0,28,56,210,1.0
Bolpebra - PD,2026-09-28 14:00:00,96,0.0,31,56,288,1.0
Bolpebra - PD,2026-09-28 14:00:00,99,0.0,32,56,318,1.0
Bolpebra - PD,2026-09-28 14:00:00,102,0.0,29,56,340,1.0
Bolpebra - PD,2026-09-28 14:00:00,105,0.0,26,56,314,1.0
Bolpebra - PD,2026-09-28 14:00:00,108,0.0,24,56,284,1.0
Bulo Bulo,2026-09-28 14:00:00,3,0.0,34,36,330,3.8
Bulo Bulo,2026-09-28 14:00:00,6,0.0,29,36,328,3.0
Bulo Bulo,2026-09-28 14:00:00,9,0.0,26,36,302,2.1
Bulo Bulo,2026-09-28 14:00:00,12,0.0,22,37,274,1.3
Bulo Bulo,2026-09-28 14:00:00,15,0.0,22,37,300,2.0
Bulo Bulo,2026-09-28 14:00:00,18,0.0,24,37,320,2.4
Bulo Bulo,2026-09-28 14:00:00,21,0.0,27,37,310,3.2
Bulo Bulo,2026-09-28 14:00:00,24,0.8,32,83,292,4.0
Bulo Bulo,2026-09-28 14:00:00,27,3.9,32,84,8,3.0
Bulo Bulo,2026-09-28 14:00:00,30,0.0,27,57,84,2.0
Bulo Bulo,2026-09-28 14:00:00,33,0.0,23,57,101,1.3
Bulo Bulo,2026-09-28 14:00:00,36,0.0,21,57,109,0.7
Bulo Bulo,2026-09-28 14:00:00,39,0.8,21,89,32,1.4
Bulo Bulo,2026-09-28 14:00:00,42,0.8,23,89,23,1.2
Bulo Bulo,2026-09-28 14:00:00,45,0.8,25,89,95,1.0
Bulo Bulo,2026-09-28 14:00:00,48,0.8,27,89,164,0.9
Bulo Bulo,2026-09-28 14:00:00,51,0.8,27,89,96,0.7
Bulo Bulo,2026-09-28 14:00:00,54,0.0,25,56,26,0.6
Bulo Bulo,2026-09-28 14:00:00,57,0.0,23,56,352,0.6
Bulo Bulo,2026-09-28 14:00:00,60,0.0,21,56,317,0.5
Bulo Bulo,2026-09-28 14:00:00,63,0.0,21,57,120,0.9
Bulo Bulo,2026-09-28 14:00:00,66,0.0,23,57,110,0.8
Bulo Bulo,2026-09-28 14:00:00,69,0.0,25,57,62,0.9
Bulo Bulo,2026-09-28 14:00:00,72,0.0,29,56,4,1.1
Bulo Bulo,2026-09-28 14:00:00,75,0.0,29,56,70,1.0
Bulo Bulo,2026-09-28 14:00:00,78,1.2,25,89,126,0.9
Bulo Bulo,2026-09-28 14:00:00,81,1.8,23,88,156,0.8
Bulo Bulo,2026-09-28 14:00:00,84,0.0,21,57,186,0.6
Bulo Bulo,2026-09-28 14:00:00,87,0.0,21,57,134,0.3
Bulo Bulo,2026-09-28 14:00:00,90,0.0,24,57,98,0.3
Bulo Bulo,2026-09-28 14:00:00,93,0.0,27,56,48,0.7
Bulo Bulo,2026-09-28 14:00:00,96,0.0,30,37,350,1.0
Bulo Bulo,2026-09-28 14:00:00,99,0.0,30,37,280,0.9
Bulo Bulo,2026-09-28 14:00:00,102,0.0,24,57,210,0.8
Bulo Bulo,2026-09-28 14:00:00,105,0.0,22,57,244,0.9
Bulo Bulo,2026-09-28 14:00:00,108,0.0,21,57,276,0.9
Camargo,2026-09-28 14:00:00,3,0.0,32,26,18,5.7
Camargo,2026-09-28 14:00:00,6,0.0,21,26,18,4.6
Camargo,2026-09-28 14:00:00,9,0.0,15,25,28,3.4
Camargo,2026-09-28 14:00:00,12,0.0,13,37,36,2.0
Camargo,2026-09-28 14:00:00,15,0.0,13,37,298,3.0
Camargo,2026-09-28 14:00:00,18,0.0,15,37,278,3.6
Camargo,2026-09-28 14:00:00,21,0.0,21,37,271,3.8
Camargo,2026-09-28 14:00:00,24,1.0,25,84,264,3.9
Camargo,2026-09-28 14:00:00,27,5.2,25,84,243,3.9
Camargo,2026-09-28 14:00:00,30,5.2,22,89,213,4.0
Camargo,2026-09-28 14:00:00,33,3.8,17,89,308,2.8
Camargo,2026-09-28 14:00:00,36,5.2,12,89,19,1.7
Camargo,2026-09-28 14:00:00,39,0.0,12,55,16,2.1
Camargo,2026-09-28 14:00:00,42,0.0,15,55,326,2.6
Camargo,2026-09-28 14:00:00,45,0.0,17,55,247,4.7
Camargo,2026-09-28 14:00:00,48,0.0,20,55,166,6.8
Camargo,2026-09-28 14:00:00,51,0.0,20,56,142,5.2
Camargo,2026-09-28 14:00:00,54,0.0,16,55,107,3.6
Camargo,2026-09-28 14:00:00,57,0.0,13,55,42,2.2
Camargo,2026-09-28 14:00:00,60,0.0,11,26,328,0.8
Camargo,2026-09-28 14:00:00,63,0.0,11,26,116,1.9
Camargo,2026-09-28 14:00:00,66,0.0,13,26,137,2.2
Camargo,2026-09-28 14:00:00,69,0.0,15,26,126,4.8
Camargo,2026-09-28 14:00:00,72,0.0,20,36,107,7.5
Camargo,2026-09-28 14:00:00,75,0.0,20,36,97,5.6
Camargo,2026-09-28 14:00:00,78,0.0,14,37,87,3.6
Camargo,2026-09-28 14:00:00,81,0.0,12,36,45,2.2
Camargo,2026-09-28 14:00:00,84,0.0,9,37,2,0.7
Camargo,2026-09-28 14:00:00,87,0.0,9,37,236,0.8
Camargo,2026-09-28 14:00:00,90,0.0,12,37,311,0.7
Camargo,2026-09-28 14:00:00,93,0.0,15,37,320,1.1
Camargo,2026-09-28 14:00:00,96,0.0,21,37,319,1.6
Camargo,2026-09-28 14:00:00,99,0.0,21,37,25,2.4
Camargo,2026-09-28 14:00:00,102,0.0,18,37,75,3.1
Camargo,2026-09-28 14:00:00,105,0.0,14,37,359,3.0
Camargo,2026-09-28 14:00:00,108,0.0,11,37,289,2.9
Camiri,2026-09-28 14:00:00,3,0.0,40,26,20,8.1
Camiri,2026-09-28 14:00:00,6,0.0,31,26,10,8.6
Camiri,2026-09-28 14:00:00,9,0.0,25,26,10,7.2
Camiri,2026-09-28 14:00:00,12,0.0,20,56,360,5.8
Camiri,2026-09-28 14:00:00,15,0.0,20,56,323,3.9
Camiri,2026-09-28 14:00:00,18,0.0,24,56,276,1.5
Camiri,2026-09-28 14:00:00,21,0.0,28,56,220,4.0
Camiri,2026-09-28 14:00:00,24,4.3,32,89,154,6.5
Camiri,2026-09-28 14:00:00,27,4.3,32,89,148,4.8
Camiri,2026-09-28 14:00:00,30,5.2,25,88,140,3.2
Camiri,2026-09-28 14:00:00,33,5.2,22,88,150,3.0
Camiri,2026-09-28 14:00:00,36,5.2,15,88,160,2.8
Camiri,2026-09-28 14:00:00,39,0.0,15,56,150,1.6
Camiri,2026-09-28 14:00:00,42,0.0,18,56,200,1.5
Camiri,2026-09-28 14:00:00,45,0.0,20,56,170,1.9
Camiri,2026-09-28 14:00:00,48,0.0,23,56,130,2.4
Camiri,2026-09-28 14:00:00,51,0.0,23,56,90,1.6
Camiri,2026-09-28 14:00:00,54,0.0,20,56,40,0.9
Camiri,2026-09-28 14:00:00,57,0.0,18,56,323,0.9
Camiri,2026-09-28 14:00:00,60,0.0,15,56,245,0.9
Camiri,2026-09-28 14:00:00,63,0.0,15,57,161,0.8
Camiri,2026-09-28 14:00:00,66,0.0,17,57,141,0.7
Camiri,2026-09-28 14:00:00,69,0.0,19,56,140,1.7
Camiri,2026-09-28 14:00:00,72,0.0,22,56,130,2.7
Camiri,2026-09-28 14:00:00,75,0.0,22,56,110,2.1
Camiri,2026-09-28 14:00:00,78,1.6,20,89,90,1.5
Camiri,2026-09-28 14:00:00,81,2.0,18,89,39,0.9
Camiri,2026-09-28 14:00:00,84,0.0,16,56,342,0.4
Camiri,2026-09-28 14:00:00,87,0.0,16,56,29,0.7
Camiri,2026-09-28 14:00:00,90,0.0,19,56,80,0.6
Camiri,2026-09-28 14:00:00,93,0.0,21,56,70,1.7
Camiri,2026-09-28 14:00:00,96,0.0,23,56,59,2.8
Camiri,2026-09-28 14:00:00,99,0.0,24,56,40,3.2
Camiri,2026-09-28 14:00:00,102,0.0,21,56,11,3.5
Camiri,2026-09-28 14:00:00,105,0.0,20,56,354,2.2
Camiri,2026-09-28 14:00:00,108,0.0,17,56,334,0.8
Campanario,2026-09-28 14:00:00,3,0.0,23,36,54,2.9
Campanario,2026-09-28 14:00:00,6,0.0,12,56,104,1.8
Campanario,2026-09-28 14:00:00,9,0.0,8,56,106,1.8
Campanario,2026-09-28 14:00:00,12,0.0,1,56,107,1.7
Campanario,2026-09-28 14:00:00,15,0.0,1,56,33,2.2
Campanario,2026-09-28 14:00:00,18,0.0,6,57,290,2.7
Campanario,2026-09-28 14:00:00,21,0.0,10,56,263,3.6
Campanario,2026-09-28 14:00:00,24,2.0,14,89,233,4.5
Campanario,2026-09-28 14:00:00,27,3.4,14,89,174,3.8
Campanario,2026-09-28 14:00:00,30,2.7,11,89,73,3.2
Campanario,2026-09-28 14:00:00,33,2.7,6,89,79,3.1
Campanario,2026-09-28 14:00:00,36,3.5,2,89,79,3.0
Campanario,2026-09-28 14:00:00,39,0.0,2,56,73,2.7
Campanario,2026-09-28 14:00:00,42,0.0,6,56,77,2.8
Campanario,2026-09-28 14:00:00,45,0.0,9,56,104,2.5
Campanario,2026-09-28 14:00:00,48,0.0,13,36,127,2.3
Campanario,2026-09-28 14:00:00,51,0.0,13,36,110,2.5
Campanario,2026-09-28 14:00:00,54,3.1,8,90,89,2.8
Campanario,2026-09-28 14:00:00,57,3.1,6,90,69,2.1
Campanario,2026-09-28 14:00:00,60,0.0,0,36,290,1.5
Campanario,2026-09-28 14:00:00,63,0.0,0,36,75,1.6
Campanario,2026-09-28 14:00:00,66,0.0,5,36,75,2.0
Campanario,2026-09-28 14:00:00,69,0.0,10,36,81,3.3
Campanario,2026-09-28 14:00:00,72,0.0,12,36,85,4.7
Campanario,2026-09-28 14:00:00,75,0.0,12,36,83,4.1
Campanario,2026-09-28 14:00:00,78,0.0,8,56,79,3.6
Campanario,2026-09-28 14:00:00,81,0.0,0,56,20,2.7
Campanario,2026-09-28 14:00:00,84,0.0,0,26,311,1.8
Campanario,2026-09-28 14:00:00,87,0.0,7,26,308,1.0
Campanario,2026-09-28 14:00:00,90,0.0,8,26,306,1.3
Campanario,2026-09-28 14:00:00,93,0.0,12,26,359,2.5
Campanario,2026-09-28 14:00:00,96,0.0,18,26,48,3.7
Campanario,2026-09-28 14:00:00,99,0.0,18,26,51,3.3
Campanario,2026-09-28 14:00:00,102,0.0,13,36,49,2.9
Campanario,2026-09-28 14:00:00,105,0.0,9,36,347,2.7
Campanario,2026-09-28 14:00:00,108,0.0,7,36,251,2.4
Carura,2026-09-28 14:00:00,3,2.5,35,76,328,1.9
Carura,2026-09-28 14:00:00,6,2.1,30,77,280,1.0
Carura,2026-09-28 14:00:00,9,1.8,26,76,290,0.9
Carura,2026-09-28 14:00:00,12,0.0,22,36,300,0.9
Carura,2026-09-28 14:00:00,15,0.0,22,36,332,0.8
Carura,2026-09-28 14:00:00,18,0.0,25,36,55,0.5
Carura,2026-09-28 14:00:00,21,0.0,29,37,101,1.8
Carura,2026-09-28 14:00:00,24,4.2,32,84,100,3.0
Carura,2026-09-28 14:00:00,27,4.2,32,85,170,2.0
Carura,2026-09-28 14:00:00,30,3.8,26,89,233,1.0
Carura,2026-09-28 14:00:00,33,2.4,24,90,160,0.9
Carura,2026-09-28 14:00:00,36,4.0,21,90,87,0.7
Carura,2026-09-28 14:00:00,39,0.0,21,56,145,0.8
Carura,2026-09-28 14:00:00,42,0.0,23,57,100,0.9
Carura,2026-09-28 14:00:00,45,0.0,24,56,81,1.6
Carura,2026-09-28 14:00:00,48,1.6,26,89,61,2.4
Carura,2026-09-28 14:00:00,51,3.5,26,89,71,1.6
Carura,2026-09-28 14:00:00,54,0.0,25,56,72,0.9
Carura,2026-09-28 14:00:00,57,0.0,24,56,84,0.7
Carura,2026-09-28 14:00:00,60,0.0,23,36,92,0.5
Carura,2026-09-28 14:00:00,63,0.0,23,36,327,0.5
Carura,2026-09-28 14:00:00,66,0.0,24,36,27,0.3
Carura,2026-09-28 14:00:00,69,0.0,26,36,45,1.1
Carura,2026-09-28 14:00:00,72,0.0,28,56,62,2.0
Carura,2026-09-28 14:00:00,75,0.0,27,56,0,1.4
Carura,2026-09-28 14:00:00,78,2.2,26,90,266,0.7
Carura,2026-09-28 14:00:00,81,2.1,24,89,273,0.7
Carura,2026-09-28 14:00:00,84,0.0,23,36,268,0.6
Carura,2026-09-28 14:00:00,87,0.0,23,36,240,0.6
Carura,2026-09-28 14:00:00,90,0.0,24,36,275,0.8
Carura,2026-09-28 14:00:00,93,0.0,27,37,355,1.5
Carura,2026-09-28 14:00:00,96,0.0,30,36,72,2.2
Carura,2026-09-28 14:00:00,99,0.0,29,36,96,1.4
Carura,2026-09-28 14:00:00,102,0.0,27,36,112,0.6
Carura,2026-09-28 14:00:00,105,0.0,25,36,172,0.6
Carura,2026-09-28 14:00:00,108,0.0,22,35,221,0.5
Chacala (INIAF),2026-09-28 14:00:00,3,0.0,19,36,335,7.5
Chacala (INIAF),2026-09-28 14:00:00,6,0.0,12,56,329,6.0
Chacala (INIAF),2026-09-28 14:00:00,9,0.0,7,56,329,4.3
Chacala (INIAF),2026-09-28 14:00:00,12,0.0,4,56,325,2.6
Chacala (INIAF),2026-09-28 14:00:00,15,0.0,4,57,288,4.7
Chacala (INIAF),2026-09-28 14:00:00,18,0.0,6,56,300,2.3
Chacala (INIAF),2026-09-28 14:00:00,21,0.0,8,56,310,4.7
Chacala (INIAF),2026-09-28 14:00:00,24,2.9,16,89,315,7.0
Chacala (INIAF),2026-09-28 14:00:00,27,2.5,16,89,325,7.3
Chacala (INIAF),2026-09-28 14:00:00,30,2.6,12,89,335,7.7
Chacala (INIAF),2026-09-28 14:00:00,33,2.6,8,89,313,6.9
Chacala (INIAF),2026-09-28 14:00:00,36,2.4,6,89,286,6.1
Chacala (INIAF),2026-09-28 14:00:00,39,0.0,5,36,276,7.5
Chacala (INIAF),2026-09-28 14:00:00,42,0.0,9,36,276,7.2
Chacala (INIAF),2026-09-28 14:00:00,45,0.0,11,36,276,8.1
Chacala (INIAF),2026-09-28 14:00:00,48,0.0,14,56,266,9.0
Chacala (INIAF),2026-09-28 14:00:00,51,0.0,14,56,266,8.3
Chacala (INIAF),2026-09-28 14:00:00,54,0.0,10,36,266,7.5
Chacala (INIAF),2026-09-28 14:00:00,57,0.0,8,36,306,4.7
Chacala (INIAF),2026-09-28 14:00:00,60,0.0,4,26,346,1.8
Chacala (INIAF),2026-09-28 14:00:00,63,0.0,4,26,245,1.4
Chacala (INIAF),2026-09-28 14:00:00,66,0.0,5,26,185,1.3
Chacala (INIAF),2026-09-28 14:00:00,69,0.0,9,26,165,2.4
Chacala (INIAF),2026-09-28 14:00:00,72,0.0,14,26,137,3.6
Chacala (INIAF),2026-09-28 14:00:00,75,0.0,14,27,106,3.6
Chacala (INIAF),2026-09-28 14:00:00,78,0.0,11,26,67,3.5
Chacala (INIAF),2026-09-28 14:00:00,81,0.0,8,26,98,2.7
Chacala (INIAF),2026-09-28 14:00:00,84,0.0,4,26,129,1.8
Chacala (INIAF),2026-09-28 14:00:00,87,0.0,4,26,227,1.7
Chacala (INIAF),2026-09-28 14:00:00,90,0.0,8,26,281,1.6
Chacala (INIAF),2026-09-28 14:00:00,93,0.0,11,26,277,4.6
Chacala (INIAF),2026-09-28 14:00:00,96,0.0,14,37,270,7.6
Chacala (INIAF),2026-09-28 14:00:00,99,0.0,14,36,273,7.7
Chacala (INIAF),2026-09-28 14:00:00,102,0.0,9,27,273,7.7
Chacala (INIAF),2026-09-28 14:00:00,105,0.0,6,26,303,5.5
Chacala (INIAF),2026-09-28 14:00:00,108,0.0,4,26,326,3.3
Charazani,2026-09-28 14:00:00,3,0.0,25,56,62,3.0
Charazani,2026-09-28 14:00:00,6,0.0,18,56,42,1.8
Charazani,2026-09-28 14:00:00,9,0.0,11,56,25,1.3
Charazani,2026-09-28 14:00:00,12,4.4,6,89,358,0.8
Charazani,2026-09-28 14:00:00,15,3.9,6,90,28,1.3
Charazani,2026-09-28 14:00:00,18,4.9,9,89,46,1.5
Charazani,2026-09-28 14:00:00,21,3.3,16,89,45,2.2
Charazani,2026-09-28 14:00:00,24,3.2,21,89,38,3.0
Charazani,2026-09-28 14:00:00,27,3.4,21,89,322,3.4
Charazani,2026-09-28 14:00:00,30,1.6,14,89,243,3.7
Charazani,2026-09-28 14:00:00,33,5.0,8,89,253,4.2
Charazani,2026-09-28 14:00:00,36,3.1,6,89,262,4.6
Charazani,2026-09-28 14:00:00,39,0.0,6,56,262,3.9
Charazani,2026-09-28 14:00:00,42,0.0,8,56,271,4.7
Charazani,2026-09-28 14:00:00,45,0.0,14,56,272,4.2
Charazani,2026-09-28 14:00:00,48,0.0,17,36,272,3.8
Charazani,2026-09-28 14:00:00,51,0.0,17,36,203,2.4
Charazani,2026-09-28 14:00:00,54,0.0,15,37,131,1.0
Charazani,2026-09-28 14:00:00,57,0.0,10,36,203,2.7
Charazani,2026-09-28 14:00:00,60,0.0,7,26,264,4.3
Charazani,2026-09-28 14:00:00,63,0.0,7,25,269,3.7
Charazani,2026-09-28 14:00:00,66,0.0,10,26,259,3.8
Charazani,2026-09-28 14:00:00,69,0.0,13,26,249,4.2
Charazani,2026-09-28 14:00:00,72,0.0,18,35,230,4.5
Charazani,2026-09-28 14:00:00,75,0.0,18,36,152,3.7
Charazani,2026-09-28 14:00:00,78,0.0,13,36,60,2.9
Charazani,2026-09-28 14:00:00,81,0.0,10,36,3,1.9
Charazani,2026-09-28 14:00:00,84,0.0,7,26,305,0.9
Charazani,2026-09-28 14:00:00,87,0.0,7,27,301,2.2
Charazani,2026-09-28 14:00:00,90,0.0,9,25,270,3.5
Charazani,2026-09-28 14:00:00,93,0.0,14,27,213,2.6
Charazani,2026-09-28 14:00:00,96,0.0,19,25,147,1.7
Charazani,2026-09-28 14:00:00,99,0.0,19,26,83,1.6
Charazani,2026-09-28 14:00:00,102,0.0,16,26,19,1.4
Charazani,2026-09-28 14:00:00,105,0.0,12,26,322,3.0
Charazani,2026-09-28 14:00:00,108,0.0,8,26,265,4.6
Chipaya,2026-09-28 14:00:00,3,0.0,23,37,300,4.6
Chipaya,2026-09-28 14:00:00,6,0.0,16,56,258,5.0
Chipaya,2026-09-28 14:00:00,9,0.0,9,56,244,4.7
Chipaya,2026-09-28 14:00:00,12,0.0,5,57,220,4.4
Chipaya,2026-09-28 14:00:00,15,0.0,5,56,170,4.4
Chipaya,2026-09-28 14:00:00,18,0.0,8,56,100,2.0
Chipaya,2026-09-28 14:00:00,21,0.0,11,56,60,3.2
Chipaya,2026-09-28 14:00:00,24,2.9,13,89,20,4.4
Chipaya,2026-09-28 14:00:00,27,0.9,13,89,310,3.5
Chipaya,2026-09-28 14:00:00,30,4.0,10,89,234,2.6
Chipaya,2026-09-28 14:00:00,33,4.6,7,88,244,2.3
Chipaya,2026-09-28 14:00:00,36,0.9,5,89,254,2.0
Chipaya,2026-09-28 14:00:00,39,0.0,5,57,246,3.8
Chipaya,2026-09-28 14:00:00,42,0.0,7,56,256,2.8
Chipaya,2026-09-28 14:00:00,45,0.0,9,56,260,5.8
Chipaya,2026-09-28 14:00:00,48,0.0,11,56,260,8.9
Chipaya,2026-09-28 14:00:00,51,0.0,11,56,250,8.2
Chipaya,2026-09-28 14:00:00,54,0.0,8,57,230,7.6
Chipaya,2026-09-28 14:00:00,57,0.0,5,56,254,5.3
Chipaya,2026-09-28 14:00:00,60,0.0,3,26,274,2.9
Chipaya,2026-09-28 14:00:00,63,0.0,3,27,210,3.1
Chipaya,2026-09-28 14:00:00,66,0.0,5,27,204,2.7
Chipaya,2026-09-28 14:00:00,69,0.0,9,25,218,2.5
Chipaya,2026-09-28 14:00:00,72,0.0,14,26,227,2.2
Chipaya,2026-09-28 14:00:00,75,0.0,14,27,208,2.9
Chipaya,2026-09-28 14:00:00,78,0.0,12,26,186,3.6
Chipaya,2026-09-28 14:00:00,81,0.0,6,26,196,3.3
Chipaya,2026-09-28 14:00:00,84,0.0,2,26,200,3.1
Chipaya,2026-09-28 14:00:00,87,0.0,2,26,258,2.6
Chipaya,2026-09-28 14:00:00,90,0.0,8,26,220,3.2
Chipaya,2026-09-28 14:00:00,93,0.0,11,26,218,2.8
Chipaya,2026-09-28 14:00:00,96,0.0,15,26,217,2.3
Chipaya,2026-09-28 14:00:00,99,0.0,15,26,228,5.2
Chipaya,2026-09-28 14:00:00,102,0.0,10,26,230,7.9
Chipaya,2026-09-28 14:00:00,105,0.0,8,26,236,5.8
Chipaya,2026-09-28 14:00:00,108,0.0,6,26,236,3.7
Cobija,2026-09-28 14:00:00,3,0.0,38,36,327,1.7
Cobija,2026-09-28 14:00:00,6,0.0,32,37,0,2.2
Cobija,2026-09-28 14:00:00,9,0.0,27,36,340,1.7
Cobija,2026-09-28 14:00:00,12,0.0,22,36,320,1.2
Cobija,2026-09-28 14:00:00,15,0.0,22,36,320,1.9
Cobija,2026-09-28 14:00:00,18,0.0,27,36,310,2.3
Cobija,2026-09-28 14:00:00,21,0.0,29,36,320,2.5
Cobija,2026-09-28 14:00:00,24,2.9,36,89,330,2.6
Cobija,2026-09-28 14:00:00,27,3.0,36,89,350,2.1
Cobija,2026-09-28 14:00:00,30,0.0,30,57,6,1.6
Cobija,2026-09-28 14:00:00,33,0.0,25,56,90,1.4
Cobija,2026-09-28 14:00:00,36,0.0,22,56,171,1.1
Cobija,2026-09-28 14:00:00,39,3.4,22,90,70,1.3
Cobija,2026-09-28 14:00:00,42,2.6,27,89,90,0.5
Cobija,2026-09-28 14:00:00,45,4.5,29,90,43,0.6
Cobija,2026-09-28 14:00:00,48,3.2,35,88,356,0.7
Cobija,2026-09-28 14:00:00,51,4.4,35,89,53,1.7
Cobija,2026-09-28 14:00:00,54,4.5,27,89,100,2.8
Cobija,2026-09-28 14:00:00,57,2.3,26,89,120,2.3
Cobija,2026-09-28 14:00:00,60,2.1,22,89,130,2.0
Cobija,2026-09-28 14:00:00,63,1.1,22,89,130,1.6
Cobija,2026-09-28 14:00:00,66,1.7,24,89,130,1.6
Cobija,2026-09-28 14:00:00,69,1.3,27,89,144,1.5
Cobija,2026-09-28 14:00:00,72,1.0,36,88,153,1.3
Cobija,2026-09-28 14:00:00,75,1.1,36,89,140,1.5
Cobija,2026-09-28 14:00:00,78,2.5,32,89,120,1.7
Cobija,2026-09-28 14:00:00,81,1.4,27,89,150,1.5
Cobija,2026-09-28 14:00:00,84,0.0,22,56,170,1.3
Cobija,2026-09-28 14:00:00,87,0.0,22,56,160,1.0
Cobija,2026-09-28 14:00:00,90,0.0,26,56,150,1.2
Cobija,2026-09-28 14:00:00,93,0.0,30,56,77,0.8
Cobija,2026-09-28 14:00:00,96,0.0,36,56,0,0.4
Cobija,2026-09-28 14:00:00,99,0.0,36,56,13,0.7
Cobija,2026-09-28 14:00:00,102,0.0,34,56,20,1.0
Cobija,2026-09-28 14:00:00,105,0.0,30,56,330,0.9
Cobija,2026-09-28 14:00:00,108,0.0,26,56,280,0.8
Cochabamba - Aeropuerto,2026-09-28 14:00:00,3,0.0,30,36,286,2.1
Cochabamba - Aeropuerto,2026-09-28 14:00:00,6,0.0,23,26,246,2.2
Cochabamba - Aeropuerto,2026-09-28 14:00:00,9,0.0,21,26,257,2.2
Cochabamba - Aeropuerto,2026-09-28 14:00:00,12,0.0,14,36,263,2.3
Cochabamba - Aeropuerto,2026-09-28 14:00:00,15,0.0,14,36,286,2.0
Cochabamba - Aeropuerto,2026-09-28 14:00:00,18,0.0,17,37,309,1.8
Cochabamba - Aeropuerto,2026-09-28 14:00:00,21,0.0,21,36,312,2.3
Cochabamba - Aeropuerto,2026-09-28 14:00:00,24,4.8,26,90,313,2.8
Cochabamba - Aeropuerto,2026-09-28 14:00:00,27,4.5,26,89,272,3.0
Cochabamba - Aeropuerto,2026-09-28 14:00:00,30,3.4,17,89,229,3.2
Cochabamba - Aeropuerto,2026-09-28 14:00:00,33,3.6,14,89,229,3.5
Cochabamba - Aeropuerto,2026-09-28 14:00:00,36,4.6,11,89,222,3.9
Cochabamba - Aeropuerto,2026-09-28 14:00:00,39,0.0,11,56,219,2.9
Cochabamba - Aeropuerto,2026-09-28 14:00:00,42,0.0,14,56,210,2.3
Cochabamba - Aeropuerto,2026-09-28 14:00:00,45,0.0,16,56,135,2.0
Cochabamba - Aeropuerto,2026-09-28 14:00:00,48,0.0,23,56,41,1.7
Cochabamba - Aeropuerto,2026-09-28 14:00:00,51,0.0,23,56,88,1.2
Cochabamba - Aeropuerto,2026-09-28 14:00:00,54,0.0,19,56,134,0.7
Cochabamba - Aeropuerto,2026-09-28 14:00:00,57,0.0,16,56,185,1.3
Cochabamba - Aeropuerto,2026-09-28 14:00:00,60,0.0,12,26,226,1.9
Cochabamba - Aeropuerto,2026-09-28 14:00:00,63,0.0,12,26,295,1.2
Cochabamba - Aeropuerto,2026-09-28 14:00:00,66,0.0,19,26,19,1.1
Cochabamba - Aeropuerto,2026-09-28 14:00:00,69,0.0,22,26,49,1.7
Cochabamba - Aeropuerto,2026-09-28 14:00:00,72,0.0,26,36,74,2.2
Cochabamba - Aeropuerto,2026-09-28 14:00:00,75,0.0,26,36,102,1.7
Cochabamba - Aeropuerto,2026-09-28 14:00:00,78,0.0,22,36,246,1.1
Cochabamba - Aeropuerto,2026-09-28 14:00:00,81,0.0,16,36,247,1.5
Cochabamba - Aeropuerto,2026-09-28 14:00:00,84,0.0,10,37,238,1.7
Cochabamba - Aeropuerto,2026-09-28 14:00:00,87,0.0,11,36,311,1.1
Cochabamba - Aeropuerto,2026-09-28 14:00:00,90,0.0,17,36,21,0.9
Cochabamba - Aeropuerto,2026-09-28 14:00:00,93,0.0,23,36,29,1.6
Cochabamba - Aeropuerto,2026-09-28 14:00:00,96,0.0,29,36,36,2.4
Cochabamba - Aeropuerto,2026-09-28 14:00:00,99,0.0,29,36,351,1.9
Cochabamba - Aeropuerto,2026-09-28 14:00:00,102,0.0,26,36,298,1.4
Cochabamba - Aeropuerto,2026-09-28 14:00:00,105,0.0,22,36,272,1.7
Cochabamba - Aeropuerto,2026-09-28 14:00:00,108,0.0,19,37,237,2.1
Cochabamba - Sarco,2026-09-28 14:00:00,3,0.0,34,35,19,4.1
Cochabamba - Sarco,2026-09-28 14:00:00,6,0.0,25,26,18,2.7
Cochabamba - Sarco,2026-09-28 14:00:00,9,0.0,20,26,7,2.9
Cochabamba - Sarco,2026-09-28 14:00:00,12,0.0,15,37,347,2.9
Cochabamba - Sarco,2026-09-28 14:00:00,15,0.0,15,36,350,2.9
Cochabamba - Sarco,2026-09-28 14:00:00,18,0.0,18,35,1,2.8
Cochabamba - Sarco,2026-09-28 14:00:00,21,0.0,22,36,349,4.0
Cochabamba - Sarco,2026-09-28 14:00:00,24,1.0,26,90,330,5.2
Cochabamba - Sarco,2026-09-28 14:00:00,27,3.7,26,89,287,4.5
Cochabamba - Sarco,2026-09-28 14:00:00,30,3.9,20,88,237,3.9
Cochabamba - Sarco,2026-09-28 14:00:00,33,4.3,17,89,247,2.9
Cochabamba - Sarco,2026-09-28 14:00:00,36,1.1,12,89,247,2.0
Cochabamba - Sarco,2026-09-28 14:00:00,39,0.0,12,57,53,1.8
Cochabamba - Sarco,2026-09-28 14:00:00,42,0.0,15,56,335,1.8
Cochabamba - Sarco,2026-09-28 14:00:00,45,0.0,19,56,300,2.2
Cochabamba - Sarco,2026-09-28 14:00:00,48,0.0,24,56,255,2.5
Cochabamba - Sarco,2026-09-28 14:00:00,51,0.0,24,56,303,3.1
Cochabamba - Sarco,2026-09-28 14:00:00,54,0.0,19,56,349,3.7
Cochabamba - Sarco,2026-09-28 14:00:00,57,0.0,15,56,307,2.9
Cochabamba - Sarco,2026-09-28 14:00:00,60,0.0,12,26,257,2.3
Cochabamba - Sarco,2026-09-28 14:00:00,63,0.0,12,26,210,1.3
Cochabamba - Sarco,2026-09-28 14:00:00,66,0.0,19,27,197,1.0
Cochabamba - Sarco,2026-09-28 14:00:00,69,0.0,23,26,165,2.6
Cochabamba - Sarco,2026-09-28 14:00:00,72,0.0,27,36,131,4.1
Cochabamba - Sarco,2026-09-28 14:00:00,75,0.0,27,36,181,2.9
Cochabamba - Sarco,2026-09-28 14:00:00,78,0.0,19,36,224,1.6
Cochabamba - Sarco,2026-09-28 14:00:00,81,0.0,15,36,256,1.8
Cochabamba - Sarco,2026-09-28 14:00:00,84,0.0,10,36,282,2.0
Cochabamba - Sarco,2026-09-28 14:00:00,87,0.0,9,37,262,1.1
Cochabamba - Sarco,2026-09-28 14:00:00,90,0.0,15,36,265,1.0
Cochabamba - Sarco,2026-09-28 14:00:00,93,0.0,20,36,276,1.8
Cochabamba - Sarco,2026-09-28 14:00:00,96,0.0,28,37,279,2.5
Cochabamba - Sarco,2026-09-28 14:00:00,99,0.0,28,37,318,2.8
Cochabamba - Sarco,2026-09-28 14:00:00,102,0.0,24,36,358,3.1
Cochabamba - Sarco,2026-09-28 14:00:00,105,0.0,22,36,328,2.7
Cochabamba - Sarco,2026-09-28 14:00:00,108,0.0,17,36,290,2.3
Concepcion,2026-09-28 14:00:00,3,0.0,38,36,331,4.3
Concepcion,2026-09-28 14:00:00,6,0.0,32,26,326,3.5
Concepcion,2026-09-28 14:00:00,9,0.0,28,26,320,3.5
Concepcion,2026-09-28 14:00:00,12,0.0,23,26,310,3.5
Concepcion,2026-09-28 14:00:00,15,0.0,23,26,320,4.3
Concepcion,2026-09-28 14:00:00,18,0.0,28,26,310,5.6
Concepcion,2026-09-28 14:00:00,21,0.0,31,26,321,5.8
Concepcion,2026-09-28 14:00:00,24,0.0,36,37,331,6.0
Concepcion,2026-09-28 14:00:00,27,0.0,36,36,339,4.2
Concepcion,2026-09-28 14:00:00,30,0.0,29,56,339,2.5
Concepcion,2026-09-28 14:00:00,33,0.0,27,56,279,3.0
Concepcion,2026-09-28 14:00:00,36,0.0,21,56,215,3.6
Concepcion,2026-09-28 14:00:00,39,3.6,21,89,186,3.6
Concepcion,2026-09-28 14:00:00,42,4.3,23,89,166,3.5
Concepcion,2026-09-28 14:00:00,45,4.3,25,89,166,3.9
Concepcion,2026-09-28 14:00:00,48,3.0,26,89,165,4.4
Concepcion,2026-09-28 14:00:00,51,2.1,26,89,161,3.5
Concepcion,2026-09-28 14:00:00,54,3.9,24,89,151,2.7
Concepcion,2026-09-28 14:00:00,57,4.4,21,89,75,2.2
Concepcion,2026-09-28 14:00:00,60,1.7,20,89,344,1.6
Concepcion,2026-09-28 14:00:00,63,2.4,20,89,155,1.4
Concepcion,2026-09-28 14:00:00,66,2.6,21,89,204,1.3
Concepcion,2026-09-28 14:00:00,69,1.1,22,89,179,2.4
Concepcion,2026-09-28 14:00:00,72,1.8,23,89,154,3.4
Concepcion,2026-09-28 14:00:00,75,2.0,23,88,125,2.4
Concepcion,2026-09-28 14:00:00,78,0.0,21,56,97,1.3
Concepcion,2026-09-28 14:00:00,81,0.0,21,56,127,1.4
Concepcion,2026-09-28 14:00:00,84,0.0,20,56,151,1.4
Concepcion,2026-09-28 14:00:00,87,0.0,20,56,185,0.9
Concepcion,2026-09-28 14:00:00,90,0.0,22,56,149,1.5
Concepcion,2026-09-28 14:00:00,93,0.0,24,55,89,2.1
Concepcion,2026-09-28 14:00:00,96,0.0,26,56,19,2.7
Concepcion,2026-09-28 14:00:00,99,0.0,26,55,19,2.3
Concepcion,2026-09-28 14:00:00,102,0.0,24,56,19,1.9
Concepcion,2026-09-28 14:00:00,105,0.0,22,56,359,1.7
Concepcion,2026-09-28 14:00:00,108,0.0,21,56,335,1.5
Cota Cota Baja,2026-09-28 14:00:00,3,0.0,17,56,28,5.2
Cota Cota Baja,2026-09-28 14:00:00,6,0.0,9,56,36,4.6
Cota Cota Baja,2026-09-28 14:00:00,9,0.0,6,56,26,3.9
Cota Cota Baja,2026-09-28 14:00:00,12,4.4,3,89,16,3.2
Cota Cota Baja,2026-09-28 14:00:00,15,1.3,3,89,325,2.3
Cota Cota Baja,2026-09-28 14:00:00,18,2.0,6,89,296,2.1
Cota Cota Baja,2026-09-28 14:00:00,21,3.9,9,89,325,3.6
Cota Cota Baja,2026-09-28 14:00:00,24,2.0,11,89,110,5.1
Cota Cota Baja,2026-09-28 14:00:00,27,5.1,11,89,138,5.7
Cota Cota Baja,2026-09-28 14:00:00,30,3.4,7,88,136,6.3
Cota Cota Baja,2026-09-28 14:00:00,33,4.0,5,89,114,4.2
Cota Cota Baja,2026-09-28 14:00:00,36,4.7,3,88,87,2.2
Cota Cota Baja,2026-09-28 14:00:00,39,0.0,3,57,178,1.6
Cota Cota Baja,2026-09-28 14:00:00,42,0.0,6,57,321,1.9
Cota Cota Baja,2026-09-28 14:00:00,45,0.0,7,56,315,4.3
Cota Cota Baja,2026-09-28 14:00:00,48,0.0,9,36,309,6.6
Cota Cota Baja,2026-09-28 14:00:00,51,0.0,9,37,295,5.5
Cota Cota Baja,2026-09-28 14:00:00,54,0.0,7,36,276,4.3
Cota Cota Baja,2026-09-28 14:00:00,57,0.0,6,36,205,4.1
Cota Cota Baja,2026-09-28 14:00:00,60,0.0,5,26,124,4.0
Cota Cota Baja,2026-09-28 14:00:00,63,0.0,5,26,112,1.9
Cota Cota Baja,2026-09-28 14:00:00,66,0.0,7,26,79,1.2
Cota Cota Baja,2026-09-28 14:00:00,69,0.0,8,26,5,4.1
Cota Cota Baja,2026-09-28 14:00:00,72,0.0,10,36,284,6.9
Cota Cota Baja,2026-09-28 14:00:00,75,0.0,10,36,340,5.5
Cota Cota Baja,2026-09-28 14:00:00,78,0.0,8,36,36,4.1
Cota Cota Baja,2026-09-28 14:00:00,81,0.0,6,36,26,3.1
Cota Cota Baja,2026-09-28 14:00:00,84,0.0,5,26,16,2.2
Cota Cota Baja,2026-09-28 14:00:00,87,0.0,5,26,351,3.0
Cota Cota Baja,2026-09-28 14:00:00,90,0.0,7,26,335,2.7
Cota Cota Baja,2026-09-28 14:00:00,93,0.0,9,26,315,4.3
Cota Cota Baja,2026-09-28 14:00:00,96,0.0,11,26,289,5.9
Cota Cota Baja,2026-09-28 14:00:00,99,0.0,10,26,314,4.6
Cota Cota Baja,2026-09-28 14:00:00,102,0.0,8,26,334,3.4
Cota Cota Baja,2026-09-28 14:00:00,105,0.0,6,26,330,2.2
Cota Cota Baja,2026-09-28 14:00:00,108,0.0,5,26,317,1.1
Cotagaita,2026-09-28 14:00:00,3,0.0,29,36,30,8.4
Cotagaita,2026-09-28 14:00:00,6,0.0,21,56,7,6.2
Cotagaita,2026-09-28 14:00:00,9,0.0,14,55,357,3.6
Cotagaita,2026-09-28 14:00:00,12,0.0,5,56,344,1.1
Cotagaita,2026-09-28 14:00:00,15,0.0,5,55,290,3.8
Cotagaita,2026-09-28 14:00:00,18,0.0,13,56,269,4.6
Cotagaita,2026-09-28 14:00:00,21,0.0,17,56,279,6.5
Cotagaita,2026-09-28 14:00:00,24,0.0,26,56,280,8.5
Cotagaita,2026-09-28 14:00:00,27,0.0,26,56,280,7.0
Cotagaita,2026-09-28 14:00:00,30,0.0,16,56,270,5.4
Cotagaita,2026-09-28 14:00:00,33,0.0,9,55,299,4.1
Cotagaita,2026-09-28 14:00:00,36,0.0,4,56,325,2.8
Cotagaita,2026-09-28 14:00:00,39,0.0,4,56,289,3.1
Cotagaita,2026-09-28 14:00:00,42,0.0,11,56,279,4.1
Cotagaita,2026-09-28 14:00:00,45,0.0,15,55,269,6.1
Cotagaita,2026-09-28 14:00:00,48,0.0,25,56,250,8.0
Cotagaita,2026-09-28 14:00:00,51,0.0,25,56,216,6.4
Cotagaita,2026-09-28 14:00:00,54,0.0,15,57,179,4.9
Cotagaita,2026-09-28 14:00:00,57,0.0,9,56,146,3.1
Cotagaita,2026-09-28 14:00:00,60,0.0,3,26,112,1.2
Cotagaita,2026-09-28 14:00:00,63,0.0,3,27,131,1.8
Cotagaita,2026-09-28 14:00:00,66,0.0,6,26,121,1.3
Cotagaita,2026-09-28 14:00:00,69,0.0,12,27,122,5.5
Cotagaita,2026-09-28 14:00:00,72,0.0,25,36,122,9.7
Cotagaita,2026-09-28 14:00:00,75,0.0,25,36,110,6.7
Cotagaita,2026-09-28 14:00:00,78,0.0,13,26,90,3.6
Cotagaita,2026-09-28 14:00:00,81,0.0,9,26,99,2.3
Cotagaita,2026-09-28 14:00:00,84,0.0,2,27,100,1.1
Cotagaita,2026-09-28 14:00:00,87,0.0,2,25,80,0.8
Cotagaita,2026-09-28 14:00:00,90,0.0,11,26,62,0.6
Cotagaita,2026-09-28 14:00:00,93,0.0,16,27,64,1.4
Cotagaita,2026-09-28 14:00:00,96,0.0,26,26,237,2.2
Cotagaita,2026-09-28 14:00:00,99,0.0,26,25,267,4.5
Cotagaita,2026-09-28 14:00:00,102,0.0,22,26,297,6.8
Cotagaita,2026-09-28 14:00:00,105,0.0,19,26,289,4.9
Cotagaita,2026-09-28 14:00:00,108,0.0,17,25,279,3.0
Covendo,2026-09-28 14:00:00,3,2.5,34,76,325,1.8
Covendo,2026-09-28 14:00:00,6,1.7,29,76,278,1.5
Covendo,2026-09-28 14:00:00,9,1.9,24,76,260,1.3
Covendo,2026-09-28 14:00:00,12,0.0,22,36,233,1.1
Covendo,2026-09-28 14:00:00,15,0.0,22,36,230,1.0
Covendo,2026-09-28 14:00:00,18,0.0,25,36,211,1.0
Covendo,2026-09-28 14:00:00,21,0.0,29,36,285,2.2
Covendo,2026-09-28 14:00:00,24,3.7,31,84,355,3.3
Covendo,2026-09-28 14:00:00,27,2.6,31,84,334,2.2
Covendo,2026-09-28 14:00:00,30,2.8,27,89,312,1.0
Covendo,2026-09-28 14:00:00,33,3.5,23,88,265,1.1
Covendo,2026-09-28 14:00:00,36,2.6,21,90,215,1.3
Covendo,2026-09-28 14:00:00,39,0.0,21,56,148,0.7
Covendo,2026-09-28 14:00:00,42,0.0,22,56,88,0.5
Covendo,2026-09-28 14:00:00,45,0.0,23,56,80,1.3
Covendo,2026-09-28 14:00:00,48,2.9,25,89,70,2.0
Covendo,2026-09-28 14:00:00,51,3.4,25,89,100,1.6
Covendo,2026-09-28 14:00:00,54,0.0,23,56,120,1.4
Covendo,2026-09-28 14:00:00,57,0.0,23,56,115,0.8
Covendo,2026-09-28 14:00:00,60,0.0,22,36,105,0.3
Covendo,2026-09-28 14:00:00,63,0.0,22,37,128,0.7
Covendo,2026-09-28 14:00:00,66,0.0,23,36,77,0.8
Covendo,2026-09-28 14:00:00,69,0.0,24,36,53,1.3
Covendo,2026-09-28 14:00:00,72,0.0,26,56,25,1.7
Covendo,2026-09-28 14:00:00,75,0.0,26,56,56,1.4
Covendo,2026-09-28 14:00:00,78,2.1,25,89,79,0.9
Covendo,2026-09-28 14:00:00,81,1.7,23,89,146,0.9
Covendo,2026-09-28 14:00:00,84,0.0,22,37,210,0.8
Covendo,2026-09-28 14:00:00,87,0.0,22,36,218,0.3
Covendo,2026-09-28 14:00:00,90,0.0,24,36,245,0.3
Covendo,2026-09-28 14:00:00,93,0.0,26,36,315,1.4
Covendo,2026-09-28 14:00:00,96,0.0,28,36,25,2.3
Covendo,2026-09-28 14:00:00,99,0.0,28,35,75,1.5
Covendo,2026-09-28 14:00:00,102,0.0,26,37,116,0.7
Covendo,2026-09-28 14:00:00,105,0.0,24,37,187,0.9
Covendo,2026-09-28 14:00:00,108,0.0,22,36,277,1.1
Cuatro Cañadas - Colonia Chihuahua,2026-09-28 14:00:00,3,0.0,37,37,330,5.8
Cuatro Cañadas - Colonia Chihuahua,2026-09-28 14:00:00,6,0.0,32,26,330,4.3
Cuatro Cañadas - Colonia Chihuahua,2026-09-28 14:00:00,9,0.0,29,26,330,5.0
Cuatro Cañadas - Colonia Chihuahua,2026-09-28 14:00:00,12,0.0,26,26,320,5.7
Cuatro Cañadas - Colonia Chihuahua,2026-09-28 14:00:00,15,0.0,26,26,320,5.9
Cuatro Cañadas - Colonia Chihuahua,2026-09-28 14:00:00,18,0.0,29,26,310,7.3
Cuatro Cañadas - Colonia Chihuahua,2026-09-28 14:00:00,21,0.0,31,26,320,7.3
Cuatro Cañadas - Colonia Chihuahua,2026-09-28 14:00:00,24,0.0,37,36,320,7.2
Cuatro Cañadas - Colonia Chihuahua,2026-09-28 14:00:00,27,0.0,37,37,298,5.5
Cuatro Cañadas - Colonia Chihuahua,2026-09-28 14:00:00,30,0.0,29,56,271,3.8
Cuatro Cañadas - Colonia Chihuahua,2026-09-28 14:00:00,33,0.0,27,57,225,4.0
Cuatro Cañadas - Colonia Chihuahua,2026-09-28 14:00:00,36,0.0,22,56,175,4.3
Cuatro Cañadas - Colonia Chihuahua,2026-09-28 14:00:00,39,1.3,22,89,170,4.2
Cuatro Cañadas - Colonia Chihuahua,2026-09-28 14:00:00,42,1.9,24,89,157,4.1
Cuatro Cañadas - Colonia Chihuahua,2026-09-28 14:00:00,45,4.0,25,89,151,3.2
Cuatro Cañadas - Colonia Chihuahua,2026-09-28 14:00:00,48,3.8,27,89,141,2.3
Cuatro Cañadas - Colonia Chihuahua,2026-09-28 14:00:00,51,3.0,27,89,114,1.6
Cuatro Cañadas - Colonia Chihuahua,2026-09-28 14:00:00,54,0.0,25,56,83,0.9
Cuatro Cañadas - Colonia Chihuahua,2026-09-28 14:00:00,57,0.0,23,56,24,0.8
Cuatro Cañadas - Colonia Chihuahua,2026-09-28 14:00:00,60,0.0,21,56,295,0.7
Cuatro Cañadas - Colonia Chihuahua,2026-09-28 14:00:00,63,0.0,21,56,157,1.2
Cuatro Cañadas - Colonia Chihuahua,2026-09-28 14:00:00,66,0.0,23,56,164,0.7
Cuatro Cañadas - Colonia Chihuahua,2026-09-28 14:00:00,69,0.0,24,56,159,1.8
Cuatro Cañadas - Colonia Chihuahua,2026-09-28 14:00:00,72,0.0,25,56,150,2.8
Cuatro Cañadas - Colonia Chihuahua,2026-09-28 14:00:00,75,0.0,25,56,132,2.0
Cuatro Cañadas - Colonia Chihuahua,2026-09-28 14:00:00,78,0.0,24,56,106,1.2
Cuatro Cañadas - Colonia Chihuahua,2026-09-28 14:00:00,81,0.0,23,56,139,0.9
Cuatro Cañadas - Colonia Chihuahua,2026-09-28 14:00:00,84,0.0,22,56,170,0.7
Cuatro Cañadas - Colonia Chihuahua,2026-09-28 14:00:00,87,0.0,22,55,82,1.3
Cuatro Cañadas - Colonia Chihuahua,2026-09-28 14:00:00,90,0.0,24,56,140,2.3
Cuatro Cañadas - Colonia Chihuahua,2026-09-28 14:00:00,93,0.0,27,56,110,1.7
Cuatro Cañadas - Colonia Chihuahua,2026-09-28 14:00:00,96,0.0,29,56,76,1.2
Cuatro Cañadas - Colonia Chihuahua,2026-09-28 14:00:00,99,0.0,29,56,59,1.8
Cuatro Cañadas - Colonia Chihuahua,2026-09-28 14:00:00,102,0.0,27,56,39,2.3
Cuatro Cañadas - Colonia Chihuahua,2026-09-28 14:00:00,105,0.0,26,56,21,2.6
Cuatro Cañadas - Colonia Chihuahua,2026-09-28 14:00:00,108,0.0,23,56,358,2.8
Cuatro Cañadas CEA-2,2026-09-28 14:00:00,3,0.0,37,36,330,5.9
Cuatro Cañadas CEA-2,2026-09-28 14:00:00,6,0.0,29,26,330,5.0
Cuatro Cañadas CEA-2,2026-09-28 14:00:00,9,0.0,27,26,330,5.4
Cuatro Cañadas CEA-2,2026-09-28 14:00:00,12,0.0,25,26,320,5.9
Cuatro Cañadas CEA-2,2026-09-28 14:00:00,15,0.0,25,27,330,5.5
Cuatro Cañadas CEA-2,2026-09-28 14:00:00,18,0.0,29,26,320,6.1
Cuatro Cañadas CEA-2,2026-09-28 14:00:00,21,0.0,34,25,320,6.5
Cuatro Cañadas CEA-2,2026-09-28 14:00:00,24,0.0,36,36,320,6.9
Cuatro Cañadas CEA-2,2026-09-28 14:00:00,27,0.0,36,37,278,4.6
Cuatro Cañadas CEA-2,2026-09-28 14:00:00,30,0.0,27,56,227,2.2
Cuatro Cañadas CEA-2,2026-09-28 14:00:00,33,0.0,25,56,208,3.2
Cuatro Cañadas CEA-2,2026-09-28 14:00:00,36,0.0,21,56,182,4.2
Cuatro Cañadas CEA-2,2026-09-28 14:00:00,39,2.9,21,90,159,2.7
Cuatro Cañadas CEA-2,2026-09-28 14:00:00,42,3.3,23,89,152,3.3
Cuatro Cañadas CEA-2,2026-09-28 14:00:00,45,3.3,24,90,163,3.3
Cuatro Cañadas CEA-2,2026-09-28 14:00:00,48,0.4,26,89,171,3.5
Cuatro Cañadas CEA-2,2026-09-28 14:00:00,51,3.1,26,89,161,2.3
Cuatro Cañadas CEA-2,2026-09-28 14:00:00,54,0.0,23,56,150,1.2
Cuatro Cañadas CEA-2,2026-09-28 14:00:00,57,0.0,22,57,166,1.0
Cuatro Cañadas CEA-2,2026-09-28 14:00:00,60,0.0,21,56,182,0.9
Cuatro Cañadas CEA-2,2026-09-28 14:00:00,63,0.0,21,56,152,1.7
Cuatro Cañadas CEA-2,2026-09-28 14:00:00,66,0.0,22,57,151,1.9
Cuatro Cañadas CEA-2,2026-09-28 14:00:00,69,0.0,23,56,151,2.8
Cuatro Cañadas CEA-2,2026-09-28 14:00:00,72,0.0,24,56,150,3.6
Cuatro Cañadas CEA-2,2026-09-28 14:00:00,75,0.0,24,56,130,2.5
Cuatro Cañadas CEA-2,2026-09-28 14:00:00,78,0.0,23,56,102,1.3
Cuatro Cañadas CEA-2,2026-09-28 14:00:00,81,0.0,22,57,112,1.4
Cuatro Cañadas CEA-2,2026-09-28 14:00:00,84,0.0,21,56,113,1.5
Cuatro Cañadas CEA-2,2026-09-28 14:00:00,87,0.0,21,56,159,1.0
Cuatro Cañadas CEA-2,2026-09-28 14:00:00,90,0.0,22,56,170,1.6
Cuatro Cañadas CEA-2,2026-09-28 14:00:00,93,0.0,24,57,119,1.8
Cuatro Cañadas CEA-2,2026-09-28 14:00:00,96,0.0,27,56,60,2.1
Cuatro Cañadas CEA-2,2026-09-28 14:00:00,99,0.0,27,55,49,2.2
Cuatro Cañadas CEA-2,2026-09-28 14:00:00,102,0.0,24,56,38,2.3
Cuatro Cañadas CEA-2,2026-09-28 14:00:00,105,0.0,23,56,18,2.7
Cuatro Cañadas CEA-2,2026-09-28 14:00:00,108,0.0,21,56,350,3.0
Desaguadero_M,2026-09-28 14:00:00,3,0.0,16,57,15,5.6
Desaguadero_M,2026-09-28 14:00:00,6,0.0,11,56,41,3.8
Desaguadero_M,2026-09-28 14:00:00,9,0.0,7,55,24,3.1
Desaguadero_M,2026-09-28 14:00:00,12,4.6,5,89,5,2.4
Desaguadero_M,2026-09-28 14:00:00,15,4.2,5,89,256,2.1
Desaguadero_M,2026-09-28 14:00:00,18,1.1,8,89,225,2.3
Desaguadero_M,2026-09-28 14:00:00,21,2.7,10,89,214,3.7
Desaguadero_M,2026-09-28 14:00:00,24,1.9,11,89,200,5.0
Desaguadero_M,2026-09-28 14:00:00,27,1.4,11,89,165,4.0
Desaguadero_M,2026-09-28 14:00:00,30,2.5,8,88,125,2.9
Desaguadero_M,2026-09-28 14:00:00,33,2.1,7,89,84,2.2
Desaguadero_M,2026-09-28 14:00:00,36,3.0,5,89,38,1.4
Desaguadero_M,2026-09-28 14:00:00,39,0.0,5,56,272,2.0
Desaguadero_M,2026-09-28 14:00:00,42,0.0,6,56,315,2.1
Desaguadero_M,2026-09-28 14:00:00,45,0.0,7,56,324,4.0
Desaguadero_M,2026-09-28 14:00:00,48,0.0,9,36,328,5.9
Desaguadero_M,2026-09-28 14:00:00,51,0.0,9,35,274,7.6
Desaguadero_M,2026-09-28 14:00:00,54,0.0,8,36,210,9.3
Desaguadero_M,2026-09-28 14:00:00,57,0.0,6,37,190,6.0
Desaguadero_M,2026-09-28 14:00:00,60,0.0,6,26,167,2.9
Desaguadero_M,2026-09-28 14:00:00,63,0.0,6,26,183,1.7
Desaguadero_M,2026-09-28 14:00:00,66,0.0,7,25,214,1.0
Desaguadero_M,2026-09-28 14:00:00,69,0.0,8,26,275,3.1
Desaguadero_M,2026-09-28 14:00:00,72,0.0,10,35,333,5.1
Desaguadero_M,2026-09-28 14:00:00,75,0.0,10,36,2,3.8
Desaguadero_M,2026-09-28 14:00:00,78,0.0,9,36,27,2.4
Desaguadero_M,2026-09-28 14:00:00,81,0.0,8,36,34,2.2
Desaguadero_M,2026-09-28 14:00:00,84,0.0,6,27,31,2.0
Desaguadero_M,2026-09-28 14:00:00,87,0.0,5,26,40,2.2
Desaguadero_M,2026-09-28 14:00:00,90,0.0,7,26,4,2.0
Desaguadero_M,2026-09-28 14:00:00,93,0.0,9,26,349,4.0
Desaguadero_M,2026-09-28 14:00:00,96,0.0,11,26,335,5.9
Desaguadero_M,2026-09-28 14:00:00,99,0.0,12,25,311,4.2
Desaguadero_M,2026-09-28 14:00:00,102,0.0,9,26,283,2.6
Desaguadero_M,2026-09-28 14:00:00,105,0.0,7,27,237,2.3
Desaguadero_M,2026-09-28 14:00:00,108,0.0,6,26,180,1.9
El Alto,2026-09-28 14:00:00,3,0.0,16,56,50,5.6
El Alto,2026-09-28 14:00:00,6,0.0,10,56,58,5.0
El Alto,2026-09-28 14:00:00,9,0.0,6,56,48,3.6
El Alto,2026-09-28 14:00:00,12,4.0,4,89,28,2.1
El Alto,2026-09-28 14:00:00,15,2.2,4,89,85,1.6
El Alto,2026-09-28 14:00:00,18,3.0,5,89,47,1.8
El Alto,2026-09-28 14:00:00,21,2.9,8,89,74,2.4
El Alto,2026-09-28 14:00:00,24,2.6,13,89,95,2.9
El Alto,2026-09-28 14:00:00,27,2.2,13,89,146,3.8
El Alto,2026-09-28 14:00:00,30,3.9,8,89,191,4.7
El Alto,2026-09-28 14:00:00,33,2.8,6,89,251,3.3
El Alto,2026-09-28 14:00:00,36,2.8,4,89,300,2.0
El Alto,2026-09-28 14:00:00,39,0.0,4,56,324,2.9
El Alto,2026-09-28 14:00:00,42,0.0,6,56,285,3.7
El Alto,2026-09-28 14:00:00,45,0.0,8,56,287,4.5
El Alto,2026-09-28 14:00:00,48,0.0,11,36,287,5.4
El Alto,2026-09-28 14:00:00,51,0.0,11,36,257,5.1
El Alto,2026-09-28 14:00:00,54,0.0,9,36,216,4.7
El Alto,2026-09-28 14:00:00,57,0.0,6,36,209,3.7
El Alto,2026-09-28 14:00:00,60,0.0,5,26,201,2.7
El Alto,2026-09-28 14:00:00,63,0.0,5,26,234,1.3
El Alto,2026-09-28 14:00:00,66,0.0,6,26,137,0.7
El Alto,2026-09-28 14:00:00,69,0.0,9,26,360,3.2
El Alto,2026-09-28 14:00:00,72,0.0,12,36,329,5.6
El Alto,2026-09-28 14:00:00,75,0.0,12,36,14,4.8
El Alto,2026-09-28 14:00:00,78,0.0,10,36,53,3.9
El Alto,2026-09-28 14:00:00,81,0.0,8,36,30,2.5
El Alto,2026-09-28 14:00:00,84,0.0,4,26,5,1.1
El Alto,2026-09-28 14:00:00,87,0.0,3,26,19,1.4
El Alto,2026-09-28 14:00:00,90,0.0,6,26,273,1.8
El Alto,2026-09-28 14:00:00,93,0.0,10,26,273,3.9
El Alto,2026-09-28 14:00:00,96,0.0,14,26,263,6.0
El Alto,2026-09-28 14:00:00,99,0.0,14,26,256,3.9
El Alto,2026-09-28 14:00:00,102,0.0,11,26,248,1.9
El Alto,2026-09-28 14:00:00,105,0.0,7,26,201,1.8
El Alto,2026-09-28 14:00:00,108,0.0,5,26,149,1.7
El Puente,2026-09-28 14:00:00,3,0.0,35,36,339,3.5
El Puente,2026-09-28 14:00:00,6,0.0,29,26,340,3.1
El Puente,2026-09-28 14:00:00,9,0.0,28,26,339,3.0
El Puente,2026-09-28 14:00:00,12,0.0,24,26,329,2.9
El Puente,2026-09-28 14:00:00,15,0.0,24,26,336,2.9
El Puente,2026-09-28 14:00:00,18,0.0,27,26,330,3.4
El Puente,2026-09-28 14:00:00,21,0.0,30,26,330,3.4
El Puente,2026-09-28 14:00:00,24,0.0,36,36,320,3.4
El Puente,2026-09-28 14:00:00,27,0.0,36,35,336,2.4
El Puente,2026-09-28 14:00:00,30,0.0,28,56,346,1.3
El Puente,2026-09-28 14:00:00,33,0.0,24,56,72,1.5
El Puente,2026-09-28 14:00:00,36,0.0,20,56,152,1.7
El Puente,2026-09-28 14:00:00,39,4.4,20,89,176,2.5
El Puente,2026-09-28 14:00:00,42,3.5,22,89,136,2.8
El Puente,2026-09-28 14:00:00,45,4.5,23,89,149,3.0
El Puente,2026-09-28 14:00:00,48,5.2,26,89,159,3.3
El Puente,2026-09-28 14:00:00,51,4.7,26,89,146,2.6
El Puente,2026-09-28 14:00:00,54,0.0,24,56,132,1.8
El Puente,2026-09-28 14:00:00,57,0.0,22,56,142,1.6
El Puente,2026-09-28 14:00:00,60,0.0,20,56,146,1.3
El Puente,2026-09-28 14:00:00,63,0.0,20,56,136,1.4
El Puente,2026-09-28 14:00:00,66,0.0,21,57,149,1.6
El Puente,2026-09-28 14:00:00,69,0.0,22,56,140,1.9
El Puente,2026-09-28 14:00:00,72,0.0,24,56,130,2.2
El Puente,2026-09-28 14:00:00,75,0.0,24,56,129,1.8
El Puente,2026-09-28 14:00:00,78,0.0,23,56,119,1.3
El Puente,2026-09-28 14:00:00,81,0.0,22,56,122,1.0
El Puente,2026-09-28 14:00:00,84,0.0,20,56,122,0.8
El Puente,2026-09-28 14:00:00,87,0.0,20,56,150,1.3
El Puente,2026-09-28 14:00:00,90,0.0,22,56,170,1.6
El Puente,2026-09-28 14:00:00,93,0.0,25,56,172,1.5
El Puente,2026-09-28 14:00:00,96,0.0,27,56,168,1.3
El Puente,2026-09-28 14:00:00,99,0.0,27,56,116,0.9
El Puente,2026-09-28 14:00:00,102,0.0,26,56,62,0.4
El Puente,2026-09-28 14:00:00,105,0.0,24,56,32,1.2
El Puente,2026-09-28 14:00:00,108,0.0,21,56,360,1.9
El Villar,2026-09-28 14:00:00,3,0.0,34,26,352,4.6
El Villar,2026-09-28 14:00:00,6,0.0,23,26,342,3.4
El Villar,2026-09-28 14:00:00,9,0.0,19,26,325,3.2
El Villar,2026-09-28 14:00:00,12,0.0,14,36,303,3.0
El Villar,2026-09-28 14:00:00,15,0.0,14,36,337,2.3
El Villar,2026-09-28 14:00:00,18,0.0,18,36,4,1.1
El Villar,2026-09-28 14:00:00,21,0.0,21,37,46,2.0
El Villar,2026-09-28 14:00:00,24,3.4,25,84,86,2.8
El Villar,2026-09-28 14:00:00,27,4.7,25,84,92,1.9
El Villar,2026-09-28 14:00:00,30,2.4,20,89,97,1.0
El Villar,2026-09-28 14:00:00,33,3.8,16,89,125,1.7
El Villar,2026-09-28 14:00:00,36,4.2,12,89,147,2.3
El Villar,2026-09-28 14:00:00,39,2.9,12,89,109,1.8
El Villar,2026-09-28 14:00:00,42,2.5,14,89,112,2.5
El Villar,2026-09-28 14:00:00,45,2.9,16,89,113,2.6
El Villar,2026-09-28 14:00:00,48,0.0,20,55,107,2.6
El Villar,2026-09-28 14:00:00,51,0.0,20,55,43,1.6
El Villar,2026-09-28 14:00:00,54,0.0,16,56,331,0.6
El Villar,2026-09-28 14:00:00,57,0.0,13,57,308,1.4
El Villar,2026-09-28 14:00:00,60,0.0,11,56,282,2.1
El Villar,2026-09-28 14:00:00,63,0.0,11,57,197,1.2
El Villar,2026-09-28 14:00:00,66,0.0,13,56,110,1.2
El Villar,2026-09-28 14:00:00,69,0.0,16,56,110,1.7
El Villar,2026-09-28 14:00:00,72,0.0,21,56,110,2.3
El Villar,2026-09-28 14:00:00,75,0.0,21,57,117,1.7
El Villar,2026-09-28 14:00:00,78,0.0,15,56,115,1.0
El Villar,2026-09-28 14:00:00,81,0.0,11,56,185,1.1
El Villar,2026-09-28 14:00:00,84,0.0,9,56,247,1.2
El Villar,2026-09-28 14:00:00,87,0.0,9,56,99,0.6
El Villar,2026-09-28 14:00:00,90,0.0,13,56,57,0.9
El Villar,2026-09-28 14:00:00,93,0.0,17,56,67,1.9
El Villar,2026-09-28 14:00:00,96,0.0,20,36,77,2.9
El Villar,2026-09-28 14:00:00,99,0.0,20,36,60,1.9
El Villar,2026-09-28 14:00:00,102,0.0,17,37,40,1.0
El Villar,2026-09-28 14:00:00,105,0.0,15,36,350,1.5
El Villar,2026-09-28 14:00:00,108,0.0,12,37,293,2.1
Filadelfia - PD,2026-09-28 14:00:00,3,0.0,37,37,340,2.2
Filadelfia - PD,2026-09-28 14:00:00,6,0.0,28,36,340,1.9
Filadelfia - PD,2026-09-28 14:00:00,9,0.0,26,37,320,1.6
Filadelfia - PD,2026-09-28 14:00:00,12,0.0,23,36,292,1.3
Filadelfia - PD,2026-09-28 14:00:00,15,0.0,23,36,320,1.7
Filadelfia - PD,2026-09-28 14:00:00,18,0.0,27,36,310,1.7
Filadelfia - PD,2026-09-28 14:00:00,21,0.0,29,36,332,1.9
Filadelfia - PD,2026-09-28 14:00:00,24,2.4,34,89,352,2.0
Filadelfia - PD,2026-09-28 14:00:00,27,1.6,34,89,275,1.9
Filadelfia - PD,2026-09-28 14:00:00,30,0.0,28,56,175,1.8
Filadelfia - PD,2026-09-28 14:00:00,33,0.0,24,56,208,1.3
Filadelfia - PD,2026-09-28 14:00:00,36,0.0,22,56,242,0.7
Filadelfia - PD,2026-09-28 14:00:00,39,1.9,22,89,80,0.8
Filadelfia - PD,2026-09-28 14:00:00,42,2.3,24,89,88,0.8
Filadelfia - PD,2026-09-28 14:00:00,45,4.2,26,88,28,1.0
Filadelfia - PD,2026-09-28 14:00:00,48,2.3,29,89,320,1.2
Filadelfia - PD,2026-09-28 14:00:00,51,3.7,29,89,41,2.2
Filadelfia - PD,2026-09-28 14:00:00,54,4.5,27,88,120,3.2
Filadelfia - PD,2026-09-28 14:00:00,57,2.5,25,90,130,2.7
Filadelfia - PD,2026-09-28 14:00:00,60,2.4,22,89,130,2.1
Filadelfia - PD,2026-09-28 14:00:00,63,2.4,22,89,130,1.7
Filadelfia - PD,2026-09-28 14:00:00,66,2.2,24,89,120,1.7
Filadelfia - PD,2026-09-28 14:00:00,69,1.1,26,89,130,1.8
Filadelfia - PD,2026-09-28 14:00:00,72,1.8,30,88,138,1.8
Filadelfia - PD,2026-09-28 14:00:00,75,2.4,30,89,130,1.8
Filadelfia - PD,2026-09-28 14:00:00,78,2.5,28,89,120,1.8
Filadelfia - PD,2026-09-28 14:00:00,81,1.8,25,88,138,1.1
Filadelfia - PD,2026-09-28 14:00:00,84,0.0,22,56,148,0.5
Filadelfia - PD,2026-09-28 14:00:00,87,0.0,22,56,131,0.8
Filadelfia - PD,2026-09-28 14:00:00,90,0.0,26,57,150,1.1
Filadelfia - PD,2026-09-28 14:00:00,93,0.0,28,55,210,0.8
Filadelfia - PD,2026-09-28 14:00:00,96,0.0,30,56,268,0.5
Filadelfia - PD,2026-09-28 14:00:00,99,0.0,30,55,198,0.4
Filadelfia - PD,2026-09-28 14:00:00,102,0.0,28,56,102,0.4
Filadelfia - PD,2026-09-28 14:00:00,105,0.0,25,56,37,0.6
Filadelfia - PD,2026-09-28 14:00:00,108,0.0,23,56,325,0.9
Guayaramerin,2026-09-28 14:00:00,3,0.0,37,56,320,2.1
Guayaramerin,2026-09-28 14:00:00,6,0.0,30,36,333,1.6
Guayaramerin,2026-09-28 14:00:00,9,0.0,27,36,331,1.4
Guayaramerin,2026-09-28 14:00:00,12,0.0,24,36,320,1.2
Guayaramerin,2026-09-28 14:00:00,15,0.0,24,37,321,2.0
Guayaramerin,2026-09-28 14:00:00,18,0.0,27,36,320,2.4
Guayaramerin,2026-09-28 14:00:00,21,0.0,30,36,310,2.5
Guayaramerin,2026-09-28 14:00:00,24,0.0,35,56,300,2.6
Guayaramerin,2026-09-28 14:00:00,27,0.0,35,56,263,1.8
Guayaramerin,2026-09-28 14:00:00,30,2.3,29,89,222,0.9
Guayaramerin,2026-09-28 14:00:00,33,1.7,26,90,151,0.6
Guayaramerin,2026-09-28 14:00:00,36,1.0,23,89,117,0.4
Guayaramerin,2026-09-28 14:00:00,39,0.0,23,56,328,1.1
Guayaramerin,2026-09-28 14:00:00,42,0.0,26,56,258,1.6
Guayaramerin,2026-09-28 14:00:00,45,0.0,27,56,200,1.0
Guayaramerin,2026-09-28 14:00:00,48,2.0,35,88,141,0.4
Guayaramerin,2026-09-28 14:00:00,51,5.0,35,89,153,1.7
Guayaramerin,2026-09-28 14:00:00,54,2.7,28,90,160,3.0
Guayaramerin,2026-09-28 14:00:00,57,4.2,26,89,160,3.0
Guayaramerin,2026-09-28 14:00:00,60,0.0,23,55,150,3.0
Guayaramerin,2026-09-28 14:00:00,63,0.0,23,55,150,2.7
Guayaramerin,2026-09-28 14:00:00,66,0.0,26,56,140,2.2
Guayaramerin,2026-09-28 14:00:00,69,0.0,28,56,160,2.0
Guayaramerin,2026-09-28 14:00:00,72,1.4,34,89,178,1.9
Guayaramerin,2026-09-28 14:00:00,75,1.6,34,89,178,2.4
Guayaramerin,2026-09-28 14:00:00,78,2.6,31,89,170,2.8
Guayaramerin,2026-09-28 14:00:00,81,2.5,27,89,171,2.3
Guayaramerin,2026-09-28 14:00:00,84,3.8,22,89,165,1.8
Guayaramerin,2026-09-28 14:00:00,87,3.2,22,89,178,1.4
Guayaramerin,2026-09-28 14:00:00,90,4.4,25,89,188,2.0
Guayaramerin,2026-09-28 14:00:00,93,2.5,28,90,181,1.4
Guayaramerin,2026-09-28 14:00:00,96,0.0,30,57,166,0.8
Guayaramerin,2026-09-28 14:00:00,99,0.0,30,56,167,0.6
Guayaramerin,2026-09-28 14:00:00,102,0.0,27,57,167,0.5
Guayaramerin,2026-09-28 14:00:00,105,0.0,24,57,253,0.6
Guayaramerin,2026-09-28 14:00:00,108,0.0,22,56,333,0.6
Guayaramerin_M (GPRS),2026-09-28 14:00:00,3,0.0,36,56,320,2.0
Guayaramerin_M (GPRS),2026-09-28 14:00:00,6,0.0,30,36,310,1.2
Guayaramerin_M (GPRS),2026-09-28 14:00:00,9,0.0,27,37,320,1.5
Guayaramerin_M (GPRS),2026-09-28 14:00:00,12,0.0,23,37,329,1.7
Guayaramerin_M (GPRS),2026-09-28 14:00:00,15,0.0,23,35,320,2.3
Guayaramerin_M (GPRS),2026-09-28 14:00:00,18,0.0,27,37,320,2.5
Guayaramerin_M (GPRS),2026-09-28 14:00:00,21,0.0,29,36,320,3.0
Guayaramerin_M (GPRS),2026-09-28 14:00:00,24,0.0,35,57,320,3.5
Guayaramerin_M (GPRS),2026-09-28 14:00:00,27,0.0,35,56,50,2.4
Guayaramerin_M (GPRS),2026-09-28 14:00:00,30,1.7,29,88,130,1.3
Guayaramerin_M (GPRS),2026-09-28 14:00:00,33,4.9,26,89,151,0.8
Guayaramerin_M (GPRS),2026-09-28 14:00:00,36,4.0,23,88,173,0.2
Guayaramerin_M (GPRS),2026-09-28 14:00:00,39,0.0,23,57,340,1.2
Guayaramerin_M (GPRS),2026-09-28 14:00:00,42,0.0,25,56,289,1.5
Guayaramerin_M (GPRS),2026-09-28 14:00:00,45,0.0,27,56,319,1.2
Guayaramerin_M (GPRS),2026-09-28 14:00:00,48,4.3,35,88,339,0.9
Guayaramerin_M (GPRS),2026-09-28 14:00:00,51,4.4,35,89,330,2.1
Guayaramerin_M (GPRS),2026-09-28 14:00:00,54,4.3,27,88,161,3.3
Guayaramerin_M (GPRS),2026-09-28 14:00:00,57,1.3,25,89,159,3.0
Guayaramerin_M (GPRS),2026-09-28 14:00:00,60,0.0,23,57,149,2.8
Guayaramerin_M (GPRS),2026-09-28 14:00:00,63,0.0,23,57,159,2.5
Guayaramerin_M (GPRS),2026-09-28 14:00:00,66,0.0,25,57,149,2.1
Guayaramerin_M (GPRS),2026-09-28 14:00:00,69,0.0,28,57,169,2.0
Guayaramerin_M (GPRS),2026-09-28 14:00:00,72,2.6,34,89,179,1.8
Guayaramerin_M (GPRS),2026-09-28 14:00:00,75,1.5,34,88,179,2.2
Guayaramerin_M (GPRS),2026-09-28 14:00:00,78,1.1,30,89,169,2.6
Guayaramerin_M (GPRS),2026-09-28 14:00:00,81,0.7,26,88,160,2.0
Guayaramerin_M (GPRS),2026-09-28 14:00:00,84,1.4,22,90,150,1.5
Guayaramerin_M (GPRS),2026-09-28 14:00:00,87,2.9,22,88,179,1.4
Guayaramerin_M (GPRS),2026-09-28 14:00:00,90,1.7,25,88,180,1.9
Guayaramerin_M (GPRS),2026-09-28 14:00:00,93,2.8,27,89,181,1.5
Guayaramerin_M (GPRS),2026-09-28 14:00:00,96,0.0,30,56,181,1.2
Guayaramerin_M (GPRS),2026-09-28 14:00:00,99,0.0,30,57,150,0.9
Guayaramerin_M (GPRS),2026-09-28 14:00:00,102,0.0,27,55,111,0.5
Guayaramerin_M (GPRS),2026-09-28 14:00:00,105,0.0,24,55,108,0.6
Guayaramerin_M (GPRS),2026-09-28 14:00:00,108,0.0,21,56,290,0.7
Incapampa,2026-09-28 14:00:00,3,1.3,31,77,292,1.3
Incapampa,2026-09-28 14:00:00,6,1.3,26,77,216,1.0
Incapampa,2026-09-28 14:00:00,9,1.3,22,77,216,1.4
Incapampa,2026-09-28 14:00:00,12,0.0,18,36,206,1.8
Incapampa,2026-09-28 14:00:00,15,0.0,18,36,169,1.3
Incapampa,2026-09-28 14:00:00,18,0.0,22,36,123,0.8
Incapampa,2026-09-28 14:00:00,21,0.0,26,36,165,1.5
Incapampa,2026-09-28 14:00:00,24,5.0,28,85,205,2.2
Incapampa,2026-09-28 14:00:00,27,3.8,28,85,210,2.5
Incapampa,2026-09-28 14:00:00,30,3.0,25,89,205,2.8
Incapampa,2026-09-28 14:00:00,33,3.6,21,89,185,2.0
Incapampa,2026-09-28 14:00:00,36,3.8,17,90,157,1.3
Incapampa,2026-09-28 14:00:00,39,0.0,17,55,128,0.9
Incapampa,2026-09-28 14:00:00,42,0.0,18,55,44,0.6
Incapampa,2026-09-28 14:00:00,45,0.0,21,56,41,1.8
Incapampa,2026-09-28 14:00:00,48,4.0,22,89,28,3.0
Incapampa,2026-09-28 14:00:00,51,4.0,22,89,5,1.6
Incapampa,2026-09-28 14:00:00,54,0.0,21,56,342,0.4
Incapampa,2026-09-28 14:00:00,57,0.0,19,56,289,0.9
Incapampa,2026-09-28 14:00:00,60,0.0,18,36,226,1.4
Incapampa,2026-09-28 14:00:00,63,0.0,18,36,139,0.8
Incapampa,2026-09-28 14:00:00,66,0.0,20,36,70,0.4
Incapampa,2026-09-28 14:00:00,69,0.0,22,36,41,1.5
Incapampa,2026-09-28 14:00:00,72,0.0,23,56,10,2.7
Incapampa,2026-09-28 14:00:00,75,0.0,23,56,314,1.9
Incapampa,2026-09-28 14:00:00,78,1.2,22,89,249,1.1
Incapampa,2026-09-28 14:00:00,81,1.3,20,90,233,0.8
Incapampa,2026-09-28 14:00:00,84,0.0,18,36,214,0.5
Incapampa,2026-09-28 14:00:00,87,0.0,18,36,279,0.7
Incapampa,2026-09-28 14:00:00,90,0.0,20,36,15,0.7
Incapampa,2026-09-28 14:00:00,93,0.0,22,36,14,1.5
Incapampa,2026-09-28 14:00:00,96,0.0,25,36,10,2.4
Incapampa,2026-09-28 14:00:00,99,0.0,25,36,314,1.8
Incapampa,2026-09-28 14:00:00,102,0.0,23,36,255,1.1
Incapampa,2026-09-28 14:00:00,105,0.0,21,36,244,1.2
Incapampa,2026-09-28 14:00:00,108,0.0,20,36,229,1.2
Ixiamas,2026-09-28 14:00:00,3,0.0,35,36,299,2.9
Ixiamas,2026-09-28 14:00:00,6,0.0,29,37,258,2.3
Ixiamas,2026-09-28 14:00:00,9,0.0,26,36,268,2.0
Ixiamas,2026-09-28 14:00:00,12,0.0,23,35,276,1.7
Ixiamas,2026-09-28 14:00:00,15,0.0,23,36,287,1.6
Ixiamas,2026-09-28 14:00:00,18,0.0,25,37,299,1.7
Ixiamas,2026-09-28 14:00:00,21,0.0,29,37,320,3.0
Ixiamas,2026-09-28 14:00:00,24,0.0,32,57,331,4.3
Ixiamas,2026-09-28 14:00:00,27,0.0,32,57,320,3.0
Ixiamas,2026-09-28 14:00:00,30,3.0,30,88,309,1.7
Ixiamas,2026-09-28 14:00:00,33,2.9,25,89,250,1.5
Ixiamas,2026-09-28 14:00:00,36,4.2,20,89,181,1.4
Ixiamas,2026-09-28 14:00:00,39,4.1,20,89,170,0.9
Ixiamas,2026-09-28 14:00:00,42,2.2,23,88,138,0.9
Ixiamas,2026-09-28 14:00:00,45,3.9,24,89,149,1.5
Ixiamas,2026-09-28 14:00:00,48,5.6,26,90,151,2.2
Ixiamas,2026-09-28 14:00:00,51,4.1,26,89,141,2.4
Ixiamas,2026-09-28 14:00:00,54,1.2,24,89,130,2.5
Ixiamas,2026-09-28 14:00:00,57,4.4,23,88,140,2.1
Ixiamas,2026-09-28 14:00:00,60,0.0,21,57,150,1.7
Ixiamas,2026-09-28 14:00:00,63,0.0,21,56,293,1.3
Ixiamas,2026-09-28 14:00:00,66,0.0,23,57,119,1.5
Ixiamas,2026-09-28 14:00:00,69,0.0,26,56,100,2.2
Ixiamas,2026-09-28 14:00:00,72,2.5,27,89,73,2.9
Ixiamas,2026-09-28 14:00:00,75,1.6,27,90,87,1.6
Ixiamas,2026-09-28 14:00:00,78,0.6,25,90,101,0.4
Ixiamas,2026-09-28 14:00:00,81,1.6,23,89,137,0.9
Ixiamas,2026-09-28 14:00:00,84,0.0,21,37,173,1.4
Ixiamas,2026-09-28 14:00:00,87,0.0,21,37,163,0.8
Ixiamas,2026-09-28 14:00:00,90,0.0,24,37,173,0.4
Ixiamas,2026-09-28 14:00:00,93,0.0,27,37,120,1.0
Ixiamas,2026-09-28 14:00:00,96,0.0,29,37,57,1.7
Ixiamas,2026-09-28 14:00:00,99,0.0,29,36,348,1.1
Ixiamas,2026-09-28 14:00:00,102,0.0,26,37,277,0.4
Ixiamas,2026-09-28 14:00:00,105,0.0,23,37,268,0.8
Ixiamas,2026-09-28 14:00:00,108,0.0,21,36,258,1.1
Jesús de Machaca,2026-09-28 14:00:00,3,0.0,18,56,5,6.3
Jesús de Machaca,2026-09-28 14:00:00,6,0.0,10,56,15,4.3
Jesús de Machaca,2026-09-28 14:00:00,9,0.0,4,56,15,3.2
Jesús de Machaca,2026-09-28 14:00:00,12,2.0,2,89,8,2.1
Jesús de Machaca,2026-09-28 14:00:00,15,1.7,2,90,202,2.8
Jesús de Machaca,2026-09-28 14:00:00,18,3.6,6,89,173,2.2
Jesús de Machaca,2026-09-28 14:00:00,21,3.9,9,89,190,3.3
Jesús de Machaca,2026-09-28 14:00:00,24,1.7,14,89,203,4.5
Jesús de Machaca,2026-09-28 14:00:00,27,3.4,14,89,170,3.9
Jesús de Machaca,2026-09-28 14:00:00,30,2.5,10,89,135,3.3
Jesús de Machaca,2026-09-28 14:00:00,33,2.0,5,89,80,2.4
Jesús de Machaca,2026-09-28 14:00:00,36,2.4,2,89,323,1.4
Jesús de Machaca,2026-09-28 14:00:00,39,0.0,2,56,220,0.7
Jesús de Machaca,2026-09-28 14:00:00,42,0.0,4,55,277,0.7
Jesús de Machaca,2026-09-28 14:00:00,45,0.0,8,56,285,3.9
Jesús de Machaca,2026-09-28 14:00:00,48,0.0,12,36,292,7.1
Jesús de Machaca,2026-09-28 14:00:00,51,0.0,12,36,260,7.8
Jesús de Machaca,2026-09-28 14:00:00,54,0.0,9,36,220,8.4
Jesús de Machaca,2026-09-28 14:00:00,57,0.0,5,35,180,5.9
Jesús de Machaca,2026-09-28 14:00:00,60,0.0,3,26,140,3.4
Jesús de Machaca,2026-09-28 14:00:00,63,0.0,3,26,207,1.7
Jesús de Machaca,2026-09-28 14:00:00,66,0.0,4,26,247,1.1
Jesús de Machaca,2026-09-28 14:00:00,69,0.0,7,26,280,2.9
Jesús de Machaca,2026-09-28 14:00:00,72,0.0,13,36,303,4.6
Jesús de Machaca,2026-09-28 14:00:00,75,0.0,13,36,343,3.6
Jesús de Machaca,2026-09-28 14:00:00,78,0.0,10,36,17,2.6
Jesús de Machaca,2026-09-28 14:00:00,81,0.0,7,36,12,2.3
Jesús de Machaca,2026-09-28 14:00:00,84,0.0,3,26,2,1.9
Jesús de Machaca,2026-09-28 14:00:00,87,0.0,3,26,277,1.6
Jesús de Machaca,2026-09-28 14:00:00,90,0.0,6,26,343,1.7
Jesús de Machaca,2026-09-28 14:00:00,93,0.0,10,26,328,3.3
Jesús de Machaca,2026-09-28 14:00:00,96,0.0,14,26,310,4.9
Jesús de Machaca,2026-09-28 14:00:00,99,0.0,14,26,265,4.1
Jesús de Machaca,2026-09-28 14:00:00,102,0.0,10,26,214,3.3
Jesús de Machaca,2026-09-28 14:00:00,105,0.0,7,26,202,2.6
Jesús de Machaca,2026-09-28 14:00:00,108,0.0,5,26,185,1.9
Kocani,2026-09-28 14:00:00,3,0.0,19,36,356,6.3
Kocani,2026-09-28 14:00:00,6,0.0,11,56,29,2.9
Kocani,2026-09-28 14:00:00,9,0.0,6,57,334,2.7
Kocani,2026-09-28 14:00:00,12,0.0,3,56,279,2.5
Kocani,2026-09-28 14:00:00,15,0.0,3,56,320,3.6
Kocani,2026-09-28 14:00:00,18,0.0,5,56,296,2.9
Kocani,2026-09-28 14:00:00,21,0.0,10,56,300,5.3
Kocani,2026-09-28 14:00:00,24,2.6,15,89,304,7.6
Kocani,2026-09-28 14:00:00,27,1.7,15,89,324,6.0
Kocani,2026-09-28 14:00:00,30,1.4,10,89,334,4.5
Kocani,2026-09-28 14:00:00,33,3.8,8,88,330,5.2
Kocani,2026-09-28 14:00:00,36,3.1,4,89,323,6.0
Kocani,2026-09-28 14:00:00,39,0.0,4,37,286,6.1
Kocani,2026-09-28 14:00:00,42,0.0,8,36,260,5.8
Kocani,2026-09-28 14:00:00,45,0.0,11,36,260,7.1
Kocani,2026-09-28 14:00:00,48,0.0,13,56,250,8.2
Kocani,2026-09-28 14:00:00,51,0.0,13,56,240,8.9
Kocani,2026-09-28 14:00:00,54,0.0,10,36,230,9.4
Kocani,2026-09-28 14:00:00,57,0.0,6,36,229,5.6
Kocani,2026-09-28 14:00:00,60,0.0,2,26,90,1.8
Kocani,2026-09-28 14:00:00,63,0.0,2,26,145,3.8
Kocani,2026-09-28 14:00:00,66,0.0,8,26,96,5.6
Kocani,2026-09-28 14:00:00,69,0.0,11,26,111,6.8
Kocani,2026-09-28 14:00:00,72,0.0,13,26,121,7.9
Kocani,2026-09-28 14:00:00,75,0.0,13,26,74,5.5
Kocani,2026-09-28 14:00:00,78,0.0,9,27,25,3.2
Kocani,2026-09-28 14:00:00,81,0.0,6,26,328,2.3
Kocani,2026-09-28 14:00:00,84,0.0,2,26,269,1.5
Kocani,2026-09-28 14:00:00,87,0.0,2,26,235,2.1
Kocani,2026-09-28 14:00:00,90,0.0,5,27,255,2.3
Kocani,2026-09-28 14:00:00,93,0.0,9,26,280,4.2
Kocani,2026-09-28 14:00:00,96,0.0,13,36,295,6.0
Kocani,2026-09-28 14:00:00,99,0.0,13,36,270,8.1
Kocani,2026-09-28 14:00:00,102,0.0,9,26,240,10.1
Kocani,2026-09-28 14:00:00,105,0.0,6,26,252,7.2
Kocani,2026-09-28 14:00:00,108,0.0,4,26,262,4.3
La Paz - Centro,2026-09-28 14:00:00,3,0.0,22,56,42,4.2
La Paz - Centro,2026-09-28 14:00:00,6,0.0,18,56,32,3.6
La Paz - Centro,2026-09-28 14:00:00,9,0.0,12,56,32,2.6
La Paz - Centro,2026-09-28 14:00:00,12,3.7,7,89,25,1.5
La Paz - Centro,2026-09-28 14:00:00,15,3.6,7,90,65,1.7
La Paz - Centro,2026-09-28 14:00:00,18,2.5,11,89,35,2.2
La Paz - Centro,2026-09-28 14:00:00,21,3.7,14,89,94,2.0
La Paz - Centro,2026-09-28 14:00:00,24,4.4,16,89,144,1.8
La Paz - Centro,2026-09-28 14:00:00,27,2.9,16,89,169,1.7
La Paz - Centro,2026-09-28 14:00:00,30,4.2,14,89,189,1.7
La Paz - Centro,2026-09-28 14:00:00,33,4.4,10,89,236,1.4
La Paz - Centro,2026-09-28 14:00:00,36,3.4,7,89,278,1.1
La Paz - Centro,2026-09-28 14:00:00,39,0.0,7,56,237,2.0
La Paz - Centro,2026-09-28 14:00:00,42,0.0,10,56,250,2.5
La Paz - Centro,2026-09-28 14:00:00,45,0.0,12,56,242,2.5
La Paz - Centro,2026-09-28 14:00:00,48,0.0,14,36,232,2.4
La Paz - Centro,2026-09-28 14:00:00,51,0.0,14,36,191,3.1
La Paz - Centro,2026-09-28 14:00:00,54,0.0,12,36,148,3.7
La Paz - Centro,2026-09-28 14:00:00,57,0.0,10,36,185,3.1
La Paz - Centro,2026-09-28 14:00:00,60,0.0,8,26,218,2.6
La Paz - Centro,2026-09-28 14:00:00,63,0.0,8,26,29,1.0
La Paz - Centro,2026-09-28 14:00:00,66,0.0,9,26,52,1.1
La Paz - Centro,2026-09-28 14:00:00,69,0.0,11,26,55,2.6
La Paz - Centro,2026-09-28 14:00:00,72,0.0,15,36,52,4.0
La Paz - Centro,2026-09-28 14:00:00,75,0.0,15,36,48,3.9
La Paz - Centro,2026-09-28 14:00:00,78,0.0,13,36,38,3.7
La Paz - Centro,2026-09-28 14:00:00,81,0.0,10,36,62,2.5
La Paz - Centro,2026-09-28 14:00:00,84,0.0,8,26,83,1.3
La Paz - Centro,2026-09-28 14:00:00,87,0.0,8,26,48,1.0
La Paz - Centro,2026-09-28 14:00:00,90,0.0,11,26,269,0.9
La Paz - Centro,2026-09-28 14:00:00,93,0.0,13,26,358,2.5
La Paz - Centro,2026-09-28 14:00:00,96,0.0,16,26,57,4.0
La Paz - Centro,2026-09-28 14:00:00,99,0.0,16,26,50,3.2
La Paz - Centro,2026-09-28 14:00:00,102,0.0,14,26,38,2.4
La Paz - Centro,2026-09-28 14:00:00,105,0.0,12,26,330,1.8
La Paz - Centro,2026-09-28 14:00:00,108,0.0,10,26,254,1.2
Laguna Colorada (GPRS),2026-09-28 14:00:00,3,0.0,16,37,260,6.3
Laguna Colorada (GPRS),2026-09-28 14:00:00,6,0.0,8,56,250,4.0
Laguna Colorada (GPRS),2026-09-28 14:00:00,9,0.0,5,56,243,4.0
Laguna Colorada (GPRS),2026-09-28 14:00:00,12,0.0,-1,56,235,3.8
Laguna Colorada (GPRS),2026-09-28 14:00:00,15,0.0,-1,56,257,2.6
Laguna Colorada (GPRS),2026-09-28 14:00:00,18,0.0,4,56,267,2.0
Laguna Colorada (GPRS),2026-09-28 14:00:00,21,0.0,6,56,267,4.2
Laguna Colorada (GPRS),2026-09-28 14:00:00,24,3.8,14,89,260,6.3
Laguna Colorada (GPRS),2026-09-28 14:00:00,27,4.7,14,89,260,5.3
Laguna Colorada (GPRS),2026-09-28 14:00:00,30,3.7,5,90,250,4.3
Laguna Colorada (GPRS),2026-09-28 14:00:00,33,3.3,3,89,253,3.7
Laguna Colorada (GPRS),2026-09-28 14:00:00,36,3.1,0,89,253,3.1
Laguna Colorada (GPRS),2026-09-28 14:00:00,39,0.0,0,36,228,3.1
Laguna Colorada (GPRS),2026-09-28 14:00:00,42,0.0,3,36,226,2.7
Laguna Colorada (GPRS),2026-09-28 14:00:00,45,0.0,5,36,250,4.2
Laguna Colorada (GPRS),2026-09-28 14:00:00,48,0.0,12,56,266,5.7
Laguna Colorada (GPRS),2026-09-28 14:00:00,51,0.0,12,56,256,4.7
Laguna Colorada (GPRS),2026-09-28 14:00:00,54,0.0,6,36,239,3.7
Laguna Colorada (GPRS),2026-09-28 14:00:00,57,0.0,2,37,215,2.8
Laguna Colorada (GPRS),2026-09-28 14:00:00,60,0.0,-1,26,181,2.1
Laguna Colorada (GPRS),2026-09-28 14:00:00,63,0.0,-1,26,145,1.5
Laguna Colorada (GPRS),2026-09-28 14:00:00,66,0.0,1,26,93,1.7
Laguna Colorada (GPRS),2026-09-28 14:00:00,69,0.0,5,26,32,2.1
Laguna Colorada (GPRS),2026-09-28 14:00:00,72,0.0,12,26,312,2.5
Laguna Colorada (GPRS),2026-09-28 14:00:00,75,0.0,12,25,276,3.0
Laguna Colorada (GPRS),2026-09-28 14:00:00,78,0.0,7,25,243,3.5
Laguna Colorada (GPRS),2026-09-28 14:00:00,81,0.0,4,27,236,2.5
Laguna Colorada (GPRS),2026-09-28 14:00:00,84,0.0,-1,27,226,1.4
Laguna Colorada (GPRS),2026-09-28 14:00:00,87,0.0,-1,26,242,1.9
Laguna Colorada (GPRS),2026-09-28 14:00:00,90,0.0,3,27,252,2.0
Laguna Colorada (GPRS),2026-09-28 14:00:00,93,0.0,7,26,252,5.6
Laguna Colorada (GPRS),2026-09-28 14:00:00,96,0.0,12,37,250,9.2
Laguna Colorada (GPRS),2026-09-28 14:00:00,99,0.0,12,36,250,6.5
Laguna Colorada (GPRS),2026-09-28 14:00:00,102,0.0,8,26,240,3.8
Laguna Colorada (GPRS),2026-09-28 14:00:00,105,0.0,5,27,250,3.1
Laguna Colorada (GPRS),2026-09-28 14:00:00,108,0.0,4,25,250,2.5
Magdalena,2026-09-28 14:00:00,3,0.0,37,36,360,5.9
Magdalena,2026-09-28 14:00:00,6,0.0,31,26,47,6.0
Magdalena,2026-09-28 14:00:00,9,0.0,29,26,10,4.9
Magdalena,2026-09-28 14:00:00,12,0.0,24,36,330,3.9
Magdalena,2026-09-28 14:00:00,15,0.0,24,36,330,5.0
Magdalena,2026-09-28 14:00:00,18,0.0,30,36,313,6.2
Magdalena,2026-09-28 14:00:00,21,0.0,32,36,320,6.3
Magdalena,2026-09-28 14:00:00,24,0.0,35,56,320,6.5
Magdalena,2026-09-28 14:00:00,27,0.0,35,56,320,5.6
Magdalena,2026-09-28 14:00:00,30,0.0,30,56,316,4.8
Magdalena,2026-09-28 14:00:00,33,0.0,26,56,265,3.6
Magdalena,2026-09-28 14:00:00,36,0.0,23,56,210,2.5
Magdalena,2026-09-28 14:00:00,39,3.1,23,89,227,5.1
Magdalena,2026-09-28 14:00:00,42,2.7,25,89,167,4.1
Magdalena,2026-09-28 14:00:00,45,3.9,27,89,177,3.9
Magdalena,2026-09-28 14:00:00,48,3.4,34,89,184,3.7
Magdalena,2026-09-28 14:00:00,51,4.3,34,89,170,5.3
Magdalena,2026-09-28 14:00:00,54,3.4,29,89,150,6.9
Magdalena,2026-09-28 14:00:00,57,4.1,26,88,120,5.3
Magdalena,2026-09-28 14:00:00,60,0.0,22,56,80,3.6
Magdalena,2026-09-28 14:00:00,63,0.0,22,56,129,2.2
Magdalena,2026-09-28 14:00:00,66,0.0,23,56,149,3.0
Magdalena,2026-09-28 14:00:00,69,0.0,25,56,142,3.0
Magdalena,2026-09-28 14:00:00,72,1.5,29,89,130,2.9
Magdalena,2026-09-28 14:00:00,75,2.4,29,89,117,3.2
Magdalena,2026-09-28 14:00:00,78,0.0,27,56,97,3.4
Magdalena,2026-09-28 14:00:00,81,0.0,26,57,124,2.8
Magdalena,2026-09-28 14:00:00,84,0.0,23,56,144,2.2
Magdalena,2026-09-28 14:00:00,87,0.0,23,56,164,2.2
Magdalena,2026-09-28 14:00:00,90,0.0,25,55,161,1.5
Magdalena,2026-09-28 14:00:00,93,0.0,27,56,107,1.7
Magdalena,2026-09-28 14:00:00,96,0.0,32,36,53,1.8
Magdalena,2026-09-28 14:00:00,99,0.0,33,36,46,2.3
Magdalena,2026-09-28 14:00:00,102,0.0,30,36,36,2.8
Magdalena,2026-09-28 14:00:00,105,0.0,28,37,6,2.6
Magdalena,2026-09-28 14:00:00,108,0.0,25,36,330,2.4
Mecapaca,2026-09-28 14:00:00,3,0.0,28,56,54,4.5
Mecapaca,2026-09-28 14:00:00,6,0.0,20,55,59,3.9
Mecapaca,2026-09-28 14:00:00,9,0.0,14,57,53,2.9
Mecapaca,2026-09-28 14:00:00,12,3.3,10,89,48,1.8
Mecapaca,2026-09-28 14:00:00,15,4.3,10,89,78,2.1
Mecapaca,2026-09-28 14:00:00,18,3.8,14,89,45,2.2
Mecapaca,2026-09-28 14:00:00,21,2.6,17,89,94,2.2
Mecapaca,2026-09-28 14:00:00,24,3.9,23,89,142,2.2
Mecapaca,2026-09-28 14:00:00,27,3.8,23,89,179,2.6
Mecapaca,2026-09-28 14:00:00,30,1.8,18,90,211,3.1
Mecapaca,2026-09-28 14:00:00,33,3.5,14,89,253,2.4
Mecapaca,2026-09-28 14:00:00,36,2.6,9,89,291,1.7
Mecapaca,2026-09-28 14:00:00,39,0.0,9,56,292,2.6
Mecapaca,2026-09-28 14:00:00,42,0.0,14,56,278,3.4
Mecapaca,2026-09-28 14:00:00,45,0.0,17,56,274,3.6
Mecapaca,2026-09-28 14:00:00,48,0.0,20,37,269,3.7
Mecapaca,2026-09-28 14:00:00,51,0.0,20,36,239,4.2
Mecapaca,2026-09-28 14:00:00,54,0.0,17,36,204,4.7
Mecapaca,2026-09-28 14:00:00,57,0.0,13,36,215,3.7
Mecapaca,2026-09-28 14:00:00,60,0.0,10,26,221,2.8
Mecapaca,2026-09-28 14:00:00,63,0.0,10,26,271,1.5
Mecapaca,2026-09-28 14:00:00,66,0.0,13,26,273,0.8
Mecapaca,2026-09-28 14:00:00,69,0.0,19,26,240,1.6
Mecapaca,2026-09-28 14:00:00,72,0.0,21,36,99,2.5
Mecapaca,2026-09-28 14:00:00,75,0.0,21,36,89,3.2
Mecapaca,2026-09-28 14:00:00,78,0.0,19,36,73,3.8
Mecapaca,2026-09-28 14:00:00,81,0.0,15,36,84,2.8
Mecapaca,2026-09-28 14:00:00,84,0.0,10,26,90,1.7
Mecapaca,2026-09-28 14:00:00,87,0.0,9,26,23,1.6
Mecapaca,2026-09-28 14:00:00,90,0.0,12,26,288,1.5
Mecapaca,2026-09-28 14:00:00,93,0.0,15,26,226,2.3
Mecapaca,2026-09-28 14:00:00,96,0.0,21,26,159,3.1
Mecapaca,2026-09-28 14:00:00,99,0.0,21,26,156,2.3
Mecapaca,2026-09-28 14:00:00,102,0.0,18,26,146,1.6
Mecapaca,2026-09-28 14:00:00,105,0.0,15,26,218,1.8
Mecapaca,2026-09-28 14:00:00,108,0.0,12,26,283,2.0
Misicuni-Sivingani,2026-09-28 14:00:00,3,0.0,15,55,320,5.8
Misicuni-Sivingani,2026-09-28 14:00:00,6,0.0,11,56,318,5.0
Misicuni-Sivingani,2026-09-28 14:00:00,9,0.0,6,55,328,5.2
Misicuni-Sivingani,2026-09-28 14:00:00,12,0.0,2,56,328,5.3
Misicuni-Sivingani,2026-09-28 14:00:00,15,0.0,2,56,320,4.3
Misicuni-Sivingani,2026-09-28 14:00:00,18,0.0,5,55,321,4.5
Misicuni-Sivingani,2026-09-28 14:00:00,21,0.0,8,55,311,4.4
Misicuni-Sivingani,2026-09-28 14:00:00,24,0.9,10,89,298,4.2
Misicuni-Sivingani,2026-09-28 14:00:00,27,3.6,10,89,271,3.4
Misicuni-Sivingani,2026-09-28 14:00:00,30,3.6,7,89,236,2.6
Misicuni-Sivingani,2026-09-28 14:00:00,33,3.6,4,89,276,2.9
Misicuni-Sivingani,2026-09-28 14:00:00,36,3.6,-2,89,315,3.3
Misicuni-Sivingani,2026-09-28 14:00:00,39,3.8,-2,89,329,1.4
Misicuni-Sivingani,2026-09-28 14:00:00,42,3.8,1,89,315,1.3
Misicuni-Sivingani,2026-09-28 14:00:00,45,3.8,3,89,306,3.4
Misicuni-Sivingani,2026-09-28 14:00:00,48,0.0,7,56,288,5.4
Misicuni-Sivingani,2026-09-28 14:00:00,51,0.0,7,56,297,4.5
Misicuni-Sivingani,2026-09-28 14:00:00,54,0.0,3,56,296,3.6
Misicuni-Sivingani,2026-09-28 14:00:00,57,0.0,1,56,304,2.6
Misicuni-Sivingani,2026-09-28 14:00:00,60,0.0,-4,35,310,1.8
Misicuni-Sivingani,2026-09-28 14:00:00,63,0.0,-4,36,145,0.9
Misicuni-Sivingani,2026-09-28 14:00:00,66,0.0,5,35,186,1.1
Misicuni-Sivingani,2026-09-28 14:00:00,69,0.0,8,35,120,1.5
Misicuni-Sivingani,2026-09-28 14:00:00,72,0.0,10,57,55,1.9
Misicuni-Sivingani,2026-09-28 14:00:00,75,0.0,10,56,87,2.4
Misicuni-Sivingani,2026-09-28 14:00:00,78,0.0,6,55,118,2.9
Misicuni-Sivingani,2026-09-28 14:00:00,81,0.0,1,56,190,2.2
Misicuni-Sivingani,2026-09-28 14:00:00,84,0.0,-5,35,291,1.5
Misicuni-Sivingani,2026-09-28 14:00:00,87,0.0,-4,35,38,1.5
Misicuni-Sivingani,2026-09-28 14:00:00,90,0.0,7,36,321,2.0
Misicuni-Sivingani,2026-09-28 14:00:00,93,0.0,11,37,321,3.3
Misicuni-Sivingani,2026-09-28 14:00:00,96,0.0,14,56,313,4.5
Misicuni-Sivingani,2026-09-28 14:00:00,99,0.0,14,55,321,4.9
Misicuni-Sivingani,2026-09-28 14:00:00,102,0.0,10,35,321,5.3
Misicuni-Sivingani,2026-09-28 14:00:00,105,0.0,7,35,309,4.1
Misicuni-Sivingani,2026-09-28 14:00:00,108,0.0,4,35,295,2.8
Mizque,2026-09-28 14:00:00,3,0.0,33,36,8,5.1
Mizque,2026-09-28 14:00:00,6,0.0,22,26,8,2.0
Mizque,2026-09-28 14:00:00,9,0.0,15,26,350,2.2
Mizque,2026-09-28 14:00:00,12,0.0,11,36,330,2.4
Mizque,2026-09-28 14:00:00,15,0.0,11,36,347,2.5
Mizque,2026-09-28 14:00:00,18,0.0,16,36,360,2.7
Mizque,2026-09-28 14:00:00,21,0.0,22,36,0,5.0
Mizque,2026-09-28 14:00:00,24,5.4,29,90,0,7.2
Mizque,2026-09-28 14:00:00,27,3.1,29,88,328,4.9
Mizque,2026-09-28 14:00:00,30,3.1,21,88,295,2.6
Mizque,2026-09-28 14:00:00,33,3.1,14,88,328,2.4
Mizque,2026-09-28 14:00:00,36,3.1,8,88,352,2.2
Mizque,2026-09-28 14:00:00,39,0.0,8,56,348,1.8
Mizque,2026-09-28 14:00:00,42,0.0,15,56,348,1.3
Mizque,2026-09-28 14:00:00,45,0.0,20,56,30,2.2
Mizque,2026-09-28 14:00:00,48,0.0,25,56,62,3.1
Mizque,2026-09-28 14:00:00,51,0.0,25,56,80,2.7
Mizque,2026-09-28 14:00:00,54,0.0,19,56,87,2.2
Mizque,2026-09-28 14:00:00,57,0.0,14,56,7,1.5
Mizque,2026-09-28 14:00:00,60,0.0,9,26,285,0.7
Mizque,2026-09-28 14:00:00,63,0.0,9,26,47,1.0
Mizque,2026-09-28 14:00:00,66,0.0,13,26,70,1.2
Mizque,2026-09-28 14:00:00,69,0.0,18,26,80,4.5
Mizque,2026-09-28 14:00:00,72,0.0,28,36,90,7.6
Mizque,2026-09-28 14:00:00,75,0.0,28,36,100,5.4
Mizque,2026-09-28 14:00:00,78,0.0,19,36,100,3.1
Mizque,2026-09-28 14:00:00,81,0.0,12,36,147,1.9
Mizque,2026-09-28 14:00:00,84,0.0,7,36,185,0.7
Mizque,2026-09-28 14:00:00,87,0.0,7,36,72,1.1
Mizque,2026-09-28 14:00:00,90,0.0,14,36,72,1.4
Mizque,2026-09-28 14:00:00,93,0.0,18,36,72,3.2
Mizque,2026-09-28 14:00:00,96,0.0,31,36,70,5.0
Mizque,2026-09-28 14:00:00,99,0.0,31,36,60,3.4
Mizque,2026-09-28 14:00:00,102,0.0,26,36,43,1.8
Mizque,2026-09-28 14:00:00,105,0.0,21,36,25,1.5
Mizque,2026-09-28 14:00:00,108,0.0,18,36,7,1.3
Monteagudo,2026-09-28 14:00:00,3,0.0,38,26,10,6.2
Monteagudo,2026-09-28 14:00:00,6,0.0,29,27,10,6.4
Monteagudo,2026-09-28 14:00:00,9,0.0,23,26,3,4.7
Monteagudo,2026-09-28 14:00:00,12,0.0,19,36,345,2.9
Monteagudo,2026-09-28 14:00:00,15,0.0,19,36,281,2.3
Monteagudo,2026-09-28 14:00:00,18,0.0,22,36,224,1.1
Monteagudo,2026-09-28 14:00:00,21,0.0,25,36,191,2.5
Monteagudo,2026-09-28 14:00:00,24,3.6,31,83,152,3.9
Monteagudo,2026-09-28 14:00:00,27,2.4,31,84,178,3.1
Monteagudo,2026-09-28 14:00:00,30,2.5,24,89,194,2.3
Monteagudo,2026-09-28 14:00:00,33,3.6,20,89,187,2.5
Monteagudo,2026-09-28 14:00:00,36,2.4,17,89,173,2.8
Monteagudo,2026-09-28 14:00:00,39,1.8,17,89,139,2.1
Monteagudo,2026-09-28 14:00:00,42,1.7,18,88,199,2.7
Monteagudo,2026-09-28 14:00:00,45,1.8,21,89,173,2.7
Monteagudo,2026-09-28 14:00:00,48,0.0,25,57,141,2.7
Monteagudo,2026-09-28 14:00:00,51,0.0,25,57,85,1.6
Monteagudo,2026-09-28 14:00:00,54,0.0,21,56,25,0.5
Monteagudo,2026-09-28 14:00:00,57,0.0,18,56,323,0.7
Monteagudo,2026-09-28 14:00:00,60,0.0,16,56,252,0.9
Monteagudo,2026-09-28 14:00:00,63,0.0,16,57,175,0.7
Monteagudo,2026-09-28 14:00:00,66,0.0,18,56,148,0.6
Monteagudo,2026-09-28 14:00:00,69,0.0,21,56,138,1.2
Monteagudo,2026-09-28 14:00:00,72,0.0,25,56,125,1.7
Monteagudo,2026-09-28 14:00:00,75,0.0,25,56,137,1.3
Monteagudo,2026-09-28 14:00:00,78,1.4,21,89,162,0.8
Monteagudo,2026-09-28 14:00:00,81,1.2,18,89,227,0.7
Monteagudo,2026-09-28 14:00:00,84,0.0,16,56,260,0.6
Monteagudo,2026-09-28 14:00:00,87,0.0,16,56,83,0.4
Monteagudo,2026-09-28 14:00:00,90,0.0,19,56,29,0.7
Monteagudo,2026-09-28 14:00:00,93,0.0,23,56,47,1.8
Monteagudo,2026-09-28 14:00:00,96,0.0,26,56,59,2.9
Monteagudo,2026-09-28 14:00:00,99,0.0,26,56,39,2.9
Monteagudo,2026-09-28 14:00:00,102,0.0,22,56,18,2.8
Monteagudo,2026-09-28 14:00:00,105,0.0,20,56,358,1.9
Monteagudo,2026-09-28 14:00:00,108,0.0,17,56,329,1.0
Orinoca,2026-09-28 14:00:00,3,0.0,23,36,360,9.5
Orinoca,2026-09-28 14:00:00,6,0.0,14,55,360,10.9
Orinoca,2026-09-28 14:00:00,9,0.0,10,56,342,7.1
Orinoca,2026-09-28 14:00:00,12,0.0,7,56,324,3.3
Orinoca,2026-09-28 14:00:00,15,0.0,7,56,241,6.8
Orinoca,2026-09-28 14:00:00,18,0.0,10,56,230,5.8
Orinoca,2026-09-28 14:00:00,21,0.0,12,56,242,4.4
Orinoca,2026-09-28 14:00:00,24,3.3,14,89,254,3.0
Orinoca,2026-09-28 14:00:00,27,5.3,14,89,312,3.3
Orinoca,2026-09-28 14:00:00,30,4.0,12,89,360,3.6
Orinoca,2026-09-28 14:00:00,33,2.8,10,89,358,3.4
Orinoca,2026-09-28 14:00:00,36,4.4,7,89,348,3.2
Orinoca,2026-09-28 14:00:00,39,0.0,7,56,252,5.6
Orinoca,2026-09-28 14:00:00,42,0.0,9,56,250,6.9
Orinoca,2026-09-28 14:00:00,45,0.0,11,56,250,7.5
Orinoca,2026-09-28 14:00:00,48,0.0,12,56,250,8.2
Orinoca,2026-09-28 14:00:00,51,0.0,12,56,241,8.9
Orinoca,2026-09-28 14:00:00,54,0.0,9,56,231,9.6
Orinoca,2026-09-28 14:00:00,57,0.0,7,55,250,6.5
Orinoca,2026-09-28 14:00:00,60,0.0,5,26,266,3.3
Orinoca,2026-09-28 14:00:00,63,0.0,5,26,200,3.2
Orinoca,2026-09-28 14:00:00,66,0.0,7,26,168,2.6
Orinoca,2026-09-28 14:00:00,69,0.0,10,25,184,2.4
Orinoca,2026-09-28 14:00:00,72,0.0,13,26,346,2.2
Orinoca,2026-09-28 14:00:00,75,0.0,13,26,68,4.1
Orinoca,2026-09-28 14:00:00,78,0.0,10,26,148,6.0
Orinoca,2026-09-28 14:00:00,81,0.0,7,26,148,3.7
Orinoca,2026-09-28 14:00:00,84,0.0,4,26,144,1.5
Orinoca,2026-09-28 14:00:00,87,0.0,4,26,348,2.7
Orinoca,2026-09-28 14:00:00,90,0.0,8,26,296,3.0
Orinoca,2026-09-28 14:00:00,93,0.0,11,26,272,4.1
Orinoca,2026-09-28 14:00:00,96,0.0,14,26,245,5.1
Orinoca,2026-09-28 14:00:00,99,0.0,14,26,242,7.1
Orinoca,2026-09-28 14:00:00,102,0.0,12,26,230,9.0
Orinoca,2026-09-28 14:00:00,105,0.0,10,26,220,6.1
Orinoca,2026-09-28 14:00:00,108,0.0,7,26,208,3.1
Oruro - Aeropuerto,2026-09-28 14:00:00,3,0.0,22,36,17,7.1
Oruro - Aeropuerto,2026-09-28 14:00:00,6,0.0,12,56,20,4.9
Oruro - Aeropuerto,2026-09-28 14:00:00,9,0.0,7,56,10,4.0
Oruro - Aeropuerto,2026-09-28 14:00:00,12,0.0,4,56,358,3.1
Oruro - Aeropuerto,2026-09-28 14:00:00,15,0.0,4,56,269,3.8
Oruro - Aeropuerto,2026-09-28 14:00:00,18,0.0,7,55,211,4.0
Oruro - Aeropuerto,2026-09-28 14:00:00,21,0.0,10,56,211,3.8
Oruro - Aeropuerto,2026-09-28 14:00:00,24,3.4,14,89,203,3.5
Oruro - Aeropuerto,2026-09-28 14:00:00,27,2.6,14,89,253,2.7
Oruro - Aeropuerto,2026-09-28 14:00:00,30,2.2,11,89,293,2.0
Oruro - Aeropuerto,2026-09-28 14:00:00,33,1.7,7,89,290,2.5
Oruro - Aeropuerto,2026-09-28 14:00:00,36,3.4,4,90,279,2.9
Oruro - Aeropuerto,2026-09-28 14:00:00,39,0.0,4,56,308,2.3
Oruro - Aeropuerto,2026-09-28 14:00:00,42,0.0,7,56,289,1.9
Oruro - Aeropuerto,2026-09-28 14:00:00,45,0.0,12,56,269,4.9
Oruro - Aeropuerto,2026-09-28 14:00:00,48,0.0,14,57,242,8.1
Oruro - Aeropuerto,2026-09-28 14:00:00,51,0.0,14,56,232,9.2
Oruro - Aeropuerto,2026-09-28 14:00:00,54,0.0,11,56,220,10.2
Oruro - Aeropuerto,2026-09-28 14:00:00,57,0.0,7,56,243,6.4
Oruro - Aeropuerto,2026-09-28 14:00:00,60,0.0,2,26,265,2.6
Oruro - Aeropuerto,2026-09-28 14:00:00,63,0.0,2,26,213,2.7
Oruro - Aeropuerto,2026-09-28 14:00:00,66,0.0,6,26,212,1.7
Oruro - Aeropuerto,2026-09-28 14:00:00,69,0.0,9,26,252,3.2
Oruro - Aeropuerto,2026-09-28 14:00:00,72,0.0,15,26,289,4.6
Oruro - Aeropuerto,2026-09-28 14:00:00,75,0.0,15,25,6,4.3
Oruro - Aeropuerto,2026-09-28 14:00:00,78,0.0,10,26,76,4.0
Oruro - Aeropuerto,2026-09-28 14:00:00,81,0.0,7,26,70,3.8
Oruro - Aeropuerto,2026-09-28 14:00:00,84,0.0,1,26,64,3.5
Oruro - Aeropuerto,2026-09-28 14:00:00,87,0.0,1,26,9,2.8
Oruro - Aeropuerto,2026-09-28 14:00:00,90,0.0,6,25,305,1.0
Oruro - Aeropuerto,2026-09-28 14:00:00,93,0.0,10,26,280,3.4
Oruro - Aeropuerto,2026-09-28 14:00:00,96,0.0,16,25,253,5.7
Oruro - Aeropuerto,2026-09-28 14:00:00,99,0.0,16,26,227,5.1
Oruro - Aeropuerto,2026-09-28 14:00:00,102,0.0,12,25,194,4.5
Oruro - Aeropuerto,2026-09-28 14:00:00,105,0.0,9,26,198,3.3
Oruro - Aeropuerto,2026-09-28 14:00:00,108,0.0,6,26,192,2.1
Oruro - Ciudad,2026-09-28 14:00:00,3,0.0,22,36,7,8.3
Oruro - Ciudad,2026-09-28 14:00:00,6,0.0,15,56,17,8.7
Oruro - Ciudad,2026-09-28 14:00:00,9,0.0,9,56,7,6.8
Oruro - Ciudad,2026-09-28 14:00:00,12,0.0,6,56,350,4.9
Oruro - Ciudad,2026-09-28 14:00:00,15,0.0,6,55,246,5.4
Oruro - Ciudad,2026-09-28 14:00:00,18,0.0,7,56,211,5.3
Oruro - Ciudad,2026-09-28 14:00:00,21,0.0,10,56,201,4.9
Oruro - Ciudad,2026-09-28 14:00:00,24,2.8,15,89,191,4.5
Oruro - Ciudad,2026-09-28 14:00:00,27,3.4,15,89,132,3.1
Oruro - Ciudad,2026-09-28 14:00:00,30,3.5,12,89,64,1.8
Oruro - Ciudad,2026-09-28 14:00:00,33,2.6,10,89,14,3.1
Oruro - Ciudad,2026-09-28 14:00:00,36,3.3,6,89,320,4.4
Oruro - Ciudad,2026-09-28 14:00:00,39,0.0,6,57,305,3.2
Oruro - Ciudad,2026-09-28 14:00:00,42,0.0,9,56,275,3.6
Oruro - Ciudad,2026-09-28 14:00:00,45,0.0,12,56,259,6.1
Oruro - Ciudad,2026-09-28 14:00:00,48,0.0,14,57,240,8.5
Oruro - Ciudad,2026-09-28 14:00:00,51,0.0,14,56,240,9.4
Oruro - Ciudad,2026-09-28 14:00:00,54,0.0,10,56,230,10.3
Oruro - Ciudad,2026-09-28 14:00:00,57,0.0,6,56,256,7.0
Oruro - Ciudad,2026-09-28 14:00:00,60,0.0,4,26,276,3.8
Oruro - Ciudad,2026-09-28 14:00:00,63,0.0,4,26,214,3.0
Oruro - Ciudad,2026-09-28 14:00:00,66,0.0,9,26,192,2.3
Oruro - Ciudad,2026-09-28 14:00:00,69,0.0,13,26,246,1.9
Oruro - Ciudad,2026-09-28 14:00:00,72,0.0,15,26,4,1.5
Oruro - Ciudad,2026-09-28 14:00:00,75,0.0,15,26,247,2.3
Oruro - Ciudad,2026-09-28 14:00:00,78,0.0,11,26,217,3.0
Oruro - Ciudad,2026-09-28 14:00:00,81,0.0,6,26,347,4.2
Oruro - Ciudad,2026-09-28 14:00:00,84,0.0,3,27,29,5.4
Oruro - Ciudad,2026-09-28 14:00:00,87,0.0,3,25,9,3.5
Oruro - Ciudad,2026-09-28 14:00:00,90,0.0,8,26,342,2.5
Oruro - Ciudad,2026-09-28 14:00:00,93,0.0,12,26,292,3.6
Oruro - Ciudad,2026-09-28 14:00:00,96,0.0,16,26,237,4.8
Oruro - Ciudad,2026-09-28 14:00:00,99,0.0,16,26,238,6.8
Oruro - Ciudad,2026-09-28 14:00:00,102,0.0,12,26,231,8.9
Oruro - Ciudad,2026-09-28 14:00:00,105,0.0,9,26,225,5.7
Oruro - Ciudad,2026-09-28 14:00:00,108,0.0,6,26,211,2.6
Pailon - Pozo del Tigre,2026-09-28 14:00:00,3,0.0,36,36,330,5.8
Pailon - Pozo del Tigre,2026-09-28 14:00:00,6,0.0,28,26,330,4.7
Pailon - Pozo del Tigre,2026-09-28 14:00:00,9,0.0,26,27,330,5.2
Pailon - Pozo del Tigre,2026-09-28 14:00:00,12,0.0,25,27,323,5.8
Pailon - Pozo del Tigre,2026-09-28 14:00:00,15,0.0,25,26,333,5.4
Pailon - Pozo del Tigre,2026-09-28 14:00:00,18,0.0,27,26,320,6.5
Pailon - Pozo del Tigre,2026-09-28 14:00:00,21,0.0,29,26,330,6.4
Pailon - Pozo del Tigre,2026-09-28 14:00:00,24,0.0,35,37,330,6.4
Pailon - Pozo del Tigre,2026-09-28 14:00:00,27,0.0,35,36,303,5.2
Pailon - Pozo del Tigre,2026-09-28 14:00:00,30,0.0,28,56,273,4.1
Pailon - Pozo del Tigre,2026-09-28 14:00:00,33,0.0,24,56,223,4.7
Pailon - Pozo del Tigre,2026-09-28 14:00:00,36,0.0,21,56,170,5.3
Pailon - Pozo del Tigre,2026-09-28 14:00:00,39,3.6,21,90,162,3.8
Pailon - Pozo del Tigre,2026-09-28 14:00:00,42,2.2,22,89,171,3.7
Pailon - Pozo del Tigre,2026-09-28 14:00:00,45,5.8,24,89,170,3.0
Pailon - Pozo del Tigre,2026-09-28 14:00:00,48,4.3,25,89,159,2.3
Pailon - Pozo del Tigre,2026-09-28 14:00:00,51,4.2,25,90,147,1.7
Pailon - Pozo del Tigre,2026-09-28 14:00:00,54,0.0,23,57,133,1.2
Pailon - Pozo del Tigre,2026-09-28 14:00:00,57,0.0,22,56,204,1.0
Pailon - Pozo del Tigre,2026-09-28 14:00:00,60,0.0,21,57,273,0.9
Pailon - Pozo del Tigre,2026-09-28 14:00:00,63,0.0,21,56,150,1.7
Pailon - Pozo del Tigre,2026-09-28 14:00:00,66,0.0,22,56,163,2.2
Pailon - Pozo del Tigre,2026-09-28 14:00:00,69,0.0,22,57,163,3.0
Pailon - Pozo del Tigre,2026-09-28 14:00:00,72,0.0,23,56,160,3.7
Pailon - Pozo del Tigre,2026-09-28 14:00:00,75,0.0,23,57,118,2.5
Pailon - Pozo del Tigre,2026-09-28 14:00:00,78,0.0,22,56,68,1.2
Pailon - Pozo del Tigre,2026-09-28 14:00:00,81,0.0,22,56,58,0.9
Pailon - Pozo del Tigre,2026-09-28 14:00:00,84,0.0,21,56,44,0.5
Pailon - Pozo del Tigre,2026-09-28 14:00:00,87,0.0,21,56,164,0.9
Pailon - Pozo del Tigre,2026-09-28 14:00:00,90,0.0,23,56,144,1.2
Pailon - Pozo del Tigre,2026-09-28 14:00:00,93,0.0,25,56,93,1.8
Pailon - Pozo del Tigre,2026-09-28 14:00:00,96,0.0,26,56,38,2.3
Pailon - Pozo del Tigre,2026-09-28 14:00:00,99,0.0,26,56,40,2.4
Pailon - Pozo del Tigre,2026-09-28 14:00:00,102,0.0,23,56,31,2.5
Pailon - Pozo del Tigre,2026-09-28 14:00:00,105,0.0,22,56,11,2.8
Pailon - Pozo del Tigre,2026-09-28 14:00:00,108,0.0,21,56,350,3.2
Palos Blancos,2026-09-28 14:00:00,3,1.7,34,76,310,1.5
Palos Blancos,2026-09-28 14:00:00,6,2.0,29,76,257,1.1
Palos Blancos,2026-09-28 14:00:00,9,1.9,25,76,237,0.9
Palos Blancos,2026-09-28 14:00:00,12,0.0,22,37,210,0.7
Palos Blancos,2026-09-28 14:00:00,15,0.0,22,36,212,0.8
Palos Blancos,2026-09-28 14:00:00,18,0.0,25,36,212,0.7
Palos Blancos,2026-09-28 14:00:00,21,0.0,29,36,288,1.9
Palos Blancos,2026-09-28 14:00:00,24,5.3,31,85,3,3.1
Palos Blancos,2026-09-28 14:00:00,27,2.2,31,83,288,2.0
Palos Blancos,2026-09-28 14:00:00,30,2.2,27,88,205,0.9
Palos Blancos,2026-09-28 14:00:00,33,5.3,23,89,200,0.9
Palos Blancos,2026-09-28 14:00:00,36,3.9,21,89,189,1.0
Palos Blancos,2026-09-28 14:00:00,39,0.0,21,56,150,0.9
Palos Blancos,2026-09-28 14:00:00,42,0.0,21,57,129,1.0
Palos Blancos,2026-09-28 14:00:00,45,0.0,23,56,78,1.5
Palos Blancos,2026-09-28 14:00:00,48,2.0,25,88,20,2.0
Palos Blancos,2026-09-28 14:00:00,51,1.5,25,89,43,1.5
Palos Blancos,2026-09-28 14:00:00,54,0.0,24,57,57,1.0
Palos Blancos,2026-09-28 14:00:00,57,0.0,24,56,38,0.6
Palos Blancos,2026-09-28 14:00:00,60,0.0,22,37,17,0.2
Palos Blancos,2026-09-28 14:00:00,63,0.0,22,36,121,0.6
Palos Blancos,2026-09-28 14:00:00,66,0.0,23,35,69,0.6
Palos Blancos,2026-09-28 14:00:00,69,0.0,25,36,22,1.2
Palos Blancos,2026-09-28 14:00:00,72,0.0,26,56,328,1.8
Palos Blancos,2026-09-28 14:00:00,75,0.0,26,56,35,1.5
Palos Blancos,2026-09-28 14:00:00,78,1.2,24,90,96,1.1
Palos Blancos,2026-09-28 14:00:00,81,2.0,23,89,144,0.9
Palos Blancos,2026-09-28 14:00:00,84,0.0,22,36,190,0.8
Palos Blancos,2026-09-28 14:00:00,87,0.0,22,36,215,0.4
Palos Blancos,2026-09-28 14:00:00,90,0.0,24,36,273,0.2
Palos Blancos,2026-09-28 14:00:00,93,0.0,27,36,321,1.0
Palos Blancos,2026-09-28 14:00:00,96,0.0,28,36,8,1.8
Palos Blancos,2026-09-28 14:00:00,99,0.0,28,37,56,1.4
Palos Blancos,2026-09-28 14:00:00,102,0.0,25,36,102,1.0
Palos Blancos,2026-09-28 14:00:00,105,0.0,23,36,156,0.8
Palos Blancos,2026-09-28 14:00:00,108,0.0,21,36,201,0.5
Paniagua_M (GPRS),2026-09-28 14:00:00,3,1.8,33,76,327,2.1
Paniagua_M (GPRS),2026-09-28 14:00:00,6,2.3,29,76,276,0.9
Paniagua_M (GPRS),2026-09-28 14:00:00,9,2.3,25,76,273,1.1
Paniagua_M (GPRS),2026-09-28 14:00:00,12,0.0,22,36,266,1.2
Paniagua_M (GPRS),2026-09-28 14:00:00,15,0.0,22,36,320,1.1
Paniagua_M (GPRS),2026-09-28 14:00:00,18,0.0,25,36,60,0.5
Paniagua_M (GPRS),2026-09-28 14:00:00,21,0.0,28,36,72,2.1
Paniagua_M (GPRS),2026-09-28 14:00:00,24,2.6,30,84,79,3.7
Paniagua_M (GPRS),2026-09-28 14:00:00,27,3.7,30,84,149,2.4
Paniagua_M (GPRS),2026-09-28 14:00:00,30,4.2,25,89,217,1.2
Paniagua_M (GPRS),2026-09-28 14:00:00,33,3.0,22,89,170,1.0
Paniagua_M (GPRS),2026-09-28 14:00:00,36,2.1,21,90,116,0.8
Paniagua_M (GPRS),2026-09-28 14:00:00,39,0.0,21,56,140,1.0
Paniagua_M (GPRS),2026-09-28 14:00:00,42,0.0,22,56,77,1.0
Paniagua_M (GPRS),2026-09-28 14:00:00,45,0.0,23,56,69,1.8
Paniagua_M (GPRS),2026-09-28 14:00:00,48,2.7,24,89,55,2.6
Paniagua_M (GPRS),2026-09-28 14:00:00,51,3.9,24,89,81,1.7
Paniagua_M (GPRS),2026-09-28 14:00:00,54,0.0,23,56,184,0.8
Paniagua_M (GPRS),2026-09-28 14:00:00,57,0.0,23,56,175,0.9
Paniagua_M (GPRS),2026-09-28 14:00:00,60,0.0,22,36,164,1.1
Paniagua_M (GPRS),2026-09-28 14:00:00,63,0.0,22,36,312,1.0
Paniagua_M (GPRS),2026-09-28 14:00:00,66,0.0,23,36,14,0.5
Paniagua_M (GPRS),2026-09-28 14:00:00,69,0.0,24,36,40,1.3
Paniagua_M (GPRS),2026-09-28 14:00:00,72,0.0,25,56,63,2.0
Paniagua_M (GPRS),2026-09-28 14:00:00,75,0.0,25,56,145,1.6
Paniagua_M (GPRS),2026-09-28 14:00:00,78,1.9,24,89,217,1.1
Paniagua_M (GPRS),2026-09-28 14:00:00,81,2.3,23,89,237,1.2
Paniagua_M (GPRS),2026-09-28 14:00:00,84,0.0,22,36,249,1.3
Paniagua_M (GPRS),2026-09-28 14:00:00,87,0.0,22,36,271,1.0
Paniagua_M (GPRS),2026-09-28 14:00:00,90,0.0,24,36,339,0.8
Paniagua_M (GPRS),2026-09-28 14:00:00,93,0.0,25,36,23,1.5
Paniagua_M (GPRS),2026-09-28 14:00:00,96,0.0,27,36,60,2.2
Paniagua_M (GPRS),2026-09-28 14:00:00,99,0.0,27,36,126,1.6
Paniagua_M (GPRS),2026-09-28 14:00:00,102,0.0,26,36,191,1.0
Paniagua_M (GPRS),2026-09-28 14:00:00,105,0.0,24,36,209,1.0
Paniagua_M (GPRS),2026-09-28 14:00:00,108,0.0,23,36,221,1.1
Patacamaya (INIAF),2026-09-28 14:00:00,3,0.0,17,55,29,6.2
Patacamaya (INIAF),2026-09-28 14:00:00,6,0.0,11,56,29,5.3
Patacamaya (INIAF),2026-09-28 14:00:00,9,0.0,6,57,20,4.5
Patacamaya (INIAF),2026-09-28 14:00:00,12,3.6,1,89,10,3.7
Patacamaya (INIAF),2026-09-28 14:00:00,15,2.9,1,88,290,2.6
Patacamaya (INIAF),2026-09-28 14:00:00,18,3.1,6,88,251,2.1
Patacamaya (INIAF),2026-09-28 14:00:00,21,4.6,10,89,219,2.4
Patacamaya (INIAF),2026-09-28 14:00:00,24,4.6,12,89,180,2.7
Patacamaya (INIAF),2026-09-28 14:00:00,27,1.0,12,90,177,2.2
Patacamaya (INIAF),2026-09-28 14:00:00,30,1.0,10,90,165,1.6
Patacamaya (INIAF),2026-09-28 14:00:00,33,3.3,6,89,246,2.0
Patacamaya (INIAF),2026-09-28 14:00:00,36,3.0,1,89,317,2.5
Patacamaya (INIAF),2026-09-28 14:00:00,39,0.0,1,56,280,2.6
Patacamaya (INIAF),2026-09-28 14:00:00,42,0.0,3,56,279,3.0
Patacamaya (INIAF),2026-09-28 14:00:00,45,0.0,7,56,279,4.5
Patacamaya (INIAF),2026-09-28 14:00:00,48,0.0,11,36,270,6.0
Patacamaya (INIAF),2026-09-28 14:00:00,51,0.0,11,37,250,8.2
Patacamaya (INIAF),2026-09-28 14:00:00,54,0.0,9,36,221,10.3
Patacamaya (INIAF),2026-09-28 14:00:00,57,0.0,6,37,251,6.4
Patacamaya (INIAF),2026-09-28 14:00:00,60,0.0,2,25,271,2.5
Patacamaya (INIAF),2026-09-28 14:00:00,63,0.0,2,26,327,1.3
Patacamaya (INIAF),2026-09-28 14:00:00,66,0.0,4,26,23,0.8
Patacamaya (INIAF),2026-09-28 14:00:00,69,0.0,8,26,78,1.4
Patacamaya (INIAF),2026-09-28 14:00:00,72,0.0,12,36,133,2.0
Patacamaya (INIAF),2026-09-28 14:00:00,75,0.0,12,35,72,2.9
Patacamaya (INIAF),2026-09-28 14:00:00,78,0.0,9,35,9,3.8
Patacamaya (INIAF),2026-09-28 14:00:00,81,0.0,5,36,20,2.9
Patacamaya (INIAF),2026-09-28 14:00:00,84,0.0,2,26,30,2.0
Patacamaya (INIAF),2026-09-28 14:00:00,87,0.0,2,26,359,3.0
Patacamaya (INIAF),2026-09-28 14:00:00,90,0.0,6,25,339,2.6
Patacamaya (INIAF),2026-09-28 14:00:00,93,0.0,10,27,289,2.8
Patacamaya (INIAF),2026-09-28 14:00:00,96,0.0,13,26,230,3.0
Patacamaya (INIAF),2026-09-28 14:00:00,99,0.0,13,26,281,3.5
Patacamaya (INIAF),2026-09-28 14:00:00,102,0.0,10,26,329,4.1
Patacamaya (INIAF),2026-09-28 14:00:00,105,0.0,8,27,309,2.9
Patacamaya (INIAF),2026-09-28 14:00:00,108,0.0,6,27,281,1.7
Potosí,2026-09-28 14:00:00,3,0.0,20,36,5,6.1
Potosí,2026-09-28 14:00:00,6,0.0,15,56,346,4.5
Potosí,2026-09-28 14:00:00,9,0.0,9,56,339,3.5
Potosí,2026-09-28 14:00:00,12,0.0,6,56,326,2.5
Potosí,2026-09-28 14:00:00,15,0.0,6,55,289,2.6
Potosí,2026-09-28 14:00:00,18,0.0,11,56,292,2.4
Potosí,2026-09-28 14:00:00,21,0.0,13,56,289,2.9
Potosí,2026-09-28 14:00:00,24,0.0,19,56,280,3.3
Potosí,2026-09-28 14:00:00,27,0.0,19,56,289,5.1
Potosí,2026-09-28 14:00:00,30,0.0,11,57,297,6.8
Potosí,2026-09-28 14:00:00,33,0.0,8,56,293,6.3
Potosí,2026-09-28 14:00:00,36,0.0,5,56,283,5.8
Potosí,2026-09-28 14:00:00,39,0.0,5,56,276,3.2
Potosí,2026-09-28 14:00:00,42,0.0,7,56,270,2.5
Potosí,2026-09-28 14:00:00,45,0.0,10,56,261,6.0
Potosí,2026-09-28 14:00:00,48,0.0,17,56,249,9.5
Potosí,2026-09-28 14:00:00,51,0.0,17,56,250,8.6
Potosí,2026-09-28 14:00:00,54,0.0,11,56,243,7.7
Potosí,2026-09-28 14:00:00,57,0.0,7,56,203,4.4
Potosí,2026-09-28 14:00:00,60,0.0,4,26,154,0.9
Potosí,2026-09-28 14:00:00,63,0.0,4,27,143,2.3
Potosí,2026-09-28 14:00:00,66,0.0,6,26,134,2.0
Potosí,2026-09-28 14:00:00,69,0.0,11,25,126,2.4
Potosí,2026-09-28 14:00:00,72,0.0,18,36,116,2.7
Potosí,2026-09-28 14:00:00,75,0.0,18,36,74,2.0
Potosí,2026-09-28 14:00:00,78,0.0,13,26,24,1.3
Potosí,2026-09-28 14:00:00,81,0.0,8,26,340,1.3
Potosí,2026-09-28 14:00:00,84,0.0,4,26,286,1.1
Potosí,2026-09-28 14:00:00,87,0.0,4,26,287,1.7
Potosí,2026-09-28 14:00:00,90,0.0,7,26,271,1.4
Potosí,2026-09-28 14:00:00,93,0.0,12,26,337,1.8
Potosí,2026-09-28 14:00:00,96,0.0,18,26,36,2.2
Potosí,2026-09-28 14:00:00,99,0.0,19,26,326,4.1
Potosí,2026-09-28 14:00:00,102,0.0,15,27,257,5.9
Potosí,2026-09-28 14:00:00,105,0.0,12,26,270,4.4
Potosí,2026-09-28 14:00:00,108,0.0,9,26,277,2.8
Potosí Aeropuerto,2026-09-28 14:00:00,3,0.0,20,35,351,7.1
Potosí Aeropuerto,2026-09-28 14:00:00,6,0.0,17,57,350,5.5
Potosí Aeropuerto,2026-09-28 14:00:00,9,0.0,13,55,320,4.0
Potosí Aeropuerto,2026-09-28 14:00:00,12,0.0,6,56,290,2.5
Potosí Aeropuerto,2026-09-28 14:00:00,15,0.0,6,56,260,3.0
Potosí Aeropuerto,2026-09-28 14:00:00,18,0.0,10,56,250,2.6
Potosí Aeropuerto,2026-09-28 14:00:00,21,0.0,13,56,269,3.9
Potosí Aeropuerto,2026-09-28 14:00:00,24,0.0,16,56,279,5.3
Potosí Aeropuerto,2026-09-28 14:00:00,27,0.0,16,56,280,6.6
Potosí Aeropuerto,2026-09-28 14:00:00,30,0.0,12,55,280,8.0
Potosí Aeropuerto,2026-09-28 14:00:00,33,0.0,8,55,280,6.6
Potosí Aeropuerto,2026-09-28 14:00:00,36,0.0,5,56,280,5.2
Potosí Aeropuerto,2026-09-28 14:00:00,39,0.0,5,57,270,4.1
Potosí Aeropuerto,2026-09-28 14:00:00,42,0.0,8,56,270,3.6
Potosí Aeropuerto,2026-09-28 14:00:00,45,0.0,10,56,260,7.3
Potosí Aeropuerto,2026-09-28 14:00:00,48,0.0,15,56,250,10.9
Potosí Aeropuerto,2026-09-28 14:00:00,51,0.0,15,56,260,9.6
Potosí Aeropuerto,2026-09-28 14:00:00,54,0.0,11,56,260,8.3
Potosí Aeropuerto,2026-09-28 14:00:00,57,0.0,7,55,259,5.0
Potosí Aeropuerto,2026-09-28 14:00:00,60,0.0,4,26,249,1.7
Potosí Aeropuerto,2026-09-28 14:00:00,63,0.0,4,26,190,2.9
Potosí Aeropuerto,2026-09-28 14:00:00,66,0.0,7,26,168,2.3
Potosí Aeropuerto,2026-09-28 14:00:00,69,0.0,11,26,130,3.6
Potosí Aeropuerto,2026-09-28 14:00:00,72,0.0,15,35,91,5.0
Potosí Aeropuerto,2026-09-28 14:00:00,75,0.0,15,36,99,3.8
Potosí Aeropuerto,2026-09-28 14:00:00,78,0.0,11,27,98,2.7
Potosí Aeropuerto,2026-09-28 14:00:00,81,0.0,8,25,58,1.8
Potosí Aeropuerto,2026-09-28 14:00:00,84,0.0,4,26,9,0.8
Potosí Aeropuerto,2026-09-28 14:00:00,87,0.0,4,27,318,1.5
Potosí Aeropuerto,2026-09-28 14:00:00,90,0.0,6,25,250,1.6
Potosí Aeropuerto,2026-09-28 14:00:00,93,0.0,11,27,260,4.7
Potosí Aeropuerto,2026-09-28 14:00:00,96,0.0,16,27,269,7.6
Potosí Aeropuerto,2026-09-28 14:00:00,99,0.0,16,25,270,6.6
Potosí Aeropuerto,2026-09-28 14:00:00,102,0.0,13,26,270,5.6
Potosí Aeropuerto,2026-09-28 14:00:00,105,0.0,9,27,280,4.7
Potosí Aeropuerto,2026-09-28 14:00:00,108,0.0,6,25,290,3.8
Puerto Rico S,2026-09-28 14:00:00,3,0.0,37,35,350,2.4
Puerto Rico S,2026-09-28 14:00:00,6,0.0,30,36,330,2.0
Puerto Rico S,2026-09-28 14:00:00,9,0.0,27,36,340,1.5
Puerto Rico S,2026-09-28 14:00:00,12,0.0,23,36,340,1.1
Puerto Rico S,2026-09-28 14:00:00,15,0.0,23,36,300,2.1
Puerto Rico S,2026-09-28 14:00:00,18,0.0,27,36,310,2.5
Puerto Rico S,2026-09-28 14:00:00,21,0.0,30,36,330,2.8
Puerto Rico S,2026-09-28 14:00:00,24,4.4,35,89,340,3.1
Puerto Rico S,2026-09-28 14:00:00,27,1.6,35,89,360,2.2
Puerto Rico S,2026-09-28 14:00:00,30,0.0,28,56,13,1.1
Puerto Rico S,2026-09-28 14:00:00,33,0.0,25,56,100,1.2
Puerto Rico S,2026-09-28 14:00:00,36,0.0,22,56,184,1.2
Puerto Rico S,2026-09-28 14:00:00,39,3.8,22,89,138,0.6
Puerto Rico S,2026-09-28 14:00:00,42,2.9,25,89,246,0.3
Puerto Rico S,2026-09-28 14:00:00,45,4.0,28,89,297,0.7
Puerto Rico S,2026-09-28 14:00:00,48,3.6,30,90,347,1.1
Puerto Rico S,2026-09-28 14:00:00,51,3.7,30,89,71,1.1
Puerto Rico S,2026-09-28 14:00:00,54,3.8,27,89,155,1.1
Puerto Rico S,2026-09-28 14:00:00,57,4.4,25,89,141,1.5
Puerto Rico S,2026-09-28 14:00:00,60,0.5,22,89,117,2.0
Puerto Rico S,2026-09-28 14:00:00,63,2.3,22,90,120,1.7
Puerto Rico S,2026-09-28 14:00:00,66,2.7,24,89,120,1.9
Puerto Rico S,2026-09-28 14:00:00,69,0.9,27,88,140,1.7
Puerto Rico S,2026-09-28 14:00:00,72,1.8,31,89,150,1.5
Puerto Rico S,2026-09-28 14:00:00,75,1.5,31,90,130,2.1
Puerto Rico S,2026-09-28 14:00:00,78,0.6,28,89,110,2.8
Puerto Rico S,2026-09-28 14:00:00,81,2.3,25,90,157,1.9
Puerto Rico S,2026-09-28 14:00:00,84,0.0,22,56,193,1.1
Puerto Rico S,2026-09-28 14:00:00,87,0.0,22,56,144,0.8
Puerto Rico S,2026-09-28 14:00:00,90,0.0,25,56,134,1.0
Puerto Rico S,2026-09-28 14:00:00,93,0.0,28,56,173,0.9
Puerto Rico S,2026-09-28 14:00:00,96,0.0,31,56,213,0.7
Puerto Rico S,2026-09-28 14:00:00,99,0.0,31,56,156,0.6
Puerto Rico S,2026-09-28 14:00:00,102,0.0,28,56,46,0.5
Puerto Rico S,2026-09-28 14:00:00,105,0.0,26,56,13,0.6
Puerto Rico S,2026-09-28 14:00:00,108,0.0,24,56,330,0.7
Puerto Suárez,2026-09-28 14:00:00,3,0.0,41,36,360,3.8
Puerto Suárez,2026-09-28 14:00:00,6,0.0,34,25,3,2.5
Puerto Suárez,2026-09-28 14:00:00,9,0.0,28,26,10,2.3
Puerto Suárez,2026-09-28 14:00:00,12,0.0,22,26,10,2.3
Puerto Suárez,2026-09-28 14:00:00,15,0.0,22,26,359,3.5
Puerto Suárez,2026-09-28 14:00:00,18,0.0,29,25,329,4.7
Puerto Suárez,2026-09-28 14:00:00,21,0.0,34,26,339,5.4
Puerto Suárez,2026-09-28 14:00:00,24,0.0,43,36,340,5.9
Puerto Suárez,2026-09-28 14:00:00,27,0.0,43,35,333,4.8
Puerto Suárez,2026-09-28 14:00:00,30,0.0,33,57,323,3.6
Puerto Suárez,2026-09-28 14:00:00,33,0.0,27,56,273,3.5
Puerto Suárez,2026-09-28 14:00:00,36,0.0,20,57,219,3.2
Puerto Suárez,2026-09-28 14:00:00,39,3.8,20,89,220,3.4
Puerto Suárez,2026-09-28 14:00:00,42,4.3,26,89,230,3.2
Puerto Suárez,2026-09-28 14:00:00,45,2.2,29,89,230,4.1
Puerto Suárez,2026-09-28 14:00:00,48,1.8,33,90,221,5.1
Puerto Suárez,2026-09-28 14:00:00,51,2.5,33,89,220,3.7
Puerto Suárez,2026-09-28 14:00:00,54,2.9,29,89,210,2.3
Puerto Suárez,2026-09-28 14:00:00,57,3.4,25,89,240,2.2
Puerto Suárez,2026-09-28 14:00:00,60,2.8,19,89,263,2.0
Puerto Suárez,2026-09-28 14:00:00,63,2.2,19,89,250,2.3
Puerto Suárez,2026-09-28 14:00:00,66,1.9,22,88,273,1.8
Puerto Suárez,2026-09-28 14:00:00,69,2.2,24,89,280,1.4
Puerto Suárez,2026-09-28 14:00:00,72,2.2,30,89,281,1.0
Puerto Suárez,2026-09-28 14:00:00,75,2.8,30,89,211,1.4
Puerto Suárez,2026-09-28 14:00:00,78,0.0,24,56,141,1.7
Puerto Suárez,2026-09-28 14:00:00,81,0.0,20,56,111,1.1
Puerto Suárez,2026-09-28 14:00:00,84,0.0,19,56,72,0.6
Puerto Suárez,2026-09-28 14:00:00,87,0.0,19,55,123,0.8
Puerto Suárez,2026-09-28 14:00:00,90,0.0,22,56,79,0.6
Puerto Suárez,2026-09-28 14:00:00,93,0.0,25,56,69,1.5
Puerto Suárez,2026-09-28 14:00:00,96,0.0,33,56,60,2.5
Puerto Suárez,2026-09-28 14:00:00,99,0.0,33,55,60,2.3
Puerto Suárez,2026-09-28 14:00:00,102,0.0,30,56,58,2.2
Puerto Suárez,2026-09-28 14:00:00,105,0.0,27,57,67,1.7
Puerto Suárez,2026-09-28 14:00:00,108,0.0,25,56,77,1.2
Puerto Villarroel,2026-09-28 14:00:00,3,0.0,34,36,326,3.1
Puerto Villarroel,2026-09-28 14:00:00,6,0.0,31,36,316,2.3
Puerto Villarroel,2026-09-28 14:00:00,9,0.0,27,36,320,1.6
Puerto Villarroel,2026-09-28 14:00:00,12,0.0,23,36,319,0.9
Puerto Villarroel,2026-09-28 14:00:00,15,0.0,23,36,316,2.0
Puerto Villarroel,2026-09-28 14:00:00,18,0.0,26,36,315,1.8
Puerto Villarroel,2026-09-28 14:00:00,21,0.0,28,36,315,3.1
Puerto Villarroel,2026-09-28 14:00:00,24,3.9,32,83,311,4.5
Puerto Villarroel,2026-09-28 14:00:00,27,4.9,32,85,13,3.1
Puerto Villarroel,2026-09-28 14:00:00,30,0.0,28,56,70,1.7
Puerto Villarroel,2026-09-28 14:00:00,33,0.0,24,56,21,1.1
Puerto Villarroel,2026-09-28 14:00:00,36,0.0,22,56,301,0.5
Puerto Villarroel,2026-09-28 14:00:00,39,3.1,22,89,205,1.8
Puerto Villarroel,2026-09-28 14:00:00,42,2.5,24,89,141,1.9
Puerto Villarroel,2026-09-28 14:00:00,45,2.5,25,89,160,2.0
Puerto Villarroel,2026-09-28 14:00:00,48,3.2,28,89,176,2.1
Puerto Villarroel,2026-09-28 14:00:00,51,2.1,28,89,153,1.5
Puerto Villarroel,2026-09-28 14:00:00,54,0.0,27,56,126,0.9
Puerto Villarroel,2026-09-28 14:00:00,57,0.0,24,56,157,0.6
Puerto Villarroel,2026-09-28 14:00:00,60,0.0,21,56,176,0.3
Puerto Villarroel,2026-09-28 14:00:00,63,0.0,21,56,145,0.7
Puerto Villarroel,2026-09-28 14:00:00,66,0.0,24,56,133,1.0
Puerto Villarroel,2026-09-28 14:00:00,69,0.0,27,56,98,1.0
Puerto Villarroel,2026-09-28 14:00:00,72,0.0,29,56,58,1.1
Puerto Villarroel,2026-09-28 14:00:00,75,0.0,29,56,90,1.5
Puerto Villarroel,2026-09-28 14:00:00,78,2.0,27,89,117,1.9
Puerto Villarroel,2026-09-28 14:00:00,81,1.8,24,89,166,1.2
Puerto Villarroel,2026-09-28 14:00:00,84,0.0,21,56,209,0.4
Puerto Villarroel,2026-09-28 14:00:00,87,0.0,21,56,132,0.9
Puerto Villarroel,2026-09-28 14:00:00,90,0.0,24,56,143,0.9
Puerto Villarroel,2026-09-28 14:00:00,93,0.0,28,56,90,1.0
Puerto Villarroel,2026-09-28 14:00:00,96,0.0,30,36,27,1.2
Puerto Villarroel,2026-09-28 14:00:00,99,0.0,30,36,334,1.1
Puerto Villarroel,2026-09-28 14:00:00,102,0.0,28,56,276,1.1
Puerto Villarroel,2026-09-28 14:00:00,105,0.0,25,56,306,1.1
Puerto Villarroel,2026-09-28 14:00:00,108,0.0,23,56,332,1.2
Quetenas (GPRS),2026-09-28 14:00:00,3,0.0,18,36,296,7.4
Quetenas (GPRS),2026-09-28 14:00:00,6,0.0,9,56,255,3.7
Quetenas (GPRS),2026-09-28 14:00:00,9,0.0,5,56,249,3.4
Quetenas (GPRS),2026-09-28 14:00:00,12,0.0,0,56,238,3.1
Quetenas (GPRS),2026-09-28 14:00:00,15,0.0,0,56,262,3.5
Quetenas (GPRS),2026-09-28 14:00:00,18,0.0,4,56,273,2.0
Quetenas (GPRS),2026-09-28 14:00:00,21,0.0,7,56,291,2.9
Quetenas (GPRS),2026-09-28 14:00:00,24,3.9,16,89,306,3.7
Quetenas (GPRS),2026-09-28 14:00:00,27,2.0,16,89,280,3.9
Quetenas (GPRS),2026-09-28 14:00:00,30,1.5,6,89,245,4.0
Quetenas (GPRS),2026-09-28 14:00:00,33,2.5,3,89,245,4.0
Quetenas (GPRS),2026-09-28 14:00:00,36,1.8,1,89,244,4.0
Quetenas (GPRS),2026-09-28 14:00:00,39,0.0,1,36,233,3.4
Quetenas (GPRS),2026-09-28 14:00:00,42,0.0,4,36,223,2.9
Quetenas (GPRS),2026-09-28 14:00:00,45,0.0,7,36,238,6.2
Quetenas (GPRS),2026-09-28 14:00:00,48,0.0,15,56,244,9.5
Quetenas (GPRS),2026-09-28 14:00:00,51,0.0,15,56,220,6.3
Quetenas (GPRS),2026-09-28 14:00:00,54,0.0,7,36,196,3.1
Quetenas (GPRS),2026-09-28 14:00:00,57,0.0,2,36,196,2.9
Quetenas (GPRS),2026-09-28 14:00:00,60,0.0,0,25,190,2.7
Quetenas (GPRS),2026-09-28 14:00:00,63,0.0,0,26,174,1.9
Quetenas (GPRS),2026-09-28 14:00:00,66,0.0,2,27,150,1.6
Quetenas (GPRS),2026-09-28 14:00:00,69,0.0,7,26,70,2.2
Quetenas (GPRS),2026-09-28 14:00:00,72,0.0,14,26,350,2.7
Quetenas (GPRS),2026-09-28 14:00:00,75,0.0,14,26,315,3.3
Quetenas (GPRS),2026-09-28 14:00:00,78,0.0,10,26,275,3.8
Quetenas (GPRS),2026-09-28 14:00:00,81,0.0,6,26,276,2.5
Quetenas (GPRS),2026-09-28 14:00:00,84,0.0,0,26,273,1.3
Quetenas (GPRS),2026-09-28 14:00:00,87,0.0,0,26,233,1.9
Quetenas (GPRS),2026-09-28 14:00:00,90,0.0,4,26,223,1.8
Quetenas (GPRS),2026-09-28 14:00:00,93,0.0,8,26,239,6.0
Quetenas (GPRS),2026-09-28 14:00:00,96,0.0,14,36,250,10.1
Quetenas (GPRS),2026-09-28 14:00:00,99,0.0,14,36,245,7.6
Quetenas (GPRS),2026-09-28 14:00:00,102,0.0,11,26,235,5.1
Quetenas (GPRS),2026-09-28 14:00:00,105,0.0,9,26,235,4.0
Quetenas (GPRS),2026-09-28 14:00:00,108,0.0,5,26,235,2.9
Reyes,2026-09-28 14:00:00,3,0.0,36,35,313,2.5
Reyes,2026-09-28 14:00:00,6,0.0,30,36,283,1.6
Reyes,2026-09-28 14:00:00,9,0.0,26,36,291,1.4
Reyes,2026-09-28 14:00:00,12,0.0,21,36,290,1.1
Reyes,2026-09-28 14:00:00,15,0.0,21,36,281,1.5
Reyes,2026-09-28 14:00:00,18,0.0,26,36,299,1.8
Reyes,2026-09-28 14:00:00,21,0.0,28,36,330,2.8
Reyes,2026-09-28 14:00:00,24,0.0,32,57,360,3.7
Reyes,2026-09-28 14:00:00,27,0.0,32,56,74,2.5
Reyes,2026-09-28 14:00:00,30,4.0,29,89,140,1.4
Reyes,2026-09-28 14:00:00,33,4.0,25,89,174,1.8
Reyes,2026-09-28 14:00:00,36,0.8,20,89,200,2.2
Reyes,2026-09-28 14:00:00,39,3.5,20,88,168,1.2
Reyes,2026-09-28 14:00:00,42,4.0,23,89,150,1.3
Reyes,2026-09-28 14:00:00,45,2.5,25,89,160,1.6
Reyes,2026-09-28 14:00:00,48,3.5,28,89,160,2.0
Reyes,2026-09-28 14:00:00,51,2.3,28,89,160,2.0
Reyes,2026-09-28 14:00:00,54,0.0,25,56,150,2.1
Reyes,2026-09-28 14:00:00,57,0.0,23,56,163,1.6
Reyes,2026-09-28 14:00:00,60,0.0,20,56,173,1.2
Reyes,2026-09-28 14:00:00,63,0.0,20,57,169,1.2
Reyes,2026-09-28 14:00:00,66,0.0,22,56,128,1.6
Reyes,2026-09-28 14:00:00,69,0.0,25,56,130,1.6
Reyes,2026-09-28 14:00:00,72,2.2,29,89,124,1.5
Reyes,2026-09-28 14:00:00,75,1.3,28,89,193,1.0
Reyes,2026-09-28 14:00:00,78,2.0,26,90,287,0.4
Reyes,2026-09-28 14:00:00,81,1.8,23,90,229,0.8
Reyes,2026-09-28 14:00:00,84,0.0,21,56,169,1.2
Reyes,2026-09-28 14:00:00,87,0.0,21,56,158,1.5
Reyes,2026-09-28 14:00:00,90,0.0,24,57,148,1.1
Reyes,2026-09-28 14:00:00,93,0.0,27,56,100,1.5
Reyes,2026-09-28 14:00:00,96,0.0,30,56,50,1.9
Reyes,2026-09-28 14:00:00,99,0.0,30,57,2,1.3
Reyes,2026-09-28 14:00:00,102,0.0,27,37,314,0.6
Reyes,2026-09-28 14:00:00,105,0.0,25,37,293,0.8
Reyes,2026-09-28 14:00:00,108,0.0,23,37,263,0.9
Riberalta,2026-09-28 14:00:00,3,0.0,38,56,349,2.2
Riberalta,2026-09-28 14:00:00,6,0.0,30,36,16,1.3
Riberalta,2026-09-28 14:00:00,9,0.0,28,37,360,1.4
Riberalta,2026-09-28 14:00:00,12,0.0,24,36,340,1.4
Riberalta,2026-09-28 14:00:00,15,0.0,24,36,339,1.8
Riberalta,2026-09-28 14:00:00,18,0.0,26,36,330,2.2
Riberalta,2026-09-28 14:00:00,21,0.0,29,37,330,2.4
Riberalta,2026-09-28 14:00:00,24,0.0,36,56,320,2.7
Riberalta,2026-09-28 14:00:00,27,0.0,36,57,331,2.1
Riberalta,2026-09-28 14:00:00,30,3.7,29,89,332,1.5
Riberalta,2026-09-28 14:00:00,33,2.8,26,89,343,1.3
Riberalta,2026-09-28 14:00:00,36,1.8,23,89,344,1.0
Riberalta,2026-09-28 14:00:00,39,0.0,23,56,32,0.8
Riberalta,2026-09-28 14:00:00,42,0.0,25,56,70,0.7
Riberalta,2026-09-28 14:00:00,45,0.0,28,55,29,1.1
Riberalta,2026-09-28 14:00:00,48,4.7,35,89,339,1.4
Riberalta,2026-09-28 14:00:00,51,1.9,35,89,266,2.2
Riberalta,2026-09-28 14:00:00,54,4.7,29,89,187,2.8
Riberalta,2026-09-28 14:00:00,57,3.4,26,89,167,2.7
Riberalta,2026-09-28 14:00:00,60,0.0,23,56,141,2.4
Riberalta,2026-09-28 14:00:00,63,0.0,23,56,131,2.1
Riberalta,2026-09-28 14:00:00,66,0.0,26,56,121,2.1
Riberalta,2026-09-28 14:00:00,69,0.0,28,56,150,1.9
Riberalta,2026-09-28 14:00:00,72,2.2,34,89,179,1.7
Riberalta,2026-09-28 14:00:00,75,1.9,34,89,159,2.1
Riberalta,2026-09-28 14:00:00,78,1.9,27,89,130,2.5
Riberalta,2026-09-28 14:00:00,81,1.7,23,90,160,2.0
Riberalta,2026-09-28 14:00:00,84,1.5,21,89,185,1.3
Riberalta,2026-09-28 14:00:00,87,3.9,21,89,182,1.0
Riberalta,2026-09-28 14:00:00,90,3.4,25,89,189,1.6
Riberalta,2026-09-28 14:00:00,93,4.9,27,89,154,1.3
Riberalta,2026-09-28 14:00:00,96,0.0,31,56,119,1.1
Riberalta,2026-09-28 14:00:00,99,0.0,31,56,85,1.2
Riberalta,2026-09-28 14:00:00,102,0.0,27,56,50,1.4
Riberalta,2026-09-28 14:00:00,105,0.0,26,56,334,1.2
Riberalta,2026-09-28 14:00:00,108,0.0,21,56,254,1.0
Río Chilenas(GPRS),2026-09-28 14:00:00,3,0.0,16,36,307,8.1
Río Chilenas(GPRS),2026-09-28 14:00:00,6,0.0,9,56,276,5.7
Río Chilenas(GPRS),2026-09-28 14:00:00,9,0.0,4,56,273,4.1
Río Chilenas(GPRS),2026-09-28 14:00:00,12,0.0,0,56,265,2.4
Río Chilenas(GPRS),2026-09-28 14:00:00,15,0.0,0,56,280,2.4
Río Chilenas(GPRS),2026-09-28 14:00:00,18,0.0,3,56,296,1.7
Río Chilenas(GPRS),2026-09-28 14:00:00,21,0.0,5,56,290,2.6
Río Chilenas(GPRS),2026-09-28 14:00:00,24,3.0,13,89,280,3.5
Río Chilenas(GPRS),2026-09-28 14:00:00,27,4.8,13,89,290,3.3
Río Chilenas(GPRS),2026-09-28 14:00:00,30,1.7,5,89,295,3.0
Río Chilenas(GPRS),2026-09-28 14:00:00,33,4.3,3,89,275,3.0
Río Chilenas(GPRS),2026-09-28 14:00:00,36,4.0,0,89,253,2.8
Río Chilenas(GPRS),2026-09-28 14:00:00,39,0.0,0,36,257,3.3
Río Chilenas(GPRS),2026-09-28 14:00:00,42,0.0,2,36,257,3.1
Río Chilenas(GPRS),2026-09-28 14:00:00,45,0.0,5,36,247,6.8
Río Chilenas(GPRS),2026-09-28 14:00:00,48,0.0,12,56,230,10.6
Río Chilenas(GPRS),2026-09-28 14:00:00,51,0.0,12,56,235,8.7
Río Chilenas(GPRS),2026-09-28 14:00:00,54,0.0,5,36,235,6.8
Río Chilenas(GPRS),2026-09-28 14:00:00,57,0.0,1,36,227,4.4
Río Chilenas(GPRS),2026-09-28 14:00:00,60,0.0,-1,26,214,2.1
Río Chilenas(GPRS),2026-09-28 14:00:00,63,0.0,-1,26,167,1.8
Río Chilenas(GPRS),2026-09-28 14:00:00,66,0.0,2,26,119,2.4
Río Chilenas(GPRS),2026-09-28 14:00:00,69,0.0,6,26,92,2.7
Río Chilenas(GPRS),2026-09-28 14:00:00,72,0.0,11,26,65,2.8
Río Chilenas(GPRS),2026-09-28 14:00:00,75,0.0,11,26,4,2.6
Río Chilenas(GPRS),2026-09-28 14:00:00,78,0.0,6,26,299,2.2
Río Chilenas(GPRS),2026-09-28 14:00:00,81,0.0,3,26,302,2.3
Río Chilenas(GPRS),2026-09-28 14:00:00,84,0.0,-1,26,297,2.3
Río Chilenas(GPRS),2026-09-28 14:00:00,87,0.0,-1,26,265,2.2
Río Chilenas(GPRS),2026-09-28 14:00:00,90,0.0,3,26,265,2.3
Río Chilenas(GPRS),2026-09-28 14:00:00,93,0.0,7,26,264,5.0
Río Chilenas(GPRS),2026-09-28 14:00:00,96,0.0,11,36,259,7.7
Río Chilenas(GPRS),2026-09-28 14:00:00,99,0.0,11,36,262,7.3
Río Chilenas(GPRS),2026-09-28 14:00:00,102,0.0,7,26,257,6.9
Río Chilenas(GPRS),2026-09-28 14:00:00,105,0.0,4,26,259,5.5
Río Chilenas(GPRS),2026-09-28 14:00:00,108,0.0,3,26,259,3.9
Robore,2026-09-28 14:00:00,3,0.0,41,36,360,4.8
Robore,2026-09-28 14:00:00,6,0.0,33,26,360,3.3
Robore,2026-09-28 14:00:00,9,0.0,31,26,358,3.0
Robore,2026-09-28 14:00:00,12,0.0,24,27,348,2.6
Robore,2026-09-28 14:00:00,15,0.0,24,25,340,3.7
Robore,2026-09-28 14:00:00,18,0.0,32,26,330,4.9
Robore,2026-09-28 14:00:00,21,0.0,34,26,340,5.8
Robore,2026-09-28 14:00:00,24,0.0,40,36,350,6.7
Robore,2026-09-28 14:00:00,27,0.0,40,35,330,4.7
Robore,2026-09-28 14:00:00,30,0.0,34,56,310,2.6
Robore,2026-09-28 14:00:00,33,0.0,31,56,270,2.8
Robore,2026-09-28 14:00:00,36,0.0,22,55,230,2.9
Robore,2026-09-28 14:00:00,39,4.2,22,89,200,2.9
Robore,2026-09-28 14:00:00,42,2.9,25,90,190,2.6
Robore,2026-09-28 14:00:00,45,3.2,28,90,190,2.5
Robore,2026-09-28 14:00:00,48,3.8,30,89,180,2.3
Robore,2026-09-28 14:00:00,51,4.6,30,88,192,1.7
Robore,2026-09-28 14:00:00,54,3.3,26,90,203,1.1
Robore,2026-09-28 14:00:00,57,3.9,22,90,140,1.5
Robore,2026-09-28 14:00:00,60,2.0,21,89,70,2.0
Robore,2026-09-28 14:00:00,63,1.9,21,89,87,1.1
Robore,2026-09-28 14:00:00,66,2.3,23,89,21,1.0
Robore,2026-09-28 14:00:00,69,2.6,26,89,97,1.0
Robore,2026-09-28 14:00:00,72,2.1,28,89,171,1.1
Robore,2026-09-28 14:00:00,75,2.4,28,89,143,1.0
Robore,2026-09-28 14:00:00,78,0.0,26,57,112,1.0
Robore,2026-09-28 14:00:00,81,0.0,23,56,120,0.9
Robore,2026-09-28 14:00:00,84,0.0,21,56,119,0.7
Robore,2026-09-28 14:00:00,87,0.0,21,56,180,1.1
Robore,2026-09-28 14:00:00,90,0.0,24,57,120,1.3
Robore,2026-09-28 14:00:00,93,0.0,26,57,43,1.8
Robore,2026-09-28 14:00:00,96,0.0,30,56,321,2.2
Robore,2026-09-28 14:00:00,99,0.0,30,56,351,2.0
Robore,2026-09-28 14:00:00,102,0.0,26,55,20,1.7
Robore,2026-09-28 14:00:00,105,0.0,24,55,18,1.9
Robore,2026-09-28 14:00:00,108,0.0,22,55,8,2.1
Rurrenabaque,2026-09-28 14:00:00,3,0.0,35,36,295,2.7
Rurrenabaque,2026-09-28 14:00:00,6,0.0,30,36,232,1.7
Rurrenabaque,2026-09-28 14:00:00,9,0.0,26,37,242,1.4
Rurrenabaque,2026-09-28 14:00:00,12,0.0,22,36,252,1.0
Rurrenabaque,2026-09-28 14:00:00,15,0.0,22,36,250,1.0
Rurrenabaque,2026-09-28 14:00:00,18,0.0,26,36,281,1.2
Rurrenabaque,2026-09-28 14:00:00,21,0.0,29,36,325,2.6
Rurrenabaque,2026-09-28 14:00:00,24,0.0,32,56,4,4.0
Rurrenabaque,2026-09-28 14:00:00,27,0.0,31,56,84,2.7
Rurrenabaque,2026-09-28 14:00:00,30,2.8,28,89,157,1.4
Rurrenabaque,2026-09-28 14:00:00,33,4.2,25,89,180,1.8
Rurrenabaque,2026-09-28 14:00:00,36,4.2,20,89,196,2.2
Rurrenabaque,2026-09-28 14:00:00,39,3.3,20,89,174,1.0
Rurrenabaque,2026-09-28 14:00:00,42,2.2,23,90,154,0.9
Rurrenabaque,2026-09-28 14:00:00,45,3.5,24,89,157,0.9
Rurrenabaque,2026-09-28 14:00:00,48,2.3,27,89,153,1.0
Rurrenabaque,2026-09-28 14:00:00,51,2.0,27,89,153,1.4
Rurrenabaque,2026-09-28 14:00:00,54,0.0,24,56,143,1.8
Rurrenabaque,2026-09-28 14:00:00,57,0.0,22,56,167,1.4
Rurrenabaque,2026-09-28 14:00:00,60,0.0,20,56,184,0.9
Rurrenabaque,2026-09-28 14:00:00,63,0.0,20,56,196,1.0
Rurrenabaque,2026-09-28 14:00:00,66,0.0,22,57,141,1.3
Rurrenabaque,2026-09-28 14:00:00,69,0.0,24,57,135,1.5
Rurrenabaque,2026-09-28 14:00:00,72,1.6,27,89,129,1.7
Rurrenabaque,2026-09-28 14:00:00,75,1.5,27,89,164,1.3
Rurrenabaque,2026-09-28 14:00:00,78,1.9,25,89,188,0.8
Rurrenabaque,2026-09-28 14:00:00,81,2.4,23,89,191,1.0
Rurrenabaque,2026-09-28 14:00:00,84,0.0,21,56,193,1.1
Rurrenabaque,2026-09-28 14:00:00,87,0.0,21,56,160,1.0
Rurrenabaque,2026-09-28 14:00:00,90,0.0,24,56,150,0.6
Rurrenabaque,2026-09-28 14:00:00,93,0.0,27,56,100,1.4
Rurrenabaque,2026-09-28 14:00:00,96,0.0,29,56,43,2.1
Rurrenabaque,2026-09-28 14:00:00,99,0.0,29,56,360,1.3
Rurrenabaque,2026-09-28 14:00:00,102,0.0,26,36,314,0.5
Rurrenabaque,2026-09-28 14:00:00,105,0.0,25,37,280,0.7
Rurrenabaque,2026-09-28 14:00:00,108,0.0,23,37,238,0.9
Salinas (INIAF),2026-09-28 14:00:00,3,0.0,22,36,302,5.7
Salinas (INIAF),2026-09-28 14:00:00,6,0.0,12,56,250,4.8
Salinas (INIAF),2026-09-28 14:00:00,9,0.0,7,56,237,3.5
Salinas (INIAF),2026-09-28 14:00:00,12,0.0,4,56,215,2.4
Salinas (INIAF),2026-09-28 14:00:00,15,0.0,4,56,319,4.5
Salinas (INIAF),2026-09-28 14:00:00,18,0.0,7,56,16,1.4
Salinas (INIAF),2026-09-28 14:00:00,21,0.0,10,56,11,2.3
Salinas (INIAF),2026-09-28 14:00:00,24,2.8,13,88,360,3.0
Salinas (INIAF),2026-09-28 14:00:00,27,4.2,13,89,319,3.7
Salinas (INIAF),2026-09-28 14:00:00,30,1.0,9,89,276,4.3
Salinas (INIAF),2026-09-28 14:00:00,33,4.2,6,89,271,3.5
Salinas (INIAF),2026-09-28 14:00:00,36,4.2,4,89,263,2.6
Salinas (INIAF),2026-09-28 14:00:00,39,0.0,4,57,255,2.9
Salinas (INIAF),2026-09-28 14:00:00,42,0.0,7,57,255,2.3
Salinas (INIAF),2026-09-28 14:00:00,45,0.0,9,57,250,4.5
Salinas (INIAF),2026-09-28 14:00:00,48,0.0,12,57,240,6.6
Salinas (INIAF),2026-09-28 14:00:00,51,0.0,12,57,245,7.0
Salinas (INIAF),2026-09-28 14:00:00,54,0.0,7,57,245,7.4
Salinas (INIAF),2026-09-28 14:00:00,57,0.0,5,57,233,4.6
Salinas (INIAF),2026-09-28 14:00:00,60,0.0,2,27,218,1.7
Salinas (INIAF),2026-09-28 14:00:00,63,0.0,2,27,205,1.8
Salinas (INIAF),2026-09-28 14:00:00,66,0.0,7,26,183,1.5
Salinas (INIAF),2026-09-28 14:00:00,69,0.0,11,26,213,2.4
Salinas (INIAF),2026-09-28 14:00:00,72,0.0,13,26,241,3.3
Salinas (INIAF),2026-09-28 14:00:00,75,0.0,13,26,197,3.1
Salinas (INIAF),2026-09-28 14:00:00,78,0.0,9,26,151,3.0
Salinas (INIAF),2026-09-28 14:00:00,81,0.0,6,26,176,2.6
Salinas (INIAF),2026-09-28 14:00:00,84,0.0,1,26,195,2.2
Salinas (INIAF),2026-09-28 14:00:00,87,0.0,1,26,205,1.5
Salinas (INIAF),2026-09-28 14:00:00,90,0.0,7,26,207,1.1
Salinas (INIAF),2026-09-28 14:00:00,93,0.0,11,26,231,3.5
Salinas (INIAF),2026-09-28 14:00:00,96,0.0,14,26,249,5.9
Salinas (INIAF),2026-09-28 14:00:00,99,0.0,14,26,235,5.8
Salinas (INIAF),2026-09-28 14:00:00,102,0.0,9,26,219,5.5
Salinas (INIAF),2026-09-28 14:00:00,105,0.0,7,26,207,3.3
Salinas (INIAF),2026-09-28 14:00:00,108,0.0,5,26,193,1.2
Salo,2026-09-28 14:00:00,3,0.0,26,36,25,6.2
Salo,2026-09-28 14:00:00,6,0.0,18,56,25,4.7
Salo,2026-09-28 14:00:00,9,0.0,11,56,360,3.9
Salo,2026-09-28 14:00:00,12,0.0,7,56,325,3.1
Salo,2026-09-28 14:00:00,15,0.0,7,56,295,4.7
Salo,2026-09-28 14:00:00,18,0.0,13,56,280,6.1
Salo,2026-09-28 14:00:00,21,0.0,17,56,280,6.6
Salo,2026-09-28 14:00:00,24,0.0,21,56,280,7.1
Salo,2026-09-28 14:00:00,27,0.0,21,56,285,6.9
Salo,2026-09-28 14:00:00,30,0.0,14,56,285,6.7
Salo,2026-09-28 14:00:00,33,0.0,9,56,310,5.5
Salo,2026-09-28 14:00:00,36,0.0,6,56,325,4.2
Salo,2026-09-28 14:00:00,39,0.0,6,56,310,3.8
Salo,2026-09-28 14:00:00,42,0.0,9,56,280,3.5
Salo,2026-09-28 14:00:00,45,0.0,15,56,245,4.1
Salo,2026-09-28 14:00:00,48,0.0,19,56,208,4.6
Salo,2026-09-28 14:00:00,51,0.0,19,56,164,4.2
Salo,2026-09-28 14:00:00,54,0.0,14,56,120,3.8
Salo,2026-09-28 14:00:00,57,0.0,9,56,95,2.5
Salo,2026-09-28 14:00:00,60,0.0,5,26,65,1.2
Salo,2026-09-28 14:00:00,63,0.0,5,26,85,2.0
Salo,2026-09-28 14:00:00,66,0.0,8,26,95,2.0
Salo,2026-09-28 14:00:00,69,0.0,12,26,90,4.3
Salo,2026-09-28 14:00:00,72,0.0,19,36,80,6.5
Salo,2026-09-28 14:00:00,75,0.0,19,36,70,4.9
Salo,2026-09-28 14:00:00,78,0.0,14,26,50,3.2
Salo,2026-09-28 14:00:00,81,0.0,10,26,30,3.0
Salo,2026-09-28 14:00:00,84,0.0,5,26,5,2.8
Salo,2026-09-28 14:00:00,87,0.0,5,26,350,1.8
Salo,2026-09-28 14:00:00,90,0.0,9,26,340,1.7
Salo,2026-09-28 14:00:00,93,0.0,14,26,320,4.4
Salo,2026-09-28 14:00:00,96,0.0,20,26,291,7.2
Salo,2026-09-28 14:00:00,99,0.0,20,26,285,7.6
Salo,2026-09-28 14:00:00,102,0.0,14,26,275,8.0
Salo,2026-09-28 14:00:00,105,0.0,11,26,290,6.0
Salo,2026-09-28 14:00:00,108,0.0,9,26,295,4.0
San Antonio - Los Ángeles,2026-09-28 14:00:00,3,0.0,36,37,320,3.3
San Antonio - Los Ángeles,2026-09-28 14:00:00,6,0.0,31,26,323,2.7
San Antonio - Los Ángeles,2026-09-28 14:00:00,9,0.0,27,26,323,2.3
San Antonio - Los Ángeles,2026-09-28 14:00:00,12,0.0,24,26,313,1.9
San Antonio - Los Ángeles,2026-09-28 14:00:00,15,0.0,24,26,320,2.9
San Antonio - Los Ángeles,2026-09-28 14:00:00,18,0.0,28,27,313,2.7
San Antonio - Los Ángeles,2026-09-28 14:00:00,21,0.0,31,25,320,3.3
San Antonio - Los Ángeles,2026-09-28 14:00:00,24,0.0,35,37,320,4.0
San Antonio - Los Ángeles,2026-09-28 14:00:00,27,0.0,35,37,286,3.8
San Antonio - Los Ángeles,2026-09-28 14:00:00,30,0.0,27,55,245,3.7
San Antonio - Los Ángeles,2026-09-28 14:00:00,33,0.0,24,56,176,2.7
San Antonio - Los Ángeles,2026-09-28 14:00:00,36,0.0,20,55,97,1.7
San Antonio - Los Ángeles,2026-09-28 14:00:00,39,3.4,20,89,114,2.6
San Antonio - Los Ángeles,2026-09-28 14:00:00,42,3.9,22,89,113,3.3
San Antonio - Los Ángeles,2026-09-28 14:00:00,45,3.9,24,89,143,3.2
San Antonio - Los Ángeles,2026-09-28 14:00:00,48,1.3,26,90,170,3.1
San Antonio - Los Ángeles,2026-09-28 14:00:00,51,1.6,26,90,129,2.1
San Antonio - Los Ángeles,2026-09-28 14:00:00,54,0.0,23,56,85,1.0
San Antonio - Los Ángeles,2026-09-28 14:00:00,57,0.0,22,55,76,0.9
San Antonio - Los Ángeles,2026-09-28 14:00:00,60,0.0,20,55,56,0.7
San Antonio - Los Ángeles,2026-09-28 14:00:00,63,0.0,20,57,127,1.6
San Antonio - Los Ángeles,2026-09-28 14:00:00,66,0.0,21,56,110,1.8
San Antonio - Los Ángeles,2026-09-28 14:00:00,69,0.0,22,56,113,2.1
San Antonio - Los Ángeles,2026-09-28 14:00:00,72,0.0,25,56,113,2.3
San Antonio - Los Ángeles,2026-09-28 14:00:00,75,0.0,25,55,113,1.8
San Antonio - Los Ángeles,2026-09-28 14:00:00,78,0.0,23,56,103,1.2
San Antonio - Los Ángeles,2026-09-28 14:00:00,81,0.0,22,56,123,0.9
San Antonio - Los Ángeles,2026-09-28 14:00:00,84,0.0,20,56,133,0.6
San Antonio - Los Ángeles,2026-09-28 14:00:00,87,0.0,20,56,130,1.2
San Antonio - Los Ángeles,2026-09-28 14:00:00,90,0.0,22,55,143,1.6
San Antonio - Los Ángeles,2026-09-28 14:00:00,93,0.0,24,56,110,1.4
San Antonio - Los Ángeles,2026-09-28 14:00:00,96,0.0,27,56,68,1.3
San Antonio - Los Ángeles,2026-09-28 14:00:00,99,0.0,27,57,37,1.2
San Antonio - Los Ángeles,2026-09-28 14:00:00,102,0.0,25,56,357,1.0
San Antonio - Los Ángeles,2026-09-28 14:00:00,105,0.0,24,56,347,1.4
San Antonio - Los Ángeles,2026-09-28 14:00:00,108,0.0,23,56,327,1.6
San Borja,2026-09-28 14:00:00,3,0.0,35,36,326,3.8
San Borja,2026-09-28 14:00:00,6,0.0,31,36,314,3.6
San Borja,2026-09-28 14:00:00,9,0.0,27,36,308,2.7
San Borja,2026-09-28 14:00:00,12,0.0,23,36,292,1.7
San Borja,2026-09-28 14:00:00,15,0.0,23,36,309,1.9
San Borja,2026-09-28 14:00:00,18,0.0,26,36,302,2.3
San Borja,2026-09-28 14:00:00,21,0.0,28,36,320,4.0
San Borja,2026-09-28 14:00:00,24,0.0,31,56,332,5.7
San Borja,2026-09-28 14:00:00,27,0.0,31,56,29,4.2
San Borja,2026-09-28 14:00:00,30,2.6,28,90,79,2.8
San Borja,2026-09-28 14:00:00,33,3.7,24,90,151,2.7
San Borja,2026-09-28 14:00:00,36,3.7,21,90,220,2.6
San Borja,2026-09-28 14:00:00,39,2.5,21,89,170,2.1
San Borja,2026-09-28 14:00:00,42,3.6,23,89,158,2.3
San Borja,2026-09-28 14:00:00,45,2.7,25,89,158,2.2
San Borja,2026-09-28 14:00:00,48,1.7,28,89,149,2.2
San Borja,2026-09-28 14:00:00,51,3.5,28,90,152,2.3
San Borja,2026-09-28 14:00:00,54,0.0,26,56,153,2.5
San Borja,2026-09-28 14:00:00,57,0.0,24,57,172,2.1
San Borja,2026-09-28 14:00:00,60,0.0,21,57,188,1.8
San Borja,2026-09-28 14:00:00,63,0.0,21,56,128,1.0
San Borja,2026-09-28 14:00:00,66,0.0,23,56,118,1.1
San Borja,2026-09-28 14:00:00,69,0.0,24,56,125,1.8
San Borja,2026-09-28 14:00:00,72,2.6,28,89,125,2.5
San Borja,2026-09-28 14:00:00,75,1.9,28,89,135,2.0
San Borja,2026-09-28 14:00:00,78,2.3,26,89,142,1.6
San Borja,2026-09-28 14:00:00,81,1.9,24,89,152,1.5
San Borja,2026-09-28 14:00:00,84,0.0,22,56,160,1.4
San Borja,2026-09-28 14:00:00,87,0.0,22,56,141,1.6
San Borja,2026-09-28 14:00:00,90,0.0,24,56,128,0.7
San Borja,2026-09-28 14:00:00,93,0.0,26,56,161,1.1
San Borja,2026-09-28 14:00:00,96,0.0,29,56,299,1.5
San Borja,2026-09-28 14:00:00,99,0.0,29,56,318,1.5
San Borja,2026-09-28 14:00:00,102,0.0,26,36,335,1.4
San Borja,2026-09-28 14:00:00,105,0.0,25,36,305,1.5
San Borja,2026-09-28 14:00:00,108,0.0,24,36,268,1.4
San Buenaventura,2026-09-28 14:00:00,3,0.0,35,36,281,2.5
San Buenaventura,2026-09-28 14:00:00,6,0.0,29,36,193,1.2
San Buenaventura,2026-09-28 14:00:00,9,0.0,26,36,215,0.9
San Buenaventura,2026-09-28 14:00:00,12,0.0,22,37,235,0.7
San Buenaventura,2026-09-28 14:00:00,15,0.0,22,36,235,0.7
San Buenaventura,2026-09-28 14:00:00,18,0.0,26,36,257,0.6
San Buenaventura,2026-09-28 14:00:00,21,0.0,28,36,313,2.3
San Buenaventura,2026-09-28 14:00:00,24,0.0,31,56,8,4.1
San Buenaventura,2026-09-28 14:00:00,27,0.0,31,56,337,2.7
San Buenaventura,2026-09-28 14:00:00,30,1.9,28,89,301,1.3
San Buenaventura,2026-09-28 14:00:00,33,1.9,24,89,245,1.5
San Buenaventura,2026-09-28 14:00:00,36,3.5,19,89,183,1.7
San Buenaventura,2026-09-28 14:00:00,39,0.7,19,89,172,1.0
San Buenaventura,2026-09-28 14:00:00,42,0.8,23,89,152,0.9
San Buenaventura,2026-09-28 14:00:00,45,0.7,24,89,143,1.1
San Buenaventura,2026-09-28 14:00:00,48,2.9,26,89,133,1.2
San Buenaventura,2026-09-28 14:00:00,51,0.7,26,89,140,1.5
San Buenaventura,2026-09-28 14:00:00,54,1.4,23,89,140,1.8
San Buenaventura,2026-09-28 14:00:00,57,1.4,22,88,170,1.3
San Buenaventura,2026-09-28 14:00:00,60,0.0,20,57,190,0.7
San Buenaventura,2026-09-28 14:00:00,63,0.0,20,57,210,0.9
San Buenaventura,2026-09-28 14:00:00,66,0.0,23,57,160,1.1
San Buenaventura,2026-09-28 14:00:00,69,0.0,25,56,140,1.6
San Buenaventura,2026-09-28 14:00:00,72,0.8,27,88,113,2.1
San Buenaventura,2026-09-28 14:00:00,75,2.2,27,89,152,1.4
San Buenaventura,2026-09-28 14:00:00,78,2.0,24,89,191,0.6
San Buenaventura,2026-09-28 14:00:00,81,1.9,22,88,192,0.8
San Buenaventura,2026-09-28 14:00:00,84,0.0,20,36,193,1.0
San Buenaventura,2026-09-28 14:00:00,87,0.0,20,36,145,0.7
San Buenaventura,2026-09-28 14:00:00,90,0.0,24,36,106,0.3
San Buenaventura,2026-09-28 14:00:00,93,0.0,27,36,73,1.3
San Buenaventura,2026-09-28 14:00:00,96,0.0,28,36,40,2.2
San Buenaventura,2026-09-28 14:00:00,99,0.0,28,36,17,1.3
San Buenaventura,2026-09-28 14:00:00,102,0.0,26,36,345,0.3
San Buenaventura,2026-09-28 14:00:00,105,0.0,25,36,297,0.6
San Buenaventura,2026-09-28 14:00:00,108,0.0,22,36,247,0.8
San Ignacio de Moxos,2026-09-28 14:00:00,3,0.0,37,36,337,3.5
San Ignacio de Moxos,2026-09-28 14:00:00,6,0.0,30,26,337,2.7
San Ignacio de Moxos,2026-09-28 14:00:00,9,0.0,27,26,330,2.4
San Ignacio de Moxos,2026-09-28 14:00:00,12,0.0,23,36,320,2.3
San Ignacio de Moxos,2026-09-28 14:00:00,15,0.0,23,36,310,2.9
San Ignacio de Moxos,2026-09-28 14:00:00,18,0.0,27,36,310,3.5
San Ignacio de Moxos,2026-09-28 14:00:00,21,0.0,30,36,312,4.1
San Ignacio de Moxos,2026-09-28 14:00:00,24,0.0,35,56,312,4.6
San Ignacio de Moxos,2026-09-28 14:00:00,27,0.0,35,56,322,4.0
San Ignacio de Moxos,2026-09-28 14:00:00,30,0.0,30,57,322,3.4
San Ignacio de Moxos,2026-09-28 14:00:00,33,0.0,26,56,270,2.8
San Ignacio de Moxos,2026-09-28 14:00:00,36,0.0,22,56,218,2.1
San Ignacio de Moxos,2026-09-28 14:00:00,39,2.7,22,89,196,1.3
San Ignacio de Moxos,2026-09-28 14:00:00,42,3.2,25,89,180,1.5
San Ignacio de Moxos,2026-09-28 14:00:00,45,3.7,27,89,162,2.2
San Ignacio de Moxos,2026-09-28 14:00:00,48,3.0,34,89,142,2.9
San Ignacio de Moxos,2026-09-28 14:00:00,51,3.6,34,89,132,2.5
San Ignacio de Moxos,2026-09-28 14:00:00,54,3.2,28,89,112,2.2
San Ignacio de Moxos,2026-09-28 14:00:00,57,4.4,25,89,142,1.7
San Ignacio de Moxos,2026-09-28 14:00:00,60,0.0,21,56,170,1.2
San Ignacio de Moxos,2026-09-28 14:00:00,63,0.0,21,56,90,1.6
San Ignacio de Moxos,2026-09-28 14:00:00,66,0.0,24,56,60,1.4
San Ignacio de Moxos,2026-09-28 14:00:00,69,0.0,26,56,80,1.9
San Ignacio de Moxos,2026-09-28 14:00:00,72,1.9,29,89,99,2.2
San Ignacio de Moxos,2026-09-28 14:00:00,75,2.4,29,89,129,1.8
San Ignacio de Moxos,2026-09-28 14:00:00,78,0.0,27,56,149,1.3
San Ignacio de Moxos,2026-09-28 14:00:00,81,0.0,25,56,159,1.3
San Ignacio de Moxos,2026-09-28 14:00:00,84,0.0,22,56,160,1.3
San Ignacio de Moxos,2026-09-28 14:00:00,87,0.0,22,56,171,1.2
San Ignacio de Moxos,2026-09-28 14:00:00,90,0.0,23,56,179,1.2
San Ignacio de Moxos,2026-09-28 14:00:00,93,0.0,28,56,213,1.0
San Ignacio de Moxos,2026-09-28 14:00:00,96,0.0,33,36,240,0.8
San Ignacio de Moxos,2026-09-28 14:00:00,99,0.0,33,36,284,1.2
San Ignacio de Moxos,2026-09-28 14:00:00,102,0.0,29,36,322,1.6
San Ignacio de Moxos,2026-09-28 14:00:00,105,0.0,27,36,318,1.4
San Ignacio de Moxos,2026-09-28 14:00:00,108,0.0,25,36,309,1.2
San Ignacio de Velasco,2026-09-28 14:00:00,3,0.0,38,35,347,4.4
San Ignacio de Velasco,2026-09-28 14:00:00,6,0.0,33,26,359,3.2
San Ignacio de Velasco,2026-09-28 14:00:00,9,0.0,29,26,339,3.6
San Ignacio de Velasco,2026-09-28 14:00:00,12,0.0,23,26,313,3.9
San Ignacio de Velasco,2026-09-28 14:00:00,15,0.0,23,26,320,4.8
San Ignacio de Velasco,2026-09-28 14:00:00,18,0.0,29,26,320,5.4
San Ignacio de Velasco,2026-09-28 14:00:00,21,0.0,33,26,330,5.8
San Ignacio de Velasco,2026-09-28 14:00:00,24,0.0,37,36,330,6.1
San Ignacio de Velasco,2026-09-28 14:00:00,27,0.0,37,36,330,4.6
San Ignacio de Velasco,2026-09-28 14:00:00,30,0.0,31,56,326,3.1
San Ignacio de Velasco,2026-09-28 14:00:00,33,0.0,29,56,260,3.7
San Ignacio de Velasco,2026-09-28 14:00:00,36,0.0,21,57,194,4.2
San Ignacio de Velasco,2026-09-28 14:00:00,39,4.4,21,89,184,3.9
San Ignacio de Velasco,2026-09-28 14:00:00,42,4.0,23,89,170,4.0
San Ignacio de Velasco,2026-09-28 14:00:00,45,2.6,24,89,180,4.1
San Ignacio de Velasco,2026-09-28 14:00:00,48,3.3,27,89,182,4.1
San Ignacio de Velasco,2026-09-28 14:00:00,51,4.7,27,89,190,3.4
San Ignacio de Velasco,2026-09-28 14:00:00,54,3.0,24,89,190,2.8
San Ignacio de Velasco,2026-09-28 14:00:00,57,3.4,22,89,136,2.0
San Ignacio de Velasco,2026-09-28 14:00:00,60,2.8,20,89,74,1.2
San Ignacio de Velasco,2026-09-28 14:00:00,63,0.7,20,89,184,2.1
San Ignacio de Velasco,2026-09-28 14:00:00,66,1.5,22,89,213,3.2
San Ignacio de Velasco,2026-09-28 14:00:00,69,2.2,23,90,183,2.9
San Ignacio de Velasco,2026-09-28 14:00:00,72,1.6,24,89,150,2.5
San Ignacio de Velasco,2026-09-28 14:00:00,75,2.1,24,89,154,2.2
San Ignacio de Velasco,2026-09-28 14:00:00,78,0.0,23,56,154,1.8
San Ignacio de Velasco,2026-09-28 14:00:00,81,0.0,22,56,156,1.5
San Ignacio de Velasco,2026-09-28 14:00:00,84,0.0,20,56,149,1.2
San Ignacio de Velasco,2026-09-28 14:00:00,87,0.0,20,56,153,1.2
San Ignacio de Velasco,2026-09-28 14:00:00,90,0.0,22,56,142,1.5
San Ignacio de Velasco,2026-09-28 14:00:00,93,0.0,25,56,80,2.3
San Ignacio de Velasco,2026-09-28 14:00:00,96,0.0,27,56,14,3.0
San Ignacio de Velasco,2026-09-28 14:00:00,99,0.0,27,56,17,2.3
San Ignacio de Velasco,2026-09-28 14:00:00,102,0.0,24,56,13,1.6
San Ignacio de Velasco,2026-09-28 14:00:00,105,0.0,23,56,10,1.9
San Ignacio de Velasco,2026-09-28 14:00:00,108,0.0,21,56,360,2.0
San Javier,2026-09-28 14:00:00,3,0.0,37,35,330,3.9
San Javier,2026-09-28 14:00:00,6,0.0,33,27,331,3.0
San Javier,2026-09-28 14:00:00,9,0.0,29,26,330,3.6
San Javier,2026-09-28 14:00:00,12,0.0,24,26,320,4.2
San Javier,2026-09-28 14:00:00,15,0.0,24,25,330,4.3
San Javier,2026-09-28 14:00:00,18,0.0,28,26,320,4.8
San Javier,2026-09-28 14:00:00,21,0.0,32,26,327,4.7
San Javier,2026-09-28 14:00:00,24,0.0,36,36,327,4.5
San Javier,2026-09-28 14:00:00,27,0.0,36,35,24,2.9
San Javier,2026-09-28 14:00:00,30,0.0,30,57,71,1.4
San Javier,2026-09-28 14:00:00,33,0.0,27,55,144,2.2
San Javier,2026-09-28 14:00:00,36,0.0,22,56,210,3.0
San Javier,2026-09-28 14:00:00,39,3.2,22,89,183,2.7
San Javier,2026-09-28 14:00:00,42,1.5,23,90,180,3.3
San Javier,2026-09-28 14:00:00,45,4.2,25,89,170,4.2
San Javier,2026-09-28 14:00:00,48,2.7,26,89,160,5.2
San Javier,2026-09-28 14:00:00,51,3.2,26,88,166,4.0
San Javier,2026-09-28 14:00:00,54,5.2,24,89,165,2.8
San Javier,2026-09-28 14:00:00,57,1.0,22,89,203,1.6
San Javier,2026-09-28 14:00:00,60,1.2,21,89,241,0.4
San Javier,2026-09-28 14:00:00,63,1.0,21,89,275,1.0
San Javier,2026-09-28 14:00:00,66,1.3,22,90,214,1.3
San Javier,2026-09-28 14:00:00,69,2.3,22,89,193,2.0
San Javier,2026-09-28 14:00:00,72,2.3,23,89,163,2.5
San Javier,2026-09-28 14:00:00,75,2.0,23,89,150,1.7
San Javier,2026-09-28 14:00:00,78,0.0,22,55,137,0.9
San Javier,2026-09-28 14:00:00,81,0.0,22,56,149,0.8
San Javier,2026-09-28 14:00:00,84,0.0,21,56,159,0.7
San Javier,2026-09-28 14:00:00,87,0.0,21,57,239,1.0
San Javier,2026-09-28 14:00:00,90,0.0,23,57,170,1.7
San Javier,2026-09-28 14:00:00,93,0.0,24,56,100,1.9
San Javier,2026-09-28 14:00:00,96,0.0,26,56,27,2.3
San Javier,2026-09-28 14:00:00,99,0.0,26,56,27,2.2
San Javier,2026-09-28 14:00:00,102,0.0,24,56,20,2.1
San Javier,2026-09-28 14:00:00,105,0.0,23,56,10,2.1
San Javier,2026-09-28 14:00:00,108,0.0,22,56,351,2.0
San Jose,2026-09-28 14:00:00,3,0.0,39,37,355,5.0
San Jose,2026-09-28 14:00:00,6,0.0,33,26,5,3.1
San Jose,2026-09-28 14:00:00,9,0.0,29,26,350,3.0
San Jose,2026-09-28 14:00:00,12,0.0,22,26,325,2.9
San Jose,2026-09-28 14:00:00,15,0.0,22,25,334,4.3
San Jose,2026-09-28 14:00:00,18,0.0,30,27,315,5.6
San Jose,2026-09-28 14:00:00,21,0.0,33,26,325,5.8
San Jose,2026-09-28 14:00:00,24,0.0,38,36,326,6.1
San Jose,2026-09-28 14:00:00,27,0.0,38,36,301,3.8
San Jose,2026-09-28 14:00:00,30,0.0,28,56,271,1.5
San Jose,2026-09-28 14:00:00,33,0.0,24,56,230,3.1
San Jose,2026-09-28 14:00:00,36,0.0,20,56,180,4.6
San Jose,2026-09-28 14:00:00,39,3.0,20,89,173,4.0
San Jose,2026-09-28 14:00:00,42,4.2,22,88,180,4.1
San Jose,2026-09-28 14:00:00,45,1.9,25,90,190,3.2
San Jose,2026-09-28 14:00:00,48,3.3,28,89,195,2.4
San Jose,2026-09-28 14:00:00,51,3.4,28,89,246,1.6
San Jose,2026-09-28 14:00:00,54,2.7,24,89,291,0.8
San Jose,2026-09-28 14:00:00,57,4.1,21,89,321,1.4
San Jose,2026-09-28 14:00:00,60,1.5,19,89,350,1.9
San Jose,2026-09-28 14:00:00,63,1.9,19,88,160,1.1
San Jose,2026-09-28 14:00:00,66,1.3,21,90,198,1.3
San Jose,2026-09-28 14:00:00,69,1.9,23,89,181,1.2
San Jose,2026-09-28 14:00:00,72,2.1,25,88,160,1.1
San Jose,2026-09-28 14:00:00,75,1.3,25,89,123,0.8
San Jose,2026-09-28 14:00:00,78,0.0,23,56,84,0.5
San Jose,2026-09-28 14:00:00,81,0.0,21,56,152,0.6
San Jose,2026-09-28 14:00:00,84,0.0,19,56,215,0.8
San Jose,2026-09-28 14:00:00,87,0.0,19,55,109,1.0
San Jose,2026-09-28 14:00:00,90,0.0,21,56,129,1.1
San Jose,2026-09-28 14:00:00,93,0.0,24,56,63,2.0
San Jose,2026-09-28 14:00:00,96,0.0,28,56,356,2.9
San Jose,2026-09-28 14:00:00,99,0.0,28,56,30,2.5
San Jose,2026-09-28 14:00:00,102,0.0,25,56,57,2.1
San Jose,2026-09-28 14:00:00,105,0.0,23,56,55,2.1
San Jose,2026-09-28 14:00:00,108,0.0,21,56,44,2.2
San Julian - Comunidad Los Angeles,2026-09-28 14:00:00,3,0.0,38,37,338,4.8
San Julian - Comunidad Los Angeles,2026-09-28 14:00:00,6,0.0,34,26,338,3.9
San Julian - Comunidad Los Angeles,2026-09-28 14:00:00,9,0.0,30,26,330,4.3
San Julian - Comunidad Los Angeles,2026-09-28 14:00:00,12,0.0,26,27,320,4.5
San Julian - Comunidad Los Angeles,2026-09-28 14:00:00,15,0.0,26,26,329,4.6
San Julian - Comunidad Los Angeles,2026-09-28 14:00:00,18,0.0,28,26,310,5.7
San Julian - Comunidad Los Angeles,2026-09-28 14:00:00,21,0.0,30,26,320,5.4
San Julian - Comunidad Los Angeles,2026-09-28 14:00:00,24,0.0,37,36,320,5.2
San Julian - Comunidad Los Angeles,2026-09-28 14:00:00,27,0.0,37,36,356,3.2
San Julian - Comunidad Los Angeles,2026-09-28 14:00:00,30,0.0,27,57,30,1.3
San Julian - Comunidad Los Angeles,2026-09-28 14:00:00,33,0.0,25,57,48,2.6
San Julian - Comunidad Los Angeles,2026-09-28 14:00:00,36,0.0,22,56,198,4.0
San Julian - Comunidad Los Angeles,2026-09-28 14:00:00,39,1.9,22,89,159,2.7
San Julian - Comunidad Los Angeles,2026-09-28 14:00:00,42,4.2,24,89,141,3.2
San Julian - Comunidad Los Angeles,2026-09-28 14:00:00,45,4.0,25,89,139,3.0
San Julian - Comunidad Los Angeles,2026-09-28 14:00:00,48,2.1,28,89,128,2.9
San Julian - Comunidad Los Angeles,2026-09-28 14:00:00,51,1.2,28,89,91,2.0
San Julian - Comunidad Los Angeles,2026-09-28 14:00:00,54,0.0,26,56,55,1.1
San Julian - Comunidad Los Angeles,2026-09-28 14:00:00,57,0.0,24,56,75,0.9
San Julian - Comunidad Los Angeles,2026-09-28 14:00:00,60,0.0,22,56,89,0.8
San Julian - Comunidad Los Angeles,2026-09-28 14:00:00,63,0.0,22,56,161,1.5
San Julian - Comunidad Los Angeles,2026-09-28 14:00:00,66,0.0,23,56,151,1.7
San Julian - Comunidad Los Angeles,2026-09-28 14:00:00,69,0.0,24,56,140,2.3
San Julian - Comunidad Los Angeles,2026-09-28 14:00:00,72,0.0,26,55,129,3.0
San Julian - Comunidad Los Angeles,2026-09-28 14:00:00,75,0.0,26,57,130,2.2
San Julian - Comunidad Los Angeles,2026-09-28 14:00:00,78,0.0,24,55,121,1.4
San Julian - Comunidad Los Angeles,2026-09-28 14:00:00,81,0.0,23,56,111,1.5
San Julian - Comunidad Los Angeles,2026-09-28 14:00:00,84,0.0,22,57,101,1.5
San Julian - Comunidad Los Angeles,2026-09-28 14:00:00,87,0.0,22,57,140,1.2
San Julian - Comunidad Los Angeles,2026-09-28 14:00:00,90,0.0,24,56,160,1.6
San Julian - Comunidad Los Angeles,2026-09-28 14:00:00,93,0.0,25,56,138,1.5
San Julian - Comunidad Los Angeles,2026-09-28 14:00:00,96,0.0,29,56,108,1.5
San Julian - Comunidad Los Angeles,2026-09-28 14:00:00,99,0.0,29,56,68,1.6
San Julian - Comunidad Los Angeles,2026-09-28 14:00:00,102,0.0,26,56,20,1.7
San Julian - Comunidad Los Angeles,2026-09-28 14:00:00,105,0.0,24,56,10,2.0
San Julian - Comunidad Los Angeles,2026-09-28 14:00:00,108,0.0,21,57,350,2.4
San Julián - Núcleo 32,2026-09-28 14:00:00,3,0.0,38,36,340,3.7
San Julián - Núcleo 32,2026-09-28 14:00:00,6,0.0,31,26,341,3.2
San Julián - Núcleo 32,2026-09-28 14:00:00,9,0.0,27,26,341,3.1
San Julián - Núcleo 32,2026-09-28 14:00:00,12,0.0,26,25,331,3.0
San Julián - Núcleo 32,2026-09-28 14:00:00,15,0.0,26,27,331,3.4
San Julián - Núcleo 32,2026-09-28 14:00:00,18,0.0,28,25,320,4.0
San Julián - Núcleo 32,2026-09-28 14:00:00,21,0.0,31,26,322,3.8
San Julián - Núcleo 32,2026-09-28 14:00:00,24,0.0,37,36,322,3.6
San Julián - Núcleo 32,2026-09-28 14:00:00,27,0.0,37,37,351,2.2
San Julián - Núcleo 32,2026-09-28 14:00:00,30,0.0,31,56,13,0.8
San Julián - Núcleo 32,2026-09-28 14:00:00,33,0.0,25,57,95,2.0
San Julián - Núcleo 32,2026-09-28 14:00:00,36,0.0,22,57,172,3.2
San Julián - Núcleo 32,2026-09-28 14:00:00,39,2.7,22,89,171,2.5
San Julián - Núcleo 32,2026-09-28 14:00:00,42,4.3,24,89,132,3.0
San Julián - Núcleo 32,2026-09-28 14:00:00,45,3.2,25,90,141,2.9
San Julián - Núcleo 32,2026-09-28 14:00:00,48,4.8,27,89,142,2.9
San Julián - Núcleo 32,2026-09-28 14:00:00,51,3.7,27,90,120,2.1
San Julián - Núcleo 32,2026-09-28 14:00:00,54,0.0,26,55,88,1.4
San Julián - Núcleo 32,2026-09-28 14:00:00,57,0.0,24,56,68,1.1
San Julián - Núcleo 32,2026-09-28 14:00:00,60,0.0,22,56,37,0.9
San Julián - Núcleo 32,2026-09-28 14:00:00,63,0.0,22,56,191,1.0
San Julián - Núcleo 32,2026-09-28 14:00:00,66,0.0,23,56,153,1.2
San Julián - Núcleo 32,2026-09-28 14:00:00,69,0.0,25,57,141,1.6
San Julián - Núcleo 32,2026-09-28 14:00:00,72,0.0,26,56,120,2.1
San Julián - Núcleo 32,2026-09-28 14:00:00,75,0.0,26,56,120,1.5
San Julián - Núcleo 32,2026-09-28 14:00:00,78,0.0,24,56,120,0.9
San Julián - Núcleo 32,2026-09-28 14:00:00,81,0.0,23,56,110,0.9
San Julián - Núcleo 32,2026-09-28 14:00:00,84,0.0,21,57,100,0.9
San Julián - Núcleo 32,2026-09-28 14:00:00,87,0.0,21,56,149,1.4
San Julián - Núcleo 32,2026-09-28 14:00:00,90,0.0,24,56,160,1.7
San Julián - Núcleo 32,2026-09-28 14:00:00,93,0.0,26,56,144,1.5
San Julián - Núcleo 32,2026-09-28 14:00:00,96,0.0,29,56,120,1.2
San Julián - Núcleo 32,2026-09-28 14:00:00,99,0.0,29,56,74,1.1
San Julián - Núcleo 32,2026-09-28 14:00:00,102,0.0,26,56,21,1.1
San Julián - Núcleo 32,2026-09-28 14:00:00,105,0.0,25,57,1,1.7
San Julián - Núcleo 32,2026-09-28 14:00:00,108,0.0,24,56,341,2.4
San Matias,2026-09-28 14:00:00,3,0.0,41,36,337,3.5
San Matias,2026-09-28 14:00:00,6,0.0,35,26,347,2.5
San Matias,2026-09-28 14:00:00,9,0.0,31,25,340,2.6
San Matias,2026-09-28 14:00:00,12,0.0,25,26,333,2.6
San Matias,2026-09-28 14:00:00,15,0.0,25,26,347,3.9
San Matias,2026-09-28 14:00:00,18,0.0,31,27,327,5.2
San Matias,2026-09-28 14:00:00,21,0.0,35,26,330,5.7
San Matias,2026-09-28 14:00:00,24,0.0,41,36,328,6.1
San Matias,2026-09-28 14:00:00,27,0.0,41,36,298,4.0
San Matias,2026-09-28 14:00:00,30,0.0,34,56,260,2.0
San Matias,2026-09-28 14:00:00,33,0.0,29,56,259,2.5
San Matias,2026-09-28 14:00:00,36,0.0,23,57,249,3.0
San Matias,2026-09-28 14:00:00,39,3.6,23,89,210,4.1
San Matias,2026-09-28 14:00:00,42,1.6,26,89,190,3.7
San Matias,2026-09-28 14:00:00,45,4.2,29,88,210,4.3
San Matias,2026-09-28 14:00:00,48,3.9,31,89,223,4.9
San Matias,2026-09-28 14:00:00,51,3.5,31,89,223,4.8
San Matias,2026-09-28 14:00:00,54,2.1,28,89,220,4.7
San Matias,2026-09-28 14:00:00,57,1.3,24,90,233,3.6
San Matias,2026-09-28 14:00:00,60,2.0,22,89,243,2.6
San Matias,2026-09-28 14:00:00,63,1.9,22,89,201,2.5
San Matias,2026-09-28 14:00:00,66,1.1,24,89,185,2.2
San Matias,2026-09-28 14:00:00,69,2.2,26,89,175,2.2
San Matias,2026-09-28 14:00:00,72,1.9,28,89,162,2.1
San Matias,2026-09-28 14:00:00,75,1.7,28,89,193,1.6
San Matias,2026-09-28 14:00:00,78,0.0,27,56,223,1.1
San Matias,2026-09-28 14:00:00,81,0.0,25,56,213,1.4
San Matias,2026-09-28 14:00:00,84,0.0,22,56,203,1.8
San Matias,2026-09-28 14:00:00,87,0.0,22,56,171,1.5
San Matias,2026-09-28 14:00:00,90,0.0,24,56,161,1.7
San Matias,2026-09-28 14:00:00,93,0.0,28,56,127,1.8
San Matias,2026-09-28 14:00:00,96,0.0,31,56,87,1.8
San Matias,2026-09-28 14:00:00,99,0.0,31,56,59,2.1
San Matias,2026-09-28 14:00:00,102,0.0,29,57,30,2.3
San Matias,2026-09-28 14:00:00,105,0.0,26,56,20,2.3
San Matias,2026-09-28 14:00:00,108,0.0,24,56,10,2.4
San Pablo de Lipez (GPRS),2026-09-28 14:00:00,3,0.0,17,36,330,8.8
San Pablo de Lipez (GPRS),2026-09-28 14:00:00,6,0.0,10,55,330,5.7
San Pablo de Lipez (GPRS),2026-09-28 14:00:00,9,0.0,7,56,334,4.5
San Pablo de Lipez (GPRS),2026-09-28 14:00:00,12,0.0,4,56,329,3.2
San Pablo de Lipez (GPRS),2026-09-28 14:00:00,15,0.0,4,57,333,2.9
San Pablo de Lipez (GPRS),2026-09-28 14:00:00,18,0.0,8,56,318,2.1
San Pablo de Lipez (GPRS),2026-09-28 14:00:00,21,0.0,11,56,323,3.9
San Pablo de Lipez (GPRS),2026-09-28 14:00:00,24,3.2,14,89,319,5.6
San Pablo de Lipez (GPRS),2026-09-28 14:00:00,27,3.0,14,89,329,4.8
San Pablo de Lipez (GPRS),2026-09-28 14:00:00,30,4.5,11,90,339,4.0
San Pablo de Lipez (GPRS),2026-09-28 14:00:00,33,2.2,8,89,330,3.1
San Pablo de Lipez (GPRS),2026-09-28 14:00:00,36,1.3,5,89,316,2.2
San Pablo de Lipez (GPRS),2026-09-28 14:00:00,39,0.0,5,36,281,2.3
San Pablo de Lipez (GPRS),2026-09-28 14:00:00,42,0.0,7,36,271,2.0
San Pablo de Lipez (GPRS),2026-09-28 14:00:00,45,0.0,10,36,261,5.5
San Pablo de Lipez (GPRS),2026-09-28 14:00:00,48,0.0,13,56,250,9.1
San Pablo de Lipez (GPRS),2026-09-28 14:00:00,51,0.0,13,56,240,7.3
San Pablo de Lipez (GPRS),2026-09-28 14:00:00,54,0.0,9,36,220,5.4
San Pablo de Lipez (GPRS),2026-09-28 14:00:00,57,0.0,7,36,190,4.1
San Pablo de Lipez (GPRS),2026-09-28 14:00:00,60,0.0,4,25,160,2.6
San Pablo de Lipez (GPRS),2026-09-28 14:00:00,63,0.0,4,27,140,3.4
San Pablo de Lipez (GPRS),2026-09-28 14:00:00,66,0.0,9,26,110,3.9
San Pablo de Lipez (GPRS),2026-09-28 14:00:00,69,0.0,10,25,81,4.1
San Pablo de Lipez (GPRS),2026-09-28 14:00:00,72,0.0,12,25,51,4.3
San Pablo de Lipez (GPRS),2026-09-28 14:00:00,75,0.0,12,26,19,3.4
San Pablo de Lipez (GPRS),2026-09-28 14:00:00,78,0.0,9,26,347,2.4
San Pablo de Lipez (GPRS),2026-09-28 14:00:00,81,0.0,6,26,318,2.0
San Pablo de Lipez (GPRS),2026-09-28 14:00:00,84,0.0,4,26,285,1.5
San Pablo de Lipez (GPRS),2026-09-28 14:00:00,87,0.0,4,26,295,2.3
San Pablo de Lipez (GPRS),2026-09-28 14:00:00,90,0.0,7,26,285,2.4
San Pablo de Lipez (GPRS),2026-09-28 14:00:00,93,0.0,9,26,280,4.8
San Pablo de Lipez (GPRS),2026-09-28 14:00:00,96,0.0,12,36,270,7.3
San Pablo de Lipez (GPRS),2026-09-28 14:00:00,99,0.0,12,36,270,6.5
San Pablo de Lipez (GPRS),2026-09-28 14:00:00,102,0.0,10,25,260,5.5
San Pablo de Lipez (GPRS),2026-09-28 14:00:00,105,0.0,7,26,280,4.4
San Pablo de Lipez (GPRS),2026-09-28 14:00:00,108,0.0,6,27,290,3.3
San Pedro - Río Victoria,2026-09-28 14:00:00,3,0.0,36,36,340,3.5
San Pedro - Río Victoria,2026-09-28 14:00:00,6,0.0,33,26,343,3.0
San Pedro - Río Victoria,2026-09-28 14:00:00,9,0.0,29,26,333,3.0
San Pedro - Río Victoria,2026-09-28 14:00:00,12,0.0,25,26,320,2.9
San Pedro - Río Victoria,2026-09-28 14:00:00,15,0.0,25,27,320,3.2
San Pedro - Río Victoria,2026-09-28 14:00:00,18,0.0,28,26,320,3.5
San Pedro - Río Victoria,2026-09-28 14:00:00,21,0.0,30,26,324,3.7
San Pedro - Río Victoria,2026-09-28 14:00:00,24,0.0,35,36,324,3.9
San Pedro - Río Victoria,2026-09-28 14:00:00,27,0.0,35,36,287,3.1
San Pedro - Río Victoria,2026-09-28 14:00:00,30,0.0,30,56,241,2.2
San Pedro - Río Victoria,2026-09-28 14:00:00,33,0.0,25,56,221,1.6
San Pedro - Río Victoria,2026-09-28 14:00:00,36,0.0,21,56,197,0.9
San Pedro - Río Victoria,2026-09-28 14:00:00,39,3.4,21,89,147,2.0
San Pedro - Río Victoria,2026-09-28 14:00:00,42,2.4,23,89,166,2.7
San Pedro - Río Victoria,2026-09-28 14:00:00,45,3.3,24,89,166,2.9
San Pedro - Río Victoria,2026-09-28 14:00:00,48,2.9,26,89,158,3.1
San Pedro - Río Victoria,2026-09-28 14:00:00,51,2.0,26,89,147,2.2
San Pedro - Río Victoria,2026-09-28 14:00:00,54,0.0,24,56,128,1.3
San Pedro - Río Victoria,2026-09-28 14:00:00,57,0.0,22,57,140,1.1
San Pedro - Río Victoria,2026-09-28 14:00:00,60,0.0,21,55,145,1.0
San Pedro - Río Victoria,2026-09-28 14:00:00,63,0.0,21,56,78,1.2
San Pedro - Río Victoria,2026-09-28 14:00:00,66,0.0,22,56,123,1.7
San Pedro - Río Victoria,2026-09-28 14:00:00,69,0.0,23,56,123,2.0
San Pedro - Río Victoria,2026-09-28 14:00:00,72,0.0,24,55,120,2.3
San Pedro - Río Victoria,2026-09-28 14:00:00,75,0.0,24,56,126,1.8
San Pedro - Río Victoria,2026-09-28 14:00:00,78,0.0,23,56,126,1.3
San Pedro - Río Victoria,2026-09-28 14:00:00,81,0.0,22,56,116,1.2
San Pedro - Río Victoria,2026-09-28 14:00:00,84,0.0,21,56,106,1.1
San Pedro - Río Victoria,2026-09-28 14:00:00,87,0.0,21,56,140,1.6
San Pedro - Río Victoria,2026-09-28 14:00:00,90,0.0,23,56,160,2.3
San Pedro - Río Victoria,2026-09-28 14:00:00,93,0.0,25,56,133,1.9
San Pedro - Río Victoria,2026-09-28 14:00:00,96,0.0,27,57,103,1.6
San Pedro - Río Victoria,2026-09-28 14:00:00,99,0.0,27,56,48,1.1
San Pedro - Río Victoria,2026-09-28 14:00:00,102,0.0,25,56,289,0.5
San Pedro - Río Victoria,2026-09-28 14:00:00,105,0.0,23,56,318,1.0
San Pedro - Río Victoria,2026-09-28 14:00:00,108,0.0,22,57,348,1.5
San Pedro de Buena Vista,2026-09-28 14:00:00,3,0.0,22,36,355,5.2
San Pedro de Buena Vista,2026-09-28 14:00:00,6,0.0,16,55,338,3.4
San Pedro de Buena Vista,2026-09-28 14:00:00,9,0.0,12,57,327,3.8
San Pedro de Buena Vista,2026-09-28 14:00:00,12,0.0,9,56,313,4.1
San Pedro de Buena Vista,2026-09-28 14:00:00,15,0.0,9,56,312,4.3
San Pedro de Buena Vista,2026-09-28 14:00:00,18,0.0,13,56,309,4.1
San Pedro de Buena Vista,2026-09-28 14:00:00,21,0.0,16,56,302,3.3
San Pedro de Buena Vista,2026-09-28 14:00:00,24,0.0,20,56,293,2.4
San Pedro de Buena Vista,2026-09-28 14:00:00,27,0.0,20,56,288,3.1
San Pedro de Buena Vista,2026-09-28 14:00:00,30,0.0,16,56,273,3.8
San Pedro de Buena Vista,2026-09-28 14:00:00,33,0.0,11,56,301,3.9
San Pedro de Buena Vista,2026-09-28 14:00:00,36,0.0,8,57,323,4.0
San Pedro de Buena Vista,2026-09-28 14:00:00,39,0.0,8,56,325,2.9
San Pedro de Buena Vista,2026-09-28 14:00:00,42,0.0,12,56,333,2.4
San Pedro de Buena Vista,2026-09-28 14:00:00,45,0.0,15,57,297,5.4
San Pedro de Buena Vista,2026-09-28 14:00:00,48,0.0,18,56,258,8.3
San Pedro de Buena Vista,2026-09-28 14:00:00,51,0.0,18,56,224,5.8
San Pedro de Buena Vista,2026-09-28 14:00:00,54,0.0,14,56,187,3.4
San Pedro de Buena Vista,2026-09-28 14:00:00,57,0.0,12,57,132,2.2
San Pedro de Buena Vista,2026-09-28 14:00:00,60,0.0,7,26,68,1.1
San Pedro de Buena Vista,2026-09-28 14:00:00,63,0.0,7,26,88,2.2
San Pedro de Buena Vista,2026-09-28 14:00:00,66,0.0,12,27,75,1.4
San Pedro de Buena Vista,2026-09-28 14:00:00,69,0.0,15,26,93,3.4
San Pedro de Buena Vista,2026-09-28 14:00:00,72,0.0,18,36,105,5.5
San Pedro de Buena Vista,2026-09-28 14:00:00,75,0.0,18,36,95,4.4
San Pedro de Buena Vista,2026-09-28 14:00:00,78,0.0,15,26,85,3.3
San Pedro de Buena Vista,2026-09-28 14:00:00,81,0.0,11,27,83,2.4
San Pedro de Buena Vista,2026-09-28 14:00:00,84,0.0,7,26,74,1.5
San Pedro de Buena Vista,2026-09-28 14:00:00,87,0.0,7,26,247,0.9
San Pedro de Buena Vista,2026-09-28 14:00:00,90,0.0,9,26,45,1.1
San Pedro de Buena Vista,2026-09-28 14:00:00,93,0.0,13,26,82,1.6
San Pedro de Buena Vista,2026-09-28 14:00:00,96,0.0,19,26,110,2.2
San Pedro de Buena Vista,2026-09-28 14:00:00,99,0.0,19,26,93,2.0
San Pedro de Buena Vista,2026-09-28 14:00:00,102,0.0,15,26,69,1.8
San Pedro de Buena Vista,2026-09-28 14:00:00,105,0.0,11,26,358,2.6
San Pedro de Buena Vista,2026-09-28 14:00:00,108,0.0,8,26,286,3.5
San Pedro de Tiquina,2026-09-28 14:00:00,3,0.0,15,56,3,6.0
San Pedro de Tiquina,2026-09-28 14:00:00,6,0.0,12,56,23,4.1
San Pedro de Tiquina,2026-09-28 14:00:00,9,0.0,9,57,13,4.1
San Pedro de Tiquina,2026-09-28 14:00:00,12,5.0,7,89,3,4.1
San Pedro de Tiquina,2026-09-28 14:00:00,15,3.0,7,89,312,3.1
San Pedro de Tiquina,2026-09-28 14:00:00,18,3.1,8,88,264,3.0
San Pedro de Tiquina,2026-09-28 14:00:00,21,1.0,9,89,252,5.0
San Pedro de Tiquina,2026-09-28 14:00:00,24,3.1,10,88,229,7.0
San Pedro de Tiquina,2026-09-28 14:00:00,27,2.8,10,89,180,6.6
San Pedro de Tiquina,2026-09-28 14:00:00,30,2.1,9,89,130,6.1
San Pedro de Tiquina,2026-09-28 14:00:00,33,4.2,9,89,119,4.3
San Pedro de Tiquina,2026-09-28 14:00:00,36,5.0,7,89,106,2.5
San Pedro de Tiquina,2026-09-28 14:00:00,39,0.0,6,56,248,1.7
San Pedro de Tiquina,2026-09-28 14:00:00,42,0.0,7,56,314,1.8
San Pedro de Tiquina,2026-09-28 14:00:00,45,0.0,8,57,321,4.2
San Pedro de Tiquina,2026-09-28 14:00:00,48,0.0,8,37,328,6.5
San Pedro de Tiquina,2026-09-28 14:00:00,51,0.0,8,36,289,6.1
San Pedro de Tiquina,2026-09-28 14:00:00,54,0.0,8,35,244,5.8
San Pedro de Tiquina,2026-09-28 14:00:00,57,0.0,8,36,192,5.2
San Pedro de Tiquina,2026-09-28 14:00:00,60,0.0,7,25,137,4.4
San Pedro de Tiquina,2026-09-28 14:00:00,63,0.0,7,26,145,2.7
San Pedro de Tiquina,2026-09-28 14:00:00,66,0.0,8,26,105,1.7
San Pedro de Tiquina,2026-09-28 14:00:00,69,0.0,9,26,28,3.7
San Pedro de Tiquina,2026-09-28 14:00:00,72,0.0,9,36,298,5.8
San Pedro de Tiquina,2026-09-28 14:00:00,75,0.0,9,36,340,5.2
San Pedro de Tiquina,2026-09-28 14:00:00,78,0.0,9,36,23,4.6
San Pedro de Tiquina,2026-09-28 14:00:00,81,0.0,8,36,13,3.8
San Pedro de Tiquina,2026-09-28 14:00:00,84,0.0,7,26,3,3.1
San Pedro de Tiquina,2026-09-28 14:00:00,87,0.0,7,27,357,3.6
San Pedro de Tiquina,2026-09-28 14:00:00,90,0.0,8,26,347,3.3
San Pedro de Tiquina,2026-09-28 14:00:00,93,0.0,9,27,328,4.5
San Pedro de Tiquina,2026-09-28 14:00:00,96,0.0,10,26,308,5.7
San Pedro de Tiquina,2026-09-28 14:00:00,99,0.0,11,26,327,4.8
San Pedro de Tiquina,2026-09-28 14:00:00,102,0.0,9,26,339,3.9
San Pedro de Tiquina,2026-09-28 14:00:00,105,0.0,8,25,330,2.6
San Pedro de Tiquina,2026-09-28 14:00:00,108,0.0,7,27,310,1.3
San Ramon,2026-09-28 14:00:00,3,0.0,36,36,335,4.6
San Ramon,2026-09-28 14:00:00,6,0.0,32,26,355,3.7
San Ramon,2026-09-28 14:00:00,9,0.0,28,26,345,3.8
San Ramon,2026-09-28 14:00:00,12,0.0,23,36,330,3.9
San Ramon,2026-09-28 14:00:00,15,0.0,23,36,330,4.8
San Ramon,2026-09-28 14:00:00,18,0.0,29,36,320,5.3
San Ramon,2026-09-28 14:00:00,21,0.0,32,36,325,5.8
San Ramon,2026-09-28 14:00:00,24,0.0,35,56,325,6.3
San Ramon,2026-09-28 14:00:00,27,0.0,35,56,335,5.9
San Ramon,2026-09-28 14:00:00,30,0.0,29,56,335,5.5
San Ramon,2026-09-28 14:00:00,33,0.0,25,56,275,3.4
San Ramon,2026-09-28 14:00:00,36,0.0,23,56,207,1.4
San Ramon,2026-09-28 14:00:00,39,2.9,23,89,222,3.9
San Ramon,2026-09-28 14:00:00,42,2.2,26,90,172,3.2
San Ramon,2026-09-28 14:00:00,45,3.3,28,89,178,3.3
San Ramon,2026-09-28 14:00:00,48,2.0,34,89,175,3.5
San Ramon,2026-09-28 14:00:00,51,3.7,34,89,165,5.2
San Ramon,2026-09-28 14:00:00,54,1.7,29,89,150,6.9
San Ramon,2026-09-28 14:00:00,57,2.2,26,89,130,4.8
San Ramon,2026-09-28 14:00:00,60,0.0,22,56,107,2.7
San Ramon,2026-09-28 14:00:00,63,0.0,22,56,122,2.2
San Ramon,2026-09-28 14:00:00,66,0.0,25,56,120,2.1
San Ramon,2026-09-28 14:00:00,69,0.0,27,56,118,2.0
San Ramon,2026-09-28 14:00:00,72,2.0,29,89,108,1.8
San Ramon,2026-09-28 14:00:00,75,1.5,29,90,85,2.1
San Ramon,2026-09-28 14:00:00,78,0.0,27,56,55,2.4
San Ramon,2026-09-28 14:00:00,81,0.0,25,56,90,2.6
San Ramon,2026-09-28 14:00:00,84,0.0,23,56,120,2.8
San Ramon,2026-09-28 14:00:00,87,0.0,23,56,130,2.9
San Ramon,2026-09-28 14:00:00,90,0.0,26,56,130,1.3
San Ramon,2026-09-28 14:00:00,93,0.0,29,56,103,1.4
San Ramon,2026-09-28 14:00:00,96,0.0,33,36,70,1.3
San Ramon,2026-09-28 14:00:00,99,0.0,33,36,58,2.2
San Ramon,2026-09-28 14:00:00,102,0.0,30,36,40,3.1
San Ramon,2026-09-28 14:00:00,105,0.0,26,36,358,2.6
San Ramon,2026-09-28 14:00:00,108,0.0,24,36,308,2.0
San Roque - La Paz,2026-09-28 14:00:00,3,0.0,16,56,40,5.1
San Roque - La Paz,2026-09-28 14:00:00,6,0.0,9,56,67,4.5
San Roque - La Paz,2026-09-28 14:00:00,9,0.0,5,56,50,3.0
San Roque - La Paz,2026-09-28 14:00:00,12,3.0,3,89,24,1.5
San Roque - La Paz,2026-09-28 14:00:00,15,2.2,3,89,29,0.9
San Roque - La Paz,2026-09-28 14:00:00,18,3.3,4,89,14,1.0
San Roque - La Paz,2026-09-28 14:00:00,21,3.6,8,89,54,2.4
San Roque - La Paz,2026-09-28 14:00:00,24,1.9,12,89,91,3.8
San Roque - La Paz,2026-09-28 14:00:00,27,4.4,12,89,124,4.9
San Roque - La Paz,2026-09-28 14:00:00,30,4.1,7,89,154,5.9
San Roque - La Paz,2026-09-28 14:00:00,33,4.5,4,89,97,3.4
San Roque - La Paz,2026-09-28 14:00:00,36,3.6,3,89,39,0.9
San Roque - La Paz,2026-09-28 14:00:00,39,0.0,3,56,26,1.8
San Roque - La Paz,2026-09-28 14:00:00,42,0.0,4,57,326,2.6
San Roque - La Paz,2026-09-28 14:00:00,45,0.0,7,56,320,4.5
San Roque - La Paz,2026-09-28 14:00:00,48,0.0,10,36,310,6.4
San Roque - La Paz,2026-09-28 14:00:00,51,0.0,10,36,270,6.0
San Roque - La Paz,2026-09-28 14:00:00,54,0.0,7,36,229,5.6
San Roque - La Paz,2026-09-28 14:00:00,57,0.0,5,36,194,4.2
San Roque - La Paz,2026-09-28 14:00:00,60,0.0,4,26,155,2.8
San Roque - La Paz,2026-09-28 14:00:00,63,0.0,4,26,50,0.7
San Roque - La Paz,2026-09-28 14:00:00,66,0.0,7,26,33,0.5
San Roque - La Paz,2026-09-28 14:00:00,69,0.0,8,27,350,4.2
San Roque - La Paz,2026-09-28 14:00:00,72,0.0,11,36,297,7.8
San Roque - La Paz,2026-09-28 14:00:00,75,0.0,11,36,334,5.0
San Roque - La Paz,2026-09-28 14:00:00,78,0.0,8,36,0,2.2
San Roque - La Paz,2026-09-28 14:00:00,81,0.0,5,36,3,1.6
San Roque - La Paz,2026-09-28 14:00:00,84,0.0,3,26,357,0.9
San Roque - La Paz,2026-09-28 14:00:00,87,0.0,3,26,27,1.4
San Roque - La Paz,2026-09-28 14:00:00,90,0.0,5,26,323,1.9
San Roque - La Paz,2026-09-28 14:00:00,93,0.0,8,26,314,3.9
San Roque - La Paz,2026-09-28 14:00:00,96,0.0,12,26,304,6.0
San Roque - La Paz,2026-09-28 14:00:00,99,0.0,12,26,297,4.6
San Roque - La Paz,2026-09-28 14:00:00,102,0.0,10,25,289,3.2
San Roque - La Paz,2026-09-28 14:00:00,105,0.0,8,26,227,2.0
San Roque - La Paz,2026-09-28 14:00:00,108,0.0,6,26,154,0.7
Santa Ana,2026-09-28 14:00:00,3,0.0,36,37,320,5.1
Santa Ana,2026-09-28 14:00:00,6,0.0,31,26,327,4.0
Santa Ana,2026-09-28 14:00:00,9,0.0,27,26,327,4.6
Santa Ana,2026-09-28 14:00:00,12,0.0,23,36,320,5.1
Santa Ana,2026-09-28 14:00:00,15,0.0,23,36,330,4.9
Santa Ana,2026-09-28 14:00:00,18,0.0,28,37,320,5.6
Santa Ana,2026-09-28 14:00:00,21,0.0,30,36,320,6.9
Santa Ana,2026-09-28 14:00:00,24,0.0,34,56,317,8.0
Santa Ana,2026-09-28 14:00:00,27,0.0,34,56,340,7.2
Santa Ana,2026-09-28 14:00:00,30,0.0,30,57,360,6.4
Santa Ana,2026-09-28 14:00:00,33,0.0,26,56,300,4.8
Santa Ana,2026-09-28 14:00:00,36,0.0,22,56,230,3.1
Santa Ana,2026-09-28 14:00:00,39,5.0,22,89,246,2.1
Santa Ana,2026-09-28 14:00:00,42,2.3,24,89,164,2.9
Santa Ana,2026-09-28 14:00:00,45,3.6,27,89,170,4.4
Santa Ana,2026-09-28 14:00:00,48,2.7,33,88,176,5.9
Santa Ana,2026-09-28 14:00:00,51,5.0,33,89,150,5.8
Santa Ana,2026-09-28 14:00:00,54,4.8,27,89,120,5.6
Santa Ana,2026-09-28 14:00:00,57,5.0,25,89,120,3.9
Santa Ana,2026-09-28 14:00:00,60,0.0,21,56,120,2.2
Santa Ana,2026-09-28 14:00:00,63,0.0,21,56,70,2.5
Santa Ana,2026-09-28 14:00:00,66,0.0,24,56,50,1.4
Santa Ana,2026-09-28 14:00:00,69,0.0,25,56,90,2.0
Santa Ana,2026-09-28 14:00:00,72,1.9,28,89,120,2.5
Santa Ana,2026-09-28 14:00:00,75,1.2,28,89,81,2.4
Santa Ana,2026-09-28 14:00:00,78,0.0,26,56,38,2.2
Santa Ana,2026-09-28 14:00:00,81,0.0,24,56,91,2.1
Santa Ana,2026-09-28 14:00:00,84,0.0,22,56,134,2.1
Santa Ana,2026-09-28 14:00:00,87,0.0,22,56,130,2.2
Santa Ana,2026-09-28 14:00:00,90,0.0,23,57,110,1.5
Santa Ana,2026-09-28 14:00:00,93,0.0,28,56,170,1.9
Santa Ana,2026-09-28 14:00:00,96,0.0,32,36,230,2.4
Santa Ana,2026-09-28 14:00:00,99,0.0,32,36,267,2.1
Santa Ana,2026-09-28 14:00:00,102,0.0,29,36,304,1.9
Santa Ana,2026-09-28 14:00:00,105,0.0,26,36,327,2.3
Santa Ana,2026-09-28 14:00:00,108,0.0,24,36,340,2.7
Santa Cruz - Trompillo,2026-09-28 14:00:00,3,0.0,35,35,340,7.0
Santa Cruz - Trompillo,2026-09-28 14:00:00,6,0.0,30,26,340,5.8
Santa Cruz - Trompillo,2026-09-28 14:00:00,9,0.0,27,25,340,6.0
Santa Cruz - Trompillo,2026-09-28 14:00:00,12,0.0,24,26,330,6.2
Santa Cruz - Trompillo,2026-09-28 14:00:00,15,0.0,24,26,322,6.2
Santa Cruz - Trompillo,2026-09-28 14:00:00,18,0.0,26,27,322,6.6
Santa Cruz - Trompillo,2026-09-28 14:00:00,21,0.0,29,26,322,6.8
Santa Cruz - Trompillo,2026-09-28 14:00:00,24,0.0,34,36,322,6.9
Santa Cruz - Trompillo,2026-09-28 14:00:00,27,0.0,34,36,294,4.9
Santa Cruz - Trompillo,2026-09-28 14:00:00,30,0.0,29,56,264,2.8
Santa Cruz - Trompillo,2026-09-28 14:00:00,33,0.0,25,56,219,4.2
Santa Cruz - Trompillo,2026-09-28 14:00:00,36,0.0,20,56,167,5.5
Santa Cruz - Trompillo,2026-09-28 14:00:00,39,1.8,20,89,168,3.5
Santa Cruz - Trompillo,2026-09-28 14:00:00,42,1.9,22,89,158,3.5
Santa Cruz - Trompillo,2026-09-28 14:00:00,45,2.5,23,90,150,3.3
Santa Cruz - Trompillo,2026-09-28 14:00:00,48,3.6,25,89,138,3.1
Santa Cruz - Trompillo,2026-09-28 14:00:00,51,4.8,25,89,127,2.2
Santa Cruz - Trompillo,2026-09-28 14:00:00,54,0.0,23,57,109,1.2
Santa Cruz - Trompillo,2026-09-28 14:00:00,57,0.0,22,55,127,1.3
Santa Cruz - Trompillo,2026-09-28 14:00:00,60,0.0,20,56,142,1.3
Santa Cruz - Trompillo,2026-09-28 14:00:00,63,0.0,20,56,162,2.3
Santa Cruz - Trompillo,2026-09-28 14:00:00,66,0.0,21,56,158,3.3
Santa Cruz - Trompillo,2026-09-28 14:00:00,69,0.0,22,55,158,4.1
Santa Cruz - Trompillo,2026-09-28 14:00:00,72,0.0,23,56,148,4.8
Santa Cruz - Trompillo,2026-09-28 14:00:00,75,0.0,23,55,150,3.2
Santa Cruz - Trompillo,2026-09-28 14:00:00,78,0.0,22,56,153,1.6
Santa Cruz - Trompillo,2026-09-28 14:00:00,81,0.0,21,56,165,1.5
Santa Cruz - Trompillo,2026-09-28 14:00:00,84,0.0,20,56,174,1.4
Santa Cruz - Trompillo,2026-09-28 14:00:00,87,0.0,20,56,149,0.9
Santa Cruz - Trompillo,2026-09-28 14:00:00,90,0.0,22,56,117,1.2
Santa Cruz - Trompillo,2026-09-28 14:00:00,93,0.0,24,57,92,1.7
Santa Cruz - Trompillo,2026-09-28 14:00:00,96,0.0,26,56,60,2.2
Santa Cruz - Trompillo,2026-09-28 14:00:00,99,0.0,26,56,20,2.1
Santa Cruz - Trompillo,2026-09-28 14:00:00,102,0.0,24,56,337,2.0
Santa Cruz - Trompillo,2026-09-28 14:00:00,105,0.0,23,56,348,3.3
Santa Cruz - Trompillo,2026-09-28 14:00:00,108,0.0,20,56,348,4.6
Santa Cruz - Viru Viru,2026-09-28 14:00:00,3,0.0,36,36,340,6.6
Santa Cruz - Viru Viru,2026-09-28 14:00:00,6,0.0,31,26,350,5.4
Santa Cruz - Viru Viru,2026-09-28 14:00:00,9,0.0,27,26,340,5.5
Santa Cruz - Viru Viru,2026-09-28 14:00:00,12,0.0,24,26,324,5.6
Santa Cruz - Viru Viru,2026-09-28 14:00:00,15,0.0,24,26,320,6.1
Santa Cruz - Viru Viru,2026-09-28 14:00:00,18,0.0,27,26,315,6.1
Santa Cruz - Viru Viru,2026-09-28 14:00:00,21,0.0,30,26,320,6.3
Santa Cruz - Viru Viru,2026-09-28 14:00:00,24,0.0,34,36,320,6.4
Santa Cruz - Viru Viru,2026-09-28 14:00:00,27,0.0,34,36,284,4.7
Santa Cruz - Viru Viru,2026-09-28 14:00:00,30,0.0,30,56,245,2.9
Santa Cruz - Viru Viru,2026-09-28 14:00:00,33,0.0,26,56,211,4.7
Santa Cruz - Viru Viru,2026-09-28 14:00:00,36,0.0,20,56,171,6.5
Santa Cruz - Viru Viru,2026-09-28 14:00:00,39,2.8,20,90,172,3.1
Santa Cruz - Viru Viru,2026-09-28 14:00:00,42,3.1,22,89,160,3.6
Santa Cruz - Viru Viru,2026-09-28 14:00:00,45,1.9,24,89,160,3.5
Santa Cruz - Viru Viru,2026-09-28 14:00:00,48,2.3,26,89,157,3.5
Santa Cruz - Viru Viru,2026-09-28 14:00:00,51,2.6,26,90,140,2.5
Santa Cruz - Viru Viru,2026-09-28 14:00:00,54,0.0,24,56,118,1.6
Santa Cruz - Viru Viru,2026-09-28 14:00:00,57,0.0,22,57,118,1.5
Santa Cruz - Viru Viru,2026-09-28 14:00:00,60,0.0,20,57,117,1.5
Santa Cruz - Viru Viru,2026-09-28 14:00:00,63,0.0,20,56,151,2.3
Santa Cruz - Viru Viru,2026-09-28 14:00:00,66,0.0,21,56,151,3.2
Santa Cruz - Viru Viru,2026-09-28 14:00:00,69,0.0,22,57,151,4.0
Santa Cruz - Viru Viru,2026-09-28 14:00:00,72,0.0,24,55,150,4.7
Santa Cruz - Viru Viru,2026-09-28 14:00:00,75,0.0,24,55,143,3.2
Santa Cruz - Viru Viru,2026-09-28 14:00:00,78,0.0,23,56,132,1.7
Santa Cruz - Viru Viru,2026-09-28 14:00:00,81,0.0,21,56,149,1.6
Santa Cruz - Viru Viru,2026-09-28 14:00:00,84,0.0,20,56,160,1.5
Santa Cruz - Viru Viru,2026-09-28 14:00:00,87,0.0,20,57,139,1.1
Santa Cruz - Viru Viru,2026-09-28 14:00:00,90,0.0,22,56,116,1.2
Santa Cruz - Viru Viru,2026-09-28 14:00:00,93,0.0,25,56,86,1.9
Santa Cruz - Viru Viru,2026-09-28 14:00:00,96,0.0,27,56,50,2.5
Santa Cruz - Viru Viru,2026-09-28 14:00:00,99,0.0,27,57,21,2.2
Santa Cruz - Viru Viru,2026-09-28 14:00:00,102,0.0,24,56,348,1.9
Santa Cruz - Viru Viru,2026-09-28 14:00:00,105,0.0,23,56,347,3.1
Santa Cruz - Viru Viru,2026-09-28 14:00:00,108,0.0,21,56,341,4.2
Santa Rosa,2026-09-28 14:00:00,3,0.0,36,36,344,4.1
Santa Rosa,2026-09-28 14:00:00,6,0.0,29,36,344,3.2
Santa Rosa,2026-09-28 14:00:00,9,0.0,26,36,330,2.9
Santa Rosa,2026-09-28 14:00:00,12,0.0,22,36,310,2.7
Santa Rosa,2026-09-28 14:00:00,15,0.0,22,36,320,3.3
Santa Rosa,2026-09-28 14:00:00,18,0.0,25,37,300,4.7
Santa Rosa,2026-09-28 14:00:00,21,0.0,27,36,310,5.4
Santa Rosa,2026-09-28 14:00:00,24,0.0,31,56,316,6.0
Santa Rosa,2026-09-28 14:00:00,27,0.0,31,56,346,5.0
Santa Rosa,2026-09-28 14:00:00,30,3.7,27,89,13,3.9
Santa Rosa,2026-09-28 14:00:00,33,4.0,23,89,306,3.9
Santa Rosa,2026-09-28 14:00:00,36,4.9,20,89,233,3.9
Santa Rosa,2026-09-28 14:00:00,39,3.3,20,89,189,2.1
Santa Rosa,2026-09-28 14:00:00,42,4.7,23,89,171,2.2
Santa Rosa,2026-09-28 14:00:00,45,2.7,26,89,169,3.2
Santa Rosa,2026-09-28 14:00:00,48,1.2,28,89,158,4.1
Santa Rosa,2026-09-28 14:00:00,51,3.5,28,89,148,3.9
Santa Rosa,2026-09-28 14:00:00,54,0.0,26,57,128,3.8
Santa Rosa,2026-09-28 14:00:00,57,0.0,24,56,154,2.9
Santa Rosa,2026-09-28 14:00:00,60,0.0,20,56,176,2.1
Santa Rosa,2026-09-28 14:00:00,63,0.0,20,56,119,1.9
Santa Rosa,2026-09-28 14:00:00,66,0.0,23,57,88,2.4
Santa Rosa,2026-09-28 14:00:00,69,0.0,25,55,90,2.6
Santa Rosa,2026-09-28 14:00:00,72,2.3,28,90,87,2.8
Santa Rosa,2026-09-28 14:00:00,75,2.4,28,89,37,2.2
Santa Rosa,2026-09-28 14:00:00,78,2.0,26,89,340,1.6
Santa Rosa,2026-09-28 14:00:00,81,1.5,24,89,333,1.9
Santa Rosa,2026-09-28 14:00:00,84,0.0,21,55,161,2.1
Santa Rosa,2026-09-28 14:00:00,87,0.0,21,56,151,1.9
Santa Rosa,2026-09-28 14:00:00,90,0.0,25,56,131,2.0
Santa Rosa,2026-09-28 14:00:00,93,0.0,27,56,131,1.8
Santa Rosa,2026-09-28 14:00:00,96,0.0,29,56,126,1.5
Santa Rosa,2026-09-28 14:00:00,99,0.0,29,56,71,1.6
Santa Rosa,2026-09-28 14:00:00,102,0.0,26,36,11,1.8
Santa Rosa,2026-09-28 14:00:00,105,0.0,24,36,350,1.9
Santa Rosa,2026-09-28 14:00:00,108,0.0,23,36,324,1.8
Santos Mercado - PD,2026-09-28 14:00:00,3,0.0,36,35,340,1.8
Santos Mercado - PD,2026-09-28 14:00:00,6,0.0,31,35,10,1.2
Santos Mercado - PD,2026-09-28 14:00:00,9,0.0,28,35,350,1.4
Santos Mercado - PD,2026-09-28 14:00:00,12,0.0,23,36,320,1.5
Santos Mercado - PD,2026-09-28 14:00:00,15,0.0,23,37,340,2.0
Santos Mercado - PD,2026-09-28 14:00:00,18,0.0,27,36,330,2.4
Santos Mercado - PD,2026-09-28 14:00:00,21,0.0,29,37,340,3.0
Santos Mercado - PD,2026-09-28 14:00:00,24,3.1,36,89,340,3.6
Santos Mercado - PD,2026-09-28 14:00:00,27,1.9,36,88,330,2.3
Santos Mercado - PD,2026-09-28 14:00:00,30,0.0,28,56,320,1.0
Santos Mercado - PD,2026-09-28 14:00:00,33,0.0,25,56,311,0.9
Santos Mercado - PD,2026-09-28 14:00:00,36,0.0,22,57,301,0.8
Santos Mercado - PD,2026-09-28 14:00:00,39,3.5,22,89,20,0.8
Santos Mercado - PD,2026-09-28 14:00:00,42,3.5,25,89,10,1.0
Santos Mercado - PD,2026-09-28 14:00:00,45,0.8,27,89,340,1.5
Santos Mercado - PD,2026-09-28 14:00:00,48,5.3,31,88,309,2.1
Santos Mercado - PD,2026-09-28 14:00:00,51,4.5,31,88,250,2.3
Santos Mercado - PD,2026-09-28 14:00:00,54,5.4,28,89,190,2.6
Santos Mercado - PD,2026-09-28 14:00:00,57,1.7,25,90,180,2.6
Santos Mercado - PD,2026-09-28 14:00:00,60,1.5,22,89,170,2.6
Santos Mercado - PD,2026-09-28 14:00:00,63,2.0,22,89,150,2.0
Santos Mercado - PD,2026-09-28 14:00:00,66,0.7,24,90,140,2.2
Santos Mercado - PD,2026-09-28 14:00:00,69,0.4,26,89,160,2.1
Santos Mercado - PD,2026-09-28 14:00:00,72,1.5,32,90,170,2.0
Santos Mercado - PD,2026-09-28 14:00:00,75,2.0,32,88,160,2.3
Santos Mercado - PD,2026-09-28 14:00:00,78,2.8,28,90,140,2.5
Santos Mercado - PD,2026-09-28 14:00:00,81,2.5,25,89,170,2.0
Santos Mercado - PD,2026-09-28 14:00:00,84,0.0,22,57,190,1.4
Santos Mercado - PD,2026-09-28 14:00:00,87,0.0,22,57,190,1.3
Santos Mercado - PD,2026-09-28 14:00:00,90,0.0,25,57,190,2.0
Santos Mercado - PD,2026-09-28 14:00:00,93,0.0,28,56,180,1.4
Santos Mercado - PD,2026-09-28 14:00:00,96,0.0,32,56,160,0.8
Santos Mercado - PD,2026-09-28 14:00:00,99,0.0,32,56,120,0.9
Santos Mercado - PD,2026-09-28 14:00:00,102,0.0,28,56,71,0.9
Santos Mercado - PD,2026-09-28 14:00:00,105,0.0,25,56,0,0.8
Santos Mercado - PD,2026-09-28 14:00:00,108,0.0,23,56,290,0.7
Sena - PD,2026-09-28 14:00:00,3,0.0,37,36,355,1.7
Sena - PD,2026-09-28 14:00:00,6,0.0,31,36,350,2.1
Sena - PD,2026-09-28 14:00:00,9,0.0,28,36,350,1.6
Sena - PD,2026-09-28 14:00:00,12,0.0,23,36,345,1.2
Sena - PD,2026-09-28 14:00:00,15,0.0,23,36,323,2.0
Sena - PD,2026-09-28 14:00:00,18,0.0,27,36,313,2.4
Sena - PD,2026-09-28 14:00:00,21,0.0,30,36,315,3.0
Sena - PD,2026-09-28 14:00:00,24,4.1,35,89,315,3.7
Sena - PD,2026-09-28 14:00:00,27,3.0,35,89,290,2.3
Sena - PD,2026-09-28 14:00:00,30,0.0,28,56,263,0.7
Sena - PD,2026-09-28 14:00:00,33,0.0,25,56,228,0.9
Sena - PD,2026-09-28 14:00:00,36,0.0,22,56,190,1.1
Sena - PD,2026-09-28 14:00:00,39,2.3,22,89,116,0.8
Sena - PD,2026-09-28 14:00:00,42,2.3,24,89,170,0.3
Sena - PD,2026-09-28 14:00:00,45,3.6,26,89,165,0.6
Sena - PD,2026-09-28 14:00:00,48,3.8,30,89,149,0.9
Sena - PD,2026-09-28 14:00:00,51,4.0,30,89,137,1.9
Sena - PD,2026-09-28 14:00:00,54,3.1,28,89,118,2.8
Sena - PD,2026-09-28 14:00:00,57,3.5,26,89,120,2.5
Sena - PD,2026-09-28 14:00:00,60,1.5,22,89,120,2.1
Sena - PD,2026-09-28 14:00:00,63,1.5,22,89,130,1.1
Sena - PD,2026-09-28 14:00:00,66,1.6,24,89,115,1.5
Sena - PD,2026-09-28 14:00:00,69,2.0,27,89,145,1.4
Sena - PD,2026-09-28 14:00:00,72,2.3,31,89,172,1.3
Sena - PD,2026-09-28 14:00:00,75,1.5,31,89,148,1.4
Sena - PD,2026-09-28 14:00:00,78,1.6,28,89,118,1.5
Sena - PD,2026-09-28 14:00:00,81,1.9,25,89,180,1.0
Sena - PD,2026-09-28 14:00:00,84,0.0,22,56,235,0.5
Sena - PD,2026-09-28 14:00:00,87,0.0,22,56,128,0.5
Sena - PD,2026-09-28 14:00:00,90,0.0,26,56,138,0.7
Sena - PD,2026-09-28 14:00:00,93,0.0,28,56,183,1.0
Sena - PD,2026-09-28 14:00:00,96,0.0,31,56,226,1.3
Sena - PD,2026-09-28 14:00:00,99,0.0,31,56,153,1.1
Sena - PD,2026-09-28 14:00:00,102,0.0,28,56,75,1.0
Sena - PD,2026-09-28 14:00:00,105,0.0,25,56,5,1.0
Sena - PD,2026-09-28 14:00:00,108,0.0,23,56,290,1.0
Soracachi,2026-09-28 14:00:00,3,0.0,22,36,30,7.5
Soracachi,2026-09-28 14:00:00,6,0.0,12,57,30,5.4
Soracachi,2026-09-28 14:00:00,9,0.0,7,56,25,4.1
Soracachi,2026-09-28 14:00:00,12,0.0,4,56,15,2.7
Soracachi,2026-09-28 14:00:00,15,0.0,4,56,258,3.0
Soracachi,2026-09-28 14:00:00,18,0.0,5,56,190,2.7
Soracachi,2026-09-28 14:00:00,21,0.0,9,56,173,3.1
Soracachi,2026-09-28 14:00:00,24,4.1,13,89,150,3.6
Soracachi,2026-09-28 14:00:00,27,3.7,13,89,209,3.1
Soracachi,2026-09-28 14:00:00,30,2.4,10,89,264,2.6
Soracachi,2026-09-28 14:00:00,33,4.3,8,89,300,3.2
Soracachi,2026-09-28 14:00:00,36,2.7,4,89,335,3.8
Soracachi,2026-09-28 14:00:00,39,0.0,4,56,304,3.4
Soracachi,2026-09-28 14:00:00,42,0.0,7,56,277,3.6
Soracachi,2026-09-28 14:00:00,45,0.0,9,56,284,5.3
Soracachi,2026-09-28 14:00:00,48,0.0,11,56,287,7.0
Soracachi,2026-09-28 14:00:00,51,0.0,11,56,260,7.2
Soracachi,2026-09-28 14:00:00,54,0.0,7,56,230,7.3
Soracachi,2026-09-28 14:00:00,57,0.0,4,56,277,5.3
Soracachi,2026-09-28 14:00:00,60,0.0,2,26,317,3.3
Soracachi,2026-09-28 14:00:00,63,0.0,2,26,159,1.0
Soracachi,2026-09-28 14:00:00,66,0.0,5,26,122,1.1
Soracachi,2026-09-28 14:00:00,69,0.0,7,26,74,1.3
Soracachi,2026-09-28 14:00:00,72,0.0,12,26,5,1.4
Soracachi,2026-09-28 14:00:00,75,0.0,12,26,21,2.5
Soracachi,2026-09-28 14:00:00,78,0.0,9,26,37,3.5
Soracachi,2026-09-28 14:00:00,81,0.0,6,26,39,2.6
Soracachi,2026-09-28 14:00:00,84,0.0,2,27,39,1.7
Soracachi,2026-09-28 14:00:00,87,0.0,2,26,354,2.0
Soracachi,2026-09-28 14:00:00,90,0.0,5,26,307,1.9
Soracachi,2026-09-28 14:00:00,93,0.0,9,26,278,4.2
Soracachi,2026-09-28 14:00:00,96,0.0,13,26,244,6.5
Soracachi,2026-09-28 14:00:00,99,0.0,13,26,273,4.7
Soracachi,2026-09-28 14:00:00,102,0.0,10,26,298,2.9
Soracachi,2026-09-28 14:00:00,105,0.0,7,26,258,1.9
Soracachi,2026-09-28 14:00:00,108,0.0,5,27,133,1.0
Sucre,2026-09-28 14:00:00,3,0.0,29,26,14,5.7
Sucre,2026-09-28 14:00:00,6,0.0,23,25,9,3.7
Sucre,2026-09-28 14:00:00,9,0.0,15,26,7,3.5
Sucre,2026-09-28 14:00:00,12,0.0,12,36,358,3.4
Sucre,2026-09-28 14:00:00,15,0.0,12,36,17,2.6
Sucre,2026-09-28 14:00:00,18,0.0,15,36,10,2.5
Sucre,2026-09-28 14:00:00,21,0.0,20,36,5,2.5
Sucre,2026-09-28 14:00:00,24,3.7,26,84,357,2.4
Sucre,2026-09-28 14:00:00,27,3.9,26,84,318,2.8
Sucre,2026-09-28 14:00:00,30,1.3,19,89,277,3.2
Sucre,2026-09-28 14:00:00,33,3.4,14,89,315,2.1
Sucre,2026-09-28 14:00:00,36,4.0,11,90,343,0.9
Sucre,2026-09-28 14:00:00,39,0.0,11,57,42,2.3
Sucre,2026-09-28 14:00:00,42,0.0,14,57,72,1.5
Sucre,2026-09-28 14:00:00,45,0.0,18,57,46,2.6
Sucre,2026-09-28 14:00:00,48,0.0,21,56,16,3.7
Sucre,2026-09-28 14:00:00,51,0.0,21,56,25,3.1
Sucre,2026-09-28 14:00:00,54,0.0,15,56,33,2.5
Sucre,2026-09-28 14:00:00,57,0.0,11,56,41,2.0
Sucre,2026-09-28 14:00:00,60,0.0,10,27,39,1.5
Sucre,2026-09-28 14:00:00,63,0.0,10,26,28,2.2
Sucre,2026-09-28 14:00:00,66,0.0,13,26,38,2.0
Sucre,2026-09-28 14:00:00,69,0.0,17,27,43,3.5
Sucre,2026-09-28 14:00:00,72,0.0,21,36,43,5.0
Sucre,2026-09-28 14:00:00,75,0.0,21,36,15,3.5
Sucre,2026-09-28 14:00:00,78,0.0,16,36,342,2.1
Sucre,2026-09-28 14:00:00,81,0.0,12,36,347,1.8
Sucre,2026-09-28 14:00:00,84,0.0,8,36,346,1.6
Sucre,2026-09-28 14:00:00,87,0.0,8,37,31,1.5
Sucre,2026-09-28 14:00:00,90,0.0,14,36,21,1.5
Sucre,2026-09-28 14:00:00,93,0.0,17,36,31,2.9
Sucre,2026-09-28 14:00:00,96,0.0,22,36,41,4.1
Sucre,2026-09-28 14:00:00,99,0.0,22,36,28,3.6
Sucre,2026-09-28 14:00:00,102,0.0,18,36,9,3.1
Sucre,2026-09-28 14:00:00,105,0.0,15,37,10,2.4
Sucre,2026-09-28 14:00:00,108,0.0,14,37,2,1.7
Sultaca,2026-09-28 14:00:00,3,0.0,26,26,12,6.4
Sultaca,2026-09-28 14:00:00,6,0.0,22,26,360,5.3
Sultaca,2026-09-28 14:00:00,9,0.0,16,26,9,3.9
Sultaca,2026-09-28 14:00:00,12,0.0,12,36,9,2.5
Sultaca,2026-09-28 14:00:00,15,0.0,12,36,301,2.6
Sultaca,2026-09-28 14:00:00,18,0.0,14,37,269,2.8
Sultaca,2026-09-28 14:00:00,21,0.0,18,36,285,3.9
Sultaca,2026-09-28 14:00:00,24,4.0,21,84,297,4.9
Sultaca,2026-09-28 14:00:00,27,2.3,21,84,323,4.5
Sultaca,2026-09-28 14:00:00,30,5.1,18,90,342,4.0
Sultaca,2026-09-28 14:00:00,33,3.6,14,89,358,2.9
Sultaca,2026-09-28 14:00:00,36,2.3,10,89,14,1.9
Sultaca,2026-09-28 14:00:00,39,0.0,10,56,4,2.7
Sultaca,2026-09-28 14:00:00,42,0.0,13,56,356,3.2
Sultaca,2026-09-28 14:00:00,45,0.0,15,56,296,4.5
Sultaca,2026-09-28 14:00:00,48,0.0,17,56,189,6.0
Sultaca,2026-09-28 14:00:00,51,0.0,17,56,144,4.4
Sultaca,2026-09-28 14:00:00,54,0.0,14,56,92,2.9
Sultaca,2026-09-28 14:00:00,57,0.0,11,56,36,2.2
Sultaca,2026-09-28 14:00:00,60,0.0,9,26,335,1.4
Sultaca,2026-09-28 14:00:00,63,0.0,9,26,98,1.9
Sultaca,2026-09-28 14:00:00,66,0.0,11,26,121,2.0
Sultaca,2026-09-28 14:00:00,69,0.0,13,26,111,4.7
Sultaca,2026-09-28 14:00:00,72,0.0,17,36,98,7.3
Sultaca,2026-09-28 14:00:00,75,0.0,17,36,94,5.1
Sultaca,2026-09-28 14:00:00,78,0.0,14,36,88,3.1
Sultaca,2026-09-28 14:00:00,81,0.0,10,36,27,1.9
Sultaca,2026-09-28 14:00:00,84,0.0,7,36,323,0.6
Sultaca,2026-09-28 14:00:00,87,0.0,6,36,356,0.9
Sultaca,2026-09-28 14:00:00,90,0.0,9,36,337,1.4
Sultaca,2026-09-28 14:00:00,93,0.0,13,36,318,1.9
Sultaca,2026-09-28 14:00:00,96,0.0,18,36,171,2.3
Sultaca,2026-09-28 14:00:00,99,0.0,18,36,92,2.8
Sultaca,2026-09-28 14:00:00,102,0.0,15,36,21,3.4
Sultaca,2026-09-28 14:00:00,105,0.0,12,36,327,3.3
Sultaca,2026-09-28 14:00:00,108,0.0,10,36,272,3.2
Tarapaya,2026-09-28 14:00:00,3,0.0,28,37,20,5.8
Tarapaya,2026-09-28 14:00:00,6,0.0,17,56,2,2.4
Tarapaya,2026-09-28 14:00:00,9,0.0,9,56,350,1.8
Tarapaya,2026-09-28 14:00:00,12,0.0,5,56,331,1.2
Tarapaya,2026-09-28 14:00:00,15,0.0,5,56,270,2.1
Tarapaya,2026-09-28 14:00:00,18,0.0,9,56,284,1.9
Tarapaya,2026-09-28 14:00:00,21,0.0,13,56,307,2.5
Tarapaya,2026-09-28 14:00:00,24,0.0,22,56,321,3.1
Tarapaya,2026-09-28 14:00:00,27,0.0,22,56,307,4.5
Tarapaya,2026-09-28 14:00:00,30,0.0,12,56,287,6.0
Tarapaya,2026-09-28 14:00:00,33,0.0,7,56,280,6.0
Tarapaya,2026-09-28 14:00:00,36,0.0,4,56,270,6.0
Tarapaya,2026-09-28 14:00:00,39,0.0,4,55,277,2.8
Tarapaya,2026-09-28 14:00:00,42,0.0,6,56,250,2.8
Tarapaya,2026-09-28 14:00:00,45,0.0,10,56,250,6.4
Tarapaya,2026-09-28 14:00:00,48,0.0,21,56,240,10.1
Tarapaya,2026-09-28 14:00:00,51,0.0,21,57,248,8.3
Tarapaya,2026-09-28 14:00:00,54,0.0,12,57,248,6.5
Tarapaya,2026-09-28 14:00:00,57,0.0,8,56,172,3.9
Tarapaya,2026-09-28 14:00:00,60,0.0,3,26,83,1.2
Tarapaya,2026-09-28 14:00:00,63,0.0,3,27,92,2.2
Tarapaya,2026-09-28 14:00:00,66,0.0,6,27,109,2.0
Tarapaya,2026-09-28 14:00:00,69,0.0,11,26,109,2.0
Tarapaya,2026-09-28 14:00:00,72,0.0,21,36,100,1.9
Tarapaya,2026-09-28 14:00:00,75,0.0,21,36,43,1.9
Tarapaya,2026-09-28 14:00:00,78,0.0,13,27,337,1.9
Tarapaya,2026-09-28 14:00:00,81,0.0,8,26,302,1.7
Tarapaya,2026-09-28 14:00:00,84,0.0,3,26,267,1.4
Tarapaya,2026-09-28 14:00:00,87,0.0,3,26,329,1.5
Tarapaya,2026-09-28 14:00:00,90,0.0,8,26,350,0.8
Tarapaya,2026-09-28 14:00:00,93,0.0,15,26,68,2.4
Tarapaya,2026-09-28 14:00:00,96,0.0,21,27,143,4.0
Tarapaya,2026-09-28 14:00:00,99,0.0,21,26,203,3.7
Tarapaya,2026-09-28 14:00:00,102,0.0,18,26,261,3.5
Tarapaya,2026-09-28 14:00:00,105,0.0,14,26,261,3.1
Tarapaya,2026-09-28 14:00:00,108,0.0,10,26,259,2.8
Tarija - Centro,2026-09-28 14:00:00,3,0.0,35,35,105,3.9
Tarija - Centro,2026-09-28 14:00:00,6,0.0,23,55,150,1.9
Tarija - Centro,2026-09-28 14:00:00,9,0.0,13,55,155,1.7
Tarija - Centro,2026-09-28 14:00:00,12,0.0,11,56,156,1.4
Tarija - Centro,2026-09-28 14:00:00,15,0.0,11,56,145,2.1
Tarija - Centro,2026-09-28 14:00:00,18,0.0,13,56,120,2.3
Tarija - Centro,2026-09-28 14:00:00,21,0.0,18,56,125,3.4
Tarija - Centro,2026-09-28 14:00:00,24,1.0,29,89,125,4.5
Tarija - Centro,2026-09-28 14:00:00,27,4.3,29,89,141,3.6
Tarija - Centro,2026-09-28 14:00:00,30,2.5,16,89,150,2.7
Tarija - Centro,2026-09-28 14:00:00,33,4.2,12,89,135,2.2
Tarija - Centro,2026-09-28 14:00:00,36,4.4,8,89,116,1.7
Tarija - Centro,2026-09-28 14:00:00,39,0.0,8,56,120,2.5
Tarija - Centro,2026-09-28 14:00:00,42,0.0,12,56,111,2.0
Tarija - Centro,2026-09-28 14:00:00,45,0.0,17,56,129,1.9
Tarija - Centro,2026-09-28 14:00:00,48,0.0,28,56,143,1.7
Tarija - Centro,2026-09-28 14:00:00,51,0.0,28,56,145,1.2
Tarija - Centro,2026-09-28 14:00:00,54,0.0,19,56,136,0.7
Tarija - Centro,2026-09-28 14:00:00,57,0.0,14,57,61,0.9
Tarija - Centro,2026-09-28 14:00:00,60,0.0,6,25,335,1.0
Tarija - Centro,2026-09-28 14:00:00,63,0.0,6,25,136,1.4
Tarija - Centro,2026-09-28 14:00:00,66,0.0,12,25,120,1.7
Tarija - Centro,2026-09-28 14:00:00,69,0.0,15,25,136,2.9
Tarija - Centro,2026-09-28 14:00:00,72,0.0,27,35,146,4.0
Tarija - Centro,2026-09-28 14:00:00,75,0.0,27,35,136,3.0
Tarija - Centro,2026-09-28 14:00:00,78,0.0,22,56,126,2.0
Tarija - Centro,2026-09-28 14:00:00,81,0.0,6,56,95,1.8
Tarija - Centro,2026-09-28 14:00:00,84,0.0,6,36,60,1.4
Tarija - Centro,2026-09-28 14:00:00,87,0.0,13,36,85,1.9
Tarija - Centro,2026-09-28 14:00:00,90,0.0,14,36,70,2.1
Tarija - Centro,2026-09-28 14:00:00,93,0.0,18,36,75,3.2
Tarija - Centro,2026-09-28 14:00:00,96,0.0,26,36,75,4.3
Tarija - Centro,2026-09-28 14:00:00,99,0.0,26,36,61,3.5
Tarija - Centro,2026-09-28 14:00:00,102,0.0,21,36,41,2.7
Tarija - Centro,2026-09-28 14:00:00,105,0.0,16,36,92,2.1
Tarija - Centro,2026-09-28 14:00:00,108,0.0,14,36,142,1.4
Tolarapa (INIAF),2026-09-28 14:00:00,3,0.0,22,36,323,3.8
Tolarapa (INIAF),2026-09-28 14:00:00,6,0.0,17,26,260,2.7
Tolarapa (INIAF),2026-09-28 14:00:00,9,0.0,13,26,270,2.6
Tolarapa (INIAF),2026-09-28 14:00:00,12,0.0,11,35,270,2.4
Tolarapa (INIAF),2026-09-28 14:00:00,15,0.0,11,36,323,2.3
Tolarapa (INIAF),2026-09-28 14:00:00,18,0.0,15,36,360,2.2
Tolarapa (INIAF),2026-09-28 14:00:00,21,0.0,17,36,336,2.6
Tolarapa (INIAF),2026-09-28 14:00:00,24,3.1,20,89,307,3.0
Tolarapa (INIAF),2026-09-28 14:00:00,27,2.3,19,89,276,4.0
Tolarapa (INIAF),2026-09-28 14:00:00,30,3.8,16,89,236,5.0
Tolarapa (INIAF),2026-09-28 14:00:00,33,2.8,12,89,236,5.2
Tolarapa (INIAF),2026-09-28 14:00:00,36,4.5,8,89,226,5.3
Tolarapa (INIAF),2026-09-28 14:00:00,39,0.0,8,56,242,3.9
Tolarapa (INIAF),2026-09-28 14:00:00,42,0.0,11,56,261,3.3
Tolarapa (INIAF),2026-09-28 14:00:00,45,0.0,14,56,314,2.8
Tolarapa (INIAF),2026-09-28 14:00:00,48,0.0,17,56,2,2.2
Tolarapa (INIAF),2026-09-28 14:00:00,51,0.0,17,56,17,1.6
Tolarapa (INIAF),2026-09-28 14:00:00,54,0.0,14,56,184,0.9
Tolarapa (INIAF),2026-09-28 14:00:00,57,0.0,11,56,211,1.8
Tolarapa (INIAF),2026-09-28 14:00:00,60,0.0,9,26,226,2.7
Tolarapa (INIAF),2026-09-28 14:00:00,63,0.0,9,26,131,1.9
Tolarapa (INIAF),2026-09-28 14:00:00,66,0.0,12,26,69,1.6
Tolarapa (INIAF),2026-09-28 14:00:00,69,0.0,17,26,58,2.2
Tolarapa (INIAF),2026-09-28 14:00:00,72,0.0,21,36,47,2.8
Tolarapa (INIAF),2026-09-28 14:00:00,75,0.0,21,36,119,2.0
Tolarapa (INIAF),2026-09-28 14:00:00,78,0.0,15,36,185,1.2
Tolarapa (INIAF),2026-09-28 14:00:00,81,0.0,10,36,212,1.5
Tolarapa (INIAF),2026-09-28 14:00:00,84,0.0,7,36,235,1.8
Tolarapa (INIAF),2026-09-28 14:00:00,87,0.0,8,36,165,1.1
Tolarapa (INIAF),2026-09-28 14:00:00,90,0.0,12,36,28,1.0
Tolarapa (INIAF),2026-09-28 14:00:00,93,0.0,20,36,24,1.7
Tolarapa (INIAF),2026-09-28 14:00:00,96,0.0,25,36,11,2.5
Tolarapa (INIAF),2026-09-28 14:00:00,99,0.0,25,36,337,1.9
Tolarapa (INIAF),2026-09-28 14:00:00,102,0.0,22,36,294,1.3
Tolarapa (INIAF),2026-09-28 14:00:00,105,0.0,18,36,278,2.0
Tolarapa (INIAF),2026-09-28 14:00:00,108,0.0,14,36,252,2.6
Totoral,2026-09-28 14:00:00,3,0.0,28,36,40,6.2
Totoral,2026-09-28 14:00:00,6,0.0,19,56,40,4.9
Totoral,2026-09-28 14:00:00,9,0.0,11,56,107,3.0
Totoral,2026-09-28 14:00:00,12,0.0,7,56,166,1.0
Totoral,2026-09-28 14:00:00,15,0.0,7,56,280,3.3
Totoral,2026-09-28 14:00:00,18,0.0,11,56,276,4.6
Totoral,2026-09-28 14:00:00,21,0.0,14,56,280,5.9
Totoral,2026-09-28 14:00:00,24,0.0,23,56,280,7.2
Totoral,2026-09-28 14:00:00,27,0.0,23,57,271,5.6
Totoral,2026-09-28 14:00:00,30,0.0,15,57,261,4.0
Totoral,2026-09-28 14:00:00,33,0.0,10,56,310,3.7
Totoral,2026-09-28 14:00:00,36,0.0,6,56,356,3.4
Totoral,2026-09-28 14:00:00,39,0.0,6,56,306,2.4
Totoral,2026-09-28 14:00:00,42,0.0,11,56,286,2.1
Totoral,2026-09-28 14:00:00,45,0.0,17,56,275,5.0
Totoral,2026-09-28 14:00:00,48,0.0,21,56,260,7.9
Totoral,2026-09-28 14:00:00,51,0.0,22,56,191,5.2
Totoral,2026-09-28 14:00:00,54,0.0,15,56,116,2.5
Totoral,2026-09-28 14:00:00,57,0.0,10,56,87,2.0
Totoral,2026-09-28 14:00:00,60,0.0,5,25,51,1.7
Totoral,2026-09-28 14:00:00,63,0.0,5,27,64,1.9
Totoral,2026-09-28 14:00:00,66,0.0,9,25,64,1.9
Totoral,2026-09-28 14:00:00,69,0.0,15,26,74,5.8
Totoral,2026-09-28 14:00:00,72,0.0,22,37,84,9.7
Totoral,2026-09-28 14:00:00,75,0.0,22,35,77,6.7
Totoral,2026-09-28 14:00:00,78,0.0,15,26,67,3.6
Totoral,2026-09-28 14:00:00,81,0.0,10,27,47,2.8
Totoral,2026-09-28 14:00:00,84,0.0,5,26,25,1.9
Totoral,2026-09-28 14:00:00,87,0.0,4,26,31,1.0
Totoral,2026-09-28 14:00:00,90,0.0,9,26,7,1.5
Totoral,2026-09-28 14:00:00,93,0.0,14,26,339,3.2
Totoral,2026-09-28 14:00:00,96,0.0,23,26,307,5.0
Totoral,2026-09-28 14:00:00,99,0.0,23,26,297,5.2
Totoral,2026-09-28 14:00:00,102,0.0,19,26,284,5.5
Totoral,2026-09-28 14:00:00,105,0.0,15,26,269,4.4
Totoral,2026-09-28 14:00:00,108,0.0,14,26,251,3.3
Trancas,2026-09-28 14:00:00,3,0.0,36,36,94,3.6
Trancas,2026-09-28 14:00:00,6,0.0,27,56,143,2.1
Trancas,2026-09-28 14:00:00,9,0.0,20,56,161,2.2
Trancas,2026-09-28 14:00:00,12,0.0,14,56,174,2.1
Trancas,2026-09-28 14:00:00,15,0.0,14,56,104,2.4
Trancas,2026-09-28 14:00:00,18,0.0,17,56,37,2.3
Trancas,2026-09-28 14:00:00,21,0.0,20,56,260,3.7
Trancas,2026-09-28 14:00:00,24,2.5,27,89,200,5.1
Trancas,2026-09-28 14:00:00,27,3.6,27,89,177,4.2
Trancas,2026-09-28 14:00:00,30,1.7,20,88,148,3.2
Trancas,2026-09-28 14:00:00,33,1.7,16,89,148,3.1
Trancas,2026-09-28 14:00:00,36,3.7,13,89,144,2.9
Trancas,2026-09-28 14:00:00,39,0.0,13,56,96,3.1
Trancas,2026-09-28 14:00:00,42,0.0,16,56,134,3.5
Trancas,2026-09-28 14:00:00,45,0.0,20,56,135,3.1
Trancas,2026-09-28 14:00:00,48,0.0,27,56,135,2.6
Trancas,2026-09-28 14:00:00,51,0.0,27,56,147,2.2
Trancas,2026-09-28 14:00:00,54,0.0,22,55,156,1.7
Trancas,2026-09-28 14:00:00,57,0.0,17,56,226,1.7
Trancas,2026-09-28 14:00:00,60,0.0,12,26,286,1.5
Trancas,2026-09-28 14:00:00,63,0.0,12,26,76,1.2
Trancas,2026-09-28 14:00:00,66,0.0,14,26,95,1.6
Trancas,2026-09-28 14:00:00,69,0.0,18,26,115,3.5
Trancas,2026-09-28 14:00:00,72,0.0,26,36,134,5.3
Trancas,2026-09-28 14:00:00,75,0.0,26,36,124,4.0
Trancas,2026-09-28 14:00:00,78,0.0,22,56,105,2.7
Trancas,2026-09-28 14:00:00,81,0.0,15,57,47,2.2
Trancas,2026-09-28 14:00:00,84,0.0,11,36,347,1.8
Trancas,2026-09-28 14:00:00,87,0.0,11,37,15,1.8
Trancas,2026-09-28 14:00:00,90,0.0,14,36,353,2.6
Trancas,2026-09-28 14:00:00,93,0.0,18,36,29,3.3
Trancas,2026-09-28 14:00:00,96,0.0,24,36,55,4.1
Trancas,2026-09-28 14:00:00,99,0.0,24,36,48,3.5
Trancas,2026-09-28 14:00:00,102,0.0,21,36,35,2.9
Trancas,2026-09-28 14:00:00,105,0.0,18,37,334,2.8
Trancas,2026-09-28 14:00:00,108,0.0,15,36,271,2.8
Trinidad,2026-09-28 14:00:00,3,0.0,37,36,330,4.2
Trinidad,2026-09-28 14:00:00,6,0.0,29,26,337,3.5
Trinidad,2026-09-28 14:00:00,9,0.0,27,26,328,3.2
Trinidad,2026-09-28 14:00:00,12,0.0,24,36,318,3.0
Trinidad,2026-09-28 14:00:00,15,0.0,24,36,320,4.1
Trinidad,2026-09-28 14:00:00,18,0.0,27,36,320,4.2
Trinidad,2026-09-28 14:00:00,21,0.0,30,36,328,4.6
Trinidad,2026-09-28 14:00:00,24,0.0,35,56,328,5.0
Trinidad,2026-09-28 14:00:00,27,0.0,35,56,348,4.1
Trinidad,2026-09-28 14:00:00,30,0.0,31,56,0,3.2
Trinidad,2026-09-28 14:00:00,33,0.0,26,56,300,3.1
Trinidad,2026-09-28 14:00:00,36,0.0,23,56,239,3.1
Trinidad,2026-09-28 14:00:00,39,3.5,23,88,200,2.0
Trinidad,2026-09-28 14:00:00,42,0.9,25,88,150,1.8
Trinidad,2026-09-28 14:00:00,45,0.8,28,88,171,3.0
Trinidad,2026-09-28 14:00:00,48,4.5,34,89,191,4.2
Trinidad,2026-09-28 14:00:00,51,3.6,34,89,161,3.4
Trinidad,2026-09-28 14:00:00,54,2.6,28,90,121,2.6
Trinidad,2026-09-28 14:00:00,57,4.5,24,89,150,2.0
Trinidad,2026-09-28 14:00:00,60,0.0,22,56,169,1.3
Trinidad,2026-09-28 14:00:00,63,0.0,22,56,21,1.3
Trinidad,2026-09-28 14:00:00,66,0.0,24,56,82,1.5
Trinidad,2026-09-28 14:00:00,69,0.0,26,56,103,1.9
Trinidad,2026-09-28 14:00:00,72,2.3,29,89,121,2.3
Trinidad,2026-09-28 14:00:00,75,1.8,29,89,101,2.1
Trinidad,2026-09-28 14:00:00,78,0.0,27,56,80,2.0
Trinidad,2026-09-28 14:00:00,81,0.0,25,56,117,1.5
Trinidad,2026-09-28 14:00:00,84,0.0,23,56,147,1.1
Trinidad,2026-09-28 14:00:00,87,0.0,23,56,102,1.8
Trinidad,2026-09-28 14:00:00,90,0.0,26,57,122,2.4
Trinidad,2026-09-28 14:00:00,93,0.0,30,56,133,1.7
Trinidad,2026-09-28 14:00:00,96,0.0,32,35,134,1.0
Trinidad,2026-09-28 14:00:00,99,0.0,32,36,23,1.4
Trinidad,2026-09-28 14:00:00,102,0.0,30,36,325,1.9
Trinidad,2026-09-28 14:00:00,105,0.0,28,37,332,1.8
Trinidad,2026-09-28 14:00:00,108,0.0,25,37,333,1.6
Tupiza,2026-09-28 14:00:00,3,0.0,26,36,27,5.2
Tupiza,2026-09-28 14:00:00,6,0.0,19,56,24,3.0
Tupiza,2026-09-28 14:00:00,9,0.0,14,56,6,3.3
Tupiza,2026-09-28 14:00:00,12,0.0,12,56,344,3.7
Tupiza,2026-09-28 14:00:00,15,0.0,11,56,309,4.0
Tupiza,2026-09-28 14:00:00,18,0.0,18,56,297,5.1
Tupiza,2026-09-28 14:00:00,21,0.0,22,56,282,4.1
Tupiza,2026-09-28 14:00:00,24,0.0,25,56,265,3.1
Tupiza,2026-09-28 14:00:00,27,0.0,25,56,280,4.8
Tupiza,2026-09-28 14:00:00,30,0.0,21,56,290,6.4
Tupiza,2026-09-28 14:00:00,33,0.0,15,56,310,5.1
Tupiza,2026-09-28 14:00:00,36,0.0,10,56,327,3.8
Tupiza,2026-09-28 14:00:00,39,0.0,10,56,314,3.0
Tupiza,2026-09-28 14:00:00,42,0.0,13,56,277,2.2
Tupiza,2026-09-28 14:00:00,45,0.0,16,56,211,2.6
Tupiza,2026-09-28 14:00:00,48,0.0,23,56,138,3.0
Tupiza,2026-09-28 14:00:00,51,0.0,23,56,134,3.2
Tupiza,2026-09-28 14:00:00,54,0.0,16,56,123,3.4
Tupiza,2026-09-28 14:00:00,57,0.0,13,56,112,2.4
Tupiza,2026-09-28 14:00:00,60,0.0,9,26,97,1.4
Tupiza,2026-09-28 14:00:00,63,0.0,9,26,102,2.0
Tupiza,2026-09-28 14:00:00,66,0.0,13,26,112,2.0
Tupiza,2026-09-28 14:00:00,69,0.0,17,26,92,3.7
Tupiza,2026-09-28 14:00:00,72,0.0,23,36,70,5.5
Tupiza,2026-09-28 14:00:00,75,0.0,23,36,58,4.7
Tupiza,2026-09-28 14:00:00,78,0.0,19,26,38,3.9
Tupiza,2026-09-28 14:00:00,81,0.0,14,26,37,3.0
Tupiza,2026-09-28 14:00:00,84,0.0,9,26,29,2.1
Tupiza,2026-09-28 14:00:00,87,0.0,9,26,43,1.4
Tupiza,2026-09-28 14:00:00,90,0.0,13,26,41,1.2
Tupiza,2026-09-28 14:00:00,93,0.0,18,26,346,2.0
Tupiza,2026-09-28 14:00:00,96,0.0,24,26,289,2.9
Tupiza,2026-09-28 14:00:00,99,0.0,24,26,265,3.0
Tupiza,2026-09-28 14:00:00,102,0.0,16,26,233,3.1
Tupiza,2026-09-28 14:00:00,105,0.0,13,26,268,3.1
Tupiza,2026-09-28 14:00:00,108,0.0,10,26,303,3.0
Uyuni,2026-09-28 14:00:00,3,0.0,20,37,321,7.0
Uyuni,2026-09-28 14:00:00,6,0.0,11,56,329,4.6
Uyuni,2026-09-28 14:00:00,9,0.0,6,57,329,4.4
Uyuni,2026-09-28 14:00:00,12,0.0,4,55,328,4.1
Uyuni,2026-09-28 14:00:00,15,0.0,4,56,319,6.2
Uyuni,2026-09-28 14:00:00,18,0.0,8,56,331,4.7
Uyuni,2026-09-28 14:00:00,21,0.0,10,56,322,6.7
Uyuni,2026-09-28 14:00:00,24,1.1,17,90,310,8.5
Uyuni,2026-09-28 14:00:00,27,2.5,17,89,322,9.0
Uyuni,2026-09-28 14:00:00,30,2.0,12,89,332,9.6
Uyuni,2026-09-28 14:00:00,33,2.2,8,89,310,8.9
Uyuni,2026-09-28 14:00:00,36,1.2,5,89,288,8.0
Uyuni,2026-09-28 14:00:00,39,0.0,5,36,288,7.3
Uyuni,2026-09-28 14:00:00,42,0.0,8,36,278,6.3
Uyuni,2026-09-28 14:00:00,45,0.0,11,36,278,7.7
Uyuni,2026-09-28 14:00:00,48,0.0,15,56,268,9.0
Uyuni,2026-09-28 14:00:00,51,0.0,15,56,278,8.5
Uyuni,2026-09-28 14:00:00,54,0.0,9,37,287,7.9
Uyuni,2026-09-28 14:00:00,57,0.0,6,37,320,5.3
Uyuni,2026-09-28 14:00:00,60,0.0,4,26,352,2.6
Uyuni,2026-09-28 14:00:00,63,0.0,4,26,322,2.0
Uyuni,2026-09-28 14:00:00,66,0.0,5,26,121,1.4
Uyuni,2026-09-28 14:00:00,69,0.0,8,27,96,2.9
Uyuni,2026-09-28 14:00:00,72,0.0,15,27,57,4.3
Uyuni,2026-09-28 14:00:00,75,0.0,15,26,72,4.2
Uyuni,2026-09-28 14:00:00,78,0.0,11,26,72,4.1
Uyuni,2026-09-28 14:00:00,81,0.0,8,27,94,3.0
Uyuni,2026-09-28 14:00:00,84,0.0,4,26,106,1.9
Uyuni,2026-09-28 14:00:00,87,0.0,4,26,202,2.1
Uyuni,2026-09-28 14:00:00,90,0.0,7,26,259,0.9
Uyuni,2026-09-28 14:00:00,93,0.0,10,26,278,4.1
Uyuni,2026-09-28 14:00:00,96,0.0,15,36,289,7.3
Uyuni,2026-09-28 14:00:00,99,0.0,15,36,290,7.9
Uyuni,2026-09-28 14:00:00,102,0.0,10,26,288,8.6
Uyuni,2026-09-28 14:00:00,105,0.0,7,27,310,6.9
Uyuni,2026-09-28 14:00:00,108,0.0,4,26,330,5.3
Vallegrande,2026-09-28 14:00:00,3,0.0,31,26,352,7.0
Vallegrande,2026-09-28 14:00:00,6,0.0,21,36,352,5.7
Vallegrande,2026-09-28 14:00:00,9,0.0,16,37,352,4.9
Vallegrande,2026-09-28 14:00:00,12,0.0,13,36,352,4.2
Vallegrande,2026-09-28 14:00:00,15,0.0,13,36,342,5.3
Vallegrande,2026-09-28 14:00:00,18,0.0,17,36,332,5.4
Vallegrande,2026-09-28 14:00:00,21,0.0,23,36,342,7.1
Vallegrande,2026-09-28 14:00:00,24,0.0,28,56,352,8.8
Vallegrande,2026-09-28 14:00:00,27,0.0,28,56,7,5.0
Vallegrande,2026-09-28 14:00:00,30,0.0,23,56,23,1.2
Vallegrande,2026-09-28 14:00:00,33,0.0,17,56,59,1.0
Vallegrande,2026-09-28 14:00:00,36,0.0,9,56,95,0.9
Vallegrande,2026-09-28 14:00:00,39,3.0,9,89,63,1.1
Vallegrande,2026-09-28 14:00:00,42,5.1,15,89,47,1.1
Vallegrande,2026-09-28 14:00:00,45,4.2,18,88,67,1.3
Vallegrande,2026-09-28 14:00:00,48,3.8,20,89,77,1.5
Vallegrande,2026-09-28 14:00:00,51,4.7,20,89,91,1.1
Vallegrande,2026-09-28 14:00:00,54,0.0,16,56,101,0.7
Vallegrande,2026-09-28 14:00:00,57,0.0,14,56,37,1.0
Vallegrande,2026-09-28 14:00:00,60,0.0,8,57,296,1.4
Vallegrande,2026-09-28 14:00:00,63,0.0,8,57,119,1.3
Vallegrande,2026-09-28 14:00:00,66,0.0,13,55,117,1.6
Vallegrande,2026-09-28 14:00:00,69,0.0,17,56,127,2.3
Vallegrande,2026-09-28 14:00:00,72,2.6,20,90,128,3.1
Vallegrande,2026-09-28 14:00:00,75,1.9,20,89,117,2.4
Vallegrande,2026-09-28 14:00:00,78,0.0,15,55,106,1.8
Vallegrande,2026-09-28 14:00:00,81,0.0,10,55,126,1.6
Vallegrande,2026-09-28 14:00:00,84,0.0,7,36,140,1.4
Vallegrande,2026-09-28 14:00:00,87,0.0,7,36,148,1.0
Vallegrande,2026-09-28 14:00:00,90,0.0,15,36,149,0.8
Vallegrande,2026-09-28 14:00:00,93,0.0,18,36,90,2.0
Vallegrande,2026-09-28 14:00:00,96,0.0,22,56,28,3.1
Vallegrande,2026-09-28 14:00:00,99,0.0,22,56,22,2.7
Vallegrande,2026-09-28 14:00:00,102,0.0,19,36,13,2.4
Vallegrande,2026-09-28 14:00:00,105,0.0,16,36,354,2.3
Vallegrande,2026-09-28 14:00:00,108,0.0,15,36,332,2.2
Viacha,2026-09-28 14:00:00,3,0.0,18,56,50,6.9
Viacha,2026-09-28 14:00:00,6,0.0,9,56,60,5.9
Viacha,2026-09-28 14:00:00,9,0.0,5,55,51,3.9
Viacha,2026-09-28 14:00:00,12,4.6,3,90,41,1.8
Viacha,2026-09-28 14:00:00,15,4.1,3,89,102,1.3
Viacha,2026-09-28 14:00:00,18,2.5,5,89,312,1.2
Viacha,2026-09-28 14:00:00,21,3.3,8,89,16,1.8
Viacha,2026-09-28 14:00:00,24,4.2,14,89,75,2.4
Viacha,2026-09-28 14:00:00,27,1.9,14,89,126,4.0
Viacha,2026-09-28 14:00:00,30,3.2,8,89,176,5.6
Viacha,2026-09-28 14:00:00,33,4.3,5,89,228,3.5
Viacha,2026-09-28 14:00:00,36,5.4,3,89,345,1.3
Viacha,2026-09-28 14:00:00,39,0.0,3,56,353,2.0
Viacha,2026-09-28 14:00:00,42,0.0,5,56,304,2.9
Viacha,2026-09-28 14:00:00,45,0.0,8,56,304,4.4
Viacha,2026-09-28 14:00:00,48,0.0,12,36,294,5.8
Viacha,2026-09-28 14:00:00,51,0.0,12,36,258,7.2
Viacha,2026-09-28 14:00:00,54,0.0,9,36,218,8.5
Viacha,2026-09-28 14:00:00,57,0.0,6,36,204,5.6
Viacha,2026-09-28 14:00:00,60,0.0,4,26,186,2.6
Viacha,2026-09-28 14:00:00,63,0.0,4,26,235,1.2
Viacha,2026-09-28 14:00:00,66,0.0,7,26,193,0.8
Viacha,2026-09-28 14:00:00,69,0.0,10,26,257,3.1
Viacha,2026-09-28 14:00:00,72,0.0,13,36,314,5.5
Viacha,2026-09-28 14:00:00,75,0.0,13,36,14,4.7
Viacha,2026-09-28 14:00:00,78,0.0,10,36,70,4.0
Viacha,2026-09-28 14:00:00,81,0.0,7,36,65,2.8
Viacha,2026-09-28 14:00:00,84,0.0,4,26,54,1.7
Viacha,2026-09-28 14:00:00,87,0.0,4,26,20,1.6
Viacha,2026-09-28 14:00:00,90,0.0,5,26,311,1.9
Viacha,2026-09-28 14:00:00,93,0.0,9,26,311,4.5
Viacha,2026-09-28 14:00:00,96,0.0,14,26,304,7.2
Viacha,2026-09-28 14:00:00,99,0.0,14,27,291,4.8
Viacha,2026-09-28 14:00:00,102,0.0,11,26,274,2.3
Viacha,2026-09-28 14:00:00,105,0.0,7,27,244,2.0
Viacha,2026-09-28 14:00:00,108,0.0,5,26,208,1.7
Villa Rivero,2026-09-28 14:00:00,3,0.0,28,36,7,5.6
Villa Rivero,2026-09-28 14:00:00,6,0.0,20,27,357,3.5
Villa Rivero,2026-09-28 14:00:00,9,0.0,16,26,357,3.5
Villa Rivero,2026-09-28 14:00:00,12,0.0,12,36,357,3.6
Villa Rivero,2026-09-28 14:00:00,15,0.0,12,36,359,3.6
Villa Rivero,2026-09-28 14:00:00,18,0.0,14,36,359,3.6
Villa Rivero,2026-09-28 14:00:00,21,0.0,18,36,347,4.7
Villa Rivero,2026-09-28 14:00:00,24,3.8,23,89,335,5.9
Villa Rivero,2026-09-28 14:00:00,27,3.7,23,89,307,5.6
Villa Rivero,2026-09-28 14:00:00,30,1.4,18,89,271,5.4
Villa Rivero,2026-09-28 14:00:00,33,5.3,14,90,296,5.6
Villa Rivero,2026-09-28 14:00:00,36,1.5,9,89,313,5.9
Villa Rivero,2026-09-28 14:00:00,39,0.0,9,56,302,4.7
Villa Rivero,2026-09-28 14:00:00,42,0.0,13,56,295,4.3
Villa Rivero,2026-09-28 14:00:00,45,0.0,17,56,297,3.6
Villa Rivero,2026-09-28 14:00:00,48,0.0,20,56,300,2.9
Villa Rivero,2026-09-28 14:00:00,51,0.0,20,55,358,2.6
Villa Rivero,2026-09-28 14:00:00,54,0.0,17,56,50,2.3
Villa Rivero,2026-09-28 14:00:00,57,0.0,13,56,356,2.1
Villa Rivero,2026-09-28 14:00:00,60,0.0,10,26,303,1.9
Villa Rivero,2026-09-28 14:00:00,63,0.0,10,26,136,1.6
Villa Rivero,2026-09-28 14:00:00,66,0.0,13,26,143,1.4
Villa Rivero,2026-09-28 14:00:00,69,0.0,17,26,127,2.9
Villa Rivero,2026-09-28 14:00:00,72,0.0,23,36,104,4.2
Villa Rivero,2026-09-28 14:00:00,75,0.0,23,36,107,3.1
Villa Rivero,2026-09-28 14:00:00,78,0.0,16,36,107,2.0
Villa Rivero,2026-09-28 14:00:00,81,0.0,11,36,177,1.7
Villa Rivero,2026-09-28 14:00:00,84,0.0,8,36,240,1.4
Villa Rivero,2026-09-28 14:00:00,87,0.0,7,36,164,1.1
Villa Rivero,2026-09-28 14:00:00,90,0.0,12,36,18,0.9
Villa Rivero,2026-09-28 14:00:00,93,0.0,19,36,21,2.1
Villa Rivero,2026-09-28 14:00:00,96,0.0,24,36,25,3.1
Villa Rivero,2026-09-28 14:00:00,99,0.0,24,36,21,2.6
Villa Rivero,2026-09-28 14:00:00,102,0.0,21,36,13,2.1
Villa Rivero,2026-09-28 14:00:00,105,0.0,18,36,338,3.1
Villa Rivero,2026-09-28 14:00:00,108,0.0,15,36,303,4.1
Villamontes,2026-09-28 14:00:00,3,0.0,42,26,10,6.4
Villamontes,2026-09-28 14:00:00,6,0.0,32,36,14,7.4
Villamontes,2026-09-28 14:00:00,9,0.0,25,37,307,4.5
Villamontes,2026-09-28 14:00:00,12,0.0,21,56,241,1.6
Villamontes,2026-09-28 14:00:00,15,0.0,21,56,246,3.7
Villamontes,2026-09-28 14:00:00,18,0.0,24,56,190,5.4
Villamontes,2026-09-28 14:00:00,21,0.0,27,57,192,5.9
Villamontes,2026-09-28 14:00:00,24,2.6,34,89,192,6.3
Villamontes,2026-09-28 14:00:00,27,2.0,34,89,182,5.4
Villamontes,2026-09-28 14:00:00,30,2.4,28,89,170,4.4
Villamontes,2026-09-28 14:00:00,33,3.2,22,89,182,3.2
Villamontes,2026-09-28 14:00:00,36,4.5,19,89,190,2.0
Villamontes,2026-09-28 14:00:00,39,0.0,19,56,76,1.9
Villamontes,2026-09-28 14:00:00,42,0.0,23,56,4,0.9
Villamontes,2026-09-28 14:00:00,45,0.0,26,56,49,1.1
Villamontes,2026-09-28 14:00:00,48,0.0,31,56,87,1.3
Villamontes,2026-09-28 14:00:00,51,0.0,31,56,54,1.3
Villamontes,2026-09-28 14:00:00,54,0.0,23,56,14,1.4
Villamontes,2026-09-28 14:00:00,57,0.0,21,56,27,0.9
Villamontes,2026-09-28 14:00:00,60,0.0,18,56,199,0.5
Villamontes,2026-09-28 14:00:00,63,0.0,18,55,127,0.6
Villamontes,2026-09-28 14:00:00,66,0.0,21,56,94,0.7
Villamontes,2026-09-28 14:00:00,69,0.0,23,56,128,1.1
Villamontes,2026-09-28 14:00:00,72,0.0,32,56,157,1.5
Villamontes,2026-09-28 14:00:00,75,0.0,32,56,158,1.4
Villamontes,2026-09-28 14:00:00,78,1.6,26,88,153,1.2
Villamontes,2026-09-28 14:00:00,81,2.0,22,89,197,0.9
Villamontes,2026-09-28 14:00:00,84,0.0,19,36,293,0.7
Villamontes,2026-09-28 14:00:00,87,0.0,19,36,351,1.0
Villamontes,2026-09-28 14:00:00,90,0.0,23,37,44,1.3
Villamontes,2026-09-28 14:00:00,93,0.0,27,36,40,2.4
Villamontes,2026-09-28 14:00:00,96,0.0,35,37,34,3.5
Villamontes,2026-09-28 14:00:00,99,0.0,35,36,34,3.5
Villamontes,2026-09-28 14:00:00,102,0.0,30,36,30,3.4
Villamontes,2026-09-28 14:00:00,105,0.0,25,36,24,2.5
Villamontes,2026-09-28 14:00:00,108,0.0,20,36,14,1.8
Yacuiba,2026-09-28 14:00:00,3,0.0,40,26,23,4.9
Yacuiba,2026-09-28 14:00:00,6,0.0,30,36,17,6.0
Yacuiba,2026-09-28 14:00:00,9,0.0,22,36,308,4.4
Yacuiba,2026-09-28 14:00:00,12,0.0,18,56,238,2.8
Yacuiba,2026-09-28 14:00:00,15,0.0,18,55,230,4.7
Yacuiba,2026-09-28 14:00:00,18,0.0,20,57,200,5.8
Yacuiba,2026-09-28 14:00:00,21,0.0,22,56,200,5.1
Yacuiba,2026-09-28 14:00:00,24,3.1,30,90,200,4.4
Yacuiba,2026-09-28 14:00:00,27,2.0,30,89,180,3.3
Yacuiba,2026-09-28 14:00:00,30,2.2,23,89,160,2.3
Yacuiba,2026-09-28 14:00:00,33,1.5,19,89,234,1.9
Yacuiba,2026-09-28 14:00:00,36,3.7,16,89,301,1.5
Yacuiba,2026-09-28 14:00:00,39,0.0,16,56,198,1.3
Yacuiba,2026-09-28 14:00:00,42,0.0,19,56,247,1.5
Yacuiba,2026-09-28 14:00:00,45,0.0,21,56,316,1.6
Yacuiba,2026-09-28 14:00:00,48,0.0,26,56,19,1.8
Yacuiba,2026-09-28 14:00:00,51,0.0,26,56,16,1.9
Yacuiba,2026-09-28 14:00:00,54,0.0,20,55,7,2.0
Yacuiba,2026-09-28 14:00:00,57,0.0,18,56,324,1.5
Yacuiba,2026-09-28 14:00:00,60,0.0,15,56,282,1.1
Yacuiba,2026-09-28 14:00:00,63,0.0,15,57,143,0.6
Yacuiba,2026-09-28 14:00:00,66,0.0,19,56,170,0.9
Yacuiba,2026-09-28 14:00:00,69,0.0,21,56,156,1.7
Yacuiba,2026-09-28 14:00:00,72,0.0,27,56,136,2.5
Yacuiba,2026-09-28 14:00:00,75,0.0,27,56,132,1.5
Yacuiba,2026-09-28 14:00:00,78,1.8,23,89,327,0.5
Yacuiba,2026-09-28 14:00:00,81,1.8,19,89,341,0.9
Yacuiba,2026-09-28 14:00:00,84,0.0,16,36,343,1.3
Yacuiba,2026-09-28 14:00:00,87,0.0,16,35,164,1.0
Yacuiba,2026-09-28 14:00:00,90,0.0,22,36,72,1.1
Yacuiba,2026-09-28 14:00:00,93,0.0,25,36,50,2.8
Yacuiba,2026-09-28 14:00:00,96,0.0,30,35,23,4.5
Yacuiba,2026-09-28 14:00:00,99,0.0,30,35,30,4.1
Yacuiba,2026-09-28 14:00:00,102,0.0,28,35,30,3.8
Yacuiba,2026-09-28 14:00:00,105,0.0,25,35,30,3.0
Yacuiba,2026-09-28 14:00:00,108,0.0,21,35,24,2.3
Yesera Norte,2026-09-28 14:00:00,3,0.0,35,37,79,3.5
Yesera Norte,2026-09-28 14:00:00,6,0.0,24,57,109,1.8
Yesera Norte,2026-09-28 14:00:00,9,0.0,13,57,139,2.0
Yesera Norte,2026-09-28 14:00:00,12,0.0,9,55,161,2.4
Yesera Norte,2026-09-28 14:00:00,15,0.0,9,56,131,2.4
Yesera Norte,2026-09-28 14:00:00,18,0.0,13,56,90,2.3
Yesera Norte,2026-09-28 14:00:00,21,0.0,18,56,121,2.7
Yesera Norte,2026-09-28 14:00:00,24,5.2,24,89,151,2.9
Yesera Norte,2026-09-28 14:00:00,27,3.8,24,90,150,2.6
Yesera Norte,2026-09-28 14:00:00,30,3.1,17,89,150,2.4
Yesera Norte,2026-09-28 14:00:00,33,3.9,13,89,140,2.0
Yesera Norte,2026-09-28 14:00:00,36,1.9,8,88,129,1.7
Yesera Norte,2026-09-28 14:00:00,39,0.0,8,56,99,2.5
Yesera Norte,2026-09-28 14:00:00,42,0.0,13,57,120,2.1
Yesera Norte,2026-09-28 14:00:00,45,0.0,17,56,129,1.8
Yesera Norte,2026-09-28 14:00:00,48,0.0,23,56,138,1.4
Yesera Norte,2026-09-28 14:00:00,51,0.0,23,56,162,1.0
Yesera Norte,2026-09-28 14:00:00,54,0.0,17,55,175,0.7
Yesera Norte,2026-09-28 14:00:00,57,0.0,13,56,232,1.0
Yesera Norte,2026-09-28 14:00:00,60,0.0,7,27,278,1.3
Yesera Norte,2026-09-28 14:00:00,63,0.0,7,27,80,0.9
Yesera Norte,2026-09-28 14:00:00,66,0.0,11,27,89,1.3
Yesera Norte,2026-09-28 14:00:00,69,0.0,14,27,99,2.5
Yesera Norte,2026-09-28 14:00:00,72,0.0,23,37,108,3.6
Yesera Norte,2026-09-28 14:00:00,75,0.0,23,37,97,2.8
Yesera Norte,2026-09-28 14:00:00,78,0.0,19,56,77,2.1
Yesera Norte,2026-09-28 14:00:00,81,0.0,10,56,38,1.9
Yesera Norte,2026-09-28 14:00:00,84,0.0,7,36,359,1.7
Yesera Norte,2026-09-28 14:00:00,87,0.0,8,36,29,2.0
Yesera Norte,2026-09-28 14:00:00,90,0.0,12,36,19,2.8
Yesera Norte,2026-09-28 14:00:00,93,0.0,16,36,39,3.5
Yesera Norte,2026-09-28 14:00:00,96,0.0,25,35,49,4.2
Yesera Norte,2026-09-28 14:00:00,99,0.0,25,36,39,3.8
Yesera Norte,2026-09-28 14:00:00,102,0.0,22,36,29,3.5
Yesera Norte,2026-09-28 14:00:00,105,0.0,17,36,9,2.5
Yesera Norte,2026-09-28 14:00:00,108,0.0,14,36,349,1.4
