estacion,fecha,fecha_diff,precipitacion,temperatura,humedad_relativa,vientos,vi
Anzaldo,2026-08-10 07:00:00,1,0.0,8,56,358,2.8
Anzaldo,2026-08-10 07:00:00,4,0.0,12,55,358,4.8
Anzaldo,2026-08-10 07:00:00,7,2.1,19,89,357,6.7
Anzaldo,2026-08-10 07:00:00,10,1.9,19,89,10,4.5
Anzaldo,2026-08-10 07:00:00,13,0.0,17,56,13,2.3
Anzaldo,2026-08-10 07:00:00,16,0.0,11,56,18,2.0
Anzaldo,2026-08-10 07:00:00,19,0.0,5,56,18,1.6
Anzaldo,2026-08-10 07:00:00,22,0.0,5,56,5,1.7
Anzaldo,2026-08-10 07:00:00,25,0.0,9,55,5,1.6
Anzaldo,2026-08-10 07:00:00,28,0.0,13,56,15,3.5
Anzaldo,2026-08-10 07:00:00,31,0.0,22,55,20,5.5
Anzaldo,2026-08-10 07:00:00,34,0.0,22,56,5,4.5
Anzaldo,2026-08-10 07:00:00,37,0.0,16,55,350,3.4
Anzaldo,2026-08-10 07:00:00,40,0.0,9,56,360,3.2
Anzaldo,2026-08-10 07:00:00,43,0.0,5,37,5,2.8
Anzaldo,2026-08-10 07:00:00,46,0.0,5,36,356,3.4
Anzaldo,2026-08-10 07:00:00,49,0.0,8,36,352,3.5
Anzaldo,2026-08-10 07:00:00,52,0.0,12,37,351,6.0
Anzaldo,2026-08-10 07:00:00,55,0.0,25,36,341,8.5
Anzaldo,2026-08-10 07:00:00,58,0.0,25,36,351,6.1
Anzaldo,2026-08-10 07:00:00,61,0.0,18,36,356,3.7
Anzaldo,2026-08-10 07:00:00,64,0.0,12,36,6,3.4
Anzaldo,2026-08-10 07:00:00,67,0.0,4,26,6,3.2
Anzaldo,2026-08-10 07:00:00,70,0.0,4,27,358,3.0
Anzaldo,2026-08-10 07:00:00,73,0.0,9,26,350,2.6
Anzaldo,2026-08-10 07:00:00,76,0.0,12,26,350,4.8
Anzaldo,2026-08-10 07:00:00,79,0.0,25,37,342,7.0
Anzaldo,2026-08-10 07:00:00,82,0.0,25,36,3,4.6
Anzaldo,2026-08-10 07:00:00,85,0.0,10,36,21,2.1
Anzaldo,2026-08-10 07:00:00,88,0.0,4,35,13,2.1
Anzaldo,2026-08-10 07:00:00,91,0.0,4,56,2,2.2
Apolo Chupiluzani,2026-08-10 07:00:00,1,1.4,18,89,306,0.8
Apolo Chupiluzani,2026-08-10 07:00:00,4,1.6,20,89,291,1.1
Apolo Chupiluzani,2026-08-10 07:00:00,7,1.2,25,90,266,1.4
Apolo Chupiluzani,2026-08-10 07:00:00,10,1.0,25,89,233,1.1
Apolo Chupiluzani,2026-08-10 07:00:00,13,1.4,22,90,188,0.8
Apolo Chupiluzani,2026-08-10 07:00:00,16,2.2,19,89,266,0.8
Apolo Chupiluzani,2026-08-10 07:00:00,19,0.0,15,56,342,0.8
Apolo Chupiluzani,2026-08-10 07:00:00,22,0.0,15,56,163,0.5
Apolo Chupiluzani,2026-08-10 07:00:00,25,0.0,21,56,108,0.4
Apolo Chupiluzani,2026-08-10 07:00:00,28,0.0,22,56,56,0.8
Apolo Chupiluzani,2026-08-10 07:00:00,31,0.0,26,57,354,1.1
Apolo Chupiluzani,2026-08-10 07:00:00,34,0.0,26,56,329,0.9
Apolo Chupiluzani,2026-08-10 07:00:00,37,0.0,21,56,178,0.8
Apolo Chupiluzani,2026-08-10 07:00:00,40,0.0,18,56,249,0.7
Apolo Chupiluzani,2026-08-10 07:00:00,43,0.0,17,36,306,0.7
Apolo Chupiluzani,2026-08-10 07:00:00,46,0.0,17,36,315,0.9
Apolo Chupiluzani,2026-08-10 07:00:00,49,0.0,19,36,314,0.8
Apolo Chupiluzani,2026-08-10 07:00:00,52,0.0,22,36,342,1.7
Apolo Chupiluzani,2026-08-10 07:00:00,55,0.0,27,36,360,2.6
Apolo Chupiluzani,2026-08-10 07:00:00,58,0.0,27,35,15,1.8
Apolo Chupiluzani,2026-08-10 07:00:00,61,0.0,22,36,24,0.9
Apolo Chupiluzani,2026-08-10 07:00:00,64,0.0,19,35,358,1.1
Apolo Chupiluzani,2026-08-10 07:00:00,67,0.0,18,36,331,1.4
Apolo Chupiluzani,2026-08-10 07:00:00,70,0.0,18,37,322,1.2
Apolo Chupiluzani,2026-08-10 07:00:00,73,0.0,19,36,316,1.0
Apolo Chupiluzani,2026-08-10 07:00:00,76,0.0,21,36,347,1.5
Apolo Chupiluzani,2026-08-10 07:00:00,79,0.0,27,56,16,2.0
Apolo Chupiluzani,2026-08-10 07:00:00,82,0.0,27,55,0,1.4
Apolo Chupiluzani,2026-08-10 07:00:00,85,0.0,20,56,336,0.7
Apolo Chupiluzani,2026-08-10 07:00:00,88,0.0,18,56,339,0.9
Apolo Chupiluzani,2026-08-10 07:00:00,91,0.0,18,56,332,1.0
Ascencion de Guarayos,2026-08-10 07:00:00,1,0.0,22,56,170,2.2
Ascencion de Guarayos,2026-08-10 07:00:00,4,0.0,25,56,181,2.4
Ascencion de Guarayos,2026-08-10 07:00:00,7,0.0,28,56,191,2.6
Ascencion de Guarayos,2026-08-10 07:00:00,10,0.0,28,56,240,2.3
Ascencion de Guarayos,2026-08-10 07:00:00,13,0.0,21,57,279,2.0
Ascencion de Guarayos,2026-08-10 07:00:00,16,0.0,18,57,229,2.8
Ascencion de Guarayos,2026-08-10 07:00:00,19,0.0,15,56,170,3.7
Ascencion de Guarayos,2026-08-10 07:00:00,22,0.0,15,36,180,2.7
Ascencion de Guarayos,2026-08-10 07:00:00,25,0.0,18,36,170,2.3
Ascencion de Guarayos,2026-08-10 07:00:00,28,0.0,21,36,180,2.2
Ascencion de Guarayos,2026-08-10 07:00:00,31,0.0,28,36,190,2.0
Ascencion de Guarayos,2026-08-10 07:00:00,34,0.0,28,36,194,1.6
Ascencion de Guarayos,2026-08-10 07:00:00,37,0.0,22,35,194,1.3
Ascencion de Guarayos,2026-08-10 07:00:00,40,0.0,20,36,170,1.2
Ascencion de Guarayos,2026-08-10 07:00:00,43,0.0,17,27,146,1.1
Ascencion de Guarayos,2026-08-10 07:00:00,46,0.0,17,27,179,0.7
Ascencion de Guarayos,2026-08-10 07:00:00,49,0.0,22,25,155,0.5
Ascencion de Guarayos,2026-08-10 07:00:00,52,0.0,25,26,235,1.3
Ascencion de Guarayos,2026-08-10 07:00:00,55,0.0,30,26,306,2.0
Ascencion de Guarayos,2026-08-10 07:00:00,58,0.0,30,26,310,1.5
Ascencion de Guarayos,2026-08-10 07:00:00,61,0.0,28,26,310,0.9
Ascencion de Guarayos,2026-08-10 07:00:00,64,0.0,26,26,300,0.8
Ascencion de Guarayos,2026-08-10 07:00:00,67,0.0,17,36,289,0.8
Ascencion de Guarayos,2026-08-10 07:00:00,70,0.0,17,36,5,0.7
Ascencion de Guarayos,2026-08-10 07:00:00,73,0.0,23,36,46,0.7
Ascencion de Guarayos,2026-08-10 07:00:00,76,0.0,24,37,5,1.9
Ascencion de Guarayos,2026-08-10 07:00:00,79,0.0,30,36,316,3.0
Ascencion de Guarayos,2026-08-10 07:00:00,82,0.0,30,36,325,1.9
Ascencion de Guarayos,2026-08-10 07:00:00,85,0.0,27,56,330,0.7
Ascencion de Guarayos,2026-08-10 07:00:00,88,0.0,17,56,346,0.6
Ascencion de Guarayos,2026-08-10 07:00:00,91,0.0,17,56,357,0.4
Baures,2026-08-10 07:00:00,1,0.0,22,56,28,0.5
Baures,2026-08-10 07:00:00,4,0.0,24,55,204,1.6
Baures,2026-08-10 07:00:00,7,2.4,32,89,225,2.8
Baures,2026-08-10 07:00:00,10,1.8,32,89,200,3.9
Baures,2026-08-10 07:00:00,13,0.0,25,57,170,4.9
Baures,2026-08-10 07:00:00,16,0.0,21,56,190,4.6
Baures,2026-08-10 07:00:00,19,0.0,19,56,204,4.3
Baures,2026-08-10 07:00:00,22,1.1,19,89,190,3.5
Baures,2026-08-10 07:00:00,25,2.7,21,90,170,3.9
Baures,2026-08-10 07:00:00,28,1.1,23,89,170,3.7
Baures,2026-08-10 07:00:00,31,0.0,29,56,170,3.5
Baures,2026-08-10 07:00:00,34,0.0,29,56,190,3.0
Baures,2026-08-10 07:00:00,37,0.0,25,37,210,2.5
Baures,2026-08-10 07:00:00,40,0.0,23,36,204,2.3
Baures,2026-08-10 07:00:00,43,0.0,21,25,194,2.0
Baures,2026-08-10 07:00:00,46,0.0,21,26,190,2.0
Baures,2026-08-10 07:00:00,49,0.0,24,27,160,1.7
Baures,2026-08-10 07:00:00,52,0.0,27,26,211,2.1
Baures,2026-08-10 07:00:00,55,0.0,30,36,261,2.5
Baures,2026-08-10 07:00:00,58,0.0,30,36,260,2.4
Baures,2026-08-10 07:00:00,61,0.0,27,26,250,2.3
Baures,2026-08-10 07:00:00,64,0.0,25,26,304,1.9
Baures,2026-08-10 07:00:00,67,0.0,21,36,354,1.5
Baures,2026-08-10 07:00:00,70,0.0,21,35,5,1.5
Baures,2026-08-10 07:00:00,73,0.0,25,37,355,2.2
Baures,2026-08-10 07:00:00,76,0.0,27,37,330,3.1
Baures,2026-08-10 07:00:00,79,0.0,31,56,300,3.8
Baures,2026-08-10 07:00:00,82,0.0,31,56,300,2.6
Baures,2026-08-10 07:00:00,85,0.0,27,36,299,1.4
Baures,2026-08-10 07:00:00,88,0.0,21,35,340,1.6
Baures,2026-08-10 07:00:00,91,0.0,21,56,16,1.9
Bolpebra - PD,2026-08-10 07:00:00,1,0.0,25,57,247,0.8
Bolpebra - PD,2026-08-10 07:00:00,4,0.0,29,56,242,1.4
Bolpebra - PD,2026-08-10 07:00:00,7,0.0,33,56,228,1.9
Bolpebra - PD,2026-08-10 07:00:00,10,0.0,33,55,246,1.5
Bolpebra - PD,2026-08-10 07:00:00,13,1.5,26,76,257,1.1
Bolpebra - PD,2026-08-10 07:00:00,16,1.6,22,76,210,1.0
Bolpebra - PD,2026-08-10 07:00:00,19,0.0,19,56,161,0.9
Bolpebra - PD,2026-08-10 07:00:00,22,2.9,19,89,107,1.0
Bolpebra - PD,2026-08-10 07:00:00,25,1.7,22,89,122,0.9
Bolpebra - PD,2026-08-10 07:00:00,28,1.5,26,89,154,1.4
Bolpebra - PD,2026-08-10 07:00:00,31,0.0,32,56,183,1.9
Bolpebra - PD,2026-08-10 07:00:00,34,0.0,32,56,183,1.6
Bolpebra - PD,2026-08-10 07:00:00,37,0.0,26,36,183,1.3
Bolpebra - PD,2026-08-10 07:00:00,40,0.0,23,36,163,1.0
Bolpebra - PD,2026-08-10 07:00:00,43,0.0,19,56,140,0.8
Bolpebra - PD,2026-08-10 07:00:00,46,0.0,19,56,178,0.9
Bolpebra - PD,2026-08-10 07:00:00,49,0.0,23,56,193,1.0
Bolpebra - PD,2026-08-10 07:00:00,52,0.0,25,56,275,0.8
Bolpebra - PD,2026-08-10 07:00:00,55,0.0,30,36,357,0.6
Bolpebra - PD,2026-08-10 07:00:00,58,0.0,31,36,322,0.6
Bolpebra - PD,2026-08-10 07:00:00,61,0.0,25,36,284,0.7
Bolpebra - PD,2026-08-10 07:00:00,64,0.0,22,36,284,0.9
Bolpebra - PD,2026-08-10 07:00:00,67,0.0,20,36,283,1.1
Bolpebra - PD,2026-08-10 07:00:00,70,0.0,20,36,300,1.4
Bolpebra - PD,2026-08-10 07:00:00,73,0.0,24,36,300,1.4
Bolpebra - PD,2026-08-10 07:00:00,76,0.0,28,36,320,1.5
Bolpebra - PD,2026-08-10 07:00:00,79,0.0,32,56,330,1.6
Bolpebra - PD,2026-08-10 07:00:00,82,0.0,31,56,333,1.4
Bolpebra - PD,2026-08-10 07:00:00,85,0.0,26,56,336,1.2
Bolpebra - PD,2026-08-10 07:00:00,88,0.0,20,56,333,1.3
Bolpebra - PD,2026-08-10 07:00:00,91,0.0,20,56,322,1.4
Bulo Bulo,2026-08-10 07:00:00,1,1.2,19,88,118,1.2
Bulo Bulo,2026-08-10 07:00:00,4,2.3,21,89,90,2.0
Bulo Bulo,2026-08-10 07:00:00,7,2.3,25,89,62,2.9
Bulo Bulo,2026-08-10 07:00:00,10,2.3,25,89,98,2.5
Bulo Bulo,2026-08-10 07:00:00,13,2.3,21,89,126,2.2
Bulo Bulo,2026-08-10 07:00:00,16,2.3,20,89,108,1.9
Bulo Bulo,2026-08-10 07:00:00,19,0.0,19,56,80,1.5
Bulo Bulo,2026-08-10 07:00:00,22,0.0,19,57,90,0.9
Bulo Bulo,2026-08-10 07:00:00,25,0.0,20,56,52,0.9
Bulo Bulo,2026-08-10 07:00:00,28,0.0,23,56,54,0.7
Bulo Bulo,2026-08-10 07:00:00,31,0.0,28,57,56,0.5
Bulo Bulo,2026-08-10 07:00:00,34,0.0,28,57,134,0.6
Bulo Bulo,2026-08-10 07:00:00,37,0.0,24,57,204,0.8
Bulo Bulo,2026-08-10 07:00:00,40,0.0,23,55,200,0.7
Bulo Bulo,2026-08-10 07:00:00,43,0.0,21,36,188,0.6
Bulo Bulo,2026-08-10 07:00:00,46,0.0,21,36,246,0.7
Bulo Bulo,2026-08-10 07:00:00,49,0.0,24,36,267,0.3
Bulo Bulo,2026-08-10 07:00:00,52,0.0,25,36,294,1.7
Bulo Bulo,2026-08-10 07:00:00,55,0.0,30,36,320,3.1
Bulo Bulo,2026-08-10 07:00:00,58,0.0,30,36,272,2.3
Bulo Bulo,2026-08-10 07:00:00,61,0.0,25,36,224,1.5
Bulo Bulo,2026-08-10 07:00:00,64,0.0,23,36,234,1.5
Bulo Bulo,2026-08-10 07:00:00,67,0.0,22,36,244,1.4
Bulo Bulo,2026-08-10 07:00:00,70,0.0,22,37,222,0.9
Bulo Bulo,2026-08-10 07:00:00,73,0.0,24,37,200,0.6
Bulo Bulo,2026-08-10 07:00:00,76,0.0,26,37,260,2.3
Bulo Bulo,2026-08-10 07:00:00,79,0.0,30,55,310,4.1
Bulo Bulo,2026-08-10 07:00:00,82,0.0,30,56,272,2.9
Bulo Bulo,2026-08-10 07:00:00,85,0.0,25,57,224,1.7
Bulo Bulo,2026-08-10 07:00:00,88,0.0,22,56,210,1.3
Bulo Bulo,2026-08-10 07:00:00,91,0.0,22,56,186,0.9
Camargo,2026-08-10 07:00:00,1,0.0,8,57,11,1.5
Camargo,2026-08-10 07:00:00,4,0.0,13,55,45,2.9
Camargo,2026-08-10 07:00:00,7,0.0,19,56,78,4.3
Camargo,2026-08-10 07:00:00,10,0.0,19,56,90,3.5
Camargo,2026-08-10 07:00:00,13,1.3,16,75,95,2.7
Camargo,2026-08-10 07:00:00,16,1.3,12,75,85,2.0
Camargo,2026-08-10 07:00:00,19,0.0,6,56,68,1.4
Camargo,2026-08-10 07:00:00,22,0.0,6,56,298,2.0
Camargo,2026-08-10 07:00:00,25,0.0,12,57,290,1.7
Camargo,2026-08-10 07:00:00,28,0.0,17,57,303,2.6
Camargo,2026-08-10 07:00:00,31,0.0,21,36,313,3.5
Camargo,2026-08-10 07:00:00,34,0.0,21,36,10,3.6
Camargo,2026-08-10 07:00:00,37,0.0,17,36,65,3.7
Camargo,2026-08-10 07:00:00,40,0.0,13,36,29,3.1
Camargo,2026-08-10 07:00:00,43,0.0,6,25,351,2.6
Camargo,2026-08-10 07:00:00,46,0.0,6,25,332,2.0
Camargo,2026-08-10 07:00:00,49,0.0,9,25,322,2.1
Camargo,2026-08-10 07:00:00,52,0.0,14,25,302,5.0
Camargo,2026-08-10 07:00:00,55,0.0,23,35,273,7.9
Camargo,2026-08-10 07:00:00,58,0.0,23,35,251,4.7
Camargo,2026-08-10 07:00:00,61,0.0,12,35,230,1.6
Camargo,2026-08-10 07:00:00,64,0.0,11,35,272,1.7
Camargo,2026-08-10 07:00:00,67,0.0,5,26,306,1.8
Camargo,2026-08-10 07:00:00,70,0.0,5,26,311,2.5
Camargo,2026-08-10 07:00:00,73,0.0,9,26,313,2.6
Camargo,2026-08-10 07:00:00,76,0.0,15,26,323,5.2
Camargo,2026-08-10 07:00:00,79,0.0,21,36,330,7.8
Camargo,2026-08-10 07:00:00,82,0.0,21,35,358,5.0
Camargo,2026-08-10 07:00:00,85,0.0,12,37,16,2.3
Camargo,2026-08-10 07:00:00,88,0.0,5,36,338,2.6
Camargo,2026-08-10 07:00:00,91,0.0,5,56,292,2.9
Camiri,2026-08-10 07:00:00,1,0.0,13,56,150,2.8
Camiri,2026-08-10 07:00:00,4,0.0,15,56,140,3.3
Camiri,2026-08-10 07:00:00,7,0.0,17,56,130,3.8
Camiri,2026-08-10 07:00:00,10,0.0,17,56,140,2.9
Camiri,2026-08-10 07:00:00,13,0.0,14,56,141,2.0
Camiri,2026-08-10 07:00:00,16,0.0,13,56,188,1.9
Camiri,2026-08-10 07:00:00,19,0.0,11,57,227,1.7
Camiri,2026-08-10 07:00:00,22,0.0,11,36,207,0.8
Camiri,2026-08-10 07:00:00,25,0.0,14,36,197,0.7
Camiri,2026-08-10 07:00:00,28,0.0,16,36,137,2.2
Camiri,2026-08-10 07:00:00,31,0.0,18,36,78,3.5
Camiri,2026-08-10 07:00:00,34,0.0,18,36,140,2.3
Camiri,2026-08-10 07:00:00,37,0.0,15,56,193,1.2
Camiri,2026-08-10 07:00:00,40,0.0,14,56,201,0.9
Camiri,2026-08-10 07:00:00,43,0.0,12,25,208,0.6
Camiri,2026-08-10 07:00:00,46,0.0,12,25,202,0.7
Camiri,2026-08-10 07:00:00,49,0.0,16,25,215,0.3
Camiri,2026-08-10 07:00:00,52,0.0,20,25,125,3.1
Camiri,2026-08-10 07:00:00,55,0.0,23,25,48,5.9
Camiri,2026-08-10 07:00:00,58,0.0,23,25,77,3.7
Camiri,2026-08-10 07:00:00,61,0.0,20,35,104,1.5
Camiri,2026-08-10 07:00:00,64,0.0,17,35,127,1.5
Camiri,2026-08-10 07:00:00,67,0.0,11,57,150,1.4
Camiri,2026-08-10 07:00:00,70,0.0,12,57,160,1.5
Camiri,2026-08-10 07:00:00,73,0.0,15,56,160,1.3
Camiri,2026-08-10 07:00:00,76,0.0,19,56,128,2.8
Camiri,2026-08-10 07:00:00,79,0.0,20,57,88,4.3
Camiri,2026-08-10 07:00:00,82,0.0,21,56,128,3.1
Camiri,2026-08-10 07:00:00,85,0.0,17,56,161,1.7
Camiri,2026-08-10 07:00:00,88,0.0,12,56,158,1.2
Camiri,2026-08-10 07:00:00,91,0.0,12,57,148,0.7
Campanario,2026-08-10 07:00:00,1,0.0,6,56,326,1.6
Campanario,2026-08-10 07:00:00,4,0.0,10,56,6,3.6
Campanario,2026-08-10 07:00:00,7,0.0,17,56,40,5.5
Campanario,2026-08-10 07:00:00,10,0.0,17,56,56,4.2
Campanario,2026-08-10 07:00:00,13,0.0,8,56,65,2.9
Campanario,2026-08-10 07:00:00,16,0.0,3,57,14,2.5
Campanario,2026-08-10 07:00:00,19,0.0,1,56,312,1.9
Campanario,2026-08-10 07:00:00,22,0.0,1,56,258,2.5
Campanario,2026-08-10 07:00:00,25,0.0,7,56,246,2.9
Campanario,2026-08-10 07:00:00,28,0.0,11,56,297,4.0
Campanario,2026-08-10 07:00:00,31,0.0,18,56,345,5.1
Campanario,2026-08-10 07:00:00,34,0.0,18,56,14,3.5
Campanario,2026-08-10 07:00:00,37,2.2,13,76,35,1.9
Campanario,2026-08-10 07:00:00,40,2.2,9,76,348,2.1
Campanario,2026-08-10 07:00:00,43,0.0,2,36,300,2.2
Campanario,2026-08-10 07:00:00,46,0.0,2,36,259,2.5
Campanario,2026-08-10 07:00:00,49,0.0,7,36,255,2.7
Campanario,2026-08-10 07:00:00,52,0.0,12,36,273,8.8
Campanario,2026-08-10 07:00:00,55,1.5,18,76,290,14.8
Campanario,2026-08-10 07:00:00,58,1.5,18,76,275,9.1
Campanario,2026-08-10 07:00:00,61,0.0,15,36,259,3.4
Campanario,2026-08-10 07:00:00,64,0.0,7,36,277,3.4
Campanario,2026-08-10 07:00:00,67,0.0,1,26,291,3.5
Campanario,2026-08-10 07:00:00,70,0.0,1,26,317,2.9
Campanario,2026-08-10 07:00:00,73,0.0,7,26,313,3.0
Campanario,2026-08-10 07:00:00,76,0.0,13,26,309,8.8
Campanario,2026-08-10 07:00:00,79,0.0,17,36,300,14.6
Campanario,2026-08-10 07:00:00,82,0.0,17,36,280,10.2
Campanario,2026-08-10 07:00:00,85,0.0,10,36,258,5.8
Campanario,2026-08-10 07:00:00,88,0.0,1,36,277,4.4
Campanario,2026-08-10 07:00:00,91,0.0,1,56,291,3.0
Carura,2026-08-10 07:00:00,1,1.8,23,89,287,0.8
Carura,2026-08-10 07:00:00,4,1.0,26,89,261,0.9
Carura,2026-08-10 07:00:00,7,1.6,29,89,231,1.1
Carura,2026-08-10 07:00:00,10,1.9,29,88,261,0.9
Carura,2026-08-10 07:00:00,13,2.6,27,89,285,0.7
Carura,2026-08-10 07:00:00,16,2.5,24,89,283,0.6
Carura,2026-08-10 07:00:00,19,0.0,17,56,279,0.4
Carura,2026-08-10 07:00:00,22,0.0,17,56,248,0.5
Carura,2026-08-10 07:00:00,25,0.0,25,56,252,0.4
Carura,2026-08-10 07:00:00,28,0.0,27,56,232,0.9
Carura,2026-08-10 07:00:00,31,0.0,30,56,75,1.3
Carura,2026-08-10 07:00:00,34,0.0,30,56,146,0.8
Carura,2026-08-10 07:00:00,37,0.0,26,56,223,0.2
Carura,2026-08-10 07:00:00,40,0.0,24,56,259,0.5
Carura,2026-08-10 07:00:00,43,0.0,19,36,292,0.8
Carura,2026-08-10 07:00:00,46,0.0,19,37,282,0.8
Carura,2026-08-10 07:00:00,49,0.0,23,36,280,0.7
Carura,2026-08-10 07:00:00,52,0.0,27,36,341,0.8
Carura,2026-08-10 07:00:00,55,0.0,32,36,84,0.8
Carura,2026-08-10 07:00:00,58,0.0,32,36,135,0.8
Carura,2026-08-10 07:00:00,61,0.0,28,36,242,0.8
Carura,2026-08-10 07:00:00,64,0.0,25,37,265,0.9
Carura,2026-08-10 07:00:00,67,0.0,20,36,283,0.9
Carura,2026-08-10 07:00:00,70,0.0,20,36,282,0.8
Carura,2026-08-10 07:00:00,73,0.0,22,36,280,0.6
Carura,2026-08-10 07:00:00,76,0.0,24,36,338,1.0
Carura,2026-08-10 07:00:00,79,0.0,31,56,31,1.5
Carura,2026-08-10 07:00:00,82,0.0,31,56,328,1.1
Carura,2026-08-10 07:00:00,85,0.0,22,56,261,0.7
Carura,2026-08-10 07:00:00,88,0.0,20,56,268,0.8
Carura,2026-08-10 07:00:00,91,0.0,20,56,266,0.9
Chacala (INIAF),2026-08-10 07:00:00,1,0.0,4,57,7,3.5
Chacala (INIAF),2026-08-10 07:00:00,4,0.0,8,56,342,7.0
Chacala (INIAF),2026-08-10 07:00:00,7,0.0,14,56,308,10.5
Chacala (INIAF),2026-08-10 07:00:00,10,0.0,14,56,325,6.5
Chacala (INIAF),2026-08-10 07:00:00,13,0.0,6,56,333,2.4
Chacala (INIAF),2026-08-10 07:00:00,16,0.0,-3,56,326,3.8
Chacala (INIAF),2026-08-10 07:00:00,19,0.0,-6,56,310,5.1
Chacala (INIAF),2026-08-10 07:00:00,22,2.5,-7,89,358,1.4
Chacala (INIAF),2026-08-10 07:00:00,25,2.3,1,89,329,1.4
Chacala (INIAF),2026-08-10 07:00:00,28,1.7,4,89,318,3.0
Chacala (INIAF),2026-08-10 07:00:00,31,0.0,12,56,298,4.7
Chacala (INIAF),2026-08-10 07:00:00,34,0.0,12,56,293,3.2
Chacala (INIAF),2026-08-10 07:00:00,37,1.9,8,89,286,1.6
Chacala (INIAF),2026-08-10 07:00:00,40,3.3,5,89,319,2.7
Chacala (INIAF),2026-08-10 07:00:00,43,0.0,-6,36,350,3.7
Chacala (INIAF),2026-08-10 07:00:00,46,0.0,-6,36,347,5.7
Chacala (INIAF),2026-08-10 07:00:00,49,0.0,2,36,354,6.4
Chacala (INIAF),2026-08-10 07:00:00,52,0.0,6,36,314,7.6
Chacala (INIAF),2026-08-10 07:00:00,55,3.1,13,89,274,8.9
Chacala (INIAF),2026-08-10 07:00:00,58,2.0,13,89,276,5.6
Chacala (INIAF),2026-08-10 07:00:00,61,0.0,4,36,276,2.2
Chacala (INIAF),2026-08-10 07:00:00,64,0.0,3,36,322,2.2
Chacala (INIAF),2026-08-10 07:00:00,67,0.0,-8,26,5,2.2
Chacala (INIAF),2026-08-10 07:00:00,70,0.0,-8,26,6,2.7
Chacala (INIAF),2026-08-10 07:00:00,73,0.0,3,26,354,3.2
Chacala (INIAF),2026-08-10 07:00:00,76,0.0,7,26,330,6.5
Chacala (INIAF),2026-08-10 07:00:00,79,0.0,13,36,303,9.7
Chacala (INIAF),2026-08-10 07:00:00,82,0.0,13,36,276,7.3
Chacala (INIAF),2026-08-10 07:00:00,85,0.0,4,36,248,4.8
Chacala (INIAF),2026-08-10 07:00:00,88,0.0,-8,36,318,3.6
Chacala (INIAF),2026-08-10 07:00:00,91,0.0,-8,56,23,2.4
Charazani,2026-08-10 07:00:00,1,0.0,10,56,50,2.6
Charazani,2026-08-10 07:00:00,4,0.0,13,56,60,3.5
Charazani,2026-08-10 07:00:00,7,0.0,17,56,60,4.3
Charazani,2026-08-10 07:00:00,10,0.0,17,56,52,3.3
Charazani,2026-08-10 07:00:00,13,1.4,12,76,40,2.3
Charazani,2026-08-10 07:00:00,16,1.5,9,76,41,2.2
Charazani,2026-08-10 07:00:00,19,0.0,6,56,32,2.1
Charazani,2026-08-10 07:00:00,22,0.0,6,55,41,2.1
Charazani,2026-08-10 07:00:00,25,0.0,7,56,23,1.7
Charazani,2026-08-10 07:00:00,28,0.0,11,56,42,2.8
Charazani,2026-08-10 07:00:00,31,0.0,18,56,59,3.9
Charazani,2026-08-10 07:00:00,34,0.0,18,56,59,3.1
Charazani,2026-08-10 07:00:00,37,0.0,12,55,58,2.2
Charazani,2026-08-10 07:00:00,40,0.0,9,56,41,1.9
Charazani,2026-08-10 07:00:00,43,0.0,7,36,20,1.6
Charazani,2026-08-10 07:00:00,46,0.0,7,36,343,1.6
Charazani,2026-08-10 07:00:00,49,0.0,9,36,360,1.2
Charazani,2026-08-10 07:00:00,52,0.0,12,36,34,3.1
Charazani,2026-08-10 07:00:00,55,0.0,19,36,62,4.9
Charazani,2026-08-10 07:00:00,58,0.0,19,37,58,3.7
Charazani,2026-08-10 07:00:00,61,0.0,14,36,50,2.4
Charazani,2026-08-10 07:00:00,64,0.0,12,36,41,1.8
Charazani,2026-08-10 07:00:00,67,0.0,8,36,23,1.1
Charazani,2026-08-10 07:00:00,70,0.0,8,36,8,0.9
Charazani,2026-08-10 07:00:00,73,0.0,11,36,45,0.7
Charazani,2026-08-10 07:00:00,76,0.0,13,37,61,2.8
Charazani,2026-08-10 07:00:00,79,0.0,19,56,74,5.0
Charazani,2026-08-10 07:00:00,82,0.0,19,56,61,3.5
Charazani,2026-08-10 07:00:00,85,0.0,12,55,42,2.1
Charazani,2026-08-10 07:00:00,88,0.0,8,56,42,1.6
Charazani,2026-08-10 07:00:00,91,0.0,8,56,41,1.1
Chipaya,2026-08-10 07:00:00,1,0.0,2,56,354,3.6
Chipaya,2026-08-10 07:00:00,4,0.0,7,56,344,6.4
Chipaya,2026-08-10 07:00:00,7,0.0,16,56,330,9.1
Chipaya,2026-08-10 07:00:00,10,0.0,16,56,0,7.1
Chipaya,2026-08-10 07:00:00,13,1.6,6,88,30,4.9
Chipaya,2026-08-10 07:00:00,16,1.9,1,88,10,4.2
Chipaya,2026-08-10 07:00:00,19,0.0,-10,56,350,3.5
Chipaya,2026-08-10 07:00:00,22,0.0,-10,56,146,2.2
Chipaya,2026-08-10 07:00:00,25,0.0,5,56,155,1.2
Chipaya,2026-08-10 07:00:00,28,0.0,9,55,5,3.3
Chipaya,2026-08-10 07:00:00,31,0.0,17,55,330,5.4
Chipaya,2026-08-10 07:00:00,34,0.0,17,56,350,5.9
Chipaya,2026-08-10 07:00:00,37,0.0,9,56,4,6.3
Chipaya,2026-08-10 07:00:00,40,0.0,5,56,4,6.0
Chipaya,2026-08-10 07:00:00,43,0.0,-9,36,4,5.9
Chipaya,2026-08-10 07:00:00,46,0.0,-9,36,334,3.1
Chipaya,2026-08-10 07:00:00,49,0.0,5,36,324,2.4
Chipaya,2026-08-10 07:00:00,52,0.0,10,37,314,5.9
Chipaya,2026-08-10 07:00:00,55,0.0,16,56,300,9.4
Chipaya,2026-08-10 07:00:00,58,0.0,16,56,290,6.5
Chipaya,2026-08-10 07:00:00,61,0.0,9,56,276,3.6
Chipaya,2026-08-10 07:00:00,64,0.0,7,57,271,2.4
Chipaya,2026-08-10 07:00:00,67,0.0,-10,36,127,1.2
Chipaya,2026-08-10 07:00:00,70,0.0,-10,36,260,1.4
Chipaya,2026-08-10 07:00:00,73,0.0,4,36,290,1.3
Chipaya,2026-08-10 07:00:00,76,0.0,9,37,304,3.8
Chipaya,2026-08-10 07:00:00,79,0.0,16,36,314,6.1
Chipaya,2026-08-10 07:00:00,82,0.0,16,35,280,5.6
Chipaya,2026-08-10 07:00:00,85,0.0,10,57,236,5.0
Chipaya,2026-08-10 07:00:00,88,0.0,-10,57,246,3.3
Chipaya,2026-08-10 07:00:00,91,0.0,-10,57,250,1.6
Cobija,2026-08-10 07:00:00,1,0.0,26,57,250,1.0
Cobija,2026-08-10 07:00:00,4,0.0,30,56,270,1.4
Cobija,2026-08-10 07:00:00,7,0.0,34,56,280,1.8
Cobija,2026-08-10 07:00:00,10,0.0,34,56,250,1.6
Cobija,2026-08-10 07:00:00,13,1.2,27,76,217,1.4
Cobija,2026-08-10 07:00:00,16,1.3,23,77,210,1.0
Cobija,2026-08-10 07:00:00,19,0.0,18,56,203,0.6
Cobija,2026-08-10 07:00:00,22,0.7,18,89,197,1.4
Cobija,2026-08-10 07:00:00,25,1.6,25,89,150,1.8
Cobija,2026-08-10 07:00:00,28,0.9,28,89,160,2.0
Cobija,2026-08-10 07:00:00,31,0.0,31,57,170,2.1
Cobija,2026-08-10 07:00:00,34,0.0,31,56,170,1.7
Cobija,2026-08-10 07:00:00,37,0.0,27,36,160,1.3
Cobija,2026-08-10 07:00:00,40,0.0,22,36,160,1.1
Cobija,2026-08-10 07:00:00,43,0.0,20,56,160,1.0
Cobija,2026-08-10 07:00:00,46,0.0,20,56,204,0.9
Cobija,2026-08-10 07:00:00,49,0.0,24,57,220,1.3
Cobija,2026-08-10 07:00:00,52,0.0,29,56,240,1.4
Cobija,2026-08-10 07:00:00,55,0.0,32,36,260,1.5
Cobija,2026-08-10 07:00:00,58,0.0,32,36,260,1.4
Cobija,2026-08-10 07:00:00,61,0.0,25,36,260,1.2
Cobija,2026-08-10 07:00:00,64,0.0,23,35,270,1.3
Cobija,2026-08-10 07:00:00,67,0.0,20,36,270,1.4
Cobija,2026-08-10 07:00:00,70,0.0,20,36,304,1.4
Cobija,2026-08-10 07:00:00,73,0.0,25,37,300,1.7
Cobija,2026-08-10 07:00:00,76,0.0,31,36,310,1.5
Cobija,2026-08-10 07:00:00,79,0.0,33,55,317,1.4
Cobija,2026-08-10 07:00:00,82,0.0,33,56,330,1.4
Cobija,2026-08-10 07:00:00,85,0.0,28,56,334,1.4
Cobija,2026-08-10 07:00:00,88,0.0,20,56,340,1.3
Cobija,2026-08-10 07:00:00,91,0.0,20,56,340,1.2
Cochabamba - Aeropuerto,2026-08-10 07:00:00,1,0.0,14,56,255,1.5
Cochabamba - Aeropuerto,2026-08-10 07:00:00,4,0.0,19,56,341,1.5
Cochabamba - Aeropuerto,2026-08-10 07:00:00,7,1.9,26,89,35,1.6
Cochabamba - Aeropuerto,2026-08-10 07:00:00,10,1.2,26,89,96,1.4
Cochabamba - Aeropuerto,2026-08-10 07:00:00,13,0.0,19,56,159,1.2
Cochabamba - Aeropuerto,2026-08-10 07:00:00,16,0.0,11,56,229,1.2
Cochabamba - Aeropuerto,2026-08-10 07:00:00,19,0.0,7,57,283,1.3
Cochabamba - Aeropuerto,2026-08-10 07:00:00,22,0.0,7,56,251,1.1
Cochabamba - Aeropuerto,2026-08-10 07:00:00,25,0.0,12,57,246,0.9
Cochabamba - Aeropuerto,2026-08-10 07:00:00,28,0.0,14,56,349,1.8
Cochabamba - Aeropuerto,2026-08-10 07:00:00,31,0.0,29,56,38,2.7
Cochabamba - Aeropuerto,2026-08-10 07:00:00,34,0.0,29,55,333,2.3
Cochabamba - Aeropuerto,2026-08-10 07:00:00,37,0.0,20,56,263,1.9
Cochabamba - Aeropuerto,2026-08-10 07:00:00,40,0.0,15,55,262,2.0
Cochabamba - Aeropuerto,2026-08-10 07:00:00,43,0.0,7,36,257,2.0
Cochabamba - Aeropuerto,2026-08-10 07:00:00,46,0.0,7,36,261,2.1
Cochabamba - Aeropuerto,2026-08-10 07:00:00,49,0.0,10,36,262,1.8
Cochabamba - Aeropuerto,2026-08-10 07:00:00,52,0.0,19,37,329,2.2
Cochabamba - Aeropuerto,2026-08-10 07:00:00,55,0.0,31,37,28,2.7
Cochabamba - Aeropuerto,2026-08-10 07:00:00,58,0.0,31,36,328,2.5
Cochabamba - Aeropuerto,2026-08-10 07:00:00,61,0.0,25,36,258,2.3
Cochabamba - Aeropuerto,2026-08-10 07:00:00,64,0.0,17,36,250,2.3
Cochabamba - Aeropuerto,2026-08-10 07:00:00,67,0.0,6,26,240,2.3
Cochabamba - Aeropuerto,2026-08-10 07:00:00,70,0.0,7,26,251,2.0
Cochabamba - Aeropuerto,2026-08-10 07:00:00,73,0.0,14,25,263,1.8
Cochabamba - Aeropuerto,2026-08-10 07:00:00,76,0.0,16,26,314,1.6
Cochabamba - Aeropuerto,2026-08-10 07:00:00,79,0.0,31,36,48,1.4
Cochabamba - Aeropuerto,2026-08-10 07:00:00,82,0.0,31,36,286,1.7
Cochabamba - Aeropuerto,2026-08-10 07:00:00,85,0.0,13,36,226,1.9
Cochabamba - Aeropuerto,2026-08-10 07:00:00,88,0.0,7,36,238,1.9
Cochabamba - Aeropuerto,2026-08-10 07:00:00,91,0.0,7,56,246,1.9
Cochabamba - Sarco,2026-08-10 07:00:00,1,0.0,14,56,350,3.2
Cochabamba - Sarco,2026-08-10 07:00:00,4,0.0,20,55,11,3.5
Cochabamba - Sarco,2026-08-10 07:00:00,7,2.8,29,89,22,3.8
Cochabamba - Sarco,2026-08-10 07:00:00,10,0.9,29,90,31,3.3
Cochabamba - Sarco,2026-08-10 07:00:00,13,0.0,20,56,31,2.7
Cochabamba - Sarco,2026-08-10 07:00:00,16,0.0,15,56,41,2.3
Cochabamba - Sarco,2026-08-10 07:00:00,19,0.0,11,56,50,1.9
Cochabamba - Sarco,2026-08-10 07:00:00,22,0.0,11,56,360,2.2
Cochabamba - Sarco,2026-08-10 07:00:00,25,0.0,13,56,350,2.7
Cochabamba - Sarco,2026-08-10 07:00:00,28,0.0,20,56,17,3.2
Cochabamba - Sarco,2026-08-10 07:00:00,31,0.0,31,56,38,3.8
Cochabamba - Sarco,2026-08-10 07:00:00,34,0.0,31,56,20,3.3
Cochabamba - Sarco,2026-08-10 07:00:00,37,0.0,21,56,359,2.8
Cochabamba - Sarco,2026-08-10 07:00:00,40,0.0,16,56,7,2.8
Cochabamba - Sarco,2026-08-10 07:00:00,43,0.0,10,36,7,2.7
Cochabamba - Sarco,2026-08-10 07:00:00,46,0.0,10,36,340,2.7
Cochabamba - Sarco,2026-08-10 07:00:00,49,0.0,12,37,340,2.4
Cochabamba - Sarco,2026-08-10 07:00:00,52,0.0,22,36,350,3.6
Cochabamba - Sarco,2026-08-10 07:00:00,55,0.0,33,36,350,4.6
Cochabamba - Sarco,2026-08-10 07:00:00,58,0.0,33,37,349,3.7
Cochabamba - Sarco,2026-08-10 07:00:00,61,0.0,25,37,347,2.7
Cochabamba - Sarco,2026-08-10 07:00:00,64,0.0,19,37,345,2.8
Cochabamba - Sarco,2026-08-10 07:00:00,67,0.0,10,25,336,2.9
Cochabamba - Sarco,2026-08-10 07:00:00,70,0.0,9,26,337,2.4
Cochabamba - Sarco,2026-08-10 07:00:00,73,0.0,14,26,347,2.1
Cochabamba - Sarco,2026-08-10 07:00:00,76,0.0,17,26,358,2.9
Cochabamba - Sarco,2026-08-10 07:00:00,79,0.0,30,36,9,3.6
Cochabamba - Sarco,2026-08-10 07:00:00,82,0.0,30,36,6,2.9
Cochabamba - Sarco,2026-08-10 07:00:00,85,0.0,15,35,1,2.2
Cochabamba - Sarco,2026-08-10 07:00:00,88,0.0,9,36,352,2.3
Cochabamba - Sarco,2026-08-10 07:00:00,91,0.0,9,57,337,2.6
Concepcion,2026-08-10 07:00:00,1,0.0,20,56,186,4.5
Concepcion,2026-08-10 07:00:00,4,0.0,23,56,180,4.1
Concepcion,2026-08-10 07:00:00,7,0.0,28,56,170,3.7
Concepcion,2026-08-10 07:00:00,10,0.0,28,56,170,4.3
Concepcion,2026-08-10 07:00:00,13,0.0,21,56,170,4.9
Concepcion,2026-08-10 07:00:00,16,0.0,19,56,175,5.5
Concepcion,2026-08-10 07:00:00,19,0.0,14,55,175,6.2
Concepcion,2026-08-10 07:00:00,22,0.0,14,36,176,4.8
Concepcion,2026-08-10 07:00:00,25,0.0,19,36,166,4.4
Concepcion,2026-08-10 07:00:00,28,0.0,20,36,170,3.3
Concepcion,2026-08-10 07:00:00,31,0.0,28,36,169,2.3
Concepcion,2026-08-10 07:00:00,34,0.0,28,36,180,2.2
Concepcion,2026-08-10 07:00:00,37,0.0,21,36,190,2.1
Concepcion,2026-08-10 07:00:00,40,0.0,20,36,200,1.9
Concepcion,2026-08-10 07:00:00,43,0.0,16,26,200,1.7
Concepcion,2026-08-10 07:00:00,46,0.0,16,26,299,0.9
Concepcion,2026-08-10 07:00:00,49,0.0,21,26,1,0.5
Concepcion,2026-08-10 07:00:00,52,0.0,24,26,350,2.1
Concepcion,2026-08-10 07:00:00,55,0.0,30,26,330,3.7
Concepcion,2026-08-10 07:00:00,58,0.0,30,26,310,2.9
Concepcion,2026-08-10 07:00:00,61,0.0,27,26,290,2.1
Concepcion,2026-08-10 07:00:00,64,0.0,25,26,292,1.9
Concepcion,2026-08-10 07:00:00,67,0.0,17,35,292,1.5
Concepcion,2026-08-10 07:00:00,70,0.0,16,36,292,1.7
Concepcion,2026-08-10 07:00:00,73,0.0,21,36,286,1.6
Concepcion,2026-08-10 07:00:00,76,0.0,23,36,302,3.0
Concepcion,2026-08-10 07:00:00,79,0.0,30,36,316,4.5
Concepcion,2026-08-10 07:00:00,82,0.0,30,36,301,2.9
Concepcion,2026-08-10 07:00:00,85,0.0,24,56,280,1.3
Concepcion,2026-08-10 07:00:00,88,0.0,16,55,282,1.4
Concepcion,2026-08-10 07:00:00,91,0.0,16,56,278,1.5
Cota Cota Baja,2026-08-10 07:00:00,1,0.0,2,57,51,2.8
Cota Cota Baja,2026-08-10 07:00:00,4,0.0,6,55,42,3.7
Cota Cota Baja,2026-08-10 07:00:00,7,0.0,15,57,28,4.6
Cota Cota Baja,2026-08-10 07:00:00,10,0.0,15,56,22,4.4
Cota Cota Baja,2026-08-10 07:00:00,13,0.8,9,77,11,4.3
Cota Cota Baja,2026-08-10 07:00:00,16,1.3,3,76,22,3.6
Cota Cota Baja,2026-08-10 07:00:00,19,0.0,-3,56,32,2.9
Cota Cota Baja,2026-08-10 07:00:00,22,0.0,-3,56,32,3.2
Cota Cota Baja,2026-08-10 07:00:00,25,0.0,4,55,36,2.9
Cota Cota Baja,2026-08-10 07:00:00,28,0.0,7,56,5,3.9
Cota Cota Baja,2026-08-10 07:00:00,31,0.0,15,56,325,4.8
Cota Cota Baja,2026-08-10 07:00:00,34,0.0,15,55,355,4.5
Cota Cota Baja,2026-08-10 07:00:00,37,0.0,9,55,16,4.1
Cota Cota Baja,2026-08-10 07:00:00,40,0.0,6,56,26,3.6
Cota Cota Baja,2026-08-10 07:00:00,43,0.0,-2,35,26,3.1
Cota Cota Baja,2026-08-10 07:00:00,46,0.0,-2,36,56,2.0
Cota Cota Baja,2026-08-10 07:00:00,49,0.0,5,36,57,1.8
Cota Cota Baja,2026-08-10 07:00:00,52,0.0,9,36,360,3.8
Cota Cota Baja,2026-08-10 07:00:00,55,0.0,16,36,294,5.7
Cota Cota Baja,2026-08-10 07:00:00,58,0.0,16,37,340,5.3
Cota Cota Baja,2026-08-10 07:00:00,61,0.0,10,36,16,4.9
Cota Cota Baja,2026-08-10 07:00:00,64,0.0,7,36,24,3.2
Cota Cota Baja,2026-08-10 07:00:00,67,0.0,-1,36,29,1.5
Cota Cota Baja,2026-08-10 07:00:00,70,0.0,-1,36,22,1.4
Cota Cota Baja,2026-08-10 07:00:00,73,0.0,5,36,339,1.1
Cota Cota Baja,2026-08-10 07:00:00,76,0.0,9,36,328,4.0
Cota Cota Baja,2026-08-10 07:00:00,79,0.0,15,56,313,6.8
Cota Cota Baja,2026-08-10 07:00:00,82,0.0,15,56,360,5.6
Cota Cota Baja,2026-08-10 07:00:00,85,0.0,6,56,42,4.3
Cota Cota Baja,2026-08-10 07:00:00,88,0.0,-1,57,68,2.8
Cota Cota Baja,2026-08-10 07:00:00,91,0.0,-1,56,89,1.2
Cotagaita,2026-08-10 07:00:00,1,0.0,9,56,33,1.5
Cotagaita,2026-08-10 07:00:00,4,0.0,13,56,40,3.7
Cotagaita,2026-08-10 07:00:00,7,0.0,24,56,40,5.9
Cotagaita,2026-08-10 07:00:00,10,0.0,24,57,50,4.0
Cotagaita,2026-08-10 07:00:00,13,0.8,11,76,59,2.1
Cotagaita,2026-08-10 07:00:00,16,1.6,-2,76,146,1.4
Cotagaita,2026-08-10 07:00:00,19,0.0,-8,56,236,0.7
Cotagaita,2026-08-10 07:00:00,22,0.0,-8,56,299,1.4
Cotagaita,2026-08-10 07:00:00,25,0.0,8,55,290,1.1
Cotagaita,2026-08-10 07:00:00,28,0.0,12,56,332,1.9
Cotagaita,2026-08-10 07:00:00,31,2.7,22,90,11,2.6
Cotagaita,2026-08-10 07:00:00,34,2.5,22,89,21,3.0
Cotagaita,2026-08-10 07:00:00,37,0.0,18,56,30,3.4
Cotagaita,2026-08-10 07:00:00,40,0.0,15,56,9,2.4
Cotagaita,2026-08-10 07:00:00,43,0.0,-7,36,338,1.4
Cotagaita,2026-08-10 07:00:00,46,0.0,-7,36,320,1.1
Cotagaita,2026-08-10 07:00:00,49,0.0,8,36,329,1.1
Cotagaita,2026-08-10 07:00:00,52,0.0,14,36,309,6.1
Cotagaita,2026-08-10 07:00:00,55,0.0,23,36,289,11.0
Cotagaita,2026-08-10 07:00:00,58,0.0,23,36,270,6.3
Cotagaita,2026-08-10 07:00:00,61,0.0,18,36,251,1.5
Cotagaita,2026-08-10 07:00:00,64,0.0,13,36,261,2.2
Cotagaita,2026-08-10 07:00:00,67,0.0,-8,37,270,3.0
Cotagaita,2026-08-10 07:00:00,70,0.0,-8,36,289,2.7
Cotagaita,2026-08-10 07:00:00,73,0.0,9,36,292,2.3
Cotagaita,2026-08-10 07:00:00,76,0.0,15,36,302,6.3
Cotagaita,2026-08-10 07:00:00,79,0.0,22,37,302,10.3
Cotagaita,2026-08-10 07:00:00,82,0.0,22,36,289,8.3
Cotagaita,2026-08-10 07:00:00,85,0.0,13,56,269,6.3
Cotagaita,2026-08-10 07:00:00,88,0.0,-8,56,287,4.8
Cotagaita,2026-08-10 07:00:00,91,0.0,-8,56,297,3.4
Covendo,2026-08-10 07:00:00,1,2.0,20,83,181,1.1
Covendo,2026-08-10 07:00:00,4,0.5,22,83,250,1.3
Covendo,2026-08-10 07:00:00,7,1.3,27,83,324,1.5
Covendo,2026-08-10 07:00:00,10,2.0,27,84,355,1.4
Covendo,2026-08-10 07:00:00,13,1.4,22,82,125,1.2
Covendo,2026-08-10 07:00:00,16,1.9,19,83,107,0.9
Covendo,2026-08-10 07:00:00,19,0.0,17,56,85,0.6
Covendo,2026-08-10 07:00:00,22,0.0,17,56,188,0.6
Covendo,2026-08-10 07:00:00,25,0.0,19,56,207,0.4
Covendo,2026-08-10 07:00:00,28,0.0,22,56,177,0.4
Covendo,2026-08-10 07:00:00,31,0.0,28,56,144,0.5
Covendo,2026-08-10 07:00:00,34,0.0,28,56,192,0.7
Covendo,2026-08-10 07:00:00,37,0.0,21,56,235,0.9
Covendo,2026-08-10 07:00:00,40,0.0,20,56,230,0.9
Covendo,2026-08-10 07:00:00,43,0.0,19,36,220,0.8
Covendo,2026-08-10 07:00:00,46,0.0,19,36,218,0.9
Covendo,2026-08-10 07:00:00,49,0.0,20,36,220,0.8
Covendo,2026-08-10 07:00:00,52,0.0,24,37,280,1.4
Covendo,2026-08-10 07:00:00,55,0.0,29,36,338,2.0
Covendo,2026-08-10 07:00:00,58,0.0,29,36,4,1.2
Covendo,2026-08-10 07:00:00,61,0.0,23,36,30,0.4
Covendo,2026-08-10 07:00:00,64,0.0,21,35,135,0.7
Covendo,2026-08-10 07:00:00,67,0.0,19,37,182,1.0
Covendo,2026-08-10 07:00:00,70,0.0,19,37,191,1.1
Covendo,2026-08-10 07:00:00,73,0.0,21,37,203,0.9
Covendo,2026-08-10 07:00:00,76,0.0,24,38,273,1.6
Covendo,2026-08-10 07:00:00,79,0.0,29,56,340,2.3
Covendo,2026-08-10 07:00:00,82,0.0,29,56,273,1.7
Covendo,2026-08-10 07:00:00,85,0.0,22,56,201,1.0
Covendo,2026-08-10 07:00:00,88,0.0,19,56,191,1.1
Covendo,2026-08-10 07:00:00,91,0.0,19,55,181,1.2
Cuatro Cañadas - Colonia Chihuahua,2026-08-10 07:00:00,1,2.4,19,88,177,5.8
Cuatro Cañadas - Colonia Chihuahua,2026-08-10 07:00:00,4,0.8,20,89,170,5.6
Cuatro Cañadas - Colonia Chihuahua,2026-08-10 07:00:00,7,0.6,23,89,160,5.4
Cuatro Cañadas - Colonia Chihuahua,2026-08-10 07:00:00,10,1.3,23,89,170,5.9
Cuatro Cañadas - Colonia Chihuahua,2026-08-10 07:00:00,13,0.0,21,56,170,6.4
Cuatro Cañadas - Colonia Chihuahua,2026-08-10 07:00:00,16,0.0,19,56,170,6.4
Cuatro Cañadas - Colonia Chihuahua,2026-08-10 07:00:00,19,0.0,15,57,170,6.3
Cuatro Cañadas - Colonia Chihuahua,2026-08-10 07:00:00,22,0.0,15,56,170,5.0
Cuatro Cañadas - Colonia Chihuahua,2026-08-10 07:00:00,25,0.0,19,56,160,4.9
Cuatro Cañadas - Colonia Chihuahua,2026-08-10 07:00:00,28,0.0,22,56,170,3.7
Cuatro Cañadas - Colonia Chihuahua,2026-08-10 07:00:00,31,0.0,24,36,170,2.5
Cuatro Cañadas - Colonia Chihuahua,2026-08-10 07:00:00,34,0.0,24,36,162,1.9
Cuatro Cañadas - Colonia Chihuahua,2026-08-10 07:00:00,37,0.0,22,36,150,1.2
Cuatro Cañadas - Colonia Chihuahua,2026-08-10 07:00:00,40,0.0,20,36,136,1.0
Cuatro Cañadas - Colonia Chihuahua,2026-08-10 07:00:00,43,0.0,17,26,123,0.9
Cuatro Cañadas - Colonia Chihuahua,2026-08-10 07:00:00,46,0.0,17,27,350,1.0
Cuatro Cañadas - Colonia Chihuahua,2026-08-10 07:00:00,49,0.0,22,26,322,1.5
Cuatro Cañadas - Colonia Chihuahua,2026-08-10 07:00:00,52,0.0,24,26,322,3.5
Cuatro Cañadas - Colonia Chihuahua,2026-08-10 07:00:00,55,0.0,27,26,322,5.4
Cuatro Cañadas - Colonia Chihuahua,2026-08-10 07:00:00,58,0.0,27,26,325,4.3
Cuatro Cañadas - Colonia Chihuahua,2026-08-10 07:00:00,61,0.0,24,26,322,3.1
Cuatro Cañadas - Colonia Chihuahua,2026-08-10 07:00:00,64,0.0,22,26,322,2.9
Cuatro Cañadas - Colonia Chihuahua,2026-08-10 07:00:00,67,0.0,17,56,322,2.6
Cuatro Cañadas - Colonia Chihuahua,2026-08-10 07:00:00,70,0.0,17,56,284,2.6
Cuatro Cañadas - Colonia Chihuahua,2026-08-10 07:00:00,73,0.0,20,56,254,2.4
Cuatro Cañadas - Colonia Chihuahua,2026-08-10 07:00:00,76,0.0,21,56,254,3.3
Cuatro Cañadas - Colonia Chihuahua,2026-08-10 07:00:00,79,0.0,25,56,244,4.1
Cuatro Cañadas - Colonia Chihuahua,2026-08-10 07:00:00,82,0.0,25,56,189,2.8
Cuatro Cañadas - Colonia Chihuahua,2026-08-10 07:00:00,85,0.0,22,36,134,1.5
Cuatro Cañadas - Colonia Chihuahua,2026-08-10 07:00:00,88,0.0,17,36,171,2.4
Cuatro Cañadas - Colonia Chihuahua,2026-08-10 07:00:00,91,0.0,17,56,204,3.2
Cuatro Cañadas CEA-2,2026-08-10 07:00:00,1,0.9,20,89,170,5.3
Cuatro Cañadas CEA-2,2026-08-10 07:00:00,4,1.4,21,89,168,5.3
Cuatro Cañadas CEA-2,2026-08-10 07:00:00,7,2.7,23,90,158,5.3
Cuatro Cañadas CEA-2,2026-08-10 07:00:00,10,1.2,23,89,168,6.2
Cuatro Cañadas CEA-2,2026-08-10 07:00:00,13,0.0,21,56,170,7.1
Cuatro Cañadas CEA-2,2026-08-10 07:00:00,16,0.0,18,56,170,6.8
Cuatro Cañadas CEA-2,2026-08-10 07:00:00,19,0.0,15,56,170,6.6
Cuatro Cañadas CEA-2,2026-08-10 07:00:00,22,0.0,15,57,170,4.9
Cuatro Cañadas CEA-2,2026-08-10 07:00:00,25,0.0,19,56,160,4.5
Cuatro Cañadas CEA-2,2026-08-10 07:00:00,28,0.0,22,56,160,3.1
Cuatro Cañadas CEA-2,2026-08-10 07:00:00,31,0.0,24,36,158,1.8
Cuatro Cañadas CEA-2,2026-08-10 07:00:00,34,0.0,24,36,117,1.3
Cuatro Cañadas CEA-2,2026-08-10 07:00:00,37,0.0,22,36,74,0.8
Cuatro Cañadas CEA-2,2026-08-10 07:00:00,40,0.0,20,36,146,1.0
Cuatro Cañadas CEA-2,2026-08-10 07:00:00,43,0.0,17,27,212,1.3
Cuatro Cañadas CEA-2,2026-08-10 07:00:00,46,0.0,17,26,289,1.4
Cuatro Cañadas CEA-2,2026-08-10 07:00:00,49,0.0,22,27,309,1.3
Cuatro Cañadas CEA-2,2026-08-10 07:00:00,52,0.0,25,27,320,3.4
Cuatro Cañadas CEA-2,2026-08-10 07:00:00,55,0.0,27,26,330,5.4
Cuatro Cañadas CEA-2,2026-08-10 07:00:00,58,0.0,27,27,331,4.1
Cuatro Cañadas CEA-2,2026-08-10 07:00:00,61,0.0,25,26,331,2.8
Cuatro Cañadas CEA-2,2026-08-10 07:00:00,64,0.0,23,26,313,2.7
Cuatro Cañadas CEA-2,2026-08-10 07:00:00,67,0.0,17,56,292,2.6
Cuatro Cañadas CEA-2,2026-08-10 07:00:00,70,0.0,17,56,259,3.3
Cuatro Cañadas CEA-2,2026-08-10 07:00:00,73,0.0,20,57,197,4.2
Cuatro Cañadas CEA-2,2026-08-10 07:00:00,76,0.0,21,56,251,3.2
Cuatro Cañadas CEA-2,2026-08-10 07:00:00,79,0.0,25,57,303,2.2
Cuatro Cañadas CEA-2,2026-08-10 07:00:00,82,0.0,25,56,333,2.0
Cuatro Cañadas CEA-2,2026-08-10 07:00:00,85,0.0,22,36,354,1.8
Cuatro Cañadas CEA-2,2026-08-10 07:00:00,88,0.0,17,36,285,2.6
Cuatro Cañadas CEA-2,2026-08-10 07:00:00,91,0.0,17,56,180,3.4
Desaguadero_M,2026-08-10 07:00:00,1,0.0,2,56,78,2.9
Desaguadero_M,2026-08-10 07:00:00,4,0.0,7,56,47,4.8
Desaguadero_M,2026-08-10 07:00:00,7,0.0,13,56,8,6.7
Desaguadero_M,2026-08-10 07:00:00,10,0.0,13,57,20,5.4
Desaguadero_M,2026-08-10 07:00:00,13,1.0,6,76,27,4.1
Desaguadero_M,2026-08-10 07:00:00,16,1.1,0,77,32,3.6
Desaguadero_M,2026-08-10 07:00:00,19,0.0,-6,56,32,3.1
Desaguadero_M,2026-08-10 07:00:00,22,0.0,-6,56,49,3.1
Desaguadero_M,2026-08-10 07:00:00,25,0.0,4,56,37,3.4
Desaguadero_M,2026-08-10 07:00:00,28,0.0,7,56,13,4.9
Desaguadero_M,2026-08-10 07:00:00,31,0.0,14,56,346,6.4
Desaguadero_M,2026-08-10 07:00:00,34,0.0,14,56,13,5.2
Desaguadero_M,2026-08-10 07:00:00,37,0.0,9,56,37,4.1
Desaguadero_M,2026-08-10 07:00:00,40,0.0,7,56,52,3.7
Desaguadero_M,2026-08-10 07:00:00,43,0.0,-6,36,61,3.2
Desaguadero_M,2026-08-10 07:00:00,46,0.0,-6,36,67,3.1
Desaguadero_M,2026-08-10 07:00:00,49,0.0,3,35,60,3.1
Desaguadero_M,2026-08-10 07:00:00,52,0.0,8,36,17,5.3
Desaguadero_M,2026-08-10 07:00:00,55,0.0,15,36,331,7.5
Desaguadero_M,2026-08-10 07:00:00,58,0.0,15,36,357,5.1
Desaguadero_M,2026-08-10 07:00:00,61,0.0,8,36,21,2.8
Desaguadero_M,2026-08-10 07:00:00,64,0.0,5,36,57,2.5
Desaguadero_M,2026-08-10 07:00:00,67,0.0,-6,36,85,2.2
Desaguadero_M,2026-08-10 07:00:00,70,0.0,-6,36,55,1.8
Desaguadero_M,2026-08-10 07:00:00,73,0.0,4,36,45,1.4
Desaguadero_M,2026-08-10 07:00:00,76,0.0,9,36,14,4.4
Desaguadero_M,2026-08-10 07:00:00,79,0.0,14,56,335,7.5
Desaguadero_M,2026-08-10 07:00:00,82,0.0,14,56,10,5.3
Desaguadero_M,2026-08-10 07:00:00,85,0.0,7,56,40,3.1
Desaguadero_M,2026-08-10 07:00:00,88,0.0,-6,56,77,2.8
Desaguadero_M,2026-08-10 07:00:00,91,0.0,-6,56,104,2.6
El Alto,2026-08-10 07:00:00,1,0.0,1,56,58,3.3
El Alto,2026-08-10 07:00:00,4,0.0,5,56,64,4.2
El Alto,2026-08-10 07:00:00,7,0.0,14,55,64,5.0
El Alto,2026-08-10 07:00:00,10,0.0,14,56,60,4.6
El Alto,2026-08-10 07:00:00,13,1.1,6,76,50,4.1
El Alto,2026-08-10 07:00:00,16,1.4,1,76,50,3.3
El Alto,2026-08-10 07:00:00,19,0.0,-3,56,48,2.6
El Alto,2026-08-10 07:00:00,22,0.0,-3,56,54,2.9
El Alto,2026-08-10 07:00:00,25,0.0,2,57,54,2.5
El Alto,2026-08-10 07:00:00,28,0.0,5,56,50,3.9
El Alto,2026-08-10 07:00:00,31,0.0,15,56,40,5.3
El Alto,2026-08-10 07:00:00,34,0.0,15,56,40,4.6
El Alto,2026-08-10 07:00:00,37,0.0,9,57,40,3.8
El Alto,2026-08-10 07:00:00,40,0.0,5,56,40,3.5
El Alto,2026-08-10 07:00:00,43,0.0,-4,36,36,3.1
El Alto,2026-08-10 07:00:00,46,0.0,-4,36,53,2.4
El Alto,2026-08-10 07:00:00,49,0.0,2,36,53,2.3
El Alto,2026-08-10 07:00:00,52,0.0,6,36,42,2.6
El Alto,2026-08-10 07:00:00,55,0.0,16,36,28,3.0
El Alto,2026-08-10 07:00:00,58,0.0,16,36,48,3.4
El Alto,2026-08-10 07:00:00,61,0.0,11,36,61,3.9
El Alto,2026-08-10 07:00:00,64,0.0,8,36,73,2.9
El Alto,2026-08-10 07:00:00,67,0.0,-5,36,83,1.8
El Alto,2026-08-10 07:00:00,70,0.0,-4,36,80,1.1
El Alto,2026-08-10 07:00:00,73,0.0,4,36,77,0.9
El Alto,2026-08-10 07:00:00,76,0.0,8,36,25,2.9
El Alto,2026-08-10 07:00:00,79,0.0,15,56,327,4.9
El Alto,2026-08-10 07:00:00,82,0.0,16,56,14,4.6
El Alto,2026-08-10 07:00:00,85,0.0,5,56,58,4.3
El Alto,2026-08-10 07:00:00,88,0.0,-5,57,75,3.0
El Alto,2026-08-10 07:00:00,91,0.0,-4,56,88,1.8
El Puente,2026-08-10 07:00:00,1,2.0,20,89,139,2.8
El Puente,2026-08-10 07:00:00,4,1.3,23,89,139,3.0
El Puente,2026-08-10 07:00:00,7,1.3,25,89,130,3.2
El Puente,2026-08-10 07:00:00,10,2.3,25,89,140,3.4
El Puente,2026-08-10 07:00:00,13,0.0,23,56,150,3.6
El Puente,2026-08-10 07:00:00,16,0.0,18,56,150,4.1
El Puente,2026-08-10 07:00:00,19,0.0,15,56,140,4.4
El Puente,2026-08-10 07:00:00,22,0.0,15,56,159,3.2
El Puente,2026-08-10 07:00:00,25,0.0,17,56,149,2.9
El Puente,2026-08-10 07:00:00,28,0.0,20,56,152,2.5
El Puente,2026-08-10 07:00:00,31,0.0,26,36,154,2.0
El Puente,2026-08-10 07:00:00,34,0.0,26,36,176,1.5
El Puente,2026-08-10 07:00:00,37,0.0,22,36,196,1.0
El Puente,2026-08-10 07:00:00,40,0.0,20,37,206,1.1
El Puente,2026-08-10 07:00:00,43,0.0,16,26,210,1.3
El Puente,2026-08-10 07:00:00,46,0.0,16,26,238,0.5
El Puente,2026-08-10 07:00:00,49,0.0,21,26,242,0.2
El Puente,2026-08-10 07:00:00,52,0.0,24,26,284,1.5
El Puente,2026-08-10 07:00:00,55,0.0,29,26,320,2.7
El Puente,2026-08-10 07:00:00,58,0.0,29,26,330,2.1
El Puente,2026-08-10 07:00:00,61,0.0,25,26,330,1.5
El Puente,2026-08-10 07:00:00,64,0.0,23,26,320,1.4
El Puente,2026-08-10 07:00:00,67,0.0,16,56,306,1.2
El Puente,2026-08-10 07:00:00,70,0.0,16,56,356,0.9
El Puente,2026-08-10 07:00:00,73,0.0,21,56,10,0.6
El Puente,2026-08-10 07:00:00,76,0.0,22,56,350,1.9
El Puente,2026-08-10 07:00:00,79,0.0,27,56,320,3.2
El Puente,2026-08-10 07:00:00,82,0.0,27,56,316,2.0
El Puente,2026-08-10 07:00:00,85,0.0,23,36,310,0.9
El Puente,2026-08-10 07:00:00,88,0.0,16,36,355,0.8
El Puente,2026-08-10 07:00:00,91,0.0,16,56,37,0.8
El Villar,2026-08-10 07:00:00,1,0.0,12,56,89,1.4
El Villar,2026-08-10 07:00:00,4,0.0,13,56,94,2.4
El Villar,2026-08-10 07:00:00,7,0.0,17,56,89,3.3
El Villar,2026-08-10 07:00:00,10,0.0,17,56,97,2.7
El Villar,2026-08-10 07:00:00,13,0.0,14,56,97,2.1
El Villar,2026-08-10 07:00:00,16,0.0,12,56,144,1.3
El Villar,2026-08-10 07:00:00,19,0.0,10,56,187,0.5
El Villar,2026-08-10 07:00:00,22,0.0,10,56,6,1.1
El Villar,2026-08-10 07:00:00,25,0.0,13,56,320,1.3
El Villar,2026-08-10 07:00:00,28,0.0,16,56,7,2.4
El Villar,2026-08-10 07:00:00,31,0.0,21,36,55,3.5
El Villar,2026-08-10 07:00:00,34,0.0,21,36,22,2.3
El Villar,2026-08-10 07:00:00,37,0.0,17,36,345,1.1
El Villar,2026-08-10 07:00:00,40,0.0,13,36,327,1.4
El Villar,2026-08-10 07:00:00,43,0.0,10,26,308,1.7
El Villar,2026-08-10 07:00:00,46,0.0,10,26,305,2.1
El Villar,2026-08-10 07:00:00,49,0.0,15,26,312,2.4
El Villar,2026-08-10 07:00:00,52,0.0,20,26,339,4.4
El Villar,2026-08-10 07:00:00,55,0.0,23,26,359,6.4
El Villar,2026-08-10 07:00:00,58,0.0,23,26,287,4.1
El Villar,2026-08-10 07:00:00,61,0.0,20,36,212,1.9
El Villar,2026-08-10 07:00:00,64,0.0,16,36,250,1.6
El Villar,2026-08-10 07:00:00,67,0.0,9,36,287,1.4
El Villar,2026-08-10 07:00:00,70,0.0,9,36,323,1.5
El Villar,2026-08-10 07:00:00,73,0.0,14,36,350,1.5
El Villar,2026-08-10 07:00:00,76,0.0,17,36,15,3.0
El Villar,2026-08-10 07:00:00,79,0.0,20,36,32,4.6
El Villar,2026-08-10 07:00:00,82,0.0,20,36,102,2.6
El Villar,2026-08-10 07:00:00,85,0.0,12,57,165,0.7
El Villar,2026-08-10 07:00:00,88,0.0,9,56,231,1.4
El Villar,2026-08-10 07:00:00,91,0.0,9,56,305,2.1
Filadelfia - PD,2026-08-10 07:00:00,1,0.0,24,56,250,1.4
Filadelfia - PD,2026-08-10 07:00:00,4,0.0,27,56,250,1.9
Filadelfia - PD,2026-08-10 07:00:00,7,0.0,30,56,242,2.4
Filadelfia - PD,2026-08-10 07:00:00,10,0.0,30,56,272,1.5
Filadelfia - PD,2026-08-10 07:00:00,13,1.1,28,76,294,0.6
Filadelfia - PD,2026-08-10 07:00:00,16,1.4,23,76,234,0.9
Filadelfia - PD,2026-08-10 07:00:00,19,0.0,18,56,172,1.3
Filadelfia - PD,2026-08-10 07:00:00,22,2.9,18,89,138,1.9
Filadelfia - PD,2026-08-10 07:00:00,25,2.9,23,89,150,2.3
Filadelfia - PD,2026-08-10 07:00:00,28,2.8,25,89,148,2.5
Filadelfia - PD,2026-08-10 07:00:00,31,0.0,27,57,138,2.7
Filadelfia - PD,2026-08-10 07:00:00,34,0.0,27,55,148,2.1
Filadelfia - PD,2026-08-10 07:00:00,37,0.0,25,36,150,1.5
Filadelfia - PD,2026-08-10 07:00:00,40,0.0,23,36,151,1.3
Filadelfia - PD,2026-08-10 07:00:00,43,0.0,20,57,151,1.1
Filadelfia - PD,2026-08-10 07:00:00,46,0.0,20,57,180,0.8
Filadelfia - PD,2026-08-10 07:00:00,49,0.0,23,56,220,1.1
Filadelfia - PD,2026-08-10 07:00:00,52,0.0,26,55,269,1.2
Filadelfia - PD,2026-08-10 07:00:00,55,0.0,28,37,310,1.3
Filadelfia - PD,2026-08-10 07:00:00,58,0.0,28,35,309,1.5
Filadelfia - PD,2026-08-10 07:00:00,61,0.0,26,35,300,1.5
Filadelfia - PD,2026-08-10 07:00:00,64,0.0,24,35,300,1.5
Filadelfia - PD,2026-08-10 07:00:00,67,0.0,20,37,300,1.4
Filadelfia - PD,2026-08-10 07:00:00,70,0.0,20,37,308,1.3
Filadelfia - PD,2026-08-10 07:00:00,73,0.0,23,36,300,1.3
Filadelfia - PD,2026-08-10 07:00:00,76,0.0,25,36,310,1.6
Filadelfia - PD,2026-08-10 07:00:00,79,0.0,29,56,320,2.0
Filadelfia - PD,2026-08-10 07:00:00,82,0.0,29,56,330,1.6
Filadelfia - PD,2026-08-10 07:00:00,85,0.0,26,56,340,1.3
Filadelfia - PD,2026-08-10 07:00:00,88,0.0,20,56,330,1.3
Filadelfia - PD,2026-08-10 07:00:00,91,0.0,20,56,310,1.2
Guayaramerin,2026-08-10 07:00:00,1,0.0,26,56,202,0.4
Guayaramerin,2026-08-10 07:00:00,4,0.0,30,56,134,0.6
Guayaramerin,2026-08-10 07:00:00,7,0.0,35,56,60,0.8
Guayaramerin,2026-08-10 07:00:00,10,0.0,35,56,60,1.3
Guayaramerin,2026-08-10 07:00:00,13,0.0,28,57,240,1.8
Guayaramerin,2026-08-10 07:00:00,16,0.0,24,56,210,1.8
Guayaramerin,2026-08-10 07:00:00,19,0.0,18,55,170,1.7
Guayaramerin,2026-08-10 07:00:00,22,1.6,18,89,180,2.4
Guayaramerin,2026-08-10 07:00:00,25,1.6,22,89,178,2.3
Guayaramerin,2026-08-10 07:00:00,28,1.1,24,89,178,2.5
Guayaramerin,2026-08-10 07:00:00,31,0.0,32,36,170,2.7
Guayaramerin,2026-08-10 07:00:00,34,0.0,32,36,188,2.2
Guayaramerin,2026-08-10 07:00:00,37,0.0,25,35,198,1.7
Guayaramerin,2026-08-10 07:00:00,40,0.0,23,35,180,1.4
Guayaramerin,2026-08-10 07:00:00,43,0.0,20,56,163,1.0
Guayaramerin,2026-08-10 07:00:00,46,0.0,20,57,245,0.6
Guayaramerin,2026-08-10 07:00:00,49,0.0,25,56,190,0.9
Guayaramerin,2026-08-10 07:00:00,52,0.0,28,57,263,0.7
Guayaramerin,2026-08-10 07:00:00,55,0.0,32,56,2,0.5
Guayaramerin,2026-08-10 07:00:00,58,0.0,32,57,15,0.6
Guayaramerin,2026-08-10 07:00:00,61,0.0,29,56,23,0.7
Guayaramerin,2026-08-10 07:00:00,64,0.0,27,56,343,0.7
Guayaramerin,2026-08-10 07:00:00,67,0.0,20,36,293,0.7
Guayaramerin,2026-08-10 07:00:00,70,0.0,20,36,340,1.3
Guayaramerin,2026-08-10 07:00:00,73,0.0,26,35,333,1.4
Guayaramerin,2026-08-10 07:00:00,76,0.0,28,36,343,1.6
Guayaramerin,2026-08-10 07:00:00,79,0.0,33,57,343,1.9
Guayaramerin,2026-08-10 07:00:00,82,0.0,33,56,356,1.4
Guayaramerin,2026-08-10 07:00:00,85,0.0,30,56,8,0.9
Guayaramerin,2026-08-10 07:00:00,88,0.0,20,56,5,1.0
Guayaramerin,2026-08-10 07:00:00,91,0.0,20,56,358,1.1
Guayaramerin_M (GPRS),2026-08-10 07:00:00,1,0.0,26,56,262,0.4
Guayaramerin_M (GPRS),2026-08-10 07:00:00,4,0.0,29,56,242,0.4
Guayaramerin_M (GPRS),2026-08-10 07:00:00,7,0.0,34,56,220,0.4
Guayaramerin_M (GPRS),2026-08-10 07:00:00,10,0.0,34,56,218,1.1
Guayaramerin_M (GPRS),2026-08-10 07:00:00,13,0.0,27,57,220,1.9
Guayaramerin_M (GPRS),2026-08-10 07:00:00,16,0.0,24,56,200,1.6
Guayaramerin_M (GPRS),2026-08-10 07:00:00,19,0.0,19,56,172,1.4
Guayaramerin_M (GPRS),2026-08-10 07:00:00,22,0.5,19,90,180,2.4
Guayaramerin_M (GPRS),2026-08-10 07:00:00,25,0.5,22,90,170,2.4
Guayaramerin_M (GPRS),2026-08-10 07:00:00,28,0.5,24,90,171,2.5
Guayaramerin_M (GPRS),2026-08-10 07:00:00,31,0.0,32,35,171,2.6
Guayaramerin_M (GPRS),2026-08-10 07:00:00,34,0.0,32,36,190,2.3
Guayaramerin_M (GPRS),2026-08-10 07:00:00,37,0.0,25,36,199,1.9
Guayaramerin_M (GPRS),2026-08-10 07:00:00,40,0.0,22,36,189,1.5
Guayaramerin_M (GPRS),2026-08-10 07:00:00,43,0.0,21,56,170,1.2
Guayaramerin_M (GPRS),2026-08-10 07:00:00,46,0.0,21,56,110,0.4
Guayaramerin_M (GPRS),2026-08-10 07:00:00,49,0.0,24,56,188,0.6
Guayaramerin_M (GPRS),2026-08-10 07:00:00,52,0.0,27,56,259,0.6
Guayaramerin_M (GPRS),2026-08-10 07:00:00,55,0.0,33,57,320,0.5
Guayaramerin_M (GPRS),2026-08-10 07:00:00,58,0.0,33,56,341,0.7
Guayaramerin_M (GPRS),2026-08-10 07:00:00,61,0.0,30,57,360,0.9
Guayaramerin_M (GPRS),2026-08-10 07:00:00,64,0.0,27,55,330,0.9
Guayaramerin_M (GPRS),2026-08-10 07:00:00,67,0.0,21,37,292,1.0
Guayaramerin_M (GPRS),2026-08-10 07:00:00,70,0.0,21,35,330,1.4
Guayaramerin_M (GPRS),2026-08-10 07:00:00,73,0.0,27,36,330,1.4
Guayaramerin_M (GPRS),2026-08-10 07:00:00,76,0.0,29,36,340,1.6
Guayaramerin_M (GPRS),2026-08-10 07:00:00,79,0.0,33,56,340,1.9
Guayaramerin_M (GPRS),2026-08-10 07:00:00,82,0.0,33,56,341,1.2
Guayaramerin_M (GPRS),2026-08-10 07:00:00,85,0.0,29,56,342,0.5
Guayaramerin_M (GPRS),2026-08-10 07:00:00,88,0.0,21,56,351,0.9
Guayaramerin_M (GPRS),2026-08-10 07:00:00,91,0.0,21,55,360,1.4
Incapampa,2026-08-10 07:00:00,1,2.4,18,89,211,1.3
Incapampa,2026-08-10 07:00:00,4,1.4,21,89,224,1.2
Incapampa,2026-08-10 07:00:00,7,2.4,27,89,230,1.0
Incapampa,2026-08-10 07:00:00,10,2.3,27,90,217,1.6
Incapampa,2026-08-10 07:00:00,13,2.3,23,89,196,2.1
Incapampa,2026-08-10 07:00:00,16,2.5,19,90,196,1.8
Incapampa,2026-08-10 07:00:00,19,0.0,14,56,196,1.4
Incapampa,2026-08-10 07:00:00,22,0.0,14,56,195,1.1
Incapampa,2026-08-10 07:00:00,25,0.0,20,57,177,0.6
Incapampa,2026-08-10 07:00:00,28,0.0,24,57,99,1.5
Incapampa,2026-08-10 07:00:00,31,0.0,28,57,18,2.5
Incapampa,2026-08-10 07:00:00,34,0.0,28,56,33,1.9
Incapampa,2026-08-10 07:00:00,37,0.0,21,57,194,1.3
Incapampa,2026-08-10 07:00:00,40,0.0,19,57,204,1.5
Incapampa,2026-08-10 07:00:00,43,0.0,16,36,204,1.7
Incapampa,2026-08-10 07:00:00,46,0.0,16,36,204,1.9
Incapampa,2026-08-10 07:00:00,49,0.0,19,36,199,1.5
Incapampa,2026-08-10 07:00:00,52,0.0,23,36,206,2.0
Incapampa,2026-08-10 07:00:00,55,0.0,29,36,17,2.6
Incapampa,2026-08-10 07:00:00,58,0.0,29,36,303,2.2
Incapampa,2026-08-10 07:00:00,61,0.0,23,36,224,1.7
Incapampa,2026-08-10 07:00:00,64,0.0,21,36,219,1.9
Incapampa,2026-08-10 07:00:00,67,0.0,17,36,205,2.1
Incapampa,2026-08-10 07:00:00,70,0.0,17,36,193,1.3
Incapampa,2026-08-10 07:00:00,73,0.0,20,36,175,0.7
Incapampa,2026-08-10 07:00:00,76,0.0,21,36,117,0.9
Incapampa,2026-08-10 07:00:00,79,0.0,28,56,51,1.2
Incapampa,2026-08-10 07:00:00,82,0.0,28,56,126,1.2
Incapampa,2026-08-10 07:00:00,85,0.0,20,56,194,1.2
Incapampa,2026-08-10 07:00:00,88,0.0,17,56,204,1.5
Incapampa,2026-08-10 07:00:00,91,0.0,17,56,204,1.7
Ixiamas,2026-08-10 07:00:00,1,0.0,24,56,265,1.0
Ixiamas,2026-08-10 07:00:00,4,0.0,26,56,297,1.7
Ixiamas,2026-08-10 07:00:00,7,2.9,30,88,322,2.3
Ixiamas,2026-08-10 07:00:00,10,1.4,30,89,299,1.7
Ixiamas,2026-08-10 07:00:00,13,3.1,26,90,266,1.1
Ixiamas,2026-08-10 07:00:00,16,1.8,25,89,208,1.3
Ixiamas,2026-08-10 07:00:00,19,0.0,17,57,141,1.4
Ixiamas,2026-08-10 07:00:00,22,0.0,17,55,153,1.8
Ixiamas,2026-08-10 07:00:00,25,0.0,24,56,143,1.7
Ixiamas,2026-08-10 07:00:00,28,0.0,27,57,120,1.6
Ixiamas,2026-08-10 07:00:00,31,0.0,32,56,89,1.6
Ixiamas,2026-08-10 07:00:00,34,0.0,32,55,142,1.4
Ixiamas,2026-08-10 07:00:00,37,0.0,27,56,193,1.1
Ixiamas,2026-08-10 07:00:00,40,0.0,24,57,212,1.0
Ixiamas,2026-08-10 07:00:00,43,0.0,18,56,229,0.9
Ixiamas,2026-08-10 07:00:00,46,0.0,18,56,219,1.0
Ixiamas,2026-08-10 07:00:00,49,0.0,23,56,219,1.0
Ixiamas,2026-08-10 07:00:00,52,0.0,28,56,289,1.6
Ixiamas,2026-08-10 07:00:00,55,0.0,33,36,349,2.2
Ixiamas,2026-08-10 07:00:00,58,0.0,33,36,309,1.8
Ixiamas,2026-08-10 07:00:00,61,0.0,28,36,269,1.3
Ixiamas,2026-08-10 07:00:00,64,0.0,25,36,259,1.3
Ixiamas,2026-08-10 07:00:00,67,0.0,19,37,246,1.3
Ixiamas,2026-08-10 07:00:00,70,0.0,19,35,254,1.0
Ixiamas,2026-08-10 07:00:00,73,0.0,24,36,272,0.7
Ixiamas,2026-08-10 07:00:00,76,0.0,30,35,298,1.9
Ixiamas,2026-08-10 07:00:00,79,0.0,33,57,322,3.2
Ixiamas,2026-08-10 07:00:00,82,0.0,33,55,281,2.3
Ixiamas,2026-08-10 07:00:00,85,0.0,27,56,238,1.6
Ixiamas,2026-08-10 07:00:00,88,0.0,19,56,238,1.4
Ixiamas,2026-08-10 07:00:00,91,0.0,19,57,229,1.3
Jesús de Machaca,2026-08-10 07:00:00,1,0.0,-5,56,44,2.5
Jesús de Machaca,2026-08-10 07:00:00,4,0.0,3,56,28,4.5
Jesús de Machaca,2026-08-10 07:00:00,7,0.0,15,57,12,6.6
Jesús de Machaca,2026-08-10 07:00:00,10,0.0,15,56,20,5.4
Jesús de Machaca,2026-08-10 07:00:00,13,1.2,6,76,25,4.1
Jesús de Machaca,2026-08-10 07:00:00,16,0.6,-6,77,25,3.7
Jesús de Machaca,2026-08-10 07:00:00,19,0.0,-11,56,22,3.3
Jesús de Machaca,2026-08-10 07:00:00,22,0.0,-11,56,32,3.0
Jesús de Machaca,2026-08-10 07:00:00,25,0.0,4,56,35,3.3
Jesús de Machaca,2026-08-10 07:00:00,28,0.0,8,56,20,5.3
Jesús de Machaca,2026-08-10 07:00:00,31,0.0,16,56,358,7.4
Jesús de Machaca,2026-08-10 07:00:00,34,0.0,16,56,20,6.0
Jesús de Machaca,2026-08-10 07:00:00,37,0.0,10,56,35,4.6
Jesús de Machaca,2026-08-10 07:00:00,40,0.0,7,56,35,3.9
Jesús de Machaca,2026-08-10 07:00:00,43,0.0,-11,36,35,3.2
Jesús de Machaca,2026-08-10 07:00:00,46,0.0,-11,36,35,2.9
Jesús de Machaca,2026-08-10 07:00:00,49,0.0,3,36,28,2.7
Jesús de Machaca,2026-08-10 07:00:00,52,0.0,8,36,10,5.5
Jesús de Machaca,2026-08-10 07:00:00,55,0.0,17,36,345,8.5
Jesús de Machaca,2026-08-10 07:00:00,58,0.0,17,36,42,5.1
Jesús de Machaca,2026-08-10 07:00:00,61,0.0,8,36,94,1.9
Jesús de Machaca,2026-08-10 07:00:00,64,0.0,5,36,72,1.6
Jesús de Machaca,2026-08-10 07:00:00,67,0.0,-11,36,42,1.2
Jesús de Machaca,2026-08-10 07:00:00,70,0.0,-11,36,22,1.7
Jesús de Machaca,2026-08-10 07:00:00,73,0.0,4,36,17,1.4
Jesús de Machaca,2026-08-10 07:00:00,76,0.0,9,36,2,4.6
Jesús de Machaca,2026-08-10 07:00:00,79,0.0,16,56,345,7.7
Jesús de Machaca,2026-08-10 07:00:00,82,0.0,16,56,20,5.2
Jesús de Machaca,2026-08-10 07:00:00,85,0.0,7,57,52,2.5
Jesús de Machaca,2026-08-10 07:00:00,88,0.0,-11,56,75,2.0
Jesús de Machaca,2026-08-10 07:00:00,91,0.0,-11,55,93,1.5
Kocani,2026-08-10 07:00:00,1,0.0,2,56,6,1.7
Kocani,2026-08-10 07:00:00,4,0.0,7,56,344,5.4
Kocani,2026-08-10 07:00:00,7,0.0,12,56,320,9.1
Kocani,2026-08-10 07:00:00,10,0.0,12,56,340,6.5
Kocani,2026-08-10 07:00:00,13,0.0,4,56,354,3.9
Kocani,2026-08-10 07:00:00,16,0.0,-4,56,334,4.6
Kocani,2026-08-10 07:00:00,19,0.0,-5,56,314,5.2
Kocani,2026-08-10 07:00:00,22,2.4,-5,89,330,2.2
Kocani,2026-08-10 07:00:00,25,1.4,-3,89,313,1.8
Kocani,2026-08-10 07:00:00,28,2.9,2,90,313,3.4
Kocani,2026-08-10 07:00:00,31,0.0,10,56,303,5.0
Kocani,2026-08-10 07:00:00,34,0.0,10,56,312,3.6
Kocani,2026-08-10 07:00:00,37,3.0,6,89,316,2.1
Kocani,2026-08-10 07:00:00,40,2.6,3,89,340,1.9
Kocani,2026-08-10 07:00:00,43,0.0,-6,36,355,1.7
Kocani,2026-08-10 07:00:00,46,0.0,-6,36,332,4.7
Kocani,2026-08-10 07:00:00,49,0.0,1,37,332,4.6
Kocani,2026-08-10 07:00:00,52,0.0,4,37,319,7.8
Kocani,2026-08-10 07:00:00,55,2.2,11,89,299,11.0
Kocani,2026-08-10 07:00:00,58,3.0,11,89,289,8.4
Kocani,2026-08-10 07:00:00,61,0.0,7,36,279,5.8
Kocani,2026-08-10 07:00:00,64,0.0,4,35,289,4.4
Kocani,2026-08-10 07:00:00,67,0.0,-7,26,293,2.9
Kocani,2026-08-10 07:00:00,70,0.0,-7,26,343,2.9
Kocani,2026-08-10 07:00:00,73,0.0,-1,25,347,3.1
Kocani,2026-08-10 07:00:00,76,0.0,4,26,332,8.7
Kocani,2026-08-10 07:00:00,79,0.0,10,36,309,14.3
Kocani,2026-08-10 07:00:00,82,0.0,10,36,289,10.6
Kocani,2026-08-10 07:00:00,85,0.0,4,36,269,6.9
Kocani,2026-08-10 07:00:00,88,0.0,-7,37,320,5.1
Kocani,2026-08-10 07:00:00,91,0.0,-7,56,5,3.3
La Paz - Centro,2026-08-10 07:00:00,1,0.0,10,56,43,2.3
La Paz - Centro,2026-08-10 07:00:00,4,0.0,14,56,49,2.7
La Paz - Centro,2026-08-10 07:00:00,7,0.0,17,56,47,3.0
La Paz - Centro,2026-08-10 07:00:00,10,0.0,17,56,47,2.8
La Paz - Centro,2026-08-10 07:00:00,13,1.0,15,76,37,2.6
La Paz - Centro,2026-08-10 07:00:00,16,1.2,12,76,47,2.0
La Paz - Centro,2026-08-10 07:00:00,19,0.0,5,56,51,1.3
La Paz - Centro,2026-08-10 07:00:00,22,0.0,5,56,42,1.7
La Paz - Centro,2026-08-10 07:00:00,25,0.0,10,56,37,1.6
La Paz - Centro,2026-08-10 07:00:00,28,0.0,14,56,35,2.5
La Paz - Centro,2026-08-10 07:00:00,31,0.0,18,56,27,3.3
La Paz - Centro,2026-08-10 07:00:00,34,0.0,18,56,35,3.3
La Paz - Centro,2026-08-10 07:00:00,37,0.0,14,56,40,3.3
La Paz - Centro,2026-08-10 07:00:00,40,0.0,10,56,40,2.8
La Paz - Centro,2026-08-10 07:00:00,43,0.0,7,36,37,2.3
La Paz - Centro,2026-08-10 07:00:00,46,0.0,7,36,71,0.7
La Paz - Centro,2026-08-10 07:00:00,49,0.0,9,36,100,0.7
La Paz - Centro,2026-08-10 07:00:00,52,0.0,15,36,77,2.2
La Paz - Centro,2026-08-10 07:00:00,55,0.0,19,36,47,3.8
La Paz - Centro,2026-08-10 07:00:00,58,0.0,20,36,47,3.2
La Paz - Centro,2026-08-10 07:00:00,61,0.0,16,36,42,2.5
La Paz - Centro,2026-08-10 07:00:00,64,0.0,13,36,62,1.9
La Paz - Centro,2026-08-10 07:00:00,67,0.0,7,36,78,1.2
La Paz - Centro,2026-08-10 07:00:00,70,0.0,7,36,75,0.8
La Paz - Centro,2026-08-10 07:00:00,73,0.0,11,36,66,0.4
La Paz - Centro,2026-08-10 07:00:00,76,0.0,13,36,57,2.5
La Paz - Centro,2026-08-10 07:00:00,79,0.0,19,56,48,4.6
La Paz - Centro,2026-08-10 07:00:00,82,0.0,19,56,48,3.5
La Paz - Centro,2026-08-10 07:00:00,85,0.0,10,55,38,2.3
La Paz - Centro,2026-08-10 07:00:00,88,0.0,7,56,83,1.5
La Paz - Centro,2026-08-10 07:00:00,91,0.0,7,56,121,0.8
Laguna Colorada (GPRS),2026-08-10 07:00:00,1,0.0,-1,56,305,1.0
Laguna Colorada (GPRS),2026-08-10 07:00:00,4,0.0,2,56,288,3.7
Laguna Colorada (GPRS),2026-08-10 07:00:00,7,0.0,10,56,263,6.4
Laguna Colorada (GPRS),2026-08-10 07:00:00,10,0.0,10,56,260,4.4
Laguna Colorada (GPRS),2026-08-10 07:00:00,13,0.0,-1,56,250,2.6
Laguna Colorada (GPRS),2026-08-10 07:00:00,16,0.0,-6,56,243,2.0
Laguna Colorada (GPRS),2026-08-10 07:00:00,19,0.0,-11,56,233,1.4
Laguna Colorada (GPRS),2026-08-10 07:00:00,22,3.5,-11,90,35,1.3
Laguna Colorada (GPRS),2026-08-10 07:00:00,25,2.9,-5,90,340,1.4
Laguna Colorada (GPRS),2026-08-10 07:00:00,28,2.4,2,90,317,2.4
Laguna Colorada (GPRS),2026-08-10 07:00:00,31,0.0,8,55,293,3.4
Laguna Colorada (GPRS),2026-08-10 07:00:00,34,0.0,8,56,316,2.6
Laguna Colorada (GPRS),2026-08-10 07:00:00,37,3.3,2,90,336,1.8
Laguna Colorada (GPRS),2026-08-10 07:00:00,40,2.5,-3,89,303,1.9
Laguna Colorada (GPRS),2026-08-10 07:00:00,43,0.0,-11,37,263,2.0
Laguna Colorada (GPRS),2026-08-10 07:00:00,46,0.0,-10,36,273,2.4
Laguna Colorada (GPRS),2026-08-10 07:00:00,49,0.0,-4,36,253,2.5
Laguna Colorada (GPRS),2026-08-10 07:00:00,52,0.0,1,36,270,5.7
Laguna Colorada (GPRS),2026-08-10 07:00:00,55,3.4,9,89,280,8.9
Laguna Colorada (GPRS),2026-08-10 07:00:00,58,2.6,9,89,304,5.9
Laguna Colorada (GPRS),2026-08-10 07:00:00,61,0.0,5,36,322,2.8
Laguna Colorada (GPRS),2026-08-10 07:00:00,64,0.0,2,36,303,2.4
Laguna Colorada (GPRS),2026-08-10 07:00:00,67,0.0,-11,26,284,2.0
Laguna Colorada (GPRS),2026-08-10 07:00:00,70,0.0,-11,26,342,2.4
Laguna Colorada (GPRS),2026-08-10 07:00:00,73,0.0,-8,25,342,2.7
Laguna Colorada (GPRS),2026-08-10 07:00:00,76,0.0,-5,26,324,4.6
Laguna Colorada (GPRS),2026-08-10 07:00:00,79,0.0,9,36,299,6.4
Laguna Colorada (GPRS),2026-08-10 07:00:00,82,0.0,9,35,314,4.4
Laguna Colorada (GPRS),2026-08-10 07:00:00,85,0.0,-8,35,323,2.4
Laguna Colorada (GPRS),2026-08-10 07:00:00,88,0.0,-12,37,320,2.4
Laguna Colorada (GPRS),2026-08-10 07:00:00,91,0.0,-12,56,311,2.3
Magdalena,2026-08-10 07:00:00,1,0.0,22,56,302,1.2
Magdalena,2026-08-10 07:00:00,4,0.0,26,57,269,1.6
Magdalena,2026-08-10 07:00:00,7,1.2,32,89,230,2.1
Magdalena,2026-08-10 07:00:00,10,2.0,32,89,227,2.6
Magdalena,2026-08-10 07:00:00,13,0.0,26,56,224,3.2
Magdalena,2026-08-10 07:00:00,16,0.0,21,56,215,4.0
Magdalena,2026-08-10 07:00:00,19,0.0,18,56,200,4.8
Magdalena,2026-08-10 07:00:00,22,2.1,18,89,190,4.9
Magdalena,2026-08-10 07:00:00,25,2.9,20,89,170,5.1
Magdalena,2026-08-10 07:00:00,28,2.7,23,89,170,4.7
Magdalena,2026-08-10 07:00:00,31,0.0,29,56,166,4.5
Magdalena,2026-08-10 07:00:00,34,0.0,29,56,200,4.2
Magdalena,2026-08-10 07:00:00,37,0.0,25,36,230,3.8
Magdalena,2026-08-10 07:00:00,40,0.0,22,36,210,3.1
Magdalena,2026-08-10 07:00:00,43,0.0,20,26,190,2.4
Magdalena,2026-08-10 07:00:00,46,0.0,20,26,174,2.5
Magdalena,2026-08-10 07:00:00,49,0.0,23,26,154,2.1
Magdalena,2026-08-10 07:00:00,52,0.0,25,26,214,2.2
Magdalena,2026-08-10 07:00:00,55,0.0,30,36,264,2.3
Magdalena,2026-08-10 07:00:00,58,0.0,30,36,242,2.0
Magdalena,2026-08-10 07:00:00,61,0.0,27,26,215,1.8
Magdalena,2026-08-10 07:00:00,64,0.0,24,26,281,1.7
Magdalena,2026-08-10 07:00:00,67,0.0,20,36,339,1.5
Magdalena,2026-08-10 07:00:00,70,0.0,20,36,6,2.4
Magdalena,2026-08-10 07:00:00,73,0.0,24,36,353,3.3
Magdalena,2026-08-10 07:00:00,76,0.0,26,36,333,3.7
Magdalena,2026-08-10 07:00:00,79,0.0,31,56,310,4.2
Magdalena,2026-08-10 07:00:00,82,0.0,31,56,318,3.0
Magdalena,2026-08-10 07:00:00,85,0.0,28,36,321,1.8
Magdalena,2026-08-10 07:00:00,88,0.0,20,36,323,2.3
Magdalena,2026-08-10 07:00:00,91,0.0,20,56,320,2.9
Mecapaca,2026-08-10 07:00:00,1,0.0,10,56,63,3.0
Mecapaca,2026-08-10 07:00:00,4,0.0,14,56,63,3.3
Mecapaca,2026-08-10 07:00:00,7,0.0,24,56,63,3.5
Mecapaca,2026-08-10 07:00:00,10,0.0,24,55,63,3.4
Mecapaca,2026-08-10 07:00:00,13,1.1,15,76,55,3.2
Mecapaca,2026-08-10 07:00:00,16,0.9,11,76,64,2.8
Mecapaca,2026-08-10 07:00:00,19,0.0,8,56,64,2.4
Mecapaca,2026-08-10 07:00:00,22,0.0,7,56,63,2.6
Mecapaca,2026-08-10 07:00:00,25,0.0,14,56,55,2.2
Mecapaca,2026-08-10 07:00:00,28,0.0,18,56,55,3.1
Mecapaca,2026-08-10 07:00:00,31,0.0,25,56,55,4.0
Mecapaca,2026-08-10 07:00:00,34,0.0,25,56,64,3.7
Mecapaca,2026-08-10 07:00:00,37,0.0,19,57,64,3.4
Mecapaca,2026-08-10 07:00:00,40,0.0,15,56,65,3.1
Mecapaca,2026-08-10 07:00:00,43,0.0,8,36,65,2.9
Mecapaca,2026-08-10 07:00:00,46,0.0,8,36,70,2.1
Mecapaca,2026-08-10 07:00:00,49,0.0,12,36,66,2.1
Mecapaca,2026-08-10 07:00:00,52,0.0,18,36,70,3.4
Mecapaca,2026-08-10 07:00:00,55,0.0,26,36,70,4.6
Mecapaca,2026-08-10 07:00:00,58,0.0,26,36,74,4.0
Mecapaca,2026-08-10 07:00:00,61,0.0,21,35,73,3.4
Mecapaca,2026-08-10 07:00:00,64,0.0,17,36,88,2.5
Mecapaca,2026-08-10 07:00:00,67,0.0,7,36,98,1.6
Mecapaca,2026-08-10 07:00:00,70,0.0,6,37,78,1.4
Mecapaca,2026-08-10 07:00:00,73,0.0,13,36,74,1.2
Mecapaca,2026-08-10 07:00:00,76,0.0,15,36,75,3.0
Mecapaca,2026-08-10 07:00:00,79,0.0,24,56,75,4.8
Mecapaca,2026-08-10 07:00:00,82,0.0,24,56,74,4.3
Mecapaca,2026-08-10 07:00:00,85,0.0,12,56,73,3.8
Mecapaca,2026-08-10 07:00:00,88,0.0,6,57,78,2.7
Mecapaca,2026-08-10 07:00:00,91,0.0,6,56,83,1.6
Misicuni-Sivingani,2026-08-10 07:00:00,1,0.0,6,56,337,4.4
Misicuni-Sivingani,2026-08-10 07:00:00,4,0.0,8,56,338,4.6
Misicuni-Sivingani,2026-08-10 07:00:00,7,0.0,12,57,330,4.8
Misicuni-Sivingani,2026-08-10 07:00:00,10,0.0,12,56,331,3.9
Misicuni-Sivingani,2026-08-10 07:00:00,13,0.0,9,56,331,3.0
Misicuni-Sivingani,2026-08-10 07:00:00,16,0.0,5,57,331,3.1
Misicuni-Sivingani,2026-08-10 07:00:00,19,0.0,-2,56,329,3.2
Misicuni-Sivingani,2026-08-10 07:00:00,22,1.1,-2,89,337,3.7
Misicuni-Sivingani,2026-08-10 07:00:00,25,2.8,5,89,337,3.9
Misicuni-Sivingani,2026-08-10 07:00:00,28,2.8,9,89,329,4.9
Misicuni-Sivingani,2026-08-10 07:00:00,31,2.8,14,89,321,5.9
Misicuni-Sivingani,2026-08-10 07:00:00,34,2.8,14,89,322,5.4
Misicuni-Sivingani,2026-08-10 07:00:00,37,0.0,10,57,322,4.8
Misicuni-Sivingani,2026-08-10 07:00:00,40,0.0,7,56,329,4.8
Misicuni-Sivingani,2026-08-10 07:00:00,43,0.0,-2,56,328,4.9
Misicuni-Sivingani,2026-08-10 07:00:00,46,0.0,-2,55,337,4.8
Misicuni-Sivingani,2026-08-10 07:00:00,49,0.0,5,55,328,4.9
Misicuni-Sivingani,2026-08-10 07:00:00,52,0.0,8,56,329,5.7
Misicuni-Sivingani,2026-08-10 07:00:00,55,2.9,15,89,329,6.4
Misicuni-Sivingani,2026-08-10 07:00:00,58,2.2,15,89,331,5.4
Misicuni-Sivingani,2026-08-10 07:00:00,61,0.0,12,55,331,4.3
Misicuni-Sivingani,2026-08-10 07:00:00,64,0.0,8,55,338,4.4
Misicuni-Sivingani,2026-08-10 07:00:00,67,0.0,-1,27,336,4.4
Misicuni-Sivingani,2026-08-10 07:00:00,70,0.0,0,26,327,4.1
Misicuni-Sivingani,2026-08-10 07:00:00,73,0.0,5,26,318,4.0
Misicuni-Sivingani,2026-08-10 07:00:00,76,0.0,8,26,321,5.2
Misicuni-Sivingani,2026-08-10 07:00:00,79,0.0,16,36,321,6.4
Misicuni-Sivingani,2026-08-10 07:00:00,82,0.0,16,35,321,5.5
Misicuni-Sivingani,2026-08-10 07:00:00,85,0.0,7,36,321,4.6
Misicuni-Sivingani,2026-08-10 07:00:00,88,0.0,-1,36,321,4.5
Misicuni-Sivingani,2026-08-10 07:00:00,91,0.0,-1,56,319,4.4
Mizque,2026-08-10 07:00:00,1,0.0,14,56,331,0.8
Mizque,2026-08-10 07:00:00,4,0.0,17,56,23,3.3
Mizque,2026-08-10 07:00:00,7,1.0,29,88,72,5.8
Mizque,2026-08-10 07:00:00,10,2.4,29,88,83,3.9
Mizque,2026-08-10 07:00:00,13,0.0,17,56,90,2.1
Mizque,2026-08-10 07:00:00,16,0.0,11,57,100,1.8
Mizque,2026-08-10 07:00:00,19,0.0,4,57,102,1.4
Mizque,2026-08-10 07:00:00,22,0.0,4,57,52,0.9
Mizque,2026-08-10 07:00:00,25,0.0,12,56,15,0.8
Mizque,2026-08-10 07:00:00,28,0.0,16,57,42,3.0
Mizque,2026-08-10 07:00:00,31,0.0,33,57,63,5.1
Mizque,2026-08-10 07:00:00,34,0.0,33,56,50,3.3
Mizque,2026-08-10 07:00:00,37,0.0,17,57,27,1.5
Mizque,2026-08-10 07:00:00,40,0.0,12,56,0,1.4
Mizque,2026-08-10 07:00:00,43,0.0,4,36,330,1.2
Mizque,2026-08-10 07:00:00,46,0.0,4,36,308,1.6
Mizque,2026-08-10 07:00:00,49,0.0,13,36,298,1.3
Mizque,2026-08-10 07:00:00,52,0.0,19,36,338,3.5
Mizque,2026-08-10 07:00:00,55,0.0,34,36,10,5.7
Mizque,2026-08-10 07:00:00,58,0.0,34,36,10,4.1
Mizque,2026-08-10 07:00:00,61,0.0,25,36,10,2.4
Mizque,2026-08-10 07:00:00,64,0.0,23,36,340,2.0
Mizque,2026-08-10 07:00:00,67,0.0,3,27,310,1.6
Mizque,2026-08-10 07:00:00,70,0.0,3,26,318,1.5
Mizque,2026-08-10 07:00:00,73,0.0,14,26,308,1.3
Mizque,2026-08-10 07:00:00,76,0.0,19,26,348,3.7
Mizque,2026-08-10 07:00:00,79,0.0,33,35,17,6.2
Mizque,2026-08-10 07:00:00,82,0.0,33,36,25,3.8
Mizque,2026-08-10 07:00:00,85,0.0,16,37,25,1.4
Mizque,2026-08-10 07:00:00,88,0.0,3,36,358,1.3
Mizque,2026-08-10 07:00:00,91,0.0,3,55,328,1.1
Monteagudo,2026-08-10 07:00:00,1,0.0,16,57,177,1.9
Monteagudo,2026-08-10 07:00:00,4,0.0,17,56,157,2.3
Monteagudo,2026-08-10 07:00:00,7,0.0,20,56,137,2.7
Monteagudo,2026-08-10 07:00:00,10,0.0,20,56,144,2.4
Monteagudo,2026-08-10 07:00:00,13,0.0,18,56,143,2.0
Monteagudo,2026-08-10 07:00:00,16,0.0,16,57,175,2.3
Monteagudo,2026-08-10 07:00:00,19,0.0,14,56,208,2.6
Monteagudo,2026-08-10 07:00:00,22,0.0,14,56,175,1.0
Monteagudo,2026-08-10 07:00:00,25,0.0,17,56,175,1.0
Monteagudo,2026-08-10 07:00:00,28,0.0,20,56,120,2.2
Monteagudo,2026-08-10 07:00:00,31,0.0,24,37,58,3.4
Monteagudo,2026-08-10 07:00:00,34,0.0,24,36,84,2.0
Monteagudo,2026-08-10 07:00:00,37,0.0,21,36,110,0.7
Monteagudo,2026-08-10 07:00:00,40,0.0,18,36,8,0.8
Monteagudo,2026-08-10 07:00:00,43,0.0,14,26,283,0.9
Monteagudo,2026-08-10 07:00:00,46,0.0,14,26,313,1.1
Monteagudo,2026-08-10 07:00:00,49,0.0,19,26,9,1.3
Monteagudo,2026-08-10 07:00:00,52,0.0,23,26,28,3.8
Monteagudo,2026-08-10 07:00:00,55,0.0,27,26,38,6.4
Monteagudo,2026-08-10 07:00:00,58,0.0,27,26,101,4.2
Monteagudo,2026-08-10 07:00:00,61,0.0,23,36,164,2.1
Monteagudo,2026-08-10 07:00:00,64,0.0,20,36,181,1.8
Monteagudo,2026-08-10 07:00:00,67,0.0,15,56,198,1.4
Monteagudo,2026-08-10 07:00:00,70,0.0,14,56,157,1.0
Monteagudo,2026-08-10 07:00:00,73,0.0,16,56,121,0.6
Monteagudo,2026-08-10 07:00:00,76,0.0,21,55,92,2.6
Monteagudo,2026-08-10 07:00:00,79,0.0,24,56,62,4.7
Monteagudo,2026-08-10 07:00:00,82,0.0,23,56,122,3.0
Monteagudo,2026-08-10 07:00:00,85,0.0,16,56,175,1.4
Monteagudo,2026-08-10 07:00:00,88,0.0,14,56,206,1.0
Monteagudo,2026-08-10 07:00:00,91,0.0,13,56,243,0.6
Orinoca,2026-08-10 07:00:00,1,0.0,3,56,350,6.6
Orinoca,2026-08-10 07:00:00,4,0.0,10,56,356,7.5
Orinoca,2026-08-10 07:00:00,7,0.0,14,56,356,8.4
Orinoca,2026-08-10 07:00:00,10,0.0,14,56,356,9.1
Orinoca,2026-08-10 07:00:00,13,1.8,8,89,350,9.8
Orinoca,2026-08-10 07:00:00,16,2.6,2,90,350,8.0
Orinoca,2026-08-10 07:00:00,19,0.0,-6,56,340,6.1
Orinoca,2026-08-10 07:00:00,22,0.0,-6,56,52,4.0
Orinoca,2026-08-10 07:00:00,25,0.0,6,57,352,5.1
Orinoca,2026-08-10 07:00:00,28,0.0,9,56,348,6.1
Orinoca,2026-08-10 07:00:00,31,0.0,15,56,338,7.0
Orinoca,2026-08-10 07:00:00,34,0.0,15,56,350,8.8
Orinoca,2026-08-10 07:00:00,37,0.0,9,56,360,10.4
Orinoca,2026-08-10 07:00:00,40,0.0,7,55,360,9.4
Orinoca,2026-08-10 07:00:00,43,0.0,-5,36,360,8.5
Orinoca,2026-08-10 07:00:00,46,0.0,-5,35,360,6.2
Orinoca,2026-08-10 07:00:00,49,0.0,3,36,360,6.1
Orinoca,2026-08-10 07:00:00,52,0.0,9,36,330,7.7
Orinoca,2026-08-10 07:00:00,55,0.0,14,57,292,9.3
Orinoca,2026-08-10 07:00:00,58,0.0,14,56,282,8.0
Orinoca,2026-08-10 07:00:00,61,0.0,9,55,270,6.7
Orinoca,2026-08-10 07:00:00,64,0.0,7,56,202,4.2
Orinoca,2026-08-10 07:00:00,67,0.0,-6,36,132,1.6
Orinoca,2026-08-10 07:00:00,70,0.0,-6,36,61,2.3
Orinoca,2026-08-10 07:00:00,73,0.0,4,37,354,2.8
Orinoca,2026-08-10 07:00:00,76,0.0,9,35,324,4.7
Orinoca,2026-08-10 07:00:00,79,0.0,14,35,285,6.7
Orinoca,2026-08-10 07:00:00,82,0.0,14,36,264,5.8
Orinoca,2026-08-10 07:00:00,85,0.0,9,55,240,4.8
Orinoca,2026-08-10 07:00:00,88,0.0,-6,56,190,3.4
Orinoca,2026-08-10 07:00:00,91,0.0,-6,57,140,2.0
Oruro - Aeropuerto,2026-08-10 07:00:00,1,0.0,2,56,43,2.8
Oruro - Aeropuerto,2026-08-10 07:00:00,4,0.0,8,56,22,5.0
Oruro - Aeropuerto,2026-08-10 07:00:00,7,0.0,17,56,358,7.2
Oruro - Aeropuerto,2026-08-10 07:00:00,10,0.0,17,56,18,6.7
Oruro - Aeropuerto,2026-08-10 07:00:00,13,1.3,6,89,30,6.1
Oruro - Aeropuerto,2026-08-10 07:00:00,16,2.1,1,89,30,5.2
Oruro - Aeropuerto,2026-08-10 07:00:00,19,0.0,-7,56,20,4.2
Oruro - Aeropuerto,2026-08-10 07:00:00,22,0.0,-7,56,19,3.3
Oruro - Aeropuerto,2026-08-10 07:00:00,25,0.0,5,57,6,3.7
Oruro - Aeropuerto,2026-08-10 07:00:00,28,0.0,8,56,6,5.5
Oruro - Aeropuerto,2026-08-10 07:00:00,31,0.0,17,56,360,7.3
Oruro - Aeropuerto,2026-08-10 07:00:00,34,0.0,17,55,10,6.8
Oruro - Aeropuerto,2026-08-10 07:00:00,37,0.0,10,57,20,6.3
Oruro - Aeropuerto,2026-08-10 07:00:00,40,0.0,6,55,20,6.1
Oruro - Aeropuerto,2026-08-10 07:00:00,43,0.0,-6,36,10,5.7
Oruro - Aeropuerto,2026-08-10 07:00:00,46,0.0,-6,36,25,2.4
Oruro - Aeropuerto,2026-08-10 07:00:00,49,0.0,3,36,17,2.4
Oruro - Aeropuerto,2026-08-10 07:00:00,52,0.0,9,36,345,5.8
Oruro - Aeropuerto,2026-08-10 07:00:00,55,0.0,17,56,310,9.3
Oruro - Aeropuerto,2026-08-10 07:00:00,58,0.0,17,56,295,5.4
Oruro - Aeropuerto,2026-08-10 07:00:00,61,0.0,13,56,277,1.6
Oruro - Aeropuerto,2026-08-10 07:00:00,64,0.0,7,56,252,1.6
Oruro - Aeropuerto,2026-08-10 07:00:00,67,0.0,-7,36,226,1.7
Oruro - Aeropuerto,2026-08-10 07:00:00,70,0.0,-7,36,153,1.5
Oruro - Aeropuerto,2026-08-10 07:00:00,73,0.0,4,36,9,1.5
Oruro - Aeropuerto,2026-08-10 07:00:00,76,0.0,10,36,331,4.7
Oruro - Aeropuerto,2026-08-10 07:00:00,79,0.0,18,36,290,7.8
Oruro - Aeropuerto,2026-08-10 07:00:00,82,0.0,18,36,342,4.9
Oruro - Aeropuerto,2026-08-10 07:00:00,85,0.0,7,57,27,1.9
Oruro - Aeropuerto,2026-08-10 07:00:00,88,0.0,-7,56,335,1.9
Oruro - Aeropuerto,2026-08-10 07:00:00,91,0.0,-7,56,244,1.8
Oruro - Ciudad,2026-08-10 07:00:00,1,0.0,5,56,350,5.6
Oruro - Ciudad,2026-08-10 07:00:00,4,0.0,9,56,360,6.4
Oruro - Ciudad,2026-08-10 07:00:00,7,0.0,18,55,3,7.2
Oruro - Ciudad,2026-08-10 07:00:00,10,0.0,18,55,11,6.9
Oruro - Ciudad,2026-08-10 07:00:00,13,2.0,8,89,11,6.8
Oruro - Ciudad,2026-08-10 07:00:00,16,1.7,3,89,11,5.8
Oruro - Ciudad,2026-08-10 07:00:00,19,0.0,-5,56,1,4.7
Oruro - Ciudad,2026-08-10 07:00:00,22,0.0,-5,56,10,4.0
Oruro - Ciudad,2026-08-10 07:00:00,25,0.0,5,56,10,4.1
Oruro - Ciudad,2026-08-10 07:00:00,28,0.0,9,56,360,5.4
Oruro - Ciudad,2026-08-10 07:00:00,31,0.0,17,56,347,6.7
Oruro - Ciudad,2026-08-10 07:00:00,34,0.0,17,56,7,7.6
Oruro - Ciudad,2026-08-10 07:00:00,37,0.0,10,56,20,8.4
Oruro - Ciudad,2026-08-10 07:00:00,40,0.0,6,56,10,6.9
Oruro - Ciudad,2026-08-10 07:00:00,43,0.0,-4,36,358,5.3
Oruro - Ciudad,2026-08-10 07:00:00,46,0.0,-4,36,348,5.1
Oruro - Ciudad,2026-08-10 07:00:00,49,0.0,3,36,338,5.0
Oruro - Ciudad,2026-08-10 07:00:00,52,0.0,9,36,337,7.0
Oruro - Ciudad,2026-08-10 07:00:00,55,0.0,18,55,329,9.0
Oruro - Ciudad,2026-08-10 07:00:00,58,0.0,18,56,336,6.5
Oruro - Ciudad,2026-08-10 07:00:00,61,0.0,15,56,337,3.9
Oruro - Ciudad,2026-08-10 07:00:00,64,0.0,11,56,313,2.8
Oruro - Ciudad,2026-08-10 07:00:00,67,0.0,-5,36,283,1.8
Oruro - Ciudad,2026-08-10 07:00:00,70,0.0,-5,36,341,1.7
Oruro - Ciudad,2026-08-10 07:00:00,73,0.0,4,36,351,2.3
Oruro - Ciudad,2026-08-10 07:00:00,76,0.0,10,36,334,4.7
Oruro - Ciudad,2026-08-10 07:00:00,79,0.0,17,36,312,7.2
Oruro - Ciudad,2026-08-10 07:00:00,82,0.0,17,36,322,5.8
Oruro - Ciudad,2026-08-10 07:00:00,85,0.0,8,55,330,4.4
Oruro - Ciudad,2026-08-10 07:00:00,88,0.0,-5,56,289,3.3
Oruro - Ciudad,2026-08-10 07:00:00,91,0.0,-5,55,245,2.1
Pailon - Pozo del Tigre,2026-08-10 07:00:00,1,1.5,19,89,180,5.4
Pailon - Pozo del Tigre,2026-08-10 07:00:00,4,2.4,21,89,180,5.4
Pailon - Pozo del Tigre,2026-08-10 07:00:00,7,1.6,23,89,170,5.3
Pailon - Pozo del Tigre,2026-08-10 07:00:00,10,1.2,23,89,180,6.2
Pailon - Pozo del Tigre,2026-08-10 07:00:00,13,0.0,20,56,180,7.2
Pailon - Pozo del Tigre,2026-08-10 07:00:00,16,0.0,18,56,180,6.8
Pailon - Pozo del Tigre,2026-08-10 07:00:00,19,0.0,14,56,180,6.5
Pailon - Pozo del Tigre,2026-08-10 07:00:00,22,0.0,14,56,170,4.9
Pailon - Pozo del Tigre,2026-08-10 07:00:00,25,0.0,18,56,160,4.5
Pailon - Pozo del Tigre,2026-08-10 07:00:00,28,0.0,20,55,170,3.3
Pailon - Pozo del Tigre,2026-08-10 07:00:00,31,0.0,24,36,170,2.0
Pailon - Pozo del Tigre,2026-08-10 07:00:00,34,0.0,24,36,148,1.5
Pailon - Pozo del Tigre,2026-08-10 07:00:00,37,0.0,21,36,124,1.0
Pailon - Pozo del Tigre,2026-08-10 07:00:00,40,0.0,19,37,150,1.1
Pailon - Pozo del Tigre,2026-08-10 07:00:00,43,0.0,16,26,172,1.2
Pailon - Pozo del Tigre,2026-08-10 07:00:00,46,0.0,16,26,291,1.0
Pailon - Pozo del Tigre,2026-08-10 07:00:00,49,0.0,20,26,300,1.2
Pailon - Pozo del Tigre,2026-08-10 07:00:00,52,0.0,22,25,320,3.2
Pailon - Pozo del Tigre,2026-08-10 07:00:00,55,0.0,27,26,333,5.3
Pailon - Pozo del Tigre,2026-08-10 07:00:00,58,0.0,27,26,333,4.4
Pailon - Pozo del Tigre,2026-08-10 07:00:00,61,0.0,23,26,324,3.5
Pailon - Pozo del Tigre,2026-08-10 07:00:00,64,0.0,20,27,314,3.0
Pailon - Pozo del Tigre,2026-08-10 07:00:00,67,0.0,16,56,300,2.3
Pailon - Pozo del Tigre,2026-08-10 07:00:00,70,0.0,16,56,257,3.3
Pailon - Pozo del Tigre,2026-08-10 07:00:00,73,0.0,20,56,197,4.1
Pailon - Pozo del Tigre,2026-08-10 07:00:00,76,0.0,21,56,260,3.2
Pailon - Pozo del Tigre,2026-08-10 07:00:00,79,0.0,25,57,313,2.4
Pailon - Pozo del Tigre,2026-08-10 07:00:00,82,0.0,25,57,19,2.5
Pailon - Pozo del Tigre,2026-08-10 07:00:00,85,0.0,22,36,75,2.5
Pailon - Pozo del Tigre,2026-08-10 07:00:00,88,0.0,16,37,126,3.0
Pailon - Pozo del Tigre,2026-08-10 07:00:00,91,0.0,16,56,171,3.6
Palos Blancos,2026-08-10 07:00:00,1,3.2,22,88,168,0.7
Palos Blancos,2026-08-10 07:00:00,4,2.1,24,88,243,1.0
Palos Blancos,2026-08-10 07:00:00,7,3.1,28,89,308,1.4
Palos Blancos,2026-08-10 07:00:00,10,3.1,28,89,2,1.0
Palos Blancos,2026-08-10 07:00:00,13,1.3,24,89,99,0.5
Palos Blancos,2026-08-10 07:00:00,16,2.4,21,89,99,0.3
Palos Blancos,2026-08-10 07:00:00,19,0.0,18,56,89,0.2
Palos Blancos,2026-08-10 07:00:00,22,0.0,18,56,167,0.6
Palos Blancos,2026-08-10 07:00:00,25,0.0,20,56,161,0.3
Palos Blancos,2026-08-10 07:00:00,28,0.0,22,56,116,0.3
Palos Blancos,2026-08-10 07:00:00,31,0.0,29,56,68,0.4
Palos Blancos,2026-08-10 07:00:00,34,0.0,29,56,121,0.6
Palos Blancos,2026-08-10 07:00:00,37,0.0,23,55,165,0.8
Palos Blancos,2026-08-10 07:00:00,40,0.0,21,57,183,0.7
Palos Blancos,2026-08-10 07:00:00,43,0.0,20,36,193,0.7
Palos Blancos,2026-08-10 07:00:00,46,0.0,20,36,193,0.8
Palos Blancos,2026-08-10 07:00:00,49,0.0,21,37,203,0.6
Palos Blancos,2026-08-10 07:00:00,52,0.0,25,35,276,1.0
Palos Blancos,2026-08-10 07:00:00,55,0.0,30,36,346,1.5
Palos Blancos,2026-08-10 07:00:00,58,0.0,30,36,51,1.2
Palos Blancos,2026-08-10 07:00:00,61,0.0,23,36,114,0.9
Palos Blancos,2026-08-10 07:00:00,64,0.0,22,36,141,0.9
Palos Blancos,2026-08-10 07:00:00,67,0.0,20,36,167,0.9
Palos Blancos,2026-08-10 07:00:00,70,0.0,20,36,175,1.0
Palos Blancos,2026-08-10 07:00:00,73,0.0,21,37,183,0.7
Palos Blancos,2026-08-10 07:00:00,76,0.0,25,36,261,1.4
Palos Blancos,2026-08-10 07:00:00,79,0.0,30,56,331,2.0
Palos Blancos,2026-08-10 07:00:00,82,0.0,30,56,309,1.7
Palos Blancos,2026-08-10 07:00:00,85,0.0,22,56,156,1.4
Palos Blancos,2026-08-10 07:00:00,88,0.0,20,56,157,1.3
Palos Blancos,2026-08-10 07:00:00,91,0.0,20,57,157,1.1
Paniagua_M (GPRS),2026-08-10 07:00:00,1,2.1,21,89,256,0.8
Paniagua_M (GPRS),2026-08-10 07:00:00,4,1.9,24,89,244,1.0
Paniagua_M (GPRS),2026-08-10 07:00:00,7,1.8,28,89,228,1.3
Paniagua_M (GPRS),2026-08-10 07:00:00,10,2.6,28,89,245,1.3
Paniagua_M (GPRS),2026-08-10 07:00:00,13,3.2,26,89,259,1.4
Paniagua_M (GPRS),2026-08-10 07:00:00,16,2.3,23,89,249,1.2
Paniagua_M (GPRS),2026-08-10 07:00:00,19,0.0,16,56,237,0.9
Paniagua_M (GPRS),2026-08-10 07:00:00,22,0.0,16,56,230,0.8
Paniagua_M (GPRS),2026-08-10 07:00:00,25,0.0,24,56,229,0.3
Paniagua_M (GPRS),2026-08-10 07:00:00,28,0.0,26,56,192,1.1
Paniagua_M (GPRS),2026-08-10 07:00:00,31,0.0,29,56,65,2.0
Paniagua_M (GPRS),2026-08-10 07:00:00,34,0.0,29,57,140,1.5
Paniagua_M (GPRS),2026-08-10 07:00:00,37,0.0,24,56,208,0.9
Paniagua_M (GPRS),2026-08-10 07:00:00,40,0.0,22,56,237,1.1
Paniagua_M (GPRS),2026-08-10 07:00:00,43,0.0,17,36,259,1.2
Paniagua_M (GPRS),2026-08-10 07:00:00,46,0.0,17,36,259,1.2
Paniagua_M (GPRS),2026-08-10 07:00:00,49,0.0,22,36,259,0.7
Paniagua_M (GPRS),2026-08-10 07:00:00,52,0.0,25,36,342,1.1
Paniagua_M (GPRS),2026-08-10 07:00:00,55,0.0,30,36,57,1.5
Paniagua_M (GPRS),2026-08-10 07:00:00,58,0.0,30,37,142,1.5
Paniagua_M (GPRS),2026-08-10 07:00:00,61,0.0,25,37,222,1.6
Paniagua_M (GPRS),2026-08-10 07:00:00,64,0.0,22,36,239,1.5
Paniagua_M (GPRS),2026-08-10 07:00:00,67,0.0,18,36,252,1.4
Paniagua_M (GPRS),2026-08-10 07:00:00,70,0.0,18,36,254,0.9
Paniagua_M (GPRS),2026-08-10 07:00:00,73,0.0,20,36,254,0.4
Paniagua_M (GPRS),2026-08-10 07:00:00,76,0.0,22,36,298,0.8
Paniagua_M (GPRS),2026-08-10 07:00:00,79,0.0,29,56,336,1.1
Paniagua_M (GPRS),2026-08-10 07:00:00,82,0.0,29,56,289,1.2
Paniagua_M (GPRS),2026-08-10 07:00:00,85,0.0,20,56,237,1.2
Paniagua_M (GPRS),2026-08-10 07:00:00,88,0.0,18,56,242,1.4
Paniagua_M (GPRS),2026-08-10 07:00:00,91,0.0,18,56,242,1.5
Patacamaya (INIAF),2026-08-10 07:00:00,1,0.0,1,57,9,4.5
Patacamaya (INIAF),2026-08-10 07:00:00,4,0.0,4,56,19,5.2
Patacamaya (INIAF),2026-08-10 07:00:00,7,0.0,18,57,19,5.8
Patacamaya (INIAF),2026-08-10 07:00:00,10,0.0,18,56,19,5.4
Patacamaya (INIAF),2026-08-10 07:00:00,13,1.2,5,76,19,4.9
Patacamaya (INIAF),2026-08-10 07:00:00,16,0.5,4,75,19,4.5
Patacamaya (INIAF),2026-08-10 07:00:00,19,0.0,-3,56,19,4.2
Patacamaya (INIAF),2026-08-10 07:00:00,22,0.0,-3,56,20,3.8
Patacamaya (INIAF),2026-08-10 07:00:00,25,0.0,3,56,10,3.9
Patacamaya (INIAF),2026-08-10 07:00:00,28,0.0,6,57,10,4.5
Patacamaya (INIAF),2026-08-10 07:00:00,31,0.0,19,57,9,5.1
Patacamaya (INIAF),2026-08-10 07:00:00,34,0.0,19,56,19,4.8
Patacamaya (INIAF),2026-08-10 07:00:00,37,0.0,11,55,19,4.3
Patacamaya (INIAF),2026-08-10 07:00:00,40,0.0,6,57,19,4.7
Patacamaya (INIAF),2026-08-10 07:00:00,43,0.0,-4,36,9,5.1
Patacamaya (INIAF),2026-08-10 07:00:00,46,0.0,-4,36,9,4.4
Patacamaya (INIAF),2026-08-10 07:00:00,49,0.0,2,35,9,4.6
Patacamaya (INIAF),2026-08-10 07:00:00,52,0.0,7,35,9,6.4
Patacamaya (INIAF),2026-08-10 07:00:00,55,0.0,20,36,8,8.3
Patacamaya (INIAF),2026-08-10 07:00:00,58,0.0,20,36,20,6.2
Patacamaya (INIAF),2026-08-10 07:00:00,61,0.0,15,36,30,4.0
Patacamaya (INIAF),2026-08-10 07:00:00,64,0.0,12,36,20,3.5
Patacamaya (INIAF),2026-08-10 07:00:00,67,0.0,-4,36,1,2.9
Patacamaya (INIAF),2026-08-10 07:00:00,70,0.0,-4,37,1,2.9
Patacamaya (INIAF),2026-08-10 07:00:00,73,0.0,3,37,1,2.6
Patacamaya (INIAF),2026-08-10 07:00:00,76,0.0,8,36,10,5.1
Patacamaya (INIAF),2026-08-10 07:00:00,79,0.0,19,55,17,7.6
Patacamaya (INIAF),2026-08-10 07:00:00,82,0.0,19,56,19,6.1
Patacamaya (INIAF),2026-08-10 07:00:00,85,0.0,5,57,12,4.6
Patacamaya (INIAF),2026-08-10 07:00:00,88,0.0,-4,56,11,3.4
Patacamaya (INIAF),2026-08-10 07:00:00,91,0.0,-4,55,10,2.3
Potosí,2026-08-10 07:00:00,1,0.0,4,56,345,4.3
Potosí,2026-08-10 07:00:00,4,0.0,8,57,355,5.5
Potosí,2026-08-10 07:00:00,7,0.0,20,56,355,6.7
Potosí,2026-08-10 07:00:00,10,0.0,20,56,5,4.9
Potosí,2026-08-10 07:00:00,13,0.9,7,76,15,3.2
Potosí,2026-08-10 07:00:00,16,0.5,-2,75,5,3.2
Potosí,2026-08-10 07:00:00,19,0.0,-4,56,355,3.2
Potosí,2026-08-10 07:00:00,22,0.0,-4,56,318,2.0
Potosí,2026-08-10 07:00:00,25,0.0,4,56,6,2.5
Potosí,2026-08-10 07:00:00,28,0.0,8,56,357,5.3
Potosí,2026-08-10 07:00:00,31,2.6,18,89,347,8.2
Potosí,2026-08-10 07:00:00,34,2.5,18,89,354,5.5
Potosí,2026-08-10 07:00:00,37,0.0,13,56,356,3.0
Potosí,2026-08-10 07:00:00,40,0.0,9,56,355,3.2
Potosí,2026-08-10 07:00:00,43,0.0,-6,36,345,3.5
Potosí,2026-08-10 07:00:00,46,0.0,-5,36,330,3.9
Potosí,2026-08-10 07:00:00,49,0.0,3,36,323,4.0
Potosí,2026-08-10 07:00:00,52,0.0,8,36,323,7.7
Potosí,2026-08-10 07:00:00,55,0.0,19,36,313,11.4
Potosí,2026-08-10 07:00:00,58,0.0,19,36,300,6.8
Potosí,2026-08-10 07:00:00,61,0.0,7,36,284,2.2
Potosí,2026-08-10 07:00:00,64,0.0,5,35,308,2.6
Potosí,2026-08-10 07:00:00,67,0.0,-6,36,328,3.1
Potosí,2026-08-10 07:00:00,70,0.0,-6,36,318,2.7
Potosí,2026-08-10 07:00:00,73,0.0,4,36,328,2.7
Potosí,2026-08-10 07:00:00,76,0.0,8,36,320,7.0
Potosí,2026-08-10 07:00:00,79,0.0,18,36,307,11.3
Potosí,2026-08-10 07:00:00,82,0.0,18,37,310,6.5
Potosí,2026-08-10 07:00:00,85,0.0,7,57,313,1.6
Potosí,2026-08-10 07:00:00,88,0.0,-6,57,307,2.2
Potosí,2026-08-10 07:00:00,91,0.0,-6,56,299,2.8
Potosí Aeropuerto,2026-08-10 07:00:00,1,0.0,5,55,341,2.7
Potosí Aeropuerto,2026-08-10 07:00:00,4,0.0,9,56,331,5.4
Potosí Aeropuerto,2026-08-10 07:00:00,7,0.0,18,55,321,8.1
Potosí Aeropuerto,2026-08-10 07:00:00,10,0.0,18,57,350,6.2
Potosí Aeropuerto,2026-08-10 07:00:00,13,1.7,7,76,10,4.2
Potosí Aeropuerto,2026-08-10 07:00:00,16,0.9,-2,76,1,3.2
Potosí Aeropuerto,2026-08-10 07:00:00,19,0.0,-6,55,342,2.0
Potosí Aeropuerto,2026-08-10 07:00:00,22,0.0,-6,57,252,2.0
Potosí Aeropuerto,2026-08-10 07:00:00,25,0.0,3,57,292,2.6
Potosí Aeropuerto,2026-08-10 07:00:00,28,0.0,7,56,301,4.8
Potosí Aeropuerto,2026-08-10 07:00:00,31,2.5,16,88,301,6.9
Potosí Aeropuerto,2026-08-10 07:00:00,34,1.4,16,89,321,5.2
Potosí Aeropuerto,2026-08-10 07:00:00,37,0.0,12,56,341,3.4
Potosí Aeropuerto,2026-08-10 07:00:00,40,0.0,8,56,342,2.8
Potosí Aeropuerto,2026-08-10 07:00:00,43,0.0,-6,36,342,2.0
Potosí Aeropuerto,2026-08-10 07:00:00,46,0.0,-6,36,321,4.7
Potosí Aeropuerto,2026-08-10 07:00:00,49,0.0,4,36,321,5.5
Potosí Aeropuerto,2026-08-10 07:00:00,52,0.0,7,35,320,9.5
Potosí Aeropuerto,2026-08-10 07:00:00,55,0.0,17,37,310,13.6
Potosí Aeropuerto,2026-08-10 07:00:00,58,0.0,17,35,280,9.0
Potosí Aeropuerto,2026-08-10 07:00:00,61,0.0,5,36,250,4.2
Potosí Aeropuerto,2026-08-10 07:00:00,64,0.0,3,36,290,3.1
Potosí Aeropuerto,2026-08-10 07:00:00,67,0.0,-7,36,330,2.0
Potosí Aeropuerto,2026-08-10 07:00:00,70,0.0,-7,36,311,2.6
Potosí Aeropuerto,2026-08-10 07:00:00,73,0.0,3,37,321,2.7
Potosí Aeropuerto,2026-08-10 07:00:00,76,0.0,7,36,311,7.7
Potosí Aeropuerto,2026-08-10 07:00:00,79,0.0,16,37,300,12.6
Potosí Aeropuerto,2026-08-10 07:00:00,82,0.0,16,35,280,8.5
Potosí Aeropuerto,2026-08-10 07:00:00,85,0.0,6,56,260,4.4
Potosí Aeropuerto,2026-08-10 07:00:00,88,0.0,-7,56,270,3.2
Potosí Aeropuerto,2026-08-10 07:00:00,91,0.0,-7,57,271,2.0
Puerto Rico S,2026-08-10 07:00:00,1,0.0,26,56,270,1.3
Puerto Rico S,2026-08-10 07:00:00,4,0.0,29,56,261,1.0
Puerto Rico S,2026-08-10 07:00:00,7,0.0,31,56,251,0.8
Puerto Rico S,2026-08-10 07:00:00,10,0.0,31,57,234,1.4
Puerto Rico S,2026-08-10 07:00:00,13,0.5,29,76,214,2.1
Puerto Rico S,2026-08-10 07:00:00,16,1.3,24,76,204,2.0
Puerto Rico S,2026-08-10 07:00:00,19,0.0,19,56,190,1.9
Puerto Rico S,2026-08-10 07:00:00,22,3.0,19,89,170,1.8
Puerto Rico S,2026-08-10 07:00:00,25,1.5,24,90,180,1.8
Puerto Rico S,2026-08-10 07:00:00,28,2.6,27,89,180,2.1
Puerto Rico S,2026-08-10 07:00:00,31,0.0,28,56,173,2.4
Puerto Rico S,2026-08-10 07:00:00,34,0.0,28,57,180,1.9
Puerto Rico S,2026-08-10 07:00:00,37,0.0,25,36,177,1.4
Puerto Rico S,2026-08-10 07:00:00,40,0.0,23,36,190,1.3
Puerto Rico S,2026-08-10 07:00:00,43,0.0,21,56,194,1.2
Puerto Rico S,2026-08-10 07:00:00,46,0.0,21,57,200,0.9
Puerto Rico S,2026-08-10 07:00:00,49,0.0,22,56,200,0.7
Puerto Rico S,2026-08-10 07:00:00,52,0.0,26,56,234,0.9
Puerto Rico S,2026-08-10 07:00:00,55,0.0,29,36,264,1.1
Puerto Rico S,2026-08-10 07:00:00,58,0.0,29,36,270,1.1
Puerto Rico S,2026-08-10 07:00:00,61,0.0,27,36,270,1.3
Puerto Rico S,2026-08-10 07:00:00,64,0.0,25,37,261,1.4
Puerto Rico S,2026-08-10 07:00:00,67,0.0,21,37,251,1.4
Puerto Rico S,2026-08-10 07:00:00,70,0.0,21,35,320,1.2
Puerto Rico S,2026-08-10 07:00:00,73,0.0,25,36,323,1.2
Puerto Rico S,2026-08-10 07:00:00,76,0.0,27,36,323,1.5
Puerto Rico S,2026-08-10 07:00:00,79,0.0,30,56,320,1.8
Puerto Rico S,2026-08-10 07:00:00,82,0.0,30,56,350,1.0
Puerto Rico S,2026-08-10 07:00:00,85,0.0,27,56,13,0.4
Puerto Rico S,2026-08-10 07:00:00,88,0.0,21,56,333,0.9
Puerto Rico S,2026-08-10 07:00:00,91,0.0,21,56,294,1.4
Puerto Suárez,2026-08-10 07:00:00,1,0.0,24,56,197,3.4
Puerto Suárez,2026-08-10 07:00:00,4,0.0,29,56,200,3.7
Puerto Suárez,2026-08-10 07:00:00,7,0.0,31,56,200,4.0
Puerto Suárez,2026-08-10 07:00:00,10,0.0,31,56,200,4.3
Puerto Suárez,2026-08-10 07:00:00,13,0.0,26,56,200,4.8
Puerto Suárez,2026-08-10 07:00:00,16,0.0,20,55,210,4.6
Puerto Suárez,2026-08-10 07:00:00,19,0.0,18,56,210,4.4
Puerto Suárez,2026-08-10 07:00:00,22,0.0,18,37,219,3.6
Puerto Suárez,2026-08-10 07:00:00,25,0.0,20,36,210,3.7
Puerto Suárez,2026-08-10 07:00:00,28,0.0,25,35,210,3.0
Puerto Suárez,2026-08-10 07:00:00,31,0.0,31,36,200,2.3
Puerto Suárez,2026-08-10 07:00:00,34,0.0,31,35,210,2.3
Puerto Suárez,2026-08-10 07:00:00,37,0.0,27,36,210,2.3
Puerto Suárez,2026-08-10 07:00:00,40,0.0,21,35,200,1.7
Puerto Suárez,2026-08-10 07:00:00,43,0.0,19,26,187,1.1
Puerto Suárez,2026-08-10 07:00:00,46,0.0,19,26,217,1.5
Puerto Suárez,2026-08-10 07:00:00,49,0.0,24,26,236,1.2
Puerto Suárez,2026-08-10 07:00:00,52,0.0,28,27,305,1.4
Puerto Suárez,2026-08-10 07:00:00,55,0.0,32,26,5,1.6
Puerto Suárez,2026-08-10 07:00:00,58,0.0,32,26,19,1.5
Puerto Suárez,2026-08-10 07:00:00,61,0.0,29,26,30,1.5
Puerto Suárez,2026-08-10 07:00:00,64,0.0,28,25,40,1.2
Puerto Suárez,2026-08-10 07:00:00,67,0.0,20,36,48,1.0
Puerto Suárez,2026-08-10 07:00:00,70,0.0,20,36,357,1.3
Puerto Suárez,2026-08-10 07:00:00,73,0.0,27,36,306,1.5
Puerto Suárez,2026-08-10 07:00:00,76,0.0,28,36,279,2.3
Puerto Suárez,2026-08-10 07:00:00,79,0.0,33,35,250,3.2
Puerto Suárez,2026-08-10 07:00:00,82,0.0,33,36,230,2.7
Puerto Suárez,2026-08-10 07:00:00,85,0.0,31,56,200,2.3
Puerto Suárez,2026-08-10 07:00:00,88,0.0,20,57,211,1.8
Puerto Suárez,2026-08-10 07:00:00,91,0.0,20,56,218,1.3
Puerto Villarroel,2026-08-10 07:00:00,1,2.7,21,89,107,2.2
Puerto Villarroel,2026-08-10 07:00:00,4,1.9,22,89,103,2.4
Puerto Villarroel,2026-08-10 07:00:00,7,2.7,24,89,96,2.6
Puerto Villarroel,2026-08-10 07:00:00,10,1.4,24,89,116,2.0
Puerto Villarroel,2026-08-10 07:00:00,13,2.6,20,89,131,1.5
Puerto Villarroel,2026-08-10 07:00:00,16,2.7,19,89,101,1.6
Puerto Villarroel,2026-08-10 07:00:00,19,0.0,18,57,68,1.8
Puerto Villarroel,2026-08-10 07:00:00,22,0.0,18,56,113,1.1
Puerto Villarroel,2026-08-10 07:00:00,25,0.0,19,56,108,1.0
Puerto Villarroel,2026-08-10 07:00:00,28,0.0,22,56,118,0.9
Puerto Villarroel,2026-08-10 07:00:00,31,0.0,27,57,123,0.9
Puerto Villarroel,2026-08-10 07:00:00,34,0.0,27,56,182,0.9
Puerto Villarroel,2026-08-10 07:00:00,37,0.0,24,56,238,0.7
Puerto Villarroel,2026-08-10 07:00:00,40,0.0,22,56,232,0.6
Puerto Villarroel,2026-08-10 07:00:00,43,0.0,20,36,218,0.4
Puerto Villarroel,2026-08-10 07:00:00,46,0.0,20,36,260,0.7
Puerto Villarroel,2026-08-10 07:00:00,49,0.0,21,36,274,0.7
Puerto Villarroel,2026-08-10 07:00:00,52,0.0,25,37,300,1.8
Puerto Villarroel,2026-08-10 07:00:00,55,0.0,29,36,326,2.9
Puerto Villarroel,2026-08-10 07:00:00,58,0.0,29,36,310,2.0
Puerto Villarroel,2026-08-10 07:00:00,61,0.0,26,36,288,1.2
Puerto Villarroel,2026-08-10 07:00:00,64,0.0,24,37,274,1.2
Puerto Villarroel,2026-08-10 07:00:00,67,0.0,21,36,256,1.1
Puerto Villarroel,2026-08-10 07:00:00,70,0.0,21,36,272,0.9
Puerto Villarroel,2026-08-10 07:00:00,73,0.0,24,36,268,0.6
Puerto Villarroel,2026-08-10 07:00:00,76,0.0,25,36,296,2.2
Puerto Villarroel,2026-08-10 07:00:00,79,0.0,29,56,320,3.9
Puerto Villarroel,2026-08-10 07:00:00,82,0.0,29,56,278,2.7
Puerto Villarroel,2026-08-10 07:00:00,85,0.0,27,56,232,1.4
Puerto Villarroel,2026-08-10 07:00:00,88,0.0,21,56,232,1.1
Puerto Villarroel,2026-08-10 07:00:00,91,0.0,21,56,222,0.9
Quetenas (GPRS),2026-08-10 07:00:00,1,0.0,0,56,7,0.9
Quetenas (GPRS),2026-08-10 07:00:00,4,0.0,3,56,352,3.4
Quetenas (GPRS),2026-08-10 07:00:00,7,0.0,11,56,336,5.9
Quetenas (GPRS),2026-08-10 07:00:00,10,0.0,11,56,290,4.4
Quetenas (GPRS),2026-08-10 07:00:00,13,0.0,4,56,235,3.0
Quetenas (GPRS),2026-08-10 07:00:00,16,0.0,-4,56,228,2.2
Quetenas (GPRS),2026-08-10 07:00:00,19,0.0,-11,56,216,1.5
Quetenas (GPRS),2026-08-10 07:00:00,22,2.7,-11,88,307,1.4
Quetenas (GPRS),2026-08-10 07:00:00,25,2.3,-6,89,320,1.8
Quetenas (GPRS),2026-08-10 07:00:00,28,1.6,0,89,335,2.8
Quetenas (GPRS),2026-08-10 07:00:00,31,0.0,9,56,345,3.8
Quetenas (GPRS),2026-08-10 07:00:00,34,0.0,9,56,353,3.2
Quetenas (GPRS),2026-08-10 07:00:00,37,1.7,5,88,353,2.4
Quetenas (GPRS),2026-08-10 07:00:00,40,3.1,1,90,343,2.6
Quetenas (GPRS),2026-08-10 07:00:00,43,0.0,-12,36,325,2.7
Quetenas (GPRS),2026-08-10 07:00:00,46,0.0,-12,36,309,1.8
Quetenas (GPRS),2026-08-10 07:00:00,49,0.0,0,37,304,2.2
Quetenas (GPRS),2026-08-10 07:00:00,52,0.0,6,37,299,6.6
Quetenas (GPRS),2026-08-10 07:00:00,55,3.2,10,88,286,10.9
Quetenas (GPRS),2026-08-10 07:00:00,58,1.5,10,89,245,6.6
Quetenas (GPRS),2026-08-10 07:00:00,61,0.0,7,37,199,2.2
Quetenas (GPRS),2026-08-10 07:00:00,64,0.0,4,37,234,2.0
Quetenas (GPRS),2026-08-10 07:00:00,67,0.0,-11,26,265,1.7
Quetenas (GPRS),2026-08-10 07:00:00,70,0.0,-11,26,321,3.0
Quetenas (GPRS),2026-08-10 07:00:00,73,0.0,-6,26,331,3.2
Quetenas (GPRS),2026-08-10 07:00:00,76,0.0,-3,26,320,7.1
Quetenas (GPRS),2026-08-10 07:00:00,79,0.0,11,36,300,10.9
Quetenas (GPRS),2026-08-10 07:00:00,82,0.0,11,36,294,7.0
Quetenas (GPRS),2026-08-10 07:00:00,85,0.0,-5,36,284,3.2
Quetenas (GPRS),2026-08-10 07:00:00,88,0.0,-11,36,284,3.0
Quetenas (GPRS),2026-08-10 07:00:00,91,0.0,-11,56,274,2.8
Reyes,2026-08-10 07:00:00,1,0.0,24,56,241,0.9
Reyes,2026-08-10 07:00:00,4,0.0,26,56,294,1.3
Reyes,2026-08-10 07:00:00,7,2.8,30,89,339,1.8
Reyes,2026-08-10 07:00:00,10,2.0,30,89,81,2.1
Reyes,2026-08-10 07:00:00,13,2.8,24,90,141,2.3
Reyes,2026-08-10 07:00:00,16,2.9,22,89,151,2.0
Reyes,2026-08-10 07:00:00,19,0.0,17,56,151,1.7
Reyes,2026-08-10 07:00:00,22,0.0,17,56,151,1.5
Reyes,2026-08-10 07:00:00,25,0.0,20,56,150,1.4
Reyes,2026-08-10 07:00:00,28,0.0,23,56,140,1.5
Reyes,2026-08-10 07:00:00,31,0.0,28,55,123,1.7
Reyes,2026-08-10 07:00:00,34,0.0,28,56,143,1.3
Reyes,2026-08-10 07:00:00,37,0.0,23,57,161,1.1
Reyes,2026-08-10 07:00:00,40,0.0,22,55,212,0.8
Reyes,2026-08-10 07:00:00,43,0.0,19,57,261,0.6
Reyes,2026-08-10 07:00:00,46,0.0,19,56,251,0.9
Reyes,2026-08-10 07:00:00,49,0.0,23,56,241,0.8
Reyes,2026-08-10 07:00:00,52,0.0,25,56,282,1.5
Reyes,2026-08-10 07:00:00,55,0.0,30,36,321,2.1
Reyes,2026-08-10 07:00:00,58,0.0,30,36,313,1.5
Reyes,2026-08-10 07:00:00,61,0.0,25,26,303,1.0
Reyes,2026-08-10 07:00:00,64,0.0,23,27,282,1.0
Reyes,2026-08-10 07:00:00,67,0.0,20,36,261,1.1
Reyes,2026-08-10 07:00:00,70,0.0,20,36,261,0.9
Reyes,2026-08-10 07:00:00,73,0.0,24,37,288,0.7
Reyes,2026-08-10 07:00:00,76,0.0,28,35,310,1.8
Reyes,2026-08-10 07:00:00,79,0.0,31,56,329,2.8
Reyes,2026-08-10 07:00:00,82,0.0,31,55,290,2.0
Reyes,2026-08-10 07:00:00,85,0.0,27,56,251,1.2
Reyes,2026-08-10 07:00:00,88,0.0,20,56,251,1.2
Reyes,2026-08-10 07:00:00,91,0.0,20,57,251,1.2
Riberalta,2026-08-10 07:00:00,1,0.0,26,56,260,0.9
Riberalta,2026-08-10 07:00:00,4,0.0,31,56,323,0.8
Riberalta,2026-08-10 07:00:00,7,0.0,34,56,17,0.6
Riberalta,2026-08-10 07:00:00,10,0.0,34,56,82,1.0
Riberalta,2026-08-10 07:00:00,13,0.0,29,56,187,1.5
Riberalta,2026-08-10 07:00:00,16,0.0,25,56,179,1.4
Riberalta,2026-08-10 07:00:00,19,0.0,20,56,160,1.2
Riberalta,2026-08-10 07:00:00,22,2.5,20,89,161,2.1
Riberalta,2026-08-10 07:00:00,25,2.5,22,89,170,2.0
Riberalta,2026-08-10 07:00:00,28,2.5,26,89,180,2.3
Riberalta,2026-08-10 07:00:00,31,0.0,31,37,180,2.6
Riberalta,2026-08-10 07:00:00,34,0.0,31,37,190,2.5
Riberalta,2026-08-10 07:00:00,37,0.0,27,37,190,2.4
Riberalta,2026-08-10 07:00:00,40,0.0,24,37,190,1.8
Riberalta,2026-08-10 07:00:00,43,0.0,22,56,180,1.1
Riberalta,2026-08-10 07:00:00,46,0.0,22,56,244,0.8
Riberalta,2026-08-10 07:00:00,49,0.0,25,56,199,0.8
Riberalta,2026-08-10 07:00:00,52,0.0,28,56,261,0.7
Riberalta,2026-08-10 07:00:00,55,0.0,32,56,324,0.6
Riberalta,2026-08-10 07:00:00,58,0.0,32,56,321,0.8
Riberalta,2026-08-10 07:00:00,61,0.0,30,56,309,0.9
Riberalta,2026-08-10 07:00:00,64,0.0,27,56,311,0.8
Riberalta,2026-08-10 07:00:00,67,0.0,22,37,306,0.6
Riberalta,2026-08-10 07:00:00,70,0.0,22,36,316,1.2
Riberalta,2026-08-10 07:00:00,73,0.0,27,36,330,1.2
Riberalta,2026-08-10 07:00:00,76,0.0,30,37,330,1.5
Riberalta,2026-08-10 07:00:00,79,0.0,33,55,320,1.8
Riberalta,2026-08-10 07:00:00,82,0.0,33,56,330,1.5
Riberalta,2026-08-10 07:00:00,85,0.0,30,56,333,1.1
Riberalta,2026-08-10 07:00:00,88,0.0,22,56,319,1.1
Riberalta,2026-08-10 07:00:00,91,0.0,22,56,305,1.2
Río Chilenas(GPRS),2026-08-10 07:00:00,1,0.0,0,57,297,1.9
Río Chilenas(GPRS),2026-08-10 07:00:00,4,0.0,3,56,310,4.3
Río Chilenas(GPRS),2026-08-10 07:00:00,7,0.0,10,56,320,6.7
Río Chilenas(GPRS),2026-08-10 07:00:00,10,0.0,10,56,297,4.8
Río Chilenas(GPRS),2026-08-10 07:00:00,13,0.0,1,56,273,2.8
Río Chilenas(GPRS),2026-08-10 07:00:00,16,0.0,-4,56,277,2.5
Río Chilenas(GPRS),2026-08-10 07:00:00,19,0.0,-10,56,280,2.2
Río Chilenas(GPRS),2026-08-10 07:00:00,22,2.9,-10,89,322,1.8
Río Chilenas(GPRS),2026-08-10 07:00:00,25,2.5,-3,89,329,1.8
Río Chilenas(GPRS),2026-08-10 07:00:00,28,2.5,0,89,327,3.2
Río Chilenas(GPRS),2026-08-10 07:00:00,31,0.0,8,55,322,4.6
Río Chilenas(GPRS),2026-08-10 07:00:00,34,0.0,8,56,324,3.7
Río Chilenas(GPRS),2026-08-10 07:00:00,37,1.9,4,89,324,2.7
Río Chilenas(GPRS),2026-08-10 07:00:00,40,1.7,-2,89,319,2.8
Río Chilenas(GPRS),2026-08-10 07:00:00,43,0.0,-11,36,309,3.0
Río Chilenas(GPRS),2026-08-10 07:00:00,46,0.0,-11,36,320,3.2
Río Chilenas(GPRS),2026-08-10 07:00:00,49,0.0,-2,36,340,2.8
Río Chilenas(GPRS),2026-08-10 07:00:00,52,0.0,0,36,320,6.9
Río Chilenas(GPRS),2026-08-10 07:00:00,55,2.8,9,89,290,11.0
Río Chilenas(GPRS),2026-08-10 07:00:00,58,2.0,9,89,290,7.2
Río Chilenas(GPRS),2026-08-10 07:00:00,61,0.0,3,36,290,3.4
Río Chilenas(GPRS),2026-08-10 07:00:00,64,0.0,1,36,300,3.5
Río Chilenas(GPRS),2026-08-10 07:00:00,67,0.0,-10,26,305,3.6
Río Chilenas(GPRS),2026-08-10 07:00:00,70,0.0,-10,27,320,4.0
Río Chilenas(GPRS),2026-08-10 07:00:00,73,0.0,-5,26,320,4.5
Río Chilenas(GPRS),2026-08-10 07:00:00,76,0.0,-2,26,313,8.4
Río Chilenas(GPRS),2026-08-10 07:00:00,79,0.0,10,36,303,12.3
Río Chilenas(GPRS),2026-08-10 07:00:00,82,0.0,10,36,300,8.0
Río Chilenas(GPRS),2026-08-10 07:00:00,85,0.0,-4,36,290,3.8
Río Chilenas(GPRS),2026-08-10 07:00:00,88,0.0,-10,36,283,3.7
Río Chilenas(GPRS),2026-08-10 07:00:00,91,0.0,-10,56,273,3.6
Robore,2026-08-10 07:00:00,1,0.0,23,56,180,3.0
Robore,2026-08-10 07:00:00,4,0.0,25,56,180,3.8
Robore,2026-08-10 07:00:00,7,0.0,27,56,180,4.7
Robore,2026-08-10 07:00:00,10,0.0,27,57,180,4.6
Robore,2026-08-10 07:00:00,13,0.0,24,55,180,4.4
Robore,2026-08-10 07:00:00,16,0.0,21,56,190,4.1
Robore,2026-08-10 07:00:00,19,0.0,15,56,190,3.7
Robore,2026-08-10 07:00:00,22,0.0,15,37,190,2.9
Robore,2026-08-10 07:00:00,25,0.0,20,36,190,2.9
Robore,2026-08-10 07:00:00,28,0.0,23,36,190,2.5
Robore,2026-08-10 07:00:00,31,0.0,27,36,180,2.2
Robore,2026-08-10 07:00:00,34,0.0,27,36,180,2.0
Robore,2026-08-10 07:00:00,37,0.0,23,35,172,1.8
Robore,2026-08-10 07:00:00,40,0.0,21,36,160,1.4
Robore,2026-08-10 07:00:00,43,0.0,17,26,140,0.9
Robore,2026-08-10 07:00:00,46,0.0,17,27,130,0.6
Robore,2026-08-10 07:00:00,49,0.0,22,26,71,0.5
Robore,2026-08-10 07:00:00,52,0.0,25,26,31,2.3
Robore,2026-08-10 07:00:00,55,0.0,29,25,350,4.1
Robore,2026-08-10 07:00:00,58,0.0,29,27,10,3.1
Robore,2026-08-10 07:00:00,61,0.0,26,27,30,2.1
Robore,2026-08-10 07:00:00,64,0.0,24,26,350,2.0
Robore,2026-08-10 07:00:00,67,0.0,17,36,310,1.9
Robore,2026-08-10 07:00:00,70,0.0,17,35,290,2.0
Robore,2026-08-10 07:00:00,73,0.0,21,37,232,2.1
Robore,2026-08-10 07:00:00,76,0.0,22,36,262,2.8
Robore,2026-08-10 07:00:00,79,0.0,29,35,289,3.6
Robore,2026-08-10 07:00:00,82,0.0,29,36,259,2.7
Robore,2026-08-10 07:00:00,85,0.0,25,56,220,1.8
Robore,2026-08-10 07:00:00,88,0.0,17,56,200,1.8
Robore,2026-08-10 07:00:00,91,0.0,17,55,178,1.8
Rurrenabaque,2026-08-10 07:00:00,1,0.0,24,57,225,0.9
Rurrenabaque,2026-08-10 07:00:00,4,0.0,26,56,308,1.0
Rurrenabaque,2026-08-10 07:00:00,7,3.1,30,89,23,1.1
Rurrenabaque,2026-08-10 07:00:00,10,1.9,30,90,90,1.6
Rurrenabaque,2026-08-10 07:00:00,13,3.2,25,89,168,1.9
Rurrenabaque,2026-08-10 07:00:00,16,2.7,22,89,173,1.6
Rurrenabaque,2026-08-10 07:00:00,19,0.0,17,57,173,1.3
Rurrenabaque,2026-08-10 07:00:00,22,0.0,17,56,165,1.1
Rurrenabaque,2026-08-10 07:00:00,25,0.0,22,56,155,1.2
Rurrenabaque,2026-08-10 07:00:00,28,0.0,23,56,153,1.1
Rurrenabaque,2026-08-10 07:00:00,31,0.0,29,56,143,1.0
Rurrenabaque,2026-08-10 07:00:00,34,0.0,29,56,159,0.8
Rurrenabaque,2026-08-10 07:00:00,37,0.0,24,56,170,0.7
Rurrenabaque,2026-08-10 07:00:00,40,0.0,22,56,206,0.7
Rurrenabaque,2026-08-10 07:00:00,43,0.0,19,56,238,0.8
Rurrenabaque,2026-08-10 07:00:00,46,0.0,19,56,235,1.1
Rurrenabaque,2026-08-10 07:00:00,49,0.0,23,56,226,1.0
Rurrenabaque,2026-08-10 07:00:00,52,0.0,26,56,281,1.5
Rurrenabaque,2026-08-10 07:00:00,55,0.0,31,36,335,2.0
Rurrenabaque,2026-08-10 07:00:00,58,0.0,31,36,338,1.4
Rurrenabaque,2026-08-10 07:00:00,61,0.0,25,26,331,0.9
Rurrenabaque,2026-08-10 07:00:00,64,0.0,23,26,284,0.9
Rurrenabaque,2026-08-10 07:00:00,67,0.0,20,36,236,1.1
Rurrenabaque,2026-08-10 07:00:00,70,0.0,20,36,238,0.9
Rurrenabaque,2026-08-10 07:00:00,73,0.0,24,36,252,0.6
Rurrenabaque,2026-08-10 07:00:00,76,0.0,28,36,305,1.6
Rurrenabaque,2026-08-10 07:00:00,79,0.0,32,56,347,2.6
Rurrenabaque,2026-08-10 07:00:00,82,0.0,31,56,289,1.9
Rurrenabaque,2026-08-10 07:00:00,85,0.0,26,56,226,1.1
Rurrenabaque,2026-08-10 07:00:00,88,0.0,20,56,235,1.2
Rurrenabaque,2026-08-10 07:00:00,91,0.0,20,56,235,1.2
Salinas (INIAF),2026-08-10 07:00:00,1,0.0,5,57,6,2.6
Salinas (INIAF),2026-08-10 07:00:00,4,0.0,9,56,351,4.7
Salinas (INIAF),2026-08-10 07:00:00,7,0.0,16,57,330,6.8
Salinas (INIAF),2026-08-10 07:00:00,10,0.0,16,56,342,5.5
Salinas (INIAF),2026-08-10 07:00:00,13,1.6,9,89,353,4.2
Salinas (INIAF),2026-08-10 07:00:00,16,1.6,2,89,7,3.9
Salinas (INIAF),2026-08-10 07:00:00,19,0.0,-6,56,15,3.4
Salinas (INIAF),2026-08-10 07:00:00,22,0.0,-6,56,103,1.7
Salinas (INIAF),2026-08-10 07:00:00,25,0.0,3,57,94,1.6
Salinas (INIAF),2026-08-10 07:00:00,28,0.0,6,56,24,2.0
Salinas (INIAF),2026-08-10 07:00:00,31,0.0,15,57,305,2.3
Salinas (INIAF),2026-08-10 07:00:00,34,0.0,15,56,353,2.6
Salinas (INIAF),2026-08-10 07:00:00,37,0.0,7,56,37,2.9
Salinas (INIAF),2026-08-10 07:00:00,40,0.0,3,56,23,3.8
Salinas (INIAF),2026-08-10 07:00:00,43,0.0,-5,36,5,4.7
Salinas (INIAF),2026-08-10 07:00:00,46,0.0,-5,36,6,2.6
Salinas (INIAF),2026-08-10 07:00:00,49,0.0,3,36,355,2.3
Salinas (INIAF),2026-08-10 07:00:00,52,0.0,7,36,315,4.7
Salinas (INIAF),2026-08-10 07:00:00,55,0.0,16,56,270,7.1
Salinas (INIAF),2026-08-10 07:00:00,58,0.0,16,56,271,7.7
Salinas (INIAF),2026-08-10 07:00:00,61,0.0,12,56,266,8.3
Salinas (INIAF),2026-08-10 07:00:00,64,0.0,7,56,242,4.8
Salinas (INIAF),2026-08-10 07:00:00,67,0.0,-6,36,209,1.3
Salinas (INIAF),2026-08-10 07:00:00,70,0.0,-6,36,17,2.3
Salinas (INIAF),2026-08-10 07:00:00,73,0.0,3,36,340,1.9
Salinas (INIAF),2026-08-10 07:00:00,76,0.0,8,36,330,4.5
Salinas (INIAF),2026-08-10 07:00:00,79,0.0,15,36,315,6.9
Salinas (INIAF),2026-08-10 07:00:00,82,0.0,15,36,290,6.4
Salinas (INIAF),2026-08-10 07:00:00,85,0.0,8,57,256,5.9
Salinas (INIAF),2026-08-10 07:00:00,88,0.0,-6,57,195,3.7
Salinas (INIAF),2026-08-10 07:00:00,91,0.0,-6,56,129,1.6
Salo,2026-08-10 07:00:00,1,0.0,4,56,350,3.8
Salo,2026-08-10 07:00:00,4,0.0,9,56,350,4.9
Salo,2026-08-10 07:00:00,7,0.0,21,56,345,6.1
Salo,2026-08-10 07:00:00,10,0.0,21,56,355,5.0
Salo,2026-08-10 07:00:00,13,0.8,9,76,5,4.0
Salo,2026-08-10 07:00:00,16,1.6,-4,76,355,3.4
Salo,2026-08-10 07:00:00,19,0.0,-9,56,340,2.8
Salo,2026-08-10 07:00:00,22,0.0,-9,56,295,1.7
Salo,2026-08-10 07:00:00,25,0.0,5,56,311,1.4
Salo,2026-08-10 07:00:00,28,0.0,10,56,330,3.7
Salo,2026-08-10 07:00:00,31,1.2,19,89,345,5.8
Salo,2026-08-10 07:00:00,34,2.8,19,89,335,4.0
Salo,2026-08-10 07:00:00,37,0.0,12,57,325,2.2
Salo,2026-08-10 07:00:00,40,0.0,9,56,335,2.9
Salo,2026-08-10 07:00:00,43,0.0,-9,36,345,3.6
Salo,2026-08-10 07:00:00,46,0.0,-8,36,325,2.8
Salo,2026-08-10 07:00:00,49,0.0,5,36,320,2.8
Salo,2026-08-10 07:00:00,52,0.0,9,37,310,7.5
Salo,2026-08-10 07:00:00,55,0.0,20,37,290,12.2
Salo,2026-08-10 07:00:00,58,0.0,20,36,300,9.1
Salo,2026-08-10 07:00:00,61,0.0,14,37,300,6.0
Salo,2026-08-10 07:00:00,64,0.0,11,36,310,5.5
Salo,2026-08-10 07:00:00,67,0.0,-7,36,310,5.0
Salo,2026-08-10 07:00:00,70,0.0,-7,36,300,5.8
Salo,2026-08-10 07:00:00,73,0.0,6,37,300,5.8
Salo,2026-08-10 07:00:00,76,0.0,11,36,300,9.6
Salo,2026-08-10 07:00:00,79,0.0,20,36,300,13.5
Salo,2026-08-10 07:00:00,82,0.0,20,36,290,11.9
Salo,2026-08-10 07:00:00,85,0.0,9,57,280,10.4
Salo,2026-08-10 07:00:00,88,0.0,-7,56,295,7.1
Salo,2026-08-10 07:00:00,91,0.0,-7,56,305,4.0
San Antonio - Los Ángeles,2026-08-10 07:00:00,1,2.4,22,90,119,3.2
San Antonio - Los Ángeles,2026-08-10 07:00:00,4,1.3,23,89,119,2.9
San Antonio - Los Ángeles,2026-08-10 07:00:00,7,1.9,25,89,113,2.5
San Antonio - Los Ángeles,2026-08-10 07:00:00,10,0.9,25,89,123,3.4
San Antonio - Los Ángeles,2026-08-10 07:00:00,13,0.0,23,56,123,4.3
San Antonio - Los Ángeles,2026-08-10 07:00:00,16,0.0,19,55,119,4.1
San Antonio - Los Ángeles,2026-08-10 07:00:00,19,0.0,15,55,109,3.9
San Antonio - Los Ángeles,2026-08-10 07:00:00,22,0.0,15,56,113,2.7
San Antonio - Los Ángeles,2026-08-10 07:00:00,25,0.0,20,56,103,2.3
San Antonio - Los Ángeles,2026-08-10 07:00:00,28,0.0,22,57,139,1.8
San Antonio - Los Ángeles,2026-08-10 07:00:00,31,0.0,26,36,166,1.3
San Antonio - Los Ángeles,2026-08-10 07:00:00,34,0.0,26,36,197,1.4
San Antonio - Los Ángeles,2026-08-10 07:00:00,37,0.0,22,36,217,1.3
San Antonio - Los Ángeles,2026-08-10 07:00:00,40,0.0,20,35,220,1.1
San Antonio - Los Ángeles,2026-08-10 07:00:00,43,0.0,17,27,220,0.9
San Antonio - Los Ángeles,2026-08-10 07:00:00,46,0.0,17,26,267,1.1
San Antonio - Los Ángeles,2026-08-10 07:00:00,49,0.0,21,26,270,1.3
San Antonio - Los Ángeles,2026-08-10 07:00:00,52,0.0,24,26,290,2.3
San Antonio - Los Ángeles,2026-08-10 07:00:00,55,0.0,29,26,310,3.2
San Antonio - Los Ángeles,2026-08-10 07:00:00,58,0.0,29,26,320,2.3
San Antonio - Los Ángeles,2026-08-10 07:00:00,61,0.0,26,26,323,1.5
San Antonio - Los Ángeles,2026-08-10 07:00:00,64,0.0,23,26,310,1.7
San Antonio - Los Ángeles,2026-08-10 07:00:00,67,0.0,16,56,290,1.9
San Antonio - Los Ángeles,2026-08-10 07:00:00,70,0.0,16,56,290,1.0
San Antonio - Los Ángeles,2026-08-10 07:00:00,73,0.0,20,56,303,0.5
San Antonio - Los Ángeles,2026-08-10 07:00:00,76,0.0,21,57,310,2.2
San Antonio - Los Ángeles,2026-08-10 07:00:00,79,0.0,27,56,310,3.8
San Antonio - Los Ángeles,2026-08-10 07:00:00,82,0.0,27,57,320,2.6
San Antonio - Los Ángeles,2026-08-10 07:00:00,85,0.0,23,35,329,1.4
San Antonio - Los Ángeles,2026-08-10 07:00:00,88,0.0,17,37,270,0.9
San Antonio - Los Ángeles,2026-08-10 07:00:00,91,0.0,17,56,207,0.4
San Borja,2026-08-10 07:00:00,1,0.0,23,56,227,1.1
San Borja,2026-08-10 07:00:00,4,0.0,25,56,169,2.0
San Borja,2026-08-10 07:00:00,7,2.6,31,89,110,2.8
San Borja,2026-08-10 07:00:00,10,2.1,31,90,129,3.5
San Borja,2026-08-10 07:00:00,13,1.5,24,90,147,4.0
San Borja,2026-08-10 07:00:00,16,2.8,22,89,151,3.5
San Borja,2026-08-10 07:00:00,19,0.0,18,57,155,3.0
San Borja,2026-08-10 07:00:00,22,0.0,18,56,170,1.5
San Borja,2026-08-10 07:00:00,25,0.0,20,56,168,1.5
San Borja,2026-08-10 07:00:00,28,0.0,21,57,160,1.9
San Borja,2026-08-10 07:00:00,31,0.0,29,56,150,2.4
San Borja,2026-08-10 07:00:00,34,0.0,29,56,150,1.9
San Borja,2026-08-10 07:00:00,37,0.0,23,56,148,1.4
San Borja,2026-08-10 07:00:00,40,0.0,21,56,205,1.0
San Borja,2026-08-10 07:00:00,43,0.0,20,56,262,0.6
San Borja,2026-08-10 07:00:00,46,0.0,20,56,239,1.1
San Borja,2026-08-10 07:00:00,49,0.0,21,56,239,1.2
San Borja,2026-08-10 07:00:00,52,0.0,24,56,297,1.8
San Borja,2026-08-10 07:00:00,55,0.0,30,36,347,2.4
San Borja,2026-08-10 07:00:00,58,0.0,30,36,347,2.0
San Borja,2026-08-10 07:00:00,61,0.0,25,26,346,1.6
San Borja,2026-08-10 07:00:00,64,0.0,24,27,316,1.4
San Borja,2026-08-10 07:00:00,67,0.0,21,36,285,1.0
San Borja,2026-08-10 07:00:00,70,0.0,21,35,252,0.9
San Borja,2026-08-10 07:00:00,73,0.0,24,36,282,0.9
San Borja,2026-08-10 07:00:00,76,0.0,24,36,312,1.8
San Borja,2026-08-10 07:00:00,79,0.0,31,56,340,2.8
San Borja,2026-08-10 07:00:00,82,0.0,31,56,297,2.1
San Borja,2026-08-10 07:00:00,85,0.0,28,56,250,1.3
San Borja,2026-08-10 07:00:00,88,0.0,21,56,243,1.3
San Borja,2026-08-10 07:00:00,91,0.0,21,57,230,1.2
San Buenaventura,2026-08-10 07:00:00,1,0.0,24,57,211,0.8
San Buenaventura,2026-08-10 07:00:00,4,0.0,26,55,147,0.9
San Buenaventura,2026-08-10 07:00:00,7,2.3,30,89,76,0.9
San Buenaventura,2026-08-10 07:00:00,10,2.0,30,89,137,1.3
San Buenaventura,2026-08-10 07:00:00,13,1.5,25,90,188,1.7
San Buenaventura,2026-08-10 07:00:00,16,1.7,23,89,190,1.3
San Buenaventura,2026-08-10 07:00:00,19,0.0,18,56,189,0.9
San Buenaventura,2026-08-10 07:00:00,22,0.0,18,57,189,0.9
San Buenaventura,2026-08-10 07:00:00,25,0.0,23,56,170,1.0
San Buenaventura,2026-08-10 07:00:00,28,0.0,25,56,167,0.8
San Buenaventura,2026-08-10 07:00:00,31,0.0,31,57,156,0.6
San Buenaventura,2026-08-10 07:00:00,34,0.0,31,56,194,0.5
San Buenaventura,2026-08-10 07:00:00,37,0.0,26,57,226,0.4
San Buenaventura,2026-08-10 07:00:00,40,0.0,24,56,236,0.5
San Buenaventura,2026-08-10 07:00:00,43,0.0,19,56,247,0.6
San Buenaventura,2026-08-10 07:00:00,46,0.0,19,56,230,0.9
San Buenaventura,2026-08-10 07:00:00,49,0.0,24,56,220,0.8
San Buenaventura,2026-08-10 07:00:00,52,0.0,27,56,299,1.5
San Buenaventura,2026-08-10 07:00:00,55,0.0,32,37,9,2.1
San Buenaventura,2026-08-10 07:00:00,58,0.0,32,36,358,1.5
San Buenaventura,2026-08-10 07:00:00,61,0.0,24,36,336,0.8
San Buenaventura,2026-08-10 07:00:00,64,0.0,22,36,288,0.9
San Buenaventura,2026-08-10 07:00:00,67,0.0,19,36,240,0.9
San Buenaventura,2026-08-10 07:00:00,70,0.0,20,35,232,0.8
San Buenaventura,2026-08-10 07:00:00,73,0.0,23,36,235,0.5
San Buenaventura,2026-08-10 07:00:00,76,0.0,29,35,302,1.5
San Buenaventura,2026-08-10 07:00:00,79,0.0,33,56,360,2.5
San Buenaventura,2026-08-10 07:00:00,82,0.0,32,56,310,1.8
San Buenaventura,2026-08-10 07:00:00,85,0.0,26,56,249,1.0
San Buenaventura,2026-08-10 07:00:00,88,0.0,20,56,249,1.0
San Buenaventura,2026-08-10 07:00:00,91,0.0,20,56,240,1.0
San Ignacio de Moxos,2026-08-10 07:00:00,1,0.0,24,56,302,1.3
San Ignacio de Moxos,2026-08-10 07:00:00,4,0.0,28,56,222,2.1
San Ignacio de Moxos,2026-08-10 07:00:00,7,2.5,30,89,140,2.8
San Ignacio de Moxos,2026-08-10 07:00:00,10,1.9,30,89,174,2.8
San Ignacio de Moxos,2026-08-10 07:00:00,13,0.0,27,56,208,2.9
San Ignacio de Moxos,2026-08-10 07:00:00,16,0.0,21,56,204,2.9
San Ignacio de Moxos,2026-08-10 07:00:00,19,0.0,17,56,194,2.8
San Ignacio de Moxos,2026-08-10 07:00:00,22,2.1,17,89,171,2.1
San Ignacio de Moxos,2026-08-10 07:00:00,25,2.3,20,89,161,2.0
San Ignacio de Moxos,2026-08-10 07:00:00,28,2.4,23,89,161,2.1
San Ignacio de Moxos,2026-08-10 07:00:00,31,0.0,27,57,157,2.1
San Ignacio de Moxos,2026-08-10 07:00:00,34,0.0,27,56,186,1.9
San Ignacio de Moxos,2026-08-10 07:00:00,37,0.0,25,37,206,1.6
San Ignacio de Moxos,2026-08-10 07:00:00,40,0.0,22,36,206,1.5
San Ignacio de Moxos,2026-08-10 07:00:00,43,0.0,19,27,200,1.3
San Ignacio de Moxos,2026-08-10 07:00:00,46,0.0,19,26,228,1.3
San Ignacio de Moxos,2026-08-10 07:00:00,49,0.0,23,26,238,1.5
San Ignacio de Moxos,2026-08-10 07:00:00,52,0.0,26,26,280,2.0
San Ignacio de Moxos,2026-08-10 07:00:00,55,0.0,28,36,322,2.6
San Ignacio de Moxos,2026-08-10 07:00:00,58,0.0,28,36,310,2.2
San Ignacio de Moxos,2026-08-10 07:00:00,61,0.0,25,25,297,1.8
San Ignacio de Moxos,2026-08-10 07:00:00,64,0.0,23,26,287,1.7
San Ignacio de Moxos,2026-08-10 07:00:00,67,0.0,19,36,268,1.7
San Ignacio de Moxos,2026-08-10 07:00:00,70,0.0,19,36,290,1.4
San Ignacio de Moxos,2026-08-10 07:00:00,73,0.0,22,36,310,1.3
San Ignacio de Moxos,2026-08-10 07:00:00,76,0.0,24,36,310,2.3
San Ignacio de Moxos,2026-08-10 07:00:00,79,0.0,29,56,310,3.3
San Ignacio de Moxos,2026-08-10 07:00:00,82,0.0,29,56,303,2.2
San Ignacio de Moxos,2026-08-10 07:00:00,85,0.0,26,36,289,1.1
San Ignacio de Moxos,2026-08-10 07:00:00,88,0.0,19,36,291,1.3
San Ignacio de Moxos,2026-08-10 07:00:00,91,0.0,19,55,288,1.4
San Ignacio de Velasco,2026-08-10 07:00:00,1,0.0,21,56,190,4.9
San Ignacio de Velasco,2026-08-10 07:00:00,4,0.0,24,56,190,4.3
San Ignacio de Velasco,2026-08-10 07:00:00,7,0.0,29,56,180,3.8
San Ignacio de Velasco,2026-08-10 07:00:00,10,0.0,29,56,180,4.8
San Ignacio de Velasco,2026-08-10 07:00:00,13,0.0,23,56,180,5.8
San Ignacio de Velasco,2026-08-10 07:00:00,16,0.0,20,56,190,6.2
San Ignacio de Velasco,2026-08-10 07:00:00,19,0.0,16,56,190,6.5
San Ignacio de Velasco,2026-08-10 07:00:00,22,0.0,16,36,183,5.2
San Ignacio de Velasco,2026-08-10 07:00:00,25,0.0,20,36,173,4.9
San Ignacio de Velasco,2026-08-10 07:00:00,28,0.0,23,36,180,3.7
San Ignacio de Velasco,2026-08-10 07:00:00,31,0.0,29,36,180,2.4
San Ignacio de Velasco,2026-08-10 07:00:00,34,0.0,29,36,190,2.3
San Ignacio de Velasco,2026-08-10 07:00:00,37,0.0,22,36,190,2.3
San Ignacio de Velasco,2026-08-10 07:00:00,40,0.0,21,36,197,2.3
San Ignacio de Velasco,2026-08-10 07:00:00,43,0.0,18,26,197,2.2
San Ignacio de Velasco,2026-08-10 07:00:00,46,0.0,18,26,214,1.5
San Ignacio de Velasco,2026-08-10 07:00:00,49,0.0,22,26,253,1.5
San Ignacio de Velasco,2026-08-10 07:00:00,52,0.0,27,26,303,2.5
San Ignacio de Velasco,2026-08-10 07:00:00,55,0.0,31,26,350,3.5
San Ignacio de Velasco,2026-08-10 07:00:00,58,0.0,31,26,350,2.5
San Ignacio de Velasco,2026-08-10 07:00:00,61,0.0,28,26,343,1.6
San Ignacio de Velasco,2026-08-10 07:00:00,64,0.0,26,26,333,1.5
San Ignacio de Velasco,2026-08-10 07:00:00,67,0.0,18,36,323,1.5
San Ignacio de Velasco,2026-08-10 07:00:00,70,0.0,18,36,320,1.6
San Ignacio de Velasco,2026-08-10 07:00:00,73,0.0,24,36,318,1.5
San Ignacio de Velasco,2026-08-10 07:00:00,76,0.0,26,36,328,3.0
San Ignacio de Velasco,2026-08-10 07:00:00,79,0.0,31,36,330,4.4
San Ignacio de Velasco,2026-08-10 07:00:00,82,0.0,31,36,267,2.7
San Ignacio de Velasco,2026-08-10 07:00:00,85,0.0,26,56,201,1.0
San Ignacio de Velasco,2026-08-10 07:00:00,88,0.0,18,56,260,0.9
San Ignacio de Velasco,2026-08-10 07:00:00,91,0.0,18,57,312,0.9
San Javier,2026-08-10 07:00:00,1,0.0,20,56,170,3.5
San Javier,2026-08-10 07:00:00,4,0.0,23,56,180,3.5
San Javier,2026-08-10 07:00:00,7,0.0,27,55,180,3.5
San Javier,2026-08-10 07:00:00,10,0.0,27,56,170,3.9
San Javier,2026-08-10 07:00:00,13,0.0,21,55,160,4.3
San Javier,2026-08-10 07:00:00,16,0.0,18,56,170,4.9
San Javier,2026-08-10 07:00:00,19,0.0,16,56,170,5.6
San Javier,2026-08-10 07:00:00,22,0.0,16,36,170,4.3
San Javier,2026-08-10 07:00:00,25,0.0,18,36,169,4.0
San Javier,2026-08-10 07:00:00,28,0.0,21,36,179,3.2
San Javier,2026-08-10 07:00:00,31,0.0,27,36,180,2.5
San Javier,2026-08-10 07:00:00,34,0.0,27,36,179,1.8
San Javier,2026-08-10 07:00:00,37,0.0,22,36,175,1.0
San Javier,2026-08-10 07:00:00,40,0.0,20,36,132,0.8
San Javier,2026-08-10 07:00:00,43,0.0,17,25,86,0.6
San Javier,2026-08-10 07:00:00,46,0.0,17,26,7,0.5
San Javier,2026-08-10 07:00:00,49,0.0,22,26,11,0.5
San Javier,2026-08-10 07:00:00,52,0.0,25,26,349,2.0
San Javier,2026-08-10 07:00:00,55,0.0,29,26,320,3.5
San Javier,2026-08-10 07:00:00,58,0.0,29,26,330,2.7
San Javier,2026-08-10 07:00:00,61,0.0,24,26,334,1.7
San Javier,2026-08-10 07:00:00,64,0.0,23,25,334,1.7
San Javier,2026-08-10 07:00:00,67,0.0,17,37,324,1.7
San Javier,2026-08-10 07:00:00,70,0.0,17,36,340,1.3
San Javier,2026-08-10 07:00:00,73,0.0,22,36,336,0.8
San Javier,2026-08-10 07:00:00,76,0.0,23,36,326,2.5
San Javier,2026-08-10 07:00:00,79,0.0,29,37,310,4.2
San Javier,2026-08-10 07:00:00,82,0.0,29,36,311,2.7
San Javier,2026-08-10 07:00:00,85,0.0,25,56,304,1.2
San Javier,2026-08-10 07:00:00,88,0.0,17,56,314,1.2
San Javier,2026-08-10 07:00:00,91,0.0,17,56,321,1.2
San Jose,2026-08-10 07:00:00,1,0.0,20,56,170,5.1
San Jose,2026-08-10 07:00:00,4,0.0,23,56,180,4.9
San Jose,2026-08-10 07:00:00,7,0.0,28,57,180,4.7
San Jose,2026-08-10 07:00:00,10,0.0,28,56,180,5.3
San Jose,2026-08-10 07:00:00,13,0.0,23,57,171,5.8
San Jose,2026-08-10 07:00:00,16,0.0,20,56,181,5.7
San Jose,2026-08-10 07:00:00,19,0.0,15,56,190,5.5
San Jose,2026-08-10 07:00:00,22,0.0,15,36,185,4.8
San Jose,2026-08-10 07:00:00,25,0.0,19,36,175,4.7
San Jose,2026-08-10 07:00:00,28,0.0,22,36,185,3.5
San Jose,2026-08-10 07:00:00,31,0.0,28,36,190,2.3
San Jose,2026-08-10 07:00:00,34,0.0,28,35,187,2.0
San Jose,2026-08-10 07:00:00,37,0.0,23,36,178,1.8
San Jose,2026-08-10 07:00:00,40,0.0,21,36,175,1.6
San Jose,2026-08-10 07:00:00,43,0.0,17,26,165,1.3
San Jose,2026-08-10 07:00:00,46,0.0,17,26,114,1.0
San Jose,2026-08-10 07:00:00,49,0.0,22,26,14,0.7
San Jose,2026-08-10 07:00:00,52,0.0,26,26,5,2.2
San Jose,2026-08-10 07:00:00,55,0.0,30,26,350,3.7
San Jose,2026-08-10 07:00:00,58,0.0,30,26,17,2.9
San Jose,2026-08-10 07:00:00,61,0.0,26,26,37,2.1
San Jose,2026-08-10 07:00:00,64,0.0,23,26,53,1.9
San Jose,2026-08-10 07:00:00,67,0.0,17,36,66,1.7
San Jose,2026-08-10 07:00:00,70,0.0,17,36,160,1.6
San Jose,2026-08-10 07:00:00,73,0.0,23,36,227,2.0
San Jose,2026-08-10 07:00:00,76,0.0,25,37,257,2.4
San Jose,2026-08-10 07:00:00,79,0.0,30,36,279,2.7
San Jose,2026-08-10 07:00:00,82,0.0,30,36,229,2.3
San Jose,2026-08-10 07:00:00,85,0.0,25,56,175,1.9
San Jose,2026-08-10 07:00:00,88,0.0,17,56,180,1.7
San Jose,2026-08-10 07:00:00,91,0.0,17,56,181,1.5
San Julian - Comunidad Los Angeles,2026-08-10 07:00:00,1,0.9,22,90,159,4.6
San Julian - Comunidad Los Angeles,2026-08-10 07:00:00,4,1.8,23,89,160,4.6
San Julian - Comunidad Los Angeles,2026-08-10 07:00:00,7,0.8,26,89,160,4.5
San Julian - Comunidad Los Angeles,2026-08-10 07:00:00,10,1.1,26,89,160,5.1
San Julian - Comunidad Los Angeles,2026-08-10 07:00:00,13,0.0,23,56,159,5.6
San Julian - Comunidad Los Angeles,2026-08-10 07:00:00,16,0.0,21,56,160,5.6
San Julian - Comunidad Los Angeles,2026-08-10 07:00:00,19,0.0,17,56,160,5.6
San Julian - Comunidad Los Angeles,2026-08-10 07:00:00,22,0.0,17,56,160,4.7
San Julian - Comunidad Los Angeles,2026-08-10 07:00:00,25,0.0,20,56,150,4.4
San Julian - Comunidad Los Angeles,2026-08-10 07:00:00,28,0.0,22,56,160,3.3
San Julian - Comunidad Los Angeles,2026-08-10 07:00:00,31,0.0,24,35,168,2.2
San Julian - Comunidad Los Angeles,2026-08-10 07:00:00,34,0.0,24,36,170,1.6
San Julian - Comunidad Los Angeles,2026-08-10 07:00:00,37,0.0,23,36,171,1.1
San Julian - Comunidad Los Angeles,2026-08-10 07:00:00,40,0.0,21,36,172,0.9
San Julian - Comunidad Los Angeles,2026-08-10 07:00:00,43,0.0,18,26,172,0.7
San Julian - Comunidad Los Angeles,2026-08-10 07:00:00,46,0.0,18,26,309,1.0
San Julian - Comunidad Los Angeles,2026-08-10 07:00:00,49,0.0,21,26,330,1.0
San Julian - Comunidad Los Angeles,2026-08-10 07:00:00,52,0.0,24,26,320,2.5
San Julian - Comunidad Los Angeles,2026-08-10 07:00:00,55,0.0,26,27,309,4.1
San Julian - Comunidad Los Angeles,2026-08-10 07:00:00,58,0.0,26,26,320,3.2
San Julian - Comunidad Los Angeles,2026-08-10 07:00:00,61,0.0,24,26,330,2.3
San Julian - Comunidad Los Angeles,2026-08-10 07:00:00,64,0.0,22,27,328,2.1
San Julian - Comunidad Los Angeles,2026-08-10 07:00:00,67,0.0,19,56,319,1.9
San Julian - Comunidad Los Angeles,2026-08-10 07:00:00,70,0.0,19,57,299,1.5
San Julian - Comunidad Los Angeles,2026-08-10 07:00:00,73,0.0,21,56,279,1.3
San Julian - Comunidad Los Angeles,2026-08-10 07:00:00,76,0.0,22,56,281,2.5
San Julian - Comunidad Los Angeles,2026-08-10 07:00:00,79,0.0,26,56,281,3.6
San Julian - Comunidad Los Angeles,2026-08-10 07:00:00,82,0.0,26,56,301,2.6
San Julian - Comunidad Los Angeles,2026-08-10 07:00:00,85,0.0,22,36,320,1.6
San Julian - Comunidad Los Angeles,2026-08-10 07:00:00,88,0.0,19,36,258,1.4
San Julian - Comunidad Los Angeles,2026-08-10 07:00:00,91,0.0,19,56,195,1.1
San Julián - Núcleo 32,2026-08-10 07:00:00,1,0.6,20,89,140,3.1
San Julián - Núcleo 32,2026-08-10 07:00:00,4,1.3,22,90,150,3.2
San Julián - Núcleo 32,2026-08-10 07:00:00,7,1.2,25,89,152,3.3
San Julián - Núcleo 32,2026-08-10 07:00:00,10,1.1,25,89,152,3.8
San Julián - Núcleo 32,2026-08-10 07:00:00,13,0.0,22,55,150,4.2
San Julián - Núcleo 32,2026-08-10 07:00:00,16,0.0,19,56,150,4.4
San Julián - Núcleo 32,2026-08-10 07:00:00,19,0.0,15,56,149,4.5
San Julián - Núcleo 32,2026-08-10 07:00:00,22,0.0,15,56,158,3.4
San Julián - Núcleo 32,2026-08-10 07:00:00,25,0.0,22,56,150,3.1
San Julián - Núcleo 32,2026-08-10 07:00:00,28,0.0,25,56,159,2.5
San Julián - Núcleo 32,2026-08-10 07:00:00,31,0.0,26,37,159,1.8
San Julián - Núcleo 32,2026-08-10 07:00:00,34,0.0,26,36,166,1.3
San Julián - Núcleo 32,2026-08-10 07:00:00,37,0.0,24,36,165,0.8
San Julián - Núcleo 32,2026-08-10 07:00:00,40,0.0,22,36,193,0.9
San Julián - Núcleo 32,2026-08-10 07:00:00,43,0.0,17,27,211,1.0
San Julián - Núcleo 32,2026-08-10 07:00:00,46,0.0,17,26,292,0.6
San Julián - Núcleo 32,2026-08-10 07:00:00,49,0.0,22,26,309,0.5
San Julián - Núcleo 32,2026-08-10 07:00:00,52,0.0,25,26,317,1.7
San Julián - Núcleo 32,2026-08-10 07:00:00,55,0.0,29,26,318,3.0
San Julián - Núcleo 32,2026-08-10 07:00:00,58,0.0,29,25,330,2.3
San Julián - Núcleo 32,2026-08-10 07:00:00,61,0.0,26,26,340,1.6
San Julián - Núcleo 32,2026-08-10 07:00:00,64,0.0,23,26,320,1.5
San Julián - Núcleo 32,2026-08-10 07:00:00,67,0.0,17,56,300,1.4
San Julián - Núcleo 32,2026-08-10 07:00:00,70,0.0,17,56,328,0.9
San Julián - Núcleo 32,2026-08-10 07:00:00,73,0.0,21,56,325,0.5
San Julián - Núcleo 32,2026-08-10 07:00:00,76,0.0,22,56,320,1.9
San Julián - Núcleo 32,2026-08-10 07:00:00,79,0.0,27,56,312,3.3
San Julián - Núcleo 32,2026-08-10 07:00:00,82,0.0,27,56,321,2.2
San Julián - Núcleo 32,2026-08-10 07:00:00,85,0.0,24,36,321,1.1
San Julián - Núcleo 32,2026-08-10 07:00:00,88,0.0,17,36,14,0.9
San Julián - Núcleo 32,2026-08-10 07:00:00,91,0.0,17,56,69,0.7
San Matias,2026-08-10 07:00:00,1,0.0,23,56,163,2.3
San Matias,2026-08-10 07:00:00,4,0.0,28,56,173,3.3
San Matias,2026-08-10 07:00:00,7,0.0,35,56,180,4.2
San Matias,2026-08-10 07:00:00,10,0.0,35,56,180,4.7
San Matias,2026-08-10 07:00:00,13,0.0,27,56,180,5.1
San Matias,2026-08-10 07:00:00,16,0.0,23,56,187,5.4
San Matias,2026-08-10 07:00:00,19,0.0,20,56,187,5.6
San Matias,2026-08-10 07:00:00,22,0.0,20,36,183,4.5
San Matias,2026-08-10 07:00:00,25,0.0,22,36,190,4.5
San Matias,2026-08-10 07:00:00,28,0.0,28,36,180,3.6
San Matias,2026-08-10 07:00:00,31,0.0,31,36,170,2.7
San Matias,2026-08-10 07:00:00,34,0.0,31,36,188,2.1
San Matias,2026-08-10 07:00:00,37,0.0,27,36,199,1.5
San Matias,2026-08-10 07:00:00,40,0.0,24,36,191,1.8
San Matias,2026-08-10 07:00:00,43,0.0,22,26,181,2.0
San Matias,2026-08-10 07:00:00,46,0.0,22,26,141,1.6
San Matias,2026-08-10 07:00:00,49,0.0,27,26,90,1.6
San Matias,2026-08-10 07:00:00,52,0.0,30,26,67,3.4
San Matias,2026-08-10 07:00:00,55,0.0,34,26,35,5.2
San Matias,2026-08-10 07:00:00,58,0.0,34,26,37,3.5
San Matias,2026-08-10 07:00:00,61,0.0,28,26,37,1.9
San Matias,2026-08-10 07:00:00,64,0.0,26,26,28,2.1
San Matias,2026-08-10 07:00:00,67,0.0,22,36,13,2.2
San Matias,2026-08-10 07:00:00,70,0.0,22,37,11,2.2
San Matias,2026-08-10 07:00:00,73,0.0,26,37,28,2.3
San Matias,2026-08-10 07:00:00,76,0.0,28,36,347,3.3
San Matias,2026-08-10 07:00:00,79,0.0,35,36,307,4.2
San Matias,2026-08-10 07:00:00,82,0.0,35,36,317,3.2
San Matias,2026-08-10 07:00:00,85,0.0,30,56,320,2.2
San Matias,2026-08-10 07:00:00,88,0.0,22,56,345,2.0
San Matias,2026-08-10 07:00:00,91,0.0,22,56,9,1.8
San Pablo de Lipez (GPRS),2026-08-10 07:00:00,1,0.0,2,56,329,2.3
San Pablo de Lipez (GPRS),2026-08-10 07:00:00,4,0.0,5,56,329,5.4
San Pablo de Lipez (GPRS),2026-08-10 07:00:00,7,0.0,11,56,320,8.5
San Pablo de Lipez (GPRS),2026-08-10 07:00:00,10,0.0,11,56,339,6.0
San Pablo de Lipez (GPRS),2026-08-10 07:00:00,13,0.0,4,56,349,3.6
San Pablo de Lipez (GPRS),2026-08-10 07:00:00,16,0.0,-2,56,335,3.4
San Pablo de Lipez (GPRS),2026-08-10 07:00:00,19,0.0,-7,56,320,3.2
San Pablo de Lipez (GPRS),2026-08-10 07:00:00,22,3.2,-7,89,329,2.0
San Pablo de Lipez (GPRS),2026-08-10 07:00:00,25,2.5,-1,89,329,2.2
San Pablo de Lipez (GPRS),2026-08-10 07:00:00,28,2.1,0,89,329,3.7
San Pablo de Lipez (GPRS),2026-08-10 07:00:00,31,0.0,9,56,320,5.2
San Pablo de Lipez (GPRS),2026-08-10 07:00:00,34,0.0,9,57,320,3.9
San Pablo de Lipez (GPRS),2026-08-10 07:00:00,37,1.8,7,90,319,2.6
San Pablo de Lipez (GPRS),2026-08-10 07:00:00,40,2.4,-1,90,314,2.8
San Pablo de Lipez (GPRS),2026-08-10 07:00:00,43,0.0,-8,36,304,2.9
San Pablo de Lipez (GPRS),2026-08-10 07:00:00,46,0.0,-8,37,329,3.9
San Pablo de Lipez (GPRS),2026-08-10 07:00:00,49,0.0,3,36,329,4.2
San Pablo de Lipez (GPRS),2026-08-10 07:00:00,52,0.0,7,36,319,6.9
San Pablo de Lipez (GPRS),2026-08-10 07:00:00,55,0.4,10,90,300,9.5
San Pablo de Lipez (GPRS),2026-08-10 07:00:00,58,2.3,10,89,310,7.4
San Pablo de Lipez (GPRS),2026-08-10 07:00:00,61,0.0,7,36,310,5.3
San Pablo de Lipez (GPRS),2026-08-10 07:00:00,64,0.0,3,36,320,4.5
San Pablo de Lipez (GPRS),2026-08-10 07:00:00,67,0.0,-8,26,329,3.7
San Pablo de Lipez (GPRS),2026-08-10 07:00:00,70,0.0,-8,27,344,2.9
San Pablo de Lipez (GPRS),2026-08-10 07:00:00,73,0.0,-4,26,345,2.9
San Pablo de Lipez (GPRS),2026-08-10 07:00:00,76,0.0,0,26,325,7.6
San Pablo de Lipez (GPRS),2026-08-10 07:00:00,79,0.0,11,36,300,12.4
San Pablo de Lipez (GPRS),2026-08-10 07:00:00,82,0.0,11,36,300,8.3
San Pablo de Lipez (GPRS),2026-08-10 07:00:00,85,0.0,-4,36,296,4.2
San Pablo de Lipez (GPRS),2026-08-10 07:00:00,88,0.0,-8,36,330,3.6
San Pablo de Lipez (GPRS),2026-08-10 07:00:00,91,0.0,-8,56,359,3.1
San Pedro - Río Victoria,2026-08-10 07:00:00,1,1.6,21,89,133,2.9
San Pedro - Río Victoria,2026-08-10 07:00:00,4,2.0,23,89,130,3.0
San Pedro - Río Victoria,2026-08-10 07:00:00,7,1.5,25,89,120,3.0
San Pedro - Río Victoria,2026-08-10 07:00:00,10,1.5,25,90,130,3.3
San Pedro - Río Victoria,2026-08-10 07:00:00,13,0.0,23,56,140,3.6
San Pedro - Río Victoria,2026-08-10 07:00:00,16,0.0,21,56,140,3.8
San Pedro - Río Victoria,2026-08-10 07:00:00,19,0.0,15,56,130,4.0
San Pedro - Río Victoria,2026-08-10 07:00:00,22,0.0,15,56,143,3.0
San Pedro - Río Victoria,2026-08-10 07:00:00,25,0.0,20,56,136,2.8
San Pedro - Río Victoria,2026-08-10 07:00:00,28,0.0,23,56,146,2.4
San Pedro - Río Victoria,2026-08-10 07:00:00,31,0.0,27,37,156,2.0
San Pedro - Río Victoria,2026-08-10 07:00:00,34,0.0,27,36,190,1.6
San Pedro - Río Victoria,2026-08-10 07:00:00,37,0.0,23,36,220,1.4
San Pedro - Río Victoria,2026-08-10 07:00:00,40,0.0,20,37,220,1.4
San Pedro - Río Victoria,2026-08-10 07:00:00,43,0.0,16,34,210,1.3
San Pedro - Río Victoria,2026-08-10 07:00:00,46,0.0,16,34,247,0.9
San Pedro - Río Victoria,2026-08-10 07:00:00,49,0.0,23,33,258,0.6
San Pedro - Río Victoria,2026-08-10 07:00:00,52,0.0,26,34,287,1.6
San Pedro - Río Victoria,2026-08-10 07:00:00,55,0.0,29,29,310,2.7
San Pedro - Río Victoria,2026-08-10 07:00:00,58,0.0,29,28,330,2.1
San Pedro - Río Victoria,2026-08-10 07:00:00,61,0.0,26,26,346,1.5
San Pedro - Río Victoria,2026-08-10 07:00:00,64,0.0,23,26,310,1.6
San Pedro - Río Victoria,2026-08-10 07:00:00,67,0.0,16,57,267,1.6
San Pedro - Río Victoria,2026-08-10 07:00:00,70,0.0,16,56,330,0.9
San Pedro - Río Victoria,2026-08-10 07:00:00,73,0.0,19,56,5,0.4
San Pedro - Río Victoria,2026-08-10 07:00:00,76,0.0,22,56,340,1.9
San Pedro - Río Victoria,2026-08-10 07:00:00,79,0.0,27,56,313,3.4
San Pedro - Río Victoria,2026-08-10 07:00:00,82,0.0,27,56,304,2.2
San Pedro - Río Victoria,2026-08-10 07:00:00,85,0.0,18,36,289,0.9
San Pedro - Río Victoria,2026-08-10 07:00:00,88,0.0,16,37,274,0.9
San Pedro - Río Victoria,2026-08-10 07:00:00,91,0.0,16,56,256,0.8
San Pedro de Buena Vista,2026-08-10 07:00:00,1,0.0,9,56,323,2.7
San Pedro de Buena Vista,2026-08-10 07:00:00,4,0.0,13,56,2,3.4
San Pedro de Buena Vista,2026-08-10 07:00:00,7,0.0,21,56,32,4.2
San Pedro de Buena Vista,2026-08-10 07:00:00,10,0.0,21,57,48,3.0
San Pedro de Buena Vista,2026-08-10 07:00:00,13,1.6,11,76,58,1.9
San Pedro de Buena Vista,2026-08-10 07:00:00,16,1.7,7,76,49,1.8
San Pedro de Buena Vista,2026-08-10 07:00:00,19,0.0,4,57,39,1.6
San Pedro de Buena Vista,2026-08-10 07:00:00,22,0.0,4,56,359,1.3
San Pedro de Buena Vista,2026-08-10 07:00:00,25,0.0,8,56,3,0.9
San Pedro de Buena Vista,2026-08-10 07:00:00,28,0.0,11,56,33,1.5
San Pedro de Buena Vista,2026-08-10 07:00:00,31,2.0,19,89,56,2.1
San Pedro de Buena Vista,2026-08-10 07:00:00,34,2.8,19,89,46,1.9
San Pedro de Buena Vista,2026-08-10 07:00:00,37,0.0,14,56,36,1.7
San Pedro de Buena Vista,2026-08-10 07:00:00,40,0.0,7,56,12,1.9
San Pedro de Buena Vista,2026-08-10 07:00:00,43,0.0,5,36,344,2.0
San Pedro de Buena Vista,2026-08-10 07:00:00,46,0.0,5,36,300,4.2
San Pedro de Buena Vista,2026-08-10 07:00:00,49,0.0,8,36,308,4.5
San Pedro de Buena Vista,2026-08-10 07:00:00,52,0.0,13,36,336,4.7
San Pedro de Buena Vista,2026-08-10 07:00:00,55,0.0,20,36,358,4.9
San Pedro de Buena Vista,2026-08-10 07:00:00,58,0.0,20,36,323,3.6
San Pedro de Buena Vista,2026-08-10 07:00:00,61,0.0,13,36,285,2.3
San Pedro de Buena Vista,2026-08-10 07:00:00,64,0.0,11,36,303,2.1
San Pedro de Buena Vista,2026-08-10 07:00:00,67,0.0,4,36,314,1.9
San Pedro de Buena Vista,2026-08-10 07:00:00,70,0.0,4,36,310,2.2
San Pedro de Buena Vista,2026-08-10 07:00:00,73,0.0,10,37,338,1.1
San Pedro de Buena Vista,2026-08-10 07:00:00,76,0.0,14,37,2,2.8
San Pedro de Buena Vista,2026-08-10 07:00:00,79,0.0,20,36,16,4.6
San Pedro de Buena Vista,2026-08-10 07:00:00,82,0.0,20,36,310,2.7
San Pedro de Buena Vista,2026-08-10 07:00:00,85,0.0,10,56,241,0.7
San Pedro de Buena Vista,2026-08-10 07:00:00,88,0.0,4,56,293,1.0
San Pedro de Buena Vista,2026-08-10 07:00:00,91,0.0,4,56,337,1.2
San Pedro de Tiquina,2026-08-10 07:00:00,1,0.0,5,55,44,3.1
San Pedro de Tiquina,2026-08-10 07:00:00,4,0.0,7,56,23,4.2
San Pedro de Tiquina,2026-08-10 07:00:00,7,0.0,12,56,3,5.3
San Pedro de Tiquina,2026-08-10 07:00:00,10,0.0,12,56,2,5.2
San Pedro de Tiquina,2026-08-10 07:00:00,13,1.6,10,76,352,5.0
San Pedro de Tiquina,2026-08-10 07:00:00,16,1.5,7,76,3,4.0
San Pedro de Tiquina,2026-08-10 07:00:00,19,0.0,4,56,13,3.1
San Pedro de Tiquina,2026-08-10 07:00:00,22,0.0,4,56,13,3.3
San Pedro de Tiquina,2026-08-10 07:00:00,25,0.0,7,56,23,3.1
San Pedro de Tiquina,2026-08-10 07:00:00,28,0.0,9,56,353,5.0
San Pedro de Tiquina,2026-08-10 07:00:00,31,0.0,13,56,319,6.9
San Pedro de Tiquina,2026-08-10 07:00:00,34,0.0,13,56,343,5.9
San Pedro de Tiquina,2026-08-10 07:00:00,37,0.0,9,56,3,4.8
San Pedro de Tiquina,2026-08-10 07:00:00,40,0.0,7,56,13,4.1
San Pedro de Tiquina,2026-08-10 07:00:00,43,0.0,4,36,13,3.3
San Pedro de Tiquina,2026-08-10 07:00:00,46,0.0,4,36,43,2.1
San Pedro de Tiquina,2026-08-10 07:00:00,49,0.0,8,36,44,2.0
San Pedro de Tiquina,2026-08-10 07:00:00,52,0.0,10,36,360,3.7
San Pedro de Tiquina,2026-08-10 07:00:00,55,0.0,14,36,307,5.3
San Pedro de Tiquina,2026-08-10 07:00:00,58,0.0,15,37,339,5.5
San Pedro de Tiquina,2026-08-10 07:00:00,61,0.0,10,36,2,5.7
San Pedro de Tiquina,2026-08-10 07:00:00,64,0.0,8,36,30,4.0
San Pedro de Tiquina,2026-08-10 07:00:00,67,0.0,4,36,48,2.2
San Pedro de Tiquina,2026-08-10 07:00:00,70,0.0,4,36,3,2.1
San Pedro de Tiquina,2026-08-10 07:00:00,73,0.0,7,35,358,1.7
San Pedro de Tiquina,2026-08-10 07:00:00,76,0.0,9,37,347,4.0
San Pedro de Tiquina,2026-08-10 07:00:00,79,0.0,14,56,327,6.3
San Pedro de Tiquina,2026-08-10 07:00:00,82,0.0,15,57,359,5.4
San Pedro de Tiquina,2026-08-10 07:00:00,85,0.0,8,56,23,4.6
San Pedro de Tiquina,2026-08-10 07:00:00,88,0.0,4,56,43,2.9
San Pedro de Tiquina,2026-08-10 07:00:00,91,0.0,4,56,57,1.3
San Ramon,2026-08-10 07:00:00,1,0.0,23,56,250,2.4
San Ramon,2026-08-10 07:00:00,4,0.0,25,56,221,1.6
San Ramon,2026-08-10 07:00:00,7,0.9,31,89,187,0.9
San Ramon,2026-08-10 07:00:00,10,2.0,31,89,171,2.1
San Ramon,2026-08-10 07:00:00,13,0.0,26,56,150,3.4
San Ramon,2026-08-10 07:00:00,16,0.0,23,55,175,3.7
San Ramon,2026-08-10 07:00:00,19,0.0,18,55,195,4.0
San Ramon,2026-08-10 07:00:00,22,2.3,18,89,180,4.1
San Ramon,2026-08-10 07:00:00,25,2.2,21,89,160,4.5
San Ramon,2026-08-10 07:00:00,28,1.9,24,89,170,4.2
San Ramon,2026-08-10 07:00:00,31,0.0,28,56,170,3.8
San Ramon,2026-08-10 07:00:00,34,0.0,28,56,195,3.4
San Ramon,2026-08-10 07:00:00,37,0.0,25,36,215,2.9
San Ramon,2026-08-10 07:00:00,40,0.0,23,36,210,2.7
San Ramon,2026-08-10 07:00:00,43,0.0,20,26,200,2.4
San Ramon,2026-08-10 07:00:00,46,0.0,20,26,173,2.2
San Ramon,2026-08-10 07:00:00,49,0.0,24,26,147,1.9
San Ramon,2026-08-10 07:00:00,52,0.0,26,26,217,1.5
San Ramon,2026-08-10 07:00:00,55,0.0,29,36,280,1.2
San Ramon,2026-08-10 07:00:00,58,0.0,29,36,260,1.4
San Ramon,2026-08-10 07:00:00,61,0.0,26,26,240,1.5
San Ramon,2026-08-10 07:00:00,64,0.0,24,26,268,1.8
San Ramon,2026-08-10 07:00:00,67,0.0,20,36,288,2.1
San Ramon,2026-08-10 07:00:00,70,0.0,20,36,333,1.9
San Ramon,2026-08-10 07:00:00,73,0.0,25,36,355,2.2
San Ramon,2026-08-10 07:00:00,76,0.0,26,36,330,3.2
San Ramon,2026-08-10 07:00:00,79,0.0,30,56,300,4.1
San Ramon,2026-08-10 07:00:00,82,0.0,30,56,295,2.7
San Ramon,2026-08-10 07:00:00,85,0.0,27,36,283,1.3
San Ramon,2026-08-10 07:00:00,88,0.0,20,36,320,1.8
San Ramon,2026-08-10 07:00:00,91,0.0,20,56,355,2.3
San Roque - La Paz,2026-08-10 07:00:00,1,0.0,3,56,103,2.1
San Roque - La Paz,2026-08-10 07:00:00,4,0.0,6,56,70,3.9
San Roque - La Paz,2026-08-10 07:00:00,7,0.0,14,57,36,5.7
San Roque - La Paz,2026-08-10 07:00:00,10,0.0,14,56,54,4.5
San Roque - La Paz,2026-08-10 07:00:00,13,1.3,6,77,67,3.4
San Roque - La Paz,2026-08-10 07:00:00,16,1.5,1,76,67,2.5
San Roque - La Paz,2026-08-10 07:00:00,19,0.0,-6,56,60,1.5
San Roque - La Paz,2026-08-10 07:00:00,22,0.0,-6,56,77,2.2
San Roque - La Paz,2026-08-10 07:00:00,25,0.0,3,55,67,1.7
San Roque - La Paz,2026-08-10 07:00:00,28,0.0,6,56,31,3.1
San Roque - La Paz,2026-08-10 07:00:00,31,0.0,14,55,348,4.5
San Roque - La Paz,2026-08-10 07:00:00,34,0.0,14,56,31,3.6
San Roque - La Paz,2026-08-10 07:00:00,37,0.0,10,56,73,2.7
San Roque - La Paz,2026-08-10 07:00:00,40,0.0,6,56,83,2.2
San Roque - La Paz,2026-08-10 07:00:00,43,0.0,-5,36,83,1.8
San Roque - La Paz,2026-08-10 07:00:00,46,0.0,-5,36,110,2.1
San Roque - La Paz,2026-08-10 07:00:00,49,0.0,2,37,103,1.8
San Roque - La Paz,2026-08-10 07:00:00,52,0.0,7,36,178,4.1
San Roque - La Paz,2026-08-10 07:00:00,55,0.0,15,37,294,6.4
San Roque - La Paz,2026-08-10 07:00:00,58,0.0,15,35,311,3.8
San Roque - La Paz,2026-08-10 07:00:00,61,0.0,7,36,94,1.2
San Roque - La Paz,2026-08-10 07:00:00,64,0.0,5,36,104,1.5
San Roque - La Paz,2026-08-10 07:00:00,67,0.0,-5,37,114,1.8
San Roque - La Paz,2026-08-10 07:00:00,70,0.0,-5,36,94,1.0
San Roque - La Paz,2026-08-10 07:00:00,73,0.0,3,36,41,0.5
San Roque - La Paz,2026-08-10 07:00:00,76,0.0,9,36,347,4.0
San Roque - La Paz,2026-08-10 07:00:00,79,0.0,15,56,290,7.4
San Roque - La Paz,2026-08-10 07:00:00,82,0.0,15,55,321,5.3
San Roque - La Paz,2026-08-10 07:00:00,85,0.0,6,56,103,3.3
San Roque - La Paz,2026-08-10 07:00:00,88,0.0,-5,56,123,2.9
San Roque - La Paz,2026-08-10 07:00:00,91,0.0,-5,56,137,2.3
Santa Ana,2026-08-10 07:00:00,1,0.0,22,56,270,2.5
Santa Ana,2026-08-10 07:00:00,4,0.0,24,56,290,2.6
Santa Ana,2026-08-10 07:00:00,7,0.6,31,89,309,2.7
Santa Ana,2026-08-10 07:00:00,10,1.2,31,89,243,2.4
Santa Ana,2026-08-10 07:00:00,13,0.0,26,55,167,2.0
Santa Ana,2026-08-10 07:00:00,16,0.0,21,55,180,3.0
Santa Ana,2026-08-10 07:00:00,19,0.0,18,56,187,3.9
Santa Ana,2026-08-10 07:00:00,22,1.7,18,89,180,3.1
Santa Ana,2026-08-10 07:00:00,25,2.8,20,88,150,3.6
Santa Ana,2026-08-10 07:00:00,28,2.8,24,88,170,3.5
Santa Ana,2026-08-10 07:00:00,31,0.0,28,56,183,3.4
Santa Ana,2026-08-10 07:00:00,34,0.0,28,56,203,3.1
Santa Ana,2026-08-10 07:00:00,37,0.0,24,36,213,2.8
Santa Ana,2026-08-10 07:00:00,40,0.0,21,36,213,2.6
Santa Ana,2026-08-10 07:00:00,43,0.0,20,26,210,2.3
Santa Ana,2026-08-10 07:00:00,46,0.0,20,27,210,2.2
Santa Ana,2026-08-10 07:00:00,49,0.0,23,26,200,2.1
Santa Ana,2026-08-10 07:00:00,52,0.0,26,27,250,2.2
Santa Ana,2026-08-10 07:00:00,55,0.0,29,36,300,2.3
Santa Ana,2026-08-10 07:00:00,58,0.0,29,36,270,2.1
Santa Ana,2026-08-10 07:00:00,61,0.0,25,26,231,1.9
Santa Ana,2026-08-10 07:00:00,64,0.0,22,26,251,2.1
Santa Ana,2026-08-10 07:00:00,67,0.0,20,36,270,2.3
Santa Ana,2026-08-10 07:00:00,70,0.0,20,36,330,1.0
Santa Ana,2026-08-10 07:00:00,73,0.0,23,36,330,1.5
Santa Ana,2026-08-10 07:00:00,76,0.0,25,36,320,2.7
Santa Ana,2026-08-10 07:00:00,79,0.0,30,55,310,3.9
Santa Ana,2026-08-10 07:00:00,82,0.0,30,56,287,2.7
Santa Ana,2026-08-10 07:00:00,85,0.0,26,36,256,1.5
Santa Ana,2026-08-10 07:00:00,88,0.0,20,37,297,1.7
Santa Ana,2026-08-10 07:00:00,91,0.0,20,56,334,2.0
Santa Cruz - Trompillo,2026-08-10 07:00:00,1,2.1,19,89,168,6.6
Santa Cruz - Trompillo,2026-08-10 07:00:00,4,2.3,21,89,158,6.4
Santa Cruz - Trompillo,2026-08-10 07:00:00,7,1.9,23,89,142,6.2
Santa Cruz - Trompillo,2026-08-10 07:00:00,10,2.3,23,89,152,6.7
Santa Cruz - Trompillo,2026-08-10 07:00:00,13,0.0,20,56,162,7.2
Santa Cruz - Trompillo,2026-08-10 07:00:00,16,0.0,18,56,162,7.3
Santa Cruz - Trompillo,2026-08-10 07:00:00,19,0.0,16,56,162,7.4
Santa Cruz - Trompillo,2026-08-10 07:00:00,22,0.0,16,56,162,5.4
Santa Cruz - Trompillo,2026-08-10 07:00:00,25,0.0,17,57,152,4.8
Santa Cruz - Trompillo,2026-08-10 07:00:00,28,0.0,20,56,130,3.0
Santa Cruz - Trompillo,2026-08-10 07:00:00,31,0.0,24,36,106,1.3
Santa Cruz - Trompillo,2026-08-10 07:00:00,34,0.0,24,36,36,1.5
Santa Cruz - Trompillo,2026-08-10 07:00:00,37,0.0,20,36,317,1.8
Santa Cruz - Trompillo,2026-08-10 07:00:00,40,0.0,19,36,287,1.6
Santa Cruz - Trompillo,2026-08-10 07:00:00,43,0.0,18,26,250,1.4
Santa Cruz - Trompillo,2026-08-10 07:00:00,46,0.0,18,26,250,1.5
Santa Cruz - Trompillo,2026-08-10 07:00:00,49,0.0,20,25,188,1.2
Santa Cruz - Trompillo,2026-08-10 07:00:00,52,0.0,22,26,260,4.2
Santa Cruz - Trompillo,2026-08-10 07:00:00,55,0.0,27,26,332,7.1
Santa Cruz - Trompillo,2026-08-10 07:00:00,58,0.0,27,26,332,6.3
Santa Cruz - Trompillo,2026-08-10 07:00:00,61,0.0,23,26,322,5.6
Santa Cruz - Trompillo,2026-08-10 07:00:00,64,0.0,21,26,322,4.9
Santa Cruz - Trompillo,2026-08-10 07:00:00,67,0.0,18,56,320,4.3
Santa Cruz - Trompillo,2026-08-10 07:00:00,70,0.0,18,56,239,4.9
Santa Cruz - Trompillo,2026-08-10 07:00:00,73,0.0,20,55,159,4.9
Santa Cruz - Trompillo,2026-08-10 07:00:00,76,0.0,21,57,88,4.3
Santa Cruz - Trompillo,2026-08-10 07:00:00,79,0.0,25,56,10,3.7
Santa Cruz - Trompillo,2026-08-10 07:00:00,82,0.0,25,56,358,2.9
Santa Cruz - Trompillo,2026-08-10 07:00:00,85,0.0,21,37,335,2.1
Santa Cruz - Trompillo,2026-08-10 07:00:00,88,0.0,17,36,256,3.5
Santa Cruz - Trompillo,2026-08-10 07:00:00,91,0.0,17,56,168,4.8
Santa Cruz - Viru Viru,2026-08-10 07:00:00,1,1.9,20,89,161,6.7
Santa Cruz - Viru Viru,2026-08-10 07:00:00,4,2.1,21,89,152,6.4
Santa Cruz - Viru Viru,2026-08-10 07:00:00,7,1.3,23,89,142,6.2
Santa Cruz - Viru Viru,2026-08-10 07:00:00,10,2.0,23,89,152,6.9
Santa Cruz - Viru Viru,2026-08-10 07:00:00,13,0.0,21,56,160,7.5
Santa Cruz - Viru Viru,2026-08-10 07:00:00,16,0.0,18,56,160,7.6
Santa Cruz - Viru Viru,2026-08-10 07:00:00,19,0.0,15,55,160,7.7
Santa Cruz - Viru Viru,2026-08-10 07:00:00,22,0.0,16,56,161,5.6
Santa Cruz - Viru Viru,2026-08-10 07:00:00,25,0.0,18,56,151,4.8
Santa Cruz - Viru Viru,2026-08-10 07:00:00,28,0.0,21,56,141,3.2
Santa Cruz - Viru Viru,2026-08-10 07:00:00,31,0.0,24,36,127,1.5
Santa Cruz - Viru Viru,2026-08-10 07:00:00,34,0.0,24,36,66,1.5
Santa Cruz - Viru Viru,2026-08-10 07:00:00,37,0.0,21,36,312,1.6
Santa Cruz - Viru Viru,2026-08-10 07:00:00,40,0.0,19,36,285,1.5
Santa Cruz - Viru Viru,2026-08-10 07:00:00,43,0.0,17,26,250,1.5
Santa Cruz - Viru Viru,2026-08-10 07:00:00,46,0.0,17,26,272,1.7
Santa Cruz - Viru Viru,2026-08-10 07:00:00,49,0.0,20,26,234,1.5
Santa Cruz - Viru Viru,2026-08-10 07:00:00,52,0.0,22,26,284,4.1
Santa Cruz - Viru Viru,2026-08-10 07:00:00,55,0.0,27,26,331,6.7
Santa Cruz - Viru Viru,2026-08-10 07:00:00,58,0.0,27,26,331,5.6
Santa Cruz - Viru Viru,2026-08-10 07:00:00,61,0.0,23,26,321,4.5
Santa Cruz - Viru Viru,2026-08-10 07:00:00,64,0.0,21,26,314,4.2
Santa Cruz - Viru Viru,2026-08-10 07:00:00,67,0.0,17,56,304,3.9
Santa Cruz - Viru Viru,2026-08-10 07:00:00,70,0.0,17,56,235,4.5
Santa Cruz - Viru Viru,2026-08-10 07:00:00,73,0.0,20,56,155,4.9
Santa Cruz - Viru Viru,2026-08-10 07:00:00,76,0.0,21,57,85,3.9
Santa Cruz - Viru Viru,2026-08-10 07:00:00,79,0.0,25,56,9,2.9
Santa Cruz - Viru Viru,2026-08-10 07:00:00,82,0.0,25,57,1,2.5
Santa Cruz - Viru Viru,2026-08-10 07:00:00,85,0.0,22,36,344,2.2
Santa Cruz - Viru Viru,2026-08-10 07:00:00,88,0.0,18,36,354,3.6
Santa Cruz - Viru Viru,2026-08-10 07:00:00,91,0.0,18,56,162,5.0
Santa Rosa,2026-08-10 07:00:00,1,0.0,23,57,296,1.7
Santa Rosa,2026-08-10 07:00:00,4,0.0,25,56,307,1.9
Santa Rosa,2026-08-10 07:00:00,7,2.3,30,90,315,2.1
Santa Rosa,2026-08-10 07:00:00,10,1.6,30,89,263,3.1
Santa Rosa,2026-08-10 07:00:00,13,1.8,23,89,141,4.2
Santa Rosa,2026-08-10 07:00:00,16,1.4,21,89,151,3.8
Santa Rosa,2026-08-10 07:00:00,19,0.0,17,56,156,3.5
Santa Rosa,2026-08-10 07:00:00,22,0.0,17,56,174,2.2
Santa Rosa,2026-08-10 07:00:00,25,0.0,20,56,179,2.2
Santa Rosa,2026-08-10 07:00:00,28,0.0,22,57,160,2.4
Santa Rosa,2026-08-10 07:00:00,31,0.0,28,56,140,2.8
Santa Rosa,2026-08-10 07:00:00,34,0.0,28,57,150,2.4
Santa Rosa,2026-08-10 07:00:00,37,0.0,22,56,160,2.0
Santa Rosa,2026-08-10 07:00:00,40,0.0,21,57,190,1.6
Santa Rosa,2026-08-10 07:00:00,43,0.0,19,56,210,1.2
Santa Rosa,2026-08-10 07:00:00,46,0.0,19,56,240,1.5
Santa Rosa,2026-08-10 07:00:00,49,0.0,24,56,240,1.5
Santa Rosa,2026-08-10 07:00:00,52,0.0,27,56,290,1.7
Santa Rosa,2026-08-10 07:00:00,55,0.0,29,36,338,1.9
Santa Rosa,2026-08-10 07:00:00,58,0.0,29,37,319,1.8
Santa Rosa,2026-08-10 07:00:00,61,0.0,26,26,295,1.7
Santa Rosa,2026-08-10 07:00:00,64,0.0,25,26,289,1.8
Santa Rosa,2026-08-10 07:00:00,67,0.0,20,36,280,1.8
Santa Rosa,2026-08-10 07:00:00,70,0.0,20,36,294,1.5
Santa Rosa,2026-08-10 07:00:00,73,0.0,23,36,306,1.9
Santa Rosa,2026-08-10 07:00:00,76,0.0,26,36,324,2.4
Santa Rosa,2026-08-10 07:00:00,79,0.0,30,56,339,2.9
Santa Rosa,2026-08-10 07:00:00,82,0.0,30,56,330,2.3
Santa Rosa,2026-08-10 07:00:00,85,0.0,26,56,316,1.8
Santa Rosa,2026-08-10 07:00:00,88,0.0,20,57,290,1.5
Santa Rosa,2026-08-10 07:00:00,91,0.0,20,56,254,1.3
Santos Mercado - PD,2026-08-10 07:00:00,1,0.0,24,57,270,0.9
Santos Mercado - PD,2026-08-10 07:00:00,4,0.0,29,56,330,0.8
Santos Mercado - PD,2026-08-10 07:00:00,7,0.0,33,56,19,0.6
Santos Mercado - PD,2026-08-10 07:00:00,10,0.0,33,56,99,0.6
Santos Mercado - PD,2026-08-10 07:00:00,13,2.0,27,77,179,0.7
Santos Mercado - PD,2026-08-10 07:00:00,16,0.5,24,76,170,1.1
Santos Mercado - PD,2026-08-10 07:00:00,19,0.0,18,56,160,1.6
Santos Mercado - PD,2026-08-10 07:00:00,22,3.4,18,90,170,2.4
Santos Mercado - PD,2026-08-10 07:00:00,25,2.1,25,90,170,2.2
Santos Mercado - PD,2026-08-10 07:00:00,28,1.8,29,89,180,2.3
Santos Mercado - PD,2026-08-10 07:00:00,31,0.0,30,56,180,2.5
Santos Mercado - PD,2026-08-10 07:00:00,34,0.0,30,56,190,2.4
Santos Mercado - PD,2026-08-10 07:00:00,37,0.0,28,36,190,2.3
Santos Mercado - PD,2026-08-10 07:00:00,40,0.0,24,37,210,1.6
Santos Mercado - PD,2026-08-10 07:00:00,43,0.0,20,57,230,0.9
Santos Mercado - PD,2026-08-10 07:00:00,46,0.0,20,56,220,0.9
Santos Mercado - PD,2026-08-10 07:00:00,49,0.0,25,56,200,1.1
Santos Mercado - PD,2026-08-10 07:00:00,52,0.0,28,56,230,0.6
Santos Mercado - PD,2026-08-10 07:00:00,55,0.0,31,36,260,0.2
Santos Mercado - PD,2026-08-10 07:00:00,58,0.0,31,36,290,0.6
Santos Mercado - PD,2026-08-10 07:00:00,61,0.0,29,35,320,1.0
Santos Mercado - PD,2026-08-10 07:00:00,64,0.0,26,37,280,1.0
Santos Mercado - PD,2026-08-10 07:00:00,67,0.0,20,37,230,1.0
Santos Mercado - PD,2026-08-10 07:00:00,70,0.0,20,35,330,1.5
Santos Mercado - PD,2026-08-10 07:00:00,73,0.0,26,36,330,1.7
Santos Mercado - PD,2026-08-10 07:00:00,76,0.0,27,36,330,1.8
Santos Mercado - PD,2026-08-10 07:00:00,79,0.0,32,57,330,1.8
Santos Mercado - PD,2026-08-10 07:00:00,82,0.0,32,57,320,1.4
Santos Mercado - PD,2026-08-10 07:00:00,85,0.0,29,56,310,1.0
Santos Mercado - PD,2026-08-10 07:00:00,88,0.0,20,57,340,1.1
Santos Mercado - PD,2026-08-10 07:00:00,91,0.0,20,56,360,1.3
Sena - PD,2026-08-10 07:00:00,1,0.0,25,56,255,1.1
Sena - PD,2026-08-10 07:00:00,4,0.0,29,56,270,1.3
Sena - PD,2026-08-10 07:00:00,7,0.0,33,56,280,1.5
Sena - PD,2026-08-10 07:00:00,10,0.0,33,56,322,1.4
Sena - PD,2026-08-10 07:00:00,13,1.2,28,76,357,1.3
Sena - PD,2026-08-10 07:00:00,16,0.9,25,76,288,1.7
Sena - PD,2026-08-10 07:00:00,19,0.0,18,56,190,2.1
Sena - PD,2026-08-10 07:00:00,22,2.4,18,89,170,1.8
Sena - PD,2026-08-10 07:00:00,25,2.7,24,89,180,2.0
Sena - PD,2026-08-10 07:00:00,28,1.8,27,89,180,2.2
Sena - PD,2026-08-10 07:00:00,31,0.0,30,56,180,2.3
Sena - PD,2026-08-10 07:00:00,34,0.0,30,56,205,2.0
Sena - PD,2026-08-10 07:00:00,37,0.0,28,36,225,1.6
Sena - PD,2026-08-10 07:00:00,40,0.0,25,36,215,1.5
Sena - PD,2026-08-10 07:00:00,43,0.0,20,57,200,1.3
Sena - PD,2026-08-10 07:00:00,46,0.0,20,56,220,1.1
Sena - PD,2026-08-10 07:00:00,49,0.0,24,56,220,1.3
Sena - PD,2026-08-10 07:00:00,52,0.0,28,56,250,1.5
Sena - PD,2026-08-10 07:00:00,55,0.0,31,36,273,1.7
Sena - PD,2026-08-10 07:00:00,58,0.0,31,36,270,1.5
Sena - PD,2026-08-10 07:00:00,61,0.0,25,36,260,1.4
Sena - PD,2026-08-10 07:00:00,64,0.0,24,36,260,1.3
Sena - PD,2026-08-10 07:00:00,67,0.0,20,36,260,1.2
Sena - PD,2026-08-10 07:00:00,70,0.0,20,36,288,1.2
Sena - PD,2026-08-10 07:00:00,73,0.0,25,36,290,1.3
Sena - PD,2026-08-10 07:00:00,76,0.0,29,36,310,1.5
Sena - PD,2026-08-10 07:00:00,79,0.0,32,56,325,1.8
Sena - PD,2026-08-10 07:00:00,82,0.0,32,56,340,1.2
Sena - PD,2026-08-10 07:00:00,85,0.0,28,57,350,0.5
Sena - PD,2026-08-10 07:00:00,88,0.0,20,56,336,0.9
Sena - PD,2026-08-10 07:00:00,91,0.0,20,57,315,1.4
Soracachi,2026-08-10 07:00:00,1,0.0,4,56,28,3.6
Soracachi,2026-08-10 07:00:00,4,0.0,8,56,27,4.3
Soracachi,2026-08-10 07:00:00,7,0.0,15,56,17,5.0
Soracachi,2026-08-10 07:00:00,10,0.0,15,56,30,4.6
Soracachi,2026-08-10 07:00:00,13,1.2,6,89,40,4.3
Soracachi,2026-08-10 07:00:00,16,1.9,0,89,31,3.7
Soracachi,2026-08-10 07:00:00,19,0.0,-4,56,21,3.2
Soracachi,2026-08-10 07:00:00,22,0.0,-4,56,17,3.3
Soracachi,2026-08-10 07:00:00,25,0.0,3,56,10,3.0
Soracachi,2026-08-10 07:00:00,28,0.0,6,57,10,5.1
Soracachi,2026-08-10 07:00:00,31,0.0,16,56,10,7.2
Soracachi,2026-08-10 07:00:00,34,0.0,16,56,20,6.7
Soracachi,2026-08-10 07:00:00,37,0.0,11,57,21,6.3
Soracachi,2026-08-10 07:00:00,40,0.0,7,56,28,5.7
Soracachi,2026-08-10 07:00:00,43,0.0,-3,36,27,5.2
Soracachi,2026-08-10 07:00:00,46,0.0,-3,36,18,3.1
Soracachi,2026-08-10 07:00:00,49,0.0,1,36,18,3.3
Soracachi,2026-08-10 07:00:00,52,0.0,6,36,8,5.2
Soracachi,2026-08-10 07:00:00,55,0.0,15,56,357,7.1
Soracachi,2026-08-10 07:00:00,58,0.0,15,57,11,5.2
Soracachi,2026-08-10 07:00:00,61,0.0,11,56,18,3.2
Soracachi,2026-08-10 07:00:00,64,0.0,6,56,18,2.7
Soracachi,2026-08-10 07:00:00,67,0.0,-4,36,11,2.2
Soracachi,2026-08-10 07:00:00,70,0.0,-4,36,15,2.1
Soracachi,2026-08-10 07:00:00,73,0.0,3,36,7,2.0
Soracachi,2026-08-10 07:00:00,76,0.0,8,36,357,4.4
Soracachi,2026-08-10 07:00:00,79,0.0,16,36,344,6.9
Soracachi,2026-08-10 07:00:00,82,0.0,16,36,7,5.1
Soracachi,2026-08-10 07:00:00,85,0.0,5,57,20,3.3
Soracachi,2026-08-10 07:00:00,88,0.0,-4,56,10,2.6
Soracachi,2026-08-10 07:00:00,91,0.0,-4,56,357,1.9
Sucre,2026-08-10 07:00:00,1,0.0,12,56,17,2.2
Sucre,2026-08-10 07:00:00,4,0.0,14,57,27,4.2
Sucre,2026-08-10 07:00:00,7,0.0,19,56,30,6.2
Sucre,2026-08-10 07:00:00,10,0.0,19,56,30,4.7
Sucre,2026-08-10 07:00:00,13,1.0,14,76,30,3.1
Sucre,2026-08-10 07:00:00,16,0.8,12,76,30,2.8
Sucre,2026-08-10 07:00:00,19,0.0,9,56,30,2.4
Sucre,2026-08-10 07:00:00,22,0.0,9,57,20,2.1
Sucre,2026-08-10 07:00:00,25,0.0,12,55,20,1.8
Sucre,2026-08-10 07:00:00,28,0.0,15,56,30,3.6
Sucre,2026-08-10 07:00:00,31,0.0,23,37,30,5.4
Sucre,2026-08-10 07:00:00,34,0.0,23,36,20,4.4
Sucre,2026-08-10 07:00:00,37,0.0,13,36,7,3.4
Sucre,2026-08-10 07:00:00,40,0.0,11,36,7,3.0
Sucre,2026-08-10 07:00:00,43,0.0,9,26,360,2.6
Sucre,2026-08-10 07:00:00,46,0.0,9,26,2,2.0
Sucre,2026-08-10 07:00:00,49,0.0,11,26,2,2.0
Sucre,2026-08-10 07:00:00,52,0.0,15,26,8,5.0
Sucre,2026-08-10 07:00:00,55,0.0,24,36,6,8.0
Sucre,2026-08-10 07:00:00,58,0.0,24,36,11,5.8
Sucre,2026-08-10 07:00:00,61,0.0,16,36,13,3.7
Sucre,2026-08-10 07:00:00,64,0.0,13,36,9,2.8
Sucre,2026-08-10 07:00:00,67,0.0,8,26,358,2.0
Sucre,2026-08-10 07:00:00,70,0.0,8,26,1,2.0
Sucre,2026-08-10 07:00:00,73,0.0,11,26,1,1.9
Sucre,2026-08-10 07:00:00,76,0.0,15,26,11,4.3
Sucre,2026-08-10 07:00:00,79,0.0,22,36,20,6.5
Sucre,2026-08-10 07:00:00,82,0.0,22,36,20,4.9
Sucre,2026-08-10 07:00:00,85,0.0,14,36,17,3.4
Sucre,2026-08-10 07:00:00,88,0.0,8,36,8,2.6
Sucre,2026-08-10 07:00:00,91,0.0,8,56,358,1.9
Sultaca,2026-08-10 07:00:00,1,0.0,7,56,9,3.6
Sultaca,2026-08-10 07:00:00,4,0.0,11,56,19,5.1
Sultaca,2026-08-10 07:00:00,7,0.0,14,56,22,6.7
Sultaca,2026-08-10 07:00:00,10,0.0,14,56,42,4.6
Sultaca,2026-08-10 07:00:00,13,1.4,13,76,57,2.6
Sultaca,2026-08-10 07:00:00,16,1.1,10,76,30,2.3
Sultaca,2026-08-10 07:00:00,19,0.0,5,56,357,2.1
Sultaca,2026-08-10 07:00:00,22,0.0,5,56,284,2.2
Sultaca,2026-08-10 07:00:00,25,0.0,9,56,298,1.7
Sultaca,2026-08-10 07:00:00,28,0.0,13,55,324,4.1
Sultaca,2026-08-10 07:00:00,31,0.0,18,36,346,6.5
Sultaca,2026-08-10 07:00:00,34,0.0,18,36,16,5.1
Sultaca,2026-08-10 07:00:00,37,0.0,12,36,43,3.7
Sultaca,2026-08-10 07:00:00,40,0.0,8,36,20,3.1
Sultaca,2026-08-10 07:00:00,43,0.0,5,26,355,2.6
Sultaca,2026-08-10 07:00:00,46,0.0,5,26,353,2.6
Sultaca,2026-08-10 07:00:00,49,0.0,8,26,343,2.6
Sultaca,2026-08-10 07:00:00,52,0.0,12,26,330,6.0
Sultaca,2026-08-10 07:00:00,55,0.0,21,36,313,9.4
Sultaca,2026-08-10 07:00:00,58,0.0,21,36,267,5.5
Sultaca,2026-08-10 07:00:00,61,0.0,11,36,218,1.7
Sultaca,2026-08-10 07:00:00,64,0.0,9,36,278,2.0
Sultaca,2026-08-10 07:00:00,67,0.0,5,26,334,2.2
Sultaca,2026-08-10 07:00:00,70,0.0,5,26,323,2.2
Sultaca,2026-08-10 07:00:00,73,0.0,8,26,332,2.3
Sultaca,2026-08-10 07:00:00,76,0.0,13,26,339,4.5
Sultaca,2026-08-10 07:00:00,79,0.0,19,36,337,6.7
Sultaca,2026-08-10 07:00:00,82,0.0,19,36,352,5.1
Sultaca,2026-08-10 07:00:00,85,0.0,11,36,359,3.5
Sultaca,2026-08-10 07:00:00,88,0.0,5,36,330,3.0
Sultaca,2026-08-10 07:00:00,91,0.0,5,57,294,2.4
Tarapaya,2026-08-10 07:00:00,1,0.0,5,56,350,2.3
Tarapaya,2026-08-10 07:00:00,4,0.0,9,56,360,4.2
Tarapaya,2026-08-10 07:00:00,7,0.0,23,56,3,6.0
Tarapaya,2026-08-10 07:00:00,10,0.0,23,56,20,4.5
Tarapaya,2026-08-10 07:00:00,13,0.7,8,76,29,3.0
Tarapaya,2026-08-10 07:00:00,16,0.6,-2,77,22,2.3
Tarapaya,2026-08-10 07:00:00,19,0.0,-6,56,12,1.6
Tarapaya,2026-08-10 07:00:00,22,0.0,-5,56,324,2.0
Tarapaya,2026-08-10 07:00:00,25,0.0,5,57,10,2.9
Tarapaya,2026-08-10 07:00:00,28,0.0,9,56,3,4.7
Tarapaya,2026-08-10 07:00:00,31,2.2,21,89,353,6.5
Tarapaya,2026-08-10 07:00:00,34,2.9,21,89,12,5.0
Tarapaya,2026-08-10 07:00:00,37,0.0,13,56,28,3.5
Tarapaya,2026-08-10 07:00:00,40,0.0,10,55,19,2.5
Tarapaya,2026-08-10 07:00:00,43,0.0,-6,36,2,1.6
Tarapaya,2026-08-10 07:00:00,46,0.0,-7,36,301,1.7
Tarapaya,2026-08-10 07:00:00,49,0.0,4,36,318,2.0
Tarapaya,2026-08-10 07:00:00,52,0.0,9,36,310,5.9
Tarapaya,2026-08-10 07:00:00,55,0.0,22,36,300,9.9
Tarapaya,2026-08-10 07:00:00,58,0.0,22,36,253,6.2
Tarapaya,2026-08-10 07:00:00,61,0.0,16,36,204,2.3
Tarapaya,2026-08-10 07:00:00,64,0.0,12,36,233,2.1
Tarapaya,2026-08-10 07:00:00,67,0.0,-6,36,251,1.8
Tarapaya,2026-08-10 07:00:00,70,0.0,-6,36,253,2.1
Tarapaya,2026-08-10 07:00:00,73,0.0,4,36,269,1.6
Tarapaya,2026-08-10 07:00:00,76,0.0,10,36,291,5.3
Tarapaya,2026-08-10 07:00:00,79,0.0,21,36,310,9.0
Tarapaya,2026-08-10 07:00:00,82,0.0,21,36,349,5.8
Tarapaya,2026-08-10 07:00:00,85,0.0,8,56,26,2.5
Tarapaya,2026-08-10 07:00:00,88,0.0,-6,56,317,2.1
Tarapaya,2026-08-10 07:00:00,91,0.0,-6,56,248,1.7
Tarija - Centro,2026-08-10 07:00:00,1,0.0,9,57,115,1.7
Tarija - Centro,2026-08-10 07:00:00,4,0.0,11,57,135,2.9
Tarija - Centro,2026-08-10 07:00:00,7,0.0,15,56,146,3.9
Tarija - Centro,2026-08-10 07:00:00,10,0.0,15,56,150,2.8
Tarija - Centro,2026-08-10 07:00:00,13,0.0,12,56,150,1.6
Tarija - Centro,2026-08-10 07:00:00,16,0.0,9,56,159,1.3
Tarija - Centro,2026-08-10 07:00:00,19,0.0,7,56,164,0.9
Tarija - Centro,2026-08-10 07:00:00,22,0.0,7,56,126,1.2
Tarija - Centro,2026-08-10 07:00:00,25,0.0,9,56,122,1.0
Tarija - Centro,2026-08-10 07:00:00,28,0.0,15,56,121,3.1
Tarija - Centro,2026-08-10 07:00:00,31,0.0,20,36,109,5.0
Tarija - Centro,2026-08-10 07:00:00,34,0.0,20,36,85,3.2
Tarija - Centro,2026-08-10 07:00:00,37,0.0,16,36,55,1.4
Tarija - Centro,2026-08-10 07:00:00,40,0.0,12,36,60,1.5
Tarija - Centro,2026-08-10 07:00:00,43,0.0,7,36,60,1.6
Tarija - Centro,2026-08-10 07:00:00,46,0.0,7,36,90,1.3
Tarija - Centro,2026-08-10 07:00:00,49,0.0,13,36,131,0.7
Tarija - Centro,2026-08-10 07:00:00,52,0.0,18,36,163,2.1
Tarija - Centro,2026-08-10 07:00:00,55,1.4,22,76,189,3.5
Tarija - Centro,2026-08-10 07:00:00,58,1.4,22,76,116,2.9
Tarija - Centro,2026-08-10 07:00:00,61,0.0,18,36,35,2.3
Tarija - Centro,2026-08-10 07:00:00,64,0.0,14,36,29,2.2
Tarija - Centro,2026-08-10 07:00:00,67,0.0,6,36,19,2.1
Tarija - Centro,2026-08-10 07:00:00,70,0.0,6,36,95,1.4
Tarija - Centro,2026-08-10 07:00:00,73,0.0,12,36,121,1.1
Tarija - Centro,2026-08-10 07:00:00,76,0.0,18,36,105,3.1
Tarija - Centro,2026-08-10 07:00:00,79,0.0,22,36,79,5.1
Tarija - Centro,2026-08-10 07:00:00,82,0.0,22,35,89,3.5
Tarija - Centro,2026-08-10 07:00:00,85,0.0,10,57,94,1.8
Tarija - Centro,2026-08-10 07:00:00,88,0.0,6,56,129,1.3
Tarija - Centro,2026-08-10 07:00:00,91,0.0,6,56,243,1.0
Tolarapa (INIAF),2026-08-10 07:00:00,1,0.0,11,55,341,1.8
Tolarapa (INIAF),2026-08-10 07:00:00,4,0.0,14,56,5,2.5
Tolarapa (INIAF),2026-08-10 07:00:00,7,1.9,17,89,20,3.3
Tolarapa (INIAF),2026-08-10 07:00:00,10,1.7,17,89,356,2.2
Tolarapa (INIAF),2026-08-10 07:00:00,13,0.0,14,56,322,1.2
Tolarapa (INIAF),2026-08-10 07:00:00,16,0.0,9,56,312,1.1
Tolarapa (INIAF),2026-08-10 07:00:00,19,0.0,4,56,302,1.0
Tolarapa (INIAF),2026-08-10 07:00:00,22,0.0,4,56,360,1.4
Tolarapa (INIAF),2026-08-10 07:00:00,25,0.0,8,56,14,1.3
Tolarapa (INIAF),2026-08-10 07:00:00,28,0.0,12,56,14,1.9
Tolarapa (INIAF),2026-08-10 07:00:00,31,0.0,21,56,10,2.4
Tolarapa (INIAF),2026-08-10 07:00:00,34,0.0,21,55,322,2.2
Tolarapa (INIAF),2026-08-10 07:00:00,37,0.0,15,55,269,1.9
Tolarapa (INIAF),2026-08-10 07:00:00,40,0.0,12,56,269,2.1
Tolarapa (INIAF),2026-08-10 07:00:00,43,0.0,4,36,265,2.3
Tolarapa (INIAF),2026-08-10 07:00:00,46,0.0,4,36,264,2.5
Tolarapa (INIAF),2026-08-10 07:00:00,49,0.0,12,36,274,2.0
Tolarapa (INIAF),2026-08-10 07:00:00,52,0.0,14,36,327,2.9
Tolarapa (INIAF),2026-08-10 07:00:00,55,0.0,23,36,10,3.8
Tolarapa (INIAF),2026-08-10 07:00:00,58,0.0,23,35,323,2.9
Tolarapa (INIAF),2026-08-10 07:00:00,61,0.0,14,36,266,2.1
Tolarapa (INIAF),2026-08-10 07:00:00,64,0.0,11,36,266,2.3
Tolarapa (INIAF),2026-08-10 07:00:00,67,0.0,6,26,260,2.4
Tolarapa (INIAF),2026-08-10 07:00:00,70,0.0,6,25,270,2.2
Tolarapa (INIAF),2026-08-10 07:00:00,73,0.0,12,26,271,1.7
Tolarapa (INIAF),2026-08-10 07:00:00,76,0.0,14,26,300,1.8
Tolarapa (INIAF),2026-08-10 07:00:00,79,0.0,22,36,323,1.9
Tolarapa (INIAF),2026-08-10 07:00:00,82,0.0,22,37,295,2.1
Tolarapa (INIAF),2026-08-10 07:00:00,85,0.0,12,36,256,2.3
Tolarapa (INIAF),2026-08-10 07:00:00,88,0.0,6,36,256,2.2
Tolarapa (INIAF),2026-08-10 07:00:00,91,0.0,6,56,256,2.0
Totoral,2026-08-10 07:00:00,1,0.0,7,56,353,1.8
Totoral,2026-08-10 07:00:00,4,0.0,12,56,13,3.7
Totoral,2026-08-10 07:00:00,7,0.0,24,56,23,5.6
Totoral,2026-08-10 07:00:00,10,0.0,24,56,37,4.7
Totoral,2026-08-10 07:00:00,13,1.3,11,76,43,3.7
Totoral,2026-08-10 07:00:00,16,1.2,0,76,357,2.2
Totoral,2026-08-10 07:00:00,19,0.0,-3,56,242,0.6
Totoral,2026-08-10 07:00:00,22,0.0,-3,56,274,1.0
Totoral,2026-08-10 07:00:00,25,0.0,6,56,244,0.6
Totoral,2026-08-10 07:00:00,28,0.0,11,56,310,2.6
Totoral,2026-08-10 07:00:00,31,2.6,21,89,13,4.5
Totoral,2026-08-10 07:00:00,34,2.4,21,89,13,3.4
Totoral,2026-08-10 07:00:00,37,0.0,15,56,10,2.3
Totoral,2026-08-10 07:00:00,40,0.0,8,56,11,2.0
Totoral,2026-08-10 07:00:00,43,0.0,-4,36,7,1.7
Totoral,2026-08-10 07:00:00,46,0.0,-4,36,289,1.0
Totoral,2026-08-10 07:00:00,49,0.0,6,36,330,1.0
Totoral,2026-08-10 07:00:00,52,0.0,11,35,310,6.3
Totoral,2026-08-10 07:00:00,55,0.0,22,36,280,11.6
Totoral,2026-08-10 07:00:00,58,0.0,22,35,284,7.4
Totoral,2026-08-10 07:00:00,61,0.0,17,35,284,3.1
Totoral,2026-08-10 07:00:00,64,0.0,13,35,284,2.5
Totoral,2026-08-10 07:00:00,67,0.0,-5,35,280,2.0
Totoral,2026-08-10 07:00:00,70,0.0,-6,36,302,2.7
Totoral,2026-08-10 07:00:00,73,0.0,7,36,292,1.7
Totoral,2026-08-10 07:00:00,76,0.0,12,36,292,6.9
Totoral,2026-08-10 07:00:00,79,0.0,21,36,290,12.0
Totoral,2026-08-10 07:00:00,82,0.0,21,36,280,9.4
Totoral,2026-08-10 07:00:00,85,0.0,10,56,270,7.0
Totoral,2026-08-10 07:00:00,88,0.0,-6,56,276,4.7
Totoral,2026-08-10 07:00:00,91,0.0,-6,56,276,2.4
Trancas,2026-08-10 07:00:00,1,0.0,11,56,42,2.0
Trancas,2026-08-10 07:00:00,4,0.0,15,56,74,3.0
Trancas,2026-08-10 07:00:00,7,0.0,19,56,104,4.1
Trancas,2026-08-10 07:00:00,10,0.0,19,56,124,3.0
Trancas,2026-08-10 07:00:00,13,0.0,15,56,137,1.8
Trancas,2026-08-10 07:00:00,16,0.0,12,56,197,1.3
Trancas,2026-08-10 07:00:00,19,0.0,5,56,250,0.8
Trancas,2026-08-10 07:00:00,22,0.0,5,56,303,2.2
Trancas,2026-08-10 07:00:00,25,0.0,14,56,284,2.2
Trancas,2026-08-10 07:00:00,28,0.0,20,56,336,3.4
Trancas,2026-08-10 07:00:00,31,0.0,24,36,24,4.6
Trancas,2026-08-10 07:00:00,34,0.0,24,36,33,3.4
Trancas,2026-08-10 07:00:00,37,0.0,18,36,33,2.3
Trancas,2026-08-10 07:00:00,40,0.0,16,36,4,2.7
Trancas,2026-08-10 07:00:00,43,0.0,5,37,325,3.0
Trancas,2026-08-10 07:00:00,46,0.0,5,37,307,2.8
Trancas,2026-08-10 07:00:00,49,0.0,11,37,287,2.5
Trancas,2026-08-10 07:00:00,52,0.0,16,36,304,4.6
Trancas,2026-08-10 07:00:00,55,1.3,26,76,314,6.7
Trancas,2026-08-10 07:00:00,58,1.8,26,76,333,5.0
Trancas,2026-08-10 07:00:00,61,0.0,22,37,348,3.3
Trancas,2026-08-10 07:00:00,64,0.0,18,37,339,3.1
Trancas,2026-08-10 07:00:00,67,0.0,5,36,329,2.9
Trancas,2026-08-10 07:00:00,70,0.0,3,36,329,2.6
Trancas,2026-08-10 07:00:00,73,0.0,11,36,316,2.4
Trancas,2026-08-10 07:00:00,76,0.0,16,36,352,4.7
Trancas,2026-08-10 07:00:00,79,0.0,24,37,21,6.9
Trancas,2026-08-10 07:00:00,82,0.0,24,36,26,4.9
Trancas,2026-08-10 07:00:00,85,0.0,9,56,31,2.9
Trancas,2026-08-10 07:00:00,88,0.0,3,56,340,2.8
Trancas,2026-08-10 07:00:00,91,0.0,3,56,287,2.6
Trinidad,2026-08-10 07:00:00,1,0.0,22,56,279,1.1
Trinidad,2026-08-10 07:00:00,4,0.0,24,57,230,2.1
Trinidad,2026-08-10 07:00:00,7,1.8,29,89,172,3.1
Trinidad,2026-08-10 07:00:00,10,2.8,29,90,162,3.2
Trinidad,2026-08-10 07:00:00,13,0.0,25,56,149,3.4
Trinidad,2026-08-10 07:00:00,16,0.0,22,57,167,3.2
Trinidad,2026-08-10 07:00:00,19,0.0,18,56,178,3.0
Trinidad,2026-08-10 07:00:00,22,3.1,18,89,160,2.8
Trinidad,2026-08-10 07:00:00,25,3.2,20,89,140,3.2
Trinidad,2026-08-10 07:00:00,28,3.0,24,89,152,3.0
Trinidad,2026-08-10 07:00:00,31,0.0,26,56,162,2.9
Trinidad,2026-08-10 07:00:00,34,0.0,26,57,190,2.4
Trinidad,2026-08-10 07:00:00,37,0.0,24,36,210,1.9
Trinidad,2026-08-10 07:00:00,40,0.0,22,36,210,1.8
Trinidad,2026-08-10 07:00:00,43,0.0,20,27,208,1.6
Trinidad,2026-08-10 07:00:00,46,0.0,20,26,192,1.3
Trinidad,2026-08-10 07:00:00,49,0.0,23,27,192,1.1
Trinidad,2026-08-10 07:00:00,52,0.0,24,26,260,1.5
Trinidad,2026-08-10 07:00:00,55,0.0,27,36,320,2.0
Trinidad,2026-08-10 07:00:00,58,0.0,27,36,320,2.0
Trinidad,2026-08-10 07:00:00,61,0.0,24,26,312,1.9
Trinidad,2026-08-10 07:00:00,64,0.0,22,26,290,1.8
Trinidad,2026-08-10 07:00:00,67,0.0,20,37,268,1.7
Trinidad,2026-08-10 07:00:00,70,0.0,20,36,310,1.4
Trinidad,2026-08-10 07:00:00,73,0.0,22,36,322,1.4
Trinidad,2026-08-10 07:00:00,76,0.0,24,36,322,2.3
Trinidad,2026-08-10 07:00:00,79,0.0,28,56,320,3.3
Trinidad,2026-08-10 07:00:00,82,0.0,28,56,300,2.6
Trinidad,2026-08-10 07:00:00,85,0.0,26,37,270,1.9
Trinidad,2026-08-10 07:00:00,88,0.0,20,36,293,1.6
Trinidad,2026-08-10 07:00:00,91,0.0,20,56,315,1.4
Tupiza,2026-08-10 07:00:00,1,0.0,7,56,350,2.3
Tupiza,2026-08-10 07:00:00,4,0.0,12,56,348,4.3
Tupiza,2026-08-10 07:00:00,7,0.0,25,56,338,6.3
Tupiza,2026-08-10 07:00:00,10,0.0,25,56,357,5.2
Tupiza,2026-08-10 07:00:00,13,1.6,11,76,9,4.0
Tupiza,2026-08-10 07:00:00,16,1.2,5,76,360,3.5
Tupiza,2026-08-10 07:00:00,19,0.0,0,56,343,2.9
Tupiza,2026-08-10 07:00:00,22,0.0,0,56,320,1.7
Tupiza,2026-08-10 07:00:00,25,0.0,6,57,357,1.4
Tupiza,2026-08-10 07:00:00,28,0.0,11,56,340,4.1
Tupiza,2026-08-10 07:00:00,31,2.8,23,89,320,6.9
Tupiza,2026-08-10 07:00:00,34,2.4,23,89,310,4.6
Tupiza,2026-08-10 07:00:00,37,0.0,18,56,300,2.3
Tupiza,2026-08-10 07:00:00,40,0.0,14,56,322,2.7
Tupiza,2026-08-10 07:00:00,43,0.0,-1,36,340,3.1
Tupiza,2026-08-10 07:00:00,46,0.0,-2,36,337,2.5
Tupiza,2026-08-10 07:00:00,49,0.0,6,36,329,2.2
Tupiza,2026-08-10 07:00:00,52,0.0,11,36,319,7.8
Tupiza,2026-08-10 07:00:00,55,0.0,24,36,302,13.4
Tupiza,2026-08-10 07:00:00,58,0.0,24,36,295,10.2
Tupiza,2026-08-10 07:00:00,61,0.0,15,36,283,7.0
Tupiza,2026-08-10 07:00:00,64,0.0,11,36,302,5.2
Tupiza,2026-08-10 07:00:00,67,0.0,-3,36,317,3.4
Tupiza,2026-08-10 07:00:00,70,0.0,-3,36,297,4.0
Tupiza,2026-08-10 07:00:00,73,0.0,6,36,298,3.9
Tupiza,2026-08-10 07:00:00,76,0.0,12,36,300,9.7
Tupiza,2026-08-10 07:00:00,79,0.0,23,35,300,15.5
Tupiza,2026-08-10 07:00:00,82,0.0,23,36,290,13.4
Tupiza,2026-08-10 07:00:00,85,0.0,10,56,272,11.3
Tupiza,2026-08-10 07:00:00,88,0.0,-3,57,292,7.5
Tupiza,2026-08-10 07:00:00,91,0.0,-3,57,307,3.6
Uyuni,2026-08-10 07:00:00,1,0.0,5,56,333,3.1
Uyuni,2026-08-10 07:00:00,4,0.0,9,55,313,6.3
Uyuni,2026-08-10 07:00:00,7,0.0,13,55,293,9.5
Uyuni,2026-08-10 07:00:00,10,0.0,13,57,323,7.0
Uyuni,2026-08-10 07:00:00,13,0.0,7,55,352,4.6
Uyuni,2026-08-10 07:00:00,16,0.0,-3,56,330,4.9
Uyuni,2026-08-10 07:00:00,19,0.0,-9,55,298,5.3
Uyuni,2026-08-10 07:00:00,22,2.0,-9,89,294,1.4
Uyuni,2026-08-10 07:00:00,25,3.0,-1,89,227,1.0
Uyuni,2026-08-10 07:00:00,28,0.9,5,90,263,2.5
Uyuni,2026-08-10 07:00:00,31,0.0,11,56,300,4.0
Uyuni,2026-08-10 07:00:00,34,0.0,11,57,310,3.0
Uyuni,2026-08-10 07:00:00,37,0.6,5,89,310,2.0
Uyuni,2026-08-10 07:00:00,40,2.1,2,88,323,2.7
Uyuni,2026-08-10 07:00:00,43,0.0,-11,36,333,3.5
Uyuni,2026-08-10 07:00:00,46,0.0,-10,36,333,6.2
Uyuni,2026-08-10 07:00:00,49,0.0,-1,36,333,6.2
Uyuni,2026-08-10 07:00:00,52,0.0,6,36,303,7.4
Uyuni,2026-08-10 07:00:00,55,3.0,12,89,270,8.6
Uyuni,2026-08-10 07:00:00,58,3.5,12,90,297,5.8
Uyuni,2026-08-10 07:00:00,61,0.0,7,36,317,3.1
Uyuni,2026-08-10 07:00:00,64,0.0,5,36,330,3.4
Uyuni,2026-08-10 07:00:00,67,0.0,-9,26,340,3.8
Uyuni,2026-08-10 07:00:00,70,0.0,-9,26,331,3.6
Uyuni,2026-08-10 07:00:00,73,0.0,3,26,321,3.3
Uyuni,2026-08-10 07:00:00,76,0.0,7,27,311,6.7
Uyuni,2026-08-10 07:00:00,79,0.0,12,36,298,10.1
Uyuni,2026-08-10 07:00:00,82,0.0,12,37,288,8.6
Uyuni,2026-08-10 07:00:00,85,0.0,6,37,270,7.1
Uyuni,2026-08-10 07:00:00,88,0.0,-9,36,313,6.1
Uyuni,2026-08-10 07:00:00,91,0.0,-9,56,353,5.1
Vallegrande,2026-08-10 07:00:00,1,0.0,14,56,112,0.9
Vallegrande,2026-08-10 07:00:00,4,0.0,16,55,92,1.6
Vallegrande,2026-08-10 07:00:00,7,0.9,18,89,70,2.4
Vallegrande,2026-08-10 07:00:00,10,1.7,18,89,100,2.2
Vallegrande,2026-08-10 07:00:00,13,0.0,17,56,120,2.0
Vallegrande,2026-08-10 07:00:00,16,0.0,11,56,168,1.7
Vallegrande,2026-08-10 07:00:00,19,0.0,8,56,208,1.4
Vallegrande,2026-08-10 07:00:00,22,0.0,8,56,12,1.4
Vallegrande,2026-08-10 07:00:00,25,0.0,11,56,347,1.7
Vallegrande,2026-08-10 07:00:00,28,0.0,13,57,0,3.1
Vallegrande,2026-08-10 07:00:00,31,0.0,19,56,12,4.4
Vallegrande,2026-08-10 07:00:00,34,0.0,19,57,22,3.2
Vallegrande,2026-08-10 07:00:00,37,0.0,14,56,31,1.8
Vallegrande,2026-08-10 07:00:00,40,0.0,12,57,19,1.8
Vallegrande,2026-08-10 07:00:00,43,0.0,9,36,7,1.8
Vallegrande,2026-08-10 07:00:00,46,0.0,9,36,338,1.7
Vallegrande,2026-08-10 07:00:00,49,0.0,12,37,327,1.8
Vallegrande,2026-08-10 07:00:00,52,0.0,16,36,339,4.7
Vallegrande,2026-08-10 07:00:00,55,0.0,21,37,342,7.4
Vallegrande,2026-08-10 07:00:00,58,0.0,21,36,353,5.5
Vallegrande,2026-08-10 07:00:00,61,0.0,17,37,3,3.6
Vallegrande,2026-08-10 07:00:00,64,0.0,14,36,360,2.4
Vallegrande,2026-08-10 07:00:00,67,0.0,9,56,347,1.1
Vallegrande,2026-08-10 07:00:00,70,0.0,9,56,360,1.6
Vallegrande,2026-08-10 07:00:00,73,0.0,14,56,1,2.5
Vallegrande,2026-08-10 07:00:00,76,0.0,16,57,1,4.5
Vallegrande,2026-08-10 07:00:00,79,0.0,21,56,359,6.3
Vallegrande,2026-08-10 07:00:00,82,0.0,21,56,12,4.4
Vallegrande,2026-08-10 07:00:00,85,0.0,16,56,24,2.5
Vallegrande,2026-08-10 07:00:00,88,0.0,9,56,13,2.1
Vallegrande,2026-08-10 07:00:00,91,0.0,9,56,358,1.9
Viacha,2026-08-10 07:00:00,1,0.0,-4,56,71,2.3
Viacha,2026-08-10 07:00:00,4,0.0,3,56,70,4.2
Viacha,2026-08-10 07:00:00,7,0.0,16,56,62,6.0
Viacha,2026-08-10 07:00:00,10,0.0,16,56,60,4.8
Viacha,2026-08-10 07:00:00,13,1.1,5,76,50,3.7
Viacha,2026-08-10 07:00:00,16,1.2,-4,76,53,3.1
Viacha,2026-08-10 07:00:00,19,0.0,-6,56,53,2.5
Viacha,2026-08-10 07:00:00,22,0.0,-6,56,60,2.2
Viacha,2026-08-10 07:00:00,25,0.0,3,56,56,1.9
Viacha,2026-08-10 07:00:00,28,0.0,6,56,50,4.3
Viacha,2026-08-10 07:00:00,31,0.0,17,56,36,6.6
Viacha,2026-08-10 07:00:00,34,0.0,17,56,40,4.8
Viacha,2026-08-10 07:00:00,37,0.0,11,56,44,3.0
Viacha,2026-08-10 07:00:00,40,0.0,7,56,44,2.6
Viacha,2026-08-10 07:00:00,43,0.0,-7,36,40,2.2
Viacha,2026-08-10 07:00:00,46,0.0,-7,36,84,2.0
Viacha,2026-08-10 07:00:00,49,0.0,2,36,71,1.9
Viacha,2026-08-10 07:00:00,52,0.0,8,36,45,2.8
Viacha,2026-08-10 07:00:00,55,0.0,18,36,12,3.7
Viacha,2026-08-10 07:00:00,58,0.0,18,37,49,3.9
Viacha,2026-08-10 07:00:00,61,0.0,12,36,84,4.0
Viacha,2026-08-10 07:00:00,64,0.0,10,36,98,2.9
Viacha,2026-08-10 07:00:00,67,0.0,-7,36,108,1.9
Viacha,2026-08-10 07:00:00,70,0.0,-7,36,76,1.1
Viacha,2026-08-10 07:00:00,73,0.0,4,36,52,1.0
Viacha,2026-08-10 07:00:00,76,0.0,9,36,11,3.0
Viacha,2026-08-10 07:00:00,79,0.0,18,57,322,4.9
Viacha,2026-08-10 07:00:00,82,0.0,18,57,25,4.9
Viacha,2026-08-10 07:00:00,85,0.0,6,56,84,4.8
Viacha,2026-08-10 07:00:00,88,0.0,-7,56,104,3.2
Viacha,2026-08-10 07:00:00,91,0.0,-7,56,118,1.6
Villa Rivero,2026-08-10 07:00:00,1,0.0,7,56,357,2.8
Villa Rivero,2026-08-10 07:00:00,4,0.0,10,56,14,3.3
Villa Rivero,2026-08-10 07:00:00,7,1.4,17,89,27,3.8
Villa Rivero,2026-08-10 07:00:00,10,2.1,17,89,20,3.1
Villa Rivero,2026-08-10 07:00:00,13,0.0,14,56,6,2.3
Villa Rivero,2026-08-10 07:00:00,16,0.0,10,56,10,2.0
Villa Rivero,2026-08-10 07:00:00,19,0.0,5,55,10,1.6
Villa Rivero,2026-08-10 07:00:00,22,0.0,5,56,21,2.0
Villa Rivero,2026-08-10 07:00:00,25,0.0,9,56,20,2.1
Villa Rivero,2026-08-10 07:00:00,28,0.0,14,56,24,2.9
Villa Rivero,2026-08-10 07:00:00,31,0.0,19,56,24,3.7
Villa Rivero,2026-08-10 07:00:00,34,0.0,19,56,11,3.3
Villa Rivero,2026-08-10 07:00:00,37,0.0,15,56,357,2.9
Villa Rivero,2026-08-10 07:00:00,40,0.0,11,57,357,2.9
Villa Rivero,2026-08-10 07:00:00,43,0.0,5,36,357,2.9
Villa Rivero,2026-08-10 07:00:00,46,0.0,5,36,347,3.4
Villa Rivero,2026-08-10 07:00:00,49,0.0,10,36,347,3.3
Villa Rivero,2026-08-10 07:00:00,52,0.0,12,37,350,4.6
Villa Rivero,2026-08-10 07:00:00,55,0.0,22,36,349,6.0
Villa Rivero,2026-08-10 07:00:00,58,0.0,22,36,350,4.7
Villa Rivero,2026-08-10 07:00:00,61,0.0,16,36,347,3.5
Villa Rivero,2026-08-10 07:00:00,64,0.0,12,36,353,3.5
Villa Rivero,2026-08-10 07:00:00,67,0.0,4,26,353,3.5
Villa Rivero,2026-08-10 07:00:00,70,0.0,4,26,357,2.8
Villa Rivero,2026-08-10 07:00:00,73,0.0,7,26,7,2.2
Villa Rivero,2026-08-10 07:00:00,76,0.0,10,26,7,3.1
Villa Rivero,2026-08-10 07:00:00,79,0.0,21,35,359,4.1
Villa Rivero,2026-08-10 07:00:00,82,0.0,21,36,360,3.2
Villa Rivero,2026-08-10 07:00:00,85,0.0,8,37,357,2.3
Villa Rivero,2026-08-10 07:00:00,88,0.0,3,36,357,2.4
Villa Rivero,2026-08-10 07:00:00,91,0.0,4,56,357,2.5
Villamontes,2026-08-10 07:00:00,1,0.0,17,56,184,3.5
Villamontes,2026-08-10 07:00:00,4,0.0,18,56,174,3.9
Villamontes,2026-08-10 07:00:00,7,0.0,20,56,164,4.3
Villamontes,2026-08-10 07:00:00,10,0.0,20,56,174,3.3
Villamontes,2026-08-10 07:00:00,13,0.0,18,56,180,2.2
Villamontes,2026-08-10 07:00:00,16,0.0,17,56,190,1.9
Villamontes,2026-08-10 07:00:00,19,0.0,16,56,200,1.5
Villamontes,2026-08-10 07:00:00,22,0.0,16,56,214,1.0
Villamontes,2026-08-10 07:00:00,25,0.0,17,55,186,1.2
Villamontes,2026-08-10 07:00:00,28,0.0,20,56,140,1.6
Villamontes,2026-08-10 07:00:00,31,0.0,23,37,84,2.1
Villamontes,2026-08-10 07:00:00,34,0.0,23,36,100,1.4
Villamontes,2026-08-10 07:00:00,37,0.0,20,36,109,0.7
Villamontes,2026-08-10 07:00:00,40,0.0,18,36,158,0.6
Villamontes,2026-08-10 07:00:00,43,0.0,17,36,202,0.6
Villamontes,2026-08-10 07:00:00,46,0.0,17,36,237,0.7
Villamontes,2026-08-10 07:00:00,49,0.0,19,36,187,0.8
Villamontes,2026-08-10 07:00:00,52,0.0,21,36,141,1.5
Villamontes,2026-08-10 07:00:00,55,0.0,26,36,88,2.2
Villamontes,2026-08-10 07:00:00,58,0.0,26,36,154,1.9
Villamontes,2026-08-10 07:00:00,61,0.0,23,56,214,1.6
Villamontes,2026-08-10 07:00:00,64,0.0,21,56,214,1.3
Villamontes,2026-08-10 07:00:00,67,0.0,18,57,211,1.0
Villamontes,2026-08-10 07:00:00,70,0.0,18,56,198,2.0
Villamontes,2026-08-10 07:00:00,73,0.0,20,56,171,2.7
Villamontes,2026-08-10 07:00:00,76,0.0,22,56,151,2.7
Villamontes,2026-08-10 07:00:00,79,0.0,26,56,124,2.7
Villamontes,2026-08-10 07:00:00,82,0.0,26,57,160,2.3
Villamontes,2026-08-10 07:00:00,85,0.0,21,56,194,1.8
Villamontes,2026-08-10 07:00:00,88,0.0,18,56,245,1.2
Villamontes,2026-08-10 07:00:00,91,0.0,18,56,290,0.7
Yacuiba,2026-08-10 07:00:00,1,0.0,15,56,217,3.4
Yacuiba,2026-08-10 07:00:00,4,0.0,16,56,194,3.8
Yacuiba,2026-08-10 07:00:00,7,0.0,18,56,167,4.1
Yacuiba,2026-08-10 07:00:00,10,0.0,18,56,195,3.1
Yacuiba,2026-08-10 07:00:00,13,0.0,17,56,218,2.1
Yacuiba,2026-08-10 07:00:00,16,0.0,16,56,231,2.1
Yacuiba,2026-08-10 07:00:00,19,0.0,15,57,237,2.2
Yacuiba,2026-08-10 07:00:00,22,0.0,15,56,234,1.7
Yacuiba,2026-08-10 07:00:00,25,0.0,16,56,224,1.8
Yacuiba,2026-08-10 07:00:00,28,0.0,20,56,161,2.6
Yacuiba,2026-08-10 07:00:00,31,0.0,23,36,94,3.5
Yacuiba,2026-08-10 07:00:00,34,0.0,23,36,96,2.1
Yacuiba,2026-08-10 07:00:00,37,0.0,19,36,277,0.7
Yacuiba,2026-08-10 07:00:00,40,0.0,17,36,277,0.9
Yacuiba,2026-08-10 07:00:00,43,0.0,16,37,275,1.1
Yacuiba,2026-08-10 07:00:00,46,0.0,16,37,249,1.4
Yacuiba,2026-08-10 07:00:00,49,0.0,19,37,229,1.2
Yacuiba,2026-08-10 07:00:00,52,0.0,21,37,163,2.3
Yacuiba,2026-08-10 07:00:00,55,0.0,26,37,90,3.5
Yacuiba,2026-08-10 07:00:00,58,0.0,26,37,160,2.9
Yacuiba,2026-08-10 07:00:00,61,0.0,22,56,230,2.4
Yacuiba,2026-08-10 07:00:00,64,0.0,19,57,246,2.2
Yacuiba,2026-08-10 07:00:00,67,0.0,17,56,257,2.0
Yacuiba,2026-08-10 07:00:00,70,0.0,17,56,237,2.5
Yacuiba,2026-08-10 07:00:00,73,0.0,19,57,217,2.6
Yacuiba,2026-08-10 07:00:00,76,0.0,21,56,174,3.0
Yacuiba,2026-08-10 07:00:00,79,0.0,26,56,130,3.6
Yacuiba,2026-08-10 07:00:00,82,0.0,26,56,194,2.5
Yacuiba,2026-08-10 07:00:00,85,0.0,19,56,248,1.5
Yacuiba,2026-08-10 07:00:00,88,0.0,17,56,254,1.5
Yacuiba,2026-08-10 07:00:00,91,0.0,17,57,260,1.6
Yesera Norte,2026-08-10 07:00:00,1,0.0,9,55,69,2.0
Yesera Norte,2026-08-10 07:00:00,4,0.0,11,57,88,2.7
Yesera Norte,2026-08-10 07:00:00,7,0.0,14,56,98,3.4
Yesera Norte,2026-08-10 07:00:00,10,0.0,15,56,120,2.4
Yesera Norte,2026-08-10 07:00:00,13,0.0,11,56,140,1.4
Yesera Norte,2026-08-10 07:00:00,16,0.0,8,55,190,1.1
Yesera Norte,2026-08-10 07:00:00,19,0.0,5,56,230,0.9
Yesera Norte,2026-08-10 07:00:00,22,0.0,5,56,1,1.3
Yesera Norte,2026-08-10 07:00:00,25,0.0,9,56,1,1.1
Yesera Norte,2026-08-10 07:00:00,28,0.0,15,56,40,2.7
Yesera Norte,2026-08-10 07:00:00,31,0.0,20,36,69,4.3
Yesera Norte,2026-08-10 07:00:00,34,0.0,20,36,50,3.1
Yesera Norte,2026-08-10 07:00:00,37,0.0,16,36,29,1.9
Yesera Norte,2026-08-10 07:00:00,40,0.0,13,36,19,2.4
Yesera Norte,2026-08-10 07:00:00,43,0.0,6,36,8,2.9
Yesera Norte,2026-08-10 07:00:00,46,0.0,5,36,360,2.5
Yesera Norte,2026-08-10 07:00:00,49,0.0,12,36,341,2.1
Yesera Norte,2026-08-10 07:00:00,52,0.0,17,36,21,3.3
Yesera Norte,2026-08-10 07:00:00,55,2.3,23,77,60,4.4
Yesera Norte,2026-08-10 07:00:00,58,2.6,23,76,39,3.8
Yesera Norte,2026-08-10 07:00:00,61,0.0,17,36,8,3.2
Yesera Norte,2026-08-10 07:00:00,64,0.0,15,36,9,3.2
Yesera Norte,2026-08-10 07:00:00,67,0.0,4,36,9,3.2
Yesera Norte,2026-08-10 07:00:00,70,0.0,4,37,20,2.6
Yesera Norte,2026-08-10 07:00:00,73,0.0,11,36,10,2.6
Yesera Norte,2026-08-10 07:00:00,76,0.0,16,36,31,4.0
Yesera Norte,2026-08-10 07:00:00,79,0.0,22,36,51,5.4
Yesera Norte,2026-08-10 07:00:00,82,0.0,22,37,40,4.0
Yesera Norte,2026-08-10 07:00:00,85,0.0,9,57,29,2.5
Yesera Norte,2026-08-10 07:00:00,88,0.0,4,56,360,2.5
Yesera Norte,2026-08-10 07:00:00,91,0.0,4,55,331,2.4
