estacion,fecha,fecha_diff,precipitacion,temperatura,humedad_relativa,vientos,vi
Anzaldo,2026-08-17 06:00:00,2,0.0,10,56,2,3.5
Anzaldo,2026-08-17 06:00:00,5,0.0,15,56,352,6.7
Anzaldo,2026-08-17 06:00:00,8,0.0,19,56,332,9.8
Anzaldo,2026-08-17 06:00:00,11,0.0,19,56,342,7.1
Anzaldo,2026-08-17 06:00:00,14,0.0,15,56,352,4.3
Anzaldo,2026-08-17 06:00:00,17,0.0,11,56,2,4.3
Anzaldo,2026-08-17 06:00:00,20,0.0,5,56,10,4.1
Anzaldo,2026-08-17 06:00:00,23,0.0,5,56,332,4.5
Anzaldo,2026-08-17 06:00:00,26,0.0,11,57,322,4.5
Anzaldo,2026-08-17 06:00:00,29,0.0,13,56,332,6.6
Anzaldo,2026-08-17 06:00:00,32,0.0,17,56,341,8.6
Anzaldo,2026-08-17 06:00:00,35,0.0,17,57,351,6.2
Anzaldo,2026-08-17 06:00:00,38,0.0,12,36,356,3.8
Anzaldo,2026-08-17 06:00:00,41,0.0,8,37,356,3.9
Anzaldo,2026-08-17 06:00:00,44,0.0,4,56,352,4.0
Anzaldo,2026-08-17 06:00:00,47,0.0,4,56,342,4.8
Anzaldo,2026-08-17 06:00:00,50,0.0,10,56,342,4.9
Anzaldo,2026-08-17 06:00:00,53,0.0,14,56,332,6.3
Anzaldo,2026-08-17 06:00:00,56,0.0,19,36,312,7.6
Anzaldo,2026-08-17 06:00:00,59,0.0,19,35,342,5.5
Anzaldo,2026-08-17 06:00:00,62,0.0,15,35,2,3.4
Anzaldo,2026-08-17 06:00:00,65,0.0,10,36,2,3.6
Anzaldo,2026-08-17 06:00:00,68,0.0,4,26,352,3.8
Anzaldo,2026-08-17 06:00:00,71,0.0,4,26,353,4.4
Anzaldo,2026-08-17 06:00:00,74,0.0,8,27,351,4.6
Anzaldo,2026-08-17 06:00:00,77,0.0,13,27,330,5.4
Anzaldo,2026-08-17 06:00:00,80,0.0,21,36,302,6.3
Anzaldo,2026-08-17 06:00:00,83,0.0,21,36,342,4.6
Anzaldo,2026-08-17 06:00:00,86,0.0,13,26,18,2.8
Anzaldo,2026-08-17 06:00:00,89,0.0,10,26,3,2.7
Anzaldo,2026-08-17 06:00:00,92,0.0,5,26,339,2.6
Apolo Chupiluzani,2026-08-17 06:00:00,2,1.3,20,89,313,1.2
Apolo Chupiluzani,2026-08-17 06:00:00,5,1.9,23,89,333,2.3
Apolo Chupiluzani,2026-08-17 06:00:00,8,1.9,27,89,344,3.3
Apolo Chupiluzani,2026-08-17 06:00:00,11,2.3,27,88,324,2.1
Apolo Chupiluzani,2026-08-17 06:00:00,14,2.1,22,89,304,0.9
Apolo Chupiluzani,2026-08-17 06:00:00,17,1.7,18,89,305,1.0
Apolo Chupiluzani,2026-08-17 06:00:00,20,0.0,15,56,297,1.2
Apolo Chupiluzani,2026-08-17 06:00:00,23,0.0,15,57,294,0.6
Apolo Chupiluzani,2026-08-17 06:00:00,26,0.0,19,56,248,0.7
Apolo Chupiluzani,2026-08-17 06:00:00,29,0.0,21,56,301,2.5
Apolo Chupiluzani,2026-08-17 06:00:00,32,0.0,24,56,349,4.3
Apolo Chupiluzani,2026-08-17 06:00:00,35,0.0,24,56,358,2.6
Apolo Chupiluzani,2026-08-17 06:00:00,38,0.0,22,56,4,0.9
Apolo Chupiluzani,2026-08-17 06:00:00,41,0.0,18,56,347,1.0
Apolo Chupiluzani,2026-08-17 06:00:00,44,0.0,14,36,321,1.1
Apolo Chupiluzani,2026-08-17 06:00:00,47,0.0,14,36,255,0.8
Apolo Chupiluzani,2026-08-17 06:00:00,50,0.0,18,36,276,0.8
Apolo Chupiluzani,2026-08-17 06:00:00,53,0.0,19,36,333,2.2
Apolo Chupiluzani,2026-08-17 06:00:00,56,0.0,25,56,20,3.5
Apolo Chupiluzani,2026-08-17 06:00:00,59,0.0,25,56,28,2.2
Apolo Chupiluzani,2026-08-17 06:00:00,62,2.7,22,89,27,0.9
Apolo Chupiluzani,2026-08-17 06:00:00,65,2.5,19,89,8,1.0
Apolo Chupiluzani,2026-08-17 06:00:00,68,0.0,15,36,348,1.1
Apolo Chupiluzani,2026-08-17 06:00:00,71,0.0,15,36,325,0.9
Apolo Chupiluzani,2026-08-17 06:00:00,74,0.0,18,36,325,0.9
Apolo Chupiluzani,2026-08-17 06:00:00,77,0.0,22,36,353,2.1
Apolo Chupiluzani,2026-08-17 06:00:00,80,0.0,28,36,20,3.3
Apolo Chupiluzani,2026-08-17 06:00:00,83,0.0,28,35,15,2.2
Apolo Chupiluzani,2026-08-17 06:00:00,86,0.0,22,36,4,1.0
Apolo Chupiluzani,2026-08-17 06:00:00,89,0.0,18,35,341,1.1
Apolo Chupiluzani,2026-08-17 06:00:00,92,0.0,16,36,315,1.2
Ascencion de Guarayos,2026-08-17 06:00:00,2,0.0,27,26,10,1.2
Ascencion de Guarayos,2026-08-17 06:00:00,5,0.0,30,26,350,2.3
Ascencion de Guarayos,2026-08-17 06:00:00,8,0.0,34,27,320,3.3
Ascencion de Guarayos,2026-08-17 06:00:00,11,0.0,34,26,325,2.1
Ascencion de Guarayos,2026-08-17 06:00:00,14,0.0,29,27,325,0.9
Ascencion de Guarayos,2026-08-17 06:00:00,17,0.0,25,25,10,1.2
Ascencion de Guarayos,2026-08-17 06:00:00,20,0.0,21,36,45,1.5
Ascencion de Guarayos,2026-08-17 06:00:00,23,0.0,21,35,346,1.0
Ascencion de Guarayos,2026-08-17 06:00:00,26,0.0,25,36,336,1.1
Ascencion de Guarayos,2026-08-17 06:00:00,29,0.0,29,36,336,2.2
Ascencion de Guarayos,2026-08-17 06:00:00,32,0.0,32,36,330,3.3
Ascencion de Guarayos,2026-08-17 06:00:00,35,0.0,32,37,321,2.2
Ascencion de Guarayos,2026-08-17 06:00:00,38,0.0,27,56,311,1.1
Ascencion de Guarayos,2026-08-17 06:00:00,41,0.0,24,56,331,0.9
Ascencion de Guarayos,2026-08-17 06:00:00,44,0.0,16,56,346,0.7
Ascencion de Guarayos,2026-08-17 06:00:00,47,0.0,16,56,200,1.6
Ascencion de Guarayos,2026-08-17 06:00:00,50,0.0,21,56,169,1.9
Ascencion de Guarayos,2026-08-17 06:00:00,53,0.0,24,56,221,1.6
Ascencion de Guarayos,2026-08-17 06:00:00,56,0.0,29,56,266,1.4
Ascencion de Guarayos,2026-08-17 06:00:00,59,0.0,29,55,235,1.2
Ascencion de Guarayos,2026-08-17 06:00:00,62,0.0,24,56,205,1.0
Ascencion de Guarayos,2026-08-17 06:00:00,65,0.0,20,56,200,1.5
Ascencion de Guarayos,2026-08-17 06:00:00,68,0.0,14,35,190,1.9
Ascencion de Guarayos,2026-08-17 06:00:00,71,0.0,14,36,170,1.9
Ascencion de Guarayos,2026-08-17 06:00:00,74,0.0,18,36,149,2.0
Ascencion de Guarayos,2026-08-17 06:00:00,77,0.0,22,36,200,1.8
Ascencion de Guarayos,2026-08-17 06:00:00,80,0.0,27,36,250,1.5
Ascencion de Guarayos,2026-08-17 06:00:00,83,0.0,27,36,210,1.5
Ascencion de Guarayos,2026-08-17 06:00:00,86,0.0,24,36,170,1.4
Ascencion de Guarayos,2026-08-17 06:00:00,89,0.0,21,36,170,1.7
Ascencion de Guarayos,2026-08-17 06:00:00,92,0.0,15,36,170,1.9
Baures,2026-08-17 06:00:00,2,0.0,28,26,0,2.9
Baures,2026-08-17 06:00:00,5,0.0,32,26,336,4.3
Baures,2026-08-17 06:00:00,8,0.0,35,36,311,5.7
Baures,2026-08-17 06:00:00,11,0.0,35,35,300,3.6
Baures,2026-08-17 06:00:00,14,0.0,32,26,284,1.4
Baures,2026-08-17 06:00:00,17,0.0,25,26,294,1.7
Baures,2026-08-17 06:00:00,20,0.0,21,36,300,1.9
Baures,2026-08-17 06:00:00,23,0.0,21,37,295,2.2
Baures,2026-08-17 06:00:00,26,0.0,28,36,305,2.2
Baures,2026-08-17 06:00:00,29,0.0,32,36,321,3.5
Baures,2026-08-17 06:00:00,32,0.0,35,37,336,4.8
Baures,2026-08-17 06:00:00,35,0.0,35,37,356,3.7
Baures,2026-08-17 06:00:00,38,0.0,34,36,16,2.5
Baures,2026-08-17 06:00:00,41,0.0,27,36,6,2.1
Baures,2026-08-17 06:00:00,44,1.8,20,89,356,1.7
Baures,2026-08-17 06:00:00,47,1.7,20,89,216,2.1
Baures,2026-08-17 06:00:00,50,3.2,25,89,150,2.1
Baures,2026-08-17 06:00:00,53,1.9,29,89,216,2.2
Baures,2026-08-17 06:00:00,56,0.0,32,55,281,2.4
Baures,2026-08-17 06:00:00,59,0.0,32,56,275,2.1
Baures,2026-08-17 06:00:00,62,0.0,30,55,269,1.7
Baures,2026-08-17 06:00:00,65,0.0,29,56,240,1.7
Baures,2026-08-17 06:00:00,68,0.0,21,55,206,1.8
Baures,2026-08-17 06:00:00,71,0.0,21,56,170,2.6
Baures,2026-08-17 06:00:00,74,0.0,25,56,160,2.7
Baures,2026-08-17 06:00:00,77,0.0,28,55,211,2.7
Baures,2026-08-17 06:00:00,80,0.0,33,37,261,2.8
Baures,2026-08-17 06:00:00,83,0.0,33,36,231,2.6
Baures,2026-08-17 06:00:00,86,0.0,30,36,200,2.4
Baures,2026-08-17 06:00:00,89,0.0,27,37,180,2.4
Baures,2026-08-17 06:00:00,92,0.0,22,36,160,2.3
Bolpebra - PD,2026-08-17 06:00:00,2,0.0,25,26,273,1.4
Bolpebra - PD,2026-08-17 06:00:00,5,0.0,30,26,303,1.9
Bolpebra - PD,2026-08-17 06:00:00,8,0.0,35,36,333,2.4
Bolpebra - PD,2026-08-17 06:00:00,11,0.0,35,36,274,1.6
Bolpebra - PD,2026-08-17 06:00:00,14,0.0,30,26,213,0.7
Bolpebra - PD,2026-08-17 06:00:00,17,0.0,26,26,214,0.7
Bolpebra - PD,2026-08-17 06:00:00,20,0.0,21,26,215,0.8
Bolpebra - PD,2026-08-17 06:00:00,23,0.0,21,36,262,1.1
Bolpebra - PD,2026-08-17 06:00:00,26,0.0,25,36,272,1.1
Bolpebra - PD,2026-08-17 06:00:00,29,0.0,31,37,310,1.6
Bolpebra - PD,2026-08-17 06:00:00,32,0.0,35,36,340,2.1
Bolpebra - PD,2026-08-17 06:00:00,35,0.0,35,36,303,1.9
Bolpebra - PD,2026-08-17 06:00:00,38,0.0,30,56,260,1.6
Bolpebra - PD,2026-08-17 06:00:00,41,0.0,25,56,275,1.4
Bolpebra - PD,2026-08-17 06:00:00,44,0.0,21,36,282,1.2
Bolpebra - PD,2026-08-17 06:00:00,47,0.0,21,36,320,0.9
Bolpebra - PD,2026-08-17 06:00:00,50,0.0,25,36,352,1.0
Bolpebra - PD,2026-08-17 06:00:00,53,0.0,30,36,357,1.4
Bolpebra - PD,2026-08-17 06:00:00,56,1.3,33,90,359,1.8
Bolpebra - PD,2026-08-17 06:00:00,59,1.4,33,90,336,1.4
Bolpebra - PD,2026-08-17 06:00:00,62,0.0,29,56,313,1.1
Bolpebra - PD,2026-08-17 06:00:00,65,0.0,25,56,310,1.0
Bolpebra - PD,2026-08-17 06:00:00,68,0.0,20,55,300,1.0
Bolpebra - PD,2026-08-17 06:00:00,71,0.0,20,56,268,0.9
Bolpebra - PD,2026-08-17 06:00:00,74,0.0,26,56,285,0.9
Bolpebra - PD,2026-08-17 06:00:00,77,0.0,30,56,290,1.3
Bolpebra - PD,2026-08-17 06:00:00,80,0.0,34,36,294,1.6
Bolpebra - PD,2026-08-17 06:00:00,83,0.0,34,37,310,1.4
Bolpebra - PD,2026-08-17 06:00:00,86,0.0,30,36,320,1.0
Bolpebra - PD,2026-08-17 06:00:00,89,0.0,27,36,310,1.2
Bolpebra - PD,2026-08-17 06:00:00,92,0.0,21,36,292,1.4
Bulo Bulo,2026-08-17 06:00:00,2,2.5,23,88,338,0.8
Bulo Bulo,2026-08-17 06:00:00,5,2.4,26,89,338,2.2
Bulo Bulo,2026-08-17 06:00:00,8,2.5,29,88,330,3.5
Bulo Bulo,2026-08-17 06:00:00,11,1.1,29,88,290,2.6
Bulo Bulo,2026-08-17 06:00:00,14,0.0,27,57,242,1.7
Bulo Bulo,2026-08-17 06:00:00,17,0.0,25,57,224,1.8
Bulo Bulo,2026-08-17 06:00:00,20,0.0,18,56,204,1.9
Bulo Bulo,2026-08-17 06:00:00,23,0.0,18,55,222,1.1
Bulo Bulo,2026-08-17 06:00:00,26,0.0,21,56,180,1.1
Bulo Bulo,2026-08-17 06:00:00,29,0.0,24,57,258,1.9
Bulo Bulo,2026-08-17 06:00:00,32,0.0,26,56,328,2.6
Bulo Bulo,2026-08-17 06:00:00,35,0.0,26,56,290,2.0
Bulo Bulo,2026-08-17 06:00:00,38,0.0,23,36,244,1.4
Bulo Bulo,2026-08-17 06:00:00,41,0.0,21,36,201,1.1
Bulo Bulo,2026-08-17 06:00:00,44,2.9,17,89,117,0.9
Bulo Bulo,2026-08-17 06:00:00,47,2.5,17,90,44,0.8
Bulo Bulo,2026-08-17 06:00:00,50,2.9,20,89,72,0.9
Bulo Bulo,2026-08-17 06:00:00,53,2.9,22,89,22,0.9
Bulo Bulo,2026-08-17 06:00:00,56,0.0,24,56,301,0.7
Bulo Bulo,2026-08-17 06:00:00,59,0.0,24,56,246,0.8
Bulo Bulo,2026-08-17 06:00:00,62,0.0,22,56,192,0.9
Bulo Bulo,2026-08-17 06:00:00,65,0.0,21,56,160,1.4
Bulo Bulo,2026-08-17 06:00:00,68,0.0,18,36,118,1.9
Bulo Bulo,2026-08-17 06:00:00,71,0.0,18,37,100,1.7
Bulo Bulo,2026-08-17 06:00:00,74,0.0,21,36,92,1.4
Bulo Bulo,2026-08-17 06:00:00,77,0.0,23,37,64,1.4
Bulo Bulo,2026-08-17 06:00:00,80,0.0,25,36,34,1.3
Bulo Bulo,2026-08-17 06:00:00,83,0.0,25,37,102,1.5
Bulo Bulo,2026-08-17 06:00:00,86,0.0,23,36,168,1.7
Bulo Bulo,2026-08-17 06:00:00,89,0.0,21,36,148,1.4
Bulo Bulo,2026-08-17 06:00:00,92,0.0,19,35,126,1.1
Camargo,2026-08-17 06:00:00,2,0.0,15,37,282,2.0
Camargo,2026-08-17 06:00:00,5,0.0,20,37,332,3.7
Camargo,2026-08-17 06:00:00,8,0.0,27,57,20,5.5
Camargo,2026-08-17 06:00:00,11,0.0,27,56,47,4.2
Camargo,2026-08-17 06:00:00,14,0.0,21,56,65,2.8
Camargo,2026-08-17 06:00:00,17,0.0,15,56,56,3.4
Camargo,2026-08-17 06:00:00,20,2.8,8,89,38,3.9
Camargo,2026-08-17 06:00:00,23,2.5,8,90,348,3.8
Camargo,2026-08-17 06:00:00,26,2.8,14,89,345,3.6
Camargo,2026-08-17 06:00:00,29,2.8,19,89,330,8.6
Camargo,2026-08-17 06:00:00,32,0.0,23,56,311,13.6
Camargo,2026-08-17 06:00:00,35,0.0,23,57,341,9.2
Camargo,2026-08-17 06:00:00,38,0.0,19,36,8,4.8
Camargo,2026-08-17 06:00:00,41,0.0,13,36,357,5.8
Camargo,2026-08-17 06:00:00,44,0.0,8,56,337,6.7
Camargo,2026-08-17 06:00:00,47,0.0,8,56,360,5.8
Camargo,2026-08-17 06:00:00,50,0.0,16,56,333,6.6
Camargo,2026-08-17 06:00:00,53,0.0,19,56,330,13.1
Camargo,2026-08-17 06:00:00,56,0.0,25,36,320,19.5
Camargo,2026-08-17 06:00:00,59,0.0,25,36,310,16.8
Camargo,2026-08-17 06:00:00,62,0.0,19,36,300,14.1
Camargo,2026-08-17 06:00:00,65,0.0,16,36,300,9.2
Camargo,2026-08-17 06:00:00,68,0.0,9,26,299,4.3
Camargo,2026-08-17 06:00:00,71,0.0,9,26,245,2.6
Camargo,2026-08-17 06:00:00,74,0.0,12,26,280,3.1
Camargo,2026-08-17 06:00:00,77,0.0,17,26,270,4.2
Camargo,2026-08-17 06:00:00,80,0.0,27,36,250,5.3
Camargo,2026-08-17 06:00:00,83,0.0,27,36,191,3.6
Camargo,2026-08-17 06:00:00,86,0.0,21,26,97,1.8
Camargo,2026-08-17 06:00:00,89,0.0,15,26,149,1.3
Camargo,2026-08-17 06:00:00,92,0.0,10,26,202,0.7
Camiri,2026-08-17 06:00:00,2,0.0,21,56,93,1.0
Camiri,2026-08-17 06:00:00,5,0.0,24,56,73,3.8
Camiri,2026-08-17 06:00:00,8,0.0,30,56,50,6.5
Camiri,2026-08-17 06:00:00,11,0.0,30,56,30,7.2
Camiri,2026-08-17 06:00:00,14,0.0,23,55,10,7.8
Camiri,2026-08-17 06:00:00,17,0.0,18,56,89,5.3
Camiri,2026-08-17 06:00:00,20,0.0,8,36,159,2.7
Camiri,2026-08-17 06:00:00,23,0.0,8,36,135,2.8
Camiri,2026-08-17 06:00:00,26,0.0,13,35,150,2.0
Camiri,2026-08-17 06:00:00,29,0.0,18,36,111,3.4
Camiri,2026-08-17 06:00:00,32,0.0,23,36,71,4.7
Camiri,2026-08-17 06:00:00,35,0.0,23,36,110,3.4
Camiri,2026-08-17 06:00:00,38,0.0,20,36,140,2.1
Camiri,2026-08-17 06:00:00,41,0.0,16,36,150,1.6
Camiri,2026-08-17 06:00:00,44,0.0,8,55,150,1.0
Camiri,2026-08-17 06:00:00,47,0.0,7,55,148,1.2
Camiri,2026-08-17 06:00:00,50,0.0,12,55,111,1.7
Camiri,2026-08-17 06:00:00,53,0.0,16,55,121,1.9
Camiri,2026-08-17 06:00:00,56,0.0,21,55,131,2.0
Camiri,2026-08-17 06:00:00,59,0.0,21,55,148,2.1
Camiri,2026-08-17 06:00:00,62,0.0,16,55,158,2.0
Camiri,2026-08-17 06:00:00,65,0.0,13,55,198,1.6
Camiri,2026-08-17 06:00:00,68,0.0,8,36,237,1.1
Camiri,2026-08-17 06:00:00,71,0.0,9,37,198,1.0
Camiri,2026-08-17 06:00:00,74,0.0,15,36,128,0.6
Camiri,2026-08-17 06:00:00,77,0.0,18,36,120,2.2
Camiri,2026-08-17 06:00:00,80,0.0,23,36,110,3.7
Camiri,2026-08-17 06:00:00,83,0.0,23,36,131,2.3
Camiri,2026-08-17 06:00:00,86,0.0,18,36,141,0.8
Camiri,2026-08-17 06:00:00,89,0.0,14,36,211,1.0
Camiri,2026-08-17 06:00:00,92,0.0,11,36,280,1.3
Campanario,2026-08-17 06:00:00,2,0.0,6,36,268,2.9
Campanario,2026-08-17 06:00:00,5,0.0,10,36,300,5.6
Campanario,2026-08-17 06:00:00,8,0.0,14,56,322,8.3
Campanario,2026-08-17 06:00:00,11,0.0,14,56,359,5.5
Campanario,2026-08-17 06:00:00,14,2.4,10,89,32,2.7
Campanario,2026-08-17 06:00:00,17,2.4,7,89,25,3.4
Campanario,2026-08-17 06:00:00,20,0.0,0,56,13,4.1
Campanario,2026-08-17 06:00:00,23,0.0,0,56,307,6.5
Campanario,2026-08-17 06:00:00,26,0.0,6,56,318,9.6
Campanario,2026-08-17 06:00:00,29,0.0,9,56,318,12.6
Campanario,2026-08-17 06:00:00,32,0.0,12,36,314,15.6
Campanario,2026-08-17 06:00:00,35,0.0,12,36,314,13.9
Campanario,2026-08-17 06:00:00,38,0.0,8,36,307,12.2
Campanario,2026-08-17 06:00:00,41,0.0,5,36,307,9.5
Campanario,2026-08-17 06:00:00,44,0.0,-1,36,304,6.8
Campanario,2026-08-17 06:00:00,47,0.0,-1,36,356,4.7
Campanario,2026-08-17 06:00:00,50,0.0,3,36,356,5.1
Campanario,2026-08-17 06:00:00,53,0.0,6,36,344,12.4
Campanario,2026-08-17 06:00:00,56,0.0,10,36,324,19.6
Campanario,2026-08-17 06:00:00,59,0.0,10,36,310,19.2
Campanario,2026-08-17 06:00:00,62,0.0,6,36,290,18.7
Campanario,2026-08-17 06:00:00,65,0.0,3,36,276,11.5
Campanario,2026-08-17 06:00:00,68,0.0,-2,26,259,4.3
Campanario,2026-08-17 06:00:00,71,0.0,-2,26,240,5.1
Campanario,2026-08-17 06:00:00,74,0.0,4,26,246,5.0
Campanario,2026-08-17 06:00:00,77,0.0,9,26,254,3.5
Campanario,2026-08-17 06:00:00,80,0.0,14,36,257,1.9
Campanario,2026-08-17 06:00:00,83,0.0,14,36,177,1.9
Campanario,2026-08-17 06:00:00,86,0.0,8,26,92,1.8
Campanario,2026-08-17 06:00:00,89,0.0,4,26,33,1.5
Campanario,2026-08-17 06:00:00,92,0.0,-1,26,334,1.1
Carura,2026-08-17 06:00:00,2,2.3,23,89,327,0.6
Carura,2026-08-17 06:00:00,5,2.3,28,89,277,0.5
Carura,2026-08-17 06:00:00,8,1.8,31,88,218,0.5
Carura,2026-08-17 06:00:00,11,2.2,31,89,228,0.7
Carura,2026-08-17 06:00:00,14,2.5,27,90,237,0.9
Carura,2026-08-17 06:00:00,17,1.8,24,90,265,0.9
Carura,2026-08-17 06:00:00,20,0.0,19,56,289,0.9
Carura,2026-08-17 06:00:00,23,0.0,19,56,292,1.0
Carura,2026-08-17 06:00:00,26,0.0,23,56,297,0.9
Carura,2026-08-17 06:00:00,29,0.0,25,57,10,1.2
Carura,2026-08-17 06:00:00,32,0.0,28,56,74,1.5
Carura,2026-08-17 06:00:00,35,0.0,28,56,359,0.9
Carura,2026-08-17 06:00:00,38,0.0,26,56,281,0.4
Carura,2026-08-17 06:00:00,41,0.0,23,56,276,0.6
Carura,2026-08-17 06:00:00,44,0.0,18,36,264,0.9
Carura,2026-08-17 06:00:00,47,0.0,19,37,280,0.6
Carura,2026-08-17 06:00:00,50,0.0,22,36,299,0.6
Carura,2026-08-17 06:00:00,53,0.0,25,36,359,1.3
Carura,2026-08-17 06:00:00,56,0.0,30,56,52,1.9
Carura,2026-08-17 06:00:00,59,0.0,30,56,30,1.3
Carura,2026-08-17 06:00:00,62,1.1,25,90,358,0.6
Carura,2026-08-17 06:00:00,65,0.7,23,89,313,0.7
Carura,2026-08-17 06:00:00,68,0.0,20,36,268,0.8
Carura,2026-08-17 06:00:00,71,0.0,19,36,282,0.8
Carura,2026-08-17 06:00:00,74,0.0,22,36,280,0.6
Carura,2026-08-17 06:00:00,77,0.0,27,36,342,0.8
Carura,2026-08-17 06:00:00,80,0.0,33,36,41,0.9
Carura,2026-08-17 06:00:00,83,0.0,33,36,98,0.8
Carura,2026-08-17 06:00:00,86,0.0,28,36,152,0.7
Carura,2026-08-17 06:00:00,89,0.0,24,36,215,0.8
Carura,2026-08-17 06:00:00,92,0.0,20,36,275,0.9
Chacala (INIAF),2026-08-17 06:00:00,2,2.0,3,89,342,5.3
Chacala (INIAF),2026-08-17 06:00:00,5,1.4,5,89,335,6.5
Chacala (INIAF),2026-08-17 06:00:00,8,1.7,8,89,322,7.8
Chacala (INIAF),2026-08-17 06:00:00,11,1.9,8,89,338,6.3
Chacala (INIAF),2026-08-17 06:00:00,14,1.2,6,88,348,4.8
Chacala (INIAF),2026-08-17 06:00:00,17,1.8,4,89,332,5.1
Chacala (INIAF),2026-08-17 06:00:00,20,2.4,2,89,314,5.5
Chacala (INIAF),2026-08-17 06:00:00,23,2.0,1,89,338,8.0
Chacala (INIAF),2026-08-17 06:00:00,26,1.0,2,89,4,6.9
Chacala (INIAF),2026-08-17 06:00:00,29,0.9,4,90,342,11.3
Chacala (INIAF),2026-08-17 06:00:00,32,0.0,5,56,312,15.7
Chacala (INIAF),2026-08-17 06:00:00,35,0.0,5,56,310,14.6
Chacala (INIAF),2026-08-17 06:00:00,38,0.0,3,36,300,13.5
Chacala (INIAF),2026-08-17 06:00:00,41,0.0,1,36,334,10.0
Chacala (INIAF),2026-08-17 06:00:00,44,0.0,0,25,6,6.4
Chacala (INIAF),2026-08-17 06:00:00,47,0.0,0,26,353,13.0
Chacala (INIAF),2026-08-17 06:00:00,50,0.0,1,26,350,14.1
Chacala (INIAF),2026-08-17 06:00:00,53,0.0,3,26,330,17.0
Chacala (INIAF),2026-08-17 06:00:00,56,0.0,4,26,303,19.8
Chacala (INIAF),2026-08-17 06:00:00,59,0.0,4,26,310,16.5
Chacala (INIAF),2026-08-17 06:00:00,62,0.0,2,26,310,13.1
Chacala (INIAF),2026-08-17 06:00:00,65,0.0,1,26,344,9.0
Chacala (INIAF),2026-08-17 06:00:00,68,0.0,-1,26,13,4.9
Chacala (INIAF),2026-08-17 06:00:00,71,0.0,-1,27,14,3.7
Chacala (INIAF),2026-08-17 06:00:00,74,0.0,1,26,11,3.6
Chacala (INIAF),2026-08-17 06:00:00,77,0.0,3,26,345,4.5
Chacala (INIAF),2026-08-17 06:00:00,80,0.0,5,26,312,5.4
Chacala (INIAF),2026-08-17 06:00:00,83,0.0,5,26,342,4.6
Chacala (INIAF),2026-08-17 06:00:00,86,0.0,3,26,7,3.7
Chacala (INIAF),2026-08-17 06:00:00,89,0.0,2,26,19,3.2
Chacala (INIAF),2026-08-17 06:00:00,92,0.0,0,26,24,2.9
Charazani,2026-08-17 06:00:00,2,0.0,9,56,48,2.0
Charazani,2026-08-17 06:00:00,5,0.0,12,55,58,3.7
Charazani,2026-08-17 06:00:00,8,0.5,11,89,65,5.4
Charazani,2026-08-17 06:00:00,11,1.6,11,89,65,4.4
Charazani,2026-08-17 06:00:00,14,0.0,11,56,59,3.4
Charazani,2026-08-17 06:00:00,17,0.0,8,56,59,3.0
Charazani,2026-08-17 06:00:00,20,0.5,6,89,53,2.6
Charazani,2026-08-17 06:00:00,23,1.4,6,89,23,0.8
Charazani,2026-08-17 06:00:00,26,1.4,7,89,98,0.6
Charazani,2026-08-17 06:00:00,29,2.0,10,89,84,2.6
Charazani,2026-08-17 06:00:00,32,0.0,9,56,63,4.5
Charazani,2026-08-17 06:00:00,35,0.0,9,56,59,3.4
Charazani,2026-08-17 06:00:00,38,0.0,7,56,52,2.3
Charazani,2026-08-17 06:00:00,41,0.0,8,56,40,1.6
Charazani,2026-08-17 06:00:00,44,0.0,5,56,19,1.0
Charazani,2026-08-17 06:00:00,47,0.0,5,56,347,1.2
Charazani,2026-08-17 06:00:00,50,0.0,8,55,293,0.9
Charazani,2026-08-17 06:00:00,53,0.0,9,56,3,1.7
Charazani,2026-08-17 06:00:00,56,2.3,11,89,102,2.5
Charazani,2026-08-17 06:00:00,59,1.8,11,89,80,2.0
Charazani,2026-08-17 06:00:00,62,2.9,9,90,50,1.6
Charazani,2026-08-17 06:00:00,65,2.6,8,89,351,1.4
Charazani,2026-08-17 06:00:00,68,0.0,6,27,285,1.4
Charazani,2026-08-17 06:00:00,71,0.0,6,26,300,0.8
Charazani,2026-08-17 06:00:00,74,0.0,8,26,254,0.8
Charazani,2026-08-17 06:00:00,77,0.0,10,25,182,2.9
Charazani,2026-08-17 06:00:00,80,0.0,13,27,95,5.0
Charazani,2026-08-17 06:00:00,83,0.0,13,26,75,3.5
Charazani,2026-08-17 06:00:00,86,0.0,11,36,54,1.9
Charazani,2026-08-17 06:00:00,89,0.0,9,36,23,1.7
Charazani,2026-08-17 06:00:00,92,0.0,7,36,345,1.6
Chipaya,2026-08-17 06:00:00,2,2.2,5,89,14,3.8
Chipaya,2026-08-17 06:00:00,5,2.2,10,89,350,6.2
Chipaya,2026-08-17 06:00:00,8,0.0,15,56,316,8.6
Chipaya,2026-08-17 06:00:00,11,0.0,15,56,300,7.0
Chipaya,2026-08-17 06:00:00,14,2.1,11,90,274,5.3
Chipaya,2026-08-17 06:00:00,17,2.0,7,89,260,4.0
Chipaya,2026-08-17 06:00:00,20,2.1,3,89,240,2.6
Chipaya,2026-08-17 06:00:00,23,0.5,3,89,314,7.2
Chipaya,2026-08-17 06:00:00,26,0.5,6,89,310,9.3
Chipaya,2026-08-17 06:00:00,29,2.1,9,89,310,10.9
Chipaya,2026-08-17 06:00:00,32,0.0,12,57,310,12.5
Chipaya,2026-08-17 06:00:00,35,0.0,12,56,310,11.5
Chipaya,2026-08-17 06:00:00,38,0.0,9,36,310,10.5
Chipaya,2026-08-17 06:00:00,41,0.0,5,37,300,7.3
Chipaya,2026-08-17 06:00:00,44,0.0,2,36,290,4.1
Chipaya,2026-08-17 06:00:00,47,0.0,2,36,334,9.5
Chipaya,2026-08-17 06:00:00,50,0.0,6,36,324,9.7
Chipaya,2026-08-17 06:00:00,53,0.0,10,36,314,12.2
Chipaya,2026-08-17 06:00:00,56,0.0,14,36,300,14.8
Chipaya,2026-08-17 06:00:00,59,0.0,14,36,300,11.3
Chipaya,2026-08-17 06:00:00,62,0.0,10,26,300,7.9
Chipaya,2026-08-17 06:00:00,65,0.0,6,26,290,5.6
Chipaya,2026-08-17 06:00:00,68,0.0,1,26,270,3.3
Chipaya,2026-08-17 06:00:00,71,0.0,1,26,304,2.6
Chipaya,2026-08-17 06:00:00,74,0.0,6,26,2,1.4
Chipaya,2026-08-17 06:00:00,77,0.0,10,26,360,1.8
Chipaya,2026-08-17 06:00:00,80,0.0,15,26,354,2.1
Chipaya,2026-08-17 06:00:00,83,0.0,15,26,292,3.4
Chipaya,2026-08-17 06:00:00,86,0.0,11,26,230,4.5
Chipaya,2026-08-17 06:00:00,89,0.0,6,26,230,3.7
Chipaya,2026-08-17 06:00:00,92,0.0,2,26,226,2.8
Cobija,2026-08-17 06:00:00,2,0.0,26,26,280,1.3
Cobija,2026-08-17 06:00:00,5,0.0,30,25,310,1.8
Cobija,2026-08-17 06:00:00,8,0.0,37,36,330,2.2
Cobija,2026-08-17 06:00:00,11,0.0,37,36,304,1.4
Cobija,2026-08-17 06:00:00,14,0.0,30,26,268,0.5
Cobija,2026-08-17 06:00:00,17,0.0,25,26,254,0.7
Cobija,2026-08-17 06:00:00,20,0.0,22,26,234,0.9
Cobija,2026-08-17 06:00:00,23,0.0,22,37,287,1.0
Cobija,2026-08-17 06:00:00,26,0.0,26,36,260,1.4
Cobija,2026-08-17 06:00:00,29,0.0,30,36,290,2.0
Cobija,2026-08-17 06:00:00,32,0.0,37,36,320,2.5
Cobija,2026-08-17 06:00:00,35,0.0,37,36,340,2.0
Cobija,2026-08-17 06:00:00,38,0.0,31,56,353,1.4
Cobija,2026-08-17 06:00:00,41,0.0,26,56,330,1.3
Cobija,2026-08-17 06:00:00,44,0.0,22,37,300,1.1
Cobija,2026-08-17 06:00:00,47,0.0,22,36,306,1.0
Cobija,2026-08-17 06:00:00,50,0.0,26,37,360,1.1
Cobija,2026-08-17 06:00:00,53,0.0,30,37,330,1.9
Cobija,2026-08-17 06:00:00,56,1.8,35,89,296,2.5
Cobija,2026-08-17 06:00:00,59,1.1,35,89,320,1.8
Cobija,2026-08-17 06:00:00,62,0.0,29,56,344,1.0
Cobija,2026-08-17 06:00:00,65,0.0,26,57,324,1.2
Cobija,2026-08-17 06:00:00,68,0.0,21,56,304,1.3
Cobija,2026-08-17 06:00:00,71,0.0,21,56,256,1.1
Cobija,2026-08-17 06:00:00,74,0.0,25,55,276,1.2
Cobija,2026-08-17 06:00:00,77,0.0,31,55,286,1.5
Cobija,2026-08-17 06:00:00,80,0.0,36,37,290,1.7
Cobija,2026-08-17 06:00:00,83,0.0,36,37,323,1.1
Cobija,2026-08-17 06:00:00,86,0.0,31,36,347,0.6
Cobija,2026-08-17 06:00:00,89,0.0,27,36,333,0.9
Cobija,2026-08-17 06:00:00,92,0.0,22,36,310,1.3
Cochabamba - Aeropuerto,2026-08-17 06:00:00,2,0.0,14,57,262,2.1
Cochabamba - Aeropuerto,2026-08-17 06:00:00,5,0.0,19,55,275,2.4
Cochabamba - Aeropuerto,2026-08-17 06:00:00,8,0.0,28,57,281,2.8
Cochabamba - Aeropuerto,2026-08-17 06:00:00,11,0.0,28,57,275,2.7
Cochabamba - Aeropuerto,2026-08-17 06:00:00,14,0.0,17,56,259,2.6
Cochabamba - Aeropuerto,2026-08-17 06:00:00,17,0.0,13,56,269,2.8
Cochabamba - Aeropuerto,2026-08-17 06:00:00,20,0.0,8,56,271,3.1
Cochabamba - Aeropuerto,2026-08-17 06:00:00,23,0.0,8,56,271,3.0
Cochabamba - Aeropuerto,2026-08-17 06:00:00,26,0.0,14,56,264,2.8
Cochabamba - Aeropuerto,2026-08-17 06:00:00,29,0.0,19,56,273,2.4
Cochabamba - Aeropuerto,2026-08-17 06:00:00,32,0.0,26,56,279,2.1
Cochabamba - Aeropuerto,2026-08-17 06:00:00,35,0.0,26,57,257,2.3
Cochabamba - Aeropuerto,2026-08-17 06:00:00,38,0.0,19,36,235,2.5
Cochabamba - Aeropuerto,2026-08-17 06:00:00,41,0.0,15,36,236,2.5
Cochabamba - Aeropuerto,2026-08-17 06:00:00,44,0.0,6,56,236,2.4
Cochabamba - Aeropuerto,2026-08-17 06:00:00,47,0.0,6,56,253,1.9
Cochabamba - Aeropuerto,2026-08-17 06:00:00,50,0.0,13,55,243,1.2
Cochabamba - Aeropuerto,2026-08-17 06:00:00,53,0.0,19,55,313,1.8
Cochabamba - Aeropuerto,2026-08-17 06:00:00,56,0.0,29,36,19,2.5
Cochabamba - Aeropuerto,2026-08-17 06:00:00,59,0.0,29,36,319,2.2
Cochabamba - Aeropuerto,2026-08-17 06:00:00,62,0.0,23,36,259,1.9
Cochabamba - Aeropuerto,2026-08-17 06:00:00,65,0.0,17,36,247,2.1
Cochabamba - Aeropuerto,2026-08-17 06:00:00,68,0.0,7,27,236,2.3
Cochabamba - Aeropuerto,2026-08-17 06:00:00,71,0.0,7,27,249,2.1
Cochabamba - Aeropuerto,2026-08-17 06:00:00,74,0.0,16,26,250,1.6
Cochabamba - Aeropuerto,2026-08-17 06:00:00,77,0.0,21,26,321,2.5
Cochabamba - Aeropuerto,2026-08-17 06:00:00,80,0.0,30,36,28,3.3
Cochabamba - Aeropuerto,2026-08-17 06:00:00,83,0.0,30,36,335,2.6
Cochabamba - Aeropuerto,2026-08-17 06:00:00,86,0.0,21,27,275,2.0
Cochabamba - Aeropuerto,2026-08-17 06:00:00,89,0.0,16,26,257,2.0
Cochabamba - Aeropuerto,2026-08-17 06:00:00,92,0.0,8,27,238,2.0
Cochabamba - Sarco,2026-08-17 06:00:00,2,0.0,15,56,21,2.7
Cochabamba - Sarco,2026-08-17 06:00:00,5,0.0,19,56,10,2.9
Cochabamba - Sarco,2026-08-17 06:00:00,8,0.0,26,56,350,3.0
Cochabamba - Sarco,2026-08-17 06:00:00,11,0.0,26,56,8,3.3
Cochabamba - Sarco,2026-08-17 06:00:00,14,0.0,19,57,19,3.7
Cochabamba - Sarco,2026-08-17 06:00:00,17,0.0,15,56,19,3.4
Cochabamba - Sarco,2026-08-17 06:00:00,20,0.0,11,57,10,3.1
Cochabamba - Sarco,2026-08-17 06:00:00,23,0.0,11,56,1,3.1
Cochabamba - Sarco,2026-08-17 06:00:00,26,0.0,15,56,3,2.7
Cochabamba - Sarco,2026-08-17 06:00:00,29,0.0,19,56,1,2.8
Cochabamba - Sarco,2026-08-17 06:00:00,32,0.0,25,56,358,3.0
Cochabamba - Sarco,2026-08-17 06:00:00,35,0.0,25,57,348,2.8
Cochabamba - Sarco,2026-08-17 06:00:00,38,0.0,19,35,335,2.7
Cochabamba - Sarco,2026-08-17 06:00:00,41,0.0,15,36,336,2.9
Cochabamba - Sarco,2026-08-17 06:00:00,44,0.0,10,56,330,3.2
Cochabamba - Sarco,2026-08-17 06:00:00,47,0.0,9,56,341,2.3
Cochabamba - Sarco,2026-08-17 06:00:00,50,0.0,17,56,337,2.1
Cochabamba - Sarco,2026-08-17 06:00:00,53,0.0,21,56,331,3.2
Cochabamba - Sarco,2026-08-17 06:00:00,56,0.0,27,36,321,4.2
Cochabamba - Sarco,2026-08-17 06:00:00,59,0.0,27,37,330,4.1
Cochabamba - Sarco,2026-08-17 06:00:00,62,0.0,20,35,329,4.0
Cochabamba - Sarco,2026-08-17 06:00:00,65,0.0,15,36,329,3.6
Cochabamba - Sarco,2026-08-17 06:00:00,68,0.0,9,26,319,3.2
Cochabamba - Sarco,2026-08-17 06:00:00,71,0.0,7,26,330,2.7
Cochabamba - Sarco,2026-08-17 06:00:00,74,0.0,11,26,327,2.4
Cochabamba - Sarco,2026-08-17 06:00:00,77,0.0,17,26,326,3.2
Cochabamba - Sarco,2026-08-17 06:00:00,80,0.0,26,36,319,4.0
Cochabamba - Sarco,2026-08-17 06:00:00,83,0.0,26,35,329,3.9
Cochabamba - Sarco,2026-08-17 06:00:00,86,0.0,19,26,335,3.9
Cochabamba - Sarco,2026-08-17 06:00:00,89,0.0,14,26,326,3.3
Cochabamba - Sarco,2026-08-17 06:00:00,92,0.0,8,26,308,2.8
Concepcion,2026-08-17 06:00:00,2,0.0,26,26,325,1.8
Concepcion,2026-08-17 06:00:00,5,0.0,30,26,335,3.8
Concepcion,2026-08-17 06:00:00,8,0.0,35,26,340,5.7
Concepcion,2026-08-17 06:00:00,11,0.0,35,26,340,3.6
Concepcion,2026-08-17 06:00:00,14,0.0,28,26,330,1.6
Concepcion,2026-08-17 06:00:00,17,0.0,25,26,329,1.5
Concepcion,2026-08-17 06:00:00,20,0.0,21,36,324,1.4
Concepcion,2026-08-17 06:00:00,23,0.0,21,36,325,1.5
Concepcion,2026-08-17 06:00:00,26,0.0,26,37,311,1.9
Concepcion,2026-08-17 06:00:00,29,0.0,28,36,331,3.8
Concepcion,2026-08-17 06:00:00,32,0.0,33,35,350,5.6
Concepcion,2026-08-17 06:00:00,35,0.0,33,36,318,3.8
Concepcion,2026-08-17 06:00:00,38,0.0,27,56,284,1.9
Concepcion,2026-08-17 06:00:00,41,0.0,24,56,296,1.5
Concepcion,2026-08-17 06:00:00,44,0.0,16,56,300,1.3
Concepcion,2026-08-17 06:00:00,47,0.0,16,55,180,3.2
Concepcion,2026-08-17 06:00:00,50,0.0,22,56,170,3.1
Concepcion,2026-08-17 06:00:00,53,0.0,25,56,109,2.3
Concepcion,2026-08-17 06:00:00,56,0.0,30,56,39,1.4
Concepcion,2026-08-17 06:00:00,59,0.0,30,56,30,1.7
Concepcion,2026-08-17 06:00:00,62,0.0,24,55,221,2.0
Concepcion,2026-08-17 06:00:00,65,0.0,20,55,210,3.4
Concepcion,2026-08-17 06:00:00,68,0.0,14,36,194,4.7
Concepcion,2026-08-17 06:00:00,71,0.0,14,36,170,4.3
Concepcion,2026-08-17 06:00:00,74,0.0,19,36,160,3.7
Concepcion,2026-08-17 06:00:00,77,0.0,23,36,170,2.4
Concepcion,2026-08-17 06:00:00,80,0.0,26,36,339,1.1
Concepcion,2026-08-17 06:00:00,83,0.0,26,36,260,1.7
Concepcion,2026-08-17 06:00:00,86,0.0,23,36,180,2.3
Concepcion,2026-08-17 06:00:00,89,0.0,20,36,180,2.8
Concepcion,2026-08-17 06:00:00,92,0.0,15,36,170,3.4
Cota Cota Baja,2026-08-17 06:00:00,2,1.7,4,90,26,3.2
Cota Cota Baja,2026-08-17 06:00:00,5,2.2,8,89,16,5.2
Cota Cota Baja,2026-08-17 06:00:00,8,0.0,13,56,2,7.1
Cota Cota Baja,2026-08-17 06:00:00,11,0.0,13,57,12,7.3
Cota Cota Baja,2026-08-17 06:00:00,14,1.3,8,89,22,7.6
Cota Cota Baja,2026-08-17 06:00:00,17,2.2,4,89,26,6.1
Cota Cota Baja,2026-08-17 06:00:00,20,1.6,2,89,26,4.6
Cota Cota Baja,2026-08-17 06:00:00,23,2.0,2,90,16,4.0
Cota Cota Baja,2026-08-17 06:00:00,26,2.2,5,89,16,3.0
Cota Cota Baja,2026-08-17 06:00:00,29,2.2,8,89,340,5.7
Cota Cota Baja,2026-08-17 06:00:00,32,0.0,10,56,304,8.5
Cota Cota Baja,2026-08-17 06:00:00,35,0.0,9,55,340,6.8
Cota Cota Baja,2026-08-17 06:00:00,38,0.0,7,56,6,5.2
Cota Cota Baja,2026-08-17 06:00:00,41,0.0,5,56,40,3.6
Cota Cota Baja,2026-08-17 06:00:00,44,0.0,2,56,71,1.9
Cota Cota Baja,2026-08-17 06:00:00,47,0.0,2,56,350,4.0
Cota Cota Baja,2026-08-17 06:00:00,50,0.0,5,56,346,4.1
Cota Cota Baja,2026-08-17 06:00:00,53,0.0,7,56,320,6.1
Cota Cota Baja,2026-08-17 06:00:00,56,3.1,11,89,284,8.2
Cota Cota Baja,2026-08-17 06:00:00,59,3.8,11,90,275,4.8
Cota Cota Baja,2026-08-17 06:00:00,62,3.8,7,90,263,1.4
Cota Cota Baja,2026-08-17 06:00:00,65,3.3,4,89,289,1.1
Cota Cota Baja,2026-08-17 06:00:00,68,0.0,1,26,314,0.7
Cota Cota Baja,2026-08-17 06:00:00,71,0.0,1,26,26,1.8
Cota Cota Baja,2026-08-17 06:00:00,74,0.0,5,26,14,1.9
Cota Cota Baja,2026-08-17 06:00:00,77,0.0,7,26,324,3.9
Cota Cota Baja,2026-08-17 06:00:00,80,0.0,11,27,274,5.8
Cota Cota Baja,2026-08-17 06:00:00,83,0.0,11,26,330,4.5
Cota Cota Baja,2026-08-17 06:00:00,86,0.0,7,37,15,3.2
Cota Cota Baja,2026-08-17 06:00:00,89,0.0,5,35,23,2.1
Cota Cota Baja,2026-08-17 06:00:00,92,0.0,2,36,22,0.9
Cotagaita,2026-08-17 06:00:00,2,2.2,10,89,260,2.7
Cotagaita,2026-08-17 06:00:00,5,0.9,16,89,300,3.6
Cotagaita,2026-08-17 06:00:00,8,1.1,23,89,339,4.5
Cotagaita,2026-08-17 06:00:00,11,1.2,23,89,337,4.0
Cotagaita,2026-08-17 06:00:00,14,0.0,18,56,327,3.4
Cotagaita,2026-08-17 06:00:00,17,0.0,14,56,359,3.3
Cotagaita,2026-08-17 06:00:00,20,0.0,7,56,22,3.2
Cotagaita,2026-08-17 06:00:00,23,1.0,7,89,320,4.5
Cotagaita,2026-08-17 06:00:00,26,2.3,12,89,350,5.6
Cotagaita,2026-08-17 06:00:00,29,1.4,15,89,329,9.6
Cotagaita,2026-08-17 06:00:00,32,0.0,18,55,300,13.6
Cotagaita,2026-08-17 06:00:00,35,0.0,18,55,299,9.5
Cotagaita,2026-08-17 06:00:00,38,0.0,14,36,289,5.4
Cotagaita,2026-08-17 06:00:00,41,0.0,10,35,299,4.6
Cotagaita,2026-08-17 06:00:00,44,0.0,6,26,309,3.8
Cotagaita,2026-08-17 06:00:00,47,0.0,6,26,358,3.8
Cotagaita,2026-08-17 06:00:00,50,0.0,11,26,348,3.9
Cotagaita,2026-08-17 06:00:00,53,0.0,16,26,330,11.7
Cotagaita,2026-08-17 06:00:00,56,0.0,20,26,310,19.5
Cotagaita,2026-08-17 06:00:00,59,0.0,20,26,300,14.5
Cotagaita,2026-08-17 06:00:00,62,0.0,14,27,280,9.5
Cotagaita,2026-08-17 06:00:00,65,0.0,9,26,280,8.4
Cotagaita,2026-08-17 06:00:00,68,0.0,5,26,279,7.1
Cotagaita,2026-08-17 06:00:00,71,0.0,5,26,270,3.4
Cotagaita,2026-08-17 06:00:00,74,0.0,10,25,280,2.6
Cotagaita,2026-08-17 06:00:00,77,0.0,15,26,269,6.5
Cotagaita,2026-08-17 06:00:00,80,0.0,21,26,250,10.3
Cotagaita,2026-08-17 06:00:00,83,0.0,21,26,269,6.7
Cotagaita,2026-08-17 06:00:00,86,0.0,14,26,277,3.1
Cotagaita,2026-08-17 06:00:00,89,0.0,10,26,270,2.6
Cotagaita,2026-08-17 06:00:00,92,0.0,6,27,254,2.1
Covendo,2026-08-17 06:00:00,2,2.2,23,89,201,1.2
Covendo,2026-08-17 06:00:00,5,2.5,26,89,258,1.6
Covendo,2026-08-17 06:00:00,8,1.5,34,90,308,1.9
Covendo,2026-08-17 06:00:00,11,2.0,34,89,270,1.5
Covendo,2026-08-17 06:00:00,14,2.0,25,89,232,1.1
Covendo,2026-08-17 06:00:00,17,1.9,22,89,230,1.4
Covendo,2026-08-17 06:00:00,20,0.0,18,53,220,1.6
Covendo,2026-08-17 06:00:00,23,0.0,18,52,201,1.2
Covendo,2026-08-17 06:00:00,26,0.0,22,52,201,1.1
Covendo,2026-08-17 06:00:00,29,0.0,25,52,201,1.2
Covendo,2026-08-17 06:00:00,32,0.0,31,52,195,1.4
Covendo,2026-08-17 06:00:00,35,0.0,31,53,195,1.4
Covendo,2026-08-17 06:00:00,38,0.0,25,52,191,1.3
Covendo,2026-08-17 06:00:00,41,0.0,22,52,201,1.3
Covendo,2026-08-17 06:00:00,44,0.0,17,36,201,1.3
Covendo,2026-08-17 06:00:00,47,0.0,17,36,200,1.0
Covendo,2026-08-17 06:00:00,50,0.0,23,36,182,0.8
Covendo,2026-08-17 06:00:00,53,0.0,25,36,271,1.5
Covendo,2026-08-17 06:00:00,56,0.0,32,56,351,2.2
Covendo,2026-08-17 06:00:00,59,0.0,32,56,33,1.4
Covendo,2026-08-17 06:00:00,62,1.5,26,89,74,0.6
Covendo,2026-08-17 06:00:00,65,2.5,22,89,133,0.8
Covendo,2026-08-17 06:00:00,68,0.0,18,37,191,1.0
Covendo,2026-08-17 06:00:00,71,0.0,18,36,190,0.9
Covendo,2026-08-17 06:00:00,74,0.0,21,35,190,0.7
Covendo,2026-08-17 06:00:00,77,0.0,27,36,261,1.5
Covendo,2026-08-17 06:00:00,80,0.0,35,36,331,2.4
Covendo,2026-08-17 06:00:00,83,0.0,35,36,312,1.6
Covendo,2026-08-17 06:00:00,86,0.0,27,36,153,0.8
Covendo,2026-08-17 06:00:00,89,0.0,23,36,162,0.9
Covendo,2026-08-17 06:00:00,92,0.0,19,36,170,1.1
Cuatro Cañadas - Colonia Chihuahua,2026-08-17 06:00:00,2,0.0,26,36,18,3.1
Cuatro Cañadas - Colonia Chihuahua,2026-08-17 06:00:00,5,0.0,28,36,354,5.4
Cuatro Cañadas - Colonia Chihuahua,2026-08-17 06:00:00,8,0.0,36,36,327,7.6
Cuatro Cañadas - Colonia Chihuahua,2026-08-17 06:00:00,11,0.0,36,36,338,5.2
Cuatro Cañadas - Colonia Chihuahua,2026-08-17 06:00:00,14,0.0,30,36,344,2.8
Cuatro Cañadas - Colonia Chihuahua,2026-08-17 06:00:00,17,0.0,25,36,330,2.5
Cuatro Cañadas - Colonia Chihuahua,2026-08-17 06:00:00,20,0.0,20,36,314,2.1
Cuatro Cañadas - Colonia Chihuahua,2026-08-17 06:00:00,23,0.0,20,36,350,2.3
Cuatro Cañadas - Colonia Chihuahua,2026-08-17 06:00:00,26,0.0,24,36,340,2.4
Cuatro Cañadas - Colonia Chihuahua,2026-08-17 06:00:00,29,0.0,28,36,330,4.8
Cuatro Cañadas - Colonia Chihuahua,2026-08-17 06:00:00,32,0.0,33,56,320,7.3
Cuatro Cañadas - Colonia Chihuahua,2026-08-17 06:00:00,35,0.0,33,56,331,4.1
Cuatro Cañadas - Colonia Chihuahua,2026-08-17 06:00:00,38,0.0,28,36,335,0.9
Cuatro Cañadas - Colonia Chihuahua,2026-08-17 06:00:00,41,0.0,23,36,43,1.4
Cuatro Cañadas - Colonia Chihuahua,2026-08-17 06:00:00,44,2.2,15,89,109,2.0
Cuatro Cañadas - Colonia Chihuahua,2026-08-17 06:00:00,47,1.8,15,89,168,3.5
Cuatro Cañadas - Colonia Chihuahua,2026-08-17 06:00:00,50,2.0,18,89,170,3.6
Cuatro Cañadas - Colonia Chihuahua,2026-08-17 06:00:00,53,3.0,22,89,168,2.2
Cuatro Cañadas - Colonia Chihuahua,2026-08-17 06:00:00,56,0.0,30,56,167,0.8
Cuatro Cañadas - Colonia Chihuahua,2026-08-17 06:00:00,59,0.0,30,56,158,0.9
Cuatro Cañadas - Colonia Chihuahua,2026-08-17 06:00:00,62,0.0,24,56,143,1.1
Cuatro Cañadas - Colonia Chihuahua,2026-08-17 06:00:00,65,0.0,21,56,160,3.4
Cuatro Cañadas - Colonia Chihuahua,2026-08-17 06:00:00,68,0.0,14,37,170,5.8
Cuatro Cañadas - Colonia Chihuahua,2026-08-17 06:00:00,71,0.0,14,36,160,4.6
Cuatro Cañadas - Colonia Chihuahua,2026-08-17 06:00:00,74,0.0,20,36,140,4.3
Cuatro Cañadas - Colonia Chihuahua,2026-08-17 06:00:00,77,0.0,23,36,150,3.1
Cuatro Cañadas - Colonia Chihuahua,2026-08-17 06:00:00,80,0.0,27,36,157,1.9
Cuatro Cañadas - Colonia Chihuahua,2026-08-17 06:00:00,83,0.0,27,36,167,2.4
Cuatro Cañadas - Colonia Chihuahua,2026-08-17 06:00:00,86,0.0,23,36,170,2.9
Cuatro Cañadas - Colonia Chihuahua,2026-08-17 06:00:00,89,0.0,19,36,160,3.2
Cuatro Cañadas - Colonia Chihuahua,2026-08-17 06:00:00,92,0.0,15,36,150,3.5
Cuatro Cañadas CEA-2,2026-08-17 06:00:00,2,0.0,25,37,348,3.5
Cuatro Cañadas CEA-2,2026-08-17 06:00:00,5,0.0,29,36,340,5.3
Cuatro Cañadas CEA-2,2026-08-17 06:00:00,8,0.0,36,36,322,7.2
Cuatro Cañadas CEA-2,2026-08-17 06:00:00,11,0.0,36,36,320,5.4
Cuatro Cañadas CEA-2,2026-08-17 06:00:00,14,0.0,27,36,308,3.5
Cuatro Cañadas CEA-2,2026-08-17 06:00:00,17,0.0,24,36,320,2.9
Cuatro Cañadas CEA-2,2026-08-17 06:00:00,20,0.0,20,36,330,2.2
Cuatro Cañadas CEA-2,2026-08-17 06:00:00,23,0.0,20,37,347,2.3
Cuatro Cañadas CEA-2,2026-08-17 06:00:00,26,0.0,24,36,347,2.9
Cuatro Cañadas CEA-2,2026-08-17 06:00:00,29,0.0,28,36,337,4.8
Cuatro Cañadas CEA-2,2026-08-17 06:00:00,32,0.0,33,57,317,6.8
Cuatro Cañadas CEA-2,2026-08-17 06:00:00,35,0.0,33,56,310,5.1
Cuatro Cañadas CEA-2,2026-08-17 06:00:00,38,0.0,28,36,301,3.3
Cuatro Cañadas CEA-2,2026-08-17 06:00:00,41,0.0,23,36,250,3.1
Cuatro Cañadas CEA-2,2026-08-17 06:00:00,44,1.0,15,89,191,2.8
Cuatro Cañadas CEA-2,2026-08-17 06:00:00,47,2.5,15,88,170,3.5
Cuatro Cañadas CEA-2,2026-08-17 06:00:00,50,3.3,20,88,170,3.4
Cuatro Cañadas CEA-2,2026-08-17 06:00:00,53,2.5,25,88,173,2.2
Cuatro Cañadas CEA-2,2026-08-17 06:00:00,56,0.0,30,56,175,1.0
Cuatro Cañadas CEA-2,2026-08-17 06:00:00,59,0.0,30,56,193,1.3
Cuatro Cañadas CEA-2,2026-08-17 06:00:00,62,0.0,24,56,202,1.6
Cuatro Cañadas CEA-2,2026-08-17 06:00:00,65,0.0,19,56,190,3.6
Cuatro Cañadas CEA-2,2026-08-17 06:00:00,68,0.0,14,36,168,5.6
Cuatro Cañadas CEA-2,2026-08-17 06:00:00,71,0.0,14,36,160,4.7
Cuatro Cañadas CEA-2,2026-08-17 06:00:00,74,0.0,19,36,150,4.3
Cuatro Cañadas CEA-2,2026-08-17 06:00:00,77,0.0,22,36,148,3.1
Cuatro Cañadas CEA-2,2026-08-17 06:00:00,80,0.0,27,36,138,1.9
Cuatro Cañadas CEA-2,2026-08-17 06:00:00,83,0.0,27,36,158,2.5
Cuatro Cañadas CEA-2,2026-08-17 06:00:00,86,0.0,22,36,171,3.1
Cuatro Cañadas CEA-2,2026-08-17 06:00:00,89,0.0,18,37,170,3.3
Cuatro Cañadas CEA-2,2026-08-17 06:00:00,92,0.0,15,37,160,3.5
Desaguadero_M,2026-08-17 06:00:00,2,1.6,4,89,25,3.7
Desaguadero_M,2026-08-17 06:00:00,5,1.1,7,89,3,6.8
Desaguadero_M,2026-08-17 06:00:00,8,0.0,15,55,338,10.0
Desaguadero_M,2026-08-17 06:00:00,11,0.0,15,56,5,8.5
Desaguadero_M,2026-08-17 06:00:00,14,1.6,9,88,27,7.0
Desaguadero_M,2026-08-17 06:00:00,17,1.7,7,89,35,5.8
Desaguadero_M,2026-08-17 06:00:00,20,2.7,3,90,35,4.6
Desaguadero_M,2026-08-17 06:00:00,23,1.2,3,89,347,7.3
Desaguadero_M,2026-08-17 06:00:00,26,0.8,5,88,337,6.2
Desaguadero_M,2026-08-17 06:00:00,29,1.0,8,89,340,8.1
Desaguadero_M,2026-08-17 06:00:00,32,0.0,12,56,335,9.9
Desaguadero_M,2026-08-17 06:00:00,35,0.0,12,56,338,6.2
Desaguadero_M,2026-08-17 06:00:00,38,0.0,9,56,335,2.4
Desaguadero_M,2026-08-17 06:00:00,41,0.0,5,56,34,2.2
Desaguadero_M,2026-08-17 06:00:00,44,0.0,3,56,85,2.0
Desaguadero_M,2026-08-17 06:00:00,47,0.0,3,56,35,1.4
Desaguadero_M,2026-08-17 06:00:00,50,0.0,6,56,56,1.5
Desaguadero_M,2026-08-17 06:00:00,53,0.0,9,56,357,3.5
Desaguadero_M,2026-08-17 06:00:00,56,1.9,14,89,296,5.4
Desaguadero_M,2026-08-17 06:00:00,59,1.1,14,89,243,4.2
Desaguadero_M,2026-08-17 06:00:00,62,1.6,9,88,185,3.0
Desaguadero_M,2026-08-17 06:00:00,65,1.2,6,89,185,2.2
Desaguadero_M,2026-08-17 06:00:00,68,0.0,1,26,185,1.4
Desaguadero_M,2026-08-17 06:00:00,71,0.0,1,26,352,1.4
Desaguadero_M,2026-08-17 06:00:00,74,0.0,4,26,337,1.3
Desaguadero_M,2026-08-17 06:00:00,77,0.0,9,26,340,3.3
Desaguadero_M,2026-08-17 06:00:00,80,0.0,15,26,336,5.3
Desaguadero_M,2026-08-17 06:00:00,83,0.0,15,26,270,3.0
Desaguadero_M,2026-08-17 06:00:00,86,0.0,10,36,166,0.7
Desaguadero_M,2026-08-17 06:00:00,89,0.0,5,36,137,1.6
Desaguadero_M,2026-08-17 06:00:00,92,0.0,2,36,99,2.5
El Alto,2026-08-17 06:00:00,2,1.2,5,78,61,3.0
El Alto,2026-08-17 06:00:00,5,0.6,8,78,58,4.5
El Alto,2026-08-17 06:00:00,8,0.0,14,56,50,6.1
El Alto,2026-08-17 06:00:00,11,0.0,14,56,50,6.0
El Alto,2026-08-17 06:00:00,14,1.6,9,78,48,5.8
El Alto,2026-08-17 06:00:00,17,0.8,5,78,50,4.9
El Alto,2026-08-17 06:00:00,20,1.4,2,89,47,4.1
El Alto,2026-08-17 06:00:00,23,2.0,2,89,43,2.9
El Alto,2026-08-17 06:00:00,26,2.3,5,89,50,2.3
El Alto,2026-08-17 06:00:00,29,1.8,8,89,2,5.2
El Alto,2026-08-17 06:00:00,32,0.0,11,56,308,8.1
El Alto,2026-08-17 06:00:00,35,0.0,11,57,360,5.7
El Alto,2026-08-17 06:00:00,38,0.0,8,56,51,3.4
El Alto,2026-08-17 06:00:00,41,0.0,4,56,69,2.9
El Alto,2026-08-17 06:00:00,44,0.0,1,56,81,2.5
El Alto,2026-08-17 06:00:00,47,0.0,1,56,356,1.1
El Alto,2026-08-17 06:00:00,50,0.0,4,56,2,1.7
El Alto,2026-08-17 06:00:00,53,0.0,8,57,320,4.7
El Alto,2026-08-17 06:00:00,56,2.2,13,89,272,7.8
El Alto,2026-08-17 06:00:00,59,2.2,13,89,247,4.7
El Alto,2026-08-17 06:00:00,62,2.3,8,89,217,1.6
El Alto,2026-08-17 06:00:00,65,2.4,5,89,274,1.4
El Alto,2026-08-17 06:00:00,68,0.0,2,26,322,1.2
El Alto,2026-08-17 06:00:00,71,0.0,1,26,344,1.7
El Alto,2026-08-17 06:00:00,74,0.0,6,26,312,2.1
El Alto,2026-08-17 06:00:00,77,0.0,9,26,294,3.5
El Alto,2026-08-17 06:00:00,80,0.0,14,26,274,5.1
El Alto,2026-08-17 06:00:00,83,0.0,14,26,341,3.8
El Alto,2026-08-17 06:00:00,86,0.0,9,36,47,2.5
El Alto,2026-08-17 06:00:00,89,0.0,6,36,83,1.9
El Alto,2026-08-17 06:00:00,92,0.0,2,36,117,1.3
El Puente,2026-08-17 06:00:00,2,0.0,23,36,9,2.1
El Puente,2026-08-17 06:00:00,5,0.0,27,36,350,3.2
El Puente,2026-08-17 06:00:00,8,0.0,33,36,330,4.2
El Puente,2026-08-17 06:00:00,11,0.0,33,36,329,2.8
El Puente,2026-08-17 06:00:00,14,0.0,26,37,319,1.4
El Puente,2026-08-17 06:00:00,17,0.0,22,36,29,1.1
El Puente,2026-08-17 06:00:00,20,0.0,18,36,96,0.7
El Puente,2026-08-17 06:00:00,23,0.0,18,36,6,1.5
El Puente,2026-08-17 06:00:00,26,0.0,23,36,360,1.9
El Puente,2026-08-17 06:00:00,29,0.0,26,36,340,2.8
El Puente,2026-08-17 06:00:00,32,0.0,30,56,320,3.8
El Puente,2026-08-17 06:00:00,35,0.0,30,57,284,2.6
El Puente,2026-08-17 06:00:00,38,0.0,24,36,244,1.4
El Puente,2026-08-17 06:00:00,41,0.0,20,36,312,1.1
El Puente,2026-08-17 06:00:00,44,2.9,13,89,14,0.9
El Puente,2026-08-17 06:00:00,47,1.7,13,89,142,2.9
El Puente,2026-08-17 06:00:00,50,2.6,18,89,140,2.9
El Puente,2026-08-17 06:00:00,53,3.2,21,89,169,2.1
El Puente,2026-08-17 06:00:00,56,0.0,27,57,192,1.3
El Puente,2026-08-17 06:00:00,59,0.0,27,56,200,1.3
El Puente,2026-08-17 06:00:00,62,0.0,22,56,204,1.2
El Puente,2026-08-17 06:00:00,65,0.0,18,56,180,2.2
El Puente,2026-08-17 06:00:00,68,0.0,12,36,150,3.2
El Puente,2026-08-17 06:00:00,71,0.0,12,36,150,3.6
El Puente,2026-08-17 06:00:00,74,0.0,17,36,140,3.4
El Puente,2026-08-17 06:00:00,77,0.0,21,36,148,2.0
El Puente,2026-08-17 06:00:00,80,0.0,24,36,150,0.7
El Puente,2026-08-17 06:00:00,83,0.0,24,36,158,1.1
El Puente,2026-08-17 06:00:00,86,0.0,21,36,160,1.5
El Puente,2026-08-17 06:00:00,89,0.0,18,36,150,2.3
El Puente,2026-08-17 06:00:00,92,0.0,13,36,140,2.9
El Villar,2026-08-17 06:00:00,2,0.0,16,36,335,2.0
El Villar,2026-08-17 06:00:00,5,0.0,21,36,350,4.2
El Villar,2026-08-17 06:00:00,8,0.0,30,56,357,6.2
El Villar,2026-08-17 06:00:00,11,0.0,30,56,352,4.3
El Villar,2026-08-17 06:00:00,14,0.0,20,56,343,2.5
El Villar,2026-08-17 06:00:00,17,0.0,15,56,335,2.4
El Villar,2026-08-17 06:00:00,20,0.0,6,56,317,2.4
El Villar,2026-08-17 06:00:00,23,0.0,6,56,348,2.5
El Villar,2026-08-17 06:00:00,26,0.0,14,56,357,2.3
El Villar,2026-08-17 06:00:00,29,0.0,18,56,27,2.8
El Villar,2026-08-17 06:00:00,32,0.0,24,56,50,3.3
El Villar,2026-08-17 06:00:00,35,0.0,24,55,351,2.6
El Villar,2026-08-17 06:00:00,38,0.0,18,36,285,2.0
El Villar,2026-08-17 06:00:00,41,0.0,14,36,293,2.4
El Villar,2026-08-17 06:00:00,44,0.0,6,56,298,2.8
El Villar,2026-08-17 06:00:00,47,0.0,6,56,345,2.0
El Villar,2026-08-17 06:00:00,50,0.0,12,56,3,2.0
El Villar,2026-08-17 06:00:00,53,0.0,17,56,28,3.2
El Villar,2026-08-17 06:00:00,56,2.8,26,88,52,4.4
El Villar,2026-08-17 06:00:00,59,2.8,26,88,59,3.2
El Villar,2026-08-17 06:00:00,62,0.0,20,56,62,1.9
El Villar,2026-08-17 06:00:00,65,0.0,16,56,78,1.4
El Villar,2026-08-17 06:00:00,68,0.0,6,26,91,0.8
El Villar,2026-08-17 06:00:00,71,0.0,7,26,334,1.0
El Villar,2026-08-17 06:00:00,74,0.0,12,26,359,1.2
El Villar,2026-08-17 06:00:00,77,0.0,18,26,44,2.3
El Villar,2026-08-17 06:00:00,80,0.0,30,36,86,3.4
El Villar,2026-08-17 06:00:00,83,0.0,30,36,82,2.2
El Villar,2026-08-17 06:00:00,86,0.0,20,26,68,0.9
El Villar,2026-08-17 06:00:00,89,0.0,13,26,353,1.2
El Villar,2026-08-17 06:00:00,92,0.0,8,26,267,1.5
Filadelfia - PD,2026-08-17 06:00:00,2,0.0,25,27,260,1.8
Filadelfia - PD,2026-08-17 06:00:00,5,0.0,32,26,290,1.9
Filadelfia - PD,2026-08-17 06:00:00,8,0.0,35,36,320,1.9
Filadelfia - PD,2026-08-17 06:00:00,11,0.0,35,37,280,1.6
Filadelfia - PD,2026-08-17 06:00:00,14,0.0,31,26,230,1.4
Filadelfia - PD,2026-08-17 06:00:00,17,0.0,25,26,236,1.1
Filadelfia - PD,2026-08-17 06:00:00,20,0.0,23,27,236,0.9
Filadelfia - PD,2026-08-17 06:00:00,23,0.0,23,36,288,1.3
Filadelfia - PD,2026-08-17 06:00:00,26,0.0,26,37,288,1.3
Filadelfia - PD,2026-08-17 06:00:00,29,0.0,29,36,308,1.9
Filadelfia - PD,2026-08-17 06:00:00,32,0.0,35,36,320,2.4
Filadelfia - PD,2026-08-17 06:00:00,35,0.0,35,36,292,1.5
Filadelfia - PD,2026-08-17 06:00:00,38,0.0,28,56,256,0.7
Filadelfia - PD,2026-08-17 06:00:00,41,0.0,25,56,274,1.0
Filadelfia - PD,2026-08-17 06:00:00,44,0.0,23,36,290,1.3
Filadelfia - PD,2026-08-17 06:00:00,47,0.0,23,37,348,0.9
Filadelfia - PD,2026-08-17 06:00:00,50,0.0,24,36,37,1.0
Filadelfia - PD,2026-08-17 06:00:00,53,0.0,30,36,340,1.3
Filadelfia - PD,2026-08-17 06:00:00,56,2.1,33,89,282,1.6
Filadelfia - PD,2026-08-17 06:00:00,59,2.1,33,89,323,1.5
Filadelfia - PD,2026-08-17 06:00:00,62,0.0,30,56,3,1.3
Filadelfia - PD,2026-08-17 06:00:00,65,0.0,28,56,333,1.1
Filadelfia - PD,2026-08-17 06:00:00,68,0.0,22,57,300,1.0
Filadelfia - PD,2026-08-17 06:00:00,71,0.0,22,56,260,1.0
Filadelfia - PD,2026-08-17 06:00:00,74,0.0,27,56,280,1.0
Filadelfia - PD,2026-08-17 06:00:00,77,0.0,31,56,290,1.5
Filadelfia - PD,2026-08-17 06:00:00,80,0.0,34,35,290,2.0
Filadelfia - PD,2026-08-17 06:00:00,83,0.0,34,36,300,1.5
Filadelfia - PD,2026-08-17 06:00:00,86,0.0,30,37,302,1.0
Filadelfia - PD,2026-08-17 06:00:00,89,0.0,27,36,271,1.0
Filadelfia - PD,2026-08-17 06:00:00,92,0.0,23,37,240,1.2
Guayaramerin,2026-08-17 06:00:00,2,0.0,28,36,326,1.1
Guayaramerin,2026-08-17 06:00:00,5,0.0,32,35,345,1.8
Guayaramerin,2026-08-17 06:00:00,8,0.0,37,36,3,2.5
Guayaramerin,2026-08-17 06:00:00,11,0.0,37,36,20,1.9
Guayaramerin,2026-08-17 06:00:00,14,0.0,33,36,30,1.3
Guayaramerin,2026-08-17 06:00:00,17,0.0,27,36,24,1.5
Guayaramerin,2026-08-17 06:00:00,20,0.0,23,36,14,1.6
Guayaramerin,2026-08-17 06:00:00,23,0.0,23,36,10,1.2
Guayaramerin,2026-08-17 06:00:00,26,0.0,28,36,360,1.2
Guayaramerin,2026-08-17 06:00:00,29,0.0,31,36,360,1.8
Guayaramerin,2026-08-17 06:00:00,32,0.0,36,37,350,2.3
Guayaramerin,2026-08-17 06:00:00,35,0.0,36,36,10,1.9
Guayaramerin,2026-08-17 06:00:00,38,0.0,31,56,30,1.4
Guayaramerin,2026-08-17 06:00:00,41,0.0,26,56,22,1.4
Guayaramerin,2026-08-17 06:00:00,44,0.0,22,55,12,1.4
Guayaramerin,2026-08-17 06:00:00,47,0.0,22,56,308,0.9
Guayaramerin,2026-08-17 06:00:00,50,0.0,26,56,321,0.9
Guayaramerin,2026-08-17 06:00:00,53,0.0,29,56,303,0.9
Guayaramerin,2026-08-17 06:00:00,56,0.0,33,56,280,1.0
Guayaramerin,2026-08-17 06:00:00,59,0.0,33,57,258,1.2
Guayaramerin,2026-08-17 06:00:00,62,0.0,30,56,235,1.4
Guayaramerin,2026-08-17 06:00:00,65,0.0,27,56,245,1.3
Guayaramerin,2026-08-17 06:00:00,68,0.0,23,56,248,1.3
Guayaramerin,2026-08-17 06:00:00,71,0.0,23,56,188,1.2
Guayaramerin,2026-08-17 06:00:00,74,0.0,27,57,158,1.0
Guayaramerin,2026-08-17 06:00:00,77,0.0,30,56,212,0.9
Guayaramerin,2026-08-17 06:00:00,80,0.0,34,36,264,0.8
Guayaramerin,2026-08-17 06:00:00,83,0.0,34,36,234,0.8
Guayaramerin,2026-08-17 06:00:00,86,0.0,30,37,200,0.7
Guayaramerin,2026-08-17 06:00:00,89,0.0,27,36,208,0.8
Guayaramerin,2026-08-17 06:00:00,92,0.0,24,36,216,0.9
Guayaramerin_M (GPRS),2026-08-17 06:00:00,2,0.0,28,36,320,1.2
Guayaramerin_M (GPRS),2026-08-17 06:00:00,5,0.0,32,36,341,1.9
Guayaramerin_M (GPRS),2026-08-17 06:00:00,8,0.0,37,37,1,2.5
Guayaramerin_M (GPRS),2026-08-17 06:00:00,11,0.0,37,36,10,1.8
Guayaramerin_M (GPRS),2026-08-17 06:00:00,14,0.0,32,36,19,1.1
Guayaramerin_M (GPRS),2026-08-17 06:00:00,17,0.0,27,36,11,1.3
Guayaramerin_M (GPRS),2026-08-17 06:00:00,20,0.0,23,36,1,1.5
Guayaramerin_M (GPRS),2026-08-17 06:00:00,23,0.0,23,37,350,1.3
Guayaramerin_M (GPRS),2026-08-17 06:00:00,26,0.0,28,36,351,1.3
Guayaramerin_M (GPRS),2026-08-17 06:00:00,29,0.0,32,36,350,1.8
Guayaramerin_M (GPRS),2026-08-17 06:00:00,32,0.0,36,36,340,2.2
Guayaramerin_M (GPRS),2026-08-17 06:00:00,35,0.0,36,36,360,1.9
Guayaramerin_M (GPRS),2026-08-17 06:00:00,38,0.0,31,56,10,1.6
Guayaramerin_M (GPRS),2026-08-17 06:00:00,41,0.0,26,57,10,1.5
Guayaramerin_M (GPRS),2026-08-17 06:00:00,44,0.0,22,56,360,1.4
Guayaramerin_M (GPRS),2026-08-17 06:00:00,47,0.0,22,57,311,1.0
Guayaramerin_M (GPRS),2026-08-17 06:00:00,50,0.0,26,56,311,1.0
Guayaramerin_M (GPRS),2026-08-17 06:00:00,53,0.0,29,56,320,1.3
Guayaramerin_M (GPRS),2026-08-17 06:00:00,56,0.0,33,56,320,1.5
Guayaramerin_M (GPRS),2026-08-17 06:00:00,59,0.0,33,56,279,1.5
Guayaramerin_M (GPRS),2026-08-17 06:00:00,62,0.0,29,56,228,1.4
Guayaramerin_M (GPRS),2026-08-17 06:00:00,65,0.0,26,56,239,1.3
Guayaramerin_M (GPRS),2026-08-17 06:00:00,68,0.0,23,56,250,1.2
Guayaramerin_M (GPRS),2026-08-17 06:00:00,71,0.0,23,56,190,1.1
Guayaramerin_M (GPRS),2026-08-17 06:00:00,74,0.0,26,57,160,0.9
Guayaramerin_M (GPRS),2026-08-17 06:00:00,77,0.0,30,56,209,0.9
Guayaramerin_M (GPRS),2026-08-17 06:00:00,80,0.0,34,36,250,0.9
Guayaramerin_M (GPRS),2026-08-17 06:00:00,83,0.0,34,37,239,0.8
Guayaramerin_M (GPRS),2026-08-17 06:00:00,86,0.0,30,37,219,0.6
Guayaramerin_M (GPRS),2026-08-17 06:00:00,89,0.0,27,37,219,0.8
Guayaramerin_M (GPRS),2026-08-17 06:00:00,92,0.0,24,35,217,0.9
Incapampa,2026-08-17 06:00:00,2,1.2,19,89,191,1.6
Incapampa,2026-08-17 06:00:00,5,2.3,22,89,232,1.5
Incapampa,2026-08-17 06:00:00,8,1.2,25,89,263,1.5
Incapampa,2026-08-17 06:00:00,11,0.8,25,90,242,1.5
Incapampa,2026-08-17 06:00:00,14,1.7,20,90,211,1.5
Incapampa,2026-08-17 06:00:00,17,1.9,18,89,210,1.5
Incapampa,2026-08-17 06:00:00,20,0.0,15,56,200,1.5
Incapampa,2026-08-17 06:00:00,23,0.0,15,56,209,1.6
Incapampa,2026-08-17 06:00:00,26,0.0,18,56,199,1.8
Incapampa,2026-08-17 06:00:00,29,0.0,19,55,169,1.3
Incapampa,2026-08-17 06:00:00,32,0.0,22,56,137,0.8
Incapampa,2026-08-17 06:00:00,35,0.0,22,55,167,1.2
Incapampa,2026-08-17 06:00:00,38,0.0,18,56,195,1.5
Incapampa,2026-08-17 06:00:00,41,0.0,16,56,204,1.6
Incapampa,2026-08-17 06:00:00,44,0.0,14,37,204,1.6
Incapampa,2026-08-17 06:00:00,47,0.0,14,37,187,1.8
Incapampa,2026-08-17 06:00:00,50,0.0,17,37,187,1.5
Incapampa,2026-08-17 06:00:00,53,0.0,19,36,168,1.9
Incapampa,2026-08-17 06:00:00,56,0.0,23,57,10,2.3
Incapampa,2026-08-17 06:00:00,59,0.0,23,57,314,1.9
Incapampa,2026-08-17 06:00:00,62,3.1,20,89,212,1.6
Incapampa,2026-08-17 06:00:00,65,3.1,18,89,212,1.7
Incapampa,2026-08-17 06:00:00,68,0.0,15,35,204,1.7
Incapampa,2026-08-17 06:00:00,71,0.0,15,36,204,2.0
Incapampa,2026-08-17 06:00:00,74,0.0,18,36,199,1.4
Incapampa,2026-08-17 06:00:00,77,0.0,22,36,203,2.0
Incapampa,2026-08-17 06:00:00,80,0.0,26,37,18,2.6
Incapampa,2026-08-17 06:00:00,83,0.0,26,36,309,2.0
Incapampa,2026-08-17 06:00:00,86,0.0,23,36,234,1.3
Incapampa,2026-08-17 06:00:00,89,0.0,20,36,220,1.4
Incapampa,2026-08-17 06:00:00,92,0.0,16,36,206,1.5
Ixiamas,2026-08-17 06:00:00,2,1.0,23,89,249,1.1
Ixiamas,2026-08-17 06:00:00,5,1.8,28,89,282,2.5
Ixiamas,2026-08-17 06:00:00,8,2.6,33,89,312,3.8
Ixiamas,2026-08-17 06:00:00,11,1.6,33,89,299,3.0
Ixiamas,2026-08-17 06:00:00,14,2.0,28,89,278,2.1
Ixiamas,2026-08-17 06:00:00,17,1.6,22,89,258,1.9
Ixiamas,2026-08-17 06:00:00,20,2.0,19,90,229,1.8
Ixiamas,2026-08-17 06:00:00,23,0.0,19,56,258,1.4
Ixiamas,2026-08-17 06:00:00,26,0.0,24,56,276,1.2
Ixiamas,2026-08-17 06:00:00,29,0.0,27,57,297,2.5
Ixiamas,2026-08-17 06:00:00,32,0.0,31,55,310,3.9
Ixiamas,2026-08-17 06:00:00,35,0.0,31,56,287,2.3
Ixiamas,2026-08-17 06:00:00,38,0.0,26,56,255,0.8
Ixiamas,2026-08-17 06:00:00,41,0.0,22,57,254,1.0
Ixiamas,2026-08-17 06:00:00,44,0.0,18,37,246,1.3
Ixiamas,2026-08-17 06:00:00,47,0.0,18,36,171,1.1
Ixiamas,2026-08-17 06:00:00,50,0.0,21,36,114,1.5
Ixiamas,2026-08-17 06:00:00,53,0.0,24,36,44,1.5
Ixiamas,2026-08-17 06:00:00,56,2.6,28,89,332,1.4
Ixiamas,2026-08-17 06:00:00,59,1.3,28,89,282,1.3
Ixiamas,2026-08-17 06:00:00,62,0.0,25,56,231,1.2
Ixiamas,2026-08-17 06:00:00,65,0.0,22,57,249,1.0
Ixiamas,2026-08-17 06:00:00,68,0.0,19,36,267,0.8
Ixiamas,2026-08-17 06:00:00,71,0.0,19,36,229,0.9
Ixiamas,2026-08-17 06:00:00,74,0.0,23,36,229,0.6
Ixiamas,2026-08-17 06:00:00,77,0.0,27,36,279,1.9
Ixiamas,2026-08-17 06:00:00,80,0.0,31,36,322,3.2
Ixiamas,2026-08-17 06:00:00,83,0.0,31,37,291,2.3
Ixiamas,2026-08-17 06:00:00,86,0.0,28,36,251,1.4
Ixiamas,2026-08-17 06:00:00,89,0.0,25,36,232,1.4
Ixiamas,2026-08-17 06:00:00,92,0.0,20,37,212,1.4
Jesús de Machaca,2026-08-17 06:00:00,2,1.3,2,89,17,2.7
Jesús de Machaca,2026-08-17 06:00:00,5,1.2,7,89,3,6.9
Jesús de Machaca,2026-08-17 06:00:00,8,0.0,14,56,345,11.1
Jesús de Machaca,2026-08-17 06:00:00,11,0.0,14,56,10,9.2
Jesús de Machaca,2026-08-17 06:00:00,14,1.4,8,89,25,7.2
Jesús de Machaca,2026-08-17 06:00:00,17,2.0,5,89,30,5.9
Jesús de Machaca,2026-08-17 06:00:00,20,1.6,0,89,30,4.7
Jesús de Machaca,2026-08-17 06:00:00,23,2.2,0,89,345,7.5
Jesús de Machaca,2026-08-17 06:00:00,26,1.6,4,89,332,5.4
Jesús de Machaca,2026-08-17 06:00:00,29,1.3,7,89,340,7.8
Jesús de Machaca,2026-08-17 06:00:00,32,0.0,11,56,340,10.2
Jesús de Machaca,2026-08-17 06:00:00,35,0.0,11,56,318,6.3
Jesús de Machaca,2026-08-17 06:00:00,38,0.0,9,56,287,2.5
Jesús de Machaca,2026-08-17 06:00:00,41,0.0,4,56,302,1.7
Jesús de Machaca,2026-08-17 06:00:00,44,0.0,1,56,119,1.0
Jesús de Machaca,2026-08-17 06:00:00,47,0.0,1,56,352,1.8
Jesús de Machaca,2026-08-17 06:00:00,50,0.0,5,57,337,2.0
Jesús de Machaca,2026-08-17 06:00:00,53,0.0,8,56,327,4.2
Jesús de Machaca,2026-08-17 06:00:00,56,2.1,13,88,312,6.4
Jesús de Machaca,2026-08-17 06:00:00,59,2.5,13,89,245,4.6
Jesús de Machaca,2026-08-17 06:00:00,62,2.6,9,89,175,2.8
Jesús de Machaca,2026-08-17 06:00:00,65,1.3,6,89,237,2.1
Jesús de Machaca,2026-08-17 06:00:00,68,0.0,0,26,289,1.5
Jesús de Machaca,2026-08-17 06:00:00,71,0.0,0,26,325,1.4
Jesús de Machaca,2026-08-17 06:00:00,74,0.0,3,26,332,1.6
Jesús de Machaca,2026-08-17 06:00:00,77,0.0,8,26,337,2.8
Jesús de Machaca,2026-08-17 06:00:00,80,0.0,14,26,333,4.0
Jesús de Machaca,2026-08-17 06:00:00,83,0.0,14,25,260,2.7
Jesús de Machaca,2026-08-17 06:00:00,86,0.0,9,36,182,1.3
Jesús de Machaca,2026-08-17 06:00:00,89,0.0,4,35,135,1.2
Jesús de Machaca,2026-08-17 06:00:00,92,0.0,1,35,82,1.0
Kocani,2026-08-17 06:00:00,2,1.9,2,89,334,6.7
Kocani,2026-08-17 06:00:00,5,2.3,5,89,334,7.9
Kocani,2026-08-17 06:00:00,8,0.9,8,89,324,9.2
Kocani,2026-08-17 06:00:00,11,2.2,8,89,345,6.1
Kocani,2026-08-17 06:00:00,14,2.3,5,89,2,3.0
Kocani,2026-08-17 06:00:00,17,1.7,3,89,332,3.0
Kocani,2026-08-17 06:00:00,20,1.6,1,89,302,3.2
Kocani,2026-08-17 06:00:00,23,1.5,1,89,310,12.7
Kocani,2026-08-17 06:00:00,26,1.9,3,89,320,12.1
Kocani,2026-08-17 06:00:00,29,1.3,4,88,320,16.1
Kocani,2026-08-17 06:00:00,32,0.0,5,56,310,20.1
Kocani,2026-08-17 06:00:00,35,0.0,5,57,310,17.4
Kocani,2026-08-17 06:00:00,38,0.0,3,36,310,14.7
Kocani,2026-08-17 06:00:00,41,0.0,2,36,320,13.4
Kocani,2026-08-17 06:00:00,44,0.0,0,27,320,12.1
Kocani,2026-08-17 06:00:00,47,0.0,0,25,330,13.8
Kocani,2026-08-17 06:00:00,50,0.0,1,27,330,15.7
Kocani,2026-08-17 06:00:00,53,0.0,3,26,322,20.4
Kocani,2026-08-17 06:00:00,56,0.0,4,27,312,25.0
Kocani,2026-08-17 06:00:00,59,0.0,4,26,302,20.5
Kocani,2026-08-17 06:00:00,62,0.0,2,26,290,15.9
Kocani,2026-08-17 06:00:00,65,0.0,0,26,345,8.9
Kocani,2026-08-17 06:00:00,68,0.0,-1,25,37,2.0
Kocani,2026-08-17 06:00:00,71,0.0,-1,26,332,1.9
Kocani,2026-08-17 06:00:00,74,0.0,2,26,335,1.6
Kocani,2026-08-17 06:00:00,77,0.0,3,26,315,4.0
Kocani,2026-08-17 06:00:00,80,0.0,5,26,295,6.4
Kocani,2026-08-17 06:00:00,83,0.0,5,27,326,4.1
Kocani,2026-08-17 06:00:00,86,0.0,3,26,0,1.8
Kocani,2026-08-17 06:00:00,89,0.0,2,26,337,1.6
Kocani,2026-08-17 06:00:00,92,0.0,0,26,308,1.4
La Paz - Centro,2026-08-17 06:00:00,2,0.0,10,56,32,2.1
La Paz - Centro,2026-08-17 06:00:00,5,0.0,13,56,42,3.7
La Paz - Centro,2026-08-17 06:00:00,8,1.2,19,89,45,5.4
La Paz - Centro,2026-08-17 06:00:00,11,1.5,19,88,45,4.8
La Paz - Centro,2026-08-17 06:00:00,14,0.0,12,55,42,4.3
La Paz - Centro,2026-08-17 06:00:00,17,0.0,9,55,42,4.0
La Paz - Centro,2026-08-17 06:00:00,20,2.2,6,89,38,3.6
La Paz - Centro,2026-08-17 06:00:00,23,1.7,6,89,37,2.6
La Paz - Centro,2026-08-17 06:00:00,26,2.3,11,89,41,2.2
La Paz - Centro,2026-08-17 06:00:00,29,1.8,13,90,36,3.8
La Paz - Centro,2026-08-17 06:00:00,32,0.0,18,56,26,5.5
La Paz - Centro,2026-08-17 06:00:00,35,0.0,18,56,37,4.1
La Paz - Centro,2026-08-17 06:00:00,38,0.0,13,56,45,2.5
La Paz - Centro,2026-08-17 06:00:00,41,0.0,10,56,61,1.7
La Paz - Centro,2026-08-17 06:00:00,44,0.0,5,56,70,0.9
La Paz - Centro,2026-08-17 06:00:00,47,0.0,5,56,69,0.9
La Paz - Centro,2026-08-17 06:00:00,50,0.0,9,56,73,0.6
La Paz - Centro,2026-08-17 06:00:00,53,0.0,13,56,41,2.2
La Paz - Centro,2026-08-17 06:00:00,56,2.6,19,89,31,3.7
La Paz - Centro,2026-08-17 06:00:00,59,1.2,19,89,29,2.9
La Paz - Centro,2026-08-17 06:00:00,62,2.4,14,89,22,2.0
La Paz - Centro,2026-08-17 06:00:00,65,1.4,9,89,53,1.2
La Paz - Centro,2026-08-17 06:00:00,68,0.0,6,26,80,0.4
La Paz - Centro,2026-08-17 06:00:00,71,0.0,6,26,294,0.7
La Paz - Centro,2026-08-17 06:00:00,74,0.0,12,26,217,0.9
La Paz - Centro,2026-08-17 06:00:00,77,0.0,16,26,165,2.2
La Paz - Centro,2026-08-17 06:00:00,80,0.0,21,26,65,3.5
La Paz - Centro,2026-08-17 06:00:00,83,0.0,21,26,55,3.1
La Paz - Centro,2026-08-17 06:00:00,86,0.0,15,36,42,2.8
La Paz - Centro,2026-08-17 06:00:00,89,0.0,12,36,64,2.0
La Paz - Centro,2026-08-17 06:00:00,92,0.0,7,36,79,1.2
Laguna Colorada (GPRS),2026-08-17 06:00:00,2,1.2,0,90,347,3.8
Laguna Colorada (GPRS),2026-08-17 06:00:00,5,1.2,1,90,330,7.7
Laguna Colorada (GPRS),2026-08-17 06:00:00,8,1.5,2,89,310,11.7
Laguna Colorada (GPRS),2026-08-17 06:00:00,11,1.9,2,89,273,8.0
Laguna Colorada (GPRS),2026-08-17 06:00:00,14,2.0,1,89,234,4.1
Laguna Colorada (GPRS),2026-08-17 06:00:00,17,1.6,0,89,281,3.1
Laguna Colorada (GPRS),2026-08-17 06:00:00,20,1.8,-1,90,324,2.1
Laguna Colorada (GPRS),2026-08-17 06:00:00,23,0.6,-1,89,337,6.4
Laguna Colorada (GPRS),2026-08-17 06:00:00,26,1.5,0,90,337,5.1
Laguna Colorada (GPRS),2026-08-17 06:00:00,29,2.6,1,89,330,11.0
Laguna Colorada (GPRS),2026-08-17 06:00:00,32,0.0,2,55,320,16.8
Laguna Colorada (GPRS),2026-08-17 06:00:00,35,0.0,2,57,320,13.8
Laguna Colorada (GPRS),2026-08-17 06:00:00,38,0.0,1,37,319,10.9
Laguna Colorada (GPRS),2026-08-17 06:00:00,41,0.0,0,37,300,9.8
Laguna Colorada (GPRS),2026-08-17 06:00:00,44,0.0,-2,26,280,8.8
Laguna Colorada (GPRS),2026-08-17 06:00:00,47,0.0,-2,26,332,6.1
Laguna Colorada (GPRS),2026-08-17 06:00:00,50,0.0,-1,26,296,6.8
Laguna Colorada (GPRS),2026-08-17 06:00:00,53,0.0,1,26,290,11.8
Laguna Colorada (GPRS),2026-08-17 06:00:00,56,0.0,2,25,278,16.8
Laguna Colorada (GPRS),2026-08-17 06:00:00,59,0.0,2,25,288,10.4
Laguna Colorada (GPRS),2026-08-17 06:00:00,62,0.0,1,27,295,3.9
Laguna Colorada (GPRS),2026-08-17 06:00:00,65,0.0,-1,25,303,3.5
Laguna Colorada (GPRS),2026-08-17 06:00:00,68,0.0,-3,26,310,3.1
Laguna Colorada (GPRS),2026-08-17 06:00:00,71,0.0,-3,27,295,2.5
Laguna Colorada (GPRS),2026-08-17 06:00:00,74,0.0,-1,26,302,2.4
Laguna Colorada (GPRS),2026-08-17 06:00:00,77,0.0,1,27,285,5.6
Laguna Colorada (GPRS),2026-08-17 06:00:00,80,0.0,3,27,260,8.7
Laguna Colorada (GPRS),2026-08-17 06:00:00,83,0.0,3,27,253,5.6
Laguna Colorada (GPRS),2026-08-17 06:00:00,86,0.0,1,27,243,2.5
Laguna Colorada (GPRS),2026-08-17 06:00:00,89,0.0,0,27,243,2.4
Laguna Colorada (GPRS),2026-08-17 06:00:00,92,0.0,-2,27,236,2.2
Magdalena,2026-08-17 06:00:00,2,0.0,26,26,3,3.3
Magdalena,2026-08-17 06:00:00,5,0.0,31,25,336,4.4
Magdalena,2026-08-17 06:00:00,8,0.0,36,36,306,5.5
Magdalena,2026-08-17 06:00:00,11,0.0,36,36,323,3.8
Magdalena,2026-08-17 06:00:00,14,0.0,30,26,337,2.1
Magdalena,2026-08-17 06:00:00,17,0.0,27,26,312,2.0
Magdalena,2026-08-17 06:00:00,20,0.0,22,36,285,2.0
Magdalena,2026-08-17 06:00:00,23,0.0,22,36,300,3.2
Magdalena,2026-08-17 06:00:00,26,0.0,27,36,310,3.3
Magdalena,2026-08-17 06:00:00,29,0.0,32,36,320,4.3
Magdalena,2026-08-17 06:00:00,32,0.0,36,36,330,5.5
Magdalena,2026-08-17 06:00:00,35,0.0,36,36,350,4.6
Magdalena,2026-08-17 06:00:00,38,0.0,31,36,10,3.6
Magdalena,2026-08-17 06:00:00,41,0.0,26,36,4,3.4
Magdalena,2026-08-17 06:00:00,44,3.2,21,89,354,3.3
Magdalena,2026-08-17 06:00:00,47,3.3,21,89,266,3.0
Magdalena,2026-08-17 06:00:00,50,2.6,25,89,215,3.3
Magdalena,2026-08-17 06:00:00,53,2.4,29,89,240,3.4
Magdalena,2026-08-17 06:00:00,56,0.0,33,56,265,3.4
Magdalena,2026-08-17 06:00:00,59,0.0,33,56,282,2.2
Magdalena,2026-08-17 06:00:00,62,0.0,31,57,298,1.0
Magdalena,2026-08-17 06:00:00,65,0.0,30,56,276,1.7
Magdalena,2026-08-17 06:00:00,68,0.0,23,56,251,2.3
Magdalena,2026-08-17 06:00:00,71,0.0,22,56,190,2.7
Magdalena,2026-08-17 06:00:00,74,0.0,26,56,170,2.6
Magdalena,2026-08-17 06:00:00,77,0.0,28,56,220,2.8
Magdalena,2026-08-17 06:00:00,80,0.0,32,36,264,3.1
Magdalena,2026-08-17 06:00:00,83,0.0,32,37,230,3.0
Magdalena,2026-08-17 06:00:00,86,0.0,29,36,190,2.8
Magdalena,2026-08-17 06:00:00,89,0.0,26,36,180,2.8
Magdalena,2026-08-17 06:00:00,92,0.0,23,36,170,2.9
Mecapaca,2026-08-17 06:00:00,2,0.0,14,56,63,2.6
Mecapaca,2026-08-17 06:00:00,5,0.0,17,56,63,4.0
Mecapaca,2026-08-17 06:00:00,8,1.9,21,89,55,5.3
Mecapaca,2026-08-17 06:00:00,11,1.9,21,89,55,4.9
Mecapaca,2026-08-17 06:00:00,14,0.0,16,56,54,4.4
Mecapaca,2026-08-17 06:00:00,17,0.0,12,56,54,4.1
Mecapaca,2026-08-17 06:00:00,20,1.6,9,88,45,3.9
Mecapaca,2026-08-17 06:00:00,23,2.1,9,88,55,2.7
Mecapaca,2026-08-17 06:00:00,26,2.4,12,89,55,2.4
Mecapaca,2026-08-17 06:00:00,29,2.0,15,90,12,3.8
Mecapaca,2026-08-17 06:00:00,32,0.0,19,56,323,5.2
Mecapaca,2026-08-17 06:00:00,35,0.0,19,56,21,4.4
Mecapaca,2026-08-17 06:00:00,38,0.0,15,56,74,3.5
Mecapaca,2026-08-17 06:00:00,41,0.0,12,56,84,3.0
Mecapaca,2026-08-17 06:00:00,44,0.0,8,56,88,2.5
Mecapaca,2026-08-17 06:00:00,47,0.0,8,56,61,1.1
Mecapaca,2026-08-17 06:00:00,50,0.0,12,56,10,1.1
Mecapaca,2026-08-17 06:00:00,53,0.0,15,57,326,2.9
Mecapaca,2026-08-17 06:00:00,56,2.3,21,90,272,4.8
Mecapaca,2026-08-17 06:00:00,59,0.8,21,89,220,3.3
Mecapaca,2026-08-17 06:00:00,62,1.6,16,90,159,1.8
Mecapaca,2026-08-17 06:00:00,65,1.3,12,90,208,1.3
Mecapaca,2026-08-17 06:00:00,68,0.0,8,26,253,0.8
Mecapaca,2026-08-17 06:00:00,71,0.0,7,27,358,1.3
Mecapaca,2026-08-17 06:00:00,74,0.0,12,26,294,1.8
Mecapaca,2026-08-17 06:00:00,77,0.0,17,26,334,1.9
Mecapaca,2026-08-17 06:00:00,80,0.0,22,26,21,1.9
Mecapaca,2026-08-17 06:00:00,83,0.0,22,26,36,2.3
Mecapaca,2026-08-17 06:00:00,86,0.0,15,36,58,2.8
Mecapaca,2026-08-17 06:00:00,89,0.0,12,35,97,2.1
Mecapaca,2026-08-17 06:00:00,92,0.0,8,36,127,1.5
Misicuni-Sivingani,2026-08-17 06:00:00,2,1.9,4,89,321,4.2
Misicuni-Sivingani,2026-08-17 06:00:00,5,2.1,5,89,331,4.3
Misicuni-Sivingani,2026-08-17 06:00:00,8,0.0,6,56,331,4.4
Misicuni-Sivingani,2026-08-17 06:00:00,11,0.0,6,56,341,4.4
Misicuni-Sivingani,2026-08-17 06:00:00,14,2.1,5,88,341,4.5
Misicuni-Sivingani,2026-08-17 06:00:00,17,2.1,3,89,341,4.2
Misicuni-Sivingani,2026-08-17 06:00:00,20,2.1,2,88,341,4.1
Misicuni-Sivingani,2026-08-17 06:00:00,23,0.0,2,55,330,4.7
Misicuni-Sivingani,2026-08-17 06:00:00,26,0.0,3,56,327,4.0
Misicuni-Sivingani,2026-08-17 06:00:00,29,0.0,5,56,331,4.5
Misicuni-Sivingani,2026-08-17 06:00:00,32,0.0,5,57,332,5.0
Misicuni-Sivingani,2026-08-17 06:00:00,35,0.0,5,57,331,5.2
Misicuni-Sivingani,2026-08-17 06:00:00,38,0.0,4,36,328,5.4
Misicuni-Sivingani,2026-08-17 06:00:00,41,0.0,3,36,327,5.1
Misicuni-Sivingani,2026-08-17 06:00:00,44,3.2,2,89,318,4.8
Misicuni-Sivingani,2026-08-17 06:00:00,47,2.7,2,90,330,4.4
Misicuni-Sivingani,2026-08-17 06:00:00,50,3.2,3,89,329,4.7
Misicuni-Sivingani,2026-08-17 06:00:00,53,3.2,5,89,321,5.3
Misicuni-Sivingani,2026-08-17 06:00:00,56,0.0,6,35,311,5.9
Misicuni-Sivingani,2026-08-17 06:00:00,59,0.0,6,35,325,5.1
Misicuni-Sivingani,2026-08-17 06:00:00,62,0.0,4,35,331,4.2
Misicuni-Sivingani,2026-08-17 06:00:00,65,0.0,3,35,324,4.2
Misicuni-Sivingani,2026-08-17 06:00:00,68,0.0,1,25,315,4.2
Misicuni-Sivingani,2026-08-17 06:00:00,71,0.0,1,27,327,4.2
Misicuni-Sivingani,2026-08-17 06:00:00,74,0.0,4,27,324,3.5
Misicuni-Sivingani,2026-08-17 06:00:00,77,0.0,5,26,327,4.8
Misicuni-Sivingani,2026-08-17 06:00:00,80,0.0,8,37,323,6.1
Misicuni-Sivingani,2026-08-17 06:00:00,83,0.0,8,36,331,5.4
Misicuni-Sivingani,2026-08-17 06:00:00,86,0.0,5,36,337,4.8
Misicuni-Sivingani,2026-08-17 06:00:00,89,0.0,4,37,328,4.5
Misicuni-Sivingani,2026-08-17 06:00:00,92,0.0,2,37,318,4.3
Mizque,2026-08-17 06:00:00,2,0.0,13,56,328,2.0
Mizque,2026-08-17 06:00:00,5,0.0,20,56,348,4.6
Mizque,2026-08-17 06:00:00,8,0.0,29,56,360,7.3
Mizque,2026-08-17 06:00:00,11,0.0,29,56,10,4.8
Mizque,2026-08-17 06:00:00,14,0.0,16,56,18,2.2
Mizque,2026-08-17 06:00:00,17,0.0,11,56,17,1.6
Mizque,2026-08-17 06:00:00,20,0.0,8,56,10,1.0
Mizque,2026-08-17 06:00:00,23,0.0,8,56,338,1.6
Mizque,2026-08-17 06:00:00,26,0.0,13,57,298,2.1
Mizque,2026-08-17 06:00:00,29,0.0,19,57,328,4.8
Mizque,2026-08-17 06:00:00,32,0.0,27,57,350,7.5
Mizque,2026-08-17 06:00:00,35,0.0,27,56,357,4.8
Mizque,2026-08-17 06:00:00,38,0.0,19,36,355,2.1
Mizque,2026-08-17 06:00:00,41,0.0,13,36,338,2.1
Mizque,2026-08-17 06:00:00,44,0.0,7,55,320,2.2
Mizque,2026-08-17 06:00:00,47,0.0,7,55,310,1.9
Mizque,2026-08-17 06:00:00,50,0.0,12,55,333,1.7
Mizque,2026-08-17 06:00:00,53,0.0,18,55,353,3.9
Mizque,2026-08-17 06:00:00,56,0.0,29,35,3,6.0
Mizque,2026-08-17 06:00:00,59,0.0,29,35,13,4.2
Mizque,2026-08-17 06:00:00,62,0.0,22,35,20,2.3
Mizque,2026-08-17 06:00:00,65,0.0,17,35,10,2.0
Mizque,2026-08-17 06:00:00,68,0.0,6,27,360,1.7
Mizque,2026-08-17 06:00:00,71,0.0,6,27,310,2.0
Mizque,2026-08-17 06:00:00,74,0.0,15,27,303,1.9
Mizque,2026-08-17 06:00:00,77,0.0,21,27,325,2.7
Mizque,2026-08-17 06:00:00,80,0.0,30,37,348,3.6
Mizque,2026-08-17 06:00:00,83,0.0,30,36,25,2.9
Mizque,2026-08-17 06:00:00,86,0.0,19,27,60,2.2
Mizque,2026-08-17 06:00:00,89,0.0,14,26,72,1.6
Mizque,2026-08-17 06:00:00,92,0.0,7,27,82,1.0
Monteagudo,2026-08-17 06:00:00,2,0.0,21,36,52,0.6
Monteagudo,2026-08-17 06:00:00,5,0.0,24,36,48,3.2
Monteagudo,2026-08-17 06:00:00,8,0.0,31,56,39,5.6
Monteagudo,2026-08-17 06:00:00,11,0.0,31,56,24,5.2
Monteagudo,2026-08-17 06:00:00,14,0.0,23,56,5,4.7
Monteagudo,2026-08-17 06:00:00,17,0.0,19,56,313,3.0
Monteagudo,2026-08-17 06:00:00,20,0.0,10,56,261,1.2
Monteagudo,2026-08-17 06:00:00,23,0.0,10,56,332,2.3
Monteagudo,2026-08-17 06:00:00,26,0.0,16,55,157,2.4
Monteagudo,2026-08-17 06:00:00,29,0.0,21,56,114,2.9
Monteagudo,2026-08-17 06:00:00,32,0.0,26,56,72,3.4
Monteagudo,2026-08-17 06:00:00,35,0.0,26,56,133,2.5
Monteagudo,2026-08-17 06:00:00,38,0.0,22,37,189,1.7
Monteagudo,2026-08-17 06:00:00,41,0.0,17,36,152,1.1
Monteagudo,2026-08-17 06:00:00,44,0.0,10,56,107,0.5
Monteagudo,2026-08-17 06:00:00,47,0.0,10,56,120,1.3
Monteagudo,2026-08-17 06:00:00,50,0.0,18,56,68,1.3
Monteagudo,2026-08-17 06:00:00,53,0.0,20,56,95,1.5
Monteagudo,2026-08-17 06:00:00,56,0.0,26,56,123,1.8
Monteagudo,2026-08-17 06:00:00,59,0.0,26,56,145,2.0
Monteagudo,2026-08-17 06:00:00,62,0.0,22,56,167,2.3
Monteagudo,2026-08-17 06:00:00,65,0.0,19,56,188,2.1
Monteagudo,2026-08-17 06:00:00,68,0.0,11,26,203,1.9
Monteagudo,2026-08-17 06:00:00,71,0.0,9,27,308,0.8
Monteagudo,2026-08-17 06:00:00,74,0.0,16,26,38,0.5
Monteagudo,2026-08-17 06:00:00,77,0.0,21,26,65,1.9
Monteagudo,2026-08-17 06:00:00,80,0.0,30,36,83,3.3
Monteagudo,2026-08-17 06:00:00,83,0.0,29,37,115,2.2
Monteagudo,2026-08-17 06:00:00,86,0.0,21,27,146,1.0
Monteagudo,2026-08-17 06:00:00,89,0.0,16,27,205,1.0
Monteagudo,2026-08-17 06:00:00,92,0.0,10,26,264,1.1
Orinoca,2026-08-17 06:00:00,2,1.9,6,89,300,2.1
Orinoca,2026-08-17 06:00:00,5,1.8,10,89,331,6.2
Orinoca,2026-08-17 06:00:00,8,0.0,14,56,1,10.2
Orinoca,2026-08-17 06:00:00,11,0.0,14,56,360,9.7
Orinoca,2026-08-17 06:00:00,14,2.0,9,89,358,9.3
Orinoca,2026-08-17 06:00:00,17,2.0,6,89,358,8.1
Orinoca,2026-08-17 06:00:00,20,1.8,4,89,350,6.9
Orinoca,2026-08-17 06:00:00,23,1.6,4,90,310,7.2
Orinoca,2026-08-17 06:00:00,26,1.9,6,89,310,8.6
Orinoca,2026-08-17 06:00:00,29,2.0,8,89,308,10.8
Orinoca,2026-08-17 06:00:00,32,0.0,11,56,298,12.9
Orinoca,2026-08-17 06:00:00,35,0.0,11,56,282,12.5
Orinoca,2026-08-17 06:00:00,38,0.0,8,36,262,12.1
Orinoca,2026-08-17 06:00:00,41,0.0,5,36,300,8.8
Orinoca,2026-08-17 06:00:00,44,0.0,3,36,338,5.5
Orinoca,2026-08-17 06:00:00,47,0.0,3,36,350,9.4
Orinoca,2026-08-17 06:00:00,50,0.0,7,36,340,9.8
Orinoca,2026-08-17 06:00:00,53,0.0,9,35,320,13.1
Orinoca,2026-08-17 06:00:00,56,0.0,13,36,300,16.4
Orinoca,2026-08-17 06:00:00,59,0.0,13,36,290,13.1
Orinoca,2026-08-17 06:00:00,62,0.0,8,26,280,9.9
Orinoca,2026-08-17 06:00:00,65,0.0,6,26,318,6.6
Orinoca,2026-08-17 06:00:00,68,0.0,2,26,348,3.3
Orinoca,2026-08-17 06:00:00,71,0.0,2,26,2,2.9
Orinoca,2026-08-17 06:00:00,74,0.0,7,26,10,3.3
Orinoca,2026-08-17 06:00:00,77,0.0,10,26,334,2.8
Orinoca,2026-08-17 06:00:00,80,0.0,14,26,295,2.2
Orinoca,2026-08-17 06:00:00,83,0.0,14,26,271,2.3
Orinoca,2026-08-17 06:00:00,86,0.0,11,26,246,2.4
Orinoca,2026-08-17 06:00:00,89,0.0,7,26,239,2.3
Orinoca,2026-08-17 06:00:00,92,0.0,3,26,229,2.1
Oruro - Aeropuerto,2026-08-17 06:00:00,2,1.7,8,89,349,3.1
Oruro - Aeropuerto,2026-08-17 06:00:00,5,1.8,11,89,358,6.9
Oruro - Aeropuerto,2026-08-17 06:00:00,8,0.0,16,56,360,10.6
Oruro - Aeropuerto,2026-08-17 06:00:00,11,0.0,16,56,20,9.1
Oruro - Aeropuerto,2026-08-17 06:00:00,14,0.7,12,89,32,7.5
Oruro - Aeropuerto,2026-08-17 06:00:00,17,2.0,9,89,22,6.3
Oruro - Aeropuerto,2026-08-17 06:00:00,20,2.1,5,89,10,5.1
Oruro - Aeropuerto,2026-08-17 06:00:00,23,1.3,5,89,353,6.5
Oruro - Aeropuerto,2026-08-17 06:00:00,26,1.9,7,89,343,4.9
Oruro - Aeropuerto,2026-08-17 06:00:00,29,2.1,10,89,334,8.6
Oruro - Aeropuerto,2026-08-17 06:00:00,32,0.0,13,56,322,12.4
Oruro - Aeropuerto,2026-08-17 06:00:00,35,0.0,13,56,332,8.0
Oruro - Aeropuerto,2026-08-17 06:00:00,38,0.0,10,36,342,3.7
Oruro - Aeropuerto,2026-08-17 06:00:00,41,0.0,7,36,1,2.9
Oruro - Aeropuerto,2026-08-17 06:00:00,44,0.0,4,36,13,2.1
Oruro - Aeropuerto,2026-08-17 06:00:00,47,0.0,4,36,42,1.9
Oruro - Aeropuerto,2026-08-17 06:00:00,50,0.0,7,36,30,2.0
Oruro - Aeropuerto,2026-08-17 06:00:00,53,0.0,10,37,1,5.1
Oruro - Aeropuerto,2026-08-17 06:00:00,56,0.0,15,36,330,8.3
Oruro - Aeropuerto,2026-08-17 06:00:00,59,0.0,15,37,354,5.8
Oruro - Aeropuerto,2026-08-17 06:00:00,62,0.0,11,26,17,3.3
Oruro - Aeropuerto,2026-08-17 06:00:00,65,0.0,8,25,45,2.9
Oruro - Aeropuerto,2026-08-17 06:00:00,68,0.0,3,25,70,2.5
Oruro - Aeropuerto,2026-08-17 06:00:00,71,0.0,3,26,19,1.6
Oruro - Aeropuerto,2026-08-17 06:00:00,74,0.0,7,26,17,1.4
Oruro - Aeropuerto,2026-08-17 06:00:00,77,0.0,11,26,329,4.0
Oruro - Aeropuerto,2026-08-17 06:00:00,80,0.0,16,26,278,6.5
Oruro - Aeropuerto,2026-08-17 06:00:00,83,0.0,16,27,250,4.6
Oruro - Aeropuerto,2026-08-17 06:00:00,86,0.0,11,26,216,2.6
Oruro - Aeropuerto,2026-08-17 06:00:00,89,0.0,7,26,123,2.0
Oruro - Aeropuerto,2026-08-17 06:00:00,92,0.0,4,27,43,1.4
Oruro - Ciudad,2026-08-17 06:00:00,2,2.6,8,90,28,1.9
Oruro - Ciudad,2026-08-17 06:00:00,5,1.8,11,89,14,6.8
Oruro - Ciudad,2026-08-17 06:00:00,8,0.0,15,56,353,11.7
Oruro - Ciudad,2026-08-17 06:00:00,11,0.0,15,56,3,11.1
Oruro - Ciudad,2026-08-17 06:00:00,14,2.3,11,89,10,10.6
Oruro - Ciudad,2026-08-17 06:00:00,17,2.0,9,89,10,7.7
Oruro - Ciudad,2026-08-17 06:00:00,20,2.3,6,90,1,4.8
Oruro - Ciudad,2026-08-17 06:00:00,23,1.9,6,89,340,7.2
Oruro - Ciudad,2026-08-17 06:00:00,26,1.5,9,89,320,6.8
Oruro - Ciudad,2026-08-17 06:00:00,29,0.6,11,89,317,9.9
Oruro - Ciudad,2026-08-17 06:00:00,32,0.0,12,56,307,13.0
Oruro - Ciudad,2026-08-17 06:00:00,35,0.0,12,56,303,8.8
Oruro - Ciudad,2026-08-17 06:00:00,38,0.0,10,36,290,4.7
Oruro - Ciudad,2026-08-17 06:00:00,41,0.0,8,36,313,4.6
Oruro - Ciudad,2026-08-17 06:00:00,44,0.0,5,37,327,4.5
Oruro - Ciudad,2026-08-17 06:00:00,47,0.0,5,36,344,6.3
Oruro - Ciudad,2026-08-17 06:00:00,50,0.0,8,36,348,7.0
Oruro - Ciudad,2026-08-17 06:00:00,53,0.0,11,36,330,10.4
Oruro - Ciudad,2026-08-17 06:00:00,56,0.0,14,36,309,13.8
Oruro - Ciudad,2026-08-17 06:00:00,59,0.0,14,36,299,9.1
Oruro - Ciudad,2026-08-17 06:00:00,62,0.0,11,26,283,4.3
Oruro - Ciudad,2026-08-17 06:00:00,65,0.0,8,26,337,3.8
Oruro - Ciudad,2026-08-17 06:00:00,68,0.0,4,27,22,3.3
Oruro - Ciudad,2026-08-17 06:00:00,71,0.0,4,26,348,3.9
Oruro - Ciudad,2026-08-17 06:00:00,74,0.0,8,26,348,4.1
Oruro - Ciudad,2026-08-17 06:00:00,77,0.0,10,26,314,4.5
Oruro - Ciudad,2026-08-17 06:00:00,80,0.0,15,26,275,4.9
Oruro - Ciudad,2026-08-17 06:00:00,83,0.0,15,26,262,5.3
Oruro - Ciudad,2026-08-17 06:00:00,86,0.0,11,26,244,5.8
Oruro - Ciudad,2026-08-17 06:00:00,89,0.0,8,26,305,4.1
Oruro - Ciudad,2026-08-17 06:00:00,92,0.0,5,26,359,2.5
Pailon - Pozo del Tigre,2026-08-17 06:00:00,2,0.0,25,36,12,3.8
Pailon - Pozo del Tigre,2026-08-17 06:00:00,5,0.0,28,37,350,5.7
Pailon - Pozo del Tigre,2026-08-17 06:00:00,8,0.0,35,36,320,7.5
Pailon - Pozo del Tigre,2026-08-17 06:00:00,11,0.0,35,36,330,5.4
Pailon - Pozo del Tigre,2026-08-17 06:00:00,14,0.0,26,37,330,3.4
Pailon - Pozo del Tigre,2026-08-17 06:00:00,17,0.0,23,37,330,2.6
Pailon - Pozo del Tigre,2026-08-17 06:00:00,20,0.0,19,36,320,1.9
Pailon - Pozo del Tigre,2026-08-17 06:00:00,23,0.0,19,37,340,2.3
Pailon - Pozo del Tigre,2026-08-17 06:00:00,26,0.0,23,36,340,2.6
Pailon - Pozo del Tigre,2026-08-17 06:00:00,29,0.0,26,36,330,4.1
Pailon - Pozo del Tigre,2026-08-17 06:00:00,32,0.0,32,56,320,5.6
Pailon - Pozo del Tigre,2026-08-17 06:00:00,35,0.0,32,57,330,3.8
Pailon - Pozo del Tigre,2026-08-17 06:00:00,38,0.0,24,36,338,2.0
Pailon - Pozo del Tigre,2026-08-17 06:00:00,41,0.0,19,36,259,2.5
Pailon - Pozo del Tigre,2026-08-17 06:00:00,44,1.4,15,89,173,2.9
Pailon - Pozo del Tigre,2026-08-17 06:00:00,47,3.3,15,90,180,3.6
Pailon - Pozo del Tigre,2026-08-17 06:00:00,50,3.7,17,89,180,3.7
Pailon - Pozo del Tigre,2026-08-17 06:00:00,53,0.9,21,90,197,2.5
Pailon - Pozo del Tigre,2026-08-17 06:00:00,56,0.0,29,56,207,1.2
Pailon - Pozo del Tigre,2026-08-17 06:00:00,59,0.0,29,57,190,1.6
Pailon - Pozo del Tigre,2026-08-17 06:00:00,62,0.0,23,56,170,2.0
Pailon - Pozo del Tigre,2026-08-17 06:00:00,65,0.0,20,55,170,3.8
Pailon - Pozo del Tigre,2026-08-17 06:00:00,68,0.0,14,36,170,5.6
Pailon - Pozo del Tigre,2026-08-17 06:00:00,71,0.0,14,36,160,4.4
Pailon - Pozo del Tigre,2026-08-17 06:00:00,74,0.0,19,36,150,4.0
Pailon - Pozo del Tigre,2026-08-17 06:00:00,77,0.0,22,36,153,3.0
Pailon - Pozo del Tigre,2026-08-17 06:00:00,80,0.0,26,36,153,1.9
Pailon - Pozo del Tigre,2026-08-17 06:00:00,83,0.0,26,36,173,2.3
Pailon - Pozo del Tigre,2026-08-17 06:00:00,86,0.0,23,36,183,2.8
Pailon - Pozo del Tigre,2026-08-17 06:00:00,89,0.0,20,36,170,3.0
Pailon - Pozo del Tigre,2026-08-17 06:00:00,92,0.0,15,36,150,3.2
Palos Blancos,2026-08-17 06:00:00,2,2.2,22,89,239,1.0
Palos Blancos,2026-08-17 06:00:00,5,1.5,25,89,291,1.3
Palos Blancos,2026-08-17 06:00:00,8,2.8,33,89,342,1.6
Palos Blancos,2026-08-17 06:00:00,11,1.6,33,89,330,1.5
Palos Blancos,2026-08-17 06:00:00,14,1.5,25,89,166,1.3
Palos Blancos,2026-08-17 06:00:00,17,2.6,23,89,210,1.2
Palos Blancos,2026-08-17 06:00:00,20,0.0,18,57,253,1.0
Palos Blancos,2026-08-17 06:00:00,23,0.0,18,56,186,0.9
Palos Blancos,2026-08-17 06:00:00,26,0.0,21,56,177,0.8
Palos Blancos,2026-08-17 06:00:00,29,0.0,23,56,166,1.1
Palos Blancos,2026-08-17 06:00:00,32,0.0,30,56,153,1.3
Palos Blancos,2026-08-17 06:00:00,35,0.0,30,56,156,1.4
Palos Blancos,2026-08-17 06:00:00,38,0.0,25,56,156,1.4
Palos Blancos,2026-08-17 06:00:00,41,0.0,23,56,166,1.3
Palos Blancos,2026-08-17 06:00:00,44,0.0,17,35,173,1.1
Palos Blancos,2026-08-17 06:00:00,47,0.0,17,36,168,0.9
Palos Blancos,2026-08-17 06:00:00,50,0.0,23,35,151,0.6
Palos Blancos,2026-08-17 06:00:00,53,0.0,25,36,67,1.1
Palos Blancos,2026-08-17 06:00:00,56,0.0,31,56,351,1.5
Palos Blancos,2026-08-17 06:00:00,59,0.0,31,56,56,1.1
Palos Blancos,2026-08-17 06:00:00,62,2.6,23,89,117,0.7
Palos Blancos,2026-08-17 06:00:00,65,2.2,20,89,155,0.9
Palos Blancos,2026-08-17 06:00:00,68,0.0,18,35,183,1.0
Palos Blancos,2026-08-17 06:00:00,71,0.0,18,35,177,0.8
Palos Blancos,2026-08-17 06:00:00,74,0.0,23,36,183,0.6
Palos Blancos,2026-08-17 06:00:00,77,0.0,27,36,263,1.4
Palos Blancos,2026-08-17 06:00:00,80,0.0,34,36,335,2.1
Palos Blancos,2026-08-17 06:00:00,83,0.0,34,35,65,1.7
Palos Blancos,2026-08-17 06:00:00,86,0.0,26,36,145,1.3
Palos Blancos,2026-08-17 06:00:00,89,0.0,22,37,153,1.2
Palos Blancos,2026-08-17 06:00:00,92,0.0,19,36,155,1.1
Paniagua_M (GPRS),2026-08-17 06:00:00,2,1.6,23,89,249,0.6
Paniagua_M (GPRS),2026-08-17 06:00:00,5,1.6,26,89,262,0.9
Paniagua_M (GPRS),2026-08-17 06:00:00,8,2.3,30,89,257,1.2
Paniagua_M (GPRS),2026-08-17 06:00:00,11,1.7,30,89,245,1.6
Paniagua_M (GPRS),2026-08-17 06:00:00,14,1.5,26,89,225,2.0
Paniagua_M (GPRS),2026-08-17 06:00:00,17,1.3,23,89,239,1.7
Paniagua_M (GPRS),2026-08-17 06:00:00,20,0.0,18,56,253,1.4
Paniagua_M (GPRS),2026-08-17 06:00:00,23,0.0,18,56,253,0.9
Paniagua_M (GPRS),2026-08-17 06:00:00,26,0.0,23,56,249,0.7
Paniagua_M (GPRS),2026-08-17 06:00:00,29,0.0,25,56,1,1.2
Paniagua_M (GPRS),2026-08-17 06:00:00,32,0.0,27,56,50,1.7
Paniagua_M (GPRS),2026-08-17 06:00:00,35,0.0,27,56,332,1.4
Paniagua_M (GPRS),2026-08-17 06:00:00,38,0.0,25,56,247,1.1
Paniagua_M (GPRS),2026-08-17 06:00:00,41,0.0,22,56,247,1.3
Paniagua_M (GPRS),2026-08-17 06:00:00,44,0.0,17,42,237,1.5
Paniagua_M (GPRS),2026-08-17 06:00:00,47,0.0,17,48,248,0.8
Paniagua_M (GPRS),2026-08-17 06:00:00,50,0.0,19,47,265,0.4
Paniagua_M (GPRS),2026-08-17 06:00:00,53,0.0,23,43,336,1.1
Paniagua_M (GPRS),2026-08-17 06:00:00,56,0.0,28,54,45,1.9
Paniagua_M (GPRS),2026-08-17 06:00:00,59,0.0,27,59,338,1.7
Paniagua_M (GPRS),2026-08-17 06:00:00,62,1.5,23,86,270,1.4
Paniagua_M (GPRS),2026-08-17 06:00:00,65,1.8,21,86,260,1.5
Paniagua_M (GPRS),2026-08-17 06:00:00,68,0.0,18,37,242,1.5
Paniagua_M (GPRS),2026-08-17 06:00:00,71,0.0,18,36,256,1.3
Paniagua_M (GPRS),2026-08-17 06:00:00,74,0.0,21,36,256,0.7
Paniagua_M (GPRS),2026-08-17 06:00:00,77,0.0,24,36,329,1.2
Paniagua_M (GPRS),2026-08-17 06:00:00,80,0.0,31,36,40,1.7
Paniagua_M (GPRS),2026-08-17 06:00:00,83,0.0,31,37,121,1.5
Paniagua_M (GPRS),2026-08-17 06:00:00,86,0.0,26,37,199,1.4
Paniagua_M (GPRS),2026-08-17 06:00:00,89,0.0,23,36,228,1.4
Paniagua_M (GPRS),2026-08-17 06:00:00,92,0.0,19,36,249,1.4
Patacamaya (INIAF),2026-08-17 06:00:00,2,2.3,7,89,8,3.3
Patacamaya (INIAF),2026-08-17 06:00:00,5,1.1,9,88,18,6.0
Patacamaya (INIAF),2026-08-17 06:00:00,8,0.0,12,56,19,8.6
Patacamaya (INIAF),2026-08-17 06:00:00,11,0.0,12,55,20,7.9
Patacamaya (INIAF),2026-08-17 06:00:00,14,1.7,10,88,20,7.2
Patacamaya (INIAF),2026-08-17 06:00:00,17,3.0,7,89,20,6.6
Patacamaya (INIAF),2026-08-17 06:00:00,20,0.7,5,89,20,5.9
Patacamaya (INIAF),2026-08-17 06:00:00,23,2.0,5,89,8,7.7
Patacamaya (INIAF),2026-08-17 06:00:00,26,2.0,8,89,357,5.7
Patacamaya (INIAF),2026-08-17 06:00:00,29,1.9,11,88,348,8.4
Patacamaya (INIAF),2026-08-17 06:00:00,32,0.0,14,57,329,11.2
Patacamaya (INIAF),2026-08-17 06:00:00,35,0.0,14,56,338,6.9
Patacamaya (INIAF),2026-08-17 06:00:00,38,0.0,10,56,338,2.5
Patacamaya (INIAF),2026-08-17 06:00:00,41,0.0,7,57,349,2.7
Patacamaya (INIAF),2026-08-17 06:00:00,44,0.0,4,57,359,3.0
Patacamaya (INIAF),2026-08-17 06:00:00,47,0.0,4,57,350,4.8
Patacamaya (INIAF),2026-08-17 06:00:00,50,0.0,6,55,340,5.4
Patacamaya (INIAF),2026-08-17 06:00:00,53,0.0,8,56,330,6.4
Patacamaya (INIAF),2026-08-17 06:00:00,56,1.2,11,89,320,7.5
Patacamaya (INIAF),2026-08-17 06:00:00,59,1.1,11,90,310,5.4
Patacamaya (INIAF),2026-08-17 06:00:00,62,2.3,8,90,299,3.4
Patacamaya (INIAF),2026-08-17 06:00:00,65,2.5,5,89,319,3.5
Patacamaya (INIAF),2026-08-17 06:00:00,68,0.0,3,26,329,3.6
Patacamaya (INIAF),2026-08-17 06:00:00,71,0.0,3,27,338,3.0
Patacamaya (INIAF),2026-08-17 06:00:00,74,0.0,6,26,337,2.6
Patacamaya (INIAF),2026-08-17 06:00:00,77,0.0,9,26,317,4.0
Patacamaya (INIAF),2026-08-17 06:00:00,80,0.0,12,27,289,5.5
Patacamaya (INIAF),2026-08-17 06:00:00,83,0.0,12,27,297,3.7
Patacamaya (INIAF),2026-08-17 06:00:00,86,0.0,9,36,295,1.9
Patacamaya (INIAF),2026-08-17 06:00:00,89,0.0,7,36,327,2.3
Patacamaya (INIAF),2026-08-17 06:00:00,92,0.0,4,36,359,2.7
Potosí,2026-08-17 06:00:00,2,1.8,5,89,323,3.2
Potosí,2026-08-17 06:00:00,5,2.6,8,89,343,6.2
Potosí,2026-08-17 06:00:00,8,2.2,15,89,353,9.3
Potosí,2026-08-17 06:00:00,11,1.0,15,90,5,6.9
Potosí,2026-08-17 06:00:00,14,0.0,11,56,15,4.4
Potosí,2026-08-17 06:00:00,17,0.0,6,55,5,4.0
Potosí,2026-08-17 06:00:00,20,0.0,1,56,355,3.5
Potosí,2026-08-17 06:00:00,23,2.1,1,89,318,4.5
Potosí,2026-08-17 06:00:00,26,1.9,5,89,292,4.2
Potosí,2026-08-17 06:00:00,29,1.4,8,89,305,9.1
Potosí,2026-08-17 06:00:00,32,0.0,12,56,310,14.0
Potosí,2026-08-17 06:00:00,35,0.0,12,56,313,9.5
Potosí,2026-08-17 06:00:00,38,0.0,8,36,311,5.0
Potosí,2026-08-17 06:00:00,41,0.0,4,36,318,6.7
Potosí,2026-08-17 06:00:00,44,0.0,0,27,318,8.4
Potosí,2026-08-17 06:00:00,47,0.0,0,26,335,7.3
Potosí,2026-08-17 06:00:00,50,0.0,4,26,323,9.3
Potosí,2026-08-17 06:00:00,53,0.0,8,26,323,12.9
Potosí,2026-08-17 06:00:00,56,0.0,13,26,320,16.6
Potosí,2026-08-17 06:00:00,59,0.0,13,27,320,13.7
Potosí,2026-08-17 06:00:00,62,0.0,9,26,310,10.8
Potosí,2026-08-17 06:00:00,65,0.0,3,26,315,7.8
Potosí,2026-08-17 06:00:00,68,0.0,-1,26,314,4.7
Potosí,2026-08-17 06:00:00,71,0.0,-1,26,302,4.5
Potosí,2026-08-17 06:00:00,74,0.0,4,26,289,4.8
Potosí,2026-08-17 06:00:00,77,0.0,8,26,270,7.4
Potosí,2026-08-17 06:00:00,80,0.0,15,26,250,10.0
Potosí,2026-08-17 06:00:00,83,0.0,15,26,294,6.5
Potosí,2026-08-17 06:00:00,86,0.0,10,27,331,3.0
Potosí,2026-08-17 06:00:00,89,0.0,6,27,321,2.7
Potosí,2026-08-17 06:00:00,92,0.0,1,26,311,2.4
Potosí Aeropuerto,2026-08-17 06:00:00,2,1.7,3,90,290,2.3
Potosí Aeropuerto,2026-08-17 06:00:00,5,3.0,8,90,311,7.2
Potosí Aeropuerto,2026-08-17 06:00:00,8,2.3,16,89,331,12.1
Potosí Aeropuerto,2026-08-17 06:00:00,11,1.4,16,88,1,8.3
Potosí Aeropuerto,2026-08-17 06:00:00,14,0.0,9,56,21,4.4
Potosí Aeropuerto,2026-08-17 06:00:00,17,0.0,5,56,1,4.1
Potosí Aeropuerto,2026-08-17 06:00:00,20,0.0,1,56,332,3.6
Potosí Aeropuerto,2026-08-17 06:00:00,23,0.2,1,89,310,5.0
Potosí Aeropuerto,2026-08-17 06:00:00,26,1.9,4,89,310,6.9
Potosí Aeropuerto,2026-08-17 06:00:00,29,1.5,8,89,320,10.1
Potosí Aeropuerto,2026-08-17 06:00:00,32,0.0,12,56,320,13.3
Potosí Aeropuerto,2026-08-17 06:00:00,35,0.0,12,56,310,11.3
Potosí Aeropuerto,2026-08-17 06:00:00,38,0.0,7,35,290,9.3
Potosí Aeropuerto,2026-08-17 06:00:00,41,0.0,3,36,301,9.8
Potosí Aeropuerto,2026-08-17 06:00:00,44,0.0,0,26,311,10.2
Potosí Aeropuerto,2026-08-17 06:00:00,47,0.0,0,27,330,12.6
Potosí Aeropuerto,2026-08-17 06:00:00,50,0.0,3,27,320,14.9
Potosí Aeropuerto,2026-08-17 06:00:00,53,0.0,7,26,320,17.8
Potosí Aeropuerto,2026-08-17 06:00:00,56,0.0,14,27,310,20.7
Potosí Aeropuerto,2026-08-17 06:00:00,59,0.0,14,26,310,17.2
Potosí Aeropuerto,2026-08-17 06:00:00,62,0.0,9,26,310,13.7
Potosí Aeropuerto,2026-08-17 06:00:00,65,0.0,5,26,310,9.9
Potosí Aeropuerto,2026-08-17 06:00:00,68,0.0,-1,27,310,6.0
Potosí Aeropuerto,2026-08-17 06:00:00,71,0.0,-1,27,300,4.2
Potosí Aeropuerto,2026-08-17 06:00:00,74,0.0,4,26,299,3.5
Potosí Aeropuerto,2026-08-17 06:00:00,77,0.0,8,27,289,6.1
Potosí Aeropuerto,2026-08-17 06:00:00,80,0.0,15,27,279,8.8
Potosí Aeropuerto,2026-08-17 06:00:00,83,0.0,15,26,300,6.2
Potosí Aeropuerto,2026-08-17 06:00:00,86,0.0,11,26,321,3.5
Potosí Aeropuerto,2026-08-17 06:00:00,89,0.0,7,25,320,3.4
Potosí Aeropuerto,2026-08-17 06:00:00,92,0.0,0,25,310,3.2
Puerto Rico S,2026-08-17 06:00:00,2,0.0,27,26,320,1.2
Puerto Rico S,2026-08-17 06:00:00,5,0.0,31,26,340,1.8
Puerto Rico S,2026-08-17 06:00:00,8,0.0,34,36,350,2.3
Puerto Rico S,2026-08-17 06:00:00,11,0.0,34,36,284,1.5
Puerto Rico S,2026-08-17 06:00:00,14,0.0,30,26,214,0.7
Puerto Rico S,2026-08-17 06:00:00,17,0.0,26,26,234,1.0
Puerto Rico S,2026-08-17 06:00:00,20,0.0,23,26,251,1.4
Puerto Rico S,2026-08-17 06:00:00,23,0.0,23,36,280,1.0
Puerto Rico S,2026-08-17 06:00:00,26,0.0,26,36,304,0.6
Puerto Rico S,2026-08-17 06:00:00,29,0.0,31,36,323,1.4
Puerto Rico S,2026-08-17 06:00:00,32,0.0,34,36,340,2.1
Puerto Rico S,2026-08-17 06:00:00,35,0.0,34,37,310,2.1
Puerto Rico S,2026-08-17 06:00:00,38,0.0,30,56,279,2.2
Puerto Rico S,2026-08-17 06:00:00,41,0.0,26,56,289,1.5
Puerto Rico S,2026-08-17 06:00:00,44,0.0,23,36,296,0.8
Puerto Rico S,2026-08-17 06:00:00,47,0.0,23,37,237,0.6
Puerto Rico S,2026-08-17 06:00:00,50,0.0,26,37,261,1.0
Puerto Rico S,2026-08-17 06:00:00,53,0.0,28,36,306,1.1
Puerto Rico S,2026-08-17 06:00:00,56,4.2,32,89,352,1.2
Puerto Rico S,2026-08-17 06:00:00,59,2.1,32,89,320,0.8
Puerto Rico S,2026-08-17 06:00:00,62,0.0,29,55,288,0.5
Puerto Rico S,2026-08-17 06:00:00,65,0.0,26,56,285,0.7
Puerto Rico S,2026-08-17 06:00:00,68,0.0,22,56,271,0.9
Puerto Rico S,2026-08-17 06:00:00,71,0.0,22,55,230,1.0
Puerto Rico S,2026-08-17 06:00:00,74,0.0,26,56,276,1.1
Puerto Rico S,2026-08-17 06:00:00,77,0.0,30,56,290,1.4
Puerto Rico S,2026-08-17 06:00:00,80,0.0,33,36,304,1.5
Puerto Rico S,2026-08-17 06:00:00,83,0.0,33,36,336,1.3
Puerto Rico S,2026-08-17 06:00:00,86,0.0,29,36,2,1.0
Puerto Rico S,2026-08-17 06:00:00,89,0.0,27,36,313,1.0
Puerto Rico S,2026-08-17 06:00:00,92,0.0,23,37,257,1.0
Puerto Suárez,2026-08-17 06:00:00,2,0.0,30,26,9,2.5
Puerto Suárez,2026-08-17 06:00:00,5,0.0,36,26,359,3.8
Puerto Suárez,2026-08-17 06:00:00,8,0.0,40,26,349,5.2
Puerto Suárez,2026-08-17 06:00:00,11,0.0,40,26,29,3.3
Puerto Suárez,2026-08-17 06:00:00,14,0.0,34,26,69,1.5
Puerto Suárez,2026-08-17 06:00:00,17,0.0,28,26,79,1.5
Puerto Suárez,2026-08-17 06:00:00,20,0.0,20,36,80,1.6
Puerto Suárez,2026-08-17 06:00:00,23,0.0,20,36,60,2.6
Puerto Suárez,2026-08-17 06:00:00,26,0.0,25,36,37,3.4
Puerto Suárez,2026-08-17 06:00:00,29,0.0,32,36,10,4.3
Puerto Suárez,2026-08-17 06:00:00,32,0.0,38,35,340,5.1
Puerto Suárez,2026-08-17 06:00:00,35,0.0,38,36,351,3.4
Puerto Suárez,2026-08-17 06:00:00,38,0.0,32,57,1,1.8
Puerto Suárez,2026-08-17 06:00:00,41,0.0,25,57,300,1.5
Puerto Suárez,2026-08-17 06:00:00,44,0.0,15,56,236,1.3
Puerto Suárez,2026-08-17 06:00:00,47,0.0,15,56,210,2.8
Puerto Suárez,2026-08-17 06:00:00,50,0.0,23,56,210,2.7
Puerto Suárez,2026-08-17 06:00:00,53,0.0,27,56,250,2.5
Puerto Suárez,2026-08-17 06:00:00,56,0.0,35,57,289,2.3
Puerto Suárez,2026-08-17 06:00:00,59,0.0,35,56,250,2.5
Puerto Suárez,2026-08-17 06:00:00,62,0.0,27,56,210,2.7
Puerto Suárez,2026-08-17 06:00:00,65,0.0,24,56,220,3.6
Puerto Suárez,2026-08-17 06:00:00,68,0.0,13,35,220,4.5
Puerto Suárez,2026-08-17 06:00:00,71,0.0,13,36,210,3.8
Puerto Suárez,2026-08-17 06:00:00,74,0.0,18,36,200,3.2
Puerto Suárez,2026-08-17 06:00:00,77,0.0,24,36,200,3.3
Puerto Suárez,2026-08-17 06:00:00,80,0.0,31,36,190,3.5
Puerto Suárez,2026-08-17 06:00:00,83,0.0,31,36,190,3.3
Puerto Suárez,2026-08-17 06:00:00,86,0.0,25,36,190,3.2
Puerto Suárez,2026-08-17 06:00:00,89,0.0,22,37,198,2.3
Puerto Suárez,2026-08-17 06:00:00,92,0.0,14,36,205,1.4
Puerto Villarroel,2026-08-17 06:00:00,2,1.0,22,78,324,1.2
Puerto Villarroel,2026-08-17 06:00:00,5,1.7,25,78,332,2.6
Puerto Villarroel,2026-08-17 06:00:00,8,0.9,29,89,332,3.9
Puerto Villarroel,2026-08-17 06:00:00,11,1.6,29,89,309,2.5
Puerto Villarroel,2026-08-17 06:00:00,14,0.0,25,56,278,1.0
Puerto Villarroel,2026-08-17 06:00:00,17,0.0,22,57,244,0.9
Puerto Villarroel,2026-08-17 06:00:00,20,0.0,18,56,209,0.7
Puerto Villarroel,2026-08-17 06:00:00,23,0.0,18,56,292,1.1
Puerto Villarroel,2026-08-17 06:00:00,26,0.0,21,56,299,1.3
Puerto Villarroel,2026-08-17 06:00:00,29,0.0,23,56,313,1.4
Puerto Villarroel,2026-08-17 06:00:00,32,0.0,27,56,324,1.5
Puerto Villarroel,2026-08-17 06:00:00,35,0.0,27,57,300,1.4
Puerto Villarroel,2026-08-17 06:00:00,38,0.0,21,36,266,1.3
Puerto Villarroel,2026-08-17 06:00:00,41,0.0,19,36,268,1.3
Puerto Villarroel,2026-08-17 06:00:00,44,3.2,15,89,262,1.3
Puerto Villarroel,2026-08-17 06:00:00,47,2.4,15,89,96,1.5
Puerto Villarroel,2026-08-17 06:00:00,50,3.0,18,89,108,1.4
Puerto Villarroel,2026-08-17 06:00:00,53,2.7,20,89,131,1.0
Puerto Villarroel,2026-08-17 06:00:00,56,0.0,22,56,143,0.7
Puerto Villarroel,2026-08-17 06:00:00,59,0.0,22,56,104,0.7
Puerto Villarroel,2026-08-17 06:00:00,62,0.0,20,56,58,0.7
Puerto Villarroel,2026-08-17 06:00:00,65,0.0,17,56,95,0.9
Puerto Villarroel,2026-08-17 06:00:00,68,0.0,14,36,128,1.1
Puerto Villarroel,2026-08-17 06:00:00,71,0.0,14,36,111,2.0
Puerto Villarroel,2026-08-17 06:00:00,74,0.0,17,36,108,2.3
Puerto Villarroel,2026-08-17 06:00:00,77,0.0,19,36,88,1.7
Puerto Villarroel,2026-08-17 06:00:00,80,0.0,24,36,58,1.1
Puerto Villarroel,2026-08-17 06:00:00,83,0.0,24,36,102,1.4
Puerto Villarroel,2026-08-17 06:00:00,86,0.0,21,36,144,1.7
Puerto Villarroel,2026-08-17 06:00:00,89,0.0,17,36,134,1.5
Puerto Villarroel,2026-08-17 06:00:00,92,0.0,15,36,122,1.2
Quetenas (GPRS),2026-08-17 06:00:00,2,2.0,1,89,353,3.7
Quetenas (GPRS),2026-08-17 06:00:00,5,1.6,2,89,339,9.0
Quetenas (GPRS),2026-08-17 06:00:00,8,2.1,3,89,320,14.3
Quetenas (GPRS),2026-08-17 06:00:00,11,2.0,3,89,327,8.8
Quetenas (GPRS),2026-08-17 06:00:00,14,2.2,2,89,329,3.3
Quetenas (GPRS),2026-08-17 06:00:00,17,1.4,1,89,332,2.9
Quetenas (GPRS),2026-08-17 06:00:00,20,0.9,1,89,330,2.6
Quetenas (GPRS),2026-08-17 06:00:00,23,1.5,1,88,339,7.7
Quetenas (GPRS),2026-08-17 06:00:00,26,1.1,2,89,339,5.2
Quetenas (GPRS),2026-08-17 06:00:00,29,0.7,2,88,335,12.2
Quetenas (GPRS),2026-08-17 06:00:00,32,0.0,3,56,326,19.1
Quetenas (GPRS),2026-08-17 06:00:00,35,0.0,3,56,320,17.8
Quetenas (GPRS),2026-08-17 06:00:00,38,0.0,2,36,310,16.4
Quetenas (GPRS),2026-08-17 06:00:00,41,0.0,0,36,310,15.1
Quetenas (GPRS),2026-08-17 06:00:00,44,0.0,0,26,310,13.8
Quetenas (GPRS),2026-08-17 06:00:00,47,0.0,0,27,350,11.6
Quetenas (GPRS),2026-08-17 06:00:00,50,0.0,1,26,336,13.8
Quetenas (GPRS),2026-08-17 06:00:00,53,0.0,2,26,310,15.6
Quetenas (GPRS),2026-08-17 06:00:00,56,0.0,3,26,280,17.4
Quetenas (GPRS),2026-08-17 06:00:00,59,0.0,3,26,286,10.6
Quetenas (GPRS),2026-08-17 06:00:00,62,0.0,1,27,286,3.9
Quetenas (GPRS),2026-08-17 06:00:00,65,0.0,0,26,292,3.2
Quetenas (GPRS),2026-08-17 06:00:00,68,0.0,-1,26,294,2.5
Quetenas (GPRS),2026-08-17 06:00:00,71,0.0,-1,26,293,2.3
Quetenas (GPRS),2026-08-17 06:00:00,74,0.0,0,26,297,2.3
Quetenas (GPRS),2026-08-17 06:00:00,77,0.0,3,26,275,5.7
Quetenas (GPRS),2026-08-17 06:00:00,80,0.0,4,26,250,9.0
Quetenas (GPRS),2026-08-17 06:00:00,83,0.0,4,26,245,5.7
Quetenas (GPRS),2026-08-17 06:00:00,86,0.0,3,26,234,2.5
Quetenas (GPRS),2026-08-17 06:00:00,89,0.0,1,26,224,2.5
Quetenas (GPRS),2026-08-17 06:00:00,92,0.0,0,26,213,2.4
Reyes,2026-08-17 06:00:00,2,0.0,23,56,232,1.2
Reyes,2026-08-17 06:00:00,5,0.0,26,56,290,2.5
Reyes,2026-08-17 06:00:00,8,0.0,32,57,340,3.7
Reyes,2026-08-17 06:00:00,11,0.0,32,55,329,2.5
Reyes,2026-08-17 06:00:00,14,0.0,26,56,309,1.2
Reyes,2026-08-17 06:00:00,17,0.0,23,55,279,1.4
Reyes,2026-08-17 06:00:00,20,0.0,20,56,241,1.5
Reyes,2026-08-17 06:00:00,23,0.0,20,36,271,0.9
Reyes,2026-08-17 06:00:00,26,0.0,24,36,299,0.8
Reyes,2026-08-17 06:00:00,29,0.0,27,36,318,1.8
Reyes,2026-08-17 06:00:00,32,0.0,32,36,328,2.8
Reyes,2026-08-17 06:00:00,35,0.0,32,36,309,1.9
Reyes,2026-08-17 06:00:00,38,0.0,28,36,289,1.0
Reyes,2026-08-17 06:00:00,41,0.0,24,36,270,1.0
Reyes,2026-08-17 06:00:00,44,3.3,19,89,241,1.0
Reyes,2026-08-17 06:00:00,47,2.5,19,88,211,1.3
Reyes,2026-08-17 06:00:00,50,3.0,22,89,142,1.9
Reyes,2026-08-17 06:00:00,53,2.5,26,88,221,1.2
Reyes,2026-08-17 06:00:00,56,3.3,30,89,298,0.5
Reyes,2026-08-17 06:00:00,59,2.9,30,89,245,0.7
Reyes,2026-08-17 06:00:00,62,0.0,25,56,185,0.9
Reyes,2026-08-17 06:00:00,65,0.0,23,57,236,0.9
Reyes,2026-08-17 06:00:00,68,0.0,20,56,278,0.9
Reyes,2026-08-17 06:00:00,71,0.0,20,56,199,0.7
Reyes,2026-08-17 06:00:00,74,0.0,23,56,176,0.5
Reyes,2026-08-17 06:00:00,77,0.0,28,56,278,1.2
Reyes,2026-08-17 06:00:00,80,0.0,32,36,349,1.9
Reyes,2026-08-17 06:00:00,83,0.0,32,35,348,1.5
Reyes,2026-08-17 06:00:00,86,0.0,28,36,340,1.2
Reyes,2026-08-17 06:00:00,89,0.0,25,37,347,1.4
Reyes,2026-08-17 06:00:00,92,0.0,21,36,159,1.5
Riberalta,2026-08-17 06:00:00,2,0.0,28,36,11,1.3
Riberalta,2026-08-17 06:00:00,5,0.0,32,36,351,1.8
Riberalta,2026-08-17 06:00:00,8,0.0,37,36,324,2.2
Riberalta,2026-08-17 06:00:00,11,0.0,37,36,343,1.5
Riberalta,2026-08-17 06:00:00,14,0.0,31,36,358,0.9
Riberalta,2026-08-17 06:00:00,17,0.0,28,36,359,1.0
Riberalta,2026-08-17 06:00:00,20,0.0,24,36,359,1.2
Riberalta,2026-08-17 06:00:00,23,0.0,24,36,303,0.9
Riberalta,2026-08-17 06:00:00,26,0.0,27,36,341,0.9
Riberalta,2026-08-17 06:00:00,29,0.0,31,36,340,1.6
Riberalta,2026-08-17 06:00:00,32,0.0,36,36,330,2.3
Riberalta,2026-08-17 06:00:00,35,0.0,36,36,350,2.0
Riberalta,2026-08-17 06:00:00,38,0.0,30,56,10,1.7
Riberalta,2026-08-17 06:00:00,41,0.0,27,56,333,1.4
Riberalta,2026-08-17 06:00:00,44,0.0,23,56,293,1.0
Riberalta,2026-08-17 06:00:00,47,0.0,23,56,325,0.8
Riberalta,2026-08-17 06:00:00,50,0.0,26,56,289,1.1
Riberalta,2026-08-17 06:00:00,53,0.0,29,56,295,1.3
Riberalta,2026-08-17 06:00:00,56,0.0,33,55,295,1.5
Riberalta,2026-08-17 06:00:00,59,0.0,33,55,290,1.5
Riberalta,2026-08-17 06:00:00,62,0.0,30,55,281,1.5
Riberalta,2026-08-17 06:00:00,65,0.0,27,56,284,1.4
Riberalta,2026-08-17 06:00:00,68,0.0,24,56,285,1.3
Riberalta,2026-08-17 06:00:00,71,0.0,24,56,214,1.1
Riberalta,2026-08-17 06:00:00,74,0.0,27,56,214,1.0
Riberalta,2026-08-17 06:00:00,77,0.0,30,56,254,1.0
Riberalta,2026-08-17 06:00:00,80,0.0,34,36,285,1.1
Riberalta,2026-08-17 06:00:00,83,0.0,34,37,249,0.9
Riberalta,2026-08-17 06:00:00,86,0.0,31,36,210,0.8
Riberalta,2026-08-17 06:00:00,89,0.0,28,36,225,0.9
Riberalta,2026-08-17 06:00:00,92,0.0,25,36,231,0.9
Río Chilenas(GPRS),2026-08-17 06:00:00,2,2.2,0,89,323,6.2
Río Chilenas(GPRS),2026-08-17 06:00:00,5,2.0,2,89,320,10.1
Río Chilenas(GPRS),2026-08-17 06:00:00,8,2.2,4,89,313,14.0
Río Chilenas(GPRS),2026-08-17 06:00:00,11,2.1,4,89,320,9.2
Río Chilenas(GPRS),2026-08-17 06:00:00,14,1.8,3,89,320,4.5
Río Chilenas(GPRS),2026-08-17 06:00:00,17,1.8,1,89,307,3.7
Río Chilenas(GPRS),2026-08-17 06:00:00,20,2.1,0,89,289,2.8
Río Chilenas(GPRS),2026-08-17 06:00:00,23,2.2,0,89,315,9.6
Río Chilenas(GPRS),2026-08-17 06:00:00,26,1.0,1,89,310,8.1
Río Chilenas(GPRS),2026-08-17 06:00:00,29,1.5,2,89,320,14.2
Río Chilenas(GPRS),2026-08-17 06:00:00,32,0.0,3,56,320,20.3
Río Chilenas(GPRS),2026-08-17 06:00:00,35,0.0,3,56,320,17.8
Río Chilenas(GPRS),2026-08-17 06:00:00,38,0.0,2,36,313,15.3
Río Chilenas(GPRS),2026-08-17 06:00:00,41,0.0,0,36,313,16.6
Río Chilenas(GPRS),2026-08-17 06:00:00,44,0.0,-1,26,310,17.9
Río Chilenas(GPRS),2026-08-17 06:00:00,47,0.0,-1,26,330,10.8
Río Chilenas(GPRS),2026-08-17 06:00:00,50,0.0,0,26,330,14.2
Río Chilenas(GPRS),2026-08-17 06:00:00,53,0.0,2,26,310,14.7
Río Chilenas(GPRS),2026-08-17 06:00:00,56,0.0,3,27,286,15.3
Río Chilenas(GPRS),2026-08-17 06:00:00,59,0.0,3,26,293,9.9
Río Chilenas(GPRS),2026-08-17 06:00:00,62,0.0,1,26,293,4.6
Río Chilenas(GPRS),2026-08-17 06:00:00,65,0.0,-1,26,290,4.9
Río Chilenas(GPRS),2026-08-17 06:00:00,68,0.0,-2,27,282,5.1
Río Chilenas(GPRS),2026-08-17 06:00:00,71,0.0,-2,26,280,4.2
Río Chilenas(GPRS),2026-08-17 06:00:00,74,0.0,0,26,280,4.7
Río Chilenas(GPRS),2026-08-17 06:00:00,77,0.0,2,26,270,7.3
Río Chilenas(GPRS),2026-08-17 06:00:00,80,0.0,4,26,250,9.9
Río Chilenas(GPRS),2026-08-17 06:00:00,83,0.0,4,26,260,6.6
Río Chilenas(GPRS),2026-08-17 06:00:00,86,0.0,2,26,267,3.2
Río Chilenas(GPRS),2026-08-17 06:00:00,89,0.0,0,26,267,2.8
Río Chilenas(GPRS),2026-08-17 06:00:00,92,0.0,-1,26,265,2.5
Robore,2026-08-17 06:00:00,2,0.0,26,27,358,3.0
Robore,2026-08-17 06:00:00,5,0.0,31,26,358,4.7
Robore,2026-08-17 06:00:00,8,0.0,36,26,350,6.3
Robore,2026-08-17 06:00:00,11,0.0,36,26,360,4.1
Robore,2026-08-17 06:00:00,14,0.0,30,26,360,1.9
Robore,2026-08-17 06:00:00,17,0.0,24,27,360,2.0
Robore,2026-08-17 06:00:00,20,0.0,21,36,358,2.0
Robore,2026-08-17 06:00:00,23,0.0,21,37,27,1.8
Robore,2026-08-17 06:00:00,26,0.0,24,36,46,1.5
Robore,2026-08-17 06:00:00,29,0.0,29,36,27,4.1
Robore,2026-08-17 06:00:00,32,0.0,34,36,360,6.7
Robore,2026-08-17 06:00:00,35,0.0,34,36,77,4.4
Robore,2026-08-17 06:00:00,38,0.0,29,56,172,2.2
Robore,2026-08-17 06:00:00,41,0.0,26,56,172,2.1
Robore,2026-08-17 06:00:00,44,0.0,16,57,162,2.0
Robore,2026-08-17 06:00:00,47,0.0,16,57,190,2.4
Robore,2026-08-17 06:00:00,50,0.0,22,56,188,2.3
Robore,2026-08-17 06:00:00,53,0.0,26,56,255,1.4
Robore,2026-08-17 06:00:00,56,0.0,31,57,324,0.5
Robore,2026-08-17 06:00:00,59,0.0,31,55,266,1.3
Robore,2026-08-17 06:00:00,62,0.0,26,56,202,2.1
Robore,2026-08-17 06:00:00,65,0.0,22,56,210,2.9
Robore,2026-08-17 06:00:00,68,0.0,14,36,210,3.7
Robore,2026-08-17 06:00:00,71,0.0,14,36,180,2.5
Robore,2026-08-17 06:00:00,74,0.0,18,37,162,2.2
Robore,2026-08-17 06:00:00,77,0.0,22,36,152,2.0
Robore,2026-08-17 06:00:00,80,0.0,27,36,140,1.9
Robore,2026-08-17 06:00:00,83,0.0,27,36,150,2.5
Robore,2026-08-17 06:00:00,86,0.0,22,36,160,3.2
Robore,2026-08-17 06:00:00,89,0.0,19,36,150,2.2
Robore,2026-08-17 06:00:00,92,0.0,15,37,139,1.2
Rurrenabaque,2026-08-17 06:00:00,2,0.0,23,56,223,1.3
Rurrenabaque,2026-08-17 06:00:00,5,0.0,26,56,287,2.4
Rurrenabaque,2026-08-17 06:00:00,8,0.0,32,56,344,3.5
Rurrenabaque,2026-08-17 06:00:00,11,0.0,32,56,327,2.1
Rurrenabaque,2026-08-17 06:00:00,14,0.0,27,56,306,0.8
Rurrenabaque,2026-08-17 06:00:00,17,0.0,24,56,269,1.1
Rurrenabaque,2026-08-17 06:00:00,20,0.0,20,56,223,1.5
Rurrenabaque,2026-08-17 06:00:00,23,0.0,20,37,240,1.0
Rurrenabaque,2026-08-17 06:00:00,26,0.0,23,36,252,0.8
Rurrenabaque,2026-08-17 06:00:00,29,0.0,27,36,291,1.1
Rurrenabaque,2026-08-17 06:00:00,32,0.0,32,36,321,1.6
Rurrenabaque,2026-08-17 06:00:00,35,0.0,31,36,279,1.3
Rurrenabaque,2026-08-17 06:00:00,38,0.0,27,37,230,0.9
Rurrenabaque,2026-08-17 06:00:00,41,0.0,24,36,232,1.1
Rurrenabaque,2026-08-17 06:00:00,44,1.8,19,89,225,1.2
Rurrenabaque,2026-08-17 06:00:00,47,1.8,19,89,191,1.0
Rurrenabaque,2026-08-17 06:00:00,50,2.5,23,89,140,1.3
Rurrenabaque,2026-08-17 06:00:00,53,1.8,25,89,81,0.9
Rurrenabaque,2026-08-17 06:00:00,56,1.8,29,89,334,0.5
Rurrenabaque,2026-08-17 06:00:00,59,1.9,29,89,265,0.7
Rurrenabaque,2026-08-17 06:00:00,62,0.0,25,55,195,0.9
Rurrenabaque,2026-08-17 06:00:00,65,0.0,23,56,220,0.9
Rurrenabaque,2026-08-17 06:00:00,68,0.0,20,57,242,0.9
Rurrenabaque,2026-08-17 06:00:00,71,0.0,20,56,219,1.0
Rurrenabaque,2026-08-17 06:00:00,74,0.0,24,56,213,0.8
Rurrenabaque,2026-08-17 06:00:00,77,0.0,28,56,293,1.5
Rurrenabaque,2026-08-17 06:00:00,80,0.0,32,36,4,2.1
Rurrenabaque,2026-08-17 06:00:00,83,0.0,31,37,354,1.5
Rurrenabaque,2026-08-17 06:00:00,86,0.0,28,36,340,0.9
Rurrenabaque,2026-08-17 06:00:00,89,0.0,25,37,260,1.1
Rurrenabaque,2026-08-17 06:00:00,92,0.0,21,36,177,1.3
Salinas (INIAF),2026-08-17 06:00:00,2,1.2,4,89,6,3.6
Salinas (INIAF),2026-08-17 06:00:00,5,1.2,8,89,355,5.8
Salinas (INIAF),2026-08-17 06:00:00,8,0.0,13,56,339,7.9
Salinas (INIAF),2026-08-17 06:00:00,11,0.0,13,56,339,5.7
Salinas (INIAF),2026-08-17 06:00:00,14,1.2,10,89,330,3.5
Salinas (INIAF),2026-08-17 06:00:00,17,1.2,6,89,299,3.2
Salinas (INIAF),2026-08-17 06:00:00,20,1.2,3,89,257,2.9
Salinas (INIAF),2026-08-17 06:00:00,23,1.5,3,90,320,5.7
Salinas (INIAF),2026-08-17 06:00:00,26,2.0,6,89,340,5.4
Salinas (INIAF),2026-08-17 06:00:00,29,1.3,8,89,329,10.4
Salinas (INIAF),2026-08-17 06:00:00,32,0.0,10,56,309,15.4
Salinas (INIAF),2026-08-17 06:00:00,35,0.0,10,56,309,12.7
Salinas (INIAF),2026-08-17 06:00:00,38,0.0,7,36,305,9.9
Salinas (INIAF),2026-08-17 06:00:00,41,0.0,4,36,305,7.3
Salinas (INIAF),2026-08-17 06:00:00,44,0.0,2,36,300,4.8
Salinas (INIAF),2026-08-17 06:00:00,47,0.0,2,36,336,6.4
Salinas (INIAF),2026-08-17 06:00:00,50,0.0,5,36,335,8.6
Salinas (INIAF),2026-08-17 06:00:00,53,0.0,8,36,315,13.1
Salinas (INIAF),2026-08-17 06:00:00,56,0.0,12,36,295,17.6
Salinas (INIAF),2026-08-17 06:00:00,59,0.0,12,36,295,12.1
Salinas (INIAF),2026-08-17 06:00:00,62,0.0,7,27,285,6.5
Salinas (INIAF),2026-08-17 06:00:00,65,0.0,4,27,295,5.1
Salinas (INIAF),2026-08-17 06:00:00,68,0.0,1,26,299,3.7
Salinas (INIAF),2026-08-17 06:00:00,71,0.0,1,27,325,3.1
Salinas (INIAF),2026-08-17 06:00:00,74,0.0,5,26,20,2.0
Salinas (INIAF),2026-08-17 06:00:00,77,0.0,9,26,1,2.2
Salinas (INIAF),2026-08-17 06:00:00,80,0.0,13,26,342,2.3
Salinas (INIAF),2026-08-17 06:00:00,83,0.0,13,26,299,1.9
Salinas (INIAF),2026-08-17 06:00:00,86,0.0,9,26,250,1.4
Salinas (INIAF),2026-08-17 06:00:00,89,0.0,5,26,258,1.4
Salinas (INIAF),2026-08-17 06:00:00,92,0.0,2,26,261,1.4
Salo,2026-08-17 06:00:00,2,1.5,6,89,290,7.0
Salo,2026-08-17 06:00:00,5,2.1,12,88,300,9.3
Salo,2026-08-17 06:00:00,8,2.1,17,88,310,11.6
Salo,2026-08-17 06:00:00,11,1.4,17,89,310,7.3
Salo,2026-08-17 06:00:00,14,0.0,12,57,310,2.9
Salo,2026-08-17 06:00:00,17,0.0,6,57,330,3.9
Salo,2026-08-17 06:00:00,20,0.0,1,57,345,4.9
Salo,2026-08-17 06:00:00,23,1.1,1,89,320,9.2
Salo,2026-08-17 06:00:00,26,0.6,5,89,320,9.8
Salo,2026-08-17 06:00:00,29,1.6,9,90,320,13.4
Salo,2026-08-17 06:00:00,32,0.0,13,56,320,17.0
Salo,2026-08-17 06:00:00,35,0.0,13,56,320,15.9
Salo,2026-08-17 06:00:00,38,0.0,9,36,310,14.8
Salo,2026-08-17 06:00:00,41,0.0,5,36,310,11.8
Salo,2026-08-17 06:00:00,44,0.0,1,26,310,8.9
Salo,2026-08-17 06:00:00,47,0.0,1,26,360,6.3
Salo,2026-08-17 06:00:00,50,0.0,5,26,350,7.5
Salo,2026-08-17 06:00:00,53,0.0,9,26,340,13.9
Salo,2026-08-17 06:00:00,56,0.0,15,26,330,20.4
Salo,2026-08-17 06:00:00,59,0.0,15,26,310,19.3
Salo,2026-08-17 06:00:00,62,0.0,10,26,290,18.2
Salo,2026-08-17 06:00:00,65,0.0,5,26,290,14.7
Salo,2026-08-17 06:00:00,68,0.0,1,26,280,11.2
Salo,2026-08-17 06:00:00,71,0.0,1,25,260,3.3
Salo,2026-08-17 06:00:00,74,0.0,5,26,270,3.1
Salo,2026-08-17 06:00:00,77,0.0,10,26,270,7.6
Salo,2026-08-17 06:00:00,80,0.0,16,26,270,12.0
Salo,2026-08-17 06:00:00,83,0.0,17,26,280,7.7
Salo,2026-08-17 06:00:00,86,0.0,12,26,285,3.3
Salo,2026-08-17 06:00:00,89,0.0,7,26,285,2.9
Salo,2026-08-17 06:00:00,92,0.0,2,26,285,2.5
San Antonio - Los Ángeles,2026-08-17 06:00:00,2,0.0,26,36,320,1.7
San Antonio - Los Ángeles,2026-08-17 06:00:00,5,0.0,29,37,320,3.0
San Antonio - Los Ángeles,2026-08-17 06:00:00,8,0.0,34,36,320,4.4
San Antonio - Los Ángeles,2026-08-17 06:00:00,11,0.0,34,36,313,2.8
San Antonio - Los Ángeles,2026-08-17 06:00:00,14,0.0,27,36,302,1.2
San Antonio - Los Ángeles,2026-08-17 06:00:00,17,0.0,23,36,279,1.1
San Antonio - Los Ángeles,2026-08-17 06:00:00,20,0.0,19,36,250,1.0
San Antonio - Los Ángeles,2026-08-17 06:00:00,23,0.0,19,35,322,1.4
San Antonio - Los Ángeles,2026-08-17 06:00:00,26,0.0,23,36,325,1.3
San Antonio - Los Ángeles,2026-08-17 06:00:00,29,0.0,26,37,303,2.6
San Antonio - Los Ángeles,2026-08-17 06:00:00,32,0.0,31,56,280,3.9
San Antonio - Los Ángeles,2026-08-17 06:00:00,35,0.0,31,55,287,2.6
San Antonio - Los Ángeles,2026-08-17 06:00:00,38,0.0,25,36,287,1.3
San Antonio - Los Ángeles,2026-08-17 06:00:00,41,0.0,21,37,307,1.1
San Antonio - Los Ángeles,2026-08-17 06:00:00,44,2.7,14,90,321,0.9
San Antonio - Los Ángeles,2026-08-17 06:00:00,47,2.7,14,89,103,1.9
San Antonio - Los Ángeles,2026-08-17 06:00:00,50,3.0,19,89,103,2.0
San Antonio - Los Ángeles,2026-08-17 06:00:00,53,2.1,22,90,170,1.4
San Antonio - Los Ángeles,2026-08-17 06:00:00,56,0.0,28,55,236,0.8
San Antonio - Los Ángeles,2026-08-17 06:00:00,59,0.0,28,56,236,1.0
San Antonio - Los Ángeles,2026-08-17 06:00:00,62,0.0,22,56,230,1.4
San Antonio - Los Ángeles,2026-08-17 06:00:00,65,0.0,19,56,180,2.1
San Antonio - Los Ángeles,2026-08-17 06:00:00,68,0.0,13,36,123,2.9
San Antonio - Los Ángeles,2026-08-17 06:00:00,71,0.0,13,36,113,3.2
San Antonio - Los Ángeles,2026-08-17 06:00:00,74,0.0,17,37,113,2.9
San Antonio - Los Ángeles,2026-08-17 06:00:00,77,0.0,21,37,93,2.0
San Antonio - Los Ángeles,2026-08-17 06:00:00,80,0.0,25,36,70,1.1
San Antonio - Los Ángeles,2026-08-17 06:00:00,83,0.0,25,36,113,1.4
San Antonio - Los Ángeles,2026-08-17 06:00:00,86,0.0,22,36,153,1.7
San Antonio - Los Ángeles,2026-08-17 06:00:00,89,0.0,20,36,140,2.2
San Antonio - Los Ángeles,2026-08-17 06:00:00,92,0.0,15,37,120,2.7
San Borja,2026-08-17 06:00:00,2,0.0,24,56,268,1.4
San Borja,2026-08-17 06:00:00,5,0.0,27,56,299,2.7
San Borja,2026-08-17 06:00:00,8,0.0,31,56,321,3.9
San Borja,2026-08-17 06:00:00,11,0.0,31,56,313,2.7
San Borja,2026-08-17 06:00:00,14,0.0,27,56,296,1.4
San Borja,2026-08-17 06:00:00,17,0.0,25,56,260,1.6
San Borja,2026-08-17 06:00:00,20,0.0,20,56,218,1.8
San Borja,2026-08-17 06:00:00,23,0.0,20,36,322,1.4
San Borja,2026-08-17 06:00:00,26,0.0,24,36,9,1.2
San Borja,2026-08-17 06:00:00,29,0.0,27,36,319,1.5
San Borja,2026-08-17 06:00:00,32,0.0,32,36,267,1.7
San Borja,2026-08-17 06:00:00,35,0.0,32,36,237,1.6
San Borja,2026-08-17 06:00:00,38,0.0,27,36,199,1.4
San Borja,2026-08-17 06:00:00,41,0.0,23,36,228,1.3
San Borja,2026-08-17 06:00:00,44,3.7,19,88,250,1.1
San Borja,2026-08-17 06:00:00,47,3.7,19,88,206,1.9
San Borja,2026-08-17 06:00:00,50,2.7,24,88,160,2.3
San Borja,2026-08-17 06:00:00,53,3.7,26,88,241,1.6
San Borja,2026-08-17 06:00:00,56,3.7,29,88,315,1.0
San Borja,2026-08-17 06:00:00,59,3.7,29,88,254,1.2
San Borja,2026-08-17 06:00:00,62,0.0,25,57,190,1.4
San Borja,2026-08-17 06:00:00,65,0.0,23,56,192,1.2
San Borja,2026-08-17 06:00:00,68,0.0,20,56,194,1.0
San Borja,2026-08-17 06:00:00,71,0.0,20,56,187,1.1
San Borja,2026-08-17 06:00:00,74,0.0,23,56,160,1.6
San Borja,2026-08-17 06:00:00,77,0.0,27,56,178,1.8
San Borja,2026-08-17 06:00:00,80,0.0,30,36,338,1.9
San Borja,2026-08-17 06:00:00,83,0.0,30,36,21,1.7
San Borja,2026-08-17 06:00:00,86,0.0,27,36,63,1.6
San Borja,2026-08-17 06:00:00,89,0.0,24,36,110,1.8
San Borja,2026-08-17 06:00:00,92,0.0,21,36,150,2.0
San Buenaventura,2026-08-17 06:00:00,2,2.1,23,86,213,1.0
San Buenaventura,2026-08-17 06:00:00,5,0.9,26,85,280,2.3
San Buenaventura,2026-08-17 06:00:00,8,2.2,32,88,348,3.5
San Buenaventura,2026-08-17 06:00:00,11,1.6,32,88,328,2.3
San Buenaventura,2026-08-17 06:00:00,14,2.5,27,85,301,1.0
San Buenaventura,2026-08-17 06:00:00,17,1.9,24,87,268,1.1
San Buenaventura,2026-08-17 06:00:00,20,0.9,20,86,227,1.3
San Buenaventura,2026-08-17 06:00:00,23,0.0,20,56,232,1.0
San Buenaventura,2026-08-17 06:00:00,26,0.0,23,57,227,0.8
San Buenaventura,2026-08-17 06:00:00,29,0.0,25,56,236,1.4
San Buenaventura,2026-08-17 06:00:00,32,0.0,30,57,231,1.9
San Buenaventura,2026-08-17 06:00:00,35,0.0,30,56,226,1.4
San Buenaventura,2026-08-17 06:00:00,38,0.0,27,57,205,0.8
San Buenaventura,2026-08-17 06:00:00,41,0.0,23,56,222,1.0
San Buenaventura,2026-08-17 06:00:00,44,0.0,19,35,230,1.2
San Buenaventura,2026-08-17 06:00:00,47,0.0,19,35,190,0.8
San Buenaventura,2026-08-17 06:00:00,50,0.0,23,35,150,0.9
San Buenaventura,2026-08-17 06:00:00,53,0.0,26,35,89,1.0
San Buenaventura,2026-08-17 06:00:00,56,1.3,28,89,27,1.2
San Buenaventura,2026-08-17 06:00:00,59,3.5,28,89,307,1.0
San Buenaventura,2026-08-17 06:00:00,62,0.0,25,55,220,0.9
San Buenaventura,2026-08-17 06:00:00,65,0.0,23,55,239,0.9
San Buenaventura,2026-08-17 06:00:00,68,0.0,20,36,249,0.8
San Buenaventura,2026-08-17 06:00:00,71,0.0,20,36,220,0.9
San Buenaventura,2026-08-17 06:00:00,74,0.0,24,36,211,0.8
San Buenaventura,2026-08-17 06:00:00,77,0.0,27,37,298,1.5
San Buenaventura,2026-08-17 06:00:00,80,0.0,31,36,18,2.3
San Buenaventura,2026-08-17 06:00:00,83,0.0,30,36,348,1.7
San Buenaventura,2026-08-17 06:00:00,86,0.0,27,36,311,1.0
San Buenaventura,2026-08-17 06:00:00,89,0.0,24,36,260,1.0
San Buenaventura,2026-08-17 06:00:00,92,0.0,21,37,200,1.1
San Ignacio de Moxos,2026-08-17 06:00:00,2,0.0,27,26,330,1.5
San Ignacio de Moxos,2026-08-17 06:00:00,5,0.0,31,26,330,2.7
San Ignacio de Moxos,2026-08-17 06:00:00,8,0.0,35,36,330,3.9
San Ignacio de Moxos,2026-08-17 06:00:00,11,0.0,35,36,328,2.6
San Ignacio de Moxos,2026-08-17 06:00:00,14,0.0,30,26,321,1.2
San Ignacio de Moxos,2026-08-17 06:00:00,17,0.0,24,26,287,1.3
San Ignacio de Moxos,2026-08-17 06:00:00,20,0.0,21,36,246,1.3
San Ignacio de Moxos,2026-08-17 06:00:00,23,0.0,21,36,298,1.8
San Ignacio de Moxos,2026-08-17 06:00:00,26,0.0,27,36,338,1.8
San Ignacio de Moxos,2026-08-17 06:00:00,29,0.0,30,36,328,3.0
San Ignacio de Moxos,2026-08-17 06:00:00,32,0.0,35,36,311,4.2
San Ignacio de Moxos,2026-08-17 06:00:00,35,0.0,35,36,261,2.9
San Ignacio de Moxos,2026-08-17 06:00:00,38,0.0,30,37,208,1.7
San Ignacio de Moxos,2026-08-17 06:00:00,41,0.0,25,36,254,1.3
San Ignacio de Moxos,2026-08-17 06:00:00,44,3.7,20,89,298,1.0
San Ignacio de Moxos,2026-08-17 06:00:00,47,3.5,20,89,150,2.2
San Ignacio de Moxos,2026-08-17 06:00:00,50,3.6,23,89,156,2.5
San Ignacio de Moxos,2026-08-17 06:00:00,53,2.8,27,89,138,1.5
San Ignacio de Moxos,2026-08-17 06:00:00,56,0.0,32,56,194,0.6
San Ignacio de Moxos,2026-08-17 06:00:00,59,0.0,32,56,149,1.0
San Ignacio de Moxos,2026-08-17 06:00:00,62,0.0,27,56,177,1.4
San Ignacio de Moxos,2026-08-17 06:00:00,65,0.0,24,56,215,1.1
San Ignacio de Moxos,2026-08-17 06:00:00,68,0.0,21,56,248,0.8
San Ignacio de Moxos,2026-08-17 06:00:00,71,0.0,21,55,200,1.5
San Ignacio de Moxos,2026-08-17 06:00:00,74,0.0,26,56,150,1.5
San Ignacio de Moxos,2026-08-17 06:00:00,77,0.0,30,56,226,1.5
San Ignacio de Moxos,2026-08-17 06:00:00,80,0.0,33,36,322,1.5
San Ignacio de Moxos,2026-08-17 06:00:00,83,0.0,33,36,288,0.9
San Ignacio de Moxos,2026-08-17 06:00:00,86,0.0,29,36,198,0.4
San Ignacio de Moxos,2026-08-17 06:00:00,89,0.0,25,36,187,1.1
San Ignacio de Moxos,2026-08-17 06:00:00,92,0.0,22,36,170,1.9
San Ignacio de Velasco,2026-08-17 06:00:00,2,0.0,27,26,339,2.2
San Ignacio de Velasco,2026-08-17 06:00:00,5,0.0,31,26,340,3.9
San Ignacio de Velasco,2026-08-17 06:00:00,8,0.0,35,26,338,5.6
San Ignacio de Velasco,2026-08-17 06:00:00,11,0.0,35,26,330,3.5
San Ignacio de Velasco,2026-08-17 06:00:00,14,0.0,29,26,318,1.3
San Ignacio de Velasco,2026-08-17 06:00:00,17,0.0,26,26,313,1.3
San Ignacio de Velasco,2026-08-17 06:00:00,20,0.0,19,36,306,1.2
San Ignacio de Velasco,2026-08-17 06:00:00,23,0.0,19,36,356,2.6
San Ignacio de Velasco,2026-08-17 06:00:00,26,0.0,23,36,330,3.6
San Ignacio de Velasco,2026-08-17 06:00:00,29,0.0,29,36,334,4.5
San Ignacio de Velasco,2026-08-17 06:00:00,32,0.0,33,36,334,5.4
San Ignacio de Velasco,2026-08-17 06:00:00,35,0.0,33,36,346,3.6
San Ignacio de Velasco,2026-08-17 06:00:00,38,0.0,28,56,349,1.8
San Ignacio de Velasco,2026-08-17 06:00:00,41,0.0,24,56,307,1.5
San Ignacio de Velasco,2026-08-17 06:00:00,44,0.0,14,56,264,1.3
San Ignacio de Velasco,2026-08-17 06:00:00,47,0.0,14,56,187,3.9
San Ignacio de Velasco,2026-08-17 06:00:00,50,0.0,21,56,177,3.3
San Ignacio de Velasco,2026-08-17 06:00:00,53,0.0,25,56,227,2.5
San Ignacio de Velasco,2026-08-17 06:00:00,56,0.0,30,56,271,1.6
San Ignacio de Velasco,2026-08-17 06:00:00,59,0.0,30,56,241,1.8
San Ignacio de Velasco,2026-08-17 06:00:00,62,0.0,24,56,201,1.9
San Ignacio de Velasco,2026-08-17 06:00:00,65,0.0,20,57,198,3.8
San Ignacio de Velasco,2026-08-17 06:00:00,68,0.0,12,36,190,5.7
San Ignacio de Velasco,2026-08-17 06:00:00,71,0.0,12,36,190,5.0
San Ignacio de Velasco,2026-08-17 06:00:00,74,0.0,17,36,180,4.0
San Ignacio de Velasco,2026-08-17 06:00:00,77,0.0,22,35,203,2.5
San Ignacio de Velasco,2026-08-17 06:00:00,80,0.0,26,36,223,1.0
San Ignacio de Velasco,2026-08-17 06:00:00,83,0.0,26,36,193,1.6
San Ignacio de Velasco,2026-08-17 06:00:00,86,0.0,23,36,153,2.3
San Ignacio de Velasco,2026-08-17 06:00:00,89,0.0,20,36,170,3.0
San Ignacio de Velasco,2026-08-17 06:00:00,92,0.0,13,36,180,3.6
San Javier,2026-08-17 06:00:00,2,0.0,24,26,10,2.4
San Javier,2026-08-17 06:00:00,5,0.0,29,26,350,3.7
San Javier,2026-08-17 06:00:00,8,0.0,33,26,330,5.1
San Javier,2026-08-17 06:00:00,11,0.0,33,27,334,3.3
San Javier,2026-08-17 06:00:00,14,0.0,29,26,335,1.5
San Javier,2026-08-17 06:00:00,17,0.0,26,26,337,1.4
San Javier,2026-08-17 06:00:00,20,0.0,20,35,330,1.2
San Javier,2026-08-17 06:00:00,23,0.0,20,36,10,2.1
San Javier,2026-08-17 06:00:00,26,0.0,24,36,7,2.2
San Javier,2026-08-17 06:00:00,29,0.0,27,36,347,3.6
San Javier,2026-08-17 06:00:00,32,0.0,31,37,320,4.9
San Javier,2026-08-17 06:00:00,35,0.0,31,35,344,2.8
San Javier,2026-08-17 06:00:00,38,0.0,27,56,2,0.7
San Javier,2026-08-17 06:00:00,41,0.0,22,56,4,0.9
San Javier,2026-08-17 06:00:00,44,0.0,15,56,4,1.0
San Javier,2026-08-17 06:00:00,47,0.0,15,56,173,2.7
San Javier,2026-08-17 06:00:00,50,0.0,19,56,173,2.3
San Javier,2026-08-17 06:00:00,53,0.0,23,56,170,1.9
San Javier,2026-08-17 06:00:00,56,0.0,28,56,164,1.5
San Javier,2026-08-17 06:00:00,59,0.0,28,56,177,1.2
San Javier,2026-08-17 06:00:00,62,0.0,23,56,184,0.9
San Javier,2026-08-17 06:00:00,65,0.0,19,56,184,2.9
San Javier,2026-08-17 06:00:00,68,0.0,13,36,180,4.8
San Javier,2026-08-17 06:00:00,71,0.0,13,35,169,3.9
San Javier,2026-08-17 06:00:00,74,0.0,16,36,159,3.3
San Javier,2026-08-17 06:00:00,77,0.0,21,36,176,2.2
San Javier,2026-08-17 06:00:00,80,0.0,24,36,190,1.0
San Javier,2026-08-17 06:00:00,83,0.0,24,36,183,1.2
San Javier,2026-08-17 06:00:00,86,0.0,21,36,176,1.4
San Javier,2026-08-17 06:00:00,89,0.0,18,36,176,1.8
San Javier,2026-08-17 06:00:00,92,0.0,14,35,169,2.1
San Jose,2026-08-17 06:00:00,2,0.0,26,26,15,1.7
San Jose,2026-08-17 06:00:00,5,0.0,31,26,5,4.2
San Jose,2026-08-17 06:00:00,8,0.0,37,26,350,6.5
San Jose,2026-08-17 06:00:00,11,0.0,37,27,4,4.1
San Jose,2026-08-17 06:00:00,14,0.0,31,26,14,1.7
San Jose,2026-08-17 06:00:00,17,0.0,25,26,319,1.5
San Jose,2026-08-17 06:00:00,20,0.0,20,36,258,1.4
San Jose,2026-08-17 06:00:00,23,0.0,20,36,24,1.6
San Jose,2026-08-17 06:00:00,26,0.0,25,37,345,1.6
San Jose,2026-08-17 06:00:00,29,0.0,30,36,350,4.3
San Jose,2026-08-17 06:00:00,32,0.0,35,37,350,6.9
San Jose,2026-08-17 06:00:00,35,0.0,35,36,9,4.6
San Jose,2026-08-17 06:00:00,38,0.0,28,56,325,2.2
San Jose,2026-08-17 06:00:00,41,0.0,24,56,221,2.3
San Jose,2026-08-17 06:00:00,44,0.0,15,56,179,2.3
San Jose,2026-08-17 06:00:00,47,0.0,15,56,187,3.4
San Jose,2026-08-17 06:00:00,50,0.0,22,56,168,2.9
San Jose,2026-08-17 06:00:00,53,0.0,26,56,229,2.0
San Jose,2026-08-17 06:00:00,56,0.0,32,57,286,0.9
San Jose,2026-08-17 06:00:00,59,0.0,32,56,239,1.4
San Jose,2026-08-17 06:00:00,62,0.0,27,56,185,1.8
San Jose,2026-08-17 06:00:00,65,0.0,23,56,190,3.7
San Jose,2026-08-17 06:00:00,68,0.0,13,36,190,5.6
San Jose,2026-08-17 06:00:00,71,0.0,13,36,175,3.9
San Jose,2026-08-17 06:00:00,74,0.0,15,36,155,3.4
San Jose,2026-08-17 06:00:00,77,0.0,21,37,204,2.1
San Jose,2026-08-17 06:00:00,80,0.0,28,36,247,0.8
San Jose,2026-08-17 06:00:00,83,0.0,28,36,214,1.6
San Jose,2026-08-17 06:00:00,86,0.0,23,36,175,2.3
San Jose,2026-08-17 06:00:00,89,0.0,19,36,167,2.4
San Jose,2026-08-17 06:00:00,92,0.0,14,36,157,2.6
San Julian - Comunidad Los Angeles,2026-08-17 06:00:00,2,0.0,25,36,360,2.8
San Julian - Comunidad Los Angeles,2026-08-17 06:00:00,5,0.0,30,36,340,4.4
San Julian - Comunidad Los Angeles,2026-08-17 06:00:00,8,0.0,36,36,320,6.1
San Julian - Comunidad Los Angeles,2026-08-17 06:00:00,11,0.0,36,37,328,4.1
San Julian - Comunidad Los Angeles,2026-08-17 06:00:00,14,0.0,29,36,329,2.0
San Julian - Comunidad Los Angeles,2026-08-17 06:00:00,17,0.0,25,36,331,1.7
San Julian - Comunidad Los Angeles,2026-08-17 06:00:00,20,0.0,19,37,331,1.4
San Julian - Comunidad Los Angeles,2026-08-17 06:00:00,23,0.0,19,36,351,2.1
San Julian - Comunidad Los Angeles,2026-08-17 06:00:00,26,0.0,23,36,350,2.5
San Julian - Comunidad Los Angeles,2026-08-17 06:00:00,29,0.0,28,37,338,4.1
San Julian - Comunidad Los Angeles,2026-08-17 06:00:00,32,0.0,33,55,318,5.7
San Julian - Comunidad Los Angeles,2026-08-17 06:00:00,35,0.0,33,56,308,3.6
San Julian - Comunidad Los Angeles,2026-08-17 06:00:00,38,0.0,24,36,290,1.4
San Julian - Comunidad Los Angeles,2026-08-17 06:00:00,41,0.0,21,36,312,1.6
San Julian - Comunidad Los Angeles,2026-08-17 06:00:00,44,3.2,14,89,332,1.8
San Julian - Comunidad Los Angeles,2026-08-17 06:00:00,47,3.8,14,88,150,3.2
San Julian - Comunidad Los Angeles,2026-08-17 06:00:00,50,3.7,18,89,160,3.1
San Julian - Comunidad Los Angeles,2026-08-17 06:00:00,53,2.9,23,90,190,2.0
San Julian - Comunidad Los Angeles,2026-08-17 06:00:00,56,0.0,30,55,213,0.9
San Julian - Comunidad Los Angeles,2026-08-17 06:00:00,59,0.0,30,57,212,1.1
San Julian - Comunidad Los Angeles,2026-08-17 06:00:00,62,0.0,23,56,202,1.3
San Julian - Comunidad Los Angeles,2026-08-17 06:00:00,65,0.0,18,57,182,3.0
San Julian - Comunidad Los Angeles,2026-08-17 06:00:00,68,0.0,13,36,160,4.8
San Julian - Comunidad Los Angeles,2026-08-17 06:00:00,71,0.0,13,37,150,4.3
San Julian - Comunidad Los Angeles,2026-08-17 06:00:00,74,0.0,18,36,140,4.1
San Julian - Comunidad Los Angeles,2026-08-17 06:00:00,77,0.0,24,36,141,2.8
San Julian - Comunidad Los Angeles,2026-08-17 06:00:00,80,0.0,27,36,139,1.5
San Julian - Comunidad Los Angeles,2026-08-17 06:00:00,83,0.0,27,36,151,2.0
San Julian - Comunidad Los Angeles,2026-08-17 06:00:00,86,0.0,23,36,160,2.4
San Julian - Comunidad Los Angeles,2026-08-17 06:00:00,89,0.0,19,36,159,2.8
San Julian - Comunidad Los Angeles,2026-08-17 06:00:00,92,0.0,14,36,149,3.1
San Julián - Núcleo 32,2026-08-17 06:00:00,2,0.0,25,37,350,2.1
San Julián - Núcleo 32,2026-08-17 06:00:00,5,0.0,29,36,340,3.3
San Julián - Núcleo 32,2026-08-17 06:00:00,8,0.0,36,36,330,4.5
San Julián - Núcleo 32,2026-08-17 06:00:00,11,0.0,36,36,334,3.0
San Julián - Núcleo 32,2026-08-17 06:00:00,14,0.0,28,36,334,1.4
San Julián - Núcleo 32,2026-08-17 06:00:00,17,0.0,24,36,358,0.9
San Julián - Núcleo 32,2026-08-17 06:00:00,20,0.0,20,36,15,0.5
San Julián - Núcleo 32,2026-08-17 06:00:00,23,0.0,20,35,342,1.5
San Julián - Núcleo 32,2026-08-17 06:00:00,26,0.0,25,36,340,2.0
San Julián - Núcleo 32,2026-08-17 06:00:00,29,0.0,28,37,330,3.1
San Julián - Núcleo 32,2026-08-17 06:00:00,32,0.0,33,56,310,4.2
San Julián - Núcleo 32,2026-08-17 06:00:00,35,0.0,33,56,291,3.0
San Julián - Núcleo 32,2026-08-17 06:00:00,38,0.0,27,35,265,1.6
San Julián - Núcleo 32,2026-08-17 06:00:00,41,0.0,21,36,311,1.5
San Julián - Núcleo 32,2026-08-17 06:00:00,44,4.0,15,89,354,1.2
San Julián - Núcleo 32,2026-08-17 06:00:00,47,1.4,15,88,140,2.7
San Julián - Núcleo 32,2026-08-17 06:00:00,50,2.5,20,89,140,2.7
San Julián - Núcleo 32,2026-08-17 06:00:00,53,2.8,23,88,174,1.9
San Julián - Núcleo 32,2026-08-17 06:00:00,56,0.0,30,56,204,1.1
San Julián - Núcleo 32,2026-08-17 06:00:00,59,0.0,30,56,221,1.1
San Julián - Núcleo 32,2026-08-17 06:00:00,62,0.0,25,56,231,1.2
San Julián - Núcleo 32,2026-08-17 06:00:00,65,0.0,20,57,192,2.5
San Julián - Núcleo 32,2026-08-17 06:00:00,68,0.0,14,36,152,4.0
San Julián - Núcleo 32,2026-08-17 06:00:00,71,0.0,14,36,140,3.5
San Julián - Núcleo 32,2026-08-17 06:00:00,74,0.0,19,36,130,3.4
San Julián - Núcleo 32,2026-08-17 06:00:00,77,0.0,23,36,132,2.3
San Julián - Núcleo 32,2026-08-17 06:00:00,80,0.0,27,35,132,1.1
San Julián - Núcleo 32,2026-08-17 06:00:00,83,0.0,27,36,142,1.4
San Julián - Núcleo 32,2026-08-17 06:00:00,86,0.0,24,35,150,1.7
San Julián - Núcleo 32,2026-08-17 06:00:00,89,0.0,19,37,140,2.2
San Julián - Núcleo 32,2026-08-17 06:00:00,92,0.0,15,36,130,2.6
San Matias,2026-08-17 06:00:00,2,0.0,30,26,27,4.4
San Matias,2026-08-17 06:00:00,5,0.0,33,25,20,4.7
San Matias,2026-08-17 06:00:00,8,0.0,40,26,13,5.0
San Matias,2026-08-17 06:00:00,11,0.0,40,26,13,4.4
San Matias,2026-08-17 06:00:00,14,0.0,31,26,10,3.8
San Matias,2026-08-17 06:00:00,17,0.0,26,26,28,3.3
San Matias,2026-08-17 06:00:00,20,0.0,20,36,38,2.9
San Matias,2026-08-17 06:00:00,23,0.0,20,36,30,3.8
San Matias,2026-08-17 06:00:00,26,0.0,27,36,20,4.9
San Matias,2026-08-17 06:00:00,29,0.0,31,36,17,4.8
San Matias,2026-08-17 06:00:00,32,0.0,38,36,7,4.8
San Matias,2026-08-17 06:00:00,35,0.0,38,35,357,3.8
San Matias,2026-08-17 06:00:00,38,0.0,30,56,340,2.9
San Matias,2026-08-17 06:00:00,41,0.0,24,56,13,3.0
San Matias,2026-08-17 06:00:00,44,0.0,15,56,43,3.0
San Matias,2026-08-17 06:00:00,47,0.0,15,56,160,3.4
San Matias,2026-08-17 06:00:00,50,0.0,24,56,150,3.1
San Matias,2026-08-17 06:00:00,53,0.0,28,56,71,3.1
San Matias,2026-08-17 06:00:00,56,0.0,35,55,351,3.1
San Matias,2026-08-17 06:00:00,59,0.0,35,56,289,1.7
San Matias,2026-08-17 06:00:00,62,0.0,31,57,204,0.3
San Matias,2026-08-17 06:00:00,65,0.0,23,56,190,0.9
San Matias,2026-08-17 06:00:00,68,0.0,13,36,175,1.6
San Matias,2026-08-17 06:00:00,71,0.0,13,36,177,4.3
San Matias,2026-08-17 06:00:00,74,0.0,20,36,170,4.6
San Matias,2026-08-17 06:00:00,77,0.0,25,36,173,3.5
San Matias,2026-08-17 06:00:00,80,0.0,31,36,173,2.3
San Matias,2026-08-17 06:00:00,83,0.0,31,36,180,2.5
San Matias,2026-08-17 06:00:00,86,0.0,25,36,180,2.6
San Matias,2026-08-17 06:00:00,89,0.0,21,36,173,2.9
San Matias,2026-08-17 06:00:00,92,0.0,14,36,163,3.2
San Pablo de Lipez (GPRS),2026-08-17 06:00:00,2,1.5,-1,89,320,8.5
San Pablo de Lipez (GPRS),2026-08-17 06:00:00,5,2.0,2,89,320,9.9
San Pablo de Lipez (GPRS),2026-08-17 06:00:00,8,1.6,4,89,320,11.2
San Pablo de Lipez (GPRS),2026-08-17 06:00:00,11,2.2,4,89,310,7.1
San Pablo de Lipez (GPRS),2026-08-17 06:00:00,14,1.4,2,90,295,2.9
San Pablo de Lipez (GPRS),2026-08-17 06:00:00,17,1.7,1,90,305,3.6
San Pablo de Lipez (GPRS),2026-08-17 06:00:00,20,0.7,0,89,310,4.3
San Pablo de Lipez (GPRS),2026-08-17 06:00:00,23,1.1,0,89,310,11.5
San Pablo de Lipez (GPRS),2026-08-17 06:00:00,26,1.3,0,89,320,10.1
San Pablo de Lipez (GPRS),2026-08-17 06:00:00,29,1.9,1,89,320,14.8
San Pablo de Lipez (GPRS),2026-08-17 06:00:00,32,0.0,2,56,320,19.6
San Pablo de Lipez (GPRS),2026-08-17 06:00:00,35,0.0,2,56,320,17.9
San Pablo de Lipez (GPRS),2026-08-17 06:00:00,38,0.0,1,35,310,16.3
San Pablo de Lipez (GPRS),2026-08-17 06:00:00,41,0.0,0,36,320,14.1
San Pablo de Lipez (GPRS),2026-08-17 06:00:00,44,0.0,-1,26,320,11.7
San Pablo de Lipez (GPRS),2026-08-17 06:00:00,47,0.0,-1,27,339,14.5
San Pablo de Lipez (GPRS),2026-08-17 06:00:00,50,0.0,0,26,339,16.7
San Pablo de Lipez (GPRS),2026-08-17 06:00:00,53,0.0,1,26,329,22.6
San Pablo de Lipez (GPRS),2026-08-17 06:00:00,56,0.0,2,26,310,28.4
San Pablo de Lipez (GPRS),2026-08-17 06:00:00,59,0.0,2,26,300,19.8
San Pablo de Lipez (GPRS),2026-08-17 06:00:00,62,0.0,1,26,290,11.2
San Pablo de Lipez (GPRS),2026-08-17 06:00:00,65,0.0,0,26,333,7.7
San Pablo de Lipez (GPRS),2026-08-17 06:00:00,68,0.0,-2,26,6,4.3
San Pablo de Lipez (GPRS),2026-08-17 06:00:00,71,0.0,-2,26,243,3.4
San Pablo de Lipez (GPRS),2026-08-17 06:00:00,74,0.0,0,26,243,3.4
San Pablo de Lipez (GPRS),2026-08-17 06:00:00,77,0.0,2,26,267,4.5
San Pablo de Lipez (GPRS),2026-08-17 06:00:00,80,0.0,3,27,280,5.7
San Pablo de Lipez (GPRS),2026-08-17 06:00:00,83,0.0,3,26,242,4.0
San Pablo de Lipez (GPRS),2026-08-17 06:00:00,86,0.0,2,26,203,2.4
San Pablo de Lipez (GPRS),2026-08-17 06:00:00,89,0.0,1,26,208,2.6
San Pablo de Lipez (GPRS),2026-08-17 06:00:00,92,0.0,-1,26,208,2.8
San Pedro - Río Victoria,2026-08-17 06:00:00,2,0.0,23,36,320,1.6
San Pedro - Río Victoria,2026-08-17 06:00:00,5,0.0,27,36,330,3.0
San Pedro - Río Victoria,2026-08-17 06:00:00,8,0.0,34,36,330,4.4
San Pedro - Río Victoria,2026-08-17 06:00:00,11,0.0,34,36,320,3.0
San Pedro - Río Victoria,2026-08-17 06:00:00,14,0.0,27,36,300,1.5
San Pedro - Río Victoria,2026-08-17 06:00:00,17,0.0,24,36,256,1.0
San Pedro - Río Victoria,2026-08-17 06:00:00,20,0.0,18,36,206,0.4
San Pedro - Río Victoria,2026-08-17 06:00:00,23,0.0,18,35,339,1.1
San Pedro - Río Victoria,2026-08-17 06:00:00,26,0.0,24,36,340,1.7
San Pedro - Río Victoria,2026-08-17 06:00:00,29,0.0,27,36,326,3.0
San Pedro - Río Victoria,2026-08-17 06:00:00,32,0.0,31,56,304,4.3
San Pedro - Río Victoria,2026-08-17 06:00:00,35,0.0,31,56,288,3.1
San Pedro - Río Victoria,2026-08-17 06:00:00,38,0.0,24,36,264,1.7
San Pedro - Río Victoria,2026-08-17 06:00:00,41,0.0,21,36,332,1.6
San Pedro - Río Victoria,2026-08-17 06:00:00,44,2.7,13,89,34,1.5
San Pedro - Río Victoria,2026-08-17 06:00:00,47,1.6,13,89,143,2.4
San Pedro - Río Victoria,2026-08-17 06:00:00,50,3.6,18,89,143,2.4
San Pedro - Río Victoria,2026-08-17 06:00:00,53,3.1,21,89,180,1.9
San Pedro - Río Victoria,2026-08-17 06:00:00,56,0.0,28,56,207,1.3
San Pedro - Río Victoria,2026-08-17 06:00:00,59,0.0,28,56,210,1.4
San Pedro - Río Victoria,2026-08-17 06:00:00,62,0.0,22,57,210,1.4
San Pedro - Río Victoria,2026-08-17 06:00:00,65,0.0,18,56,174,1.6
San Pedro - Río Victoria,2026-08-17 06:00:00,68,0.0,12,36,134,1.9
San Pedro - Río Victoria,2026-08-17 06:00:00,71,0.0,12,36,133,3.3
San Pedro - Río Victoria,2026-08-17 06:00:00,74,0.0,17,36,133,3.2
San Pedro - Río Victoria,2026-08-17 06:00:00,77,0.0,21,36,125,1.9
San Pedro - Río Victoria,2026-08-17 06:00:00,80,0.0,25,36,113,0.6
San Pedro - Río Victoria,2026-08-17 06:00:00,83,0.0,25,36,138,1.1
San Pedro - Río Victoria,2026-08-17 06:00:00,86,0.0,22,36,157,1.6
San Pedro - Río Victoria,2026-08-17 06:00:00,89,0.0,17,36,147,2.2
San Pedro - Río Victoria,2026-08-17 06:00:00,92,0.0,13,36,130,2.8
San Pedro de Buena Vista,2026-08-17 06:00:00,2,1.4,12,89,322,4.3
San Pedro de Buena Vista,2026-08-17 06:00:00,5,1.6,15,89,343,4.3
San Pedro de Buena Vista,2026-08-17 06:00:00,8,1.8,19,89,3,4.3
San Pedro de Buena Vista,2026-08-17 06:00:00,11,1.4,19,89,5,3.4
San Pedro de Buena Vista,2026-08-17 06:00:00,14,0.0,17,56,5,2.5
San Pedro de Buena Vista,2026-08-17 06:00:00,17,0.0,14,56,13,2.2
San Pedro de Buena Vista,2026-08-17 06:00:00,20,0.0,10,56,13,1.8
San Pedro de Buena Vista,2026-08-17 06:00:00,23,2.2,10,89,343,3.3
San Pedro de Buena Vista,2026-08-17 06:00:00,26,2.2,12,90,333,3.9
San Pedro de Buena Vista,2026-08-17 06:00:00,29,2.2,13,89,352,5.1
San Pedro de Buena Vista,2026-08-17 06:00:00,32,0.0,15,56,8,6.3
San Pedro de Buena Vista,2026-08-17 06:00:00,35,0.0,15,56,8,4.7
San Pedro de Buena Vista,2026-08-17 06:00:00,38,0.0,13,36,0,2.9
San Pedro de Buena Vista,2026-08-17 06:00:00,41,0.0,11,36,338,3.7
San Pedro de Buena Vista,2026-08-17 06:00:00,44,0.0,9,26,308,4.5
San Pedro de Buena Vista,2026-08-17 06:00:00,47,0.0,9,26,318,3.7
San Pedro de Buena Vista,2026-08-17 06:00:00,50,0.0,12,26,298,4.4
San Pedro de Buena Vista,2026-08-17 06:00:00,53,0.0,14,26,308,6.3
San Pedro de Buena Vista,2026-08-17 06:00:00,56,0.0,17,26,309,8.1
San Pedro de Buena Vista,2026-08-17 06:00:00,59,0.0,17,26,296,5.9
San Pedro de Buena Vista,2026-08-17 06:00:00,62,0.0,14,26,276,3.7
San Pedro de Buena Vista,2026-08-17 06:00:00,65,0.0,12,26,276,4.0
San Pedro de Buena Vista,2026-08-17 06:00:00,68,0.0,8,26,268,4.3
San Pedro de Buena Vista,2026-08-17 06:00:00,71,0.0,8,26,278,4.3
San Pedro de Buena Vista,2026-08-17 06:00:00,74,0.0,12,26,268,3.9
San Pedro de Buena Vista,2026-08-17 06:00:00,77,0.0,16,26,268,6.0
San Pedro de Buena Vista,2026-08-17 06:00:00,80,0.0,18,26,260,8.1
San Pedro de Buena Vista,2026-08-17 06:00:00,83,0.0,18,26,248,5.0
San Pedro de Buena Vista,2026-08-17 06:00:00,86,0.0,15,26,233,2.0
San Pedro de Buena Vista,2026-08-17 06:00:00,89,0.0,13,26,263,2.0
San Pedro de Buena Vista,2026-08-17 06:00:00,92,0.0,9,27,291,2.0
San Pedro de Tiquina,2026-08-17 06:00:00,2,1.0,7,89,13,3.4
San Pedro de Tiquina,2026-08-17 06:00:00,5,2.1,9,89,2,6.6
San Pedro de Tiquina,2026-08-17 06:00:00,8,0.0,12,56,342,9.7
San Pedro de Tiquina,2026-08-17 06:00:00,11,0.0,12,56,353,8.5
San Pedro de Tiquina,2026-08-17 06:00:00,14,2.2,10,89,3,7.3
San Pedro de Tiquina,2026-08-17 06:00:00,17,1.2,8,89,12,6.4
San Pedro de Tiquina,2026-08-17 06:00:00,20,1.2,7,89,12,5.4
San Pedro de Tiquina,2026-08-17 06:00:00,23,2.0,7,89,3,5.5
San Pedro de Tiquina,2026-08-17 06:00:00,26,1.9,8,89,3,4.5
San Pedro de Tiquina,2026-08-17 06:00:00,29,2.4,8,89,340,6.4
San Pedro de Tiquina,2026-08-17 06:00:00,32,0.0,9,56,310,8.3
San Pedro de Tiquina,2026-08-17 06:00:00,35,0.0,9,56,340,7.2
San Pedro de Tiquina,2026-08-17 06:00:00,38,0.0,8,55,360,6.0
San Pedro de Tiquina,2026-08-17 06:00:00,41,0.0,7,56,33,4.3
San Pedro de Tiquina,2026-08-17 06:00:00,44,0.0,6,55,64,2.7
San Pedro de Tiquina,2026-08-17 06:00:00,47,0.0,6,57,350,5.1
San Pedro de Tiquina,2026-08-17 06:00:00,50,0.0,7,56,340,5.4
San Pedro de Tiquina,2026-08-17 06:00:00,53,0.0,9,56,320,6.4
San Pedro de Tiquina,2026-08-17 06:00:00,56,2.2,11,89,297,7.5
San Pedro de Tiquina,2026-08-17 06:00:00,59,3.4,11,89,256,4.9
San Pedro de Tiquina,2026-08-17 06:00:00,62,3.4,9,89,204,2.4
San Pedro de Tiquina,2026-08-17 06:00:00,65,2.0,7,89,230,1.4
San Pedro de Tiquina,2026-08-17 06:00:00,68,0.0,4,27,250,0.5
San Pedro de Tiquina,2026-08-17 06:00:00,71,0.0,4,26,12,2.1
San Pedro de Tiquina,2026-08-17 06:00:00,74,0.0,6,27,12,2.2
San Pedro de Tiquina,2026-08-17 06:00:00,77,0.0,8,26,330,3.7
San Pedro de Tiquina,2026-08-17 06:00:00,80,0.0,9,26,287,5.2
San Pedro de Tiquina,2026-08-17 06:00:00,83,0.0,10,26,329,4.5
San Pedro de Tiquina,2026-08-17 06:00:00,86,0.0,8,37,2,3.7
San Pedro de Tiquina,2026-08-17 06:00:00,89,0.0,7,36,30,2.5
San Pedro de Tiquina,2026-08-17 06:00:00,92,0.0,5,36,48,1.3
San Ramon,2026-08-17 06:00:00,2,0.0,27,26,25,3.9
San Ramon,2026-08-17 06:00:00,5,0.0,30,26,355,4.0
San Ramon,2026-08-17 06:00:00,8,0.0,35,37,323,4.1
San Ramon,2026-08-17 06:00:00,11,0.0,35,36,295,2.8
San Ramon,2026-08-17 06:00:00,14,0.0,32,26,263,1.5
San Ramon,2026-08-17 06:00:00,17,0.0,27,26,280,2.0
San Ramon,2026-08-17 06:00:00,20,0.0,22,36,295,2.5
San Ramon,2026-08-17 06:00:00,23,0.0,22,36,310,2.7
San Ramon,2026-08-17 06:00:00,26,0.0,26,36,330,2.9
San Ramon,2026-08-17 06:00:00,29,0.0,30,37,333,3.8
San Ramon,2026-08-17 06:00:00,32,0.0,35,36,333,4.7
San Ramon,2026-08-17 06:00:00,35,0.0,35,36,335,3.5
San Ramon,2026-08-17 06:00:00,38,0.0,30,36,333,2.3
San Ramon,2026-08-17 06:00:00,41,0.0,26,36,315,2.2
San Ramon,2026-08-17 06:00:00,44,3.4,21,89,293,2.1
San Ramon,2026-08-17 06:00:00,47,2.3,21,89,276,2.8
San Ramon,2026-08-17 06:00:00,50,3.2,24,89,222,3.7
San Ramon,2026-08-17 06:00:00,53,3.0,27,89,240,3.3
San Ramon,2026-08-17 06:00:00,56,0.0,31,56,253,2.9
San Ramon,2026-08-17 06:00:00,59,0.0,31,56,237,2.2
San Ramon,2026-08-17 06:00:00,62,0.0,28,56,215,1.6
San Ramon,2026-08-17 06:00:00,65,0.0,26,56,242,2.0
San Ramon,2026-08-17 06:00:00,68,0.0,22,56,262,2.4
San Ramon,2026-08-17 06:00:00,71,0.0,22,56,195,2.1
San Ramon,2026-08-17 06:00:00,74,0.0,25,56,190,1.9
San Ramon,2026-08-17 06:00:00,77,0.0,29,56,230,2.1
San Ramon,2026-08-17 06:00:00,80,0.0,32,36,260,2.3
San Ramon,2026-08-17 06:00:00,83,0.0,32,36,240,2.3
San Ramon,2026-08-17 06:00:00,86,0.0,29,36,210,2.2
San Ramon,2026-08-17 06:00:00,89,0.0,27,36,182,2.4
San Ramon,2026-08-17 06:00:00,92,0.0,23,36,152,2.7
San Roque - La Paz,2026-08-17 06:00:00,2,1.7,3,88,70,1.7
San Roque - La Paz,2026-08-17 06:00:00,5,1.4,7,89,34,3.9
San Roque - La Paz,2026-08-17 06:00:00,8,0.0,13,56,357,6.0
San Roque - La Paz,2026-08-17 06:00:00,11,0.0,13,56,34,5.5
San Roque - La Paz,2026-08-17 06:00:00,14,1.5,8,89,60,5.1
San Roque - La Paz,2026-08-17 06:00:00,17,1.9,7,89,60,4.3
San Roque - La Paz,2026-08-17 06:00:00,20,2.3,2,89,57,3.4
San Roque - La Paz,2026-08-17 06:00:00,23,0.8,2,90,30,2.3
San Roque - La Paz,2026-08-17 06:00:00,26,0.7,6,89,50,1.6
San Roque - La Paz,2026-08-17 06:00:00,29,1.7,8,89,360,6.0
San Roque - La Paz,2026-08-17 06:00:00,32,0.0,10,56,307,10.4
San Roque - La Paz,2026-08-17 06:00:00,35,0.0,10,56,316,6.7
San Roque - La Paz,2026-08-17 06:00:00,38,0.0,7,56,322,3.0
San Roque - La Paz,2026-08-17 06:00:00,41,0.0,3,56,44,2.7
San Roque - La Paz,2026-08-17 06:00:00,44,0.0,1,56,117,2.4
San Roque - La Paz,2026-08-17 06:00:00,47,0.0,1,57,115,1.4
San Roque - La Paz,2026-08-17 06:00:00,50,0.0,5,56,53,1.6
San Roque - La Paz,2026-08-17 06:00:00,53,0.0,8,56,347,4.4
San Roque - La Paz,2026-08-17 06:00:00,56,3.3,12,90,277,7.4
San Roque - La Paz,2026-08-17 06:00:00,59,1.4,12,89,246,4.5
San Roque - La Paz,2026-08-17 06:00:00,62,1.4,7,89,209,1.7
San Roque - La Paz,2026-08-17 06:00:00,65,3.3,3,89,220,1.4
San Roque - La Paz,2026-08-17 06:00:00,68,0.0,0,26,229,1.1
San Roque - La Paz,2026-08-17 06:00:00,71,0.0,0,26,286,1.3
San Roque - La Paz,2026-08-17 06:00:00,74,0.0,4,26,329,1.8
San Roque - La Paz,2026-08-17 06:00:00,77,0.0,8,26,310,4.3
San Roque - La Paz,2026-08-17 06:00:00,80,0.0,13,26,290,6.9
San Roque - La Paz,2026-08-17 06:00:00,83,0.0,13,27,283,4.3
San Roque - La Paz,2026-08-17 06:00:00,86,0.0,8,36,273,1.7
San Roque - La Paz,2026-08-17 06:00:00,89,0.0,4,36,237,1.9
San Roque - La Paz,2026-08-17 06:00:00,92,0.0,1,36,162,2.1
Santa Ana,2026-08-17 06:00:00,2,0.0,25,26,300,2.4
Santa Ana,2026-08-17 06:00:00,5,0.0,32,27,301,3.3
Santa Ana,2026-08-17 06:00:00,8,0.0,36,37,301,4.3
Santa Ana,2026-08-17 06:00:00,11,0.0,36,36,274,3.3
Santa Ana,2026-08-17 06:00:00,14,0.0,30,26,244,2.4
Santa Ana,2026-08-17 06:00:00,17,0.0,24,27,316,2.3
Santa Ana,2026-08-17 06:00:00,20,0.0,21,37,26,2.0
Santa Ana,2026-08-17 06:00:00,23,0.0,21,36,346,2.7
Santa Ana,2026-08-17 06:00:00,26,0.0,27,36,310,3.3
Santa Ana,2026-08-17 06:00:00,29,0.0,30,36,310,4.4
Santa Ana,2026-08-17 06:00:00,32,0.0,36,36,310,5.6
Santa Ana,2026-08-17 06:00:00,35,0.0,36,36,319,3.5
Santa Ana,2026-08-17 06:00:00,38,0.0,32,36,319,1.4
Santa Ana,2026-08-17 06:00:00,41,0.0,26,36,304,1.5
Santa Ana,2026-08-17 06:00:00,44,1.1,20,89,287,1.5
Santa Ana,2026-08-17 06:00:00,47,3.0,20,89,120,2.3
Santa Ana,2026-08-17 06:00:00,50,1.4,23,89,180,3.8
Santa Ana,2026-08-17 06:00:00,53,1.5,27,89,210,3.2
Santa Ana,2026-08-17 06:00:00,56,0.0,32,56,230,2.6
Santa Ana,2026-08-17 06:00:00,59,0.0,32,56,203,2.2
Santa Ana,2026-08-17 06:00:00,62,0.0,28,57,176,1.7
Santa Ana,2026-08-17 06:00:00,65,0.0,25,56,223,2.2
Santa Ana,2026-08-17 06:00:00,68,0.0,21,56,269,2.7
Santa Ana,2026-08-17 06:00:00,71,0.0,21,56,210,2.1
Santa Ana,2026-08-17 06:00:00,74,0.0,25,56,190,2.0
Santa Ana,2026-08-17 06:00:00,77,0.0,29,56,240,2.3
Santa Ana,2026-08-17 06:00:00,80,0.0,33,35,283,2.6
Santa Ana,2026-08-17 06:00:00,83,0.0,33,36,217,1.9
Santa Ana,2026-08-17 06:00:00,86,0.0,31,36,141,1.2
Santa Ana,2026-08-17 06:00:00,89,0.0,27,36,154,1.5
Santa Ana,2026-08-17 06:00:00,92,0.0,22,35,160,1.8
Santa Cruz - Trompillo,2026-08-17 06:00:00,2,0.0,26,36,348,3.9
Santa Cruz - Trompillo,2026-08-17 06:00:00,5,0.0,28,36,340,6.0
Santa Cruz - Trompillo,2026-08-17 06:00:00,8,0.0,32,36,330,8.1
Santa Cruz - Trompillo,2026-08-17 06:00:00,11,0.0,32,36,320,6.3
Santa Cruz - Trompillo,2026-08-17 06:00:00,14,0.0,28,36,302,4.5
Santa Cruz - Trompillo,2026-08-17 06:00:00,17,0.0,24,36,318,3.9
Santa Cruz - Trompillo,2026-08-17 06:00:00,20,0.0,21,36,328,3.2
Santa Cruz - Trompillo,2026-08-17 06:00:00,23,0.0,21,35,311,2.2
Santa Cruz - Trompillo,2026-08-17 06:00:00,26,0.0,22,36,249,2.0
Santa Cruz - Trompillo,2026-08-17 06:00:00,29,0.0,25,36,282,4.2
Santa Cruz - Trompillo,2026-08-17 06:00:00,32,0.0,29,57,312,6.3
Santa Cruz - Trompillo,2026-08-17 06:00:00,35,0.0,29,56,322,5.5
Santa Cruz - Trompillo,2026-08-17 06:00:00,38,0.0,25,35,322,4.7
Santa Cruz - Trompillo,2026-08-17 06:00:00,41,0.0,20,36,242,4.5
Santa Cruz - Trompillo,2026-08-17 06:00:00,44,1.5,15,89,158,4.2
Santa Cruz - Trompillo,2026-08-17 06:00:00,47,1.9,16,89,151,3.7
Santa Cruz - Trompillo,2026-08-17 06:00:00,50,3.5,19,89,151,3.5
Santa Cruz - Trompillo,2026-08-17 06:00:00,53,1.7,22,90,81,3.0
Santa Cruz - Trompillo,2026-08-17 06:00:00,56,0.0,26,56,9,2.4
Santa Cruz - Trompillo,2026-08-17 06:00:00,59,0.0,26,56,334,1.9
Santa Cruz - Trompillo,2026-08-17 06:00:00,62,0.0,21,56,289,1.4
Santa Cruz - Trompillo,2026-08-17 06:00:00,65,0.0,18,56,227,3.6
Santa Cruz - Trompillo,2026-08-17 06:00:00,68,0.0,14,35,162,5.8
Santa Cruz - Trompillo,2026-08-17 06:00:00,71,0.0,14,36,152,5.2
Santa Cruz - Trompillo,2026-08-17 06:00:00,74,0.0,17,35,152,4.9
Santa Cruz - Trompillo,2026-08-17 06:00:00,77,0.0,20,36,138,3.8
Santa Cruz - Trompillo,2026-08-17 06:00:00,80,0.0,23,36,118,2.5
Santa Cruz - Trompillo,2026-08-17 06:00:00,83,0.0,23,36,148,2.8
Santa Cruz - Trompillo,2026-08-17 06:00:00,86,0.0,20,36,172,3.2
Santa Cruz - Trompillo,2026-08-17 06:00:00,89,0.0,18,36,172,3.8
Santa Cruz - Trompillo,2026-08-17 06:00:00,92,0.0,15,36,170,4.4
Santa Cruz - Viru Viru,2026-08-17 06:00:00,2,0.0,25,36,341,4.0
Santa Cruz - Viru Viru,2026-08-17 06:00:00,5,0.0,28,36,340,5.9
Santa Cruz - Viru Viru,2026-08-17 06:00:00,8,0.0,33,36,330,7.8
Santa Cruz - Viru Viru,2026-08-17 06:00:00,11,0.0,33,36,314,5.7
Santa Cruz - Viru Viru,2026-08-17 06:00:00,14,0.0,28,36,294,3.7
Santa Cruz - Viru Viru,2026-08-17 06:00:00,17,0.0,24,36,315,3.2
Santa Cruz - Viru Viru,2026-08-17 06:00:00,20,0.0,20,36,332,2.5
Santa Cruz - Viru Viru,2026-08-17 06:00:00,23,0.0,21,36,325,2.0
Santa Cruz - Viru Viru,2026-08-17 06:00:00,26,0.0,23,36,273,1.9
Santa Cruz - Viru Viru,2026-08-17 06:00:00,29,0.0,26,37,288,4.1
Santa Cruz - Viru Viru,2026-08-17 06:00:00,32,0.0,30,56,293,6.3
Santa Cruz - Viru Viru,2026-08-17 06:00:00,35,0.0,30,57,310,5.2
Santa Cruz - Viru Viru,2026-08-17 06:00:00,38,0.0,25,36,321,4.1
Santa Cruz - Viru Viru,2026-08-17 06:00:00,41,0.0,20,36,241,4.2
Santa Cruz - Viru Viru,2026-08-17 06:00:00,44,2.5,16,89,155,4.2
Santa Cruz - Viru Viru,2026-08-17 06:00:00,47,3.6,16,89,151,3.9
Santa Cruz - Viru Viru,2026-08-17 06:00:00,50,2.6,19,89,152,3.5
Santa Cruz - Viru Viru,2026-08-17 06:00:00,53,3.4,22,89,82,2.7
Santa Cruz - Viru Viru,2026-08-17 06:00:00,56,0.0,27,56,12,1.9
Santa Cruz - Viru Viru,2026-08-17 06:00:00,59,0.0,27,56,320,1.8
Santa Cruz - Viru Viru,2026-08-17 06:00:00,62,0.0,21,56,263,1.7
Santa Cruz - Viru Viru,2026-08-17 06:00:00,65,0.0,18,57,213,3.9
Santa Cruz - Viru Viru,2026-08-17 06:00:00,68,0.0,15,35,160,6.1
Santa Cruz - Viru Viru,2026-08-17 06:00:00,71,0.0,14,36,151,5.6
Santa Cruz - Viru Viru,2026-08-17 06:00:00,74,0.0,17,36,151,5.2
Santa Cruz - Viru Viru,2026-08-17 06:00:00,77,0.0,20,36,140,3.8
Santa Cruz - Viru Viru,2026-08-17 06:00:00,80,0.0,24,36,120,2.2
Santa Cruz - Viru Viru,2026-08-17 06:00:00,83,0.0,24,35,144,2.8
Santa Cruz - Viru Viru,2026-08-17 06:00:00,86,0.0,22,36,164,3.4
Santa Cruz - Viru Viru,2026-08-17 06:00:00,89,0.0,19,36,164,4.0
Santa Cruz - Viru Viru,2026-08-17 06:00:00,92,0.0,15,35,161,4.6
Santa Rosa,2026-08-17 06:00:00,2,0.0,24,56,280,2.0
Santa Rosa,2026-08-17 06:00:00,5,0.0,29,56,310,3.3
Santa Rosa,2026-08-17 06:00:00,8,0.0,32,56,339,4.5
Santa Rosa,2026-08-17 06:00:00,11,0.0,32,56,324,3.3
Santa Rosa,2026-08-17 06:00:00,14,0.0,28,57,306,2.0
Santa Rosa,2026-08-17 06:00:00,17,0.0,24,56,280,1.9
Santa Rosa,2026-08-17 06:00:00,20,0.0,19,56,254,1.8
Santa Rosa,2026-08-17 06:00:00,23,0.0,19,36,324,1.9
Santa Rosa,2026-08-17 06:00:00,26,0.0,25,36,354,2.2
Santa Rosa,2026-08-17 06:00:00,29,0.0,28,36,340,3.7
Santa Rosa,2026-08-17 06:00:00,32,0.0,32,36,317,5.1
Santa Rosa,2026-08-17 06:00:00,35,0.0,32,36,300,3.8
Santa Rosa,2026-08-17 06:00:00,38,0.0,29,36,276,2.4
Santa Rosa,2026-08-17 06:00:00,41,0.0,26,37,270,2.0
Santa Rosa,2026-08-17 06:00:00,44,2.1,19,88,259,1.6
Santa Rosa,2026-08-17 06:00:00,47,3.2,19,89,30,1.9
Santa Rosa,2026-08-17 06:00:00,50,2.1,22,89,148,2.7
Santa Rosa,2026-08-17 06:00:00,53,2.3,25,89,206,2.0
Santa Rosa,2026-08-17 06:00:00,56,2.0,30,89,261,1.4
Santa Rosa,2026-08-17 06:00:00,59,1.0,30,89,206,1.6
Santa Rosa,2026-08-17 06:00:00,62,0.0,26,56,150,1.7
Santa Rosa,2026-08-17 06:00:00,65,0.0,22,56,213,1.6
Santa Rosa,2026-08-17 06:00:00,68,0.0,19,56,271,1.5
Santa Rosa,2026-08-17 06:00:00,71,0.0,19,56,240,1.5
Santa Rosa,2026-08-17 06:00:00,74,0.0,23,57,214,1.4
Santa Rosa,2026-08-17 06:00:00,77,0.0,27,56,264,2.0
Santa Rosa,2026-08-17 06:00:00,80,0.0,30,36,310,2.5
Santa Rosa,2026-08-17 06:00:00,83,0.0,30,37,349,1.8
Santa Rosa,2026-08-17 06:00:00,86,0.0,27,36,22,1.1
Santa Rosa,2026-08-17 06:00:00,89,0.0,24,36,104,1.6
Santa Rosa,2026-08-17 06:00:00,92,0.0,20,37,177,2.2
Santos Mercado - PD,2026-08-17 06:00:00,2,0.0,27,26,0,1.1
Santos Mercado - PD,2026-08-17 06:00:00,5,0.0,31,26,350,1.5
Santos Mercado - PD,2026-08-17 06:00:00,8,0.0,36,36,330,1.9
Santos Mercado - PD,2026-08-17 06:00:00,11,0.0,36,36,350,1.5
Santos Mercado - PD,2026-08-17 06:00:00,14,0.0,31,27,360,1.1
Santos Mercado - PD,2026-08-17 06:00:00,17,0.0,26,25,360,1.3
Santos Mercado - PD,2026-08-17 06:00:00,20,0.0,22,26,350,1.5
Santos Mercado - PD,2026-08-17 06:00:00,23,0.0,22,36,310,1.1
Santos Mercado - PD,2026-08-17 06:00:00,26,0.0,27,36,330,1.0
Santos Mercado - PD,2026-08-17 06:00:00,29,0.0,31,36,330,1.6
Santos Mercado - PD,2026-08-17 06:00:00,32,0.0,36,36,330,2.3
Santos Mercado - PD,2026-08-17 06:00:00,35,0.0,36,36,350,1.8
Santos Mercado - PD,2026-08-17 06:00:00,38,0.0,30,57,11,1.2
Santos Mercado - PD,2026-08-17 06:00:00,41,0.0,27,56,0,1.3
Santos Mercado - PD,2026-08-17 06:00:00,44,0.0,22,36,350,1.4
Santos Mercado - PD,2026-08-17 06:00:00,47,0.0,22,35,300,1.0
Santos Mercado - PD,2026-08-17 06:00:00,50,0.0,25,37,320,0.9
Santos Mercado - PD,2026-08-17 06:00:00,53,0.0,28,36,310,1.0
Santos Mercado - PD,2026-08-17 06:00:00,56,1.6,34,88,290,1.1
Santos Mercado - PD,2026-08-17 06:00:00,59,3.2,34,89,280,1.4
Santos Mercado - PD,2026-08-17 06:00:00,62,0.0,29,56,260,1.7
Santos Mercado - PD,2026-08-17 06:00:00,65,0.0,26,57,260,1.5
Santos Mercado - PD,2026-08-17 06:00:00,68,0.0,21,55,259,1.4
Santos Mercado - PD,2026-08-17 06:00:00,71,0.0,21,55,200,1.3
Santos Mercado - PD,2026-08-17 06:00:00,74,0.0,27,56,200,1.1
Santos Mercado - PD,2026-08-17 06:00:00,77,0.0,30,55,251,0.9
Santos Mercado - PD,2026-08-17 06:00:00,80,0.0,35,37,300,0.6
Santos Mercado - PD,2026-08-17 06:00:00,83,0.0,35,37,250,0.8
Santos Mercado - PD,2026-08-17 06:00:00,86,0.0,31,36,200,1.0
Santos Mercado - PD,2026-08-17 06:00:00,89,0.0,28,36,220,0.9
Santos Mercado - PD,2026-08-17 06:00:00,92,0.0,22,36,230,0.9
Sena - PD,2026-08-17 06:00:00,2,0.0,27,26,275,1.3
Sena - PD,2026-08-17 06:00:00,5,0.0,31,26,305,1.5
Sena - PD,2026-08-17 06:00:00,8,0.0,35,36,333,1.9
Sena - PD,2026-08-17 06:00:00,11,0.0,35,36,256,1.5
Sena - PD,2026-08-17 06:00:00,14,0.0,29,26,173,1.1
Sena - PD,2026-08-17 06:00:00,17,0.0,25,27,218,1.4
Sena - PD,2026-08-17 06:00:00,20,0.0,22,25,260,1.7
Sena - PD,2026-08-17 06:00:00,23,0.0,22,36,272,1.0
Sena - PD,2026-08-17 06:00:00,26,0.0,26,36,269,0.7
Sena - PD,2026-08-17 06:00:00,29,0.0,30,36,312,1.5
Sena - PD,2026-08-17 06:00:00,32,0.0,35,37,350,2.4
Sena - PD,2026-08-17 06:00:00,35,0.0,35,36,316,1.9
Sena - PD,2026-08-17 06:00:00,38,0.0,31,56,277,1.4
Sena - PD,2026-08-17 06:00:00,41,0.0,27,56,281,1.3
Sena - PD,2026-08-17 06:00:00,44,0.0,22,36,280,1.2
Sena - PD,2026-08-17 06:00:00,47,0.0,22,36,280,1.2
Sena - PD,2026-08-17 06:00:00,50,0.0,27,36,307,0.8
Sena - PD,2026-08-17 06:00:00,53,0.0,30,36,320,1.5
Sena - PD,2026-08-17 06:00:00,56,1.9,33,89,328,2.1
Sena - PD,2026-08-17 06:00:00,59,1.9,33,89,360,1.7
Sena - PD,2026-08-17 06:00:00,62,0.0,31,56,27,1.3
Sena - PD,2026-08-17 06:00:00,65,0.0,28,56,345,1.2
Sena - PD,2026-08-17 06:00:00,68,0.0,21,56,295,1.1
Sena - PD,2026-08-17 06:00:00,71,0.0,21,56,238,1.1
Sena - PD,2026-08-17 06:00:00,74,0.0,25,56,258,1.2
Sena - PD,2026-08-17 06:00:00,77,0.0,28,56,280,1.5
Sena - PD,2026-08-17 06:00:00,80,0.0,34,36,295,1.8
Sena - PD,2026-08-17 06:00:00,83,0.0,34,36,274,1.2
Sena - PD,2026-08-17 06:00:00,86,0.0,31,37,120,0.6
Sena - PD,2026-08-17 06:00:00,89,0.0,28,36,185,0.6
Sena - PD,2026-08-17 06:00:00,92,0.0,22,36,285,0.7
Soracachi,2026-08-17 06:00:00,2,2.1,7,89,2,3.7
Soracachi,2026-08-17 06:00:00,5,2.1,10,89,8,5.6
Soracachi,2026-08-17 06:00:00,8,0.0,12,56,8,7.5
Soracachi,2026-08-17 06:00:00,11,0.0,12,56,18,8.2
Soracachi,2026-08-17 06:00:00,14,2.5,10,89,20,9.0
Soracachi,2026-08-17 06:00:00,17,1.6,8,89,20,7.6
Soracachi,2026-08-17 06:00:00,20,1.3,7,89,20,6.1
Soracachi,2026-08-17 06:00:00,23,1.1,7,89,4,7.0
Soracachi,2026-08-17 06:00:00,26,1.3,9,89,354,5.2
Soracachi,2026-08-17 06:00:00,29,1.2,11,89,348,7.6
Soracachi,2026-08-17 06:00:00,32,0.0,14,56,340,9.9
Soracachi,2026-08-17 06:00:00,35,0.0,14,56,360,6.9
Soracachi,2026-08-17 06:00:00,38,0.0,11,36,15,4.0
Soracachi,2026-08-17 06:00:00,41,0.0,8,36,15,3.7
Soracachi,2026-08-17 06:00:00,44,0.0,6,36,10,3.5
Soracachi,2026-08-17 06:00:00,47,0.0,6,36,356,3.6
Soracachi,2026-08-17 06:00:00,50,0.0,8,36,354,4.1
Soracachi,2026-08-17 06:00:00,53,0.0,9,36,347,5.1
Soracachi,2026-08-17 06:00:00,56,0.0,11,36,330,6.2
Soracachi,2026-08-17 06:00:00,59,0.0,11,36,335,5.1
Soracachi,2026-08-17 06:00:00,62,0.0,9,26,331,4.0
Soracachi,2026-08-17 06:00:00,65,0.0,6,26,345,3.6
Soracachi,2026-08-17 06:00:00,68,0.0,5,26,356,3.3
Soracachi,2026-08-17 06:00:00,71,0.0,5,26,335,3.5
Soracachi,2026-08-17 06:00:00,74,0.0,7,26,325,2.8
Soracachi,2026-08-17 06:00:00,77,0.0,10,26,307,4.8
Soracachi,2026-08-17 06:00:00,80,0.0,12,26,287,6.8
Soracachi,2026-08-17 06:00:00,83,0.0,12,26,313,5.3
Soracachi,2026-08-17 06:00:00,86,0.0,10,26,333,3.8
Soracachi,2026-08-17 06:00:00,89,0.0,8,26,350,2.9
Soracachi,2026-08-17 06:00:00,92,0.0,5,26,4,2.0
Sucre,2026-08-17 06:00:00,2,0.0,14,36,10,2.7
Sucre,2026-08-17 06:00:00,5,0.0,17,35,20,5.0
Sucre,2026-08-17 06:00:00,8,0.0,22,56,20,7.3
Sucre,2026-08-17 06:00:00,11,0.0,22,56,30,5.7
Sucre,2026-08-17 06:00:00,14,0.0,17,56,30,4.0
Sucre,2026-08-17 06:00:00,17,0.0,13,56,20,3.5
Sucre,2026-08-17 06:00:00,20,1.0,7,89,10,3.1
Sucre,2026-08-17 06:00:00,23,2.4,7,89,20,3.7
Sucre,2026-08-17 06:00:00,26,1.5,11,89,20,3.7
Sucre,2026-08-17 06:00:00,29,0.9,15,89,20,5.9
Sucre,2026-08-17 06:00:00,32,0.0,18,56,10,8.1
Sucre,2026-08-17 06:00:00,35,0.0,18,55,10,6.6
Sucre,2026-08-17 06:00:00,38,0.0,15,36,1,5.0
Sucre,2026-08-17 06:00:00,41,0.0,12,37,351,4.1
Sucre,2026-08-17 06:00:00,44,0.0,7,56,341,3.1
Sucre,2026-08-17 06:00:00,47,0.0,7,56,357,3.6
Sucre,2026-08-17 06:00:00,50,0.0,12,56,351,2.8
Sucre,2026-08-17 06:00:00,53,0.0,17,56,352,5.8
Sucre,2026-08-17 06:00:00,56,0.0,20,36,352,8.7
Sucre,2026-08-17 06:00:00,59,0.0,20,36,325,6.2
Sucre,2026-08-17 06:00:00,62,0.0,16,36,295,3.8
Sucre,2026-08-17 06:00:00,65,0.0,13,36,315,3.4
Sucre,2026-08-17 06:00:00,68,0.0,8,26,332,3.1
Sucre,2026-08-17 06:00:00,71,0.0,8,26,320,2.2
Sucre,2026-08-17 06:00:00,74,0.0,14,26,292,1.2
Sucre,2026-08-17 06:00:00,77,0.0,19,26,342,3.3
Sucre,2026-08-17 06:00:00,80,0.0,23,35,22,5.3
Sucre,2026-08-17 06:00:00,83,0.0,23,37,55,3.3
Sucre,2026-08-17 06:00:00,86,0.0,17,26,86,1.5
Sucre,2026-08-17 06:00:00,89,0.0,14,26,45,1.5
Sucre,2026-08-17 06:00:00,92,0.0,9,26,4,1.4
Sultaca,2026-08-17 06:00:00,2,0.0,12,36,320,2.1
Sultaca,2026-08-17 06:00:00,5,0.0,15,36,346,5.3
Sultaca,2026-08-17 06:00:00,8,0.0,18,56,10,8.5
Sultaca,2026-08-17 06:00:00,11,0.0,19,56,32,6.1
Sultaca,2026-08-17 06:00:00,14,0.0,15,57,46,3.6
Sultaca,2026-08-17 06:00:00,17,0.0,12,56,36,4.2
Sultaca,2026-08-17 06:00:00,20,2.1,5,89,22,4.9
Sultaca,2026-08-17 06:00:00,23,2.2,5,89,324,4.2
Sultaca,2026-08-17 06:00:00,26,2.1,9,89,284,2.5
Sultaca,2026-08-17 06:00:00,29,2.1,12,89,314,6.7
Sultaca,2026-08-17 06:00:00,32,0.0,15,57,333,10.9
Sultaca,2026-08-17 06:00:00,35,0.0,15,56,350,7.8
Sultaca,2026-08-17 06:00:00,38,0.0,12,36,360,4.7
Sultaca,2026-08-17 06:00:00,41,0.0,9,36,348,6.5
Sultaca,2026-08-17 06:00:00,44,0.0,5,56,328,8.2
Sultaca,2026-08-17 06:00:00,47,0.0,5,57,360,6.6
Sultaca,2026-08-17 06:00:00,50,0.0,10,56,350,7.7
Sultaca,2026-08-17 06:00:00,53,0.0,14,56,340,13.0
Sultaca,2026-08-17 06:00:00,56,0.0,17,36,320,18.2
Sultaca,2026-08-17 06:00:00,59,0.0,17,36,311,16.5
Sultaca,2026-08-17 06:00:00,62,0.0,14,36,301,14.8
Sultaca,2026-08-17 06:00:00,65,0.0,11,36,298,11.4
Sultaca,2026-08-17 06:00:00,68,0.0,6,26,288,8.0
Sultaca,2026-08-17 06:00:00,71,0.0,7,26,269,4.1
Sultaca,2026-08-17 06:00:00,74,0.0,11,26,281,4.4
Sultaca,2026-08-17 06:00:00,77,0.0,15,26,270,7.0
Sultaca,2026-08-17 06:00:00,80,0.0,22,36,257,9.6
Sultaca,2026-08-17 06:00:00,83,0.0,21,36,286,5.8
Sultaca,2026-08-17 06:00:00,86,0.0,16,26,358,2.0
Sultaca,2026-08-17 06:00:00,89,0.0,12,26,343,1.4
Sultaca,2026-08-17 06:00:00,92,0.0,8,26,323,0.8
Tarapaya,2026-08-17 06:00:00,2,2.0,8,89,310,1.9
Tarapaya,2026-08-17 06:00:00,5,2.0,14,89,340,4.6
Tarapaya,2026-08-17 06:00:00,8,1.8,21,89,360,7.3
Tarapaya,2026-08-17 06:00:00,11,2.2,21,89,20,5.2
Tarapaya,2026-08-17 06:00:00,14,0.0,13,56,32,3.0
Tarapaya,2026-08-17 06:00:00,17,0.0,7,56,29,2.8
Tarapaya,2026-08-17 06:00:00,20,0.0,3,56,19,2.7
Tarapaya,2026-08-17 06:00:00,23,1.5,3,89,311,4.9
Tarapaya,2026-08-17 06:00:00,26,2.6,7,89,265,4.9
Tarapaya,2026-08-17 06:00:00,29,1.3,12,89,283,8.9
Tarapaya,2026-08-17 06:00:00,32,0.0,17,56,300,12.9
Tarapaya,2026-08-17 06:00:00,35,0.0,17,57,292,7.8
Tarapaya,2026-08-17 06:00:00,38,0.0,11,36,284,2.7
Tarapaya,2026-08-17 06:00:00,41,0.0,6,36,292,3.3
Tarapaya,2026-08-17 06:00:00,44,0.0,2,25,298,3.8
Tarapaya,2026-08-17 06:00:00,47,0.0,2,26,337,3.6
Tarapaya,2026-08-17 06:00:00,50,0.0,7,26,317,4.2
Tarapaya,2026-08-17 06:00:00,53,0.0,12,27,317,9.4
Tarapaya,2026-08-17 06:00:00,56,0.0,19,26,310,14.6
Tarapaya,2026-08-17 06:00:00,59,0.0,19,27,310,9.5
Tarapaya,2026-08-17 06:00:00,62,0.0,14,25,307,4.4
Tarapaya,2026-08-17 06:00:00,65,0.0,9,26,297,3.5
Tarapaya,2026-08-17 06:00:00,68,0.0,2,26,278,2.5
Tarapaya,2026-08-17 06:00:00,71,0.0,1,26,261,2.8
Tarapaya,2026-08-17 06:00:00,74,0.0,7,27,277,3.3
Tarapaya,2026-08-17 06:00:00,77,0.0,11,26,270,5.4
Tarapaya,2026-08-17 06:00:00,80,0.0,15,26,260,7.6
Tarapaya,2026-08-17 06:00:00,83,0.0,15,26,260,4.7
Tarapaya,2026-08-17 06:00:00,86,0.0,11,26,260,1.9
Tarapaya,2026-08-17 06:00:00,89,0.0,7,26,251,1.9
Tarapaya,2026-08-17 06:00:00,92,0.0,2,25,235,2.0
Tarija - Centro,2026-08-17 06:00:00,2,0.0,15,36,70,1.4
Tarija - Centro,2026-08-17 06:00:00,5,0.0,20,36,55,4.5
Tarija - Centro,2026-08-17 06:00:00,8,0.0,27,56,34,7.6
Tarija - Centro,2026-08-17 06:00:00,11,0.0,27,56,94,4.8
Tarija - Centro,2026-08-17 06:00:00,14,2.5,20,89,149,2.0
Tarija - Centro,2026-08-17 06:00:00,17,2.5,12,89,100,1.8
Tarija - Centro,2026-08-17 06:00:00,20,0.0,6,56,50,1.5
Tarija - Centro,2026-08-17 06:00:00,23,0.0,6,55,44,3.8
Tarija - Centro,2026-08-17 06:00:00,26,0.0,11,57,9,6.2
Tarija - Centro,2026-08-17 06:00:00,29,0.0,20,56,49,5.8
Tarija - Centro,2026-08-17 06:00:00,32,0.0,24,56,89,5.3
Tarija - Centro,2026-08-17 06:00:00,35,0.0,24,55,75,4.3
Tarija - Centro,2026-08-17 06:00:00,38,0.0,18,56,50,3.2
Tarija - Centro,2026-08-17 06:00:00,41,0.0,13,56,45,2.8
Tarija - Centro,2026-08-17 06:00:00,44,0.0,4,56,39,2.4
Tarija - Centro,2026-08-17 06:00:00,47,0.0,4,56,99,2.1
Tarija - Centro,2026-08-17 06:00:00,50,0.0,10,56,104,2.2
Tarija - Centro,2026-08-17 06:00:00,53,0.0,17,56,114,3.2
Tarija - Centro,2026-08-17 06:00:00,56,2.3,24,89,120,4.2
Tarija - Centro,2026-08-17 06:00:00,59,2.3,24,89,99,3.8
Tarija - Centro,2026-08-17 06:00:00,62,0.0,19,56,69,3.3
Tarija - Centro,2026-08-17 06:00:00,65,0.0,14,56,105,2.5
Tarija - Centro,2026-08-17 06:00:00,68,0.0,4,26,137,1.7
Tarija - Centro,2026-08-17 06:00:00,71,0.0,4,26,90,1.2
Tarija - Centro,2026-08-17 06:00:00,74,0.0,9,26,168,0.9
Tarija - Centro,2026-08-17 06:00:00,77,0.0,13,26,152,2.6
Tarija - Centro,2026-08-17 06:00:00,80,0.0,26,36,131,4.2
Tarija - Centro,2026-08-17 06:00:00,83,0.0,26,36,102,2.4
Tarija - Centro,2026-08-17 06:00:00,86,0.0,15,26,67,0.6
Tarija - Centro,2026-08-17 06:00:00,89,0.0,9,26,12,0.6
Tarija - Centro,2026-08-17 06:00:00,92,0.0,5,26,316,0.6
Tolarapa (INIAF),2026-08-17 06:00:00,2,0.0,7,56,309,2.1
Tolarapa (INIAF),2026-08-17 06:00:00,5,0.0,9,56,299,2.4
Tolarapa (INIAF),2026-08-17 06:00:00,8,0.0,12,56,289,2.7
Tolarapa (INIAF),2026-08-17 06:00:00,11,0.0,12,56,289,2.6
Tolarapa (INIAF),2026-08-17 06:00:00,14,0.0,9,56,279,2.7
Tolarapa (INIAF),2026-08-17 06:00:00,17,0.0,7,56,279,3.1
Tolarapa (INIAF),2026-08-17 06:00:00,20,0.0,4,56,270,3.6
Tolarapa (INIAF),2026-08-17 06:00:00,23,0.0,4,56,280,3.5
Tolarapa (INIAF),2026-08-17 06:00:00,26,0.0,8,56,280,3.4
Tolarapa (INIAF),2026-08-17 06:00:00,29,0.0,10,56,303,3.2
Tolarapa (INIAF),2026-08-17 06:00:00,32,0.0,13,56,317,2.9
Tolarapa (INIAF),2026-08-17 06:00:00,35,0.0,13,56,293,3.1
Tolarapa (INIAF),2026-08-17 06:00:00,38,0.0,10,36,259,3.4
Tolarapa (INIAF),2026-08-17 06:00:00,41,0.0,6,35,260,3.0
Tolarapa (INIAF),2026-08-17 06:00:00,44,0.0,3,56,261,2.7
Tolarapa (INIAF),2026-08-17 06:00:00,47,0.0,3,56,282,2.3
Tolarapa (INIAF),2026-08-17 06:00:00,50,0.0,7,56,305,1.9
Tolarapa (INIAF),2026-08-17 06:00:00,53,0.0,10,57,340,2.7
Tolarapa (INIAF),2026-08-17 06:00:00,56,0.0,12,36,9,3.5
Tolarapa (INIAF),2026-08-17 06:00:00,59,0.0,12,36,323,2.7
Tolarapa (INIAF),2026-08-17 06:00:00,62,0.0,9,36,270,2.0
Tolarapa (INIAF),2026-08-17 06:00:00,65,0.0,7,36,260,2.2
Tolarapa (INIAF),2026-08-17 06:00:00,68,0.0,2,26,251,2.5
Tolarapa (INIAF),2026-08-17 06:00:00,71,0.0,3,26,278,2.7
Tolarapa (INIAF),2026-08-17 06:00:00,74,0.0,8,26,292,2.4
Tolarapa (INIAF),2026-08-17 06:00:00,77,0.0,10,26,330,3.1
Tolarapa (INIAF),2026-08-17 06:00:00,80,0.0,14,36,9,3.8
Tolarapa (INIAF),2026-08-17 06:00:00,83,0.0,14,35,322,3.0
Tolarapa (INIAF),2026-08-17 06:00:00,86,0.0,10,26,269,2.3
Tolarapa (INIAF),2026-08-17 06:00:00,89,0.0,8,26,268,2.6
Tolarapa (INIAF),2026-08-17 06:00:00,92,0.0,4,26,257,2.8
Totoral,2026-08-17 06:00:00,2,1.4,10,89,283,4.8
Totoral,2026-08-17 06:00:00,5,2.1,14,89,306,8.0
Totoral,2026-08-17 06:00:00,8,2.1,19,89,320,11.1
Totoral,2026-08-17 06:00:00,11,1.4,19,89,340,7.2
Totoral,2026-08-17 06:00:00,14,0.0,15,56,356,3.3
Totoral,2026-08-17 06:00:00,17,0.0,9,56,359,4.1
Totoral,2026-08-17 06:00:00,20,0.0,7,56,359,4.9
Totoral,2026-08-17 06:00:00,23,1.8,7,89,310,5.8
Totoral,2026-08-17 06:00:00,26,1.6,10,89,316,8.5
Totoral,2026-08-17 06:00:00,29,2.0,12,89,320,11.2
Totoral,2026-08-17 06:00:00,32,0.0,15,56,316,14.0
Totoral,2026-08-17 06:00:00,35,0.0,15,56,310,13.2
Totoral,2026-08-17 06:00:00,38,0.0,12,36,300,12.5
Totoral,2026-08-17 06:00:00,41,0.0,9,36,301,8.4
Totoral,2026-08-17 06:00:00,44,0.0,6,26,301,4.3
Totoral,2026-08-17 06:00:00,47,0.0,6,25,4,3.9
Totoral,2026-08-17 06:00:00,50,0.0,9,26,350,3.9
Totoral,2026-08-17 06:00:00,53,0.0,12,26,340,11.0
Totoral,2026-08-17 06:00:00,56,0.0,17,26,327,18.2
Totoral,2026-08-17 06:00:00,59,0.0,17,26,310,16.9
Totoral,2026-08-17 06:00:00,62,0.0,14,25,290,15.6
Totoral,2026-08-17 06:00:00,65,0.0,9,26,290,13.2
Totoral,2026-08-17 06:00:00,68,0.0,4,26,280,10.8
Totoral,2026-08-17 06:00:00,71,0.0,5,26,264,4.3
Totoral,2026-08-17 06:00:00,74,0.0,10,26,266,3.1
Totoral,2026-08-17 06:00:00,77,0.0,14,25,266,5.6
Totoral,2026-08-17 06:00:00,80,0.0,18,26,266,8.1
Totoral,2026-08-17 06:00:00,83,0.0,18,26,260,5.7
Totoral,2026-08-17 06:00:00,86,0.0,14,26,248,3.2
Totoral,2026-08-17 06:00:00,89,0.0,9,26,258,2.7
Totoral,2026-08-17 06:00:00,92,0.0,6,26,260,2.2
Trancas,2026-08-17 06:00:00,2,0.0,13,36,325,3.2
Trancas,2026-08-17 06:00:00,5,0.0,21,36,357,5.2
Trancas,2026-08-17 06:00:00,8,0.0,30,56,24,7.1
Trancas,2026-08-17 06:00:00,11,0.0,30,56,46,4.5
Trancas,2026-08-17 06:00:00,14,1.9,19,89,64,2.0
Trancas,2026-08-17 06:00:00,17,2.0,13,89,51,2.3
Trancas,2026-08-17 06:00:00,20,0.0,7,56,30,2.6
Trancas,2026-08-17 06:00:00,23,0.0,7,56,347,5.6
Trancas,2026-08-17 06:00:00,26,0.0,13,56,339,8.1
Trancas,2026-08-17 06:00:00,29,0.0,19,56,4,8.2
Trancas,2026-08-17 06:00:00,32,0.0,24,56,22,8.2
Trancas,2026-08-17 06:00:00,35,0.0,24,56,19,6.4
Trancas,2026-08-17 06:00:00,38,0.0,20,56,6,4.6
Trancas,2026-08-17 06:00:00,41,0.0,13,56,356,4.0
Trancas,2026-08-17 06:00:00,44,0.0,6,56,339,3.4
Trancas,2026-08-17 06:00:00,47,0.0,6,56,25,3.0
Trancas,2026-08-17 06:00:00,50,0.0,10,56,25,2.7
Trancas,2026-08-17 06:00:00,53,0.0,16,56,27,5.9
Trancas,2026-08-17 06:00:00,56,1.7,25,89,23,9.1
Trancas,2026-08-17 06:00:00,59,1.7,25,89,30,7.8
Trancas,2026-08-17 06:00:00,62,0.0,21,56,32,6.4
Trancas,2026-08-17 06:00:00,65,0.0,16,56,358,4.2
Trancas,2026-08-17 06:00:00,68,0.0,6,27,316,2.0
Trancas,2026-08-17 06:00:00,71,0.0,6,26,294,3.0
Trancas,2026-08-17 06:00:00,74,0.0,13,26,287,3.3
Trancas,2026-08-17 06:00:00,77,0.0,21,26,232,3.7
Trancas,2026-08-17 06:00:00,80,0.0,27,36,170,4.1
Trancas,2026-08-17 06:00:00,83,0.0,27,37,142,2.8
Trancas,2026-08-17 06:00:00,86,0.0,20,26,108,1.4
Trancas,2026-08-17 06:00:00,89,0.0,14,27,168,1.3
Trancas,2026-08-17 06:00:00,92,0.0,6,26,255,1.1
Trinidad,2026-08-17 06:00:00,2,0.0,27,26,300,1.6
Trinidad,2026-08-17 06:00:00,5,0.0,30,27,310,2.7
Trinidad,2026-08-17 06:00:00,8,0.0,36,37,320,3.8
Trinidad,2026-08-17 06:00:00,11,0.0,36,37,307,2.6
Trinidad,2026-08-17 06:00:00,14,0.0,31,26,287,1.4
Trinidad,2026-08-17 06:00:00,17,0.0,26,26,278,1.5
Trinidad,2026-08-17 06:00:00,20,0.0,20,36,261,1.7
Trinidad,2026-08-17 06:00:00,23,0.0,20,35,302,1.7
Trinidad,2026-08-17 06:00:00,26,0.0,27,36,312,2.3
Trinidad,2026-08-17 06:00:00,29,0.0,30,36,320,3.6
Trinidad,2026-08-17 06:00:00,32,0.0,34,36,318,4.8
Trinidad,2026-08-17 06:00:00,35,0.0,34,36,281,3.3
Trinidad,2026-08-17 06:00:00,38,0.0,31,37,243,1.7
Trinidad,2026-08-17 06:00:00,41,0.0,27,36,310,1.4
Trinidad,2026-08-17 06:00:00,44,1.3,18,89,51,1.1
Trinidad,2026-08-17 06:00:00,47,0.8,18,88,170,2.6
Trinidad,2026-08-17 06:00:00,50,0.8,21,88,160,3.2
Trinidad,2026-08-17 06:00:00,53,1.6,24,89,190,2.3
Trinidad,2026-08-17 06:00:00,56,0.0,27,56,220,1.4
Trinidad,2026-08-17 06:00:00,59,0.0,28,56,192,1.3
Trinidad,2026-08-17 06:00:00,62,0.0,26,55,165,1.3
Trinidad,2026-08-17 06:00:00,65,0.0,25,56,172,1.4
Trinidad,2026-08-17 06:00:00,68,0.0,22,57,178,1.5
Trinidad,2026-08-17 06:00:00,71,0.0,23,56,180,2.1
Trinidad,2026-08-17 06:00:00,74,0.0,24,57,140,2.5
Trinidad,2026-08-17 06:00:00,77,0.0,30,57,217,1.7
Trinidad,2026-08-17 06:00:00,80,0.0,36,36,284,1.0
Trinidad,2026-08-17 06:00:00,83,0.0,33,36,253,0.8
Trinidad,2026-08-17 06:00:00,86,0.0,29,36,213,0.6
Trinidad,2026-08-17 06:00:00,89,0.0,27,36,187,1.4
Trinidad,2026-08-17 06:00:00,92,0.0,25,36,160,2.2
Tupiza,2026-08-17 06:00:00,2,2.6,13,89,300,5.0
Tupiza,2026-08-17 06:00:00,5,2.6,16,89,310,7.9
Tupiza,2026-08-17 06:00:00,8,2.6,21,89,310,10.8
Tupiza,2026-08-17 06:00:00,11,2.6,21,89,318,7.3
Tupiza,2026-08-17 06:00:00,14,0.0,17,56,320,3.6
Tupiza,2026-08-17 06:00:00,17,0.0,13,56,303,3.2
Tupiza,2026-08-17 06:00:00,20,0.0,10,56,286,2.7
Tupiza,2026-08-17 06:00:00,23,1.3,10,89,317,8.7
Tupiza,2026-08-17 06:00:00,26,1.9,12,89,329,9.4
Tupiza,2026-08-17 06:00:00,29,1.7,14,89,329,13.0
Tupiza,2026-08-17 06:00:00,32,0.0,17,56,320,16.7
Tupiza,2026-08-17 06:00:00,35,0.0,17,56,320,13.7
Tupiza,2026-08-17 06:00:00,38,0.0,14,36,310,10.7
Tupiza,2026-08-17 06:00:00,41,0.0,11,37,317,11.5
Tupiza,2026-08-17 06:00:00,44,0.0,9,26,317,12.3
Tupiza,2026-08-17 06:00:00,47,0.0,9,26,350,7.3
Tupiza,2026-08-17 06:00:00,50,0.0,11,26,340,8.4
Tupiza,2026-08-17 06:00:00,53,0.0,14,26,340,14.0
Tupiza,2026-08-17 06:00:00,56,0.0,19,26,330,19.6
Tupiza,2026-08-17 06:00:00,59,0.0,19,26,310,18.5
Tupiza,2026-08-17 06:00:00,62,0.0,15,26,290,17.5
Tupiza,2026-08-17 06:00:00,65,0.0,12,26,280,12.0
Tupiza,2026-08-17 06:00:00,68,0.0,7,26,265,6.6
Tupiza,2026-08-17 06:00:00,71,0.0,7,26,280,2.2
Tupiza,2026-08-17 06:00:00,74,0.0,11,26,282,2.2
Tupiza,2026-08-17 06:00:00,77,0.0,15,26,274,6.4
Tupiza,2026-08-17 06:00:00,80,0.0,20,26,262,10.6
Tupiza,2026-08-17 06:00:00,83,0.0,20,26,282,6.1
Tupiza,2026-08-17 06:00:00,86,0.0,15,26,295,1.6
Tupiza,2026-08-17 06:00:00,89,0.0,11,26,295,1.7
Tupiza,2026-08-17 06:00:00,92,0.0,8,26,293,1.6
Uyuni,2026-08-17 06:00:00,2,0.9,4,89,351,7.4
Uyuni,2026-08-17 06:00:00,5,2.4,7,89,332,8.2
Uyuni,2026-08-17 06:00:00,8,1.8,9,89,312,8.9
Uyuni,2026-08-17 06:00:00,11,2.9,9,89,332,7.8
Uyuni,2026-08-17 06:00:00,14,1.2,7,89,352,6.7
Uyuni,2026-08-17 06:00:00,17,1.1,4,90,322,4.9
Uyuni,2026-08-17 06:00:00,20,2.7,2,90,290,3.2
Uyuni,2026-08-17 06:00:00,23,1.9,2,89,301,12.3
Uyuni,2026-08-17 06:00:00,26,1.9,3,88,321,11.9
Uyuni,2026-08-17 06:00:00,29,1.6,5,88,311,14.2
Uyuni,2026-08-17 06:00:00,32,0.0,6,55,300,16.4
Uyuni,2026-08-17 06:00:00,35,0.0,6,56,310,16.5
Uyuni,2026-08-17 06:00:00,38,0.0,4,35,310,16.5
Uyuni,2026-08-17 06:00:00,41,0.0,3,36,321,12.5
Uyuni,2026-08-17 06:00:00,44,0.0,1,26,331,8.6
Uyuni,2026-08-17 06:00:00,47,0.0,1,27,343,13.4
Uyuni,2026-08-17 06:00:00,50,0.0,3,25,340,13.5
Uyuni,2026-08-17 06:00:00,53,0.0,4,25,330,17.0
Uyuni,2026-08-17 06:00:00,56,0.0,5,26,319,20.5
Uyuni,2026-08-17 06:00:00,59,0.0,5,27,310,16.9
Uyuni,2026-08-17 06:00:00,62,0.0,4,26,300,13.1
Uyuni,2026-08-17 06:00:00,65,0.0,2,26,323,9.5
Uyuni,2026-08-17 06:00:00,68,0.0,0,26,343,5.8
Uyuni,2026-08-17 06:00:00,71,0.0,0,27,339,4.1
Uyuni,2026-08-17 06:00:00,74,0.0,3,26,331,3.8
Uyuni,2026-08-17 06:00:00,77,0.0,5,26,320,5.9
Uyuni,2026-08-17 06:00:00,80,0.0,6,26,300,8.0
Uyuni,2026-08-17 06:00:00,83,0.0,6,27,320,6.8
Uyuni,2026-08-17 06:00:00,86,0.0,4,26,340,5.5
Uyuni,2026-08-17 06:00:00,89,0.0,3,26,341,5.0
Uyuni,2026-08-17 06:00:00,92,0.0,1,26,341,4.4
Vallegrande,2026-08-17 06:00:00,2,0.0,15,36,338,4.3
Vallegrande,2026-08-17 06:00:00,5,0.0,19,36,342,7.0
Vallegrande,2026-08-17 06:00:00,8,1.2,23,89,342,9.7
Vallegrande,2026-08-17 06:00:00,11,1.5,23,88,352,7.4
Vallegrande,2026-08-17 06:00:00,14,0.0,17,56,352,5.1
Vallegrande,2026-08-17 06:00:00,17,0.0,13,56,352,3.9
Vallegrande,2026-08-17 06:00:00,20,0.0,8,56,349,2.7
Vallegrande,2026-08-17 06:00:00,23,0.0,8,56,343,4.9
Vallegrande,2026-08-17 06:00:00,26,0.0,12,56,349,5.1
Vallegrande,2026-08-17 06:00:00,29,0.0,15,55,350,6.9
Vallegrande,2026-08-17 06:00:00,32,0.0,19,36,342,8.7
Vallegrande,2026-08-17 06:00:00,35,0.0,19,36,349,6.2
Vallegrande,2026-08-17 06:00:00,38,0.0,14,36,349,3.7
Vallegrande,2026-08-17 06:00:00,41,0.0,10,36,349,3.6
Vallegrande,2026-08-17 06:00:00,44,1.8,5,89,346,3.5
Vallegrande,2026-08-17 06:00:00,47,2.1,5,89,314,1.9
Vallegrande,2026-08-17 06:00:00,50,2.1,10,89,350,2.3
Vallegrande,2026-08-17 06:00:00,53,2.1,13,89,359,4.5
Vallegrande,2026-08-17 06:00:00,56,3.3,16,89,2,6.6
Vallegrande,2026-08-17 06:00:00,59,2.1,16,89,21,4.8
Vallegrande,2026-08-17 06:00:00,62,0.0,13,56,31,3.1
Vallegrande,2026-08-17 06:00:00,65,0.0,10,56,23,2.7
Vallegrande,2026-08-17 06:00:00,68,0.0,5,36,13,2.3
Vallegrande,2026-08-17 06:00:00,71,0.0,5,35,1,1.6
Vallegrande,2026-08-17 06:00:00,74,0.0,8,36,350,1.7
Vallegrande,2026-08-17 06:00:00,77,0.0,11,35,1,3.3
Vallegrande,2026-08-17 06:00:00,80,0.0,13,37,9,5.0
Vallegrande,2026-08-17 06:00:00,83,0.0,13,35,56,3.4
Vallegrande,2026-08-17 06:00:00,86,0.0,11,36,103,1.9
Vallegrande,2026-08-17 06:00:00,89,0.0,9,36,174,1.3
Vallegrande,2026-08-17 06:00:00,92,0.0,6,36,242,0.7
Viacha,2026-08-17 06:00:00,2,1.6,5,89,70,2.4
Viacha,2026-08-17 06:00:00,5,1.4,9,89,53,5.4
Viacha,2026-08-17 06:00:00,8,0.0,14,56,35,8.4
Viacha,2026-08-17 06:00:00,11,0.0,14,56,50,6.6
Viacha,2026-08-17 06:00:00,14,2.4,10,89,58,4.8
Viacha,2026-08-17 06:00:00,17,2.1,7,89,50,4.4
Viacha,2026-08-17 06:00:00,20,1.7,3,89,39,4.1
Viacha,2026-08-17 06:00:00,23,1.1,3,90,37,2.7
Viacha,2026-08-17 06:00:00,26,2.0,6,89,47,2.3
Viacha,2026-08-17 06:00:00,29,2.2,9,89,360,6.7
Viacha,2026-08-17 06:00:00,32,0.0,11,56,304,11.0
Viacha,2026-08-17 06:00:00,35,0.0,11,56,7,7.2
Viacha,2026-08-17 06:00:00,38,0.0,8,56,63,3.4
Viacha,2026-08-17 06:00:00,41,0.0,5,56,87,2.8
Viacha,2026-08-17 06:00:00,44,0.0,2,56,110,2.2
Viacha,2026-08-17 06:00:00,47,0.0,2,56,32,1.5
Viacha,2026-08-17 06:00:00,50,0.0,5,56,0,2.2
Viacha,2026-08-17 06:00:00,53,0.0,9,56,324,4.7
Viacha,2026-08-17 06:00:00,56,1.5,13,89,278,7.3
Viacha,2026-08-17 06:00:00,59,1.8,13,89,244,4.9
Viacha,2026-08-17 06:00:00,62,2.0,8,89,206,2.5
Viacha,2026-08-17 06:00:00,65,3.0,4,89,242,1.8
Viacha,2026-08-17 06:00:00,68,0.0,1,26,273,1.1
Viacha,2026-08-17 06:00:00,71,0.0,1,26,325,1.5
Viacha,2026-08-17 06:00:00,74,0.0,6,27,303,2.2
Viacha,2026-08-17 06:00:00,77,0.0,10,26,304,4.0
Viacha,2026-08-17 06:00:00,80,0.0,14,25,299,5.8
Viacha,2026-08-17 06:00:00,83,0.0,14,26,307,3.8
Viacha,2026-08-17 06:00:00,86,0.0,10,36,122,1.8
Viacha,2026-08-17 06:00:00,89,0.0,7,36,134,1.6
Viacha,2026-08-17 06:00:00,92,0.0,2,36,141,1.5
Villa Rivero,2026-08-17 06:00:00,2,0.0,10,57,7,3.3
Villa Rivero,2026-08-17 06:00:00,5,0.0,14,56,360,4.6
Villa Rivero,2026-08-17 06:00:00,8,0.0,18,57,349,5.7
Villa Rivero,2026-08-17 06:00:00,11,0.0,18,57,357,4.4
Villa Rivero,2026-08-17 06:00:00,14,0.0,13,56,357,3.1
Villa Rivero,2026-08-17 06:00:00,17,0.0,11,56,7,3.1
Villa Rivero,2026-08-17 06:00:00,20,0.0,7,56,7,3.3
Villa Rivero,2026-08-17 06:00:00,23,0.0,7,55,359,4.0
Villa Rivero,2026-08-17 06:00:00,26,0.0,11,57,339,4.2
Villa Rivero,2026-08-17 06:00:00,29,0.0,13,56,340,5.2
Villa Rivero,2026-08-17 06:00:00,32,0.0,17,56,340,6.1
Villa Rivero,2026-08-17 06:00:00,35,0.0,17,57,347,4.8
Villa Rivero,2026-08-17 06:00:00,38,0.0,12,36,347,3.5
Villa Rivero,2026-08-17 06:00:00,41,0.0,9,35,356,3.6
Villa Rivero,2026-08-17 06:00:00,44,0.0,7,56,356,3.6
Villa Rivero,2026-08-17 06:00:00,47,0.0,6,56,335,4.2
Villa Rivero,2026-08-17 06:00:00,50,0.0,10,55,335,4.5
Villa Rivero,2026-08-17 06:00:00,53,0.0,13,56,337,4.9
Villa Rivero,2026-08-17 06:00:00,56,0.0,16,36,339,5.2
Villa Rivero,2026-08-17 06:00:00,59,0.0,16,36,347,4.3
Villa Rivero,2026-08-17 06:00:00,62,0.0,13,36,345,3.3
Villa Rivero,2026-08-17 06:00:00,65,0.0,11,36,347,3.6
Villa Rivero,2026-08-17 06:00:00,68,0.0,4,26,346,4.0
Villa Rivero,2026-08-17 06:00:00,71,0.0,4,26,345,4.5
Villa Rivero,2026-08-17 06:00:00,74,0.0,10,25,335,4.7
Villa Rivero,2026-08-17 06:00:00,77,0.0,13,26,320,4.7
Villa Rivero,2026-08-17 06:00:00,80,0.0,18,36,302,4.5
Villa Rivero,2026-08-17 06:00:00,83,0.0,18,36,327,3.9
Villa Rivero,2026-08-17 06:00:00,86,0.0,12,26,345,3.3
Villa Rivero,2026-08-17 06:00:00,89,0.0,10,26,325,3.4
Villa Rivero,2026-08-17 06:00:00,92,0.0,5,26,302,3.5
Villamontes,2026-08-17 06:00:00,2,0.0,19,56,135,1.6
Villamontes,2026-08-17 06:00:00,5,0.0,21,56,114,2.2
Villamontes,2026-08-17 06:00:00,8,0.0,25,56,90,2.8
Villamontes,2026-08-17 06:00:00,11,0.0,25,56,130,3.8
Villamontes,2026-08-17 06:00:00,14,1.8,22,89,168,4.8
Villamontes,2026-08-17 06:00:00,17,1.7,18,89,174,3.9
Villamontes,2026-08-17 06:00:00,20,1.8,13,89,174,2.9
Villamontes,2026-08-17 06:00:00,23,1.4,13,89,171,2.6
Villamontes,2026-08-17 06:00:00,26,2.1,16,89,167,2.5
Villamontes,2026-08-17 06:00:00,29,1.5,18,89,171,3.0
Villamontes,2026-08-17 06:00:00,32,0.0,20,56,168,3.5
Villamontes,2026-08-17 06:00:00,35,0.0,20,56,178,3.3
Villamontes,2026-08-17 06:00:00,38,0.0,18,56,178,2.9
Villamontes,2026-08-17 06:00:00,41,0.0,16,56,174,2.7
Villamontes,2026-08-17 06:00:00,44,0.0,12,56,164,2.4
Villamontes,2026-08-17 06:00:00,47,0.0,12,56,180,1.1
Villamontes,2026-08-17 06:00:00,50,0.0,15,56,161,1.3
Villamontes,2026-08-17 06:00:00,53,0.0,17,56,167,1.8
Villamontes,2026-08-17 06:00:00,56,2.2,20,89,167,2.3
Villamontes,2026-08-17 06:00:00,59,3.2,20,89,177,2.2
Villamontes,2026-08-17 06:00:00,62,3.6,18,88,179,2.1
Villamontes,2026-08-17 06:00:00,65,2.8,15,89,229,1.7
Villamontes,2026-08-17 06:00:00,68,0.0,12,36,276,1.2
Villamontes,2026-08-17 06:00:00,71,0.0,12,36,229,1.1
Villamontes,2026-08-17 06:00:00,74,0.0,15,36,147,0.8
Villamontes,2026-08-17 06:00:00,77,0.0,18,36,134,1.0
Villamontes,2026-08-17 06:00:00,80,0.0,22,36,116,1.1
Villamontes,2026-08-17 06:00:00,83,0.0,22,36,60,1.3
Villamontes,2026-08-17 06:00:00,86,0.0,19,36,316,1.4
Villamontes,2026-08-17 06:00:00,89,0.0,17,36,314,1.7
Villamontes,2026-08-17 06:00:00,92,0.0,13,36,310,1.9
Yacuiba,2026-08-17 06:00:00,2,0.0,14,56,223,3.1
Yacuiba,2026-08-17 06:00:00,5,0.0,18,56,161,3.3
Yacuiba,2026-08-17 06:00:00,8,0.0,20,56,94,3.7
Yacuiba,2026-08-17 06:00:00,11,0.0,20,56,150,3.8
Yacuiba,2026-08-17 06:00:00,14,1.5,18,89,197,3.9
Yacuiba,2026-08-17 06:00:00,17,0.7,15,89,200,3.5
Yacuiba,2026-08-17 06:00:00,20,1.3,9,89,197,3.2
Yacuiba,2026-08-17 06:00:00,23,1.8,9,90,197,2.7
Yacuiba,2026-08-17 06:00:00,26,1.9,13,89,185,2.3
Yacuiba,2026-08-17 06:00:00,29,1.3,15,89,187,2.7
Yacuiba,2026-08-17 06:00:00,32,0.0,16,56,190,3.1
Yacuiba,2026-08-17 06:00:00,35,0.0,16,56,200,3.0
Yacuiba,2026-08-17 06:00:00,38,0.0,14,56,203,2.7
Yacuiba,2026-08-17 06:00:00,41,0.0,12,56,203,2.8
Yacuiba,2026-08-17 06:00:00,44,0.0,8,55,200,2.8
Yacuiba,2026-08-17 06:00:00,47,0.0,8,55,224,2.1
Yacuiba,2026-08-17 06:00:00,50,0.0,13,55,204,2.0
Yacuiba,2026-08-17 06:00:00,53,0.0,15,55,198,2.1
Yacuiba,2026-08-17 06:00:00,56,3.2,17,89,187,2.2
Yacuiba,2026-08-17 06:00:00,59,3.2,17,89,197,2.0
Yacuiba,2026-08-17 06:00:00,62,3.2,16,89,204,1.8
Yacuiba,2026-08-17 06:00:00,65,3.2,13,89,247,1.7
Yacuiba,2026-08-17 06:00:00,68,0.0,9,36,283,1.5
Yacuiba,2026-08-17 06:00:00,71,0.0,9,36,302,0.8
Yacuiba,2026-08-17 06:00:00,74,0.0,12,36,322,0.4
Yacuiba,2026-08-17 06:00:00,77,0.0,15,36,17,1.1
Yacuiba,2026-08-17 06:00:00,80,0.0,19,36,70,1.9
Yacuiba,2026-08-17 06:00:00,83,0.0,19,36,24,2.0
Yacuiba,2026-08-17 06:00:00,86,0.0,16,36,337,2.1
Yacuiba,2026-08-17 06:00:00,89,0.0,12,36,326,1.9
Yacuiba,2026-08-17 06:00:00,92,0.0,10,36,313,1.7
Yesera Norte,2026-08-17 06:00:00,2,0.0,15,37,19,3.4
Yesera Norte,2026-08-17 06:00:00,5,0.0,19,37,30,5.2
Yesera Norte,2026-08-17 06:00:00,8,0.0,25,57,31,6.9
Yesera Norte,2026-08-17 06:00:00,11,0.0,25,57,81,4.0
Yesera Norte,2026-08-17 06:00:00,14,2.0,18,89,121,1.2
Yesera Norte,2026-08-17 06:00:00,17,2.1,12,89,81,1.6
Yesera Norte,2026-08-17 06:00:00,20,0.0,8,56,40,2.1
Yesera Norte,2026-08-17 06:00:00,23,0.0,8,56,10,4.0
Yesera Norte,2026-08-17 06:00:00,26,0.0,12,56,350,5.5
Yesera Norte,2026-08-17 06:00:00,29,0.0,17,57,29,5.2
Yesera Norte,2026-08-17 06:00:00,32,0.0,20,57,59,4.9
Yesera Norte,2026-08-17 06:00:00,35,0.0,20,56,30,3.7
Yesera Norte,2026-08-17 06:00:00,38,0.0,16,57,359,2.6
Yesera Norte,2026-08-17 06:00:00,41,0.0,10,56,10,2.9
Yesera Norte,2026-08-17 06:00:00,44,0.0,6,56,20,3.3
Yesera Norte,2026-08-17 06:00:00,47,0.0,6,56,49,2.5
Yesera Norte,2026-08-17 06:00:00,50,0.0,10,56,69,2.2
Yesera Norte,2026-08-17 06:00:00,53,0.0,15,56,79,2.6
Yesera Norte,2026-08-17 06:00:00,56,4.4,21,89,79,3.0
Yesera Norte,2026-08-17 06:00:00,59,4.4,21,89,70,2.4
Yesera Norte,2026-08-17 06:00:00,62,0.0,16,56,51,1.9
Yesera Norte,2026-08-17 06:00:00,65,0.0,12,56,40,1.8
Yesera Norte,2026-08-17 06:00:00,68,0.0,5,26,28,1.5
Yesera Norte,2026-08-17 06:00:00,71,0.0,6,26,339,1.9
Yesera Norte,2026-08-17 06:00:00,74,0.0,11,26,1,1.8
Yesera Norte,2026-08-17 06:00:00,77,0.0,16,26,59,2.6
Yesera Norte,2026-08-17 06:00:00,80,0.0,24,36,108,3.3
Yesera Norte,2026-08-17 06:00:00,83,0.0,24,36,39,2.3
Yesera Norte,2026-08-17 06:00:00,86,0.0,16,26,323,1.1
Yesera Norte,2026-08-17 06:00:00,89,0.0,12,26,305,1.3
Yesera Norte,2026-08-17 06:00:00,92,0.0,7,25,278,1.5
