estacion,fecha,fecha_diff,precipitacion,temperatura,humedad_relativa,vientos,vi
Anzaldo,2026-09-07 11:00:00,3,0.0,23,56,302,2.0
Anzaldo,2026-09-07 11:00:00,6,0.0,23,56,13,1.9
Anzaldo,2026-09-07 11:00:00,9,0.0,17,36,81,1.8
Anzaldo,2026-09-07 11:00:00,12,0.0,13,36,33,2.2
Anzaldo,2026-09-07 11:00:00,15,0.0,8,57,344,2.6
Anzaldo,2026-09-07 11:00:00,18,0.0,8,57,342,3.3
Anzaldo,2026-09-07 11:00:00,21,0.0,12,56,338,3.3
Anzaldo,2026-09-07 11:00:00,24,0.0,16,56,338,4.2
Anzaldo,2026-09-07 11:00:00,27,1.7,22,76,328,5.0
Anzaldo,2026-09-07 11:00:00,30,1.3,22,76,288,3.5
Anzaldo,2026-09-07 11:00:00,33,0.0,16,57,247,1.9
Anzaldo,2026-09-07 11:00:00,36,0.0,13,57,298,2.4
Anzaldo,2026-09-07 11:00:00,39,0.0,8,56,341,2.9
Anzaldo,2026-09-07 11:00:00,42,0.0,8,36,351,3.0
Anzaldo,2026-09-07 11:00:00,45,0.0,12,36,348,2.9
Anzaldo,2026-09-07 11:00:00,48,0.0,17,36,338,3.3
Anzaldo,2026-09-07 11:00:00,51,1.4,23,76,324,3.6
Anzaldo,2026-09-07 11:00:00,54,1.8,23,76,355,3.3
Anzaldo,2026-09-07 11:00:00,57,0.0,16,36,18,2.9
Anzaldo,2026-09-07 11:00:00,60,0.0,12,36,6,2.9
Anzaldo,2026-09-07 11:00:00,63,0.0,9,56,351,2.8
Anzaldo,2026-09-07 11:00:00,66,0.0,9,57,318,3.1
Anzaldo,2026-09-07 11:00:00,69,0.0,12,56,348,4.1
Anzaldo,2026-09-07 11:00:00,72,0.0,14,56,353,5.1
Anzaldo,2026-09-07 11:00:00,75,1.8,23,76,356,6.2
Anzaldo,2026-09-07 11:00:00,78,1.5,22,76,352,4.3
Anzaldo,2026-09-07 11:00:00,81,0.0,13,56,340,2.4
Anzaldo,2026-09-07 11:00:00,84,0.0,10,56,350,3.2
Anzaldo,2026-09-07 11:00:00,87,0.0,9,27,352,4.0
Anzaldo,2026-09-07 11:00:00,90,0.0,10,26,352,3.6
Anzaldo,2026-09-07 11:00:00,93,0.0,11,27,342,3.4
Anzaldo,2026-09-07 11:00:00,96,0.0,15,26,334,4.0
Anzaldo,2026-09-07 11:00:00,99,0.0,19,36,324,4.5
Anzaldo,2026-09-07 11:00:00,102,0.0,17,36,355,3.6
Anzaldo,2026-09-07 11:00:00,105,0.0,14,26,22,2.7
Anzaldo,2026-09-07 11:00:00,108,0.0,12,25,32,2.1
Anzaldo,2026-09-07 11:00:00,111,0.0,10,25,38,1.5
Apolo Chupiluzani,2026-09-07 11:00:00,3,0.0,26,56,11,1.3
Apolo Chupiluzani,2026-09-07 11:00:00,6,0.0,26,56,46,1.0
Apolo Chupiluzani,2026-09-07 11:00:00,9,0.0,23,37,82,0.5
Apolo Chupiluzani,2026-09-07 11:00:00,12,0.0,20,36,18,0.7
Apolo Chupiluzani,2026-09-07 11:00:00,15,0.0,11,36,315,0.9
Apolo Chupiluzani,2026-09-07 11:00:00,18,0.0,11,36,339,0.8
Apolo Chupiluzani,2026-09-07 11:00:00,21,0.0,18,36,340,0.5
Apolo Chupiluzani,2026-09-07 11:00:00,24,0.0,21,36,0,1.7
Apolo Chupiluzani,2026-09-07 11:00:00,27,1.9,27,90,12,2.8
Apolo Chupiluzani,2026-09-07 11:00:00,30,2.2,27,89,297,1.8
Apolo Chupiluzani,2026-09-07 11:00:00,33,0.0,24,57,218,0.7
Apolo Chupiluzani,2026-09-07 11:00:00,36,0.0,21,56,274,0.9
Apolo Chupiluzani,2026-09-07 11:00:00,39,0.0,12,36,321,1.0
Apolo Chupiluzani,2026-09-07 11:00:00,42,0.0,12,56,332,1.0
Apolo Chupiluzani,2026-09-07 11:00:00,45,0.0,21,56,323,0.9
Apolo Chupiluzani,2026-09-07 11:00:00,48,0.0,24,56,350,1.6
Apolo Chupiluzani,2026-09-07 11:00:00,51,0.0,28,36,12,2.5
Apolo Chupiluzani,2026-09-07 11:00:00,54,0.0,28,36,65,1.7
Apolo Chupiluzani,2026-09-07 11:00:00,57,0.0,22,57,139,1.0
Apolo Chupiluzani,2026-09-07 11:00:00,60,0.0,19,56,167,0.8
Apolo Chupiluzani,2026-09-07 11:00:00,63,0.0,13,56,185,0.7
Apolo Chupiluzani,2026-09-07 11:00:00,66,0.0,13,56,316,1.1
Apolo Chupiluzani,2026-09-07 11:00:00,69,0.0,19,56,306,1.3
Apolo Chupiluzani,2026-09-07 11:00:00,72,0.0,22,57,333,2.1
Apolo Chupiluzani,2026-09-07 11:00:00,75,1.2,28,89,0,3.0
Apolo Chupiluzani,2026-09-07 11:00:00,78,1.6,28,89,285,2.2
Apolo Chupiluzani,2026-09-07 11:00:00,81,1.0,19,89,207,1.5
Apolo Chupiluzani,2026-09-07 11:00:00,84,1.0,18,89,273,1.4
Apolo Chupiluzani,2026-09-07 11:00:00,87,0.0,14,36,330,1.2
Apolo Chupiluzani,2026-09-07 11:00:00,90,0.0,14,35,301,1.2
Apolo Chupiluzani,2026-09-07 11:00:00,93,0.0,18,36,265,0.7
Apolo Chupiluzani,2026-09-07 11:00:00,96,0.0,23,36,311,1.7
Apolo Chupiluzani,2026-09-07 11:00:00,99,0.0,27,56,350,2.7
Apolo Chupiluzani,2026-09-07 11:00:00,102,0.0,27,56,350,1.9
Apolo Chupiluzani,2026-09-07 11:00:00,105,0.0,19,56,346,1.0
Apolo Chupiluzani,2026-09-07 11:00:00,108,0.0,14,56,354,0.9
Apolo Chupiluzani,2026-09-07 11:00:00,111,0.0,14,56,353,1.0
Ascencion de Guarayos,2026-09-07 11:00:00,3,0.0,31,37,170,1.5
Ascencion de Guarayos,2026-09-07 11:00:00,6,0.0,31,36,160,1.1
Ascencion de Guarayos,2026-09-07 11:00:00,9,0.0,28,26,149,0.7
Ascencion de Guarayos,2026-09-07 11:00:00,12,0.0,24,26,170,0.9
Ascencion de Guarayos,2026-09-07 11:00:00,15,0.0,19,36,180,1.1
Ascencion de Guarayos,2026-09-07 11:00:00,18,0.0,19,36,134,0.5
Ascencion de Guarayos,2026-09-07 11:00:00,21,0.0,24,36,69,0.3
Ascencion de Guarayos,2026-09-07 11:00:00,24,0.0,27,36,14,1.5
Ascencion de Guarayos,2026-09-07 11:00:00,27,0.0,33,36,310,2.8
Ascencion de Guarayos,2026-09-07 11:00:00,30,0.0,33,36,320,2.0
Ascencion de Guarayos,2026-09-07 11:00:00,33,0.0,28,26,330,1.3
Ascencion de Guarayos,2026-09-07 11:00:00,36,0.0,25,26,320,1.0
Ascencion de Guarayos,2026-09-07 11:00:00,39,0.0,20,36,300,0.8
Ascencion de Guarayos,2026-09-07 11:00:00,42,0.0,20,36,334,1.1
Ascencion de Guarayos,2026-09-07 11:00:00,45,0.0,27,36,340,1.5
Ascencion de Guarayos,2026-09-07 11:00:00,48,0.0,31,36,330,2.2
Ascencion de Guarayos,2026-09-07 11:00:00,51,0.0,34,35,320,2.9
Ascencion de Guarayos,2026-09-07 11:00:00,54,0.0,34,36,340,2.4
Ascencion de Guarayos,2026-09-07 11:00:00,57,0.0,29,36,360,1.9
Ascencion de Guarayos,2026-09-07 11:00:00,60,0.0,24,36,20,1.7
Ascencion de Guarayos,2026-09-07 11:00:00,63,0.0,19,36,30,1.6
Ascencion de Guarayos,2026-09-07 11:00:00,66,0.0,19,36,1,2.1
Ascencion de Guarayos,2026-09-07 11:00:00,69,0.0,26,35,341,2.0
Ascencion de Guarayos,2026-09-07 11:00:00,72,0.0,29,36,340,2.3
Ascencion de Guarayos,2026-09-07 11:00:00,75,0.0,35,56,330,2.7
Ascencion de Guarayos,2026-09-07 11:00:00,78,0.0,35,56,350,2.2
Ascencion de Guarayos,2026-09-07 11:00:00,81,0.0,31,36,10,1.6
Ascencion de Guarayos,2026-09-07 11:00:00,84,0.0,19,36,315,1.2
Ascencion de Guarayos,2026-09-07 11:00:00,87,0.0,19,25,251,0.8
Ascencion de Guarayos,2026-09-07 11:00:00,90,0.0,29,25,10,2.0
Ascencion de Guarayos,2026-09-07 11:00:00,93,0.0,31,26,360,2.7
Ascencion de Guarayos,2026-09-07 11:00:00,96,0.0,36,26,340,3.2
Ascencion de Guarayos,2026-09-07 11:00:00,99,0.0,41,36,320,3.7
Ascencion de Guarayos,2026-09-07 11:00:00,102,0.0,36,36,358,2.2
Ascencion de Guarayos,2026-09-07 11:00:00,105,0.0,31,36,37,0.5
Ascencion de Guarayos,2026-09-07 11:00:00,108,0.0,29,36,33,0.9
Ascencion de Guarayos,2026-09-07 11:00:00,111,0.0,27,25,30,1.3
Baures,2026-09-07 11:00:00,3,0.0,31,37,130,2.3
Baures,2026-09-07 11:00:00,6,0.0,31,36,121,1.8
Baures,2026-09-07 11:00:00,9,0.0,27,36,106,1.2
Baures,2026-09-07 11:00:00,12,0.0,23,37,155,1.7
Baures,2026-09-07 11:00:00,15,0.0,19,37,194,2.2
Baures,2026-09-07 11:00:00,18,0.0,19,37,180,1.4
Baures,2026-09-07 11:00:00,21,0.0,26,36,140,1.3
Baures,2026-09-07 11:00:00,24,0.0,29,36,60,2.2
Baures,2026-09-07 11:00:00,27,0.0,32,36,330,3.1
Baures,2026-09-07 11:00:00,30,0.0,32,36,290,2.3
Baures,2026-09-07 11:00:00,33,0.0,28,36,241,1.5
Baures,2026-09-07 11:00:00,36,0.0,24,36,271,1.7
Baures,2026-09-07 11:00:00,39,0.0,21,35,300,2.0
Baures,2026-09-07 11:00:00,42,0.0,21,26,345,2.1
Baures,2026-09-07 11:00:00,45,0.0,27,26,330,2.2
Baures,2026-09-07 11:00:00,48,0.0,31,26,330,3.4
Baures,2026-09-07 11:00:00,51,0.0,34,26,325,4.4
Baures,2026-09-07 11:00:00,54,0.0,34,26,360,3.7
Baures,2026-09-07 11:00:00,57,0.0,29,37,30,2.9
Baures,2026-09-07 11:00:00,60,0.0,25,36,30,2.7
Baures,2026-09-07 11:00:00,63,0.0,21,36,30,2.4
Baures,2026-09-07 11:00:00,66,0.0,21,37,6,2.8
Baures,2026-09-07 11:00:00,69,0.0,26,37,350,3.9
Baures,2026-09-07 11:00:00,72,0.0,31,36,340,4.4
Baures,2026-09-07 11:00:00,75,0.0,34,56,320,5.0
Baures,2026-09-07 11:00:00,78,0.0,34,56,350,4.5
Baures,2026-09-07 11:00:00,81,0.0,31,37,20,3.9
Baures,2026-09-07 11:00:00,84,0.0,26,37,300,3.4
Baures,2026-09-07 11:00:00,87,0.0,21,36,219,2.8
Baures,2026-09-07 11:00:00,90,0.0,21,36,328,2.1
Baures,2026-09-07 11:00:00,93,0.0,26,35,350,2.8
Baures,2026-09-07 11:00:00,96,0.0,29,36,330,4.0
Baures,2026-09-07 11:00:00,99,0.0,34,56,300,5.2
Baures,2026-09-07 11:00:00,102,0.0,34,56,330,4.4
Baures,2026-09-07 11:00:00,105,0.0,30,36,0,3.7
Baures,2026-09-07 11:00:00,108,0.0,21,36,350,2.6
Baures,2026-09-07 11:00:00,111,0.0,21,37,336,1.5
Bolpebra - PD,2026-09-07 11:00:00,3,0.0,30,56,196,2.5
Bolpebra - PD,2026-09-07 11:00:00,6,0.0,30,56,218,1.8
Bolpebra - PD,2026-09-07 11:00:00,9,0.0,26,56,234,1.2
Bolpebra - PD,2026-09-07 11:00:00,12,0.0,23,56,224,1.1
Bolpebra - PD,2026-09-07 11:00:00,15,0.0,19,56,210,1.1
Bolpebra - PD,2026-09-07 11:00:00,18,0.0,19,56,220,0.8
Bolpebra - PD,2026-09-07 11:00:00,21,0.0,23,56,210,0.5
Bolpebra - PD,2026-09-07 11:00:00,24,0.0,25,56,257,1.0
Bolpebra - PD,2026-09-07 11:00:00,27,0.0,28,36,302,1.4
Bolpebra - PD,2026-09-07 11:00:00,30,0.0,28,37,298,1.1
Bolpebra - PD,2026-09-07 11:00:00,33,0.0,26,36,285,0.7
Bolpebra - PD,2026-09-07 11:00:00,36,0.0,24,36,282,1.1
Bolpebra - PD,2026-09-07 11:00:00,39,0.0,22,36,270,1.5
Bolpebra - PD,2026-09-07 11:00:00,42,0.0,22,26,274,1.3
Bolpebra - PD,2026-09-07 11:00:00,45,0.0,24,27,280,1.5
Bolpebra - PD,2026-09-07 11:00:00,48,0.0,27,26,310,1.8
Bolpebra - PD,2026-09-07 11:00:00,51,0.0,30,36,330,2.1
Bolpebra - PD,2026-09-07 11:00:00,54,0.0,30,36,318,1.7
Bolpebra - PD,2026-09-07 11:00:00,57,0.0,27,26,300,1.3
Bolpebra - PD,2026-09-07 11:00:00,60,0.0,24,26,302,1.5
Bolpebra - PD,2026-09-07 11:00:00,63,0.0,22,36,300,1.6
Bolpebra - PD,2026-09-07 11:00:00,66,0.0,22,36,300,1.7
Bolpebra - PD,2026-09-07 11:00:00,69,0.0,25,36,300,1.8
Bolpebra - PD,2026-09-07 11:00:00,72,0.0,28,36,310,2.0
Bolpebra - PD,2026-09-07 11:00:00,75,0.0,31,56,320,2.2
Bolpebra - PD,2026-09-07 11:00:00,78,0.0,31,56,350,2.0
Bolpebra - PD,2026-09-07 11:00:00,81,0.0,28,36,16,1.6
Bolpebra - PD,2026-09-07 11:00:00,84,0.0,25,37,356,1.5
Bolpebra - PD,2026-09-07 11:00:00,87,0.0,22,36,330,1.4
Bolpebra - PD,2026-09-07 11:00:00,90,0.0,22,36,300,1.6
Bolpebra - PD,2026-09-07 11:00:00,93,0.0,25,36,310,1.8
Bolpebra - PD,2026-09-07 11:00:00,96,0.0,28,37,320,2.2
Bolpebra - PD,2026-09-07 11:00:00,99,0.0,31,36,320,2.6
Bolpebra - PD,2026-09-07 11:00:00,102,0.0,31,36,346,2.0
Bolpebra - PD,2026-09-07 11:00:00,105,0.0,26,36,6,1.4
Bolpebra - PD,2026-09-07 11:00:00,108,0.0,22,36,360,1.4
Bolpebra - PD,2026-09-07 11:00:00,111,0.0,22,36,350,1.3
Bulo Bulo,2026-09-07 11:00:00,3,0.0,28,36,2,1.5
Bulo Bulo,2026-09-07 11:00:00,6,0.0,28,36,89,1.4
Bulo Bulo,2026-09-07 11:00:00,9,0.0,25,36,168,1.3
Bulo Bulo,2026-09-07 11:00:00,12,0.0,23,36,178,1.3
Bulo Bulo,2026-09-07 11:00:00,15,0.0,18,37,188,1.2
Bulo Bulo,2026-09-07 11:00:00,18,0.0,18,36,242,0.6
Bulo Bulo,2026-09-07 11:00:00,21,0.0,23,37,272,0.4
Bulo Bulo,2026-09-07 11:00:00,24,0.0,25,36,292,2.0
Bulo Bulo,2026-09-07 11:00:00,27,0.0,30,37,310,3.5
Bulo Bulo,2026-09-07 11:00:00,30,0.0,30,36,282,2.7
Bulo Bulo,2026-09-07 11:00:00,33,0.0,25,36,244,1.8
Bulo Bulo,2026-09-07 11:00:00,36,0.0,23,36,244,1.5
Bulo Bulo,2026-09-07 11:00:00,39,0.0,19,36,244,1.3
Bulo Bulo,2026-09-07 11:00:00,42,0.0,19,36,264,1.0
Bulo Bulo,2026-09-07 11:00:00,45,0.0,24,36,286,0.8
Bulo Bulo,2026-09-07 11:00:00,48,0.0,26,35,302,2.5
Bulo Bulo,2026-09-07 11:00:00,51,0.0,32,36,310,4.3
Bulo Bulo,2026-09-07 11:00:00,54,0.0,32,36,282,3.0
Bulo Bulo,2026-09-07 11:00:00,57,0.0,25,36,244,1.8
Bulo Bulo,2026-09-07 11:00:00,60,0.0,21,36,267,1.4
Bulo Bulo,2026-09-07 11:00:00,63,0.0,19,56,280,0.9
Bulo Bulo,2026-09-07 11:00:00,66,0.0,19,56,334,0.9
Bulo Bulo,2026-09-07 11:00:00,69,0.0,25,56,8,0.9
Bulo Bulo,2026-09-07 11:00:00,72,0.0,30,56,348,1.7
Bulo Bulo,2026-09-07 11:00:00,75,0.0,31,56,318,2.5
Bulo Bulo,2026-09-07 11:00:00,78,0.0,31,57,300,2.3
Bulo Bulo,2026-09-07 11:00:00,81,1.2,21,89,272,2.0
Bulo Bulo,2026-09-07 11:00:00,84,1.2,19,89,282,1.8
Bulo Bulo,2026-09-07 11:00:00,87,0.0,19,36,284,1.6
Bulo Bulo,2026-09-07 11:00:00,90,0.0,26,35,262,1.8
Bulo Bulo,2026-09-07 11:00:00,93,0.0,28,35,282,1.7
Bulo Bulo,2026-09-07 11:00:00,96,0.0,33,35,292,3.0
Bulo Bulo,2026-09-07 11:00:00,99,1.7,38,88,300,4.4
Bulo Bulo,2026-09-07 11:00:00,102,1.7,34,88,272,2.8
Bulo Bulo,2026-09-07 11:00:00,105,0.0,30,36,244,1.1
Bulo Bulo,2026-09-07 11:00:00,108,0.0,28,36,180,1.3
Bulo Bulo,2026-09-07 11:00:00,111,0.0,26,35,106,1.4
Camargo,2026-09-07 11:00:00,3,0.0,28,36,278,2.3
Camargo,2026-09-07 11:00:00,6,0.0,28,35,354,2.8
Camargo,2026-09-07 11:00:00,9,0.0,19,37,62,3.2
Camargo,2026-09-07 11:00:00,12,0.0,12,36,358,2.3
Camargo,2026-09-07 11:00:00,15,0.0,5,36,294,1.4
Camargo,2026-09-07 11:00:00,18,0.0,5,36,302,1.7
Camargo,2026-09-07 11:00:00,21,0.0,13,36,263,1.9
Camargo,2026-09-07 11:00:00,24,0.0,16,35,289,2.0
Camargo,2026-09-07 11:00:00,27,0.0,30,56,307,2.2
Camargo,2026-09-07 11:00:00,30,0.0,30,56,299,3.9
Camargo,2026-09-07 11:00:00,33,0.0,20,36,283,5.6
Camargo,2026-09-07 11:00:00,36,0.0,12,37,293,3.8
Camargo,2026-09-07 11:00:00,39,0.0,5,36,303,2.0
Camargo,2026-09-07 11:00:00,42,0.0,5,27,251,2.3
Camargo,2026-09-07 11:00:00,45,0.0,12,27,279,2.9
Camargo,2026-09-07 11:00:00,48,0.0,18,27,279,6.2
Camargo,2026-09-07 11:00:00,51,0.0,29,36,270,9.5
Camargo,2026-09-07 11:00:00,54,0.0,29,37,280,7.0
Camargo,2026-09-07 11:00:00,57,0.0,15,36,280,4.4
Camargo,2026-09-07 11:00:00,60,0.0,8,35,353,2.8
Camargo,2026-09-07 11:00:00,63,0.0,6,55,59,1.3
Camargo,2026-09-07 11:00:00,66,0.0,6,55,300,2.8
Camargo,2026-09-07 11:00:00,69,0.0,11,56,288,2.6
Camargo,2026-09-07 11:00:00,72,0.0,16,56,290,5.3
Camargo,2026-09-07 11:00:00,75,0.0,27,56,290,8.0
Camargo,2026-09-07 11:00:00,78,0.0,27,56,298,6.1
Camargo,2026-09-07 11:00:00,81,0.0,14,56,306,4.2
Camargo,2026-09-07 11:00:00,84,0.0,6,56,306,3.8
Camargo,2026-09-07 11:00:00,87,0.0,6,25,303,3.5
Camargo,2026-09-07 11:00:00,90,0.0,9,27,307,4.3
Camargo,2026-09-07 11:00:00,93,0.0,11,26,290,4.6
Camargo,2026-09-07 11:00:00,96,0.0,16,25,280,6.8
Camargo,2026-09-07 11:00:00,99,0.0,21,26,268,9.2
Camargo,2026-09-07 11:00:00,102,0.0,17,26,339,6.5
Camargo,2026-09-07 11:00:00,105,0.0,13,36,43,3.8
Camargo,2026-09-07 11:00:00,108,0.0,10,36,59,3.2
Camargo,2026-09-07 11:00:00,111,0.0,8,26,75,2.6
Camiri,2026-09-07 11:00:00,3,0.0,25,26,78,2.4
Camiri,2026-09-07 11:00:00,6,0.0,25,26,57,1.8
Camiri,2026-09-07 11:00:00,9,0.0,23,26,29,1.1
Camiri,2026-09-07 11:00:00,12,0.0,19,25,333,0.9
Camiri,2026-09-07 11:00:00,15,0.0,16,26,273,0.8
Camiri,2026-09-07 11:00:00,18,0.0,16,27,297,0.7
Camiri,2026-09-07 11:00:00,21,0.0,19,25,310,0.5
Camiri,2026-09-07 11:00:00,24,0.0,23,26,350,2.2
Camiri,2026-09-07 11:00:00,27,0.0,28,36,20,4.0
Camiri,2026-09-07 11:00:00,30,0.0,28,36,330,2.5
Camiri,2026-09-07 11:00:00,33,0.0,25,26,271,1.0
Camiri,2026-09-07 11:00:00,36,0.0,21,27,260,1.3
Camiri,2026-09-07 11:00:00,39,0.0,16,26,247,1.6
Camiri,2026-09-07 11:00:00,42,0.0,16,26,270,1.3
Camiri,2026-09-07 11:00:00,45,0.0,21,26,270,1.0
Camiri,2026-09-07 11:00:00,48,0.0,27,26,340,2.0
Camiri,2026-09-07 11:00:00,51,0.0,31,26,40,3.0
Camiri,2026-09-07 11:00:00,54,0.0,31,26,321,2.3
Camiri,2026-09-07 11:00:00,57,0.0,25,36,229,1.6
Camiri,2026-09-07 11:00:00,60,0.0,18,35,249,1.5
Camiri,2026-09-07 11:00:00,63,0.0,16,56,267,1.4
Camiri,2026-09-07 11:00:00,66,0.0,16,56,230,0.8
Camiri,2026-09-07 11:00:00,69,0.0,21,56,272,0.7
Camiri,2026-09-07 11:00:00,72,0.0,26,55,333,2.5
Camiri,2026-09-07 11:00:00,75,0.0,29,56,30,4.3
Camiri,2026-09-07 11:00:00,78,0.0,29,57,332,2.9
Camiri,2026-09-07 11:00:00,81,0.0,22,55,217,1.5
Camiri,2026-09-07 11:00:00,84,0.0,16,56,237,1.4
Camiri,2026-09-07 11:00:00,87,0.0,16,26,247,1.2
Camiri,2026-09-07 11:00:00,90,0.0,21,26,300,1.4
Camiri,2026-09-07 11:00:00,93,0.0,23,26,300,1.5
Camiri,2026-09-07 11:00:00,96,0.0,32,26,7,1.8
Camiri,2026-09-07 11:00:00,99,0.0,40,37,64,2.1
Camiri,2026-09-07 11:00:00,102,0.0,32,37,127,3.5
Camiri,2026-09-07 11:00:00,105,0.0,25,56,180,5.0
Camiri,2026-09-07 11:00:00,108,0.0,22,57,180,4.2
Camiri,2026-09-07 11:00:00,111,0.0,20,26,170,3.3
Campanario,2026-09-07 11:00:00,3,0.0,17,26,324,6.3
Campanario,2026-09-07 11:00:00,6,0.0,17,26,14,4.2
Campanario,2026-09-07 11:00:00,9,0.0,11,26,54,2.1
Campanario,2026-09-07 11:00:00,12,0.0,6,26,66,2.1
Campanario,2026-09-07 11:00:00,15,0.0,1,36,228,2.1
Campanario,2026-09-07 11:00:00,18,0.0,1,36,258,2.4
Campanario,2026-09-07 11:00:00,21,0.0,6,36,254,2.9
Campanario,2026-09-07 11:00:00,24,0.0,10,36,280,6.4
Campanario,2026-09-07 11:00:00,27,0.0,18,36,300,10.0
Campanario,2026-09-07 11:00:00,30,0.0,18,36,5,6.8
Campanario,2026-09-07 11:00:00,33,0.0,11,36,65,3.6
Campanario,2026-09-07 11:00:00,36,0.0,7,36,354,2.6
Campanario,2026-09-07 11:00:00,39,0.0,0,36,276,1.6
Campanario,2026-09-07 11:00:00,42,0.0,0,26,268,2.3
Campanario,2026-09-07 11:00:00,45,0.0,7,26,256,3.2
Campanario,2026-09-07 11:00:00,48,0.0,11,26,273,7.1
Campanario,2026-09-07 11:00:00,51,0.0,17,26,283,11.1
Campanario,2026-09-07 11:00:00,54,0.0,17,26,355,6.6
Campanario,2026-09-07 11:00:00,57,0.0,9,26,66,2.0
Campanario,2026-09-07 11:00:00,60,0.0,4,26,70,1.6
Campanario,2026-09-07 11:00:00,63,0.0,1,56,68,1.1
Campanario,2026-09-07 11:00:00,66,0.0,1,56,330,2.6
Campanario,2026-09-07 11:00:00,69,0.0,9,57,290,3.7
Campanario,2026-09-07 11:00:00,72,0.0,14,56,300,8.1
Campanario,2026-09-07 11:00:00,75,0.0,16,56,300,12.5
Campanario,2026-09-07 11:00:00,78,0.0,16,56,300,9.2
Campanario,2026-09-07 11:00:00,81,0.0,12,36,293,5.9
Campanario,2026-09-07 11:00:00,84,0.0,1,36,304,4.2
Campanario,2026-09-07 11:00:00,87,0.0,1,26,310,2.5
Campanario,2026-09-07 11:00:00,90,0.0,7,26,280,4.3
Campanario,2026-09-07 11:00:00,93,0.0,8,26,270,4.6
Campanario,2026-09-07 11:00:00,96,0.0,13,26,280,7.7
Campanario,2026-09-07 11:00:00,99,0.0,19,26,290,10.8
Campanario,2026-09-07 11:00:00,102,0.0,14,25,6,7.0
Campanario,2026-09-07 11:00:00,105,0.0,8,36,79,3.1
Campanario,2026-09-07 11:00:00,108,0.0,7,36,63,2.9
Campanario,2026-09-07 11:00:00,111,0.0,5,26,43,2.6
Carura,2026-09-07 11:00:00,3,0.0,29,56,54,0.8
Carura,2026-09-07 11:00:00,6,0.0,29,56,341,0.7
Carura,2026-09-07 11:00:00,9,0.0,25,36,264,0.6
Carura,2026-09-07 11:00:00,12,0.0,22,36,271,0.7
Carura,2026-09-07 11:00:00,15,0.0,15,36,268,0.7
Carura,2026-09-07 11:00:00,18,0.0,15,36,285,0.6
Carura,2026-09-07 11:00:00,21,0.0,19,37,301,0.6
Carura,2026-09-07 11:00:00,24,0.0,22,36,2,1.0
Carura,2026-09-07 11:00:00,27,1.8,26,89,61,1.4
Carura,2026-09-07 11:00:00,30,2.2,26,89,351,1.3
Carura,2026-09-07 11:00:00,33,0.0,23,55,275,1.1
Carura,2026-09-07 11:00:00,36,0.0,20,56,283,1.0
Carura,2026-09-07 11:00:00,39,0.0,16,36,283,1.0
Carura,2026-09-07 11:00:00,42,0.0,16,56,273,0.8
Carura,2026-09-07 11:00:00,45,0.0,20,55,263,0.7
Carura,2026-09-07 11:00:00,48,0.0,23,56,199,0.9
Carura,2026-09-07 11:00:00,51,0.0,27,36,97,1.1
Carura,2026-09-07 11:00:00,54,0.0,27,36,150,1.1
Carura,2026-09-07 11:00:00,57,0.0,24,56,201,1.1
Carura,2026-09-07 11:00:00,60,0.0,20,56,229,0.9
Carura,2026-09-07 11:00:00,63,0.0,17,55,251,0.6
Carura,2026-09-07 11:00:00,66,0.0,17,57,282,0.8
Carura,2026-09-07 11:00:00,69,0.0,21,56,297,0.7
Carura,2026-09-07 11:00:00,72,0.0,24,56,30,0.9
Carura,2026-09-07 11:00:00,75,1.2,27,89,112,1.3
Carura,2026-09-07 11:00:00,78,1.4,27,89,170,0.9
Carura,2026-09-07 11:00:00,81,1.5,24,89,223,0.5
Carura,2026-09-07 11:00:00,84,1.5,21,89,255,0.6
Carura,2026-09-07 11:00:00,87,0.0,18,36,283,0.7
Carura,2026-09-07 11:00:00,90,0.0,18,36,272,0.9
Carura,2026-09-07 11:00:00,93,0.0,21,36,272,0.7
Carura,2026-09-07 11:00:00,96,0.0,23,36,345,0.7
Carura,2026-09-07 11:00:00,99,0.0,26,56,54,0.7
Carura,2026-09-07 11:00:00,102,0.0,26,56,21,0.9
Carura,2026-09-07 11:00:00,105,0.0,22,57,244,1.2
Carura,2026-09-07 11:00:00,108,0.0,18,57,258,1.1
Carura,2026-09-07 11:00:00,111,0.0,18,56,272,1.0
Chacala (INIAF),2026-09-07 11:00:00,3,0.0,16,36,270,7.9
Chacala (INIAF),2026-09-07 11:00:00,6,0.0,16,36,276,6.0
Chacala (INIAF),2026-09-07 11:00:00,9,0.0,9,26,273,4.1
Chacala (INIAF),2026-09-07 11:00:00,12,0.0,4,26,310,3.3
Chacala (INIAF),2026-09-07 11:00:00,15,0.0,-2,36,347,2.5
Chacala (INIAF),2026-09-07 11:00:00,18,0.0,-2,36,333,2.8
Chacala (INIAF),2026-09-07 11:00:00,21,0.0,5,36,322,2.7
Chacala (INIAF),2026-09-07 11:00:00,24,0.0,8,36,298,5.2
Chacala (INIAF),2026-09-07 11:00:00,27,0.0,15,37,270,7.7
Chacala (INIAF),2026-09-07 11:00:00,30,0.0,15,36,271,6.4
Chacala (INIAF),2026-09-07 11:00:00,33,0.0,9,36,268,5.0
Chacala (INIAF),2026-09-07 11:00:00,36,0.0,5,36,311,3.8
Chacala (INIAF),2026-09-07 11:00:00,39,0.0,-3,36,352,2.6
Chacala (INIAF),2026-09-07 11:00:00,42,0.0,-3,27,323,3.0
Chacala (INIAF),2026-09-07 11:00:00,45,0.0,4,26,300,3.4
Chacala (INIAF),2026-09-07 11:00:00,48,0.0,8,26,290,6.2
Chacala (INIAF),2026-09-07 11:00:00,51,0.0,15,26,273,8.9
Chacala (INIAF),2026-09-07 11:00:00,54,0.0,15,26,266,7.6
Chacala (INIAF),2026-09-07 11:00:00,57,0.0,7,26,256,6.3
Chacala (INIAF),2026-09-07 11:00:00,60,0.0,1,26,310,4.4
Chacala (INIAF),2026-09-07 11:00:00,63,0.0,-4,26,354,2.3
Chacala (INIAF),2026-09-07 11:00:00,66,0.0,-4,26,312,3.0
Chacala (INIAF),2026-09-07 11:00:00,69,0.0,2,26,335,2.8
Chacala (INIAF),2026-09-07 11:00:00,72,0.0,6,26,308,6.2
Chacala (INIAF),2026-09-07 11:00:00,75,0.0,15,26,276,9.6
Chacala (INIAF),2026-09-07 11:00:00,78,0.0,15,26,266,8.3
Chacala (INIAF),2026-09-07 11:00:00,81,0.0,5,26,256,7.1
Chacala (INIAF),2026-09-07 11:00:00,84,0.0,0,26,304,4.7
Chacala (INIAF),2026-09-07 11:00:00,87,0.0,-4,26,350,2.3
Chacala (INIAF),2026-09-07 11:00:00,90,0.0,-4,26,342,4.4
Chacala (INIAF),2026-09-07 11:00:00,93,0.0,2,26,342,5.7
Chacala (INIAF),2026-09-07 11:00:00,96,0.0,7,26,310,7.1
Chacala (INIAF),2026-09-07 11:00:00,99,0.0,15,26,275,8.5
Chacala (INIAF),2026-09-07 11:00:00,102,0.0,15,26,268,5.7
Chacala (INIAF),2026-09-07 11:00:00,105,0.0,7,27,256,2.8
Chacala (INIAF),2026-09-07 11:00:00,108,0.0,-4,26,310,2.8
Chacala (INIAF),2026-09-07 11:00:00,111,0.0,-4,26,355,2.7
Charazani,2026-09-07 11:00:00,3,0.0,19,55,69,2.7
Charazani,2026-09-07 11:00:00,6,0.0,19,55,69,2.3
Charazani,2026-09-07 11:00:00,9,0.0,14,56,59,2.0
Charazani,2026-09-07 11:00:00,12,0.0,9,55,343,1.4
Charazani,2026-09-07 11:00:00,15,0.9,5,89,264,0.6
Charazani,2026-09-07 11:00:00,18,0.9,5,89,135,1.3
Charazani,2026-09-07 11:00:00,21,1.9,10,89,73,1.5
Charazani,2026-09-07 11:00:00,24,1.3,12,89,71,2.2
Charazani,2026-09-07 11:00:00,27,1.7,14,89,61,2.9
Charazani,2026-09-07 11:00:00,30,1.4,14,89,33,2.0
Charazani,2026-09-07 11:00:00,33,1.2,11,89,4,1.2
Charazani,2026-09-07 11:00:00,36,1.9,9,89,307,1.8
Charazani,2026-09-07 11:00:00,39,2.1,6,90,245,2.4
Charazani,2026-09-07 11:00:00,42,0.0,6,35,154,1.1
Charazani,2026-09-07 11:00:00,45,0.0,9,36,105,0.9
Charazani,2026-09-07 11:00:00,48,0.0,13,36,83,1.7
Charazani,2026-09-07 11:00:00,51,0.0,17,56,58,2.4
Charazani,2026-09-07 11:00:00,54,0.0,17,56,60,1.9
Charazani,2026-09-07 11:00:00,57,0.0,13,36,60,1.3
Charazani,2026-09-07 11:00:00,60,0.0,10,37,142,1.5
Charazani,2026-09-07 11:00:00,63,0.0,6,57,215,1.5
Charazani,2026-09-07 11:00:00,66,0.0,6,56,159,1.5
Charazani,2026-09-07 11:00:00,69,0.0,10,57,80,1.5
Charazani,2026-09-07 11:00:00,72,0.0,14,56,89,1.7
Charazani,2026-09-07 11:00:00,75,1.1,18,89,91,1.9
Charazani,2026-09-07 11:00:00,78,1.4,18,89,12,2.0
Charazani,2026-09-07 11:00:00,81,0.0,13,56,293,2.0
Charazani,2026-09-07 11:00:00,84,0.0,9,56,294,2.5
Charazani,2026-09-07 11:00:00,87,0.0,5,26,294,2.8
Charazani,2026-09-07 11:00:00,90,0.0,5,26,295,3.0
Charazani,2026-09-07 11:00:00,93,0.0,9,26,285,2.5
Charazani,2026-09-07 11:00:00,96,0.0,14,26,358,3.3
Charazani,2026-09-07 11:00:00,99,0.0,19,35,61,4.2
Charazani,2026-09-07 11:00:00,102,0.0,19,36,56,3.3
Charazani,2026-09-07 11:00:00,105,0.0,12,26,51,2.5
Charazani,2026-09-07 11:00:00,108,0.0,5,26,38,1.9
Charazani,2026-09-07 11:00:00,111,0.0,5,26,21,1.1
Chipaya,2026-09-07 11:00:00,3,0.0,20,35,146,1.8
Chipaya,2026-09-07 11:00:00,6,0.0,20,37,188,5.0
Chipaya,2026-09-07 11:00:00,9,0.0,11,36,220,8.2
Chipaya,2026-09-07 11:00:00,12,0.0,6,35,224,5.4
Chipaya,2026-09-07 11:00:00,15,0.0,2,55,224,2.6
Chipaya,2026-09-07 11:00:00,18,0.0,2,56,276,1.6
Chipaya,2026-09-07 11:00:00,21,0.0,7,56,338,0.8
Chipaya,2026-09-07 11:00:00,24,0.0,11,56,33,1.3
Chipaya,2026-09-07 11:00:00,27,0.0,18,56,175,1.7
Chipaya,2026-09-07 11:00:00,30,0.0,18,56,202,5.0
Chipaya,2026-09-07 11:00:00,33,0.0,12,56,220,8.4
Chipaya,2026-09-07 11:00:00,36,0.0,6,56,220,5.8
Chipaya,2026-09-07 11:00:00,39,0.0,1,56,220,3.2
Chipaya,2026-09-07 11:00:00,42,0.0,1,36,230,2.4
Chipaya,2026-09-07 11:00:00,45,0.0,7,36,240,2.2
Chipaya,2026-09-07 11:00:00,48,0.0,13,37,266,2.7
Chipaya,2026-09-07 11:00:00,51,0.0,19,36,282,3.3
Chipaya,2026-09-07 11:00:00,54,0.0,19,36,256,4.7
Chipaya,2026-09-07 11:00:00,57,0.0,11,36,230,6.3
Chipaya,2026-09-07 11:00:00,60,0.0,3,35,226,4.6
Chipaya,2026-09-07 11:00:00,63,0.0,0,56,216,3.0
Chipaya,2026-09-07 11:00:00,66,0.0,0,57,236,3.0
Chipaya,2026-09-07 11:00:00,69,0.0,5,55,236,2.5
Chipaya,2026-09-07 11:00:00,72,0.0,11,56,256,5.6
Chipaya,2026-09-07 11:00:00,75,0.0,20,37,270,8.6
Chipaya,2026-09-07 11:00:00,78,0.0,20,36,256,7.4
Chipaya,2026-09-07 11:00:00,81,0.0,9,56,236,6.2
Chipaya,2026-09-07 11:00:00,84,0.0,1,57,246,4.4
Chipaya,2026-09-07 11:00:00,87,0.0,-3,26,246,2.5
Chipaya,2026-09-07 11:00:00,90,0.0,-3,26,286,2.3
Chipaya,2026-09-07 11:00:00,93,0.0,3,26,320,2.2
Chipaya,2026-09-07 11:00:00,96,0.0,9,26,258,1.8
Chipaya,2026-09-07 11:00:00,99,0.0,19,26,197,1.4
Chipaya,2026-09-07 11:00:00,102,0.0,19,27,218,3.5
Chipaya,2026-09-07 11:00:00,105,0.0,10,26,230,5.4
Chipaya,2026-09-07 11:00:00,108,0.0,-3,26,246,3.8
Chipaya,2026-09-07 11:00:00,111,0.0,-3,27,256,2.1
Cobija,2026-09-07 11:00:00,3,0.0,30,56,76,2.3
Cobija,2026-09-07 11:00:00,6,0.0,30,56,51,2.0
Cobija,2026-09-07 11:00:00,9,0.0,25,56,260,1.6
Cobija,2026-09-07 11:00:00,12,0.0,23,56,230,1.5
Cobija,2026-09-07 11:00:00,15,0.0,19,56,200,1.5
Cobija,2026-09-07 11:00:00,18,0.0,19,56,187,0.8
Cobija,2026-09-07 11:00:00,21,0.0,24,56,157,0.5
Cobija,2026-09-07 11:00:00,24,0.0,28,57,240,0.9
Cobija,2026-09-07 11:00:00,27,0.0,32,36,320,1.2
Cobija,2026-09-07 11:00:00,30,0.0,32,36,324,1.0
Cobija,2026-09-07 11:00:00,33,0.0,29,36,323,0.9
Cobija,2026-09-07 11:00:00,36,0.0,25,36,310,0.9
Cobija,2026-09-07 11:00:00,39,0.0,22,36,290,1.0
Cobija,2026-09-07 11:00:00,42,0.0,22,26,310,1.3
Cobija,2026-09-07 11:00:00,45,0.0,26,26,340,1.1
Cobija,2026-09-07 11:00:00,48,0.0,31,26,340,1.5
Cobija,2026-09-07 11:00:00,51,0.0,34,36,330,2.0
Cobija,2026-09-07 11:00:00,54,0.0,34,35,310,1.9
Cobija,2026-09-07 11:00:00,57,0.0,30,26,290,1.7
Cobija,2026-09-07 11:00:00,60,0.0,25,26,300,1.6
Cobija,2026-09-07 11:00:00,63,0.0,22,36,300,1.5
Cobija,2026-09-07 11:00:00,66,0.0,22,36,310,1.8
Cobija,2026-09-07 11:00:00,69,0.0,27,37,300,2.1
Cobija,2026-09-07 11:00:00,72,0.0,32,36,320,2.5
Cobija,2026-09-07 11:00:00,75,0.0,35,56,340,2.8
Cobija,2026-09-07 11:00:00,78,0.0,35,56,340,2.0
Cobija,2026-09-07 11:00:00,81,0.0,29,36,340,1.2
Cobija,2026-09-07 11:00:00,84,0.0,25,36,340,1.4
Cobija,2026-09-07 11:00:00,87,0.0,22,36,340,1.5
Cobija,2026-09-07 11:00:00,90,0.0,22,36,310,1.6
Cobija,2026-09-07 11:00:00,93,0.0,28,36,320,2.0
Cobija,2026-09-07 11:00:00,96,0.0,32,36,330,2.1
Cobija,2026-09-07 11:00:00,99,0.0,35,36,330,2.2
Cobija,2026-09-07 11:00:00,102,0.0,35,36,340,1.9
Cobija,2026-09-07 11:00:00,105,0.0,29,36,350,1.5
Cobija,2026-09-07 11:00:00,108,0.0,22,36,350,1.5
Cobija,2026-09-07 11:00:00,111,0.0,22,35,340,1.5
Cochabamba - Aeropuerto,2026-09-07 11:00:00,3,0.0,28,56,35,2.6
Cochabamba - Aeropuerto,2026-09-07 11:00:00,6,0.0,28,56,348,2.0
Cochabamba - Aeropuerto,2026-09-07 11:00:00,9,0.0,22,36,295,1.3
Cochabamba - Aeropuerto,2026-09-07 11:00:00,12,0.0,17,36,272,1.5
Cochabamba - Aeropuerto,2026-09-07 11:00:00,15,0.0,13,57,247,1.7
Cochabamba - Aeropuerto,2026-09-07 11:00:00,18,0.0,13,55,302,1.4
Cochabamba - Aeropuerto,2026-09-07 11:00:00,21,0.0,19,56,344,1.0
Cochabamba - Aeropuerto,2026-09-07 11:00:00,24,0.0,23,56,3,1.8
Cochabamba - Aeropuerto,2026-09-07 11:00:00,27,2.0,27,77,19,2.7
Cochabamba - Aeropuerto,2026-09-07 11:00:00,30,0.6,27,76,317,2.2
Cochabamba - Aeropuerto,2026-09-07 11:00:00,33,0.0,21,56,249,1.7
Cochabamba - Aeropuerto,2026-09-07 11:00:00,36,0.0,17,56,248,1.7
Cochabamba - Aeropuerto,2026-09-07 11:00:00,39,0.0,14,56,238,1.8
Cochabamba - Aeropuerto,2026-09-07 11:00:00,42,0.0,14,36,267,1.5
Cochabamba - Aeropuerto,2026-09-07 11:00:00,45,0.0,16,36,292,1.3
Cochabamba - Aeropuerto,2026-09-07 11:00:00,48,0.0,22,36,292,1.5
Cochabamba - Aeropuerto,2026-09-07 11:00:00,51,1.7,27,75,290,1.7
Cochabamba - Aeropuerto,2026-09-07 11:00:00,54,1.4,27,76,276,1.9
Cochabamba - Aeropuerto,2026-09-07 11:00:00,57,0.0,20,36,262,2.0
Cochabamba - Aeropuerto,2026-09-07 11:00:00,60,0.0,16,36,249,1.9
Cochabamba - Aeropuerto,2026-09-07 11:00:00,63,0.0,14,56,233,1.7
Cochabamba - Aeropuerto,2026-09-07 11:00:00,66,0.0,15,56,228,2.2
Cochabamba - Aeropuerto,2026-09-07 11:00:00,69,0.0,16,56,208,2.1
Cochabamba - Aeropuerto,2026-09-07 11:00:00,72,0.0,17,57,228,1.7
Cochabamba - Aeropuerto,2026-09-07 11:00:00,75,1.9,27,77,239,1.3
Cochabamba - Aeropuerto,2026-09-07 11:00:00,78,0.9,27,76,251,1.5
Cochabamba - Aeropuerto,2026-09-07 11:00:00,81,0.0,17,56,255,1.9
Cochabamba - Aeropuerto,2026-09-07 11:00:00,84,0.0,14,56,249,2.0
Cochabamba - Aeropuerto,2026-09-07 11:00:00,87,0.0,15,26,235,2.2
Cochabamba - Aeropuerto,2026-09-07 11:00:00,90,0.0,14,26,257,1.9
Cochabamba - Aeropuerto,2026-09-07 11:00:00,93,0.0,15,26,262,1.4
Cochabamba - Aeropuerto,2026-09-07 11:00:00,96,0.0,18,26,323,2.0
Cochabamba - Aeropuerto,2026-09-07 11:00:00,99,0.0,21,36,20,2.6
Cochabamba - Aeropuerto,2026-09-07 11:00:00,102,0.0,17,36,319,2.3
Cochabamba - Aeropuerto,2026-09-07 11:00:00,105,0.0,14,26,251,2.1
Cochabamba - Aeropuerto,2026-09-07 11:00:00,108,0.0,14,26,246,2.2
Cochabamba - Aeropuerto,2026-09-07 11:00:00,111,0.0,13,26,233,2.4
Cochabamba - Sarco,2026-09-07 11:00:00,3,0.0,28,56,19,2.6
Cochabamba - Sarco,2026-09-07 11:00:00,6,0.0,28,56,13,2.4
Cochabamba - Sarco,2026-09-07 11:00:00,9,0.0,21,37,357,2.0
Cochabamba - Sarco,2026-09-07 11:00:00,12,0.0,16,35,341,1.8
Cochabamba - Sarco,2026-09-07 11:00:00,15,0.0,13,57,316,1.6
Cochabamba - Sarco,2026-09-07 11:00:00,18,0.0,13,56,327,1.8
Cochabamba - Sarco,2026-09-07 11:00:00,21,0.0,16,56,326,1.8
Cochabamba - Sarco,2026-09-07 11:00:00,24,0.0,21,56,348,2.9
Cochabamba - Sarco,2026-09-07 11:00:00,27,1.9,27,76,9,4.1
Cochabamba - Sarco,2026-09-07 11:00:00,30,2.0,28,76,339,2.4
Cochabamba - Sarco,2026-09-07 11:00:00,33,0.0,21,56,325,0.8
Cochabamba - Sarco,2026-09-07 11:00:00,36,0.0,16,56,299,0.9
Cochabamba - Sarco,2026-09-07 11:00:00,39,0.0,13,55,285,0.9
Cochabamba - Sarco,2026-09-07 11:00:00,42,0.0,13,35,330,1.6
Cochabamba - Sarco,2026-09-07 11:00:00,45,0.0,15,35,359,1.6
Cochabamba - Sarco,2026-09-07 11:00:00,48,0.0,21,35,1,3.1
Cochabamba - Sarco,2026-09-07 11:00:00,51,1.7,26,76,2,4.6
Cochabamba - Sarco,2026-09-07 11:00:00,54,1.1,26,77,11,3.7
Cochabamba - Sarco,2026-09-07 11:00:00,57,0.0,18,36,17,2.8
Cochabamba - Sarco,2026-09-07 11:00:00,60,0.0,15,35,85,2.0
Cochabamba - Sarco,2026-09-07 11:00:00,63,0.0,14,57,152,1.1
Cochabamba - Sarco,2026-09-07 11:00:00,66,0.0,13,56,164,1.0
Cochabamba - Sarco,2026-09-07 11:00:00,69,0.0,15,55,141,1.3
Cochabamba - Sarco,2026-09-07 11:00:00,72,0.0,16,57,61,1.9
Cochabamba - Sarco,2026-09-07 11:00:00,75,1.0,24,75,329,2.5
Cochabamba - Sarco,2026-09-07 11:00:00,78,1.1,24,76,337,3.0
Cochabamba - Sarco,2026-09-07 11:00:00,81,0.0,15,56,337,3.4
Cochabamba - Sarco,2026-09-07 11:00:00,84,0.0,13,55,330,3.0
Cochabamba - Sarco,2026-09-07 11:00:00,87,0.0,13,26,319,2.6
Cochabamba - Sarco,2026-09-07 11:00:00,90,0.0,8,26,337,2.1
Cochabamba - Sarco,2026-09-07 11:00:00,93,0.0,9,26,347,1.7
Cochabamba - Sarco,2026-09-07 11:00:00,96,0.0,12,26,30,2.1
Cochabamba - Sarco,2026-09-07 11:00:00,99,0.0,16,36,65,2.5
Cochabamba - Sarco,2026-09-07 11:00:00,102,0.0,14,35,41,2.6
Cochabamba - Sarco,2026-09-07 11:00:00,105,0.0,11,26,18,2.6
Cochabamba - Sarco,2026-09-07 11:00:00,108,0.0,10,26,357,2.7
Cochabamba - Sarco,2026-09-07 11:00:00,111,0.0,9,27,337,2.7
Concepcion,2026-09-07 11:00:00,3,0.0,30,36,140,2.3
Concepcion,2026-09-07 11:00:00,6,0.0,30,36,149,1.9
Concepcion,2026-09-07 11:00:00,9,0.0,26,26,149,1.4
Concepcion,2026-09-07 11:00:00,12,0.0,23,26,169,1.5
Concepcion,2026-09-07 11:00:00,15,0.0,20,36,181,1.4
Concepcion,2026-09-07 11:00:00,18,0.0,20,36,315,1.1
Concepcion,2026-09-07 11:00:00,21,0.0,23,36,5,1.3
Concepcion,2026-09-07 11:00:00,24,0.0,27,36,350,2.9
Concepcion,2026-09-07 11:00:00,27,0.0,32,36,330,4.6
Concepcion,2026-09-07 11:00:00,30,0.0,32,36,322,3.2
Concepcion,2026-09-07 11:00:00,33,0.0,27,26,312,1.8
Concepcion,2026-09-07 11:00:00,36,0.0,24,26,302,1.9
Concepcion,2026-09-07 11:00:00,39,0.0,21,37,292,1.9
Concepcion,2026-09-07 11:00:00,42,0.0,21,36,312,2.1
Concepcion,2026-09-07 11:00:00,45,0.0,25,36,330,2.3
Concepcion,2026-09-07 11:00:00,48,0.0,29,36,330,3.6
Concepcion,2026-09-07 11:00:00,51,0.0,33,36,330,5.0
Concepcion,2026-09-07 11:00:00,54,0.0,33,36,340,3.5
Concepcion,2026-09-07 11:00:00,57,0.0,28,36,349,2.1
Concepcion,2026-09-07 11:00:00,60,0.0,24,36,349,2.0
Concepcion,2026-09-07 11:00:00,63,0.0,21,36,340,2.0
Concepcion,2026-09-07 11:00:00,66,0.0,21,36,340,3.7
Concepcion,2026-09-07 11:00:00,69,0.0,27,36,330,3.9
Concepcion,2026-09-07 11:00:00,72,0.0,30,36,326,4.2
Concepcion,2026-09-07 11:00:00,75,0.0,32,56,316,4.4
Concepcion,2026-09-07 11:00:00,78,0.0,32,56,334,3.3
Concepcion,2026-09-07 11:00:00,81,0.0,28,35,349,2.1
Concepcion,2026-09-07 11:00:00,84,0.0,21,37,329,2.0
Concepcion,2026-09-07 11:00:00,87,0.0,21,26,305,2.0
Concepcion,2026-09-07 11:00:00,90,0.0,28,26,335,4.0
Concepcion,2026-09-07 11:00:00,93,0.0,30,26,345,4.5
Concepcion,2026-09-07 11:00:00,96,0.0,35,26,330,5.5
Concepcion,2026-09-07 11:00:00,99,0.0,40,36,316,6.3
Concepcion,2026-09-07 11:00:00,102,0.0,37,36,306,4.9
Concepcion,2026-09-07 11:00:00,105,0.0,33,36,295,3.4
Concepcion,2026-09-07 11:00:00,108,0.0,30,36,314,2.7
Concepcion,2026-09-07 11:00:00,111,0.0,26,26,329,2.0
Cota Cota Baja,2026-09-07 11:00:00,3,0.0,16,56,294,5.8
Cota Cota Baja,2026-09-07 11:00:00,6,0.0,16,56,335,5.3
Cota Cota Baja,2026-09-07 11:00:00,9,0.0,11,56,7,4.7
Cota Cota Baja,2026-09-07 11:00:00,12,0.0,8,56,348,4.0
Cota Cota Baja,2026-09-07 11:00:00,15,2.3,6,89,329,3.3
Cota Cota Baja,2026-09-07 11:00:00,18,2.1,6,89,34,2.1
Cota Cota Baja,2026-09-07 11:00:00,21,1.2,8,89,86,1.7
Cota Cota Baja,2026-09-07 11:00:00,24,1.8,11,89,20,3.3
Cota Cota Baja,2026-09-07 11:00:00,27,1.4,13,89,308,4.9
Cota Cota Baja,2026-09-07 11:00:00,30,1.3,13,89,350,4.5
Cota Cota Baja,2026-09-07 11:00:00,33,2.1,10,89,28,4.2
Cota Cota Baja,2026-09-07 11:00:00,36,1.6,8,90,45,3.8
Cota Cota Baja,2026-09-07 11:00:00,39,0.7,6,89,57,3.3
Cota Cota Baja,2026-09-07 11:00:00,42,0.0,6,37,146,2.0
Cota Cota Baja,2026-09-07 11:00:00,45,0.0,8,35,201,0.8
Cota Cota Baja,2026-09-07 11:00:00,48,0.0,11,37,245,2.1
Cota Cota Baja,2026-09-07 11:00:00,51,0.0,14,56,284,3.4
Cota Cota Baja,2026-09-07 11:00:00,54,0.0,14,56,315,3.4
Cota Cota Baja,2026-09-07 11:00:00,57,0.0,9,36,343,3.4
Cota Cota Baja,2026-09-07 11:00:00,60,0.0,5,37,125,3.3
Cota Cota Baja,2026-09-07 11:00:00,63,0.0,3,57,174,3.2
Cota Cota Baja,2026-09-07 11:00:00,66,0.0,3,56,112,2.5
Cota Cota Baja,2026-09-07 11:00:00,69,0.0,6,56,135,3.0
Cota Cota Baja,2026-09-07 11:00:00,72,0.0,8,56,229,2.8
Cota Cota Baja,2026-09-07 11:00:00,75,1.5,15,89,319,2.5
Cota Cota Baja,2026-09-07 11:00:00,78,1.9,15,89,335,3.3
Cota Cota Baja,2026-09-07 11:00:00,81,0.0,8,56,350,4.1
Cota Cota Baja,2026-09-07 11:00:00,84,0.0,4,56,344,3.3
Cota Cota Baja,2026-09-07 11:00:00,87,0.0,0,25,328,2.4
Cota Cota Baja,2026-09-07 11:00:00,90,0.0,0,25,311,2.9
Cota Cota Baja,2026-09-07 11:00:00,93,0.0,5,26,331,2.7
Cota Cota Baja,2026-09-07 11:00:00,96,0.0,9,26,311,4.9
Cota Cota Baja,2026-09-07 11:00:00,99,0.0,16,36,290,7.0
Cota Cota Baja,2026-09-07 11:00:00,102,0.0,15,35,336,5.7
Cota Cota Baja,2026-09-07 11:00:00,105,0.0,7,26,21,4.4
Cota Cota Baja,2026-09-07 11:00:00,108,0.0,0,26,32,3.3
Cota Cota Baja,2026-09-07 11:00:00,111,0.0,0,25,36,2.1
Cotagaita,2026-09-07 11:00:00,3,0.0,26,37,270,7.6
Cotagaita,2026-09-07 11:00:00,6,0.0,26,36,289,5.3
Cotagaita,2026-09-07 11:00:00,9,0.0,16,36,297,3.0
Cotagaita,2026-09-07 11:00:00,12,0.0,9,36,297,2.6
Cotagaita,2026-09-07 11:00:00,15,0.0,4,36,297,2.3
Cotagaita,2026-09-07 11:00:00,18,0.0,4,36,279,2.3
Cotagaita,2026-09-07 11:00:00,21,0.0,13,36,250,1.7
Cotagaita,2026-09-07 11:00:00,24,0.0,17,36,260,5.4
Cotagaita,2026-09-07 11:00:00,27,0.0,26,56,270,9.0
Cotagaita,2026-09-07 11:00:00,30,0.0,26,56,270,7.5
Cotagaita,2026-09-07 11:00:00,33,0.0,17,36,270,6.1
Cotagaita,2026-09-07 11:00:00,36,0.0,8,36,282,4.7
Cotagaita,2026-09-07 11:00:00,39,0.0,4,37,290,3.2
Cotagaita,2026-09-07 11:00:00,42,0.0,4,27,263,2.6
Cotagaita,2026-09-07 11:00:00,45,0.0,11,27,251,2.2
Cotagaita,2026-09-07 11:00:00,48,0.0,17,26,261,6.6
Cotagaita,2026-09-07 11:00:00,51,0.0,27,26,270,11.0
Cotagaita,2026-09-07 11:00:00,54,0.0,27,27,278,7.4
Cotagaita,2026-09-07 11:00:00,57,0.0,14,26,278,3.7
Cotagaita,2026-09-07 11:00:00,60,0.0,7,26,271,3.4
Cotagaita,2026-09-07 11:00:00,63,0.0,2,36,261,3.0
Cotagaita,2026-09-07 11:00:00,66,0.0,2,36,280,2.5
Cotagaita,2026-09-07 11:00:00,69,0.0,10,36,261,2.1
Cotagaita,2026-09-07 11:00:00,72,0.0,15,37,270,6.9
Cotagaita,2026-09-07 11:00:00,75,0.0,27,56,270,11.6
Cotagaita,2026-09-07 11:00:00,78,0.0,27,56,270,9.1
Cotagaita,2026-09-07 11:00:00,81,0.0,14,56,270,6.5
Cotagaita,2026-09-07 11:00:00,84,0.0,6,56,280,5.0
Cotagaita,2026-09-07 11:00:00,87,0.0,0,27,280,3.6
Cotagaita,2026-09-07 11:00:00,90,0.0,0,26,299,2.9
Cotagaita,2026-09-07 11:00:00,93,0.0,10,27,299,2.3
Cotagaita,2026-09-07 11:00:00,96,0.0,15,26,289,6.3
Cotagaita,2026-09-07 11:00:00,99,0.0,27,26,270,10.3
Cotagaita,2026-09-07 11:00:00,102,0.0,27,26,280,7.2
Cotagaita,2026-09-07 11:00:00,105,0.0,14,26,282,4.2
Cotagaita,2026-09-07 11:00:00,108,0.0,0,26,359,2.5
Cotagaita,2026-09-07 11:00:00,111,0.0,0,26,68,0.8
Covendo,2026-09-07 11:00:00,3,0.0,30,56,358,1.9
Covendo,2026-09-07 11:00:00,6,0.0,30,56,58,1.2
Covendo,2026-09-07 11:00:00,9,0.0,25,36,109,0.4
Covendo,2026-09-07 11:00:00,12,0.0,21,36,155,0.7
Covendo,2026-09-07 11:00:00,15,0.0,14,36,191,1.0
Covendo,2026-09-07 11:00:00,18,0.0,14,36,213,0.7
Covendo,2026-09-07 11:00:00,21,0.0,19,36,220,0.5
Covendo,2026-09-07 11:00:00,24,0.0,21,36,288,1.4
Covendo,2026-09-07 11:00:00,27,1.8,24,89,351,2.3
Covendo,2026-09-07 11:00:00,30,1.0,24,88,318,1.5
Covendo,2026-09-07 11:00:00,33,0.0,22,56,278,0.7
Covendo,2026-09-07 11:00:00,36,0.0,19,56,238,0.9
Covendo,2026-09-07 11:00:00,39,0.0,15,36,191,1.1
Covendo,2026-09-07 11:00:00,42,0.0,15,56,195,1.0
Covendo,2026-09-07 11:00:00,45,0.0,19,56,213,0.7
Covendo,2026-09-07 11:00:00,48,0.0,22,57,283,1.6
Covendo,2026-09-07 11:00:00,51,0.0,25,36,348,2.5
Covendo,2026-09-07 11:00:00,54,0.0,25,36,288,2.0
Covendo,2026-09-07 11:00:00,57,0.0,22,56,220,1.4
Covendo,2026-09-07 11:00:00,60,0.0,19,56,213,1.3
Covendo,2026-09-07 11:00:00,63,0.0,16,56,203,1.2
Covendo,2026-09-07 11:00:00,66,0.0,16,57,201,1.1
Covendo,2026-09-07 11:00:00,69,0.0,19,56,208,1.0
Covendo,2026-09-07 11:00:00,72,0.0,22,56,241,1.2
Covendo,2026-09-07 11:00:00,75,1.3,25,88,266,1.3
Covendo,2026-09-07 11:00:00,78,1.0,25,89,243,1.5
Covendo,2026-09-07 11:00:00,81,1.0,22,88,213,1.5
Covendo,2026-09-07 11:00:00,84,1.0,20,88,221,1.1
Covendo,2026-09-07 11:00:00,87,0.0,17,37,221,0.8
Covendo,2026-09-07 11:00:00,90,0.0,17,36,223,0.9
Covendo,2026-09-07 11:00:00,93,0.0,19,36,213,0.8
Covendo,2026-09-07 11:00:00,96,0.0,22,37,273,1.6
Covendo,2026-09-07 11:00:00,99,0.0,24,56,328,2.3
Covendo,2026-09-07 11:00:00,102,0.0,24,56,252,1.5
Covendo,2026-09-07 11:00:00,105,0.0,21,56,175,0.7
Covendo,2026-09-07 11:00:00,108,0.0,17,57,192,0.9
Covendo,2026-09-07 11:00:00,111,0.0,17,56,201,1.2
Cuatro Cañadas - Colonia Chihuahua,2026-09-07 11:00:00,3,0.0,30,26,147,2.7
Cuatro Cañadas - Colonia Chihuahua,2026-09-07 11:00:00,6,0.0,30,26,154,2.5
Cuatro Cañadas - Colonia Chihuahua,2026-09-07 11:00:00,9,0.0,26,36,157,2.2
Cuatro Cañadas - Colonia Chihuahua,2026-09-07 11:00:00,12,0.0,23,36,140,1.9
Cuatro Cañadas - Colonia Chihuahua,2026-09-07 11:00:00,15,0.0,19,36,120,1.5
Cuatro Cañadas - Colonia Chihuahua,2026-09-07 11:00:00,18,0.0,19,36,350,1.4
Cuatro Cañadas - Colonia Chihuahua,2026-09-07 11:00:00,21,0.0,24,36,337,1.7
Cuatro Cañadas - Colonia Chihuahua,2026-09-07 11:00:00,24,0.0,27,36,330,3.8
Cuatro Cañadas - Colonia Chihuahua,2026-09-07 11:00:00,27,0.0,32,35,320,6.0
Cuatro Cañadas - Colonia Chihuahua,2026-09-07 11:00:00,30,0.0,32,36,330,4.4
Cuatro Cañadas - Colonia Chihuahua,2026-09-07 11:00:00,33,0.0,26,26,332,2.9
Cuatro Cañadas - Colonia Chihuahua,2026-09-07 11:00:00,36,0.0,23,26,340,3.0
Cuatro Cañadas - Colonia Chihuahua,2026-09-07 11:00:00,39,0.0,20,36,340,3.0
Cuatro Cañadas - Colonia Chihuahua,2026-09-07 11:00:00,42,0.0,20,36,320,3.0
Cuatro Cañadas - Colonia Chihuahua,2026-09-07 11:00:00,45,0.0,24,37,320,3.4
Cuatro Cañadas - Colonia Chihuahua,2026-09-07 11:00:00,48,0.0,28,36,320,5.2
Cuatro Cañadas - Colonia Chihuahua,2026-09-07 11:00:00,51,0.0,33,36,320,7.0
Cuatro Cañadas - Colonia Chihuahua,2026-09-07 11:00:00,54,0.0,33,36,340,5.3
Cuatro Cañadas - Colonia Chihuahua,2026-09-07 11:00:00,57,0.0,27,36,352,3.7
Cuatro Cañadas - Colonia Chihuahua,2026-09-07 11:00:00,60,0.0,22,36,350,3.4
Cuatro Cañadas - Colonia Chihuahua,2026-09-07 11:00:00,63,0.0,20,56,347,3.0
Cuatro Cañadas - Colonia Chihuahua,2026-09-07 11:00:00,66,0.0,20,56,337,4.7
Cuatro Cañadas - Colonia Chihuahua,2026-09-07 11:00:00,69,0.0,26,56,332,5.4
Cuatro Cañadas - Colonia Chihuahua,2026-09-07 11:00:00,72,0.0,28,56,308,5.8
Cuatro Cañadas - Colonia Chihuahua,2026-09-07 11:00:00,75,0.0,31,56,278,6.2
Cuatro Cañadas - Colonia Chihuahua,2026-09-07 11:00:00,78,0.0,31,56,291,5.1
Cuatro Cañadas - Colonia Chihuahua,2026-09-07 11:00:00,81,0.0,29,56,298,4.0
Cuatro Cañadas - Colonia Chihuahua,2026-09-07 11:00:00,84,0.0,20,57,313,3.8
Cuatro Cañadas - Colonia Chihuahua,2026-09-07 11:00:00,87,0.0,20,37,327,3.6
Cuatro Cañadas - Colonia Chihuahua,2026-09-07 11:00:00,90,0.0,29,36,330,4.0
Cuatro Cañadas - Colonia Chihuahua,2026-09-07 11:00:00,93,0.0,31,36,327,5.1
Cuatro Cañadas - Colonia Chihuahua,2026-09-07 11:00:00,96,0.0,36,37,324,7.0
Cuatro Cañadas - Colonia Chihuahua,2026-09-07 11:00:00,99,0.0,42,36,314,8.8
Cuatro Cañadas - Colonia Chihuahua,2026-09-07 11:00:00,102,0.0,38,37,310,7.1
Cuatro Cañadas - Colonia Chihuahua,2026-09-07 11:00:00,105,0.0,35,55,300,5.4
Cuatro Cañadas - Colonia Chihuahua,2026-09-07 11:00:00,108,0.0,30,56,270,4.5
Cuatro Cañadas - Colonia Chihuahua,2026-09-07 11:00:00,111,0.0,26,36,234,3.6
Cuatro Cañadas CEA-2,2026-09-07 11:00:00,3,0.0,30,25,148,2.3
Cuatro Cañadas CEA-2,2026-09-07 11:00:00,6,0.0,30,26,168,2.1
Cuatro Cañadas CEA-2,2026-09-07 11:00:00,9,0.0,26,36,180,1.9
Cuatro Cañadas CEA-2,2026-09-07 11:00:00,12,0.0,23,36,163,1.6
Cuatro Cañadas CEA-2,2026-09-07 11:00:00,15,0.0,20,36,143,1.3
Cuatro Cañadas CEA-2,2026-09-07 11:00:00,18,0.0,20,36,340,1.1
Cuatro Cañadas CEA-2,2026-09-07 11:00:00,21,0.0,25,36,340,1.6
Cuatro Cañadas CEA-2,2026-09-07 11:00:00,24,0.0,27,37,331,3.8
Cuatro Cañadas CEA-2,2026-09-07 11:00:00,27,0.0,32,36,321,6.0
Cuatro Cañadas CEA-2,2026-09-07 11:00:00,30,0.0,32,36,328,4.8
Cuatro Cañadas CEA-2,2026-09-07 11:00:00,33,0.0,26,26,328,3.7
Cuatro Cañadas CEA-2,2026-09-07 11:00:00,36,0.0,23,26,338,3.7
Cuatro Cañadas CEA-2,2026-09-07 11:00:00,39,0.0,21,36,340,3.7
Cuatro Cañadas CEA-2,2026-09-07 11:00:00,42,0.0,21,37,330,3.2
Cuatro Cañadas CEA-2,2026-09-07 11:00:00,45,0.0,25,37,320,3.7
Cuatro Cañadas CEA-2,2026-09-07 11:00:00,48,0.0,28,37,320,5.1
Cuatro Cañadas CEA-2,2026-09-07 11:00:00,51,0.0,33,36,320,6.5
Cuatro Cañadas CEA-2,2026-09-07 11:00:00,54,0.0,33,36,330,4.9
Cuatro Cañadas CEA-2,2026-09-07 11:00:00,57,0.0,27,36,340,3.3
Cuatro Cañadas CEA-2,2026-09-07 11:00:00,60,0.0,23,36,340,3.7
Cuatro Cañadas CEA-2,2026-09-07 11:00:00,63,0.0,21,57,340,4.0
Cuatro Cañadas CEA-2,2026-09-07 11:00:00,66,0.0,21,56,320,3.6
Cuatro Cañadas CEA-2,2026-09-07 11:00:00,69,0.0,26,56,299,3.3
Cuatro Cañadas CEA-2,2026-09-07 11:00:00,72,0.0,28,56,300,4.3
Cuatro Cañadas CEA-2,2026-09-07 11:00:00,75,0.0,32,56,298,5.2
Cuatro Cañadas CEA-2,2026-09-07 11:00:00,78,0.0,32,56,308,5.1
Cuatro Cañadas CEA-2,2026-09-07 11:00:00,81,0.0,29,56,312,5.0
Cuatro Cañadas CEA-2,2026-09-07 11:00:00,84,0.0,21,56,330,4.2
Cuatro Cañadas CEA-2,2026-09-07 11:00:00,87,0.0,21,36,340,3.4
Cuatro Cañadas CEA-2,2026-09-07 11:00:00,90,0.0,29,36,330,5.3
Cuatro Cañadas CEA-2,2026-09-07 11:00:00,93,0.0,30,36,330,5.9
Cuatro Cañadas CEA-2,2026-09-07 11:00:00,96,0.0,35,35,320,7.3
Cuatro Cañadas CEA-2,2026-09-07 11:00:00,99,0.0,40,36,310,8.6
Cuatro Cañadas CEA-2,2026-09-07 11:00:00,102,0.0,37,36,320,6.8
Cuatro Cañadas CEA-2,2026-09-07 11:00:00,105,0.0,35,56,320,4.9
Cuatro Cañadas CEA-2,2026-09-07 11:00:00,108,0.0,29,55,260,5.4
Cuatro Cañadas CEA-2,2026-09-07 11:00:00,111,0.0,23,35,198,5.8
Desaguadero_M,2026-09-07 11:00:00,3,0.0,14,56,346,5.5
Desaguadero_M,2026-09-07 11:00:00,6,0.0,14,56,308,5.3
Desaguadero_M,2026-09-07 11:00:00,9,0.0,11,56,265,5.1
Desaguadero_M,2026-09-07 11:00:00,12,0.0,9,56,307,4.2
Desaguadero_M,2026-09-07 11:00:00,15,1.7,8,90,347,3.3
Desaguadero_M,2026-09-07 11:00:00,18,1.6,8,89,37,2.0
Desaguadero_M,2026-09-07 11:00:00,21,2.0,9,89,67,2.1
Desaguadero_M,2026-09-07 11:00:00,24,1.2,11,89,21,3.5
Desaguadero_M,2026-09-07 11:00:00,27,1.5,12,90,334,4.9
Desaguadero_M,2026-09-07 11:00:00,30,1.9,12,89,360,3.5
Desaguadero_M,2026-09-07 11:00:00,33,0.9,11,90,21,2.0
Desaguadero_M,2026-09-07 11:00:00,36,2.1,9,89,30,2.3
Desaguadero_M,2026-09-07 11:00:00,39,2.0,8,89,31,2.6
Desaguadero_M,2026-09-07 11:00:00,42,0.0,8,36,338,1.9
Desaguadero_M,2026-09-07 11:00:00,45,0.0,9,36,270,2.2
Desaguadero_M,2026-09-07 11:00:00,48,0.0,11,36,305,3.3
Desaguadero_M,2026-09-07 11:00:00,51,0.0,13,57,334,4.3
Desaguadero_M,2026-09-07 11:00:00,54,0.0,13,56,273,4.5
Desaguadero_M,2026-09-07 11:00:00,57,0.0,9,36,186,4.7
Desaguadero_M,2026-09-07 11:00:00,60,0.0,7,36,133,3.1
Desaguadero_M,2026-09-07 11:00:00,63,0.0,5,55,77,1.5
Desaguadero_M,2026-09-07 11:00:00,66,0.0,5,56,105,1.8
Desaguadero_M,2026-09-07 11:00:00,69,0.0,7,57,111,1.5
Desaguadero_M,2026-09-07 11:00:00,72,0.0,10,56,42,2.9
Desaguadero_M,2026-09-07 11:00:00,75,1.3,14,88,333,4.3
Desaguadero_M,2026-09-07 11:00:00,78,1.4,14,89,332,3.2
Desaguadero_M,2026-09-07 11:00:00,81,0.0,9,56,327,2.2
Desaguadero_M,2026-09-07 11:00:00,84,0.0,4,56,283,1.9
Desaguadero_M,2026-09-07 11:00:00,87,0.0,2,26,234,1.6
Desaguadero_M,2026-09-07 11:00:00,90,0.0,2,26,259,1.6
Desaguadero_M,2026-09-07 11:00:00,93,0.0,7,26,293,1.6
Desaguadero_M,2026-09-07 11:00:00,96,0.0,10,26,323,3.8
Desaguadero_M,2026-09-07 11:00:00,99,0.0,15,36,346,6.0
Desaguadero_M,2026-09-07 11:00:00,102,0.0,15,36,353,4.7
Desaguadero_M,2026-09-07 11:00:00,105,0.0,8,26,353,3.4
Desaguadero_M,2026-09-07 11:00:00,108,0.0,2,27,50,2.9
Desaguadero_M,2026-09-07 11:00:00,111,0.0,2,26,98,2.5
El Alto,2026-09-07 11:00:00,3,0.0,14,56,342,2.6
El Alto,2026-09-07 11:00:00,6,0.0,14,56,16,3.3
El Alto,2026-09-07 11:00:00,9,0.0,10,56,48,4.1
El Alto,2026-09-07 11:00:00,12,0.0,8,56,348,3.4
El Alto,2026-09-07 11:00:00,15,2.1,6,89,243,2.8
El Alto,2026-09-07 11:00:00,18,1.2,6,89,292,1.7
El Alto,2026-09-07 11:00:00,21,1.7,9,89,322,0.8
El Alto,2026-09-07 11:00:00,24,1.5,11,89,1,1.5
El Alto,2026-09-07 11:00:00,27,1.7,14,89,33,2.1
El Alto,2026-09-07 11:00:00,30,2.4,14,89,48,2.6
El Alto,2026-09-07 11:00:00,33,1.7,11,89,58,3.1
El Alto,2026-09-07 11:00:00,36,1.8,9,89,132,2.0
El Alto,2026-09-07 11:00:00,39,1.9,6,89,206,1.0
El Alto,2026-09-07 11:00:00,42,0.0,6,36,281,1.5
El Alto,2026-09-07 11:00:00,45,0.0,9,36,273,1.9
El Alto,2026-09-07 11:00:00,48,0.0,11,36,301,2.3
El Alto,2026-09-07 11:00:00,51,0.0,15,56,322,2.7
El Alto,2026-09-07 11:00:00,54,0.0,15,56,27,2.5
El Alto,2026-09-07 11:00:00,57,0.0,10,36,121,2.3
El Alto,2026-09-07 11:00:00,60,0.0,7,36,175,1.9
El Alto,2026-09-07 11:00:00,63,0.0,3,56,225,1.5
El Alto,2026-09-07 11:00:00,66,0.0,3,56,135,1.2
El Alto,2026-09-07 11:00:00,69,0.0,7,56,106,1.2
El Alto,2026-09-07 11:00:00,72,0.0,11,56,38,2.8
El Alto,2026-09-07 11:00:00,75,1.3,16,89,284,4.5
El Alto,2026-09-07 11:00:00,78,1.2,16,89,323,3.4
El Alto,2026-09-07 11:00:00,81,0.0,8,56,355,2.3
El Alto,2026-09-07 11:00:00,84,0.0,4,56,75,1.7
El Alto,2026-09-07 11:00:00,87,0.0,0,26,152,1.0
El Alto,2026-09-07 11:00:00,90,0.0,0,26,348,1.4
El Alto,2026-09-07 11:00:00,93,0.0,7,26,338,1.9
El Alto,2026-09-07 11:00:00,96,0.0,10,26,325,3.2
El Alto,2026-09-07 11:00:00,99,0.0,17,36,308,4.6
El Alto,2026-09-07 11:00:00,102,0.0,17,37,1,4.2
El Alto,2026-09-07 11:00:00,105,0.0,7,26,48,3.8
El Alto,2026-09-07 11:00:00,108,0.0,0,26,50,3.1
El Alto,2026-09-07 11:00:00,111,0.0,0,26,50,2.4
El Puente,2026-09-07 11:00:00,3,0.0,31,26,142,1.9
El Puente,2026-09-07 11:00:00,6,0.0,31,26,170,1.6
El Puente,2026-09-07 11:00:00,9,0.0,27,35,190,1.4
El Puente,2026-09-07 11:00:00,12,0.0,24,36,170,1.4
El Puente,2026-09-07 11:00:00,15,0.0,21,36,140,1.3
El Puente,2026-09-07 11:00:00,18,0.0,21,36,342,0.3
El Puente,2026-09-07 11:00:00,21,0.0,23,36,296,0.4
El Puente,2026-09-07 11:00:00,24,0.0,27,36,310,1.8
El Puente,2026-09-07 11:00:00,27,0.0,32,36,320,3.2
El Puente,2026-09-07 11:00:00,30,0.0,32,36,320,2.3
El Puente,2026-09-07 11:00:00,33,0.0,27,26,320,1.5
El Puente,2026-09-07 11:00:00,36,0.0,23,26,334,1.4
El Puente,2026-09-07 11:00:00,39,0.0,20,36,342,1.2
El Puente,2026-09-07 11:00:00,42,0.0,20,36,348,1.5
El Puente,2026-09-07 11:00:00,45,0.0,24,36,349,2.0
El Puente,2026-09-07 11:00:00,48,0.0,28,36,339,2.8
El Puente,2026-09-07 11:00:00,51,0.0,34,36,320,3.7
El Puente,2026-09-07 11:00:00,54,0.0,34,36,340,3.1
El Puente,2026-09-07 11:00:00,57,0.0,28,36,350,2.6
El Puente,2026-09-07 11:00:00,60,0.0,23,36,360,2.0
El Puente,2026-09-07 11:00:00,63,0.0,21,57,4,1.3
El Puente,2026-09-07 11:00:00,66,0.0,21,56,359,2.0
El Puente,2026-09-07 11:00:00,69,0.0,25,56,349,2.6
El Puente,2026-09-07 11:00:00,72,0.0,26,57,329,3.1
El Puente,2026-09-07 11:00:00,75,0.0,33,56,302,3.5
El Puente,2026-09-07 11:00:00,78,0.0,33,56,272,2.8
El Puente,2026-09-07 11:00:00,81,0.0,26,56,236,2.0
El Puente,2026-09-07 11:00:00,84,0.0,21,56,298,1.6
El Puente,2026-09-07 11:00:00,87,0.0,21,36,354,1.3
El Puente,2026-09-07 11:00:00,90,0.0,29,36,330,2.3
El Puente,2026-09-07 11:00:00,93,0.0,30,36,320,2.8
El Puente,2026-09-07 11:00:00,96,0.0,35,36,312,3.6
El Puente,2026-09-07 11:00:00,99,0.0,41,36,302,4.5
El Puente,2026-09-07 11:00:00,102,0.0,36,36,314,2.9
El Puente,2026-09-07 11:00:00,105,0.0,32,56,322,1.3
El Puente,2026-09-07 11:00:00,108,0.0,30,56,8,1.2
El Puente,2026-09-07 11:00:00,111,0.0,27,36,48,1.0
El Villar,2026-09-07 11:00:00,3,0.0,22,36,77,3.5
El Villar,2026-09-07 11:00:00,6,0.0,22,36,67,2.1
El Villar,2026-09-07 11:00:00,9,0.0,20,26,48,0.8
El Villar,2026-09-07 11:00:00,12,0.0,14,26,3,1.2
El Villar,2026-09-07 11:00:00,15,0.0,4,36,310,1.6
El Villar,2026-09-07 11:00:00,18,0.0,4,36,317,1.4
El Villar,2026-09-07 11:00:00,21,0.0,16,36,335,1.1
El Villar,2026-09-07 11:00:00,24,0.0,21,36,29,2.4
El Villar,2026-09-07 11:00:00,27,0.0,24,56,74,3.7
El Villar,2026-09-07 11:00:00,30,0.0,24,57,357,2.8
El Villar,2026-09-07 11:00:00,33,0.0,20,36,273,1.9
El Villar,2026-09-07 11:00:00,36,0.0,13,36,275,1.7
El Villar,2026-09-07 11:00:00,39,0.0,6,36,272,1.5
El Villar,2026-09-07 11:00:00,42,0.0,5,26,307,1.3
El Villar,2026-09-07 11:00:00,45,0.0,15,26,339,1.2
El Villar,2026-09-07 11:00:00,48,0.0,21,26,12,2.5
El Villar,2026-09-07 11:00:00,51,0.0,25,36,45,3.8
El Villar,2026-09-07 11:00:00,54,0.0,25,36,341,2.8
El Villar,2026-09-07 11:00:00,57,0.0,18,36,276,1.8
El Villar,2026-09-07 11:00:00,60,0.0,9,36,286,1.5
El Villar,2026-09-07 11:00:00,63,0.0,7,56,288,1.3
El Villar,2026-09-07 11:00:00,66,0.0,7,56,346,1.0
El Villar,2026-09-07 11:00:00,69,0.0,15,57,42,1.0
El Villar,2026-09-07 11:00:00,72,0.0,19,56,57,2.1
El Villar,2026-09-07 11:00:00,75,0.0,24,56,61,3.4
El Villar,2026-09-07 11:00:00,78,0.0,24,57,142,2.2
El Villar,2026-09-07 11:00:00,81,0.0,14,36,216,1.0
El Villar,2026-09-07 11:00:00,84,0.0,7,36,247,1.5
El Villar,2026-09-07 11:00:00,87,0.0,7,26,275,1.8
El Villar,2026-09-07 11:00:00,90,0.0,16,26,293,2.7
El Villar,2026-09-07 11:00:00,93,0.0,19,26,293,2.5
El Villar,2026-09-07 11:00:00,96,0.0,25,27,278,2.2
El Villar,2026-09-07 11:00:00,99,0.0,31,36,258,1.8
El Villar,2026-09-07 11:00:00,102,0.0,24,36,210,2.6
El Villar,2026-09-07 11:00:00,105,0.0,17,56,155,3.5
El Villar,2026-09-07 11:00:00,108,0.0,14,56,135,2.5
El Villar,2026-09-07 11:00:00,111,0.0,12,26,104,1.5
Filadelfia - PD,2026-09-07 11:00:00,3,0.0,29,56,122,2.3
Filadelfia - PD,2026-09-07 11:00:00,6,0.0,29,55,190,2.0
Filadelfia - PD,2026-09-07 11:00:00,9,0.0,25,55,252,1.7
Filadelfia - PD,2026-09-07 11:00:00,12,0.0,22,55,222,1.5
Filadelfia - PD,2026-09-07 11:00:00,15,0.0,17,56,190,1.2
Filadelfia - PD,2026-09-07 11:00:00,18,0.0,17,56,210,0.7
Filadelfia - PD,2026-09-07 11:00:00,21,0.0,23,55,200,0.5
Filadelfia - PD,2026-09-07 11:00:00,24,0.0,27,56,270,1.0
Filadelfia - PD,2026-09-07 11:00:00,27,0.0,31,36,330,1.6
Filadelfia - PD,2026-09-07 11:00:00,30,0.0,31,36,318,1.5
Filadelfia - PD,2026-09-07 11:00:00,33,0.0,28,37,298,1.3
Filadelfia - PD,2026-09-07 11:00:00,36,0.0,24,36,287,1.3
Filadelfia - PD,2026-09-07 11:00:00,39,0.0,20,36,268,1.3
Filadelfia - PD,2026-09-07 11:00:00,42,0.0,20,26,293,1.2
Filadelfia - PD,2026-09-07 11:00:00,45,0.0,24,26,291,1.3
Filadelfia - PD,2026-09-07 11:00:00,48,0.0,29,26,311,1.7
Filadelfia - PD,2026-09-07 11:00:00,51,0.0,33,36,330,2.1
Filadelfia - PD,2026-09-07 11:00:00,54,0.0,33,36,327,1.8
Filadelfia - PD,2026-09-07 11:00:00,57,0.0,29,26,317,1.4
Filadelfia - PD,2026-09-07 11:00:00,60,0.0,22,26,317,1.3
Filadelfia - PD,2026-09-07 11:00:00,63,0.0,20,36,308,1.2
Filadelfia - PD,2026-09-07 11:00:00,66,0.0,20,37,300,2.1
Filadelfia - PD,2026-09-07 11:00:00,69,0.0,25,37,300,2.2
Filadelfia - PD,2026-09-07 11:00:00,72,0.0,28,36,320,2.8
Filadelfia - PD,2026-09-07 11:00:00,75,0.0,34,56,330,3.3
Filadelfia - PD,2026-09-07 11:00:00,78,0.0,34,56,340,2.5
Filadelfia - PD,2026-09-07 11:00:00,81,0.0,30,36,340,1.6
Filadelfia - PD,2026-09-07 11:00:00,84,0.0,24,36,340,1.6
Filadelfia - PD,2026-09-07 11:00:00,87,0.0,20,35,340,1.7
Filadelfia - PD,2026-09-07 11:00:00,90,0.0,20,36,302,1.6
Filadelfia - PD,2026-09-07 11:00:00,93,0.0,26,37,301,2.0
Filadelfia - PD,2026-09-07 11:00:00,96,0.0,29,35,311,2.5
Filadelfia - PD,2026-09-07 11:00:00,99,0.0,34,36,320,2.9
Filadelfia - PD,2026-09-07 11:00:00,102,0.0,34,35,349,2.3
Filadelfia - PD,2026-09-07 11:00:00,105,0.0,29,36,9,1.6
Filadelfia - PD,2026-09-07 11:00:00,108,0.0,20,35,328,1.3
Filadelfia - PD,2026-09-07 11:00:00,111,0.0,20,37,280,1.0
Guayaramerin,2026-09-07 11:00:00,3,0.0,29,36,160,2.2
Guayaramerin,2026-09-07 11:00:00,6,0.0,29,36,178,2.1
Guayaramerin,2026-09-07 11:00:00,9,0.0,26,35,188,2.0
Guayaramerin,2026-09-07 11:00:00,12,0.0,23,35,170,1.5
Guayaramerin,2026-09-07 11:00:00,15,0.0,17,35,150,1.2
Guayaramerin,2026-09-07 11:00:00,18,0.0,17,36,138,1.1
Guayaramerin,2026-09-07 11:00:00,21,0.0,25,36,120,1.1
Guayaramerin,2026-09-07 11:00:00,24,0.0,28,37,182,1.4
Guayaramerin,2026-09-07 11:00:00,27,0.0,35,27,237,1.7
Guayaramerin,2026-09-07 11:00:00,30,0.0,35,26,225,1.1
Guayaramerin,2026-09-07 11:00:00,33,0.0,28,37,210,0.5
Guayaramerin,2026-09-07 11:00:00,36,0.0,24,36,212,0.8
Guayaramerin,2026-09-07 11:00:00,39,0.0,19,35,28,1.0
Guayaramerin,2026-09-07 11:00:00,42,0.0,19,26,11,1.5
Guayaramerin,2026-09-07 11:00:00,45,0.0,24,26,351,1.6
Guayaramerin,2026-09-07 11:00:00,48,0.0,29,26,8,1.7
Guayaramerin,2026-09-07 11:00:00,51,0.0,36,36,20,1.8
Guayaramerin,2026-09-07 11:00:00,54,0.0,36,36,35,1.3
Guayaramerin,2026-09-07 11:00:00,57,0.0,29,26,42,0.8
Guayaramerin,2026-09-07 11:00:00,60,0.0,23,26,45,1.2
Guayaramerin,2026-09-07 11:00:00,63,0.0,19,36,40,1.7
Guayaramerin,2026-09-07 11:00:00,66,0.0,19,36,336,1.7
Guayaramerin,2026-09-07 11:00:00,69,0.0,26,37,353,2.1
Guayaramerin,2026-09-07 11:00:00,72,0.0,31,35,333,2.3
Guayaramerin,2026-09-07 11:00:00,75,0.0,36,56,313,2.6
Guayaramerin,2026-09-07 11:00:00,78,0.0,36,57,337,1.8
Guayaramerin,2026-09-07 11:00:00,81,0.0,29,36,359,1.0
Guayaramerin,2026-09-07 11:00:00,84,0.0,22,36,4,1.1
Guayaramerin,2026-09-07 11:00:00,87,0.0,19,26,360,1.3
Guayaramerin,2026-09-07 11:00:00,90,0.0,19,26,11,1.8
Guayaramerin,2026-09-07 11:00:00,93,0.0,27,27,3,2.4
Guayaramerin,2026-09-07 11:00:00,96,0.0,31,25,350,2.4
Guayaramerin,2026-09-07 11:00:00,99,0.0,36,37,328,2.4
Guayaramerin,2026-09-07 11:00:00,102,0.0,36,36,347,1.9
Guayaramerin,2026-09-07 11:00:00,105,0.0,28,26,5,1.3
Guayaramerin,2026-09-07 11:00:00,108,0.0,19,26,7,1.3
Guayaramerin,2026-09-07 11:00:00,111,0.0,19,25,360,1.3
Guayaramerin_M (GPRS),2026-09-07 11:00:00,3,0.0,28,36,169,2.3
Guayaramerin_M (GPRS),2026-09-07 11:00:00,6,0.0,28,35,189,2.0
Guayaramerin_M (GPRS),2026-09-07 11:00:00,9,0.0,25,36,199,1.8
Guayaramerin_M (GPRS),2026-09-07 11:00:00,12,0.0,23,37,179,1.5
Guayaramerin_M (GPRS),2026-09-07 11:00:00,15,0.0,17,36,150,1.2
Guayaramerin_M (GPRS),2026-09-07 11:00:00,18,0.0,17,35,131,1.2
Guayaramerin_M (GPRS),2026-09-07 11:00:00,21,0.0,26,35,120,1.3
Guayaramerin_M (GPRS),2026-09-07 11:00:00,24,0.0,28,36,42,1.6
Guayaramerin_M (GPRS),2026-09-07 11:00:00,27,0.0,35,25,323,2.0
Guayaramerin_M (GPRS),2026-09-07 11:00:00,30,0.0,35,26,303,1.4
Guayaramerin_M (GPRS),2026-09-07 11:00:00,33,0.0,28,36,282,0.7
Guayaramerin_M (GPRS),2026-09-07 11:00:00,36,0.0,25,36,330,0.9
Guayaramerin_M (GPRS),2026-09-07 11:00:00,39,0.0,19,36,9,1.0
Guayaramerin_M (GPRS),2026-09-07 11:00:00,42,0.0,19,27,360,1.4
Guayaramerin_M (GPRS),2026-09-07 11:00:00,45,0.0,25,25,340,1.5
Guayaramerin_M (GPRS),2026-09-07 11:00:00,48,0.0,29,26,360,2.0
Guayaramerin_M (GPRS),2026-09-07 11:00:00,51,0.0,36,36,12,2.6
Guayaramerin_M (GPRS),2026-09-07 11:00:00,54,0.0,36,36,31,1.8
Guayaramerin_M (GPRS),2026-09-07 11:00:00,57,0.0,28,26,49,1.0
Guayaramerin_M (GPRS),2026-09-07 11:00:00,60,0.0,24,25,40,1.4
Guayaramerin_M (GPRS),2026-09-07 11:00:00,63,0.0,19,37,30,1.7
Guayaramerin_M (GPRS),2026-09-07 11:00:00,66,0.0,19,36,321,1.8
Guayaramerin_M (GPRS),2026-09-07 11:00:00,69,0.0,23,36,350,2.2
Guayaramerin_M (GPRS),2026-09-07 11:00:00,72,0.0,28,36,331,2.3
Guayaramerin_M (GPRS),2026-09-07 11:00:00,75,0.0,36,56,311,2.4
Guayaramerin_M (GPRS),2026-09-07 11:00:00,78,0.0,36,56,331,1.7
Guayaramerin_M (GPRS),2026-09-07 11:00:00,81,0.0,28,36,342,1.0
Guayaramerin_M (GPRS),2026-09-07 11:00:00,84,0.0,22,36,341,1.1
Guayaramerin_M (GPRS),2026-09-07 11:00:00,87,0.0,19,26,340,1.3
Guayaramerin_M (GPRS),2026-09-07 11:00:00,90,0.0,19,26,360,1.9
Guayaramerin_M (GPRS),2026-09-07 11:00:00,93,0.0,25,26,360,2.4
Guayaramerin_M (GPRS),2026-09-07 11:00:00,96,0.0,29,25,350,2.3
Guayaramerin_M (GPRS),2026-09-07 11:00:00,99,0.0,36,35,339,2.3
Guayaramerin_M (GPRS),2026-09-07 11:00:00,102,0.0,36,37,350,2.0
Guayaramerin_M (GPRS),2026-09-07 11:00:00,105,0.0,28,27,1,1.6
Guayaramerin_M (GPRS),2026-09-07 11:00:00,108,0.0,19,26,1,1.5
Guayaramerin_M (GPRS),2026-09-07 11:00:00,111,0.0,19,27,351,1.4
Incapampa,2026-09-07 11:00:00,3,0.0,26,57,9,2.0
Incapampa,2026-09-07 11:00:00,6,0.0,26,57,333,1.3
Incapampa,2026-09-07 11:00:00,9,0.0,22,36,287,0.6
Incapampa,2026-09-07 11:00:00,12,0.0,18,36,242,1.0
Incapampa,2026-09-07 11:00:00,15,0.0,12,36,194,1.3
Incapampa,2026-09-07 11:00:00,18,0.0,12,36,197,0.9
Incapampa,2026-09-07 11:00:00,21,0.0,15,36,189,0.4
Incapampa,2026-09-07 11:00:00,24,0.0,18,37,199,0.9
Incapampa,2026-09-07 11:00:00,27,1.1,21,89,8,1.3
Incapampa,2026-09-07 11:00:00,30,1.6,21,89,299,1.4
Incapampa,2026-09-07 11:00:00,33,0.0,19,56,224,1.4
Incapampa,2026-09-07 11:00:00,36,0.0,16,56,221,1.3
Incapampa,2026-09-07 11:00:00,39,0.0,13,36,215,1.2
Incapampa,2026-09-07 11:00:00,42,0.0,13,57,197,0.6
Incapampa,2026-09-07 11:00:00,45,0.0,17,57,196,0.3
Incapampa,2026-09-07 11:00:00,48,0.0,20,56,163,1.1
Incapampa,2026-09-07 11:00:00,51,0.0,22,36,21,1.9
Incapampa,2026-09-07 11:00:00,54,0.0,22,36,315,1.8
Incapampa,2026-09-07 11:00:00,57,0.0,20,56,248,1.7
Incapampa,2026-09-07 11:00:00,60,0.0,17,56,221,1.5
Incapampa,2026-09-07 11:00:00,63,0.0,14,56,186,1.3
Incapampa,2026-09-07 11:00:00,66,0.0,14,56,189,1.6
Incapampa,2026-09-07 11:00:00,69,0.0,17,56,187,1.6
Incapampa,2026-09-07 11:00:00,72,0.0,20,56,172,1.4
Incapampa,2026-09-07 11:00:00,75,1.4,22,89,153,1.2
Incapampa,2026-09-07 11:00:00,78,1.1,22,89,172,1.4
Incapampa,2026-09-07 11:00:00,81,1.1,20,89,189,1.5
Incapampa,2026-09-07 11:00:00,84,1.1,18,89,189,1.6
Incapampa,2026-09-07 11:00:00,87,0.0,15,36,187,1.7
Incapampa,2026-09-07 11:00:00,90,0.0,15,36,193,1.3
Incapampa,2026-09-07 11:00:00,93,0.0,17,37,185,0.8
Incapampa,2026-09-07 11:00:00,96,0.0,20,37,152,1.5
Incapampa,2026-09-07 11:00:00,99,0.0,21,56,10,2.1
Incapampa,2026-09-07 11:00:00,102,0.0,21,57,297,2.2
Incapampa,2026-09-07 11:00:00,105,0.0,18,56,215,2.1
Incapampa,2026-09-07 11:00:00,108,0.0,15,57,214,2.2
Incapampa,2026-09-07 11:00:00,111,0.0,15,57,204,2.1
Ixiamas,2026-09-07 11:00:00,3,0.0,26,36,120,1.9
Ixiamas,2026-09-07 11:00:00,6,0.0,26,36,169,1.6
Ixiamas,2026-09-07 11:00:00,9,0.0,23,37,209,1.3
Ixiamas,2026-09-07 11:00:00,12,0.0,20,37,209,1.4
Ixiamas,2026-09-07 11:00:00,15,0.0,15,27,202,1.4
Ixiamas,2026-09-07 11:00:00,18,0.0,15,26,229,0.9
Ixiamas,2026-09-07 11:00:00,21,0.0,19,26,229,0.6
Ixiamas,2026-09-07 11:00:00,24,0.0,22,26,282,1.7
Ixiamas,2026-09-07 11:00:00,27,0.0,24,36,332,2.7
Ixiamas,2026-09-07 11:00:00,30,0.0,24,36,291,2.2
Ixiamas,2026-09-07 11:00:00,33,0.0,22,27,241,1.6
Ixiamas,2026-09-07 11:00:00,36,0.0,19,26,241,1.5
Ixiamas,2026-09-07 11:00:00,39,0.0,16,26,238,1.5
Ixiamas,2026-09-07 11:00:00,42,0.0,16,26,256,1.1
Ixiamas,2026-09-07 11:00:00,45,0.0,20,26,276,0.9
Ixiamas,2026-09-07 11:00:00,48,0.0,23,26,299,2.1
Ixiamas,2026-09-07 11:00:00,51,0.0,27,36,322,3.3
Ixiamas,2026-09-07 11:00:00,54,0.0,27,35,289,2.3
Ixiamas,2026-09-07 11:00:00,57,0.0,24,36,248,1.4
Ixiamas,2026-09-07 11:00:00,60,0.0,21,36,248,1.5
Ixiamas,2026-09-07 11:00:00,63,0.0,18,56,248,1.5
Ixiamas,2026-09-07 11:00:00,66,0.0,18,56,276,1.3
Ixiamas,2026-09-07 11:00:00,69,0.0,23,56,285,1.4
Ixiamas,2026-09-07 11:00:00,72,0.0,26,56,307,2.8
Ixiamas,2026-09-07 11:00:00,75,0.0,28,36,320,4.1
Ixiamas,2026-09-07 11:00:00,78,0.0,28,36,273,2.8
Ixiamas,2026-09-07 11:00:00,81,0.0,26,56,224,1.5
Ixiamas,2026-09-07 11:00:00,84,0.0,23,56,213,1.3
Ixiamas,2026-09-07 11:00:00,87,0.0,19,27,191,1.1
Ixiamas,2026-09-07 11:00:00,90,0.0,19,26,246,0.9
Ixiamas,2026-09-07 11:00:00,93,0.0,22,26,256,0.6
Ixiamas,2026-09-07 11:00:00,96,0.0,24,26,289,2.3
Ixiamas,2026-09-07 11:00:00,99,0.0,27,36,312,4.1
Ixiamas,2026-09-07 11:00:00,102,0.0,27,36,281,2.7
Ixiamas,2026-09-07 11:00:00,105,0.0,24,27,248,1.3
Ixiamas,2026-09-07 11:00:00,108,0.0,19,26,258,1.4
Ixiamas,2026-09-07 11:00:00,111,0.0,19,25,258,1.4
Jesús de Machaca,2026-09-07 11:00:00,3,0.0,16,56,341,5.3
Jesús de Machaca,2026-09-07 11:00:00,6,0.0,16,56,297,4.7
Jesús de Machaca,2026-09-07 11:00:00,9,0.0,11,55,243,4.0
Jesús de Machaca,2026-09-07 11:00:00,12,0.0,6,56,292,3.2
Jesús de Machaca,2026-09-07 11:00:00,15,1.3,2,89,335,2.3
Jesús de Machaca,2026-09-07 11:00:00,18,1.1,2,89,20,2.1
Jesús de Machaca,2026-09-07 11:00:00,21,2.1,6,88,42,1.8
Jesús de Machaca,2026-09-07 11:00:00,24,1.8,11,89,360,3.2
Jesús de Machaca,2026-09-07 11:00:00,27,1.2,16,90,315,4.5
Jesús de Machaca,2026-09-07 11:00:00,30,1.9,16,89,28,4.7
Jesús de Machaca,2026-09-07 11:00:00,33,1.5,10,88,98,4.7
Jesús de Machaca,2026-09-07 11:00:00,36,1.0,6,89,45,3.4
Jesús de Machaca,2026-09-07 11:00:00,39,1.5,2,89,348,2.1
Jesús de Machaca,2026-09-07 11:00:00,42,0.0,2,36,303,1.3
Jesús de Machaca,2026-09-07 11:00:00,45,0.0,5,36,287,2.0
Jesús de Machaca,2026-09-07 11:00:00,48,0.0,9,36,308,3.2
Jesús de Machaca,2026-09-07 11:00:00,51,0.0,17,56,325,4.4
Jesús de Machaca,2026-09-07 11:00:00,54,0.0,17,56,264,3.5
Jesús de Machaca,2026-09-07 11:00:00,57,0.0,6,36,172,2.6
Jesús de Machaca,2026-09-07 11:00:00,60,0.0,3,36,73,2.4
Jesús de Machaca,2026-09-07 11:00:00,63,0.0,-1,56,6,2.2
Jesús de Machaca,2026-09-07 11:00:00,66,0.0,-1,56,58,1.7
Jesús de Machaca,2026-09-07 11:00:00,69,0.0,5,56,352,1.7
Jesús de Machaca,2026-09-07 11:00:00,72,0.0,11,56,343,3.2
Jesús de Machaca,2026-09-07 11:00:00,75,0.9,18,89,330,4.8
Jesús de Machaca,2026-09-07 11:00:00,78,1.2,18,89,287,4.2
Jesús de Machaca,2026-09-07 11:00:00,81,0.0,9,55,233,3.6
Jesús de Machaca,2026-09-07 11:00:00,84,0.0,1,56,212,2.5
Jesús de Machaca,2026-09-07 11:00:00,87,0.0,-4,26,190,1.3
Jesús de Machaca,2026-09-07 11:00:00,90,0.0,-3,26,259,1.0
Jesús de Machaca,2026-09-07 11:00:00,93,0.0,5,26,292,1.3
Jesús de Machaca,2026-09-07 11:00:00,96,0.0,9,26,322,3.2
Jesús de Machaca,2026-09-07 11:00:00,99,0.0,19,36,346,5.1
Jesús de Machaca,2026-09-07 11:00:00,102,0.0,19,36,356,3.9
Jesús de Machaca,2026-09-07 11:00:00,105,0.0,9,27,356,2.7
Jesús de Machaca,2026-09-07 11:00:00,108,0.0,-3,26,55,2.4
Jesús de Machaca,2026-09-07 11:00:00,111,0.0,-3,26,108,2.1
Kocani,2026-09-07 11:00:00,3,0.0,16,36,285,9.8
Kocani,2026-09-07 11:00:00,6,0.0,16,37,272,7.8
Kocani,2026-09-07 11:00:00,9,0.0,8,26,258,5.7
Kocani,2026-09-07 11:00:00,12,0.0,3,26,262,3.6
Kocani,2026-09-07 11:00:00,15,0.0,-3,37,262,1.6
Kocani,2026-09-07 11:00:00,18,0.0,-3,36,302,2.1
Kocani,2026-09-07 11:00:00,21,0.0,4,36,314,2.3
Kocani,2026-09-07 11:00:00,24,0.0,8,37,304,6.6
Kocani,2026-09-07 11:00:00,27,0.0,14,36,290,10.9
Kocani,2026-09-07 11:00:00,30,0.0,14,36,282,8.8
Kocani,2026-09-07 11:00:00,33,0.0,7,36,272,6.8
Kocani,2026-09-07 11:00:00,36,0.0,2,36,282,4.3
Kocani,2026-09-07 11:00:00,39,0.0,-4,36,283,1.9
Kocani,2026-09-07 11:00:00,42,0.0,-4,26,291,2.2
Kocani,2026-09-07 11:00:00,45,0.0,2,26,301,2.6
Kocani,2026-09-07 11:00:00,48,0.0,7,26,291,7.5
Kocani,2026-09-07 11:00:00,51,0.0,14,26,280,12.4
Kocani,2026-09-07 11:00:00,54,0.0,14,26,280,9.1
Kocani,2026-09-07 11:00:00,57,0.0,6,26,280,5.7
Kocani,2026-09-07 11:00:00,60,0.0,-2,27,317,4.1
Kocani,2026-09-07 11:00:00,63,0.0,-5,27,347,2.4
Kocani,2026-09-07 11:00:00,66,0.0,-5,26,311,4.1
Kocani,2026-09-07 11:00:00,69,0.0,1,26,311,4.4
Kocani,2026-09-07 11:00:00,72,0.0,6,26,304,9.0
Kocani,2026-09-07 11:00:00,75,0.0,14,27,294,13.6
Kocani,2026-09-07 11:00:00,78,0.0,14,27,300,11.0
Kocani,2026-09-07 11:00:00,81,0.0,5,26,300,8.3
Kocani,2026-09-07 11:00:00,84,0.0,-1,27,310,6.5
Kocani,2026-09-07 11:00:00,87,0.0,-5,26,312,4.8
Kocani,2026-09-07 11:00:00,90,0.0,-5,26,313,6.9
Kocani,2026-09-07 11:00:00,93,0.0,-1,26,313,5.1
Kocani,2026-09-07 11:00:00,96,0.0,5,26,304,7.5
Kocani,2026-09-07 11:00:00,99,0.0,14,26,294,9.8
Kocani,2026-09-07 11:00:00,102,0.0,14,26,324,7.0
Kocani,2026-09-07 11:00:00,105,0.0,5,26,350,4.2
Kocani,2026-09-07 11:00:00,108,0.0,-5,26,345,3.0
Kocani,2026-09-07 11:00:00,111,0.0,-5,26,336,1.7
La Paz - Centro,2026-09-07 11:00:00,3,0.0,18,57,42,3.7
La Paz - Centro,2026-09-07 11:00:00,6,0.0,18,56,42,3.3
La Paz - Centro,2026-09-07 11:00:00,9,0.0,14,56,40,2.9
La Paz - Centro,2026-09-07 11:00:00,12,0.0,10,57,55,1.9
La Paz - Centro,2026-09-07 11:00:00,15,1.4,7,89,71,1.0
La Paz - Centro,2026-09-07 11:00:00,18,2.3,7,89,68,1.1
La Paz - Centro,2026-09-07 11:00:00,21,2.2,9,89,66,1.1
La Paz - Centro,2026-09-07 11:00:00,24,1.4,12,89,47,2.7
La Paz - Centro,2026-09-07 11:00:00,27,1.5,18,89,22,4.2
La Paz - Centro,2026-09-07 11:00:00,30,2.3,18,89,32,3.2
La Paz - Centro,2026-09-07 11:00:00,33,1.2,13,89,37,2.1
La Paz - Centro,2026-09-07 11:00:00,36,2.0,10,89,64,1.6
La Paz - Centro,2026-09-07 11:00:00,39,1.5,8,90,159,0.9
La Paz - Centro,2026-09-07 11:00:00,42,0.0,8,36,341,0.8
La Paz - Centro,2026-09-07 11:00:00,45,0.0,10,36,25,0.9
La Paz - Centro,2026-09-07 11:00:00,48,0.0,13,36,34,2.3
La Paz - Centro,2026-09-07 11:00:00,51,0.0,21,56,35,3.7
La Paz - Centro,2026-09-07 11:00:00,54,0.0,21,56,41,3.3
La Paz - Centro,2026-09-07 11:00:00,57,0.0,12,36,43,2.8
La Paz - Centro,2026-09-07 11:00:00,60,0.0,10,36,27,2.5
La Paz - Centro,2026-09-07 11:00:00,63,0.0,8,56,217,2.2
La Paz - Centro,2026-09-07 11:00:00,66,0.0,8,56,314,1.1
La Paz - Centro,2026-09-07 11:00:00,69,0.0,12,57,344,1.1
La Paz - Centro,2026-09-07 11:00:00,72,0.0,15,56,359,2.2
La Paz - Centro,2026-09-07 11:00:00,75,1.4,22,89,11,3.4
La Paz - Centro,2026-09-07 11:00:00,78,0.7,22,89,30,3.0
La Paz - Centro,2026-09-07 11:00:00,81,0.0,15,56,49,2.5
La Paz - Centro,2026-09-07 11:00:00,84,0.0,9,57,325,1.6
La Paz - Centro,2026-09-07 11:00:00,87,0.0,7,26,241,0.7
La Paz - Centro,2026-09-07 11:00:00,90,0.0,7,27,30,0.6
La Paz - Centro,2026-09-07 11:00:00,93,0.0,10,26,34,0.9
La Paz - Centro,2026-09-07 11:00:00,96,0.0,13,26,44,2.5
La Paz - Centro,2026-09-07 11:00:00,99,0.0,23,36,49,4.0
La Paz - Centro,2026-09-07 11:00:00,102,0.0,23,36,45,3.5
La Paz - Centro,2026-09-07 11:00:00,105,0.0,12,26,38,3.0
La Paz - Centro,2026-09-07 11:00:00,108,0.0,7,25,41,2.1
La Paz - Centro,2026-09-07 11:00:00,111,0.0,7,26,68,1.1
Laguna Colorada (GPRS),2026-09-07 11:00:00,3,0.0,11,36,260,10.8
Laguna Colorada (GPRS),2026-09-07 11:00:00,6,0.0,11,36,260,8.2
Laguna Colorada (GPRS),2026-09-07 11:00:00,9,0.0,6,26,249,5.5
Laguna Colorada (GPRS),2026-09-07 11:00:00,12,0.0,2,26,277,3.6
Laguna Colorada (GPRS),2026-09-07 11:00:00,15,0.0,0,36,294,1.7
Laguna Colorada (GPRS),2026-09-07 11:00:00,18,0.0,0,36,280,2.3
Laguna Colorada (GPRS),2026-09-07 11:00:00,21,0.0,3,36,290,2.5
Laguna Colorada (GPRS),2026-09-07 11:00:00,24,0.0,7,36,280,6.9
Laguna Colorada (GPRS),2026-09-07 11:00:00,27,0.0,10,36,260,11.2
Laguna Colorada (GPRS),2026-09-07 11:00:00,30,0.0,10,35,260,8.1
Laguna Colorada (GPRS),2026-09-07 11:00:00,33,0.0,5,36,250,5.0
Laguna Colorada (GPRS),2026-09-07 11:00:00,36,0.0,1,36,260,3.6
Laguna Colorada (GPRS),2026-09-07 11:00:00,39,0.0,-1,36,270,2.3
Laguna Colorada (GPRS),2026-09-07 11:00:00,42,0.0,-1,27,270,2.8
Laguna Colorada (GPRS),2026-09-07 11:00:00,45,0.0,2,26,270,3.1
Laguna Colorada (GPRS),2026-09-07 11:00:00,48,0.0,5,26,270,7.4
Laguna Colorada (GPRS),2026-09-07 11:00:00,51,0.0,10,26,260,11.6
Laguna Colorada (GPRS),2026-09-07 11:00:00,54,0.0,10,27,250,8.2
Laguna Colorada (GPRS),2026-09-07 11:00:00,57,0.0,6,27,240,4.9
Laguna Colorada (GPRS),2026-09-07 11:00:00,60,0.0,1,27,258,3.1
Laguna Colorada (GPRS),2026-09-07 11:00:00,63,0.0,-2,26,268,1.2
Laguna Colorada (GPRS),2026-09-07 11:00:00,66,0.0,-2,26,300,2.4
Laguna Colorada (GPRS),2026-09-07 11:00:00,69,0.0,1,26,317,2.7
Laguna Colorada (GPRS),2026-09-07 11:00:00,72,0.0,4,26,291,7.4
Laguna Colorada (GPRS),2026-09-07 11:00:00,75,0.0,10,26,263,12.0
Laguna Colorada (GPRS),2026-09-07 11:00:00,78,0.0,10,26,263,9.1
Laguna Colorada (GPRS),2026-09-07 11:00:00,81,0.0,4,27,260,6.2
Laguna Colorada (GPRS),2026-09-07 11:00:00,84,0.0,2,27,280,4.6
Laguna Colorada (GPRS),2026-09-07 11:00:00,87,0.0,-2,26,290,3.1
Laguna Colorada (GPRS),2026-09-07 11:00:00,90,0.0,-3,26,281,5.2
Laguna Colorada (GPRS),2026-09-07 11:00:00,93,0.0,1,26,281,3.0
Laguna Colorada (GPRS),2026-09-07 11:00:00,96,0.0,5,26,271,6.5
Laguna Colorada (GPRS),2026-09-07 11:00:00,99,0.0,10,26,260,10.1
Laguna Colorada (GPRS),2026-09-07 11:00:00,102,0.0,10,26,263,6.2
Laguna Colorada (GPRS),2026-09-07 11:00:00,105,0.0,3,26,262,2.3
Laguna Colorada (GPRS),2026-09-07 11:00:00,108,0.0,-3,26,287,2.1
Laguna Colorada (GPRS),2026-09-07 11:00:00,111,0.0,-3,25,312,1.9
Magdalena,2026-09-07 11:00:00,3,0.0,30,36,128,2.8
Magdalena,2026-09-07 11:00:00,6,0.0,30,36,143,2.4
Magdalena,2026-09-07 11:00:00,9,0.0,26,36,153,2.0
Magdalena,2026-09-07 11:00:00,12,0.0,24,36,173,2.2
Magdalena,2026-09-07 11:00:00,15,0.0,19,36,190,2.5
Magdalena,2026-09-07 11:00:00,18,0.0,19,36,193,1.7
Magdalena,2026-09-07 11:00:00,21,0.0,24,36,163,1.7
Magdalena,2026-09-07 11:00:00,24,0.0,29,36,243,2.2
Magdalena,2026-09-07 11:00:00,27,0.0,32,36,323,2.7
Magdalena,2026-09-07 11:00:00,30,0.0,32,37,318,2.4
Magdalena,2026-09-07 11:00:00,33,0.0,28,37,311,2.1
Magdalena,2026-09-07 11:00:00,36,0.0,25,36,318,2.3
Magdalena,2026-09-07 11:00:00,39,0.0,21,36,320,2.4
Magdalena,2026-09-07 11:00:00,42,0.0,21,26,344,2.7
Magdalena,2026-09-07 11:00:00,45,0.0,26,26,320,3.0
Magdalena,2026-09-07 11:00:00,48,0.0,30,26,330,3.7
Magdalena,2026-09-07 11:00:00,51,0.0,34,26,334,4.4
Magdalena,2026-09-07 11:00:00,54,0.0,34,26,360,3.8
Magdalena,2026-09-07 11:00:00,57,0.0,29,37,20,3.2
Magdalena,2026-09-07 11:00:00,60,0.0,25,36,20,3.1
Magdalena,2026-09-07 11:00:00,63,0.0,21,36,20,3.0
Magdalena,2026-09-07 11:00:00,66,0.0,21,35,350,3.9
Magdalena,2026-09-07 11:00:00,69,0.0,25,36,340,4.9
Magdalena,2026-09-07 11:00:00,72,0.0,29,36,336,5.5
Magdalena,2026-09-07 11:00:00,75,0.0,34,56,326,6.1
Magdalena,2026-09-07 11:00:00,78,0.0,34,56,356,5.2
Magdalena,2026-09-07 11:00:00,81,0.0,30,36,20,4.3
Magdalena,2026-09-07 11:00:00,84,0.0,26,36,329,3.4
Magdalena,2026-09-07 11:00:00,87,0.0,21,36,276,2.4
Magdalena,2026-09-07 11:00:00,90,0.0,21,36,342,2.9
Magdalena,2026-09-07 11:00:00,93,0.0,27,36,340,3.0
Magdalena,2026-09-07 11:00:00,96,0.0,30,36,327,4.5
Magdalena,2026-09-07 11:00:00,99,0.0,34,56,307,5.9
Magdalena,2026-09-07 11:00:00,102,0.0,34,56,347,5.3
Magdalena,2026-09-07 11:00:00,105,0.0,29,36,20,4.7
Magdalena,2026-09-07 11:00:00,108,0.0,21,36,360,3.8
Magdalena,2026-09-07 11:00:00,111,0.0,21,36,330,2.9
Mecapaca,2026-09-07 11:00:00,3,0.0,24,56,70,2.4
Mecapaca,2026-09-07 11:00:00,6,0.0,24,56,65,2.9
Mecapaca,2026-09-07 11:00:00,9,0.0,17,56,55,3.4
Mecapaca,2026-09-07 11:00:00,12,0.0,14,56,104,2.6
Mecapaca,2026-09-07 11:00:00,15,2.2,10,89,148,1.8
Mecapaca,2026-09-07 11:00:00,18,1.3,10,88,93,1.3
Mecapaca,2026-09-07 11:00:00,21,1.2,13,89,37,0.6
Mecapaca,2026-09-07 11:00:00,24,1.4,17,89,47,2.1
Mecapaca,2026-09-07 11:00:00,27,1.3,21,89,49,3.4
Mecapaca,2026-09-07 11:00:00,30,1.3,21,89,63,2.9
Mecapaca,2026-09-07 11:00:00,33,1.5,17,89,68,2.2
Mecapaca,2026-09-07 11:00:00,36,1.6,14,89,121,2.0
Mecapaca,2026-09-07 11:00:00,39,1.2,11,89,164,1.7
Mecapaca,2026-09-07 11:00:00,42,0.0,11,36,217,1.4
Mecapaca,2026-09-07 11:00:00,45,0.0,16,36,276,1.9
Mecapaca,2026-09-07 11:00:00,48,0.0,18,36,351,2.4
Mecapaca,2026-09-07 11:00:00,51,0.0,24,56,64,2.8
Mecapaca,2026-09-07 11:00:00,54,0.0,24,56,78,2.7
Mecapaca,2026-09-07 11:00:00,57,0.0,17,36,87,2.5
Mecapaca,2026-09-07 11:00:00,60,0.0,13,36,21,1.8
Mecapaca,2026-09-07 11:00:00,63,0.0,11,56,307,1.2
Mecapaca,2026-09-07 11:00:00,66,0.0,11,56,298,1.5
Mecapaca,2026-09-07 11:00:00,69,0.0,13,56,326,1.6
Mecapaca,2026-09-07 11:00:00,72,0.0,18,56,298,1.8
Mecapaca,2026-09-07 11:00:00,75,1.0,25,89,262,2.1
Mecapaca,2026-09-07 11:00:00,78,1.3,25,89,231,2.5
Mecapaca,2026-09-07 11:00:00,81,0.0,17,56,89,2.9
Mecapaca,2026-09-07 11:00:00,84,0.0,13,56,136,1.9
Mecapaca,2026-09-07 11:00:00,87,0.0,10,26,178,0.9
Mecapaca,2026-09-07 11:00:00,90,0.0,10,26,343,1.0
Mecapaca,2026-09-07 11:00:00,93,0.0,13,26,301,1.2
Mecapaca,2026-09-07 11:00:00,96,0.0,17,27,1,1.6
Mecapaca,2026-09-07 11:00:00,99,0.0,26,36,56,2.1
Mecapaca,2026-09-07 11:00:00,102,0.0,26,35,60,2.7
Mecapaca,2026-09-07 11:00:00,105,0.0,13,26,63,3.4
Mecapaca,2026-09-07 11:00:00,108,0.0,10,25,68,2.8
Mecapaca,2026-09-07 11:00:00,111,0.0,10,26,68,2.3
Misicuni-Sivingani,2026-09-07 11:00:00,3,0.0,14,55,314,5.7
Misicuni-Sivingani,2026-09-07 11:00:00,6,0.0,14,55,323,5.0
Misicuni-Sivingani,2026-09-07 11:00:00,9,0.0,9,55,330,4.3
Misicuni-Sivingani,2026-09-07 11:00:00,12,0.0,6,55,328,4.4
Misicuni-Sivingani,2026-09-07 11:00:00,15,1.5,3,88,318,4.4
Misicuni-Sivingani,2026-09-07 11:00:00,18,1.1,3,89,319,4.3
Misicuni-Sivingani,2026-09-07 11:00:00,21,1.1,6,89,312,4.7
Misicuni-Sivingani,2026-09-07 11:00:00,24,2.1,9,89,321,5.1
Misicuni-Sivingani,2026-09-07 11:00:00,27,1.1,13,89,330,5.5
Misicuni-Sivingani,2026-09-07 11:00:00,30,1.1,13,89,330,4.6
Misicuni-Sivingani,2026-09-07 11:00:00,33,1.1,8,89,323,3.7
Misicuni-Sivingani,2026-09-07 11:00:00,36,1.1,5,89,331,3.5
Misicuni-Sivingani,2026-09-07 11:00:00,39,2.7,4,89,329,3.4
Misicuni-Sivingani,2026-09-07 11:00:00,42,1.6,4,88,319,3.3
Misicuni-Sivingani,2026-09-07 11:00:00,45,2.9,6,89,318,3.5
Misicuni-Sivingani,2026-09-07 11:00:00,48,2.0,9,89,328,4.1
Misicuni-Sivingani,2026-09-07 11:00:00,51,2.0,12,89,330,4.6
Misicuni-Sivingani,2026-09-07 11:00:00,54,1.5,12,90,320,4.2
Misicuni-Sivingani,2026-09-07 11:00:00,57,0.0,9,36,310,3.7
Misicuni-Sivingani,2026-09-07 11:00:00,60,0.0,5,36,303,2.8
Misicuni-Sivingani,2026-09-07 11:00:00,63,0.0,4,56,294,1.8
Misicuni-Sivingani,2026-09-07 11:00:00,66,0.0,4,56,303,2.0
Misicuni-Sivingani,2026-09-07 11:00:00,69,0.0,6,56,312,1.7
Misicuni-Sivingani,2026-09-07 11:00:00,72,0.0,7,56,326,3.4
Misicuni-Sivingani,2026-09-07 11:00:00,75,0.0,13,56,330,5.2
Misicuni-Sivingani,2026-09-07 11:00:00,78,0.0,13,56,330,5.6
Misicuni-Sivingani,2026-09-07 11:00:00,81,1.3,6,76,327,6.0
Misicuni-Sivingani,2026-09-07 11:00:00,84,1.3,4,76,329,5.0
Misicuni-Sivingani,2026-09-07 11:00:00,87,0.0,4,35,330,4.2
Misicuni-Sivingani,2026-09-07 11:00:00,90,0.0,6,36,318,4.0
Misicuni-Sivingani,2026-09-07 11:00:00,93,0.0,7,35,319,3.5
Misicuni-Sivingani,2026-09-07 11:00:00,96,0.0,11,36,321,4.4
Misicuni-Sivingani,2026-09-07 11:00:00,99,0.0,15,56,313,5.3
Misicuni-Sivingani,2026-09-07 11:00:00,102,0.0,12,56,323,4.9
Misicuni-Sivingani,2026-09-07 11:00:00,105,0.0,10,36,331,4.3
Misicuni-Sivingani,2026-09-07 11:00:00,108,0.0,8,36,331,4.2
Misicuni-Sivingani,2026-09-07 11:00:00,111,0.0,7,36,329,4.1
Mizque,2026-09-07 11:00:00,3,0.0,29,57,80,4.5
Mizque,2026-09-07 11:00:00,6,0.0,29,57,60,3.3
Mizque,2026-09-07 11:00:00,9,0.0,22,36,40,1.9
Mizque,2026-09-07 11:00:00,12,0.0,17,36,35,1.6
Mizque,2026-09-07 11:00:00,15,0.0,11,56,20,1.3
Mizque,2026-09-07 11:00:00,18,0.0,11,56,42,1.3
Mizque,2026-09-07 11:00:00,21,0.0,15,56,22,1.3
Mizque,2026-09-07 11:00:00,24,0.0,21,57,33,3.2
Mizque,2026-09-07 11:00:00,27,1.6,28,77,43,5.1
Mizque,2026-09-07 11:00:00,30,1.3,28,76,23,3.5
Mizque,2026-09-07 11:00:00,33,0.0,22,56,3,1.9
Mizque,2026-09-07 11:00:00,36,0.0,16,56,343,1.5
Mizque,2026-09-07 11:00:00,39,0.0,11,56,322,1.1
Mizque,2026-09-07 11:00:00,42,0.0,11,36,22,1.1
Mizque,2026-09-07 11:00:00,45,0.0,16,36,40,1.1
Mizque,2026-09-07 11:00:00,48,0.0,21,37,30,3.2
Mizque,2026-09-07 11:00:00,51,1.8,29,75,20,5.4
Mizque,2026-09-07 11:00:00,54,1.6,29,75,20,3.7
Mizque,2026-09-07 11:00:00,57,0.0,20,37,20,2.0
Mizque,2026-09-07 11:00:00,60,0.0,14,36,340,1.8
Mizque,2026-09-07 11:00:00,63,0.0,12,56,297,1.5
Mizque,2026-09-07 11:00:00,66,0.0,12,56,322,1.9
Mizque,2026-09-07 11:00:00,69,0.0,18,56,347,2.6
Mizque,2026-09-07 11:00:00,72,0.0,20,56,0,4.1
Mizque,2026-09-07 11:00:00,75,1.2,28,76,11,5.5
Mizque,2026-09-07 11:00:00,78,1.5,28,77,10,3.7
Mizque,2026-09-07 11:00:00,81,0.0,16,57,0,1.9
Mizque,2026-09-07 11:00:00,84,0.0,12,56,333,2.0
Mizque,2026-09-07 11:00:00,87,0.0,12,26,303,2.0
Mizque,2026-09-07 11:00:00,90,0.0,16,26,323,2.3
Mizque,2026-09-07 11:00:00,93,0.0,18,26,323,2.4
Mizque,2026-09-07 11:00:00,96,0.0,23,26,342,3.3
Mizque,2026-09-07 11:00:00,99,0.0,28,37,2,4.2
Mizque,2026-09-07 11:00:00,102,0.0,24,36,20,3.0
Mizque,2026-09-07 11:00:00,105,0.0,19,26,37,1.8
Mizque,2026-09-07 11:00:00,108,0.0,17,27,53,1.6
Mizque,2026-09-07 11:00:00,111,0.0,14,27,65,1.5
Monteagudo,2026-09-07 11:00:00,3,0.0,25,26,67,2.9
Monteagudo,2026-09-07 11:00:00,6,0.0,25,26,58,2.0
Monteagudo,2026-09-07 11:00:00,9,0.0,22,26,43,1.0
Monteagudo,2026-09-07 11:00:00,12,0.0,18,26,340,1.1
Monteagudo,2026-09-07 11:00:00,15,0.0,13,26,277,1.1
Monteagudo,2026-09-07 11:00:00,18,0.0,13,26,327,1.0
Monteagudo,2026-09-07 11:00:00,21,0.0,17,26,20,0.9
Monteagudo,2026-09-07 11:00:00,24,0.0,23,26,38,2.1
Monteagudo,2026-09-07 11:00:00,27,0.0,28,36,55,3.3
Monteagudo,2026-09-07 11:00:00,30,0.0,28,36,76,2.3
Monteagudo,2026-09-07 11:00:00,33,0.0,24,26,227,1.3
Monteagudo,2026-09-07 11:00:00,36,0.0,17,26,241,1.5
Monteagudo,2026-09-07 11:00:00,39,0.0,12,26,248,1.6
Monteagudo,2026-09-07 11:00:00,42,0.0,12,26,268,1.0
Monteagudo,2026-09-07 11:00:00,45,0.0,19,26,278,0.7
Monteagudo,2026-09-07 11:00:00,48,0.0,26,26,358,2.4
Monteagudo,2026-09-07 11:00:00,51,0.0,30,37,68,4.2
Monteagudo,2026-09-07 11:00:00,54,0.0,30,36,88,3.0
Monteagudo,2026-09-07 11:00:00,57,0.0,22,37,246,1.8
Monteagudo,2026-09-07 11:00:00,60,0.0,15,36,247,1.7
Monteagudo,2026-09-07 11:00:00,63,0.0,13,56,240,1.5
Monteagudo,2026-09-07 11:00:00,66,0.0,14,56,261,0.5
Monteagudo,2026-09-07 11:00:00,69,0.0,19,56,327,0.4
Monteagudo,2026-09-07 11:00:00,72,0.0,23,56,11,2.6
Monteagudo,2026-09-07 11:00:00,75,0.0,28,56,48,4.9
Monteagudo,2026-09-07 11:00:00,78,0.0,28,57,333,3.3
Monteagudo,2026-09-07 11:00:00,81,0.0,19,56,237,1.7
Monteagudo,2026-09-07 11:00:00,84,0.0,13,56,247,1.6
Monteagudo,2026-09-07 11:00:00,87,0.0,13,26,247,1.5
Monteagudo,2026-09-07 11:00:00,90,0.0,20,26,289,1.5
Monteagudo,2026-09-07 11:00:00,93,0.0,23,26,309,1.5
Monteagudo,2026-09-07 11:00:00,96,0.0,31,26,15,1.9
Monteagudo,2026-09-07 11:00:00,99,0.0,39,36,82,2.3
Monteagudo,2026-09-07 11:00:00,102,0.0,30,36,136,3.1
Monteagudo,2026-09-07 11:00:00,105,0.0,21,56,188,3.9
Monteagudo,2026-09-07 11:00:00,108,0.0,19,56,188,3.4
Monteagudo,2026-09-07 11:00:00,111,0.0,17,27,183,2.8
Orinoca,2026-09-07 11:00:00,3,0.0,19,37,295,3.1
Orinoca,2026-09-07 11:00:00,6,0.0,19,35,252,2.6
Orinoca,2026-09-07 11:00:00,9,0.0,12,36,208,2.0
Orinoca,2026-09-07 11:00:00,12,0.0,5,36,141,2.1
Orinoca,2026-09-07 11:00:00,15,0.0,1,56,65,2.1
Orinoca,2026-09-07 11:00:00,18,0.0,1,56,23,1.4
Orinoca,2026-09-07 11:00:00,21,0.0,8,56,308,0.8
Orinoca,2026-09-07 11:00:00,24,0.0,11,56,292,2.3
Orinoca,2026-09-07 11:00:00,27,0.0,17,56,273,3.8
Orinoca,2026-09-07 11:00:00,30,0.0,17,57,252,6.2
Orinoca,2026-09-07 11:00:00,33,0.0,12,57,230,8.6
Orinoca,2026-09-07 11:00:00,36,0.0,7,56,178,5.4
Orinoca,2026-09-07 11:00:00,39,0.0,0,57,116,2.3
Orinoca,2026-09-07 11:00:00,42,0.0,0,36,340,1.5
Orinoca,2026-09-07 11:00:00,45,0.0,7,36,261,1.7
Orinoca,2026-09-07 11:00:00,48,0.0,12,37,264,3.0
Orinoca,2026-09-07 11:00:00,51,0.0,18,36,262,4.3
Orinoca,2026-09-07 11:00:00,54,0.0,18,35,252,5.9
Orinoca,2026-09-07 11:00:00,57,0.0,11,36,240,7.6
Orinoca,2026-09-07 11:00:00,60,0.0,3,36,180,4.7
Orinoca,2026-09-07 11:00:00,63,0.0,-1,56,112,1.8
Orinoca,2026-09-07 11:00:00,66,0.0,-1,57,250,2.4
Orinoca,2026-09-07 11:00:00,69,0.0,6,56,256,2.1
Orinoca,2026-09-07 11:00:00,72,0.0,10,56,268,4.6
Orinoca,2026-09-07 11:00:00,75,0.0,19,36,272,7.2
Orinoca,2026-09-07 11:00:00,78,0.0,19,36,260,7.0
Orinoca,2026-09-07 11:00:00,81,0.0,9,56,240,6.9
Orinoca,2026-09-07 11:00:00,84,0.0,1,56,242,4.5
Orinoca,2026-09-07 11:00:00,87,0.0,-4,26,242,2.2
Orinoca,2026-09-07 11:00:00,90,0.0,-4,26,312,3.0
Orinoca,2026-09-07 11:00:00,93,0.0,4,26,322,3.6
Orinoca,2026-09-07 11:00:00,96,0.0,9,26,302,4.3
Orinoca,2026-09-07 11:00:00,99,0.0,18,26,274,4.9
Orinoca,2026-09-07 11:00:00,102,0.0,18,26,232,4.1
Orinoca,2026-09-07 11:00:00,105,0.0,9,26,187,3.4
Orinoca,2026-09-07 11:00:00,108,0.0,-4,26,238,2.3
Orinoca,2026-09-07 11:00:00,111,0.0,-4,25,285,1.3
Oruro - Aeropuerto,2026-09-07 11:00:00,3,0.0,20,37,289,5.4
Oruro - Aeropuerto,2026-09-07 11:00:00,6,0.0,20,37,251,5.4
Oruro - Aeropuerto,2026-09-07 11:00:00,9,0.0,12,36,208,5.4
Oruro - Aeropuerto,2026-09-07 11:00:00,12,0.0,6,36,210,4.0
Oruro - Aeropuerto,2026-09-07 11:00:00,15,0.0,2,56,213,2.5
Oruro - Aeropuerto,2026-09-07 11:00:00,18,0.0,2,56,290,2.9
Oruro - Aeropuerto,2026-09-07 11:00:00,21,0.0,7,55,334,3.5
Oruro - Aeropuerto,2026-09-07 11:00:00,24,0.0,13,56,312,4.0
Oruro - Aeropuerto,2026-09-07 11:00:00,27,0.0,19,56,283,4.4
Oruro - Aeropuerto,2026-09-07 11:00:00,30,0.0,19,56,332,3.9
Oruro - Aeropuerto,2026-09-07 11:00:00,33,0.0,12,56,18,3.3
Oruro - Aeropuerto,2026-09-07 11:00:00,36,0.0,7,56,346,2.6
Oruro - Aeropuerto,2026-09-07 11:00:00,39,0.0,1,57,210,1.9
Oruro - Aeropuerto,2026-09-07 11:00:00,42,0.0,1,36,266,1.5
Oruro - Aeropuerto,2026-09-07 11:00:00,45,0.0,7,36,249,1.4
Oruro - Aeropuerto,2026-09-07 11:00:00,48,0.0,11,36,260,2.6
Oruro - Aeropuerto,2026-09-07 11:00:00,51,0.0,20,36,264,3.9
Oruro - Aeropuerto,2026-09-07 11:00:00,54,0.0,20,36,278,3.2
Oruro - Aeropuerto,2026-09-07 11:00:00,57,0.0,10,36,284,2.4
Oruro - Aeropuerto,2026-09-07 11:00:00,60,0.0,3,36,294,2.1
Oruro - Aeropuerto,2026-09-07 11:00:00,63,0.0,0,56,305,1.8
Oruro - Aeropuerto,2026-09-07 11:00:00,66,0.0,0,56,322,2.7
Oruro - Aeropuerto,2026-09-07 11:00:00,69,0.0,6,56,23,2.2
Oruro - Aeropuerto,2026-09-07 11:00:00,72,0.0,10,57,336,7.4
Oruro - Aeropuerto,2026-09-07 11:00:00,75,0.0,21,36,280,12.7
Oruro - Aeropuerto,2026-09-07 11:00:00,78,0.0,21,36,262,9.6
Oruro - Aeropuerto,2026-09-07 11:00:00,81,0.0,9,56,244,6.5
Oruro - Aeropuerto,2026-09-07 11:00:00,84,0.0,1,56,189,3.9
Oruro - Aeropuerto,2026-09-07 11:00:00,87,0.0,-3,26,124,1.3
Oruro - Aeropuerto,2026-09-07 11:00:00,90,0.0,-3,26,15,2.3
Oruro - Aeropuerto,2026-09-07 11:00:00,93,0.0,5,26,328,2.9
Oruro - Aeropuerto,2026-09-07 11:00:00,96,0.0,10,27,308,4.1
Oruro - Aeropuerto,2026-09-07 11:00:00,99,0.0,20,26,279,5.2
Oruro - Aeropuerto,2026-09-07 11:00:00,102,0.0,20,26,271,3.3
Oruro - Aeropuerto,2026-09-07 11:00:00,105,0.0,10,26,261,1.2
Oruro - Aeropuerto,2026-09-07 11:00:00,108,0.0,-3,26,259,0.9
Oruro - Aeropuerto,2026-09-07 11:00:00,111,0.0,-3,26,249,0.5
Oruro - Ciudad,2026-09-07 11:00:00,3,0.0,21,36,311,5.6
Oruro - Ciudad,2026-09-07 11:00:00,6,0.0,21,37,335,4.8
Oruro - Ciudad,2026-09-07 11:00:00,9,0.0,11,36,351,4.1
Oruro - Ciudad,2026-09-07 11:00:00,12,0.0,5,36,38,3.2
Oruro - Ciudad,2026-09-07 11:00:00,15,0.0,3,56,77,2.2
Oruro - Ciudad,2026-09-07 11:00:00,18,0.0,3,57,266,2.4
Oruro - Ciudad,2026-09-07 11:00:00,21,0.0,8,56,355,1.7
Oruro - Ciudad,2026-09-07 11:00:00,24,0.0,14,56,302,2.6
Oruro - Ciudad,2026-09-07 11:00:00,27,0.0,21,56,232,3.6
Oruro - Ciudad,2026-09-07 11:00:00,30,0.0,21,56,320,3.8
Oruro - Ciudad,2026-09-07 11:00:00,33,0.0,12,56,42,3.9
Oruro - Ciudad,2026-09-07 11:00:00,36,0.0,8,56,106,3.7
Oruro - Ciudad,2026-09-07 11:00:00,39,0.0,2,56,161,3.5
Oruro - Ciudad,2026-09-07 11:00:00,42,0.0,2,36,296,1.4
Oruro - Ciudad,2026-09-07 11:00:00,45,0.0,8,36,229,1.1
Oruro - Ciudad,2026-09-07 11:00:00,48,0.0,12,36,252,2.2
Oruro - Ciudad,2026-09-07 11:00:00,51,0.0,22,36,272,3.2
Oruro - Ciudad,2026-09-07 11:00:00,54,0.0,22,36,263,3.8
Oruro - Ciudad,2026-09-07 11:00:00,57,0.0,12,37,254,4.3
Oruro - Ciudad,2026-09-07 11:00:00,60,0.0,6,37,257,3.3
Oruro - Ciudad,2026-09-07 11:00:00,63,0.0,1,57,256,2.3
Oruro - Ciudad,2026-09-07 11:00:00,66,0.0,1,56,314,3.0
Oruro - Ciudad,2026-09-07 11:00:00,69,0.0,6,56,14,3.2
Oruro - Ciudad,2026-09-07 11:00:00,72,0.0,13,56,323,5.4
Oruro - Ciudad,2026-09-07 11:00:00,75,0.0,23,36,265,7.6
Oruro - Ciudad,2026-09-07 11:00:00,78,0.0,23,37,256,8.3
Oruro - Ciudad,2026-09-07 11:00:00,81,0.0,10,56,240,8.9
Oruro - Ciudad,2026-09-07 11:00:00,84,0.0,3,56,266,5.8
Oruro - Ciudad,2026-09-07 11:00:00,87,0.0,-2,26,284,2.6
Oruro - Ciudad,2026-09-07 11:00:00,90,0.0,-2,26,306,3.1
Oruro - Ciudad,2026-09-07 11:00:00,93,0.0,5,26,344,3.3
Oruro - Ciudad,2026-09-07 11:00:00,96,0.0,11,26,330,4.1
Oruro - Ciudad,2026-09-07 11:00:00,99,0.0,22,26,310,5.0
Oruro - Ciudad,2026-09-07 11:00:00,102,0.0,22,26,263,4.2
Oruro - Ciudad,2026-09-07 11:00:00,105,0.0,11,26,207,3.4
Oruro - Ciudad,2026-09-07 11:00:00,108,0.0,-2,26,223,2.3
Oruro - Ciudad,2026-09-07 11:00:00,111,0.0,-2,26,216,1.3
Pailon - Pozo del Tigre,2026-09-07 11:00:00,3,0.0,28,26,150,2.0
Pailon - Pozo del Tigre,2026-09-07 11:00:00,6,0.0,28,26,164,1.9
Pailon - Pozo del Tigre,2026-09-07 11:00:00,9,0.0,27,36,174,1.7
Pailon - Pozo del Tigre,2026-09-07 11:00:00,12,0.0,24,36,154,1.6
Pailon - Pozo del Tigre,2026-09-07 11:00:00,15,0.0,18,36,130,1.6
Pailon - Pozo del Tigre,2026-09-07 11:00:00,18,0.0,18,36,2,1.3
Pailon - Pozo del Tigre,2026-09-07 11:00:00,21,0.0,23,36,340,1.5
Pailon - Pozo del Tigre,2026-09-07 11:00:00,24,0.0,27,36,340,3.8
Pailon - Pozo del Tigre,2026-09-07 11:00:00,27,0.0,31,36,330,6.2
Pailon - Pozo del Tigre,2026-09-07 11:00:00,30,0.0,31,36,340,5.0
Pailon - Pozo del Tigre,2026-09-07 11:00:00,33,0.0,26,26,340,3.8
Pailon - Pozo del Tigre,2026-09-07 11:00:00,36,0.0,22,26,346,3.9
Pailon - Pozo del Tigre,2026-09-07 11:00:00,39,0.0,19,36,346,4.0
Pailon - Pozo del Tigre,2026-09-07 11:00:00,42,0.0,19,36,330,3.2
Pailon - Pozo del Tigre,2026-09-07 11:00:00,45,0.0,23,36,320,3.7
Pailon - Pozo del Tigre,2026-09-07 11:00:00,48,0.0,28,36,320,5.3
Pailon - Pozo del Tigre,2026-09-07 11:00:00,51,0.0,32,35,320,6.9
Pailon - Pozo del Tigre,2026-09-07 11:00:00,54,0.0,32,36,339,5.4
Pailon - Pozo del Tigre,2026-09-07 11:00:00,57,0.0,26,36,349,4.0
Pailon - Pozo del Tigre,2026-09-07 11:00:00,60,0.0,22,36,349,3.9
Pailon - Pozo del Tigre,2026-09-07 11:00:00,63,0.0,20,56,340,3.8
Pailon - Pozo del Tigre,2026-09-07 11:00:00,66,0.0,20,56,316,3.9
Pailon - Pozo del Tigre,2026-09-07 11:00:00,69,0.0,25,56,293,4.1
Pailon - Pozo del Tigre,2026-09-07 11:00:00,72,0.0,26,56,300,4.5
Pailon - Pozo del Tigre,2026-09-07 11:00:00,75,0.0,31,56,302,4.9
Pailon - Pozo del Tigre,2026-09-07 11:00:00,78,0.0,31,57,312,5.1
Pailon - Pozo del Tigre,2026-09-07 11:00:00,81,0.0,27,56,313,5.2
Pailon - Pozo del Tigre,2026-09-07 11:00:00,84,0.0,20,56,324,4.4
Pailon - Pozo del Tigre,2026-09-07 11:00:00,87,0.0,20,37,331,3.6
Pailon - Pozo del Tigre,2026-09-07 11:00:00,90,0.0,30,37,340,5.5
Pailon - Pozo del Tigre,2026-09-07 11:00:00,93,0.0,31,37,336,6.7
Pailon - Pozo del Tigre,2026-09-07 11:00:00,96,0.0,36,36,326,7.6
Pailon - Pozo del Tigre,2026-09-07 11:00:00,99,0.0,40,37,310,8.5
Pailon - Pozo del Tigre,2026-09-07 11:00:00,102,0.0,38,36,314,6.8
Pailon - Pozo del Tigre,2026-09-07 11:00:00,105,0.0,35,56,314,5.3
Pailon - Pozo del Tigre,2026-09-07 11:00:00,108,0.0,31,56,270,6.6
Pailon - Pozo del Tigre,2026-09-07 11:00:00,111,0.0,28,36,216,7.9
Palos Blancos,2026-09-07 11:00:00,3,0.0,30,56,7,1.7
Palos Blancos,2026-09-07 11:00:00,6,0.0,30,56,64,1.2
Palos Blancos,2026-09-07 11:00:00,9,0.0,25,36,125,0.7
Palos Blancos,2026-09-07 11:00:00,12,0.0,21,36,150,0.9
Palos Blancos,2026-09-07 11:00:00,15,0.0,16,35,165,1.0
Palos Blancos,2026-09-07 11:00:00,18,0.0,16,36,186,0.6
Palos Blancos,2026-09-07 11:00:00,21,0.0,19,36,206,0.3
Palos Blancos,2026-09-07 11:00:00,24,0.0,22,36,283,0.9
Palos Blancos,2026-09-07 11:00:00,27,1.9,25,89,351,1.6
Palos Blancos,2026-09-07 11:00:00,30,1.4,25,89,52,1.1
Palos Blancos,2026-09-07 11:00:00,33,0.0,23,56,161,0.7
Palos Blancos,2026-09-07 11:00:00,36,0.0,21,56,170,0.8
Palos Blancos,2026-09-07 11:00:00,39,0.0,17,37,175,1.0
Palos Blancos,2026-09-07 11:00:00,42,0.0,17,56,175,0.9
Palos Blancos,2026-09-07 11:00:00,45,0.0,21,56,183,0.6
Palos Blancos,2026-09-07 11:00:00,48,0.0,24,55,271,1.4
Palos Blancos,2026-09-07 11:00:00,51,0.0,26,35,351,2.1
Palos Blancos,2026-09-07 11:00:00,54,0.0,26,36,273,1.8
Palos Blancos,2026-09-07 11:00:00,57,0.0,23,57,193,1.6
Palos Blancos,2026-09-07 11:00:00,60,0.0,21,56,193,1.2
Palos Blancos,2026-09-07 11:00:00,63,0.0,18,56,192,0.9
Palos Blancos,2026-09-07 11:00:00,66,0.0,18,57,175,1.0
Palos Blancos,2026-09-07 11:00:00,69,0.0,21,56,175,0.9
Palos Blancos,2026-09-07 11:00:00,72,0.0,23,56,220,1.5
Palos Blancos,2026-09-07 11:00:00,75,0.9,26,88,264,2.1
Palos Blancos,2026-09-07 11:00:00,78,1.6,26,89,235,1.7
Palos Blancos,2026-09-07 11:00:00,81,1.1,23,89,198,1.3
Palos Blancos,2026-09-07 11:00:00,84,1.1,21,89,175,1.1
Palos Blancos,2026-09-07 11:00:00,87,0.0,19,36,150,0.9
Palos Blancos,2026-09-07 11:00:00,90,0.0,19,36,202,0.8
Palos Blancos,2026-09-07 11:00:00,93,0.0,21,36,202,0.6
Palos Blancos,2026-09-07 11:00:00,96,0.0,23,36,273,1.3
Palos Blancos,2026-09-07 11:00:00,99,0.0,25,57,335,1.9
Palos Blancos,2026-09-07 11:00:00,102,0.0,25,56,57,1.5
Palos Blancos,2026-09-07 11:00:00,105,0.0,22,56,130,1.2
Palos Blancos,2026-09-07 11:00:00,108,0.0,19,56,157,1.1
Palos Blancos,2026-09-07 11:00:00,111,0.0,19,57,183,1.1
Paniagua_M (GPRS),2026-09-07 11:00:00,3,0.0,27,56,43,0.7
Paniagua_M (GPRS),2026-09-07 11:00:00,6,0.0,27,56,300,0.8
Paniagua_M (GPRS),2026-09-07 11:00:00,9,0.0,24,37,235,0.8
Paniagua_M (GPRS),2026-09-07 11:00:00,12,0.0,21,36,245,0.9
Paniagua_M (GPRS),2026-09-07 11:00:00,15,0.0,13,36,247,1.0
Paniagua_M (GPRS),2026-09-07 11:00:00,18,0.0,13,36,308,0.8
Paniagua_M (GPRS),2026-09-07 11:00:00,21,0.0,17,36,4,0.5
Paniagua_M (GPRS),2026-09-07 11:00:00,24,0.0,20,37,28,0.9
Paniagua_M (GPRS),2026-09-07 11:00:00,27,1.8,23,89,45,1.5
Paniagua_M (GPRS),2026-09-07 11:00:00,30,1.8,23,89,327,1.5
Paniagua_M (GPRS),2026-09-07 11:00:00,33,0.0,20,56,249,1.6
Paniagua_M (GPRS),2026-09-07 11:00:00,36,0.0,18,56,254,1.5
Paniagua_M (GPRS),2026-09-07 11:00:00,39,0.0,14,36,251,1.4
Paniagua_M (GPRS),2026-09-07 11:00:00,42,0.0,14,56,255,0.9
Paniagua_M (GPRS),2026-09-07 11:00:00,45,0.0,19,56,258,0.7
Paniagua_M (GPRS),2026-09-07 11:00:00,48,0.0,21,57,192,1.0
Paniagua_M (GPRS),2026-09-07 11:00:00,51,0.0,24,36,92,1.4
Paniagua_M (GPRS),2026-09-07 11:00:00,54,0.0,24,36,148,1.5
Paniagua_M (GPRS),2026-09-07 11:00:00,57,0.0,22,56,196,1.6
Paniagua_M (GPRS),2026-09-07 11:00:00,60,0.0,19,56,215,1.3
Paniagua_M (GPRS),2026-09-07 11:00:00,63,0.0,15,56,229,1.0
Paniagua_M (GPRS),2026-09-07 11:00:00,66,0.0,15,56,254,1.0
Paniagua_M (GPRS),2026-09-07 11:00:00,69,0.0,19,55,263,0.6
Paniagua_M (GPRS),2026-09-07 11:00:00,72,0.0,21,56,214,1.2
Paniagua_M (GPRS),2026-09-07 11:00:00,75,1.2,24,90,158,1.7
Paniagua_M (GPRS),2026-09-07 11:00:00,78,1.0,24,89,193,1.2
Paniagua_M (GPRS),2026-09-07 11:00:00,81,1.2,22,89,225,0.6
Paniagua_M (GPRS),2026-09-07 11:00:00,84,1.2,20,89,242,1.0
Paniagua_M (GPRS),2026-09-07 11:00:00,87,0.0,16,36,256,1.3
Paniagua_M (GPRS),2026-09-07 11:00:00,90,0.0,16,37,246,1.0
Paniagua_M (GPRS),2026-09-07 11:00:00,93,0.0,19,37,241,0.5
Paniagua_M (GPRS),2026-09-07 11:00:00,96,0.0,21,36,342,0.9
Paniagua_M (GPRS),2026-09-07 11:00:00,99,0.0,23,56,42,1.3
Paniagua_M (GPRS),2026-09-07 11:00:00,102,0.0,23,56,24,1.9
Paniagua_M (GPRS),2026-09-07 11:00:00,105,0.0,19,56,225,2.4
Paniagua_M (GPRS),2026-09-07 11:00:00,108,0.0,16,56,237,2.2
Paniagua_M (GPRS),2026-09-07 11:00:00,111,0.0,16,57,244,1.9
Patacamaya (INIAF),2026-09-07 11:00:00,3,0.0,17,56,360,5.5
Patacamaya (INIAF),2026-09-07 11:00:00,6,0.0,17,56,10,5.3
Patacamaya (INIAF),2026-09-07 11:00:00,9,0.0,13,57,18,5.0
Patacamaya (INIAF),2026-09-07 11:00:00,12,0.0,9,56,19,3.0
Patacamaya (INIAF),2026-09-07 11:00:00,15,2.1,4,89,12,0.9
Patacamaya (INIAF),2026-09-07 11:00:00,18,2.4,4,90,10,2.6
Patacamaya (INIAF),2026-09-07 11:00:00,21,0.6,6,89,360,2.7
Patacamaya (INIAF),2026-09-07 11:00:00,24,1.9,11,89,341,2.6
Patacamaya (INIAF),2026-09-07 11:00:00,27,0.8,14,89,312,2.4
Patacamaya (INIAF),2026-09-07 11:00:00,30,2.4,14,89,352,2.4
Patacamaya (INIAF),2026-09-07 11:00:00,33,2.4,11,90,22,2.3
Patacamaya (INIAF),2026-09-07 11:00:00,36,0.8,8,89,11,2.2
Patacamaya (INIAF),2026-09-07 11:00:00,39,1.8,4,89,359,2.1
Patacamaya (INIAF),2026-09-07 11:00:00,42,0.0,4,37,322,1.2
Patacamaya (INIAF),2026-09-07 11:00:00,45,0.0,6,36,282,0.6
Patacamaya (INIAF),2026-09-07 11:00:00,48,0.0,11,35,320,1.9
Patacamaya (INIAF),2026-09-07 11:00:00,51,0.0,15,57,349,3.1
Patacamaya (INIAF),2026-09-07 11:00:00,54,0.0,15,56,12,2.1
Patacamaya (INIAF),2026-09-07 11:00:00,57,0.0,9,37,27,1.1
Patacamaya (INIAF),2026-09-07 11:00:00,60,0.0,5,36,52,2.1
Patacamaya (INIAF),2026-09-07 11:00:00,63,0.0,1,57,66,2.9
Patacamaya (INIAF),2026-09-07 11:00:00,66,0.0,1,57,348,3.1
Patacamaya (INIAF),2026-09-07 11:00:00,69,0.0,6,57,358,3.3
Patacamaya (INIAF),2026-09-07 11:00:00,72,0.0,10,57,338,4.9
Patacamaya (INIAF),2026-09-07 11:00:00,75,1.3,16,89,309,6.6
Patacamaya (INIAF),2026-09-07 11:00:00,78,1.7,16,89,290,6.0
Patacamaya (INIAF),2026-09-07 11:00:00,81,0.0,8,55,269,5.4
Patacamaya (INIAF),2026-09-07 11:00:00,84,0.0,3,55,298,3.9
Patacamaya (INIAF),2026-09-07 11:00:00,87,0.0,-2,27,318,2.3
Patacamaya (INIAF),2026-09-07 11:00:00,90,0.0,-2,26,328,3.2
Patacamaya (INIAF),2026-09-07 11:00:00,93,0.0,6,26,337,3.5
Patacamaya (INIAF),2026-09-07 11:00:00,96,0.0,10,26,337,4.2
Patacamaya (INIAF),2026-09-07 11:00:00,99,0.0,17,36,337,4.9
Patacamaya (INIAF),2026-09-07 11:00:00,102,0.0,17,36,347,4.0
Patacamaya (INIAF),2026-09-07 11:00:00,105,0.0,8,26,347,3.2
Patacamaya (INIAF),2026-09-07 11:00:00,108,0.0,-2,27,357,2.7
Patacamaya (INIAF),2026-09-07 11:00:00,111,0.0,-2,26,359,2.2
Potosí,2026-09-07 11:00:00,3,0.0,22,35,290,5.4
Potosí,2026-09-07 11:00:00,6,0.0,22,37,244,4.4
Potosí,2026-09-07 11:00:00,9,0.0,14,36,190,3.4
Potosí,2026-09-07 11:00:00,12,0.0,8,36,252,2.4
Potosí,2026-09-07 11:00:00,15,0.0,2,36,306,1.6
Potosí,2026-09-07 11:00:00,18,0.0,2,36,307,2.0
Potosí,2026-09-07 11:00:00,21,0.0,7,36,313,1.9
Potosí,2026-09-07 11:00:00,24,0.0,11,35,291,4.2
Potosí,2026-09-07 11:00:00,27,0.0,21,56,264,6.5
Potosí,2026-09-07 11:00:00,30,0.0,21,56,250,5.3
Potosí,2026-09-07 11:00:00,33,0.0,13,36,227,4.2
Potosí,2026-09-07 11:00:00,36,0.0,7,37,260,3.1
Potosí,2026-09-07 11:00:00,39,0.0,2,37,290,2.0
Potosí,2026-09-07 11:00:00,42,0.0,2,26,290,2.1
Potosí,2026-09-07 11:00:00,45,0.0,6,26,285,2.4
Potosí,2026-09-07 11:00:00,48,0.0,12,26,281,4.8
Potosí,2026-09-07 11:00:00,51,0.0,22,26,274,7.1
Potosí,2026-09-07 11:00:00,54,0.0,22,26,246,5.3
Potosí,2026-09-07 11:00:00,57,0.0,9,26,212,3.5
Potosí,2026-09-07 11:00:00,60,0.0,5,27,263,2.8
Potosí,2026-09-07 11:00:00,63,0.0,1,36,313,2.1
Potosí,2026-09-07 11:00:00,66,0.0,1,36,320,3.1
Potosí,2026-09-07 11:00:00,69,0.0,5,36,316,3.7
Potosí,2026-09-07 11:00:00,72,0.0,10,36,303,7.0
Potosí,2026-09-07 11:00:00,75,0.0,22,56,291,10.4
Potosí,2026-09-07 11:00:00,78,0.0,22,57,280,9.0
Potosí,2026-09-07 11:00:00,81,0.0,10,56,260,7.7
Potosí,2026-09-07 11:00:00,84,0.0,2,56,287,5.4
Potosí,2026-09-07 11:00:00,87,0.0,-1,27,314,3.2
Potosí,2026-09-07 11:00:00,90,0.0,-1,26,310,4.1
Potosí,2026-09-07 11:00:00,93,0.0,4,26,310,4.1
Potosí,2026-09-07 11:00:00,96,0.0,11,26,293,5.3
Potosí,2026-09-07 11:00:00,99,0.0,22,26,273,6.6
Potosí,2026-09-07 11:00:00,102,0.0,22,26,323,4.8
Potosí,2026-09-07 11:00:00,105,0.0,8,26,6,3.0
Potosí,2026-09-07 11:00:00,108,0.0,-2,27,6,3.0
Potosí,2026-09-07 11:00:00,111,0.0,-2,26,3,2.9
Potosí Aeropuerto,2026-09-07 11:00:00,3,0.0,20,36,280,7.9
Potosí Aeropuerto,2026-09-07 11:00:00,6,0.0,20,35,251,5.3
Potosí Aeropuerto,2026-09-07 11:00:00,9,0.0,14,35,221,2.8
Potosí Aeropuerto,2026-09-07 11:00:00,12,0.0,6,36,260,2.3
Potosí Aeropuerto,2026-09-07 11:00:00,15,0.0,0,35,290,1.9
Potosí Aeropuerto,2026-09-07 11:00:00,18,0.0,0,36,299,2.0
Potosí Aeropuerto,2026-09-07 11:00:00,21,0.0,6,37,290,1.9
Potosí Aeropuerto,2026-09-07 11:00:00,24,0.0,10,37,289,4.9
Potosí Aeropuerto,2026-09-07 11:00:00,27,0.0,20,56,279,7.9
Potosí Aeropuerto,2026-09-07 11:00:00,30,0.0,20,57,259,6.7
Potosí Aeropuerto,2026-09-07 11:00:00,33,0.0,12,35,230,5.4
Potosí Aeropuerto,2026-09-07 11:00:00,36,0.0,5,36,269,3.9
Potosí Aeropuerto,2026-09-07 11:00:00,39,0.0,0,36,299,2.4
Potosí Aeropuerto,2026-09-07 11:00:00,42,0.0,0,27,280,2.6
Potosí Aeropuerto,2026-09-07 11:00:00,45,0.0,5,27,280,2.9
Potosí Aeropuerto,2026-09-07 11:00:00,48,0.0,11,27,280,6.1
Potosí Aeropuerto,2026-09-07 11:00:00,51,0.0,21,26,279,9.3
Potosí Aeropuerto,2026-09-07 11:00:00,54,0.0,21,27,259,6.3
Potosí Aeropuerto,2026-09-07 11:00:00,57,0.0,8,26,239,3.3
Potosí Aeropuerto,2026-09-07 11:00:00,60,0.0,3,26,270,2.8
Potosí Aeropuerto,2026-09-07 11:00:00,63,0.0,-2,35,300,2.3
Potosí Aeropuerto,2026-09-07 11:00:00,66,0.0,-2,35,290,2.6
Potosí Aeropuerto,2026-09-07 11:00:00,69,0.0,4,36,290,3.3
Potosí Aeropuerto,2026-09-07 11:00:00,72,0.0,8,36,290,8.0
Potosí Aeropuerto,2026-09-07 11:00:00,75,0.0,21,56,289,12.9
Potosí Aeropuerto,2026-09-07 11:00:00,78,0.0,21,56,289,10.2
Potosí Aeropuerto,2026-09-07 11:00:00,81,0.0,6,57,279,7.4
Potosí Aeropuerto,2026-09-07 11:00:00,84,0.0,-1,57,280,5.6
Potosí Aeropuerto,2026-09-07 11:00:00,87,0.0,-4,26,281,3.8
Potosí Aeropuerto,2026-09-07 11:00:00,90,0.0,-4,26,300,5.4
Potosí Aeropuerto,2026-09-07 11:00:00,93,0.0,4,26,290,5.1
Potosí Aeropuerto,2026-09-07 11:00:00,96,0.0,8,26,290,6.8
Potosí Aeropuerto,2026-09-07 11:00:00,99,0.0,21,26,280,8.6
Potosí Aeropuerto,2026-09-07 11:00:00,102,0.0,21,26,300,5.8
Potosí Aeropuerto,2026-09-07 11:00:00,105,0.0,7,26,310,2.9
Potosí Aeropuerto,2026-09-07 11:00:00,108,0.0,-4,25,321,3.0
Potosí Aeropuerto,2026-09-07 11:00:00,111,0.0,-4,25,332,3.0
Puerto Rico S,2026-09-07 11:00:00,3,0.0,31,56,143,2.2
Puerto Rico S,2026-09-07 11:00:00,6,0.0,31,55,187,1.8
Puerto Rico S,2026-09-07 11:00:00,9,0.0,27,55,230,1.3
Puerto Rico S,2026-09-07 11:00:00,12,0.0,23,56,224,1.3
Puerto Rico S,2026-09-07 11:00:00,15,0.0,19,56,210,1.2
Puerto Rico S,2026-09-07 11:00:00,18,0.0,19,57,193,0.8
Puerto Rico S,2026-09-07 11:00:00,21,0.0,23,56,180,0.9
Puerto Rico S,2026-09-07 11:00:00,24,0.0,25,57,263,1.1
Puerto Rico S,2026-09-07 11:00:00,27,0.0,28,36,343,1.4
Puerto Rico S,2026-09-07 11:00:00,30,0.0,28,36,343,1.5
Puerto Rico S,2026-09-07 11:00:00,33,0.0,26,36,340,1.4
Puerto Rico S,2026-09-07 11:00:00,36,0.0,24,36,320,1.1
Puerto Rico S,2026-09-07 11:00:00,39,0.0,22,36,293,0.8
Puerto Rico S,2026-09-07 11:00:00,42,0.0,22,25,337,1.1
Puerto Rico S,2026-09-07 11:00:00,45,0.0,26,26,320,1.2
Puerto Rico S,2026-09-07 11:00:00,48,0.0,28,26,330,1.6
Puerto Rico S,2026-09-07 11:00:00,51,0.0,30,36,330,2.0
Puerto Rico S,2026-09-07 11:00:00,54,0.0,30,36,360,1.7
Puerto Rico S,2026-09-07 11:00:00,57,0.0,27,27,26,1.3
Puerto Rico S,2026-09-07 11:00:00,60,0.0,25,27,6,1.4
Puerto Rico S,2026-09-07 11:00:00,63,0.0,22,37,337,1.3
Puerto Rico S,2026-09-07 11:00:00,66,0.0,22,37,316,1.6
Puerto Rico S,2026-09-07 11:00:00,69,0.0,25,36,300,1.9
Puerto Rico S,2026-09-07 11:00:00,72,0.0,28,36,313,2.0
Puerto Rico S,2026-09-07 11:00:00,75,0.0,31,56,317,2.0
Puerto Rico S,2026-09-07 11:00:00,78,0.0,31,56,354,1.8
Puerto Rico S,2026-09-07 11:00:00,81,0.0,28,36,27,1.6
Puerto Rico S,2026-09-07 11:00:00,84,0.0,26,36,7,1.5
Puerto Rico S,2026-09-07 11:00:00,87,0.0,22,36,340,1.5
Puerto Rico S,2026-09-07 11:00:00,90,0.0,22,37,340,1.9
Puerto Rico S,2026-09-07 11:00:00,93,0.0,26,36,323,2.0
Puerto Rico S,2026-09-07 11:00:00,96,0.0,28,35,323,2.3
Puerto Rico S,2026-09-07 11:00:00,99,0.0,31,36,313,2.7
Puerto Rico S,2026-09-07 11:00:00,102,0.0,31,36,340,2.1
Puerto Rico S,2026-09-07 11:00:00,105,0.0,27,37,360,1.5
Puerto Rico S,2026-09-07 11:00:00,108,0.0,22,36,360,1.5
Puerto Rico S,2026-09-07 11:00:00,111,0.0,22,36,356,1.5
Puerto Suárez,2026-09-07 11:00:00,3,0.0,34,37,179,2.0
Puerto Suárez,2026-09-07 11:00:00,6,0.0,34,36,179,2.0
Puerto Suárez,2026-09-07 11:00:00,9,0.0,29,27,179,1.9
Puerto Suárez,2026-09-07 11:00:00,12,0.0,24,26,190,1.5
Puerto Suárez,2026-09-07 11:00:00,15,0.0,20,36,198,1.2
Puerto Suárez,2026-09-07 11:00:00,18,0.0,20,36,141,1.0
Puerto Suárez,2026-09-07 11:00:00,21,0.0,27,35,69,1.3
Puerto Suárez,2026-09-07 11:00:00,24,0.0,31,37,39,2.2
Puerto Suárez,2026-09-07 11:00:00,27,0.0,36,35,9,3.0
Puerto Suárez,2026-09-07 11:00:00,30,0.0,36,36,10,2.3
Puerto Suárez,2026-09-07 11:00:00,33,0.0,31,27,3,1.5
Puerto Suárez,2026-09-07 11:00:00,36,0.0,26,26,40,1.7
Puerto Suárez,2026-09-07 11:00:00,39,0.0,22,36,69,1.8
Puerto Suárez,2026-09-07 11:00:00,42,0.0,22,36,40,1.8
Puerto Suárez,2026-09-07 11:00:00,45,0.0,27,36,20,2.0
Puerto Suárez,2026-09-07 11:00:00,48,0.0,33,36,360,3.0
Puerto Suárez,2026-09-07 11:00:00,51,0.0,37,37,340,4.1
Puerto Suárez,2026-09-07 11:00:00,54,0.0,37,36,49,2.8
Puerto Suárez,2026-09-07 11:00:00,57,0.0,30,35,109,1.4
Puerto Suárez,2026-09-07 11:00:00,60,0.0,25,37,89,1.9
Puerto Suárez,2026-09-07 11:00:00,63,0.0,23,35,69,2.3
Puerto Suárez,2026-09-07 11:00:00,66,0.0,23,36,353,3.2
Puerto Suárez,2026-09-07 11:00:00,69,0.0,29,37,340,4.0
Puerto Suárez,2026-09-07 11:00:00,72,0.0,33,36,308,4.1
Puerto Suárez,2026-09-07 11:00:00,75,0.0,36,56,268,4.2
Puerto Suárez,2026-09-07 11:00:00,78,0.0,36,56,200,3.1
Puerto Suárez,2026-09-07 11:00:00,81,0.0,27,36,129,2.0
Puerto Suárez,2026-09-07 11:00:00,84,0.0,23,36,109,1.9
Puerto Suárez,2026-09-07 11:00:00,87,0.0,23,26,87,1.8
Puerto Suárez,2026-09-07 11:00:00,90,0.0,32,26,350,4.2
Puerto Suárez,2026-09-07 11:00:00,93,0.0,34,26,341,4.8
Puerto Suárez,2026-09-07 11:00:00,96,0.0,39,26,340,5.6
Puerto Suárez,2026-09-07 11:00:00,99,0.0,43,37,330,6.3
Puerto Suárez,2026-09-07 11:00:00,102,0.0,39,36,337,4.0
Puerto Suárez,2026-09-07 11:00:00,105,0.0,34,36,343,1.7
Puerto Suárez,2026-09-07 11:00:00,108,0.0,29,36,266,1.5
Puerto Suárez,2026-09-07 11:00:00,111,0.0,24,26,187,1.5
Puerto Villarroel,2026-09-07 11:00:00,3,0.0,29,36,49,1.0
Puerto Villarroel,2026-09-07 11:00:00,6,0.0,29,36,81,0.9
Puerto Villarroel,2026-09-07 11:00:00,9,0.0,26,36,108,0.7
Puerto Villarroel,2026-09-07 11:00:00,12,0.0,23,36,137,0.8
Puerto Villarroel,2026-09-07 11:00:00,15,0.0,19,36,160,0.8
Puerto Villarroel,2026-09-07 11:00:00,18,0.0,19,37,268,0.7
Puerto Villarroel,2026-09-07 11:00:00,21,0.0,23,36,280,0.6
Puerto Villarroel,2026-09-07 11:00:00,24,0.0,25,36,300,1.8
Puerto Villarroel,2026-09-07 11:00:00,27,0.0,31,37,318,3.0
Puerto Villarroel,2026-09-07 11:00:00,30,0.0,31,36,296,2.2
Puerto Villarroel,2026-09-07 11:00:00,33,0.0,26,36,272,1.4
Puerto Villarroel,2026-09-07 11:00:00,36,0.0,24,36,264,1.3
Puerto Villarroel,2026-09-07 11:00:00,39,0.0,20,37,248,1.1
Puerto Villarroel,2026-09-07 11:00:00,42,0.0,20,36,290,1.0
Puerto Villarroel,2026-09-07 11:00:00,45,0.0,24,36,324,0.9
Puerto Villarroel,2026-09-07 11:00:00,48,0.0,26,36,324,2.4
Puerto Villarroel,2026-09-07 11:00:00,51,0.0,33,36,317,3.9
Puerto Villarroel,2026-09-07 11:00:00,54,0.0,33,36,277,2.8
Puerto Villarroel,2026-09-07 11:00:00,57,0.0,25,36,232,1.7
Puerto Villarroel,2026-09-07 11:00:00,60,0.0,22,36,294,1.5
Puerto Villarroel,2026-09-07 11:00:00,63,0.0,20,56,350,1.1
Puerto Villarroel,2026-09-07 11:00:00,66,0.0,20,56,340,1.3
Puerto Villarroel,2026-09-07 11:00:00,69,0.0,25,56,327,1.3
Puerto Villarroel,2026-09-07 11:00:00,72,0.0,29,56,304,1.6
Puerto Villarroel,2026-09-07 11:00:00,75,0.0,32,56,276,2.0
Puerto Villarroel,2026-09-07 11:00:00,78,0.0,32,57,260,2.4
Puerto Villarroel,2026-09-07 11:00:00,81,1.2,21,89,236,2.9
Puerto Villarroel,2026-09-07 11:00:00,84,1.4,20,89,258,2.2
Puerto Villarroel,2026-09-07 11:00:00,87,0.0,20,36,278,1.5
Puerto Villarroel,2026-09-07 11:00:00,90,0.0,25,36,290,1.6
Puerto Villarroel,2026-09-07 11:00:00,93,0.0,27,36,298,1.7
Puerto Villarroel,2026-09-07 11:00:00,96,0.0,33,36,305,2.9
Puerto Villarroel,2026-09-07 11:00:00,99,1.6,40,89,308,4.3
Puerto Villarroel,2026-09-07 11:00:00,102,2.1,35,89,313,2.9
Puerto Villarroel,2026-09-07 11:00:00,105,0.0,30,36,312,1.5
Puerto Villarroel,2026-09-07 11:00:00,108,0.0,28,36,8,1.4
Puerto Villarroel,2026-09-07 11:00:00,111,0.0,26,36,57,1.4
Quetenas (GPRS),2026-09-07 11:00:00,3,0.0,13,36,260,11.0
Quetenas (GPRS),2026-09-07 11:00:00,6,0.0,13,36,254,8.2
Quetenas (GPRS),2026-09-07 11:00:00,9,0.0,7,26,244,5.4
Quetenas (GPRS),2026-09-07 11:00:00,12,0.0,2,26,265,3.7
Quetenas (GPRS),2026-09-07 11:00:00,15,0.0,-4,36,281,2.0
Quetenas (GPRS),2026-09-07 11:00:00,18,0.0,-4,36,283,2.4
Quetenas (GPRS),2026-09-07 11:00:00,21,0.0,3,36,295,2.5
Quetenas (GPRS),2026-09-07 11:00:00,24,0.0,7,36,286,6.9
Quetenas (GPRS),2026-09-07 11:00:00,27,0.0,11,36,271,11.1
Quetenas (GPRS),2026-09-07 11:00:00,30,0.0,11,37,260,8.0
Quetenas (GPRS),2026-09-07 11:00:00,33,0.0,7,36,245,4.9
Quetenas (GPRS),2026-09-07 11:00:00,36,0.0,3,37,254,3.6
Quetenas (GPRS),2026-09-07 11:00:00,39,0.0,-5,36,254,2.2
Quetenas (GPRS),2026-09-07 11:00:00,42,0.0,-5,26,264,2.5
Quetenas (GPRS),2026-09-07 11:00:00,45,0.0,1,26,275,2.9
Quetenas (GPRS),2026-09-07 11:00:00,48,0.0,6,26,275,7.1
Quetenas (GPRS),2026-09-07 11:00:00,51,0.0,11,26,270,11.4
Quetenas (GPRS),2026-09-07 11:00:00,54,0.0,11,26,255,8.0
Quetenas (GPRS),2026-09-07 11:00:00,57,0.0,6,26,240,4.6
Quetenas (GPRS),2026-09-07 11:00:00,60,0.0,-2,26,249,3.2
Quetenas (GPRS),2026-09-07 11:00:00,63,0.0,-6,26,249,1.7
Quetenas (GPRS),2026-09-07 11:00:00,66,0.0,-6,27,300,2.3
Quetenas (GPRS),2026-09-07 11:00:00,69,0.0,-3,26,320,2.8
Quetenas (GPRS),2026-09-07 11:00:00,72,0.0,1,26,300,7.7
Quetenas (GPRS),2026-09-07 11:00:00,75,0.0,11,26,270,12.6
Quetenas (GPRS),2026-09-07 11:00:00,78,0.0,11,26,280,9.7
Quetenas (GPRS),2026-09-07 11:00:00,81,0.0,3,26,281,6.7
Quetenas (GPRS),2026-09-07 11:00:00,84,0.0,-2,26,291,5.0
Quetenas (GPRS),2026-09-07 11:00:00,87,0.0,-6,27,296,3.3
Quetenas (GPRS),2026-09-07 11:00:00,90,0.0,-5,26,296,5.6
Quetenas (GPRS),2026-09-07 11:00:00,93,0.0,-1,26,281,4.0
Quetenas (GPRS),2026-09-07 11:00:00,96,0.0,4,27,280,7.6
Quetenas (GPRS),2026-09-07 11:00:00,99,0.0,11,27,270,11.2
Quetenas (GPRS),2026-09-07 11:00:00,102,0.0,11,26,275,6.7
Quetenas (GPRS),2026-09-07 11:00:00,105,0.0,0,26,275,2.2
Quetenas (GPRS),2026-09-07 11:00:00,108,0.0,-5,26,282,1.9
Quetenas (GPRS),2026-09-07 11:00:00,111,0.0,-6,27,283,1.7
Reyes,2026-09-07 11:00:00,3,0.0,30,36,111,1.4
Reyes,2026-09-07 11:00:00,6,0.0,30,36,177,1.0
Reyes,2026-09-07 11:00:00,9,0.0,26,35,272,0.7
Reyes,2026-09-07 11:00:00,12,0.0,22,36,251,0.9
Reyes,2026-09-07 11:00:00,15,0.0,18,26,220,1.1
Reyes,2026-09-07 11:00:00,18,0.0,18,26,232,0.8
Reyes,2026-09-07 11:00:00,21,0.0,24,25,232,0.7
Reyes,2026-09-07 11:00:00,24,0.0,27,26,283,1.5
Reyes,2026-09-07 11:00:00,27,0.0,32,37,331,2.3
Reyes,2026-09-07 11:00:00,30,0.0,31,36,312,1.7
Reyes,2026-09-07 11:00:00,33,0.0,28,26,291,1.1
Reyes,2026-09-07 11:00:00,36,0.0,24,27,269,1.1
Reyes,2026-09-07 11:00:00,39,0.0,20,26,239,1.1
Reyes,2026-09-07 11:00:00,42,0.0,20,26,279,1.0
Reyes,2026-09-07 11:00:00,45,0.0,25,26,309,0.8
Reyes,2026-09-07 11:00:00,48,0.0,29,26,327,2.0
Reyes,2026-09-07 11:00:00,51,0.0,33,36,338,3.3
Reyes,2026-09-07 11:00:00,54,0.0,33,36,317,2.3
Reyes,2026-09-07 11:00:00,57,0.0,30,36,288,1.3
Reyes,2026-09-07 11:00:00,60,0.0,25,36,268,1.1
Reyes,2026-09-07 11:00:00,63,0.0,20,56,239,0.9
Reyes,2026-09-07 11:00:00,66,0.0,21,56,254,1.1
Reyes,2026-09-07 11:00:00,69,0.0,27,55,244,0.7
Reyes,2026-09-07 11:00:00,72,0.0,31,57,293,2.5
Reyes,2026-09-07 11:00:00,75,0.0,34,36,331,4.4
Reyes,2026-09-07 11:00:00,78,0.0,34,36,312,3.0
Reyes,2026-09-07 11:00:00,81,0.0,28,55,293,1.5
Reyes,2026-09-07 11:00:00,84,0.0,25,56,246,1.0
Reyes,2026-09-07 11:00:00,87,0.0,21,26,191,0.7
Reyes,2026-09-07 11:00:00,90,0.0,21,26,252,0.6
Reyes,2026-09-07 11:00:00,93,0.0,24,26,244,0.6
Reyes,2026-09-07 11:00:00,96,0.0,30,26,282,2.2
Reyes,2026-09-07 11:00:00,99,0.0,34,36,318,3.7
Reyes,2026-09-07 11:00:00,102,0.0,34,36,297,2.6
Reyes,2026-09-07 11:00:00,105,0.0,29,26,269,1.5
Reyes,2026-09-07 11:00:00,108,0.0,20,26,272,1.4
Reyes,2026-09-07 11:00:00,111,0.0,20,26,272,1.3
Riberalta,2026-09-07 11:00:00,3,0.0,28,37,140,2.4
Riberalta,2026-09-07 11:00:00,6,0.0,28,36,159,2.2
Riberalta,2026-09-07 11:00:00,9,0.0,26,36,169,2.0
Riberalta,2026-09-07 11:00:00,12,0.0,24,36,174,1.2
Riberalta,2026-09-07 11:00:00,15,0.0,18,36,174,0.4
Riberalta,2026-09-07 11:00:00,18,0.0,18,36,181,0.9
Riberalta,2026-09-07 11:00:00,21,0.0,25,36,162,0.8
Riberalta,2026-09-07 11:00:00,24,0.0,27,37,100,1.3
Riberalta,2026-09-07 11:00:00,27,0.0,35,26,35,1.8
Riberalta,2026-09-07 11:00:00,30,0.0,35,26,52,1.1
Riberalta,2026-09-07 11:00:00,33,0.0,30,36,62,0.5
Riberalta,2026-09-07 11:00:00,36,0.0,26,36,31,0.9
Riberalta,2026-09-07 11:00:00,39,0.0,20,36,356,1.3
Riberalta,2026-09-07 11:00:00,42,0.0,20,26,360,1.4
Riberalta,2026-09-07 11:00:00,45,0.0,26,26,350,1.5
Riberalta,2026-09-07 11:00:00,48,0.0,29,26,350,1.7
Riberalta,2026-09-07 11:00:00,51,0.0,36,36,346,2.0
Riberalta,2026-09-07 11:00:00,54,0.0,36,36,360,1.7
Riberalta,2026-09-07 11:00:00,57,0.0,27,26,13,1.5
Riberalta,2026-09-07 11:00:00,60,0.0,23,26,3,1.5
Riberalta,2026-09-07 11:00:00,63,0.0,20,36,350,1.4
Riberalta,2026-09-07 11:00:00,66,0.0,20,36,343,1.5
Riberalta,2026-09-07 11:00:00,69,0.0,27,36,339,1.7
Riberalta,2026-09-07 11:00:00,72,0.0,28,37,343,2.2
Riberalta,2026-09-07 11:00:00,75,0.0,36,56,343,2.6
Riberalta,2026-09-07 11:00:00,78,0.0,36,56,354,2.0
Riberalta,2026-09-07 11:00:00,81,0.0,28,37,1,1.3
Riberalta,2026-09-07 11:00:00,84,0.0,23,37,360,1.2
Riberalta,2026-09-07 11:00:00,87,0.0,20,26,350,1.2
Riberalta,2026-09-07 11:00:00,90,0.0,20,26,349,1.7
Riberalta,2026-09-07 11:00:00,93,0.0,25,26,349,2.1
Riberalta,2026-09-07 11:00:00,96,0.0,29,26,339,2.0
Riberalta,2026-09-07 11:00:00,99,0.0,36,36,329,2.0
Riberalta,2026-09-07 11:00:00,102,0.0,36,37,323,2.3
Riberalta,2026-09-07 11:00:00,105,0.0,30,26,315,2.7
Riberalta,2026-09-07 11:00:00,108,0.0,20,26,340,2.0
Riberalta,2026-09-07 11:00:00,111,0.0,20,25,360,1.3
Río Chilenas(GPRS),2026-09-07 11:00:00,3,0.0,11,36,267,11.2
Río Chilenas(GPRS),2026-09-07 11:00:00,6,0.0,11,37,267,8.6
Río Chilenas(GPRS),2026-09-07 11:00:00,9,0.0,6,26,257,5.9
Río Chilenas(GPRS),2026-09-07 11:00:00,12,0.0,2,26,277,4.4
Río Chilenas(GPRS),2026-09-07 11:00:00,15,0.0,-5,36,295,2.9
Río Chilenas(GPRS),2026-09-07 11:00:00,18,0.0,-5,36,300,3.5
Río Chilenas(GPRS),2026-09-07 11:00:00,21,0.0,4,36,300,3.8
Río Chilenas(GPRS),2026-09-07 11:00:00,24,0.0,8,36,290,8.2
Río Chilenas(GPRS),2026-09-07 11:00:00,27,0.0,10,36,280,12.5
Río Chilenas(GPRS),2026-09-07 11:00:00,30,0.0,10,36,277,9.1
Río Chilenas(GPRS),2026-09-07 11:00:00,33,0.0,7,36,267,5.5
Río Chilenas(GPRS),2026-09-07 11:00:00,36,0.0,3,37,277,4.1
Río Chilenas(GPRS),2026-09-07 11:00:00,39,0.0,-6,36,287,2.7
Río Chilenas(GPRS),2026-09-07 11:00:00,42,0.0,-6,26,290,3.6
Río Chilenas(GPRS),2026-09-07 11:00:00,45,0.0,2,26,290,4.0
Río Chilenas(GPRS),2026-09-07 11:00:00,48,0.0,7,26,287,8.7
Río Chilenas(GPRS),2026-09-07 11:00:00,51,0.0,10,26,277,13.4
Río Chilenas(GPRS),2026-09-07 11:00:00,54,0.0,10,26,277,9.0
Río Chilenas(GPRS),2026-09-07 11:00:00,57,0.0,5,26,267,4.5
Río Chilenas(GPRS),2026-09-07 11:00:00,60,0.0,-3,26,277,3.4
Río Chilenas(GPRS),2026-09-07 11:00:00,63,0.0,-7,27,277,2.3
Río Chilenas(GPRS),2026-09-07 11:00:00,66,0.0,-7,26,300,3.5
Río Chilenas(GPRS),2026-09-07 11:00:00,69,0.0,-4,26,307,4.1
Río Chilenas(GPRS),2026-09-07 11:00:00,72,0.0,1,26,300,9.4
Río Chilenas(GPRS),2026-09-07 11:00:00,75,0.0,10,26,287,14.6
Río Chilenas(GPRS),2026-09-07 11:00:00,78,0.0,10,26,293,9.9
Río Chilenas(GPRS),2026-09-07 11:00:00,81,0.0,5,26,296,5.3
Río Chilenas(GPRS),2026-09-07 11:00:00,84,0.0,-1,27,303,4.6
Río Chilenas(GPRS),2026-09-07 11:00:00,87,0.0,-7,26,305,3.8
Río Chilenas(GPRS),2026-09-07 11:00:00,90,0.0,-7,26,295,5.9
Río Chilenas(GPRS),2026-09-07 11:00:00,93,0.0,-4,26,283,5.8
Río Chilenas(GPRS),2026-09-07 11:00:00,96,0.0,1,26,283,9.6
Río Chilenas(GPRS),2026-09-07 11:00:00,99,0.0,10,26,277,13.3
Río Chilenas(GPRS),2026-09-07 11:00:00,102,0.0,10,26,277,8.2
Río Chilenas(GPRS),2026-09-07 11:00:00,105,0.0,-1,26,274,3.0
Río Chilenas(GPRS),2026-09-07 11:00:00,108,0.0,-7,26,290,3.0
Río Chilenas(GPRS),2026-09-07 11:00:00,111,0.0,-7,26,303,3.0
Robore,2026-09-07 11:00:00,3,0.0,33,36,160,2.2
Robore,2026-09-07 11:00:00,6,0.0,33,36,160,2.0
Robore,2026-09-07 11:00:00,9,0.0,28,26,160,1.7
Robore,2026-09-07 11:00:00,12,0.0,24,26,150,1.5
Robore,2026-09-07 11:00:00,15,0.0,21,36,130,1.4
Robore,2026-09-07 11:00:00,18,0.0,21,37,80,1.3
Robore,2026-09-07 11:00:00,21,0.0,26,36,30,1.3
Robore,2026-09-07 11:00:00,24,0.0,29,36,10,3.1
Robore,2026-09-07 11:00:00,27,0.0,35,36,340,4.9
Robore,2026-09-07 11:00:00,30,0.0,35,36,360,3.5
Robore,2026-09-07 11:00:00,33,0.0,30,26,10,2.0
Robore,2026-09-07 11:00:00,36,0.0,26,25,8,2.0
Robore,2026-09-07 11:00:00,39,0.0,22,36,358,1.9
Robore,2026-09-07 11:00:00,42,0.0,22,36,358,2.2
Robore,2026-09-07 11:00:00,45,0.0,27,37,350,2.3
Robore,2026-09-07 11:00:00,48,0.0,32,37,350,3.9
Robore,2026-09-07 11:00:00,51,0.0,36,36,340,5.5
Robore,2026-09-07 11:00:00,54,0.0,36,37,358,4.0
Robore,2026-09-07 11:00:00,57,0.0,30,36,8,2.4
Robore,2026-09-07 11:00:00,60,0.0,24,36,8,2.5
Robore,2026-09-07 11:00:00,63,0.0,22,36,360,2.6
Robore,2026-09-07 11:00:00,66,0.0,22,35,358,3.0
Robore,2026-09-07 11:00:00,69,0.0,30,36,348,3.6
Robore,2026-09-07 11:00:00,72,0.0,34,36,340,4.1
Robore,2026-09-07 11:00:00,75,0.0,35,56,332,4.6
Robore,2026-09-07 11:00:00,78,0.0,35,55,352,3.3
Robore,2026-09-07 11:00:00,81,0.0,28,36,12,1.9
Robore,2026-09-07 11:00:00,84,0.0,22,36,0,2.3
Robore,2026-09-07 11:00:00,87,0.0,22,26,348,2.7
Robore,2026-09-07 11:00:00,90,0.0,31,26,350,5.2
Robore,2026-09-07 11:00:00,93,0.0,32,26,350,6.4
Robore,2026-09-07 11:00:00,96,0.0,37,26,340,6.9
Robore,2026-09-07 11:00:00,99,0.0,42,36,320,7.4
Robore,2026-09-07 11:00:00,102,0.0,36,36,310,4.6
Robore,2026-09-07 11:00:00,105,0.0,30,36,290,1.7
Robore,2026-09-07 11:00:00,108,0.0,26,36,213,1.6
Robore,2026-09-07 11:00:00,111,0.0,23,27,125,1.5
Rurrenabaque,2026-09-07 11:00:00,3,0.0,30,36,125,1.1
Rurrenabaque,2026-09-07 11:00:00,6,0.0,30,37,183,0.9
Rurrenabaque,2026-09-07 11:00:00,9,0.0,26,37,238,0.8
Rurrenabaque,2026-09-07 11:00:00,12,0.0,23,37,231,1.0
Rurrenabaque,2026-09-07 11:00:00,15,0.0,18,26,220,1.2
Rurrenabaque,2026-09-07 11:00:00,18,0.0,18,26,223,0.9
Rurrenabaque,2026-09-07 11:00:00,21,0.0,24,26,223,0.8
Rurrenabaque,2026-09-07 11:00:00,24,0.0,27,26,287,1.5
Rurrenabaque,2026-09-07 11:00:00,27,0.0,31,36,344,2.1
Rurrenabaque,2026-09-07 11:00:00,30,0.0,31,36,309,1.5
Rurrenabaque,2026-09-07 11:00:00,33,0.0,27,26,266,0.9
Rurrenabaque,2026-09-07 11:00:00,36,0.0,24,26,248,1.1
Rurrenabaque,2026-09-07 11:00:00,39,0.0,20,27,226,1.3
Rurrenabaque,2026-09-07 11:00:00,42,0.0,20,26,254,0.9
Rurrenabaque,2026-09-07 11:00:00,45,0.0,25,26,271,0.5
Rurrenabaque,2026-09-07 11:00:00,48,0.0,29,26,308,1.9
Rurrenabaque,2026-09-07 11:00:00,51,0.0,32,36,344,3.3
Rurrenabaque,2026-09-07 11:00:00,54,0.0,32,36,309,2.2
Rurrenabaque,2026-09-07 11:00:00,57,0.0,29,36,265,1.1
Rurrenabaque,2026-09-07 11:00:00,60,0.0,24,36,245,1.3
Rurrenabaque,2026-09-07 11:00:00,63,0.0,21,56,225,1.3
Rurrenabaque,2026-09-07 11:00:00,66,0.0,21,56,221,0.9
Rurrenabaque,2026-09-07 11:00:00,69,0.0,26,56,200,0.6
Rurrenabaque,2026-09-07 11:00:00,72,0.0,31,57,271,2.5
Rurrenabaque,2026-09-07 11:00:00,75,0.0,33,36,340,4.4
Rurrenabaque,2026-09-07 11:00:00,78,0.0,33,36,281,3.1
Rurrenabaque,2026-09-07 11:00:00,81,0.0,28,56,217,1.8
Rurrenabaque,2026-09-07 11:00:00,84,0.0,24,56,214,1.2
Rurrenabaque,2026-09-07 11:00:00,87,0.0,21,26,203,0.6
Rurrenabaque,2026-09-07 11:00:00,90,0.0,21,26,238,0.9
Rurrenabaque,2026-09-07 11:00:00,93,0.0,24,26,241,0.6
Rurrenabaque,2026-09-07 11:00:00,96,0.0,29,26,288,2.3
Rurrenabaque,2026-09-07 11:00:00,99,0.0,33,36,333,3.9
Rurrenabaque,2026-09-07 11:00:00,102,0.0,33,36,297,2.7
Rurrenabaque,2026-09-07 11:00:00,105,0.0,28,27,259,1.3
Rurrenabaque,2026-09-07 11:00:00,108,0.0,20,26,265,1.1
Rurrenabaque,2026-09-07 11:00:00,111,0.0,20,26,266,0.7
Salinas (INIAF),2026-09-07 11:00:00,3,0.0,18,36,286,3.2
Salinas (INIAF),2026-09-07 11:00:00,6,0.0,18,36,245,3.7
Salinas (INIAF),2026-09-07 11:00:00,9,0.0,12,37,200,4.2
Salinas (INIAF),2026-09-07 11:00:00,12,0.0,8,36,199,2.9
Salinas (INIAF),2026-09-07 11:00:00,15,0.0,4,56,193,1.5
Salinas (INIAF),2026-09-07 11:00:00,18,0.0,4,56,87,0.8
Salinas (INIAF),2026-09-07 11:00:00,21,0.0,6,56,8,0.5
Salinas (INIAF),2026-09-07 11:00:00,24,0.0,10,56,319,2.1
Salinas (INIAF),2026-09-07 11:00:00,27,0.0,17,56,264,3.6
Salinas (INIAF),2026-09-07 11:00:00,30,0.0,17,56,245,4.4
Salinas (INIAF),2026-09-07 11:00:00,33,0.0,10,56,225,5.2
Salinas (INIAF),2026-09-07 11:00:00,36,0.0,6,56,235,3.0
Salinas (INIAF),2026-09-07 11:00:00,39,0.0,3,56,240,0.9
Salinas (INIAF),2026-09-07 11:00:00,42,0.0,3,36,247,1.0
Salinas (INIAF),2026-09-07 11:00:00,45,0.0,6,36,286,1.0
Salinas (INIAF),2026-09-07 11:00:00,48,0.0,10,36,282,3.2
Salinas (INIAF),2026-09-07 11:00:00,51,0.0,18,36,269,5.5
Salinas (INIAF),2026-09-07 11:00:00,54,0.0,18,36,255,5.8
Salinas (INIAF),2026-09-07 11:00:00,57,0.0,10,36,235,6.0
Salinas (INIAF),2026-09-07 11:00:00,60,0.0,6,36,220,3.7
Salinas (INIAF),2026-09-07 11:00:00,63,0.0,2,56,205,1.3
Salinas (INIAF),2026-09-07 11:00:00,66,0.0,2,56,277,1.6
Salinas (INIAF),2026-09-07 11:00:00,69,0.0,6,56,326,1.4
Salinas (INIAF),2026-09-07 11:00:00,72,0.0,9,56,312,5.9
Salinas (INIAF),2026-09-07 11:00:00,75,0.0,19,36,289,10.5
Salinas (INIAF),2026-09-07 11:00:00,78,0.0,19,36,280,8.6
Salinas (INIAF),2026-09-07 11:00:00,81,0.0,7,56,270,6.9
Salinas (INIAF),2026-09-07 11:00:00,84,0.0,3,56,301,4.6
Salinas (INIAF),2026-09-07 11:00:00,87,0.0,-1,26,327,2.2
Salinas (INIAF),2026-09-07 11:00:00,90,0.0,-1,26,315,2.9
Salinas (INIAF),2026-09-07 11:00:00,93,0.0,4,26,334,2.1
Salinas (INIAF),2026-09-07 11:00:00,96,0.0,11,25,320,2.7
Salinas (INIAF),2026-09-07 11:00:00,99,0.0,18,26,301,3.2
Salinas (INIAF),2026-09-07 11:00:00,102,0.0,18,27,260,3.3
Salinas (INIAF),2026-09-07 11:00:00,105,0.0,8,27,210,3.5
Salinas (INIAF),2026-09-07 11:00:00,108,0.0,-1,26,278,2.9
Salinas (INIAF),2026-09-07 11:00:00,111,0.0,-1,26,336,2.3
Salo,2026-09-07 11:00:00,3,0.0,22,36,290,9.3
Salo,2026-09-07 11:00:00,6,0.0,22,36,310,6.6
Salo,2026-09-07 11:00:00,9,0.0,14,36,330,3.8
Salo,2026-09-07 11:00:00,12,0.0,8,36,310,3.0
Salo,2026-09-07 11:00:00,15,0.0,-4,36,280,2.3
Salo,2026-09-07 11:00:00,18,0.0,-4,37,295,2.8
Salo,2026-09-07 11:00:00,21,0.0,10,36,285,2.7
Salo,2026-09-07 11:00:00,24,0.0,15,37,295,6.9
Salo,2026-09-07 11:00:00,27,0.0,21,55,300,11.1
Salo,2026-09-07 11:00:00,30,0.0,21,56,290,9.0
Salo,2026-09-07 11:00:00,33,0.0,14,36,280,6.9
Salo,2026-09-07 11:00:00,36,0.0,6,36,285,5.1
Salo,2026-09-07 11:00:00,39,0.0,-4,36,285,3.2
Salo,2026-09-07 11:00:00,42,0.0,-4,26,295,3.5
Salo,2026-09-07 11:00:00,45,0.0,10,26,285,3.3
Salo,2026-09-07 11:00:00,48,0.0,15,26,285,7.4
Salo,2026-09-07 11:00:00,51,0.0,22,26,280,11.4
Salo,2026-09-07 11:00:00,54,0.0,22,26,290,8.3
Salo,2026-09-07 11:00:00,57,0.0,11,26,295,5.2
Salo,2026-09-07 11:00:00,60,0.0,2,26,290,3.9
Salo,2026-09-07 11:00:00,63,0.0,-6,36,280,2.6
Salo,2026-09-07 11:00:00,66,0.0,-6,36,305,4.0
Salo,2026-09-07 11:00:00,69,0.0,8,36,300,4.9
Salo,2026-09-07 11:00:00,72,0.0,13,37,300,9.2
Salo,2026-09-07 11:00:00,75,0.0,23,56,290,13.5
Salo,2026-09-07 11:00:00,78,0.0,23,56,290,10.3
Salo,2026-09-07 11:00:00,81,0.0,12,56,290,7.1
Salo,2026-09-07 11:00:00,84,0.0,1,56,296,5.9
Salo,2026-09-07 11:00:00,87,0.0,-8,26,296,4.8
Salo,2026-09-07 11:00:00,90,0.0,-8,26,290,7.9
Salo,2026-09-07 11:00:00,93,0.0,6,26,280,6.2
Salo,2026-09-07 11:00:00,96,0.0,13,26,280,8.6
Salo,2026-09-07 11:00:00,99,0.0,23,26,280,10.9
Salo,2026-09-07 11:00:00,102,0.0,23,26,300,7.5
Salo,2026-09-07 11:00:00,105,0.0,9,27,315,4.1
Salo,2026-09-07 11:00:00,108,0.0,-8,27,330,4.0
Salo,2026-09-07 11:00:00,111,0.0,-8,26,346,3.8
San Antonio - Los Ángeles,2026-09-07 11:00:00,3,0.0,30,26,112,1.9
San Antonio - Los Ángeles,2026-09-07 11:00:00,6,0.0,30,26,122,1.5
San Antonio - Los Ángeles,2026-09-07 11:00:00,9,0.0,26,37,125,1.0
San Antonio - Los Ángeles,2026-09-07 11:00:00,12,0.0,24,36,133,1.0
San Antonio - Los Ángeles,2026-09-07 11:00:00,15,0.0,20,36,141,1.0
San Antonio - Los Ángeles,2026-09-07 11:00:00,18,0.0,20,36,270,1.0
San Antonio - Los Ángeles,2026-09-07 11:00:00,21,0.0,23,37,292,1.0
San Antonio - Los Ángeles,2026-09-07 11:00:00,24,0.0,27,36,303,2.2
San Antonio - Los Ángeles,2026-09-07 11:00:00,27,0.0,32,36,310,3.4
San Antonio - Los Ángeles,2026-09-07 11:00:00,30,0.0,32,35,297,2.6
San Antonio - Los Ángeles,2026-09-07 11:00:00,33,0.0,26,26,277,1.8
San Antonio - Los Ángeles,2026-09-07 11:00:00,36,0.0,23,26,287,1.8
San Antonio - Los Ángeles,2026-09-07 11:00:00,39,0.0,21,36,290,1.8
San Antonio - Los Ángeles,2026-09-07 11:00:00,42,0.0,21,35,307,1.5
San Antonio - Los Ángeles,2026-09-07 11:00:00,45,0.0,25,36,320,1.7
San Antonio - Los Ángeles,2026-09-07 11:00:00,48,0.0,29,36,320,2.8
San Antonio - Los Ángeles,2026-09-07 11:00:00,51,0.0,34,36,310,3.9
San Antonio - Los Ángeles,2026-09-07 11:00:00,54,0.0,34,37,297,3.0
San Antonio - Los Ángeles,2026-09-07 11:00:00,57,0.0,28,36,277,2.1
San Antonio - Los Ángeles,2026-09-07 11:00:00,60,0.0,24,36,307,1.8
San Antonio - Los Ángeles,2026-09-07 11:00:00,63,0.0,22,55,328,1.5
San Antonio - Los Ángeles,2026-09-07 11:00:00,66,0.0,22,56,327,1.4
San Antonio - Los Ángeles,2026-09-07 11:00:00,69,0.0,24,57,317,1.3
San Antonio - Los Ángeles,2026-09-07 11:00:00,72,0.0,30,56,297,2.2
San Antonio - Los Ángeles,2026-09-07 11:00:00,75,0.0,33,56,277,3.1
San Antonio - Los Ángeles,2026-09-07 11:00:00,78,0.0,33,57,264,3.2
San Antonio - Los Ángeles,2026-09-07 11:00:00,81,0.0,24,56,244,3.4
San Antonio - Los Ángeles,2026-09-07 11:00:00,84,0.0,22,57,276,2.6
San Antonio - Los Ángeles,2026-09-07 11:00:00,87,0.0,22,36,302,1.8
San Antonio - Los Ángeles,2026-09-07 11:00:00,90,0.0,27,36,303,2.2
San Antonio - Los Ángeles,2026-09-07 11:00:00,93,0.0,27,36,293,2.0
San Antonio - Los Ángeles,2026-09-07 11:00:00,96,0.0,33,36,303,3.4
San Antonio - Los Ángeles,2026-09-07 11:00:00,99,0.0,39,36,310,4.8
San Antonio - Los Ángeles,2026-09-07 11:00:00,102,0.0,36,36,330,3.3
San Antonio - Los Ángeles,2026-09-07 11:00:00,105,0.0,32,56,340,1.8
San Antonio - Los Ángeles,2026-09-07 11:00:00,108,0.0,29,56,27,1.5
San Antonio - Los Ángeles,2026-09-07 11:00:00,111,0.0,26,37,74,1.3
San Borja,2026-09-07 11:00:00,3,0.0,31,36,130,1.8
San Borja,2026-09-07 11:00:00,6,0.0,31,36,162,1.4
San Borja,2026-09-07 11:00:00,9,0.0,26,37,192,1.1
San Borja,2026-09-07 11:00:00,12,0.0,23,36,202,1.1
San Borja,2026-09-07 11:00:00,15,0.0,20,26,205,1.2
San Borja,2026-09-07 11:00:00,18,0.0,20,26,261,0.9
San Borja,2026-09-07 11:00:00,21,0.0,24,25,279,0.9
San Borja,2026-09-07 11:00:00,24,0.0,27,26,310,2.0
San Borja,2026-09-07 11:00:00,27,0.0,32,37,340,3.0
San Borja,2026-09-07 11:00:00,30,0.0,32,36,326,1.9
San Borja,2026-09-07 11:00:00,33,0.0,28,26,305,0.8
San Borja,2026-09-07 11:00:00,36,0.0,26,26,275,0.9
San Borja,2026-09-07 11:00:00,39,0.0,22,26,237,1.1
San Borja,2026-09-07 11:00:00,42,0.0,22,26,273,1.2
San Borja,2026-09-07 11:00:00,45,0.0,26,26,323,1.4
San Borja,2026-09-07 11:00:00,48,0.0,30,26,330,2.6
San Borja,2026-09-07 11:00:00,51,0.0,34,36,330,3.7
San Borja,2026-09-07 11:00:00,54,0.0,34,36,306,2.5
San Borja,2026-09-07 11:00:00,57,0.0,29,36,275,1.2
San Borja,2026-09-07 11:00:00,60,0.0,26,36,325,1.4
San Borja,2026-09-07 11:00:00,63,0.0,22,56,15,1.5
San Borja,2026-09-07 11:00:00,66,0.0,22,57,261,1.2
San Borja,2026-09-07 11:00:00,69,0.0,25,57,260,0.7
San Borja,2026-09-07 11:00:00,72,0.0,31,57,295,2.5
San Borja,2026-09-07 11:00:00,75,0.0,34,37,325,4.3
San Borja,2026-09-07 11:00:00,78,0.0,34,36,255,3.5
San Borja,2026-09-07 11:00:00,81,0.0,29,56,182,2.8
San Borja,2026-09-07 11:00:00,84,0.0,25,56,212,2.0
San Borja,2026-09-07 11:00:00,87,0.0,22,26,238,1.1
San Borja,2026-09-07 11:00:00,90,0.0,22,26,298,1.4
San Borja,2026-09-07 11:00:00,93,0.0,26,26,345,0.9
San Borja,2026-09-07 11:00:00,96,0.0,29,26,338,2.9
San Borja,2026-09-07 11:00:00,99,0.0,34,36,323,4.8
San Borja,2026-09-07 11:00:00,102,0.0,34,36,289,3.2
San Borja,2026-09-07 11:00:00,105,0.0,30,27,249,1.6
San Borja,2026-09-07 11:00:00,108,0.0,22,26,279,1.6
San Borja,2026-09-07 11:00:00,111,0.0,22,26,300,1.6
San Buenaventura,2026-09-07 11:00:00,3,0.0,27,37,140,0.8
San Buenaventura,2026-09-07 11:00:00,6,0.0,27,36,197,0.9
San Buenaventura,2026-09-07 11:00:00,9,0.0,24,36,247,0.9
San Buenaventura,2026-09-07 11:00:00,12,0.0,21,36,240,0.9
San Buenaventura,2026-09-07 11:00:00,15,0.0,16,26,230,1.0
San Buenaventura,2026-09-07 11:00:00,18,0.0,16,26,237,0.8
San Buenaventura,2026-09-07 11:00:00,21,0.0,22,25,230,0.6
San Buenaventura,2026-09-07 11:00:00,24,0.0,25,26,300,1.4
San Buenaventura,2026-09-07 11:00:00,27,0.0,28,36,7,2.2
San Buenaventura,2026-09-07 11:00:00,30,0.0,28,36,320,1.6
San Buenaventura,2026-09-07 11:00:00,33,0.0,25,27,270,1.1
San Buenaventura,2026-09-07 11:00:00,36,0.0,21,26,250,1.1
San Buenaventura,2026-09-07 11:00:00,39,0.0,17,26,230,1.1
San Buenaventura,2026-09-07 11:00:00,42,0.0,17,25,252,0.6
San Buenaventura,2026-09-07 11:00:00,45,0.0,24,25,259,0.1
San Buenaventura,2026-09-07 11:00:00,48,0.0,27,25,312,1.9
San Buenaventura,2026-09-07 11:00:00,51,0.0,30,37,357,3.6
San Buenaventura,2026-09-07 11:00:00,54,0.0,30,36,310,2.4
San Buenaventura,2026-09-07 11:00:00,57,0.0,27,37,262,1.2
San Buenaventura,2026-09-07 11:00:00,60,0.0,22,36,250,1.3
San Buenaventura,2026-09-07 11:00:00,63,0.0,19,55,230,1.3
San Buenaventura,2026-09-07 11:00:00,66,0.0,19,56,220,0.7
San Buenaventura,2026-09-07 11:00:00,69,0.0,24,57,200,0.6
San Buenaventura,2026-09-07 11:00:00,72,0.0,27,56,277,2.6
San Buenaventura,2026-09-07 11:00:00,75,0.0,31,36,347,4.6
San Buenaventura,2026-09-07 11:00:00,78,0.0,31,36,272,3.1
San Buenaventura,2026-09-07 11:00:00,81,0.0,26,56,189,1.6
San Buenaventura,2026-09-07 11:00:00,84,0.0,23,56,204,1.1
San Buenaventura,2026-09-07 11:00:00,87,0.0,20,26,219,0.6
San Buenaventura,2026-09-07 11:00:00,90,0.0,20,26,206,0.6
San Buenaventura,2026-09-07 11:00:00,93,0.0,23,25,203,0.4
San Buenaventura,2026-09-07 11:00:00,96,0.0,26,26,273,2.3
San Buenaventura,2026-09-07 11:00:00,99,0.0,30,36,340,4.1
San Buenaventura,2026-09-07 11:00:00,102,0.0,30,36,310,2.8
San Buenaventura,2026-09-07 11:00:00,105,0.0,27,26,270,1.5
San Buenaventura,2026-09-07 11:00:00,108,0.0,20,25,290,0.9
San Buenaventura,2026-09-07 11:00:00,111,0.0,20,26,306,0.4
San Ignacio de Moxos,2026-09-07 11:00:00,3,0.0,31,36,140,1.8
San Ignacio de Moxos,2026-09-07 11:00:00,6,0.0,31,36,158,1.3
San Ignacio de Moxos,2026-09-07 11:00:00,9,0.0,26,36,168,0.8
San Ignacio de Moxos,2026-09-07 11:00:00,12,0.0,23,36,173,1.0
San Ignacio de Moxos,2026-09-07 11:00:00,15,0.0,18,36,173,1.3
San Ignacio de Moxos,2026-09-07 11:00:00,18,0.0,18,36,243,0.8
San Ignacio de Moxos,2026-09-07 11:00:00,21,0.0,24,37,244,0.9
San Ignacio de Moxos,2026-09-07 11:00:00,24,0.0,28,36,290,1.9
San Ignacio de Moxos,2026-09-07 11:00:00,27,0.0,33,36,330,2.8
San Ignacio de Moxos,2026-09-07 11:00:00,30,0.0,33,36,313,2.3
San Ignacio de Moxos,2026-09-07 11:00:00,33,0.0,28,36,293,1.6
San Ignacio de Moxos,2026-09-07 11:00:00,36,0.0,25,36,293,1.6
San Ignacio de Moxos,2026-09-07 11:00:00,39,0.0,20,35,293,1.6
San Ignacio de Moxos,2026-09-07 11:00:00,42,0.0,20,26,300,1.6
San Ignacio de Moxos,2026-09-07 11:00:00,45,0.0,26,26,330,1.7
San Ignacio de Moxos,2026-09-07 11:00:00,48,0.0,30,26,330,2.8
San Ignacio de Moxos,2026-09-07 11:00:00,51,0.0,35,26,328,3.7
San Ignacio de Moxos,2026-09-07 11:00:00,54,0.0,35,26,320,2.4
San Ignacio de Moxos,2026-09-07 11:00:00,57,0.0,30,36,309,1.1
San Ignacio de Moxos,2026-09-07 11:00:00,60,0.0,23,36,327,1.3
San Ignacio de Moxos,2026-09-07 11:00:00,63,0.0,20,36,338,1.5
San Ignacio de Moxos,2026-09-07 11:00:00,66,0.0,20,36,323,1.4
San Ignacio de Moxos,2026-09-07 11:00:00,69,0.0,28,37,330,2.1
San Ignacio de Moxos,2026-09-07 11:00:00,72,0.0,31,36,330,3.2
San Ignacio de Moxos,2026-09-07 11:00:00,75,0.0,35,56,320,4.3
San Ignacio de Moxos,2026-09-07 11:00:00,78,0.0,35,56,261,3.3
San Ignacio de Moxos,2026-09-07 11:00:00,81,0.0,28,36,195,2.2
San Ignacio de Moxos,2026-09-07 11:00:00,84,0.0,24,35,209,1.7
San Ignacio de Moxos,2026-09-07 11:00:00,87,0.0,20,36,355,1.2
San Ignacio de Moxos,2026-09-07 11:00:00,90,0.0,20,36,221,0.9
San Ignacio de Moxos,2026-09-07 11:00:00,93,0.0,27,36,296,1.1
San Ignacio de Moxos,2026-09-07 11:00:00,96,0.0,30,36,300,2.5
San Ignacio de Moxos,2026-09-07 11:00:00,99,0.0,35,55,294,4.0
San Ignacio de Moxos,2026-09-07 11:00:00,102,0.0,35,56,284,2.6
San Ignacio de Moxos,2026-09-07 11:00:00,105,0.0,30,36,270,1.3
San Ignacio de Moxos,2026-09-07 11:00:00,108,0.0,20,36,300,1.6
San Ignacio de Moxos,2026-09-07 11:00:00,111,0.0,20,36,330,1.9
San Ignacio de Velasco,2026-09-07 11:00:00,3,0.0,32,36,152,2.2
San Ignacio de Velasco,2026-09-07 11:00:00,6,0.0,32,36,150,1.9
San Ignacio de Velasco,2026-09-07 11:00:00,9,0.0,28,26,140,1.6
San Ignacio de Velasco,2026-09-07 11:00:00,12,0.0,24,26,140,1.5
San Ignacio de Velasco,2026-09-07 11:00:00,15,0.0,20,36,138,1.5
San Ignacio de Velasco,2026-09-07 11:00:00,18,0.0,20,36,61,1.1
San Ignacio de Velasco,2026-09-07 11:00:00,21,0.0,25,36,28,1.4
San Ignacio de Velasco,2026-09-07 11:00:00,24,0.0,29,36,8,2.8
San Ignacio de Velasco,2026-09-07 11:00:00,27,0.0,35,36,340,4.2
San Ignacio de Velasco,2026-09-07 11:00:00,30,0.0,35,36,342,3.1
San Ignacio de Velasco,2026-09-07 11:00:00,33,0.0,30,26,342,2.0
San Ignacio de Velasco,2026-09-07 11:00:00,36,0.0,26,26,336,2.0
San Ignacio de Velasco,2026-09-07 11:00:00,39,0.0,21,36,326,1.9
San Ignacio de Velasco,2026-09-07 11:00:00,42,0.0,21,36,313,2.3
San Ignacio de Velasco,2026-09-07 11:00:00,45,0.0,26,37,323,2.8
San Ignacio de Velasco,2026-09-07 11:00:00,48,0.0,30,36,333,4.0
San Ignacio de Velasco,2026-09-07 11:00:00,51,0.0,36,36,333,5.2
San Ignacio de Velasco,2026-09-07 11:00:00,54,0.0,36,36,343,4.4
San Ignacio de Velasco,2026-09-07 11:00:00,57,0.0,31,36,350,3.5
San Ignacio de Velasco,2026-09-07 11:00:00,60,0.0,22,36,350,3.3
San Ignacio de Velasco,2026-09-07 11:00:00,63,0.0,20,36,340,3.0
San Ignacio de Velasco,2026-09-07 11:00:00,66,0.0,20,36,342,3.7
San Ignacio de Velasco,2026-09-07 11:00:00,69,0.0,22,36,340,4.3
San Ignacio de Velasco,2026-09-07 11:00:00,72,0.0,33,36,340,4.2
San Ignacio de Velasco,2026-09-07 11:00:00,75,0.0,35,56,330,3.9
San Ignacio de Velasco,2026-09-07 11:00:00,78,0.0,35,56,340,3.6
San Ignacio de Velasco,2026-09-07 11:00:00,81,0.0,30,36,346,3.2
San Ignacio de Velasco,2026-09-07 11:00:00,84,0.0,20,36,336,2.5
San Ignacio de Velasco,2026-09-07 11:00:00,87,0.0,20,27,320,1.8
San Ignacio de Velasco,2026-09-07 11:00:00,90,0.0,29,26,342,4.8
San Ignacio de Velasco,2026-09-07 11:00:00,93,0.0,30,26,332,5.4
San Ignacio de Velasco,2026-09-07 11:00:00,96,0.0,35,25,332,5.9
San Ignacio de Velasco,2026-09-07 11:00:00,99,0.0,40,36,322,6.5
San Ignacio de Velasco,2026-09-07 11:00:00,102,0.0,37,37,342,5.3
San Ignacio de Velasco,2026-09-07 11:00:00,105,0.0,35,36,352,4.2
San Ignacio de Velasco,2026-09-07 11:00:00,108,0.0,31,35,342,3.2
San Ignacio de Velasco,2026-09-07 11:00:00,111,0.0,28,27,329,2.2
San Javier,2026-09-07 11:00:00,3,0.0,31,36,170,2.1
San Javier,2026-09-07 11:00:00,6,0.0,31,36,166,1.5
San Javier,2026-09-07 11:00:00,9,0.0,25,26,156,0.8
San Javier,2026-09-07 11:00:00,12,0.0,23,26,155,0.7
San Javier,2026-09-07 11:00:00,15,0.0,20,35,155,0.6
San Javier,2026-09-07 11:00:00,18,0.0,20,36,360,1.1
San Javier,2026-09-07 11:00:00,21,0.0,21,36,9,1.3
San Javier,2026-09-07 11:00:00,24,0.0,24,36,349,2.7
San Javier,2026-09-07 11:00:00,27,0.0,33,36,320,4.1
San Javier,2026-09-07 11:00:00,30,0.0,33,35,330,2.9
San Javier,2026-09-07 11:00:00,33,0.0,27,26,334,1.7
San Javier,2026-09-07 11:00:00,36,0.0,23,26,341,1.7
San Javier,2026-09-07 11:00:00,39,0.0,21,36,341,1.7
San Javier,2026-09-07 11:00:00,42,0.0,21,36,340,2.1
San Javier,2026-09-07 11:00:00,45,0.0,25,36,350,2.5
San Javier,2026-09-07 11:00:00,48,0.0,29,36,340,3.6
San Javier,2026-09-07 11:00:00,51,0.0,34,35,320,4.6
San Javier,2026-09-07 11:00:00,54,0.0,34,36,340,3.3
San Javier,2026-09-07 11:00:00,57,0.0,28,36,0,2.0
San Javier,2026-09-07 11:00:00,60,0.0,23,36,10,2.3
San Javier,2026-09-07 11:00:00,63,0.0,21,36,10,2.6
San Javier,2026-09-07 11:00:00,66,0.0,21,37,360,3.2
San Javier,2026-09-07 11:00:00,69,0.0,26,37,340,3.8
San Javier,2026-09-07 11:00:00,72,0.0,28,35,330,4.4
San Javier,2026-09-07 11:00:00,75,0.0,33,57,310,5.0
San Javier,2026-09-07 11:00:00,78,0.0,33,56,306,3.2
San Javier,2026-09-07 11:00:00,81,0.0,28,36,298,1.4
San Javier,2026-09-07 11:00:00,84,0.0,21,36,326,1.6
San Javier,2026-09-07 11:00:00,87,0.0,21,25,350,2.0
San Javier,2026-09-07 11:00:00,90,0.0,28,26,350,3.7
San Javier,2026-09-07 11:00:00,93,0.0,30,26,350,4.3
San Javier,2026-09-07 11:00:00,96,0.0,35,26,330,5.1
San Javier,2026-09-07 11:00:00,99,0.0,39,36,310,5.9
San Javier,2026-09-07 11:00:00,102,0.0,35,36,310,4.1
San Javier,2026-09-07 11:00:00,105,0.0,32,37,307,2.4
San Javier,2026-09-07 11:00:00,108,0.0,29,36,337,2.1
San Javier,2026-09-07 11:00:00,111,0.0,27,26,360,1.9
San Jose,2026-09-07 11:00:00,3,0.0,32,36,141,1.9
San Jose,2026-09-07 11:00:00,6,0.0,32,36,157,1.8
San Jose,2026-09-07 11:00:00,9,0.0,29,26,167,1.7
San Jose,2026-09-07 11:00:00,12,0.0,26,26,145,1.7
San Jose,2026-09-07 11:00:00,15,0.0,21,36,120,1.6
San Jose,2026-09-07 11:00:00,18,0.0,21,37,65,1.6
San Jose,2026-09-07 11:00:00,21,0.0,25,36,35,1.7
San Jose,2026-09-07 11:00:00,24,0.0,30,36,5,3.3
San Jose,2026-09-07 11:00:00,27,0.0,34,36,330,4.9
San Jose,2026-09-07 11:00:00,30,0.0,34,36,354,3.4
San Jose,2026-09-07 11:00:00,33,0.0,30,26,14,1.9
San Jose,2026-09-07 11:00:00,36,0.0,26,26,355,1.5
San Jose,2026-09-07 11:00:00,39,0.0,22,36,335,1.1
San Jose,2026-09-07 11:00:00,42,0.0,22,36,29,1.3
San Jose,2026-09-07 11:00:00,45,0.0,28,36,360,1.8
San Jose,2026-09-07 11:00:00,48,0.0,31,36,350,3.6
San Jose,2026-09-07 11:00:00,51,0.0,35,36,330,5.5
San Jose,2026-09-07 11:00:00,54,0.0,35,36,341,4.6
San Jose,2026-09-07 11:00:00,57,0.0,30,36,351,3.6
San Jose,2026-09-07 11:00:00,60,0.0,23,36,10,2.8
San Jose,2026-09-07 11:00:00,63,0.0,22,36,27,1.9
San Jose,2026-09-07 11:00:00,66,0.0,22,36,360,3.3
San Jose,2026-09-07 11:00:00,69,0.0,26,35,340,4.3
San Jose,2026-09-07 11:00:00,72,0.0,30,36,311,3.8
San Jose,2026-09-07 11:00:00,75,0.0,34,57,273,3.2
San Jose,2026-09-07 11:00:00,78,0.0,34,56,338,2.6
San Jose,2026-09-07 11:00:00,81,0.0,28,36,35,2.0
San Jose,2026-09-07 11:00:00,84,0.0,22,36,1,1.3
San Jose,2026-09-07 11:00:00,87,0.0,22,26,326,0.7
San Jose,2026-09-07 11:00:00,90,0.0,31,26,350,5.3
San Jose,2026-09-07 11:00:00,93,0.0,32,26,340,5.9
San Jose,2026-09-07 11:00:00,96,0.0,37,26,330,6.6
San Jose,2026-09-07 11:00:00,99,0.0,42,36,320,7.2
San Jose,2026-09-07 11:00:00,102,0.0,38,36,301,4.6
San Jose,2026-09-07 11:00:00,105,0.0,35,36,276,2.0
San Jose,2026-09-07 11:00:00,108,0.0,31,36,290,2.0
San Jose,2026-09-07 11:00:00,111,0.0,27,26,298,2.0
San Julian - Comunidad Los Angeles,2026-09-07 11:00:00,3,0.0,31,26,150,2.4
San Julian - Comunidad Los Angeles,2026-09-07 11:00:00,6,0.0,31,26,162,2.2
San Julian - Comunidad Los Angeles,2026-09-07 11:00:00,9,0.0,26,36,171,2.0
San Julian - Comunidad Los Angeles,2026-09-07 11:00:00,12,0.0,23,36,142,1.6
San Julian - Comunidad Los Angeles,2026-09-07 11:00:00,15,0.0,19,36,110,1.3
San Julian - Comunidad Los Angeles,2026-09-07 11:00:00,18,0.0,19,37,342,1.0
San Julian - Comunidad Los Angeles,2026-09-07 11:00:00,21,0.0,24,36,322,1.1
San Julian - Comunidad Los Angeles,2026-09-07 11:00:00,24,0.0,27,36,322,3.1
San Julian - Comunidad Los Angeles,2026-09-07 11:00:00,27,0.0,33,35,320,5.1
San Julian - Comunidad Los Angeles,2026-09-07 11:00:00,30,0.0,33,36,330,3.8
San Julian - Comunidad Los Angeles,2026-09-07 11:00:00,33,0.0,27,26,330,2.4
San Julian - Comunidad Los Angeles,2026-09-07 11:00:00,36,0.0,23,26,338,2.3
San Julian - Comunidad Los Angeles,2026-09-07 11:00:00,39,0.0,20,35,338,2.3
San Julian - Comunidad Los Angeles,2026-09-07 11:00:00,42,0.0,20,36,320,2.4
San Julian - Comunidad Los Angeles,2026-09-07 11:00:00,45,0.0,25,36,320,2.8
San Julian - Comunidad Los Angeles,2026-09-07 11:00:00,48,0.0,29,36,320,4.1
San Julian - Comunidad Los Angeles,2026-09-07 11:00:00,51,0.0,35,36,320,5.4
San Julian - Comunidad Los Angeles,2026-09-07 11:00:00,54,0.0,35,36,340,4.4
San Julian - Comunidad Los Angeles,2026-09-07 11:00:00,57,0.0,27,35,350,3.4
San Julian - Comunidad Los Angeles,2026-09-07 11:00:00,60,0.0,22,36,350,2.8
San Julian - Comunidad Los Angeles,2026-09-07 11:00:00,63,0.0,21,56,348,2.3
San Julian - Comunidad Los Angeles,2026-09-07 11:00:00,66,0.0,21,56,330,3.7
San Julian - Comunidad Los Angeles,2026-09-07 11:00:00,69,0.0,27,56,340,3.9
San Julian - Comunidad Los Angeles,2026-09-07 11:00:00,72,0.0,30,55,311,4.1
San Julian - Comunidad Los Angeles,2026-09-07 11:00:00,75,0.0,34,56,281,4.3
San Julian - Comunidad Los Angeles,2026-09-07 11:00:00,78,0.0,34,57,271,4.2
San Julian - Comunidad Los Angeles,2026-09-07 11:00:00,81,0.0,28,56,260,4.1
San Julian - Comunidad Los Angeles,2026-09-07 11:00:00,84,0.0,21,56,289,3.3
San Julian - Comunidad Los Angeles,2026-09-07 11:00:00,87,0.0,21,36,309,2.5
San Julian - Comunidad Los Angeles,2026-09-07 11:00:00,90,0.0,29,37,330,3.4
San Julian - Comunidad Los Angeles,2026-09-07 11:00:00,93,0.0,30,36,320,3.8
San Julian - Comunidad Los Angeles,2026-09-07 11:00:00,96,0.0,36,36,318,5.7
San Julian - Comunidad Los Angeles,2026-09-07 11:00:00,99,0.0,41,35,308,7.6
San Julian - Comunidad Los Angeles,2026-09-07 11:00:00,102,0.0,38,36,308,5.4
San Julian - Comunidad Los Angeles,2026-09-07 11:00:00,105,0.0,34,55,300,3.2
San Julian - Comunidad Los Angeles,2026-09-07 11:00:00,108,0.0,29,55,248,3.0
San Julian - Comunidad Los Angeles,2026-09-07 11:00:00,111,0.0,24,36,188,2.7
San Julián - Núcleo 32,2026-09-07 11:00:00,3,0.0,30,26,149,1.9
San Julián - Núcleo 32,2026-09-07 11:00:00,6,0.0,30,26,168,1.6
San Julián - Núcleo 32,2026-09-07 11:00:00,9,0.0,25,36,180,1.3
San Julián - Núcleo 32,2026-09-07 11:00:00,12,0.0,23,36,150,1.3
San Julián - Núcleo 32,2026-09-07 11:00:00,15,0.0,19,35,118,1.2
San Julián - Núcleo 32,2026-09-07 11:00:00,18,0.0,19,37,340,0.5
San Julián - Núcleo 32,2026-09-07 11:00:00,21,0.0,23,35,316,0.5
San Julián - Núcleo 32,2026-09-07 11:00:00,24,0.0,26,36,320,2.1
San Julián - Núcleo 32,2026-09-07 11:00:00,27,0.0,33,36,320,3.7
San Julián - Núcleo 32,2026-09-07 11:00:00,30,0.0,33,36,330,2.7
San Julián - Núcleo 32,2026-09-07 11:00:00,33,0.0,25,26,330,1.8
San Julián - Núcleo 32,2026-09-07 11:00:00,36,0.0,22,26,340,1.6
San Julián - Núcleo 32,2026-09-07 11:00:00,39,0.0,18,37,340,1.5
San Julián - Núcleo 32,2026-09-07 11:00:00,42,0.0,18,36,331,1.8
San Julián - Núcleo 32,2026-09-07 11:00:00,45,0.0,22,36,330,2.1
San Julián - Núcleo 32,2026-09-07 11:00:00,48,0.0,26,37,330,3.1
San Julián - Núcleo 32,2026-09-07 11:00:00,51,0.0,34,35,320,4.0
San Julián - Núcleo 32,2026-09-07 11:00:00,54,0.0,34,36,340,3.4
San Julián - Núcleo 32,2026-09-07 11:00:00,57,0.0,25,37,350,2.8
San Julián - Núcleo 32,2026-09-07 11:00:00,60,0.0,21,35,350,2.2
San Julián - Núcleo 32,2026-09-07 11:00:00,63,0.0,19,55,340,1.6
San Julián - Núcleo 32,2026-09-07 11:00:00,66,0.0,19,56,330,2.6
San Julián - Núcleo 32,2026-09-07 11:00:00,69,0.0,26,56,340,3.1
San Julián - Núcleo 32,2026-09-07 11:00:00,72,0.0,29,56,320,3.3
San Julián - Núcleo 32,2026-09-07 11:00:00,75,0.0,33,55,300,3.5
San Julián - Núcleo 32,2026-09-07 11:00:00,78,0.0,33,56,269,3.0
San Julián - Núcleo 32,2026-09-07 11:00:00,81,0.0,26,56,231,2.6
San Julián - Núcleo 32,2026-09-07 11:00:00,84,0.0,19,56,278,2.1
San Julián - Núcleo 32,2026-09-07 11:00:00,87,0.0,19,36,318,1.7
San Julián - Núcleo 32,2026-09-07 11:00:00,90,0.0,29,36,330,2.6
San Julián - Núcleo 32,2026-09-07 11:00:00,93,0.0,30,35,320,2.8
San Julián - Núcleo 32,2026-09-07 11:00:00,96,0.0,35,36,310,3.9
San Julián - Núcleo 32,2026-09-07 11:00:00,99,0.0,40,36,300,5.1
San Julián - Núcleo 32,2026-09-07 11:00:00,102,0.0,37,37,302,3.5
San Julián - Núcleo 32,2026-09-07 11:00:00,105,0.0,33,56,302,1.8
San Julián - Núcleo 32,2026-09-07 11:00:00,108,0.0,29,56,348,1.5
San Julián - Núcleo 32,2026-09-07 11:00:00,111,0.0,25,35,56,1.3
San Matias,2026-09-07 11:00:00,3,0.0,34,36,160,2.7
San Matias,2026-09-07 11:00:00,6,0.0,34,35,163,2.1
San Matias,2026-09-07 11:00:00,9,0.0,29,26,163,1.5
San Matias,2026-09-07 11:00:00,12,0.0,25,26,153,1.8
San Matias,2026-09-07 11:00:00,15,0.0,22,36,141,2.0
San Matias,2026-09-07 11:00:00,18,0.0,22,36,96,0.9
San Matias,2026-09-07 11:00:00,21,0.0,27,36,68,0.9
San Matias,2026-09-07 11:00:00,24,0.0,32,36,18,1.9
San Matias,2026-09-07 11:00:00,27,0.0,36,36,320,2.8
San Matias,2026-09-07 11:00:00,30,0.0,36,36,339,2.6
San Matias,2026-09-07 11:00:00,33,0.0,32,26,357,2.3
San Matias,2026-09-07 11:00:00,36,0.0,28,26,7,2.4
San Matias,2026-09-07 11:00:00,39,0.0,23,36,17,2.5
San Matias,2026-09-07 11:00:00,42,0.0,23,37,17,2.5
San Matias,2026-09-07 11:00:00,45,0.0,28,36,357,2.7
San Matias,2026-09-07 11:00:00,48,0.0,32,36,347,3.3
San Matias,2026-09-07 11:00:00,51,0.0,37,36,330,3.7
San Matias,2026-09-07 11:00:00,54,0.0,37,35,359,3.8
San Matias,2026-09-07 11:00:00,57,0.0,31,36,19,3.8
San Matias,2026-09-07 11:00:00,60,0.0,25,36,19,3.4
San Matias,2026-09-07 11:00:00,63,0.0,23,36,10,3.1
San Matias,2026-09-07 11:00:00,66,0.0,23,36,3,3.8
San Matias,2026-09-07 11:00:00,69,0.0,28,36,353,4.1
San Matias,2026-09-07 11:00:00,72,0.0,32,36,348,4.8
San Matias,2026-09-07 11:00:00,75,0.0,36,55,338,5.6
San Matias,2026-09-07 11:00:00,78,0.0,36,55,358,4.1
San Matias,2026-09-07 11:00:00,81,0.0,29,36,17,2.6
San Matias,2026-09-07 11:00:00,84,0.0,23,36,16,2.6
San Matias,2026-09-07 11:00:00,87,0.0,23,26,7,2.6
San Matias,2026-09-07 11:00:00,90,0.0,31,25,7,4.2
San Matias,2026-09-07 11:00:00,93,0.0,34,26,350,4.9
San Matias,2026-09-07 11:00:00,96,0.0,38,26,340,5.1
San Matias,2026-09-07 11:00:00,99,0.0,43,36,320,5.4
San Matias,2026-09-07 11:00:00,102,0.0,39,36,340,5.2
San Matias,2026-09-07 11:00:00,105,0.0,36,36,350,4.9
San Matias,2026-09-07 11:00:00,108,0.0,33,35,343,3.6
San Matias,2026-09-07 11:00:00,111,0.0,31,26,333,2.4
San Pablo de Lipez (GPRS),2026-09-07 11:00:00,3,0.0,14,36,295,9.5
San Pablo de Lipez (GPRS),2026-09-07 11:00:00,6,0.0,14,36,275,7.7
San Pablo de Lipez (GPRS),2026-09-07 11:00:00,9,0.0,8,26,250,5.9
San Pablo de Lipez (GPRS),2026-09-07 11:00:00,12,0.0,3,26,266,4.0
San Pablo de Lipez (GPRS),2026-09-07 11:00:00,15,0.0,-6,36,275,2.2
San Pablo de Lipez (GPRS),2026-09-07 11:00:00,18,0.0,-6,35,285,2.9
San Pablo de Lipez (GPRS),2026-09-07 11:00:00,21,0.0,2,36,309,2.7
San Pablo de Lipez (GPRS),2026-09-07 11:00:00,24,0.0,6,36,309,6.6
San Pablo de Lipez (GPRS),2026-09-07 11:00:00,27,0.0,13,36,299,10.5
San Pablo de Lipez (GPRS),2026-09-07 11:00:00,30,0.0,13,36,280,8.3
San Pablo de Lipez (GPRS),2026-09-07 11:00:00,33,0.0,4,36,261,6.1
San Pablo de Lipez (GPRS),2026-09-07 11:00:00,36,0.0,-1,36,275,4.2
San Pablo de Lipez (GPRS),2026-09-07 11:00:00,39,0.0,-7,36,284,2.4
San Pablo de Lipez (GPRS),2026-09-07 11:00:00,42,0.0,-7,25,285,3.0
San Pablo de Lipez (GPRS),2026-09-07 11:00:00,45,0.0,1,26,300,3.4
San Pablo de Lipez (GPRS),2026-09-07 11:00:00,48,0.0,5,26,300,7.5
San Pablo de Lipez (GPRS),2026-09-07 11:00:00,51,0.0,13,25,300,11.7
San Pablo de Lipez (GPRS),2026-09-07 11:00:00,54,0.0,13,26,281,8.0
San Pablo de Lipez (GPRS),2026-09-07 11:00:00,57,0.0,4,26,261,4.3
San Pablo de Lipez (GPRS),2026-09-07 11:00:00,60,0.0,-4,26,290,3.1
San Pablo de Lipez (GPRS),2026-09-07 11:00:00,63,0.0,-8,25,310,1.8
San Pablo de Lipez (GPRS),2026-09-07 11:00:00,66,0.0,-8,26,319,3.2
San Pablo de Lipez (GPRS),2026-09-07 11:00:00,69,0.0,-2,27,309,3.7
San Pablo de Lipez (GPRS),2026-09-07 11:00:00,72,0.0,3,26,309,9.1
San Pablo de Lipez (GPRS),2026-09-07 11:00:00,75,0.0,13,26,300,14.5
San Pablo de Lipez (GPRS),2026-09-07 11:00:00,78,0.0,13,26,310,11.0
San Pablo de Lipez (GPRS),2026-09-07 11:00:00,81,0.0,2,26,311,7.4
San Pablo de Lipez (GPRS),2026-09-07 11:00:00,84,0.0,-3,25,315,5.5
San Pablo de Lipez (GPRS),2026-09-07 11:00:00,87,0.0,-8,26,318,3.6
San Pablo de Lipez (GPRS),2026-09-07 11:00:00,90,0.0,-8,26,329,5.9
San Pablo de Lipez (GPRS),2026-09-07 11:00:00,93,0.0,-3,27,329,4.2
San Pablo de Lipez (GPRS),2026-09-07 11:00:00,96,0.0,3,27,319,6.6
San Pablo de Lipez (GPRS),2026-09-07 11:00:00,99,0.0,13,25,309,9.1
San Pablo de Lipez (GPRS),2026-09-07 11:00:00,102,0.0,13,26,310,6.7
San Pablo de Lipez (GPRS),2026-09-07 11:00:00,105,0.0,3,26,306,4.3
San Pablo de Lipez (GPRS),2026-09-07 11:00:00,108,0.0,-8,26,324,3.4
San Pablo de Lipez (GPRS),2026-09-07 11:00:00,111,0.0,-8,27,338,2.5
San Pedro - Río Victoria,2026-09-07 11:00:00,3,0.0,31,26,146,2.0
San Pedro - Río Victoria,2026-09-07 11:00:00,6,0.0,31,26,160,1.8
San Pedro - Río Victoria,2026-09-07 11:00:00,9,0.0,27,36,167,1.5
San Pedro - Río Victoria,2026-09-07 11:00:00,12,0.0,25,36,160,1.4
San Pedro - Río Victoria,2026-09-07 11:00:00,15,0.0,22,36,150,1.2
San Pedro - Río Victoria,2026-09-07 11:00:00,18,0.0,22,36,254,0.6
San Pedro - Río Victoria,2026-09-07 11:00:00,21,0.0,23,36,271,0.5
San Pedro - Río Victoria,2026-09-07 11:00:00,24,0.0,26,36,297,1.8
San Pedro - Río Victoria,2026-09-07 11:00:00,27,0.0,33,36,320,3.0
San Pedro - Río Victoria,2026-09-07 11:00:00,30,0.0,33,36,310,2.2
San Pedro - Río Victoria,2026-09-07 11:00:00,33,0.0,27,26,293,1.5
San Pedro - Río Victoria,2026-09-07 11:00:00,36,0.0,23,26,303,1.4
San Pedro - Río Victoria,2026-09-07 11:00:00,39,0.0,21,36,308,1.3
San Pedro - Río Victoria,2026-09-07 11:00:00,42,0.0,21,36,310,1.5
San Pedro - Río Victoria,2026-09-07 11:00:00,45,0.0,25,36,333,1.8
San Pedro - Río Victoria,2026-09-07 11:00:00,48,0.0,29,36,330,2.8
San Pedro - Río Victoria,2026-09-07 11:00:00,51,0.0,34,36,320,3.8
San Pedro - Río Victoria,2026-09-07 11:00:00,54,0.0,34,36,328,2.9
San Pedro - Río Victoria,2026-09-07 11:00:00,57,0.0,27,36,334,2.0
San Pedro - Río Victoria,2026-09-07 11:00:00,60,0.0,24,36,336,1.5
San Pedro - Río Victoria,2026-09-07 11:00:00,63,0.0,22,56,330,1.2
San Pedro - Río Victoria,2026-09-07 11:00:00,66,0.0,22,57,326,1.5
San Pedro - Río Victoria,2026-09-07 11:00:00,69,0.0,26,56,343,1.8
San Pedro - Río Victoria,2026-09-07 11:00:00,72,0.0,29,56,313,2.2
San Pedro - Río Victoria,2026-09-07 11:00:00,75,0.0,33,56,283,2.6
San Pedro - Río Victoria,2026-09-07 11:00:00,78,0.0,33,56,284,2.1
San Pedro - Río Victoria,2026-09-07 11:00:00,81,0.0,24,56,280,1.6
San Pedro - Río Victoria,2026-09-07 11:00:00,84,0.0,22,56,306,1.7
San Pedro - Río Victoria,2026-09-07 11:00:00,87,0.0,22,36,327,1.7
San Pedro - Río Victoria,2026-09-07 11:00:00,90,0.0,28,36,316,1.9
San Pedro - Río Victoria,2026-09-07 11:00:00,93,0.0,29,36,326,2.3
San Pedro - Río Victoria,2026-09-07 11:00:00,96,0.0,35,36,316,3.5
San Pedro - Río Victoria,2026-09-07 11:00:00,99,0.0,40,36,300,4.7
San Pedro - Río Victoria,2026-09-07 11:00:00,102,0.0,36,36,323,2.9
San Pedro - Río Victoria,2026-09-07 11:00:00,105,0.0,31,56,343,1.2
San Pedro - Río Victoria,2026-09-07 11:00:00,108,0.0,29,56,347,0.9
San Pedro - Río Victoria,2026-09-07 11:00:00,111,0.0,27,36,351,0.5
San Pedro de Buena Vista,2026-09-07 11:00:00,3,0.0,21,37,65,3.0
San Pedro de Buena Vista,2026-09-07 11:00:00,6,0.0,21,36,58,2.5
San Pedro de Buena Vista,2026-09-07 11:00:00,9,0.0,16,36,48,2.0
San Pedro de Buena Vista,2026-09-07 11:00:00,12,0.0,12,36,40,1.8
San Pedro de Buena Vista,2026-09-07 11:00:00,15,0.0,6,35,30,1.6
San Pedro de Buena Vista,2026-09-07 11:00:00,18,0.0,6,36,329,2.7
San Pedro de Buena Vista,2026-09-07 11:00:00,21,0.0,10,37,335,2.1
San Pedro de Buena Vista,2026-09-07 11:00:00,24,0.0,15,36,313,1.7
San Pedro de Buena Vista,2026-09-07 11:00:00,27,0.0,24,56,282,1.3
San Pedro de Buena Vista,2026-09-07 11:00:00,30,0.0,24,56,318,2.8
San Pedro de Buena Vista,2026-09-07 11:00:00,33,0.0,14,37,353,4.3
San Pedro de Buena Vista,2026-09-07 11:00:00,36,0.0,9,37,320,3.4
San Pedro de Buena Vista,2026-09-07 11:00:00,39,0.0,6,36,278,2.5
San Pedro de Buena Vista,2026-09-07 11:00:00,42,0.0,6,26,288,1.6
San Pedro de Buena Vista,2026-09-07 11:00:00,45,0.0,10,26,258,0.7
San Pedro de Buena Vista,2026-09-07 11:00:00,48,0.0,16,26,325,1.2
San Pedro de Buena Vista,2026-09-07 11:00:00,51,0.0,25,26,30,1.7
San Pedro de Buena Vista,2026-09-07 11:00:00,54,0.0,25,26,359,2.0
San Pedro de Buena Vista,2026-09-07 11:00:00,57,0.0,16,26,321,2.2
San Pedro de Buena Vista,2026-09-07 11:00:00,60,0.0,9,26,345,2.3
San Pedro de Buena Vista,2026-09-07 11:00:00,63,0.0,4,36,3,2.5
San Pedro de Buena Vista,2026-09-07 11:00:00,66,0.0,4,36,340,2.8
San Pedro de Buena Vista,2026-09-07 11:00:00,69,0.0,10,36,330,3.6
San Pedro de Buena Vista,2026-09-07 11:00:00,72,0.0,15,36,328,4.4
San Pedro de Buena Vista,2026-09-07 11:00:00,75,0.0,25,57,323,5.1
San Pedro de Buena Vista,2026-09-07 11:00:00,78,0.0,25,56,333,4.0
San Pedro de Buena Vista,2026-09-07 11:00:00,81,0.0,15,56,343,2.8
San Pedro de Buena Vista,2026-09-07 11:00:00,84,0.0,7,56,325,3.5
San Pedro de Buena Vista,2026-09-07 11:00:00,87,0.0,2,26,298,4.2
San Pedro de Buena Vista,2026-09-07 11:00:00,90,0.0,2,26,278,3.8
San Pedro de Buena Vista,2026-09-07 11:00:00,93,0.0,11,26,270,3.0
San Pedro de Buena Vista,2026-09-07 11:00:00,96,0.0,16,26,315,3.1
San Pedro de Buena Vista,2026-09-07 11:00:00,99,0.0,25,26,354,3.2
San Pedro de Buena Vista,2026-09-07 11:00:00,102,0.0,25,26,25,2.6
San Pedro de Buena Vista,2026-09-07 11:00:00,105,0.0,16,26,50,2.0
San Pedro de Buena Vista,2026-09-07 11:00:00,108,0.0,2,26,38,1.8
San Pedro de Buena Vista,2026-09-07 11:00:00,111,0.0,2,26,26,1.5
San Pedro de Tiquina,2026-09-07 11:00:00,3,0.0,15,57,307,5.6
San Pedro de Tiquina,2026-09-07 11:00:00,6,0.0,15,56,329,5.6
San Pedro de Tiquina,2026-09-07 11:00:00,9,0.0,11,56,342,5.5
San Pedro de Tiquina,2026-09-07 11:00:00,12,0.0,9,57,6,4.5
San Pedro de Tiquina,2026-09-07 11:00:00,15,2.3,7,89,31,3.5
San Pedro de Tiquina,2026-09-07 11:00:00,18,0.6,7,89,40,2.5
San Pedro de Tiquina,2026-09-07 11:00:00,21,2.3,9,89,73,2.3
San Pedro de Tiquina,2026-09-07 11:00:00,24,1.8,11,89,20,3.5
San Pedro de Tiquina,2026-09-07 11:00:00,27,2.7,12,90,327,4.7
San Pedro de Tiquina,2026-09-07 11:00:00,30,1.1,12,90,349,4.9
San Pedro de Tiquina,2026-09-07 11:00:00,33,2.3,11,89,2,5.0
San Pedro de Tiquina,2026-09-07 11:00:00,36,2.2,10,89,39,4.5
San Pedro de Tiquina,2026-09-07 11:00:00,39,2.4,7,89,69,4.0
San Pedro de Tiquina,2026-09-07 11:00:00,42,0.0,7,36,140,2.4
San Pedro de Tiquina,2026-09-07 11:00:00,45,0.0,9,35,194,1.0
San Pedro de Tiquina,2026-09-07 11:00:00,48,0.0,11,36,251,2.0
San Pedro de Tiquina,2026-09-07 11:00:00,51,0.0,13,56,298,2.9
San Pedro de Tiquina,2026-09-07 11:00:00,54,0.0,13,55,302,3.6
San Pedro de Tiquina,2026-09-07 11:00:00,57,0.0,9,37,304,4.2
San Pedro de Tiquina,2026-09-07 11:00:00,60,0.0,6,36,242,3.5
San Pedro de Tiquina,2026-09-07 11:00:00,63,0.0,4,56,179,2.8
San Pedro de Tiquina,2026-09-07 11:00:00,66,0.0,3,56,86,3.0
San Pedro de Tiquina,2026-09-07 11:00:00,69,0.0,7,57,122,3.6
San Pedro de Tiquina,2026-09-07 11:00:00,72,0.0,8,56,57,2.9
San Pedro de Tiquina,2026-09-07 11:00:00,75,1.3,14,89,345,2.3
San Pedro de Tiquina,2026-09-07 11:00:00,78,1.4,14,89,355,3.7
San Pedro de Tiquina,2026-09-07 11:00:00,81,0.0,9,56,357,5.1
San Pedro de Tiquina,2026-09-07 11:00:00,84,0.0,5,56,356,3.9
San Pedro de Tiquina,2026-09-07 11:00:00,87,0.0,1,25,346,2.7
San Pedro de Tiquina,2026-09-07 11:00:00,90,0.0,1,26,311,4.2
San Pedro de Tiquina,2026-09-07 11:00:00,93,0.0,6,26,323,4.0
San Pedro de Tiquina,2026-09-07 11:00:00,96,0.0,10,26,311,5.3
San Pedro de Tiquina,2026-09-07 11:00:00,99,0.0,15,36,297,6.7
San Pedro de Tiquina,2026-09-07 11:00:00,102,0.0,15,36,330,5.9
San Pedro de Tiquina,2026-09-07 11:00:00,105,0.0,8,26,2,5.1
San Pedro de Tiquina,2026-09-07 11:00:00,108,0.0,0,26,13,3.7
San Pedro de Tiquina,2026-09-07 11:00:00,111,0.0,0,26,16,2.3
San Ramon,2026-09-07 11:00:00,3,0.0,30,37,113,3.3
San Ramon,2026-09-07 11:00:00,6,0.0,30,36,108,2.3
San Ramon,2026-09-07 11:00:00,9,0.0,27,36,93,1.2
San Ramon,2026-09-07 11:00:00,12,0.0,24,36,145,1.8
San Ramon,2026-09-07 11:00:00,15,0.0,19,36,190,2.3
San Ramon,2026-09-07 11:00:00,18,0.0,19,36,195,1.5
San Ramon,2026-09-07 11:00:00,21,0.0,25,36,165,1.2
San Ramon,2026-09-07 11:00:00,24,0.0,29,36,250,2.1
San Ramon,2026-09-07 11:00:00,27,0.0,32,36,330,2.8
San Ramon,2026-09-07 11:00:00,30,0.0,32,36,328,2.4
San Ramon,2026-09-07 11:00:00,33,0.0,28,36,320,1.9
San Ramon,2026-09-07 11:00:00,36,0.0,24,36,318,2.1
San Ramon,2026-09-07 11:00:00,39,0.0,21,36,312,2.3
San Ramon,2026-09-07 11:00:00,42,0.0,21,27,320,2.7
San Ramon,2026-09-07 11:00:00,45,0.0,26,26,320,3.1
San Ramon,2026-09-07 11:00:00,48,0.0,30,26,330,4.2
San Ramon,2026-09-07 11:00:00,51,0.0,34,26,330,5.3
San Ramon,2026-09-07 11:00:00,54,0.0,34,26,5,4.9
San Ramon,2026-09-07 11:00:00,57,0.0,30,36,35,4.5
San Ramon,2026-09-07 11:00:00,60,0.0,25,36,27,3.4
San Ramon,2026-09-07 11:00:00,63,0.0,21,36,13,2.4
San Ramon,2026-09-07 11:00:00,66,0.0,21,36,342,3.9
San Ramon,2026-09-07 11:00:00,69,0.0,26,36,340,4.9
San Ramon,2026-09-07 11:00:00,72,0.0,30,35,335,4.9
San Ramon,2026-09-07 11:00:00,75,0.0,34,56,325,4.9
San Ramon,2026-09-07 11:00:00,78,0.0,34,56,345,4.2
San Ramon,2026-09-07 11:00:00,81,0.0,30,37,360,3.4
San Ramon,2026-09-07 11:00:00,84,0.0,25,36,283,2.9
San Ramon,2026-09-07 11:00:00,87,0.0,21,36,203,2.3
San Ramon,2026-09-07 11:00:00,90,0.0,21,36,323,2.8
San Ramon,2026-09-07 11:00:00,93,0.0,26,36,325,2.9
San Ramon,2026-09-07 11:00:00,96,0.0,30,36,320,3.8
San Ramon,2026-09-07 11:00:00,99,0.0,34,56,310,4.6
San Ramon,2026-09-07 11:00:00,102,0.0,34,57,340,4.1
San Ramon,2026-09-07 11:00:00,105,0.0,29,36,8,3.6
San Ramon,2026-09-07 11:00:00,108,0.0,21,36,358,3.3
San Ramon,2026-09-07 11:00:00,111,0.0,21,36,340,3.1
San Roque - La Paz,2026-09-07 11:00:00,3,0.0,15,56,301,5.7
San Roque - La Paz,2026-09-07 11:00:00,6,0.0,15,56,333,4.0
San Roque - La Paz,2026-09-07 11:00:00,9,0.0,10,56,356,2.4
San Roque - La Paz,2026-09-07 11:00:00,12,0.0,7,56,340,3.3
San Roque - La Paz,2026-09-07 11:00:00,15,1.6,5,89,313,4.1
San Roque - La Paz,2026-09-07 11:00:00,18,1.5,5,89,30,1.4
San Roque - La Paz,2026-09-07 11:00:00,21,0.5,7,88,75,0.9
San Roque - La Paz,2026-09-07 11:00:00,24,1.5,10,90,16,3.0
San Roque - La Paz,2026-09-07 11:00:00,27,1.8,14,89,311,5.0
San Roque - La Paz,2026-09-07 11:00:00,30,2.2,14,90,329,4.3
San Roque - La Paz,2026-09-07 11:00:00,33,0.9,11,89,111,3.5
San Roque - La Paz,2026-09-07 11:00:00,36,1.8,8,89,38,2.3
San Roque - La Paz,2026-09-07 11:00:00,39,1.6,5,89,316,1.0
San Roque - La Paz,2026-09-07 11:00:00,42,0.0,5,36,347,1.4
San Roque - La Paz,2026-09-07 11:00:00,45,0.0,8,36,271,2.0
San Roque - La Paz,2026-09-07 11:00:00,48,0.0,11,36,281,3.3
San Roque - La Paz,2026-09-07 11:00:00,51,0.0,15,56,291,4.6
San Roque - La Paz,2026-09-07 11:00:00,54,0.0,15,56,247,4.3
San Roque - La Paz,2026-09-07 11:00:00,57,0.0,9,36,194,3.9
San Roque - La Paz,2026-09-07 11:00:00,60,0.0,5,36,187,3.3
San Roque - La Paz,2026-09-07 11:00:00,63,0.0,2,56,173,2.6
San Roque - La Paz,2026-09-07 11:00:00,66,0.0,2,56,109,2.2
San Roque - La Paz,2026-09-07 11:00:00,69,0.0,6,56,99,1.8
San Roque - La Paz,2026-09-07 11:00:00,72,0.0,10,56,29,3.6
San Roque - La Paz,2026-09-07 11:00:00,75,2.0,16,88,317,5.5
San Roque - La Paz,2026-09-07 11:00:00,78,1.9,16,88,326,4.1
San Roque - La Paz,2026-09-07 11:00:00,81,0.0,8,56,329,2.7
San Roque - La Paz,2026-09-07 11:00:00,84,0.0,4,56,40,1.8
San Roque - La Paz,2026-09-07 11:00:00,87,0.0,-1,26,105,0.9
San Roque - La Paz,2026-09-07 11:00:00,90,0.0,-1,26,239,1.2
San Roque - La Paz,2026-09-07 11:00:00,93,0.0,6,26,340,1.7
San Roque - La Paz,2026-09-07 11:00:00,96,0.0,10,26,320,4.2
San Roque - La Paz,2026-09-07 11:00:00,99,0.0,17,37,290,6.6
San Roque - La Paz,2026-09-07 11:00:00,102,0.0,17,36,317,4.5
San Roque - La Paz,2026-09-07 11:00:00,105,0.0,8,26,339,2.4
San Roque - La Paz,2026-09-07 11:00:00,108,0.0,-1,26,40,2.2
San Roque - La Paz,2026-09-07 11:00:00,111,0.0,-1,26,100,1.8
Santa Ana,2026-09-07 11:00:00,3,0.0,30,36,140,2.8
Santa Ana,2026-09-07 11:00:00,6,0.0,30,36,151,2.5
Santa Ana,2026-09-07 11:00:00,9,0.0,26,36,161,2.2
Santa Ana,2026-09-07 11:00:00,12,0.0,23,36,180,2.3
Santa Ana,2026-09-07 11:00:00,15,0.0,18,36,190,2.4
Santa Ana,2026-09-07 11:00:00,18,0.0,18,36,181,1.2
Santa Ana,2026-09-07 11:00:00,21,0.0,24,36,164,0.9
Santa Ana,2026-09-07 11:00:00,24,0.0,27,36,244,2.3
Santa Ana,2026-09-07 11:00:00,27,0.0,30,36,314,3.5
Santa Ana,2026-09-07 11:00:00,30,0.0,30,36,336,2.5
Santa Ana,2026-09-07 11:00:00,33,0.0,28,36,356,1.4
Santa Ana,2026-09-07 11:00:00,36,0.0,26,35,333,1.5
Santa Ana,2026-09-07 11:00:00,39,0.0,20,36,310,1.6
Santa Ana,2026-09-07 11:00:00,42,0.0,20,26,330,2.4
Santa Ana,2026-09-07 11:00:00,45,0.0,26,26,340,3.0
Santa Ana,2026-09-07 11:00:00,48,0.0,30,26,330,3.9
Santa Ana,2026-09-07 11:00:00,51,0.0,32,26,317,4.8
Santa Ana,2026-09-07 11:00:00,54,0.0,32,26,347,3.9
Santa Ana,2026-09-07 11:00:00,57,0.0,29,36,17,3.1
Santa Ana,2026-09-07 11:00:00,60,0.0,22,36,20,3.3
Santa Ana,2026-09-07 11:00:00,63,0.0,20,36,13,3.4
Santa Ana,2026-09-07 11:00:00,66,0.0,20,37,349,4.3
Santa Ana,2026-09-07 11:00:00,69,0.0,25,36,330,4.9
Santa Ana,2026-09-07 11:00:00,72,0.0,29,35,330,5.3
Santa Ana,2026-09-07 11:00:00,75,0.0,32,57,320,5.7
Santa Ana,2026-09-07 11:00:00,78,0.0,32,57,347,4.1
Santa Ana,2026-09-07 11:00:00,81,0.0,29,37,7,2.5
Santa Ana,2026-09-07 11:00:00,84,0.0,24,36,77,2.6
Santa Ana,2026-09-07 11:00:00,87,0.0,20,36,140,2.7
Santa Ana,2026-09-07 11:00:00,90,0.0,20,36,330,3.1
Santa Ana,2026-09-07 11:00:00,93,0.0,26,37,310,4.2
Santa Ana,2026-09-07 11:00:00,96,0.0,29,36,317,5.1
Santa Ana,2026-09-07 11:00:00,99,0.0,32,56,317,5.9
Santa Ana,2026-09-07 11:00:00,102,0.0,32,56,341,5.0
Santa Ana,2026-09-07 11:00:00,105,0.0,27,36,4,4.2
Santa Ana,2026-09-07 11:00:00,108,0.0,20,36,350,3.6
Santa Ana,2026-09-07 11:00:00,111,0.0,20,36,330,3.1
Santa Cruz - Trompillo,2026-09-07 11:00:00,3,0.0,27,26,100,2.5
Santa Cruz - Trompillo,2026-09-07 11:00:00,6,0.0,27,26,110,1.6
Santa Cruz - Trompillo,2026-09-07 11:00:00,9,0.0,26,36,113,0.8
Santa Cruz - Trompillo,2026-09-07 11:00:00,12,0.0,24,35,162,1.0
Santa Cruz - Trompillo,2026-09-07 11:00:00,15,0.0,19,36,202,1.2
Santa Cruz - Trompillo,2026-09-07 11:00:00,18,0.0,19,36,308,1.5
Santa Cruz - Trompillo,2026-09-07 11:00:00,21,0.0,24,35,320,1.8
Santa Cruz - Trompillo,2026-09-07 11:00:00,24,0.0,27,36,330,4.6
Santa Cruz - Trompillo,2026-09-07 11:00:00,27,0.0,29,37,332,7.5
Santa Cruz - Trompillo,2026-09-07 11:00:00,30,0.0,29,35,322,6.8
Santa Cruz - Trompillo,2026-09-07 11:00:00,33,0.0,26,26,312,6.1
Santa Cruz - Trompillo,2026-09-07 11:00:00,36,0.0,24,26,320,6.0
Santa Cruz - Trompillo,2026-09-07 11:00:00,39,0.0,20,36,320,6.0
Santa Cruz - Trompillo,2026-09-07 11:00:00,42,0.0,20,36,328,4.4
Santa Cruz - Trompillo,2026-09-07 11:00:00,45,0.0,24,36,328,4.0
Santa Cruz - Trompillo,2026-09-07 11:00:00,48,0.0,28,36,330,6.1
Santa Cruz - Trompillo,2026-09-07 11:00:00,51,0.0,31,36,322,8.1
Santa Cruz - Trompillo,2026-09-07 11:00:00,54,0.0,31,36,322,6.5
Santa Cruz - Trompillo,2026-09-07 11:00:00,57,0.0,27,36,320,4.9
Santa Cruz - Trompillo,2026-09-07 11:00:00,60,0.0,21,36,332,4.3
Santa Cruz - Trompillo,2026-09-07 11:00:00,63,0.0,20,56,342,3.6
Santa Cruz - Trompillo,2026-09-07 11:00:00,66,0.0,20,56,288,2.7
Santa Cruz - Trompillo,2026-09-07 11:00:00,69,0.0,24,56,235,1.0
Santa Cruz - Trompillo,2026-09-07 11:00:00,72,0.0,26,56,278,4.1
Santa Cruz - Trompillo,2026-09-07 11:00:00,75,0.0,30,56,312,7.1
Santa Cruz - Trompillo,2026-09-07 11:00:00,78,0.0,30,57,318,6.8
Santa Cruz - Trompillo,2026-09-07 11:00:00,81,0.0,27,56,316,6.4
Santa Cruz - Trompillo,2026-09-07 11:00:00,84,0.0,20,55,320,5.9
Santa Cruz - Trompillo,2026-09-07 11:00:00,87,0.0,20,36,320,5.5
Santa Cruz - Trompillo,2026-09-07 11:00:00,90,0.0,29,36,328,7.9
Santa Cruz - Trompillo,2026-09-07 11:00:00,93,0.0,29,36,322,7.7
Santa Cruz - Trompillo,2026-09-07 11:00:00,96,0.0,34,36,322,8.4
Santa Cruz - Trompillo,2026-09-07 11:00:00,99,0.0,38,36,320,9.1
Santa Cruz - Trompillo,2026-09-07 11:00:00,102,0.0,36,36,330,7.8
Santa Cruz - Trompillo,2026-09-07 11:00:00,105,0.0,34,56,330,6.4
Santa Cruz - Trompillo,2026-09-07 11:00:00,108,0.0,28,56,258,6.5
Santa Cruz - Trompillo,2026-09-07 11:00:00,111,0.0,23,36,178,6.6
Santa Cruz - Viru Viru,2026-09-07 11:00:00,3,0.0,26,26,117,2.4
Santa Cruz - Viru Viru,2026-09-07 11:00:00,6,0.0,26,26,126,1.8
Santa Cruz - Viru Viru,2026-09-07 11:00:00,9,0.0,25,36,126,1.1
Santa Cruz - Viru Viru,2026-09-07 11:00:00,12,0.0,23,36,160,1.2
Santa Cruz - Viru Viru,2026-09-07 11:00:00,15,0.0,19,36,191,1.3
Santa Cruz - Viru Viru,2026-09-07 11:00:00,18,0.0,19,36,313,1.5
Santa Cruz - Viru Viru,2026-09-07 11:00:00,21,0.0,24,36,321,1.9
Santa Cruz - Viru Viru,2026-09-07 11:00:00,24,0.0,27,36,324,4.5
Santa Cruz - Viru Viru,2026-09-07 11:00:00,27,0.0,29,36,324,7.1
Santa Cruz - Viru Viru,2026-09-07 11:00:00,30,0.0,29,36,321,6.2
Santa Cruz - Viru Viru,2026-09-07 11:00:00,33,0.0,26,26,311,5.3
Santa Cruz - Viru Viru,2026-09-07 11:00:00,36,0.0,23,26,320,5.3
Santa Cruz - Viru Viru,2026-09-07 11:00:00,39,0.0,19,36,320,5.3
Santa Cruz - Viru Viru,2026-09-07 11:00:00,42,0.0,20,36,320,4.2
Santa Cruz - Viru Viru,2026-09-07 11:00:00,45,0.0,24,36,324,4.1
Santa Cruz - Viru Viru,2026-09-07 11:00:00,48,0.0,27,35,324,5.9
Santa Cruz - Viru Viru,2026-09-07 11:00:00,51,0.0,31,36,320,7.8
Santa Cruz - Viru Viru,2026-09-07 11:00:00,54,0.0,31,36,320,6.0
Santa Cruz - Viru Viru,2026-09-07 11:00:00,57,0.0,27,35,310,4.3
Santa Cruz - Viru Viru,2026-09-07 11:00:00,60,0.0,22,36,330,4.2
Santa Cruz - Viru Viru,2026-09-07 11:00:00,63,0.0,21,56,340,4.0
Santa Cruz - Viru Viru,2026-09-07 11:00:00,66,0.0,21,56,296,3.0
Santa Cruz - Viru Viru,2026-09-07 11:00:00,69,0.0,24,56,262,1.8
Santa Cruz - Viru Viru,2026-09-07 11:00:00,72,0.0,26,56,286,4.3
Santa Cruz - Viru Viru,2026-09-07 11:00:00,75,0.0,30,56,304,6.8
Santa Cruz - Viru Viru,2026-09-07 11:00:00,78,0.0,30,57,320,6.1
Santa Cruz - Viru Viru,2026-09-07 11:00:00,81,0.0,27,56,328,5.5
Santa Cruz - Viru Viru,2026-09-07 11:00:00,84,0.0,20,56,331,5.2
Santa Cruz - Viru Viru,2026-09-07 11:00:00,87,0.0,20,36,330,4.9
Santa Cruz - Viru Viru,2026-09-07 11:00:00,90,0.0,29,36,321,7.1
Santa Cruz - Viru Viru,2026-09-07 11:00:00,93,0.0,29,36,320,7.0
Santa Cruz - Viru Viru,2026-09-07 11:00:00,96,0.0,34,36,320,8.0
Santa Cruz - Viru Viru,2026-09-07 11:00:00,99,0.0,38,37,320,9.0
Santa Cruz - Viru Viru,2026-09-07 11:00:00,102,0.0,36,36,330,7.5
Santa Cruz - Viru Viru,2026-09-07 11:00:00,105,0.0,34,56,330,6.1
Santa Cruz - Viru Viru,2026-09-07 11:00:00,108,0.0,28,56,260,6.4
Santa Cruz - Viru Viru,2026-09-07 11:00:00,111,0.0,23,36,180,6.7
Santa Rosa,2026-09-07 11:00:00,3,0.0,31,36,130,2.4
Santa Rosa,2026-09-07 11:00:00,6,0.0,31,36,188,1.7
Santa Rosa,2026-09-07 11:00:00,9,0.0,26,36,240,0.9
Santa Rosa,2026-09-07 11:00:00,12,0.0,23,36,221,1.3
Santa Rosa,2026-09-07 11:00:00,15,0.0,17,26,200,1.7
Santa Rosa,2026-09-07 11:00:00,18,0.0,17,26,239,1.5
Santa Rosa,2026-09-07 11:00:00,21,0.0,25,26,230,1.4
Santa Rosa,2026-09-07 11:00:00,24,0.0,28,26,288,2.3
Santa Rosa,2026-09-07 11:00:00,27,0.0,30,36,338,3.1
Santa Rosa,2026-09-07 11:00:00,30,0.0,30,36,329,2.4
Santa Rosa,2026-09-07 11:00:00,33,0.0,27,26,316,1.7
Santa Rosa,2026-09-07 11:00:00,36,0.0,23,26,300,1.6
Santa Rosa,2026-09-07 11:00:00,39,0.0,19,26,274,1.6
Santa Rosa,2026-09-07 11:00:00,42,0.0,19,26,300,2.0
Santa Rosa,2026-09-07 11:00:00,45,0.0,26,26,326,2.2
Santa Rosa,2026-09-07 11:00:00,48,0.0,30,26,330,3.2
Santa Rosa,2026-09-07 11:00:00,51,0.0,32,36,330,4.1
Santa Rosa,2026-09-07 11:00:00,54,0.0,32,36,323,3.0
Santa Rosa,2026-09-07 11:00:00,57,0.0,29,36,313,1.9
Santa Rosa,2026-09-07 11:00:00,60,0.0,23,37,320,1.7
Santa Rosa,2026-09-07 11:00:00,63,0.0,19,56,318,1.6
Santa Rosa,2026-09-07 11:00:00,66,0.0,19,56,320,2.7
Santa Rosa,2026-09-07 11:00:00,69,0.0,23,56,320,3.3
Santa Rosa,2026-09-07 11:00:00,72,0.0,28,56,330,4.3
Santa Rosa,2026-09-07 11:00:00,75,0.0,32,37,330,5.3
Santa Rosa,2026-09-07 11:00:00,78,0.0,32,36,334,4.4
Santa Rosa,2026-09-07 11:00:00,81,0.0,27,56,333,3.6
Santa Rosa,2026-09-07 11:00:00,84,0.0,21,57,256,2.8
Santa Rosa,2026-09-07 11:00:00,87,0.0,19,26,173,1.9
Santa Rosa,2026-09-07 11:00:00,90,0.0,19,26,261,1.9
Santa Rosa,2026-09-07 11:00:00,93,0.0,25,26,305,1.9
Santa Rosa,2026-09-07 11:00:00,96,0.0,29,26,310,3.6
Santa Rosa,2026-09-07 11:00:00,99,0.0,32,36,310,5.3
Santa Rosa,2026-09-07 11:00:00,102,0.0,32,36,305,3.6
Santa Rosa,2026-09-07 11:00:00,105,0.0,28,26,300,2.0
Santa Rosa,2026-09-07 11:00:00,108,0.0,19,27,319,2.2
Santa Rosa,2026-09-07 11:00:00,111,0.0,19,25,334,2.3
Santos Mercado - PD,2026-09-07 11:00:00,3,0.0,29,56,150,2.2
Santos Mercado - PD,2026-09-07 11:00:00,6,0.0,29,56,160,2.2
Santos Mercado - PD,2026-09-07 11:00:00,9,0.0,26,55,170,2.2
Santos Mercado - PD,2026-09-07 11:00:00,12,0.0,23,57,180,1.5
Santos Mercado - PD,2026-09-07 11:00:00,15,0.0,20,57,190,0.8
Santos Mercado - PD,2026-09-07 11:00:00,18,0.0,20,57,170,0.9
Santos Mercado - PD,2026-09-07 11:00:00,21,0.0,24,55,139,0.5
Santos Mercado - PD,2026-09-07 11:00:00,24,0.0,27,56,72,0.7
Santos Mercado - PD,2026-09-07 11:00:00,27,0.0,29,37,360,0.9
Santos Mercado - PD,2026-09-07 11:00:00,30,0.0,29,37,80,0.8
Santos Mercado - PD,2026-09-07 11:00:00,33,0.0,28,35,150,0.7
Santos Mercado - PD,2026-09-07 11:00:00,36,0.0,25,35,72,0.9
Santos Mercado - PD,2026-09-07 11:00:00,39,0.0,23,35,340,1.2
Santos Mercado - PD,2026-09-07 11:00:00,42,0.0,23,27,350,1.2
Santos Mercado - PD,2026-09-07 11:00:00,45,0.0,24,26,340,1.5
Santos Mercado - PD,2026-09-07 11:00:00,48,0.0,27,25,20,1.8
Santos Mercado - PD,2026-09-07 11:00:00,51,0.0,30,35,60,2.0
Santos Mercado - PD,2026-09-07 11:00:00,54,0.0,30,36,50,1.7
Santos Mercado - PD,2026-09-07 11:00:00,57,0.0,27,25,31,1.4
Santos Mercado - PD,2026-09-07 11:00:00,60,0.0,25,25,20,1.2
Santos Mercado - PD,2026-09-07 11:00:00,63,0.0,23,36,360,1.0
Santos Mercado - PD,2026-09-07 11:00:00,66,0.0,23,37,320,1.5
Santos Mercado - PD,2026-09-07 11:00:00,69,0.0,26,37,330,1.6
Santos Mercado - PD,2026-09-07 11:00:00,72,0.0,29,37,320,1.8
Santos Mercado - PD,2026-09-07 11:00:00,75,0.0,31,57,310,2.0
Santos Mercado - PD,2026-09-07 11:00:00,78,0.0,31,56,340,1.7
Santos Mercado - PD,2026-09-07 11:00:00,81,0.0,29,36,11,1.4
Santos Mercado - PD,2026-09-07 11:00:00,84,0.0,26,36,350,1.5
Santos Mercado - PD,2026-09-07 11:00:00,87,0.0,23,37,330,1.5
Santos Mercado - PD,2026-09-07 11:00:00,90,0.0,23,36,350,1.8
Santos Mercado - PD,2026-09-07 11:00:00,93,0.0,25,35,360,2.4
Santos Mercado - PD,2026-09-07 11:00:00,96,0.0,27,35,360,2.2
Santos Mercado - PD,2026-09-07 11:00:00,99,0.0,31,35,350,1.9
Santos Mercado - PD,2026-09-07 11:00:00,102,0.0,31,37,330,2.0
Santos Mercado - PD,2026-09-07 11:00:00,105,0.0,27,35,310,2.0
Santos Mercado - PD,2026-09-07 11:00:00,108,0.0,23,37,340,1.8
Santos Mercado - PD,2026-09-07 11:00:00,111,0.0,23,36,360,1.6
Sena - PD,2026-09-07 11:00:00,3,0.0,29,56,135,2.4
Sena - PD,2026-09-07 11:00:00,6,0.0,29,56,161,1.8
Sena - PD,2026-09-07 11:00:00,9,0.0,25,56,178,1.1
Sena - PD,2026-09-07 11:00:00,12,0.0,23,56,193,1.1
Sena - PD,2026-09-07 11:00:00,15,0.0,18,56,200,1.3
Sena - PD,2026-09-07 11:00:00,18,0.0,18,56,170,0.9
Sena - PD,2026-09-07 11:00:00,21,0.0,23,56,195,0.6
Sena - PD,2026-09-07 11:00:00,24,0.0,26,57,260,1.1
Sena - PD,2026-09-07 11:00:00,27,0.0,28,36,325,1.6
Sena - PD,2026-09-07 11:00:00,30,0.0,28,36,318,1.2
Sena - PD,2026-09-07 11:00:00,33,0.0,26,36,306,0.8
Sena - PD,2026-09-07 11:00:00,36,0.0,24,36,286,0.9
Sena - PD,2026-09-07 11:00:00,39,0.0,21,36,258,0.9
Sena - PD,2026-09-07 11:00:00,42,0.0,21,26,310,1.0
Sena - PD,2026-09-07 11:00:00,45,0.0,24,26,320,1.4
Sena - PD,2026-09-07 11:00:00,48,0.0,27,26,320,1.7
Sena - PD,2026-09-07 11:00:00,51,0.0,29,36,313,2.0
Sena - PD,2026-09-07 11:00:00,54,0.0,29,36,335,1.5
Sena - PD,2026-09-07 11:00:00,57,0.0,27,27,355,1.1
Sena - PD,2026-09-07 11:00:00,60,0.0,24,26,335,1.1
Sena - PD,2026-09-07 11:00:00,63,0.0,21,36,310,1.1
Sena - PD,2026-09-07 11:00:00,66,0.0,21,36,330,1.6
Sena - PD,2026-09-07 11:00:00,69,0.0,25,36,320,1.7
Sena - PD,2026-09-07 11:00:00,72,0.0,28,36,335,2.2
Sena - PD,2026-09-07 11:00:00,75,0.0,30,56,345,2.6
Sena - PD,2026-09-07 11:00:00,78,0.0,30,56,350,2.1
Sena - PD,2026-09-07 11:00:00,81,0.0,28,36,355,1.6
Sena - PD,2026-09-07 11:00:00,84,0.0,24,36,350,1.6
Sena - PD,2026-09-07 11:00:00,87,0.0,21,36,340,1.6
Sena - PD,2026-09-07 11:00:00,90,0.0,21,36,348,2.0
Sena - PD,2026-09-07 11:00:00,93,0.0,25,36,328,2.3
Sena - PD,2026-09-07 11:00:00,96,0.0,26,36,328,2.3
Sena - PD,2026-09-07 11:00:00,99,0.0,30,36,325,2.4
Sena - PD,2026-09-07 11:00:00,102,0.0,30,36,345,2.1
Sena - PD,2026-09-07 11:00:00,105,0.0,27,35,360,1.8
Sena - PD,2026-09-07 11:00:00,108,0.0,21,36,353,1.6
Sena - PD,2026-09-07 11:00:00,111,0.0,21,36,343,1.5
Soracachi,2026-09-07 11:00:00,3,0.0,17,36,337,5.2
Soracachi,2026-09-07 11:00:00,6,0.0,17,36,10,4.4
Soracachi,2026-09-07 11:00:00,9,0.0,12,36,37,3.5
Soracachi,2026-09-07 11:00:00,12,0.0,7,36,356,2.6
Soracachi,2026-09-07 11:00:00,15,0.0,4,56,310,1.7
Soracachi,2026-09-07 11:00:00,18,0.0,4,56,357,2.6
Soracachi,2026-09-07 11:00:00,21,0.0,6,56,340,2.9
Soracachi,2026-09-07 11:00:00,24,0.0,11,57,344,3.5
Soracachi,2026-09-07 11:00:00,27,0.0,18,56,343,4.1
Soracachi,2026-09-07 11:00:00,30,0.0,18,55,359,3.5
Soracachi,2026-09-07 11:00:00,33,0.0,13,56,10,2.9
Soracachi,2026-09-07 11:00:00,36,0.0,8,56,327,2.1
Soracachi,2026-09-07 11:00:00,39,0.0,3,56,278,1.2
Soracachi,2026-09-07 11:00:00,42,0.0,3,36,168,1.0
Soracachi,2026-09-07 11:00:00,45,0.0,6,36,187,1.1
Soracachi,2026-09-07 11:00:00,48,0.0,10,36,243,1.5
Soracachi,2026-09-07 11:00:00,51,0.0,19,36,297,2.1
Soracachi,2026-09-07 11:00:00,54,0.0,19,36,258,2.5
Soracachi,2026-09-07 11:00:00,57,0.0,9,36,211,2.8
Soracachi,2026-09-07 11:00:00,60,0.0,5,36,144,2.4
Soracachi,2026-09-07 11:00:00,63,0.0,2,56,72,1.9
Soracachi,2026-09-07 11:00:00,66,0.0,2,56,269,2.7
Soracachi,2026-09-07 11:00:00,69,0.0,6,57,310,4.2
Soracachi,2026-09-07 11:00:00,72,0.0,13,56,300,7.6
Soracachi,2026-09-07 11:00:00,75,0.0,20,36,280,10.9
Soracachi,2026-09-07 11:00:00,78,0.0,20,36,307,7.7
Soracachi,2026-09-07 11:00:00,81,0.0,11,56,324,4.5
Soracachi,2026-09-07 11:00:00,84,0.0,4,56,324,3.7
Soracachi,2026-09-07 11:00:00,87,0.0,-1,26,323,3.0
Soracachi,2026-09-07 11:00:00,90,0.0,-1,26,319,3.0
Soracachi,2026-09-07 11:00:00,93,0.0,5,26,329,3.0
Soracachi,2026-09-07 11:00:00,96,0.0,13,26,321,4.7
Soracachi,2026-09-07 11:00:00,99,0.0,19,26,309,6.4
Soracachi,2026-09-07 11:00:00,102,0.0,19,26,350,5.5
Soracachi,2026-09-07 11:00:00,105,0.0,8,26,28,4.6
Soracachi,2026-09-07 11:00:00,108,0.0,-1,26,32,3.1
Soracachi,2026-09-07 11:00:00,111,0.0,-1,26,28,1.5
Sucre,2026-09-07 11:00:00,3,0.0,23,36,37,4.1
Sucre,2026-09-07 11:00:00,6,0.0,23,36,18,3.8
Sucre,2026-09-07 11:00:00,9,0.0,18,36,359,3.4
Sucre,2026-09-07 11:00:00,12,0.0,14,35,10,2.6
Sucre,2026-09-07 11:00:00,15,0.0,9,37,21,1.9
Sucre,2026-09-07 11:00:00,18,0.0,9,36,21,1.4
Sucre,2026-09-07 11:00:00,21,0.0,14,36,20,1.3
Sucre,2026-09-07 11:00:00,24,0.0,18,36,39,2.8
Sucre,2026-09-07 11:00:00,27,0.0,24,55,49,4.3
Sucre,2026-09-07 11:00:00,30,0.0,24,56,73,2.8
Sucre,2026-09-07 11:00:00,33,0.0,18,36,95,1.2
Sucre,2026-09-07 11:00:00,36,0.0,14,36,41,0.9
Sucre,2026-09-07 11:00:00,39,0.0,10,35,340,0.7
Sucre,2026-09-07 11:00:00,42,0.0,10,26,11,1.5
Sucre,2026-09-07 11:00:00,45,0.0,13,26,5,1.4
Sucre,2026-09-07 11:00:00,48,0.0,17,26,25,3.1
Sucre,2026-09-07 11:00:00,51,0.0,23,37,43,4.8
Sucre,2026-09-07 11:00:00,54,0.0,23,36,33,4.1
Sucre,2026-09-07 11:00:00,57,0.0,17,37,19,3.3
Sucre,2026-09-07 11:00:00,60,0.0,12,36,10,2.9
Sucre,2026-09-07 11:00:00,63,0.0,10,57,360,2.4
Sucre,2026-09-07 11:00:00,66,0.0,10,56,10,2.7
Sucre,2026-09-07 11:00:00,69,0.0,13,56,10,2.5
Sucre,2026-09-07 11:00:00,72,0.0,17,56,12,4.4
Sucre,2026-09-07 11:00:00,75,0.0,22,56,12,6.3
Sucre,2026-09-07 11:00:00,78,0.0,22,56,11,4.9
Sucre,2026-09-07 11:00:00,81,0.0,16,56,9,3.6
Sucre,2026-09-07 11:00:00,84,0.0,10,56,360,2.9
Sucre,2026-09-07 11:00:00,87,0.0,10,27,341,2.1
Sucre,2026-09-07 11:00:00,90,0.0,13,26,312,1.5
Sucre,2026-09-07 11:00:00,93,0.0,13,26,281,1.1
Sucre,2026-09-07 11:00:00,96,0.0,18,27,341,3.0
Sucre,2026-09-07 11:00:00,99,0.0,23,26,38,4.9
Sucre,2026-09-07 11:00:00,102,0.0,21,27,30,3.6
Sucre,2026-09-07 11:00:00,105,0.0,18,36,20,2.2
Sucre,2026-09-07 11:00:00,108,0.0,15,36,40,2.0
Sucre,2026-09-07 11:00:00,111,0.0,12,27,53,1.8
Sultaca,2026-09-07 11:00:00,3,0.0,19,37,285,2.8
Sultaca,2026-09-07 11:00:00,6,0.0,19,36,341,3.0
Sultaca,2026-09-07 11:00:00,9,0.0,14,36,31,3.2
Sultaca,2026-09-07 11:00:00,12,0.0,8,36,357,2.8
Sultaca,2026-09-07 11:00:00,15,0.0,1,36,321,2.4
Sultaca,2026-09-07 11:00:00,18,0.0,1,36,304,2.3
Sultaca,2026-09-07 11:00:00,21,0.0,11,36,275,2.1
Sultaca,2026-09-07 11:00:00,24,0.0,14,36,281,2.8
Sultaca,2026-09-07 11:00:00,27,0.0,21,56,281,3.5
Sultaca,2026-09-07 11:00:00,30,0.0,21,56,235,3.4
Sultaca,2026-09-07 11:00:00,33,0.0,14,36,180,3.4
Sultaca,2026-09-07 11:00:00,36,0.0,8,36,241,3.1
Sultaca,2026-09-07 11:00:00,39,0.0,1,36,301,2.9
Sultaca,2026-09-07 11:00:00,42,0.0,2,26,300,3.4
Sultaca,2026-09-07 11:00:00,45,0.0,10,26,267,4.5
Sultaca,2026-09-07 11:00:00,48,0.0,16,26,274,5.3
Sultaca,2026-09-07 11:00:00,51,0.0,22,36,277,6.1
Sultaca,2026-09-07 11:00:00,54,0.0,22,37,270,4.6
Sultaca,2026-09-07 11:00:00,57,0.0,14,36,263,3.1
Sultaca,2026-09-07 11:00:00,60,0.0,4,36,320,2.2
Sultaca,2026-09-07 11:00:00,63,0.0,3,56,16,1.2
Sultaca,2026-09-07 11:00:00,66,0.0,3,56,293,2.4
Sultaca,2026-09-07 11:00:00,69,0.0,10,56,281,2.2
Sultaca,2026-09-07 11:00:00,72,0.0,15,57,290,5.8
Sultaca,2026-09-07 11:00:00,75,0.0,22,56,290,9.3
Sultaca,2026-09-07 11:00:00,78,0.0,22,56,280,7.6
Sultaca,2026-09-07 11:00:00,81,0.0,12,56,264,5.9
Sultaca,2026-09-07 11:00:00,84,0.0,3,56,271,4.3
Sultaca,2026-09-07 11:00:00,87,0.0,3,26,273,2.7
Sultaca,2026-09-07 11:00:00,90,0.0,8,26,289,4.3
Sultaca,2026-09-07 11:00:00,93,0.0,10,26,289,5.2
Sultaca,2026-09-07 11:00:00,96,0.0,15,27,278,6.6
Sultaca,2026-09-07 11:00:00,99,0.0,19,26,260,7.9
Sultaca,2026-09-07 11:00:00,102,0.0,15,26,313,5.7
Sultaca,2026-09-07 11:00:00,105,0.0,11,37,71,3.5
Sultaca,2026-09-07 11:00:00,108,0.0,9,36,67,3.1
Sultaca,2026-09-07 11:00:00,111,0.0,7,26,57,2.7
Tarapaya,2026-09-07 11:00:00,3,0.0,24,36,340,4.6
Tarapaya,2026-09-07 11:00:00,6,0.0,24,36,13,3.5
Tarapaya,2026-09-07 11:00:00,9,0.0,15,37,41,2.3
Tarapaya,2026-09-07 11:00:00,12,0.0,10,37,6,1.7
Tarapaya,2026-09-07 11:00:00,15,0.0,3,36,331,1.1
Tarapaya,2026-09-07 11:00:00,18,0.0,3,36,294,1.5
Tarapaya,2026-09-07 11:00:00,21,0.0,8,36,294,1.5
Tarapaya,2026-09-07 11:00:00,24,0.0,12,36,299,3.3
Tarapaya,2026-09-07 11:00:00,27,0.0,25,57,301,5.1
Tarapaya,2026-09-07 11:00:00,30,0.0,25,57,257,4.0
Tarapaya,2026-09-07 11:00:00,33,0.0,15,37,204,2.8
Tarapaya,2026-09-07 11:00:00,36,0.0,7,36,246,2.5
Tarapaya,2026-09-07 11:00:00,39,0.0,3,36,287,2.1
Tarapaya,2026-09-07 11:00:00,42,0.0,3,26,287,1.9
Tarapaya,2026-09-07 11:00:00,45,0.0,7,26,277,2.2
Tarapaya,2026-09-07 11:00:00,48,0.0,13,26,297,3.8
Tarapaya,2026-09-07 11:00:00,51,0.0,26,26,309,5.4
Tarapaya,2026-09-07 11:00:00,54,0.0,26,27,289,3.4
Tarapaya,2026-09-07 11:00:00,57,0.0,12,26,261,1.5
Tarapaya,2026-09-07 11:00:00,60,0.0,7,26,289,1.7
Tarapaya,2026-09-07 11:00:00,63,0.0,1,36,309,1.8
Tarapaya,2026-09-07 11:00:00,66,0.0,1,36,281,1.6
Tarapaya,2026-09-07 11:00:00,69,0.0,7,36,308,2.0
Tarapaya,2026-09-07 11:00:00,72,0.0,14,36,308,5.4
Tarapaya,2026-09-07 11:00:00,75,0.0,26,56,300,9.0
Tarapaya,2026-09-07 11:00:00,78,0.0,26,57,280,7.5
Tarapaya,2026-09-07 11:00:00,81,0.0,9,56,250,6.1
Tarapaya,2026-09-07 11:00:00,84,0.0,4,56,260,4.5
Tarapaya,2026-09-07 11:00:00,87,0.0,-1,26,261,2.9
Tarapaya,2026-09-07 11:00:00,90,0.0,-1,25,281,3.5
Tarapaya,2026-09-07 11:00:00,93,0.0,4,27,288,2.8
Tarapaya,2026-09-07 11:00:00,96,0.0,10,26,288,5.3
Tarapaya,2026-09-07 11:00:00,99,0.0,26,26,287,7.8
Tarapaya,2026-09-07 11:00:00,102,0.0,26,26,0,5.0
Tarapaya,2026-09-07 11:00:00,105,0.0,9,26,76,2.3
Tarapaya,2026-09-07 11:00:00,108,0.0,-1,27,59,2.0
Tarapaya,2026-09-07 11:00:00,111,0.0,-1,25,38,1.6
Tarija - Centro,2026-09-07 11:00:00,3,0.0,20,26,120,4.0
Tarija - Centro,2026-09-07 11:00:00,6,0.0,20,26,115,2.7
Tarija - Centro,2026-09-07 11:00:00,9,0.0,19,26,110,1.4
Tarija - Centro,2026-09-07 11:00:00,12,0.0,16,26,111,1.2
Tarija - Centro,2026-09-07 11:00:00,15,0.0,3,36,107,1.1
Tarija - Centro,2026-09-07 11:00:00,18,0.0,3,36,99,0.9
Tarija - Centro,2026-09-07 11:00:00,21,0.0,15,36,146,0.7
Tarija - Centro,2026-09-07 11:00:00,24,0.0,20,36,130,2.3
Tarija - Centro,2026-09-07 11:00:00,27,0.0,23,36,110,3.9
Tarija - Centro,2026-09-07 11:00:00,30,0.0,23,37,170,2.4
Tarija - Centro,2026-09-07 11:00:00,33,0.0,21,26,226,1.0
Tarija - Centro,2026-09-07 11:00:00,36,0.0,17,26,236,0.8
Tarija - Centro,2026-09-07 11:00:00,39,0.0,3,36,246,0.7
Tarija - Centro,2026-09-07 11:00:00,42,0.0,4,27,86,0.5
Tarija - Centro,2026-09-07 11:00:00,45,0.0,18,26,76,0.6
Tarija - Centro,2026-09-07 11:00:00,48,0.0,22,26,53,2.1
Tarija - Centro,2026-09-07 11:00:00,51,0.0,25,27,238,3.7
Tarija - Centro,2026-09-07 11:00:00,54,0.0,25,26,211,2.7
Tarija - Centro,2026-09-07 11:00:00,57,0.0,18,26,187,1.6
Tarija - Centro,2026-09-07 11:00:00,60,0.0,13,26,181,1.2
Tarija - Centro,2026-09-07 11:00:00,63,0.0,5,56,170,0.8
Tarija - Centro,2026-09-07 11:00:00,66,0.0,4,56,141,1.5
Tarija - Centro,2026-09-07 11:00:00,69,0.0,14,56,96,1.6
Tarija - Centro,2026-09-07 11:00:00,72,0.0,20,56,54,3.5
Tarija - Centro,2026-09-07 11:00:00,75,0.0,24,56,2,5.5
Tarija - Centro,2026-09-07 11:00:00,78,0.0,24,57,59,3.5
Tarija - Centro,2026-09-07 11:00:00,81,0.0,15,35,115,1.6
Tarija - Centro,2026-09-07 11:00:00,84,0.0,4,36,40,1.5
Tarija - Centro,2026-09-07 11:00:00,87,0.0,4,26,325,1.3
Tarija - Centro,2026-09-07 11:00:00,90,0.0,17,26,310,5.1
Tarija - Centro,2026-09-07 11:00:00,93,0.0,18,26,310,4.1
Tarija - Centro,2026-09-07 11:00:00,96,0.0,24,26,350,4.2
Tarija - Centro,2026-09-07 11:00:00,99,0.0,29,36,25,4.2
Tarija - Centro,2026-09-07 11:00:00,102,0.0,22,36,85,3.8
Tarija - Centro,2026-09-07 11:00:00,105,0.0,15,56,140,3.4
Tarija - Centro,2026-09-07 11:00:00,108,0.0,13,56,135,2.4
Tarija - Centro,2026-09-07 11:00:00,111,0.0,11,26,125,1.5
Tolarapa (INIAF),2026-09-07 11:00:00,3,0.0,17,56,20,2.7
Tolarapa (INIAF),2026-09-07 11:00:00,6,0.0,17,56,316,2.0
Tolarapa (INIAF),2026-09-07 11:00:00,9,0.0,15,36,251,1.4
Tolarapa (INIAF),2026-09-07 11:00:00,12,0.0,10,36,256,2.1
Tolarapa (INIAF),2026-09-07 11:00:00,15,0.0,6,56,257,2.7
Tolarapa (INIAF),2026-09-07 11:00:00,18,0.0,5,56,316,2.2
Tolarapa (INIAF),2026-09-07 11:00:00,21,0.0,9,56,4,1.8
Tolarapa (INIAF),2026-09-07 11:00:00,24,0.0,13,56,14,2.6
Tolarapa (INIAF),2026-09-07 11:00:00,27,2.5,18,76,20,3.5
Tolarapa (INIAF),2026-09-07 11:00:00,30,2.8,18,77,321,3.2
Tolarapa (INIAF),2026-09-07 11:00:00,33,0.0,12,57,257,2.9
Tolarapa (INIAF),2026-09-07 11:00:00,36,0.0,8,55,258,2.6
Tolarapa (INIAF),2026-09-07 11:00:00,39,0.0,6,55,249,2.3
Tolarapa (INIAF),2026-09-07 11:00:00,42,0.0,7,35,297,2.1
Tolarapa (INIAF),2026-09-07 11:00:00,45,0.0,11,36,336,1.6
Tolarapa (INIAF),2026-09-07 11:00:00,48,0.0,11,36,355,1.7
Tolarapa (INIAF),2026-09-07 11:00:00,51,2.0,18,76,6,1.9
Tolarapa (INIAF),2026-09-07 11:00:00,54,1.1,18,76,313,2.1
Tolarapa (INIAF),2026-09-07 11:00:00,57,0.0,13,36,256,2.3
Tolarapa (INIAF),2026-09-07 11:00:00,60,0.0,9,36,254,2.4
Tolarapa (INIAF),2026-09-07 11:00:00,63,0.0,7,56,247,2.5
Tolarapa (INIAF),2026-09-07 11:00:00,66,0.0,8,56,247,2.8
Tolarapa (INIAF),2026-09-07 11:00:00,69,0.0,10,56,237,2.2
Tolarapa (INIAF),2026-09-07 11:00:00,72,0.0,12,56,238,2.4
Tolarapa (INIAF),2026-09-07 11:00:00,75,1.5,18,76,232,2.6
Tolarapa (INIAF),2026-09-07 11:00:00,78,0.7,18,76,250,2.3
Tolarapa (INIAF),2026-09-07 11:00:00,81,0.0,12,56,261,2.1
Tolarapa (INIAF),2026-09-07 11:00:00,84,0.0,8,56,260,2.9
Tolarapa (INIAF),2026-09-07 11:00:00,87,0.0,8,26,247,3.6
Tolarapa (INIAF),2026-09-07 11:00:00,90,0.0,13,25,273,2.5
Tolarapa (INIAF),2026-09-07 11:00:00,93,0.0,14,26,287,1.9
Tolarapa (INIAF),2026-09-07 11:00:00,96,0.0,17,26,335,2.5
Tolarapa (INIAF),2026-09-07 11:00:00,99,0.0,19,36,14,3.2
Tolarapa (INIAF),2026-09-07 11:00:00,102,0.0,17,37,318,2.9
Tolarapa (INIAF),2026-09-07 11:00:00,105,0.0,14,25,250,2.6
Tolarapa (INIAF),2026-09-07 11:00:00,108,0.0,13,26,255,2.7
Tolarapa (INIAF),2026-09-07 11:00:00,111,0.0,12,26,254,2.7
Totoral,2026-09-07 11:00:00,3,0.0,25,37,283,8.7
Totoral,2026-09-07 11:00:00,6,0.0,25,36,303,5.5
Totoral,2026-09-07 11:00:00,9,0.0,16,36,313,2.2
Totoral,2026-09-07 11:00:00,12,0.0,9,36,290,2.1
Totoral,2026-09-07 11:00:00,15,0.0,2,36,267,2.0
Totoral,2026-09-07 11:00:00,18,0.0,2,37,261,2.2
Totoral,2026-09-07 11:00:00,21,0.0,11,36,261,2.1
Totoral,2026-09-07 11:00:00,24,0.0,15,36,281,5.3
Totoral,2026-09-07 11:00:00,27,0.0,23,56,293,8.7
Totoral,2026-09-07 11:00:00,30,0.0,23,56,283,7.0
Totoral,2026-09-07 11:00:00,33,0.0,16,36,270,5.4
Totoral,2026-09-07 11:00:00,36,0.0,9,36,264,4.2
Totoral,2026-09-07 11:00:00,39,0.0,2,36,254,2.9
Totoral,2026-09-07 11:00:00,42,0.0,1,26,260,2.9
Totoral,2026-09-07 11:00:00,45,0.0,10,26,264,2.6
Totoral,2026-09-07 11:00:00,48,0.0,14,26,274,6.4
Totoral,2026-09-07 11:00:00,51,0.0,24,26,280,10.2
Totoral,2026-09-07 11:00:00,54,0.0,24,26,278,6.9
Totoral,2026-09-07 11:00:00,57,0.0,12,26,268,3.5
Totoral,2026-09-07 11:00:00,60,0.0,5,26,270,3.0
Totoral,2026-09-07 11:00:00,63,0.0,-1,36,262,2.5
Totoral,2026-09-07 11:00:00,66,0.0,-1,36,280,2.7
Totoral,2026-09-07 11:00:00,69,0.0,8,36,296,2.7
Totoral,2026-09-07 11:00:00,72,0.0,13,36,296,7.1
Totoral,2026-09-07 11:00:00,75,0.0,24,56,293,11.4
Totoral,2026-09-07 11:00:00,78,0.0,24,56,290,9.2
Totoral,2026-09-07 11:00:00,81,0.0,12,57,280,6.9
Totoral,2026-09-07 11:00:00,84,0.0,4,56,280,5.0
Totoral,2026-09-07 11:00:00,87,0.0,-3,26,276,3.0
Totoral,2026-09-07 11:00:00,90,0.0,-3,26,290,5.6
Totoral,2026-09-07 11:00:00,93,0.0,8,26,290,4.1
Totoral,2026-09-07 11:00:00,96,0.0,13,27,290,7.2
Totoral,2026-09-07 11:00:00,99,0.0,24,26,283,10.3
Totoral,2026-09-07 11:00:00,102,0.0,24,26,261,7.0
Totoral,2026-09-07 11:00:00,105,0.0,12,26,234,3.7
Totoral,2026-09-07 11:00:00,108,0.0,-3,26,306,2.6
Totoral,2026-09-07 11:00:00,111,0.0,-3,26,7,1.6
Trancas,2026-09-07 11:00:00,3,0.0,24,26,53,4.3
Trancas,2026-09-07 11:00:00,6,0.0,24,26,55,3.1
Trancas,2026-09-07 11:00:00,9,0.0,20,26,48,1.9
Trancas,2026-09-07 11:00:00,12,0.0,14,26,7,1.8
Trancas,2026-09-07 11:00:00,15,0.0,4,36,279,1.8
Trancas,2026-09-07 11:00:00,18,0.0,4,36,285,2.1
Trancas,2026-09-07 11:00:00,21,0.0,14,36,256,2.1
Trancas,2026-09-07 11:00:00,24,0.0,19,36,302,4.0
Trancas,2026-09-07 11:00:00,27,0.0,26,36,348,6.0
Trancas,2026-09-07 11:00:00,30,0.0,26,36,280,3.9
Trancas,2026-09-07 11:00:00,33,0.0,20,26,210,1.8
Trancas,2026-09-07 11:00:00,36,0.0,15,26,223,1.4
Trancas,2026-09-07 11:00:00,39,0.0,4,37,228,1.1
Trancas,2026-09-07 11:00:00,42,0.0,4,26,333,1.4
Trancas,2026-09-07 11:00:00,45,0.0,15,26,297,1.9
Trancas,2026-09-07 11:00:00,48,0.0,20,26,305,4.4
Trancas,2026-09-07 11:00:00,51,0.0,27,26,308,6.9
Trancas,2026-09-07 11:00:00,54,0.0,27,26,234,4.4
Trancas,2026-09-07 11:00:00,57,0.0,19,26,152,2.0
Trancas,2026-09-07 11:00:00,60,0.0,11,26,169,1.6
Trancas,2026-09-07 11:00:00,63,0.0,5,56,177,1.2
Trancas,2026-09-07 11:00:00,66,0.0,5,56,83,2.2
Trancas,2026-09-07 11:00:00,69,0.0,13,56,358,2.9
Trancas,2026-09-07 11:00:00,72,0.0,18,56,351,5.1
Trancas,2026-09-07 11:00:00,75,0.0,25,56,335,7.3
Trancas,2026-09-07 11:00:00,78,0.0,25,56,28,4.6
Trancas,2026-09-07 11:00:00,81,0.0,12,36,76,2.0
Trancas,2026-09-07 11:00:00,84,0.0,5,36,21,2.3
Trancas,2026-09-07 11:00:00,87,0.0,5,26,321,2.7
Trancas,2026-09-07 11:00:00,90,0.0,13,26,295,6.2
Trancas,2026-09-07 11:00:00,93,0.0,14,26,295,5.5
Trancas,2026-09-07 11:00:00,96,0.0,19,26,324,6.2
Trancas,2026-09-07 11:00:00,99,0.0,24,36,344,6.9
Trancas,2026-09-07 11:00:00,102,0.0,18,36,66,4.6
Trancas,2026-09-07 11:00:00,105,0.0,12,56,144,2.4
Trancas,2026-09-07 11:00:00,108,0.0,10,56,137,2.0
Trancas,2026-09-07 11:00:00,111,0.0,9,26,127,1.6
Trinidad,2026-09-07 11:00:00,3,0.0,28,35,150,2.2
Trinidad,2026-09-07 11:00:00,6,0.0,28,37,160,1.7
Trinidad,2026-09-07 11:00:00,9,0.0,26,36,168,1.1
Trinidad,2026-09-07 11:00:00,12,0.0,23,36,168,1.3
Trinidad,2026-09-07 11:00:00,15,0.0,19,36,168,1.5
Trinidad,2026-09-07 11:00:00,18,0.0,19,37,227,0.5
Trinidad,2026-09-07 11:00:00,21,0.0,24,36,227,0.6
Trinidad,2026-09-07 11:00:00,24,0.0,26,36,277,1.9
Trinidad,2026-09-07 11:00:00,27,0.0,32,36,320,3.1
Trinidad,2026-09-07 11:00:00,30,0.0,32,36,310,2.5
Trinidad,2026-09-07 11:00:00,33,0.0,28,36,300,1.9
Trinidad,2026-09-07 11:00:00,36,0.0,25,36,310,1.8
Trinidad,2026-09-07 11:00:00,39,0.0,21,36,313,1.6
Trinidad,2026-09-07 11:00:00,42,0.0,21,26,320,1.7
Trinidad,2026-09-07 11:00:00,45,0.0,24,25,340,1.9
Trinidad,2026-09-07 11:00:00,48,0.0,29,27,330,3.0
Trinidad,2026-09-07 11:00:00,51,0.0,34,27,320,4.1
Trinidad,2026-09-07 11:00:00,54,0.0,34,25,340,2.9
Trinidad,2026-09-07 11:00:00,57,0.0,29,36,353,1.8
Trinidad,2026-09-07 11:00:00,60,0.0,24,36,350,1.7
Trinidad,2026-09-07 11:00:00,63,0.0,21,37,339,1.7
Trinidad,2026-09-07 11:00:00,66,0.0,21,35,320,1.6
Trinidad,2026-09-07 11:00:00,69,0.0,25,36,339,2.0
Trinidad,2026-09-07 11:00:00,72,0.0,27,36,330,3.5
Trinidad,2026-09-07 11:00:00,75,0.0,34,57,320,5.0
Trinidad,2026-09-07 11:00:00,78,0.0,34,57,270,4.4
Trinidad,2026-09-07 11:00:00,81,0.0,29,36,213,3.8
Trinidad,2026-09-07 11:00:00,84,0.0,25,36,166,2.5
Trinidad,2026-09-07 11:00:00,87,0.0,21,36,116,1.1
Trinidad,2026-09-07 11:00:00,90,0.0,21,36,303,1.8
Trinidad,2026-09-07 11:00:00,93,0.0,27,36,330,2.5
Trinidad,2026-09-07 11:00:00,96,0.0,30,36,320,3.5
Trinidad,2026-09-07 11:00:00,99,0.0,34,56,303,4.5
Trinidad,2026-09-07 11:00:00,102,0.0,34,56,331,3.1
Trinidad,2026-09-07 11:00:00,105,0.0,28,36,351,1.5
Trinidad,2026-09-07 11:00:00,108,0.0,21,37,350,1.7
Trinidad,2026-09-07 11:00:00,111,0.0,21,37,342,1.9
Tupiza,2026-09-07 11:00:00,3,0.0,27,36,290,10.0
Tupiza,2026-09-07 11:00:00,6,0.0,27,36,310,7.0
Tupiza,2026-09-07 11:00:00,9,0.0,18,36,327,3.9
Tupiza,2026-09-07 11:00:00,12,0.0,14,36,300,2.6
Tupiza,2026-09-07 11:00:00,15,0.0,10,37,273,1.4
Tupiza,2026-09-07 11:00:00,18,0.0,10,36,302,2.1
Tupiza,2026-09-07 11:00:00,21,0.0,17,36,302,2.1
Tupiza,2026-09-07 11:00:00,24,0.0,21,35,300,6.9
Tupiza,2026-09-07 11:00:00,27,0.0,26,55,290,11.6
Tupiza,2026-09-07 11:00:00,30,0.0,26,56,290,9.9
Tupiza,2026-09-07 11:00:00,33,0.0,20,35,289,8.2
Tupiza,2026-09-07 11:00:00,36,0.0,15,36,284,5.1
Tupiza,2026-09-07 11:00:00,39,0.0,10,35,275,2.0
Tupiza,2026-09-07 11:00:00,42,0.0,10,27,302,3.0
Tupiza,2026-09-07 11:00:00,45,0.0,16,26,300,3.3
Tupiza,2026-09-07 11:00:00,48,0.0,20,26,290,7.1
Tupiza,2026-09-07 11:00:00,51,0.0,27,26,270,10.8
Tupiza,2026-09-07 11:00:00,54,0.0,27,26,290,8.3
Tupiza,2026-09-07 11:00:00,57,0.0,15,26,309,5.8
Tupiza,2026-09-07 11:00:00,60,0.0,11,26,292,3.7
Tupiza,2026-09-07 11:00:00,63,0.0,8,36,273,1.6
Tupiza,2026-09-07 11:00:00,66,0.0,7,36,307,3.7
Tupiza,2026-09-07 11:00:00,69,0.0,11,36,300,3.9
Tupiza,2026-09-07 11:00:00,72,0.0,17,36,300,9.3
Tupiza,2026-09-07 11:00:00,75,0.0,27,57,290,14.6
Tupiza,2026-09-07 11:00:00,78,0.0,27,56,290,11.4
Tupiza,2026-09-07 11:00:00,81,0.0,18,56,290,8.2
Tupiza,2026-09-07 11:00:00,84,0.0,10,56,300,6.2
Tupiza,2026-09-07 11:00:00,87,0.0,5,25,307,4.2
Tupiza,2026-09-07 11:00:00,90,0.0,5,27,290,6.0
Tupiza,2026-09-07 11:00:00,93,0.0,13,26,280,5.8
Tupiza,2026-09-07 11:00:00,96,0.0,19,26,280,8.5
Tupiza,2026-09-07 11:00:00,99,0.0,27,26,280,11.1
Tupiza,2026-09-07 11:00:00,102,0.0,27,25,307,7.9
Tupiza,2026-09-07 11:00:00,105,0.0,10,26,327,4.7
Tupiza,2026-09-07 11:00:00,108,0.0,5,26,344,4.0
Tupiza,2026-09-07 11:00:00,111,0.0,5,26,354,3.1
Uyuni,2026-09-07 11:00:00,3,0.0,16,36,282,9.1
Uyuni,2026-09-07 11:00:00,6,0.0,16,35,290,6.6
Uyuni,2026-09-07 11:00:00,9,0.0,9,25,295,4.2
Uyuni,2026-09-07 11:00:00,12,0.0,2,26,317,3.9
Uyuni,2026-09-07 11:00:00,15,0.0,-3,36,330,3.6
Uyuni,2026-09-07 11:00:00,18,0.0,-3,37,330,4.0
Uyuni,2026-09-07 11:00:00,21,0.0,6,36,320,3.5
Uyuni,2026-09-07 11:00:00,24,0.0,10,36,309,6.5
Uyuni,2026-09-07 11:00:00,27,0.0,17,35,289,9.5
Uyuni,2026-09-07 11:00:00,30,0.0,17,35,280,7.5
Uyuni,2026-09-07 11:00:00,33,0.0,9,36,261,5.6
Uyuni,2026-09-07 11:00:00,36,0.0,3,36,301,5.0
Uyuni,2026-09-07 11:00:00,39,0.0,-4,36,331,4.3
Uyuni,2026-09-07 11:00:00,42,0.0,-4,26,322,4.6
Uyuni,2026-09-07 11:00:00,45,0.0,5,25,312,4.6
Uyuni,2026-09-07 11:00:00,48,0.0,9,25,302,7.9
Uyuni,2026-09-07 11:00:00,51,0.0,17,25,289,11.3
Uyuni,2026-09-07 11:00:00,54,0.0,17,26,289,8.9
Uyuni,2026-09-07 11:00:00,57,0.0,8,26,280,6.4
Uyuni,2026-09-07 11:00:00,60,0.0,0,25,310,4.8
Uyuni,2026-09-07 11:00:00,63,0.0,-5,26,331,3.2
Uyuni,2026-09-07 11:00:00,66,0.0,-5,26,310,5.1
Uyuni,2026-09-07 11:00:00,69,0.0,3,26,322,5.5
Uyuni,2026-09-07 11:00:00,72,0.0,8,25,310,8.3
Uyuni,2026-09-07 11:00:00,75,0.0,17,25,290,11.1
Uyuni,2026-09-07 11:00:00,78,0.0,17,25,289,10.6
Uyuni,2026-09-07 11:00:00,81,0.0,6,25,279,10.0
Uyuni,2026-09-07 11:00:00,84,0.0,0,26,302,8.0
Uyuni,2026-09-07 11:00:00,87,0.0,-5,27,323,6.0
Uyuni,2026-09-07 11:00:00,90,0.0,-5,26,313,6.7
Uyuni,2026-09-07 11:00:00,93,0.0,3,26,323,7.8
Uyuni,2026-09-07 11:00:00,96,0.0,7,26,303,8.8
Uyuni,2026-09-07 11:00:00,99,0.0,17,27,282,9.8
Uyuni,2026-09-07 11:00:00,102,0.0,17,26,299,6.9
Uyuni,2026-09-07 11:00:00,105,0.0,7,25,309,4.0
Uyuni,2026-09-07 11:00:00,108,0.0,-5,26,329,4.3
Uyuni,2026-09-07 11:00:00,111,0.0,-5,25,340,4.5
Vallegrande,2026-09-07 11:00:00,3,0.0,20,36,12,4.1
Vallegrande,2026-09-07 11:00:00,6,0.0,20,37,29,3.0
Vallegrande,2026-09-07 11:00:00,9,0.0,15,36,38,1.8
Vallegrande,2026-09-07 11:00:00,12,0.0,10,36,19,1.4
Vallegrande,2026-09-07 11:00:00,15,0.0,7,56,359,1.1
Vallegrande,2026-09-07 11:00:00,18,0.0,7,56,5,1.8
Vallegrande,2026-09-07 11:00:00,21,0.0,12,56,353,2.1
Vallegrande,2026-09-07 11:00:00,24,0.0,17,56,2,3.5
Vallegrande,2026-09-07 11:00:00,27,0.0,21,35,2,4.9
Vallegrande,2026-09-07 11:00:00,30,0.0,21,36,359,3.9
Vallegrande,2026-09-07 11:00:00,33,0.0,16,37,349,2.8
Vallegrande,2026-09-07 11:00:00,36,0.0,11,36,348,2.2
Vallegrande,2026-09-07 11:00:00,39,0.0,8,36,339,1.5
Vallegrande,2026-09-07 11:00:00,42,0.0,8,36,358,1.6
Vallegrande,2026-09-07 11:00:00,45,0.0,13,36,357,1.7
Vallegrande,2026-09-07 11:00:00,48,0.0,19,36,359,3.6
Vallegrande,2026-09-07 11:00:00,51,0.0,23,35,2,5.5
Vallegrande,2026-09-07 11:00:00,54,0.0,23,37,9,3.8
Vallegrande,2026-09-07 11:00:00,57,0.0,17,36,10,2.1
Vallegrande,2026-09-07 11:00:00,60,0.0,8,37,340,1.5
Vallegrande,2026-09-07 11:00:00,63,0.0,8,55,309,0.8
Vallegrande,2026-09-07 11:00:00,66,0.0,17,56,339,1.8
Vallegrande,2026-09-07 11:00:00,69,0.0,19,56,1,1.9
Vallegrande,2026-09-07 11:00:00,72,0.0,21,56,352,3.4
Vallegrande,2026-09-07 11:00:00,75,0.0,22,56,342,5.0
Vallegrande,2026-09-07 11:00:00,78,0.0,22,55,353,4.5
Vallegrande,2026-09-07 11:00:00,81,0.0,16,55,0,3.9
Vallegrande,2026-09-07 11:00:00,84,0.0,8,56,338,2.6
Vallegrande,2026-09-07 11:00:00,87,0.0,8,56,309,1.4
Vallegrande,2026-09-07 11:00:00,90,0.0,17,56,327,2.4
Vallegrande,2026-09-07 11:00:00,93,0.0,19,56,328,3.0
Vallegrande,2026-09-07 11:00:00,96,0.0,24,56,330,3.9
Vallegrande,2026-09-07 11:00:00,99,0.0,29,56,330,4.8
Vallegrande,2026-09-07 11:00:00,102,0.0,23,56,352,3.5
Vallegrande,2026-09-07 11:00:00,105,0.0,17,56,10,2.1
Vallegrande,2026-09-07 11:00:00,108,0.0,15,56,60,2.1
Vallegrande,2026-09-07 11:00:00,111,0.0,13,56,102,2.1
Viacha,2026-09-07 11:00:00,3,0.0,16,56,352,3.2
Viacha,2026-09-07 11:00:00,6,0.0,16,56,22,3.7
Viacha,2026-09-07 11:00:00,9,0.0,12,57,45,4.1
Viacha,2026-09-07 11:00:00,12,0.0,8,56,359,3.5
Viacha,2026-09-07 11:00:00,15,0.8,5,89,310,3.0
Viacha,2026-09-07 11:00:00,18,0.7,5,89,6,2.0
Viacha,2026-09-07 11:00:00,21,1.5,9,89,32,1.3
Viacha,2026-09-07 11:00:00,24,2.4,12,89,31,1.8
Viacha,2026-09-07 11:00:00,27,0.9,15,89,27,2.3
Viacha,2026-09-07 11:00:00,30,1.8,15,89,89,2.5
Viacha,2026-09-07 11:00:00,33,2.1,10,89,141,2.7
Viacha,2026-09-07 11:00:00,36,2.0,7,89,141,2.0
Viacha,2026-09-07 11:00:00,39,0.7,5,89,138,1.1
Viacha,2026-09-07 11:00:00,42,0.0,5,36,221,1.4
Viacha,2026-09-07 11:00:00,45,0.0,9,36,272,2.2
Viacha,2026-09-07 11:00:00,48,0.0,12,36,290,2.7
Viacha,2026-09-07 11:00:00,51,0.0,16,56,300,3.2
Viacha,2026-09-07 11:00:00,54,0.0,16,56,256,3.0
Viacha,2026-09-07 11:00:00,57,0.0,10,36,207,2.8
Viacha,2026-09-07 11:00:00,60,0.0,5,36,209,2.3
Viacha,2026-09-07 11:00:00,63,0.0,2,56,73,1.9
Viacha,2026-09-07 11:00:00,66,0.0,2,56,74,1.3
Viacha,2026-09-07 11:00:00,69,0.0,6,56,35,1.3
Viacha,2026-09-07 11:00:00,72,0.0,11,56,349,3.2
Viacha,2026-09-07 11:00:00,75,1.3,17,89,294,5.1
Viacha,2026-09-07 11:00:00,78,0.7,17,89,304,3.5
Viacha,2026-09-07 11:00:00,81,0.0,9,56,307,2.0
Viacha,2026-09-07 11:00:00,84,0.0,3,56,12,1.4
Viacha,2026-09-07 11:00:00,87,0.0,-1,26,109,0.8
Viacha,2026-09-07 11:00:00,90,0.0,-1,26,285,1.4
Viacha,2026-09-07 11:00:00,93,0.0,6,26,333,1.8
Viacha,2026-09-07 11:00:00,96,0.0,10,26,317,4.1
Viacha,2026-09-07 11:00:00,99,0.0,18,36,294,6.3
Viacha,2026-09-07 11:00:00,102,0.0,18,36,357,4.8
Viacha,2026-09-07 11:00:00,105,0.0,8,26,60,3.3
Viacha,2026-09-07 11:00:00,108,0.0,-1,26,71,2.5
Viacha,2026-09-07 11:00:00,111,0.0,-1,26,76,1.8
Villa Rivero,2026-09-07 11:00:00,3,0.0,27,56,24,3.0
Villa Rivero,2026-09-07 11:00:00,6,0.0,27,55,23,2.2
Villa Rivero,2026-09-07 11:00:00,9,0.0,19,36,14,1.6
Villa Rivero,2026-09-07 11:00:00,12,0.0,15,36,354,2.4
Villa Rivero,2026-09-07 11:00:00,15,0.0,9,55,325,3.2
Villa Rivero,2026-09-07 11:00:00,18,0.0,9,55,344,3.1
Villa Rivero,2026-09-07 11:00:00,21,0.0,15,57,337,3.1
Villa Rivero,2026-09-07 11:00:00,24,0.0,19,55,349,3.2
Villa Rivero,2026-09-07 11:00:00,27,1.6,25,75,2,3.3
Villa Rivero,2026-09-07 11:00:00,30,2.9,25,77,322,3.3
Villa Rivero,2026-09-07 11:00:00,33,0.0,18,56,272,3.2
Villa Rivero,2026-09-07 11:00:00,36,0.0,13,57,300,3.0
Villa Rivero,2026-09-07 11:00:00,39,0.0,8,57,325,2.9
Villa Rivero,2026-09-07 11:00:00,42,0.0,8,36,345,3.1
Villa Rivero,2026-09-07 11:00:00,45,0.0,13,36,357,2.5
Villa Rivero,2026-09-07 11:00:00,48,0.0,18,37,10,2.9
Villa Rivero,2026-09-07 11:00:00,51,1.8,24,76,16,3.1
Villa Rivero,2026-09-07 11:00:00,54,1.4,25,77,10,3.0
Villa Rivero,2026-09-07 11:00:00,57,0.0,16,36,357,2.9
Villa Rivero,2026-09-07 11:00:00,60,0.0,11,36,345,2.6
Villa Rivero,2026-09-07 11:00:00,63,0.0,9,57,325,2.4
Villa Rivero,2026-09-07 11:00:00,66,0.0,8,56,291,2.5
Villa Rivero,2026-09-07 11:00:00,69,0.0,13,56,299,2.9
Villa Rivero,2026-09-07 11:00:00,72,0.0,13,56,316,4.0
Villa Rivero,2026-09-07 11:00:00,75,0.9,22,76,323,5.2
Villa Rivero,2026-09-07 11:00:00,78,1.6,22,75,347,4.1
Villa Rivero,2026-09-07 11:00:00,81,0.0,12,56,9,2.9
Villa Rivero,2026-09-07 11:00:00,84,0.0,8,56,354,3.6
Villa Rivero,2026-09-07 11:00:00,87,0.0,9,26,332,4.3
Villa Rivero,2026-09-07 11:00:00,90,0.0,9,27,337,3.5
Villa Rivero,2026-09-07 11:00:00,93,0.0,10,26,337,3.1
Villa Rivero,2026-09-07 11:00:00,96,0.0,13,26,3,3.2
Villa Rivero,2026-09-07 11:00:00,99,0.0,16,37,20,3.2
Villa Rivero,2026-09-07 11:00:00,102,0.0,13,36,14,3.1
Villa Rivero,2026-09-07 11:00:00,105,0.0,11,26,358,2.8
Villa Rivero,2026-09-07 11:00:00,108,0.0,10,27,8,2.4
Villa Rivero,2026-09-07 11:00:00,111,0.0,8,26,8,2.1
Villamontes,2026-09-07 11:00:00,3,0.0,26,26,87,2.3
Villamontes,2026-09-07 11:00:00,6,0.0,26,26,122,1.6
Villamontes,2026-09-07 11:00:00,9,0.0,24,26,157,1.0
Villamontes,2026-09-07 11:00:00,12,0.0,19,26,278,1.4
Villamontes,2026-09-07 11:00:00,15,0.0,13,26,318,1.7
Villamontes,2026-09-07 11:00:00,18,0.0,13,26,317,1.4
Villamontes,2026-09-07 11:00:00,21,0.0,19,27,327,1.6
Villamontes,2026-09-07 11:00:00,24,0.0,26,26,20,2.4
Villamontes,2026-09-07 11:00:00,27,0.0,29,36,71,3.3
Villamontes,2026-09-07 11:00:00,30,0.0,29,37,68,2.3
Villamontes,2026-09-07 11:00:00,33,0.0,24,26,273,1.3
Villamontes,2026-09-07 11:00:00,36,0.0,17,26,258,1.3
Villamontes,2026-09-07 11:00:00,39,0.0,15,25,231,1.3
Villamontes,2026-09-07 11:00:00,42,0.0,15,26,223,1.9
Villamontes,2026-09-07 11:00:00,45,0.0,23,26,217,2.0
Villamontes,2026-09-07 11:00:00,48,0.0,28,26,167,2.3
Villamontes,2026-09-07 11:00:00,51,0.0,32,26,110,2.7
Villamontes,2026-09-07 11:00:00,54,0.0,32,26,168,2.4
Villamontes,2026-09-07 11:00:00,57,0.0,24,36,218,2.1
Villamontes,2026-09-07 11:00:00,60,0.0,19,37,254,2.0
Villamontes,2026-09-07 11:00:00,63,0.0,16,56,284,1.9
Villamontes,2026-09-07 11:00:00,66,0.0,16,56,222,2.4
Villamontes,2026-09-07 11:00:00,69,0.0,24,57,200,3.1
Villamontes,2026-09-07 11:00:00,72,0.0,28,56,150,2.9
Villamontes,2026-09-07 11:00:00,75,0.0,30,56,90,2.8
Villamontes,2026-09-07 11:00:00,78,0.0,30,56,147,2.2
Villamontes,2026-09-07 11:00:00,81,0.0,24,56,197,1.5
Villamontes,2026-09-07 11:00:00,84,0.0,16,56,244,1.2
Villamontes,2026-09-07 11:00:00,87,0.0,16,25,284,1.0
Villamontes,2026-09-07 11:00:00,90,0.0,22,25,299,1.6
Villamontes,2026-09-07 11:00:00,93,0.0,24,26,297,1.9
Villamontes,2026-09-07 11:00:00,96,0.0,30,26,227,4.1
Villamontes,2026-09-07 11:00:00,99,0.0,35,36,148,6.2
Villamontes,2026-09-07 11:00:00,102,0.0,31,37,170,5.4
Villamontes,2026-09-07 11:00:00,105,0.0,27,56,190,4.6
Villamontes,2026-09-07 11:00:00,108,0.0,25,56,184,4.3
Villamontes,2026-09-07 11:00:00,111,0.0,23,26,174,3.9
Yacuiba,2026-09-07 11:00:00,3,0.0,24,26,67,3.8
Yacuiba,2026-09-07 11:00:00,6,0.0,24,26,38,2.7
Yacuiba,2026-09-07 11:00:00,9,0.0,20,26,8,1.6
Yacuiba,2026-09-07 11:00:00,12,0.0,17,26,353,1.7
Yacuiba,2026-09-07 11:00:00,15,0.0,12,26,337,1.8
Yacuiba,2026-09-07 11:00:00,18,0.0,12,26,349,1.9
Yacuiba,2026-09-07 11:00:00,21,0.0,18,26,13,2.4
Yacuiba,2026-09-07 11:00:00,24,0.0,24,26,40,3.2
Yacuiba,2026-09-07 11:00:00,27,0.0,29,36,61,3.9
Yacuiba,2026-09-07 11:00:00,30,0.0,29,36,341,2.8
Yacuiba,2026-09-07 11:00:00,33,0.0,26,26,261,1.6
Yacuiba,2026-09-07 11:00:00,36,0.0,19,26,261,1.9
Yacuiba,2026-09-07 11:00:00,39,0.0,13,26,254,2.3
Yacuiba,2026-09-07 11:00:00,42,0.0,13,26,244,2.2
Yacuiba,2026-09-07 11:00:00,45,0.0,19,26,224,2.3
Yacuiba,2026-09-07 11:00:00,48,0.0,26,26,176,3.0
Yacuiba,2026-09-07 11:00:00,51,0.0,32,26,123,3.6
Yacuiba,2026-09-07 11:00:00,54,0.0,32,26,190,2.9
Yacuiba,2026-09-07 11:00:00,57,0.0,21,36,251,2.1
Yacuiba,2026-09-07 11:00:00,60,0.0,16,36,261,2.1
Yacuiba,2026-09-07 11:00:00,63,0.0,14,56,264,2.2
Yacuiba,2026-09-07 11:00:00,66,0.0,14,57,247,2.7
Yacuiba,2026-09-07 11:00:00,69,0.0,20,56,231,2.9
Yacuiba,2026-09-07 11:00:00,72,0.0,25,57,171,3.3
Yacuiba,2026-09-07 11:00:00,75,0.0,30,56,110,3.7
Yacuiba,2026-09-07 11:00:00,78,0.0,30,57,47,2.3
Yacuiba,2026-09-07 11:00:00,81,0.0,22,56,334,1.0
Yacuiba,2026-09-07 11:00:00,84,0.0,14,56,315,0.9
Yacuiba,2026-09-07 11:00:00,87,0.0,14,26,286,0.9
Yacuiba,2026-09-07 11:00:00,90,0.0,21,26,273,1.5
Yacuiba,2026-09-07 11:00:00,93,0.0,23,26,244,1.6
Yacuiba,2026-09-07 11:00:00,96,0.0,27,26,200,3.3
Yacuiba,2026-09-07 11:00:00,99,0.0,31,36,147,4.9
Yacuiba,2026-09-07 11:00:00,102,0.0,27,36,170,4.1
Yacuiba,2026-09-07 11:00:00,105,0.0,23,56,190,3.3
Yacuiba,2026-09-07 11:00:00,108,0.0,21,56,190,3.3
Yacuiba,2026-09-07 11:00:00,111,0.0,19,27,186,3.3
Yesera Norte,2026-09-07 11:00:00,3,0.0,22,26,79,3.9
Yesera Norte,2026-09-07 11:00:00,6,0.0,22,26,60,2.8
Yesera Norte,2026-09-07 11:00:00,9,0.0,19,26,39,1.6
Yesera Norte,2026-09-07 11:00:00,12,0.0,14,26,18,1.6
Yesera Norte,2026-09-07 11:00:00,15,0.0,2,37,348,1.6
Yesera Norte,2026-09-07 11:00:00,18,0.0,2,36,320,1.5
Yesera Norte,2026-09-07 11:00:00,21,0.0,15,36,303,1.1
Yesera Norte,2026-09-07 11:00:00,24,0.0,20,36,11,2.7
Yesera Norte,2026-09-07 11:00:00,27,0.0,25,36,69,4.3
Yesera Norte,2026-09-07 11:00:00,30,0.0,25,36,119,2.8
Yesera Norte,2026-09-07 11:00:00,33,0.0,21,26,167,1.4
Yesera Norte,2026-09-07 11:00:00,36,0.0,12,26,198,1.6
Yesera Norte,2026-09-07 11:00:00,39,0.0,3,36,220,1.6
Yesera Norte,2026-09-07 11:00:00,42,0.0,3,25,360,0.9
Yesera Norte,2026-09-07 11:00:00,45,0.0,16,26,320,0.9
Yesera Norte,2026-09-07 11:00:00,48,0.0,21,26,11,2.7
Yesera Norte,2026-09-07 11:00:00,51,0.0,27,25,61,4.5
Yesera Norte,2026-09-07 11:00:00,54,0.0,27,26,100,3.0
Yesera Norte,2026-09-07 11:00:00,57,0.0,18,26,129,1.5
Yesera Norte,2026-09-07 11:00:00,60,0.0,11,26,150,1.3
Yesera Norte,2026-09-07 11:00:00,63,0.0,4,55,170,1.0
Yesera Norte,2026-09-07 11:00:00,66,0.0,4,56,110,1.8
Yesera Norte,2026-09-07 11:00:00,69,0.0,14,55,30,1.8
Yesera Norte,2026-09-07 11:00:00,72,0.0,19,56,41,3.6
Yesera Norte,2026-09-07 11:00:00,75,0.0,25,56,42,5.4
Yesera Norte,2026-09-07 11:00:00,78,0.0,25,56,62,3.5
Yesera Norte,2026-09-07 11:00:00,81,0.0,13,36,81,1.6
Yesera Norte,2026-09-07 11:00:00,84,0.0,4,36,29,1.7
Yesera Norte,2026-09-07 11:00:00,87,0.0,4,26,328,1.8
Yesera Norte,2026-09-07 11:00:00,90,0.0,17,26,298,5.6
Yesera Norte,2026-09-07 11:00:00,93,0.0,18,25,300,4.7
Yesera Norte,2026-09-07 11:00:00,96,0.0,23,26,330,4.4
Yesera Norte,2026-09-07 11:00:00,99,0.0,27,36,350,4.2
Yesera Norte,2026-09-07 11:00:00,102,0.0,20,36,60,3.2
Yesera Norte,2026-09-07 11:00:00,105,0.0,13,56,130,2.1
Yesera Norte,2026-09-07 11:00:00,108,0.0,12,56,120,1.6
Yesera Norte,2026-09-07 11:00:00,111,0.0,10,26,109,1.2
