estacion,fecha,fecha_diff,precipitacion,temperatura,humedad_relativa,vientos,vi
Anzaldo,2026-10-05 21:00:00,2,0.0,10,56,348,2.4
Anzaldo,2026-10-05 21:00:00,5,0.0,8,36,318,1.6
Anzaldo,2026-10-05 21:00:00,8,0.0,8,37,326,2.8
Anzaldo,2026-10-05 21:00:00,11,0.0,12,37,321,3.2
Anzaldo,2026-10-05 21:00:00,14,0.0,18,36,313,2.6
Anzaldo,2026-10-05 21:00:00,17,0.0,28,56,304,1.9
Anzaldo,2026-10-05 21:00:00,20,0.0,28,57,341,2.5
Anzaldo,2026-10-05 21:00:00,23,0.0,18,37,18,3.1
Anzaldo,2026-10-05 21:00:00,26,0.0,13,37,10,2.9
Anzaldo,2026-10-05 21:00:00,29,0.0,10,37,353,2.7
Anzaldo,2026-10-05 21:00:00,32,0.0,10,37,342,3.4
Anzaldo,2026-10-05 21:00:00,35,0.0,14,37,340,3.8
Anzaldo,2026-10-05 21:00:00,38,0.0,19,37,323,3.5
Anzaldo,2026-10-05 21:00:00,41,0.0,29,56,299,3.2
Anzaldo,2026-10-05 21:00:00,44,0.0,29,56,343,3.3
Anzaldo,2026-10-05 21:00:00,47,0.0,23,36,18,3.4
Anzaldo,2026-10-05 21:00:00,50,0.0,18,37,11,3.3
Anzaldo,2026-10-05 21:00:00,53,0.0,12,36,356,3.2
Anzaldo,2026-10-05 21:00:00,56,0.0,12,36,352,3.5
Anzaldo,2026-10-05 21:00:00,59,0.0,14,37,339,4.1
Anzaldo,2026-10-05 21:00:00,62,0.0,18,37,339,4.8
Anzaldo,2026-10-05 21:00:00,65,1.6,30,76,336,5.6
Anzaldo,2026-10-05 21:00:00,68,2.4,30,76,14,3.9
Anzaldo,2026-10-05 21:00:00,71,2.1,22,76,50,2.2
Anzaldo,2026-10-05 21:00:00,74,2.0,19,76,25,2.7
Anzaldo,2026-10-05 21:00:00,77,0.0,12,57,1,3.1
Anzaldo,2026-10-05 21:00:00,80,0.0,12,56,358,2.5
Anzaldo,2026-10-05 21:00:00,83,0.0,13,57,347,2.7
Anzaldo,2026-10-05 21:00:00,86,0.0,18,57,357,5.6
Anzaldo,2026-10-05 21:00:00,89,1.6,28,84,7,8.3
Anzaldo,2026-10-05 21:00:00,92,1.7,28,84,311,4.8
Anzaldo,2026-10-05 21:00:00,95,1.6,25,89,244,1.2
Anzaldo,2026-10-05 21:00:00,98,3.0,23,89,311,1.5
Anzaldo,2026-10-05 21:00:00,101,1.8,21,89,10,1.6
Apolo Chupiluzani,2026-10-05 21:00:00,2,1.5,21,84,339,1.2
Apolo Chupiluzani,2026-10-05 21:00:00,5,0.0,16,36,325,1.2
Apolo Chupiluzani,2026-10-05 21:00:00,8,0.0,16,36,329,1.4
Apolo Chupiluzani,2026-10-05 21:00:00,11,0.0,20,37,319,1.2
Apolo Chupiluzani,2026-10-05 21:00:00,14,0.0,23,36,347,2.0
Apolo Chupiluzani,2026-10-05 21:00:00,17,0.0,28,56,9,2.7
Apolo Chupiluzani,2026-10-05 21:00:00,20,0.0,28,56,6,2.0
Apolo Chupiluzani,2026-10-05 21:00:00,23,0.8,25,89,358,1.2
Apolo Chupiluzani,2026-10-05 21:00:00,26,2.6,21,89,348,1.2
Apolo Chupiluzani,2026-10-05 21:00:00,29,0.0,17,36,331,1.2
Apolo Chupiluzani,2026-10-05 21:00:00,32,0.0,17,36,329,1.2
Apolo Chupiluzani,2026-10-05 21:00:00,35,0.0,21,36,311,1.0
Apolo Chupiluzani,2026-10-05 21:00:00,38,0.0,25,36,341,2.5
Apolo Chupiluzani,2026-10-05 21:00:00,41,0.0,29,36,10,4.0
Apolo Chupiluzani,2026-10-05 21:00:00,44,0.0,29,36,293,2.6
Apolo Chupiluzani,2026-10-05 21:00:00,47,1.5,26,89,206,1.2
Apolo Chupiluzani,2026-10-05 21:00:00,50,2.3,21,89,266,1.2
Apolo Chupiluzani,2026-10-05 21:00:00,53,0.0,17,37,316,1.3
Apolo Chupiluzani,2026-10-05 21:00:00,56,0.0,17,36,330,1.2
Apolo Chupiluzani,2026-10-05 21:00:00,59,0.0,19,36,321,1.1
Apolo Chupiluzani,2026-10-05 21:00:00,62,0.0,23,36,341,2.1
Apolo Chupiluzani,2026-10-05 21:00:00,65,0.0,30,56,351,3.0
Apolo Chupiluzani,2026-10-05 21:00:00,68,0.0,30,56,340,2.0
Apolo Chupiluzani,2026-10-05 21:00:00,71,0.0,24,56,326,1.0
Apolo Chupiluzani,2026-10-05 21:00:00,74,0.0,21,56,329,1.1
Apolo Chupiluzani,2026-10-05 21:00:00,77,0.0,17,55,325,1.2
Apolo Chupiluzani,2026-10-05 21:00:00,80,0.0,17,56,322,1.2
Apolo Chupiluzani,2026-10-05 21:00:00,83,0.0,21,56,320,1.1
Apolo Chupiluzani,2026-10-05 21:00:00,86,0.0,23,56,350,1.8
Apolo Chupiluzani,2026-10-05 21:00:00,89,0.0,30,56,20,2.5
Apolo Chupiluzani,2026-10-05 21:00:00,92,0.0,30,56,13,1.8
Apolo Chupiluzani,2026-10-05 21:00:00,95,0.0,27,55,205,1.0
Apolo Chupiluzani,2026-10-05 21:00:00,98,0.0,25,56,272,0.9
Apolo Chupiluzani,2026-10-05 21:00:00,101,0.0,23,56,339,0.8
Ascencion de Guarayos,2026-10-05 21:00:00,2,1.3,24,84,0,2.2
Ascencion de Guarayos,2026-10-05 21:00:00,5,0.0,23,56,10,2.0
Ascencion de Guarayos,2026-10-05 21:00:00,8,0.0,23,56,30,2.0
Ascencion de Guarayos,2026-10-05 21:00:00,11,0.0,25,56,44,1.5
Ascencion de Guarayos,2026-10-05 21:00:00,14,0.0,27,56,355,2.4
Ascencion de Guarayos,2026-10-05 21:00:00,17,0.0,31,56,305,3.3
Ascencion de Guarayos,2026-10-05 21:00:00,20,0.0,31,56,355,2.3
Ascencion de Guarayos,2026-10-05 21:00:00,23,0.0,28,36,40,1.3
Ascencion de Guarayos,2026-10-05 21:00:00,26,0.0,27,36,40,1.6
Ascencion de Guarayos,2026-10-05 21:00:00,29,0.0,24,36,30,1.9
Ascencion de Guarayos,2026-10-05 21:00:00,32,0.0,24,35,19,2.4
Ascencion de Guarayos,2026-10-05 21:00:00,35,0.0,27,37,359,2.4
Ascencion de Guarayos,2026-10-05 21:00:00,38,0.0,30,36,340,2.8
Ascencion de Guarayos,2026-10-05 21:00:00,41,0.0,33,36,320,3.3
Ascencion de Guarayos,2026-10-05 21:00:00,44,0.0,33,37,350,2.5
Ascencion de Guarayos,2026-10-05 21:00:00,47,0.0,31,36,11,1.6
Ascencion de Guarayos,2026-10-05 21:00:00,50,0.0,27,36,11,2.0
Ascencion de Guarayos,2026-10-05 21:00:00,53,0.0,25,36,11,2.4
Ascencion de Guarayos,2026-10-05 21:00:00,56,0.0,25,26,10,2.9
Ascencion de Guarayos,2026-10-05 21:00:00,59,0.0,27,27,360,2.9
Ascencion de Guarayos,2026-10-05 21:00:00,62,0.0,31,26,354,3.7
Ascencion de Guarayos,2026-10-05 21:00:00,65,0.0,34,35,344,4.4
Ascencion de Guarayos,2026-10-05 21:00:00,68,0.0,34,36,360,3.1
Ascencion de Guarayos,2026-10-05 21:00:00,71,0.0,31,36,10,1.8
Ascencion de Guarayos,2026-10-05 21:00:00,74,0.0,26,36,20,2.0
Ascencion de Guarayos,2026-10-05 21:00:00,77,0.0,24,56,20,2.1
Ascencion de Guarayos,2026-10-05 21:00:00,80,0.0,24,56,350,1.9
Ascencion de Guarayos,2026-10-05 21:00:00,83,0.0,26,56,330,2.3
Ascencion de Guarayos,2026-10-05 21:00:00,86,0.0,29,56,339,2.2
Ascencion de Guarayos,2026-10-05 21:00:00,89,2.7,32,84,339,2.0
Ascencion de Guarayos,2026-10-05 21:00:00,92,3.1,32,84,59,1.5
Ascencion de Guarayos,2026-10-05 21:00:00,95,3.1,24,90,135,1.0
Ascencion de Guarayos,2026-10-05 21:00:00,98,1.1,24,89,212,1.0
Ascencion de Guarayos,2026-10-05 21:00:00,101,1.4,24,89,289,1.0
Baures,2026-10-05 21:00:00,2,0.0,27,55,16,3.4
Baures,2026-10-05 21:00:00,5,0.0,23,55,6,2.4
Baures,2026-10-05 21:00:00,8,0.0,23,56,26,2.7
Baures,2026-10-05 21:00:00,11,0.0,27,56,26,2.9
Baures,2026-10-05 21:00:00,14,0.0,29,56,350,3.8
Baures,2026-10-05 21:00:00,17,0.0,33,56,309,4.6
Baures,2026-10-05 21:00:00,20,0.0,33,57,340,3.5
Baures,2026-10-05 21:00:00,23,0.0,30,56,5,2.3
Baures,2026-10-05 21:00:00,26,0.0,28,56,20,2.5
Baures,2026-10-05 21:00:00,29,0.0,24,35,30,2.6
Baures,2026-10-05 21:00:00,32,0.0,24,36,26,2.9
Baures,2026-10-05 21:00:00,35,0.0,29,36,6,3.6
Baures,2026-10-05 21:00:00,38,0.0,33,35,330,3.5
Baures,2026-10-05 21:00:00,41,0.0,34,35,290,3.4
Baures,2026-10-05 21:00:00,44,0.0,34,36,340,3.1
Baures,2026-10-05 21:00:00,47,0.0,31,56,21,2.7
Baures,2026-10-05 21:00:00,50,0.0,27,56,21,2.5
Baures,2026-10-05 21:00:00,53,0.0,24,57,16,2.3
Baures,2026-10-05 21:00:00,56,0.0,24,56,20,3.9
Baures,2026-10-05 21:00:00,59,0.0,27,56,0,4.1
Baures,2026-10-05 21:00:00,62,0.0,32,56,344,3.6
Baures,2026-10-05 21:00:00,65,0.0,35,56,324,3.0
Baures,2026-10-05 21:00:00,68,0.0,35,56,350,3.0
Baures,2026-10-05 21:00:00,71,0.0,30,36,15,3.1
Baures,2026-10-05 21:00:00,74,0.0,24,36,20,2.9
Baures,2026-10-05 21:00:00,77,0.0,23,37,20,2.7
Baures,2026-10-05 21:00:00,80,0.0,23,56,330,2.9
Baures,2026-10-05 21:00:00,83,0.0,27,57,310,3.3
Baures,2026-10-05 21:00:00,86,0.0,29,56,310,3.7
Baures,2026-10-05 21:00:00,89,0.0,33,56,306,4.1
Baures,2026-10-05 21:00:00,92,0.0,33,56,346,3.2
Baures,2026-10-05 21:00:00,95,0.6,30,84,26,2.3
Baures,2026-10-05 21:00:00,98,1.1,29,84,21,1.5
Baures,2026-10-05 21:00:00,101,2.5,28,83,11,0.8
Bolpebra - PD,2026-10-05 21:00:00,2,0.0,26,25,318,1.4
Bolpebra - PD,2026-10-05 21:00:00,5,0.0,22,36,328,1.4
Bolpebra - PD,2026-10-05 21:00:00,8,0.0,22,36,330,1.5
Bolpebra - PD,2026-10-05 21:00:00,11,0.0,27,36,330,1.8
Bolpebra - PD,2026-10-05 21:00:00,14,0.0,31,36,330,2.2
Bolpebra - PD,2026-10-05 21:00:00,17,0.0,34,56,330,2.5
Bolpebra - PD,2026-10-05 21:00:00,20,0.0,34,56,350,1.6
Bolpebra - PD,2026-10-05 21:00:00,23,0.0,30,56,6,0.8
Bolpebra - PD,2026-10-05 21:00:00,26,0.0,27,56,360,0.9
Bolpebra - PD,2026-10-05 21:00:00,29,0.0,21,35,350,1.1
Bolpebra - PD,2026-10-05 21:00:00,32,0.0,21,36,340,1.6
Bolpebra - PD,2026-10-05 21:00:00,35,0.0,28,36,340,2.0
Bolpebra - PD,2026-10-05 21:00:00,38,0.0,31,36,340,2.0
Bolpebra - PD,2026-10-05 21:00:00,41,0.0,33,56,330,2.1
Bolpebra - PD,2026-10-05 21:00:00,44,0.0,33,56,348,1.5
Bolpebra - PD,2026-10-05 21:00:00,47,0.0,30,56,358,1.0
Bolpebra - PD,2026-10-05 21:00:00,50,0.0,27,56,328,1.1
Bolpebra - PD,2026-10-05 21:00:00,53,0.0,21,56,292,1.2
Bolpebra - PD,2026-10-05 21:00:00,56,0.0,21,56,350,1.5
Bolpebra - PD,2026-10-05 21:00:00,59,0.0,29,56,333,1.8
Bolpebra - PD,2026-10-05 21:00:00,62,0.0,32,56,340,2.2
Bolpebra - PD,2026-10-05 21:00:00,65,0.0,34,56,340,2.5
Bolpebra - PD,2026-10-05 21:00:00,68,0.0,34,56,328,2.0
Bolpebra - PD,2026-10-05 21:00:00,71,0.0,29,56,310,1.6
Bolpebra - PD,2026-10-05 21:00:00,74,0.0,25,56,330,1.4
Bolpebra - PD,2026-10-05 21:00:00,77,0.0,22,37,343,1.2
Bolpebra - PD,2026-10-05 21:00:00,80,0.0,22,36,333,1.5
Bolpebra - PD,2026-10-05 21:00:00,83,0.0,26,37,333,1.9
Bolpebra - PD,2026-10-05 21:00:00,86,0.0,32,36,340,2.1
Bolpebra - PD,2026-10-05 21:00:00,89,0.0,33,36,346,2.2
Bolpebra - PD,2026-10-05 21:00:00,92,0.0,33,36,61,1.8
Bolpebra - PD,2026-10-05 21:00:00,95,0.0,31,56,128,1.4
Bolpebra - PD,2026-10-05 21:00:00,98,0.0,30,56,214,1.0
Bolpebra - PD,2026-10-05 21:00:00,101,0.0,29,56,308,0.8
Bulo Bulo,2026-10-05 21:00:00,2,3.6,25,90,182,1.5
Bulo Bulo,2026-10-05 21:00:00,5,0.0,23,56,150,1.4
Bulo Bulo,2026-10-05 21:00:00,8,0.0,23,55,108,1.0
Bulo Bulo,2026-10-05 21:00:00,11,0.0,25,56,80,0.4
Bulo Bulo,2026-10-05 21:00:00,14,0.0,27,56,28,1.7
Bulo Bulo,2026-10-05 21:00:00,17,0.0,30,56,328,3.0
Bulo Bulo,2026-10-05 21:00:00,20,0.0,30,56,292,2.0
Bulo Bulo,2026-10-05 21:00:00,23,0.0,28,57,254,1.0
Bulo Bulo,2026-10-05 21:00:00,26,0.0,27,56,244,0.8
Bulo Bulo,2026-10-05 21:00:00,29,0.0,26,56,224,0.5
Bulo Bulo,2026-10-05 21:00:00,32,0.0,26,56,292,1.1
Bulo Bulo,2026-10-05 21:00:00,35,0.0,27,56,318,1.7
Bulo Bulo,2026-10-05 21:00:00,38,0.0,29,57,318,2.8
Bulo Bulo,2026-10-05 21:00:00,41,0.0,33,56,310,3.9
Bulo Bulo,2026-10-05 21:00:00,44,0.0,33,56,272,2.7
Bulo Bulo,2026-10-05 21:00:00,47,0.0,30,56,224,1.5
Bulo Bulo,2026-10-05 21:00:00,50,0.0,27,56,234,1.1
Bulo Bulo,2026-10-05 21:00:00,53,0.0,26,36,234,0.8
Bulo Bulo,2026-10-05 21:00:00,56,0.0,26,37,290,1.2
Bulo Bulo,2026-10-05 21:00:00,59,0.0,27,36,336,1.5
Bulo Bulo,2026-10-05 21:00:00,62,0.0,30,36,328,2.9
Bulo Bulo,2026-10-05 21:00:00,65,0.0,33,56,320,4.4
Bulo Bulo,2026-10-05 21:00:00,68,0.0,33,57,282,2.9
Bulo Bulo,2026-10-05 21:00:00,71,0.0,29,57,234,1.5
Bulo Bulo,2026-10-05 21:00:00,74,0.0,28,56,254,1.1
Bulo Bulo,2026-10-05 21:00:00,77,0.0,26,56,266,0.7
Bulo Bulo,2026-10-05 21:00:00,80,0.0,26,56,4,0.8
Bulo Bulo,2026-10-05 21:00:00,83,0.0,30,56,74,0.8
Bulo Bulo,2026-10-05 21:00:00,86,0.0,32,56,20,2.0
Bulo Bulo,2026-10-05 21:00:00,89,3.3,33,84,318,3.1
Bulo Bulo,2026-10-05 21:00:00,92,3.4,33,85,239,2.8
Bulo Bulo,2026-10-05 21:00:00,95,3.3,31,89,148,2.4
Bulo Bulo,2026-10-05 21:00:00,98,3.3,30,89,200,1.7
Bulo Bulo,2026-10-05 21:00:00,101,3.3,29,89,252,1.1
Camargo,2026-10-05 21:00:00,2,0.0,14,36,316,5.7
Camargo,2026-10-05 21:00:00,5,0.0,11,36,336,3.5
Camargo,2026-10-05 21:00:00,8,0.0,11,36,302,2.7
Camargo,2026-10-05 21:00:00,11,0.0,14,36,288,2.9
Camargo,2026-10-05 21:00:00,14,0.0,18,36,313,2.3
Camargo,2026-10-05 21:00:00,17,0.0,25,36,329,1.6
Camargo,2026-10-05 21:00:00,20,0.0,25,36,336,2.3
Camargo,2026-10-05 21:00:00,23,0.0,18,36,341,3.0
Camargo,2026-10-05 21:00:00,26,0.0,14,36,331,2.5
Camargo,2026-10-05 21:00:00,29,0.0,12,36,312,2.1
Camargo,2026-10-05 21:00:00,32,0.0,12,26,280,3.3
Camargo,2026-10-05 21:00:00,35,0.0,13,26,280,3.3
Camargo,2026-10-05 21:00:00,38,0.0,19,26,278,4.6
Camargo,2026-10-05 21:00:00,41,0.0,28,26,268,5.9
Camargo,2026-10-05 21:00:00,44,0.0,28,25,293,4.7
Camargo,2026-10-05 21:00:00,47,0.0,26,26,307,3.4
Camargo,2026-10-05 21:00:00,50,0.0,20,25,2,2.6
Camargo,2026-10-05 21:00:00,53,0.0,12,26,46,1.7
Camargo,2026-10-05 21:00:00,56,0.0,12,26,301,2.6
Camargo,2026-10-05 21:00:00,59,0.0,15,26,288,2.8
Camargo,2026-10-05 21:00:00,62,0.0,19,26,298,3.0
Camargo,2026-10-05 21:00:00,65,0.0,28,36,298,3.1
Camargo,2026-10-05 21:00:00,68,0.0,28,36,7,3.4
Camargo,2026-10-05 21:00:00,71,0.0,17,56,73,3.8
Camargo,2026-10-05 21:00:00,74,0.0,10,56,63,2.6
Camargo,2026-10-05 21:00:00,77,0.0,10,36,52,1.5
Camargo,2026-10-05 21:00:00,80,0.0,10,36,348,1.3
Camargo,2026-10-05 21:00:00,83,0.0,14,36,292,1.3
Camargo,2026-10-05 21:00:00,86,0.0,19,36,291,5.2
Camargo,2026-10-05 21:00:00,89,2.6,25,84,281,9.0
Camargo,2026-10-05 21:00:00,92,2.6,25,84,275,8.0
Camargo,2026-10-05 21:00:00,95,0.0,22,56,262,7.0
Camargo,2026-10-05 21:00:00,98,0.0,20,56,188,4.7
Camargo,2026-10-05 21:00:00,101,0.0,19,56,88,2.4
Camiri,2026-10-05 21:00:00,2,2.8,21,88,161,1.1
Camiri,2026-10-05 21:00:00,5,0.0,19,56,151,0.9
Camiri,2026-10-05 21:00:00,8,0.0,19,56,131,0.7
Camiri,2026-10-05 21:00:00,11,0.0,21,56,94,0.4
Camiri,2026-10-05 21:00:00,14,0.0,24,57,71,1.6
Camiri,2026-10-05 21:00:00,17,0.0,30,57,40,2.9
Camiri,2026-10-05 21:00:00,20,0.0,30,57,7,1.9
Camiri,2026-10-05 21:00:00,23,0.0,24,56,325,0.8
Camiri,2026-10-05 21:00:00,26,0.0,21,56,305,0.6
Camiri,2026-10-05 21:00:00,29,0.0,20,57,278,0.3
Camiri,2026-10-05 21:00:00,32,0.0,20,56,323,1.1
Camiri,2026-10-05 21:00:00,35,0.0,23,56,333,1.2
Camiri,2026-10-05 21:00:00,38,0.0,26,56,10,2.2
Camiri,2026-10-05 21:00:00,41,0.0,35,36,40,3.2
Camiri,2026-10-05 21:00:00,44,0.0,35,36,102,1.8
Camiri,2026-10-05 21:00:00,47,0.0,27,26,199,0.4
Camiri,2026-10-05 21:00:00,50,0.0,23,27,233,0.9
Camiri,2026-10-05 21:00:00,53,0.0,21,27,257,1.2
Camiri,2026-10-05 21:00:00,56,0.0,21,26,323,0.9
Camiri,2026-10-05 21:00:00,59,0.0,24,26,330,0.8
Camiri,2026-10-05 21:00:00,62,0.0,27,25,10,1.5
Camiri,2026-10-05 21:00:00,65,0.0,31,26,47,2.1
Camiri,2026-10-05 21:00:00,68,0.0,32,26,120,3.4
Camiri,2026-10-05 21:00:00,71,0.0,24,56,190,4.7
Camiri,2026-10-05 21:00:00,74,0.0,21,56,170,3.5
Camiri,2026-10-05 21:00:00,77,0.0,18,56,140,2.4
Camiri,2026-10-05 21:00:00,80,0.0,18,56,141,1.8
Camiri,2026-10-05 21:00:00,83,0.0,21,57,141,1.4
Camiri,2026-10-05 21:00:00,86,0.0,24,56,131,1.6
Camiri,2026-10-05 21:00:00,89,2.6,28,84,111,1.9
Camiri,2026-10-05 21:00:00,92,2.7,28,84,131,1.9
Camiri,2026-10-05 21:00:00,95,0.0,26,56,150,1.9
Camiri,2026-10-05 21:00:00,98,0.0,24,56,141,1.6
Camiri,2026-10-05 21:00:00,101,0.0,23,56,131,1.2
Campanario,2026-10-05 21:00:00,2,0.0,8,36,354,4.0
Campanario,2026-10-05 21:00:00,5,0.0,4,26,26,1.7
Campanario,2026-10-05 21:00:00,8,0.0,4,26,312,2.1
Campanario,2026-10-05 21:00:00,11,0.0,8,26,312,2.2
Campanario,2026-10-05 21:00:00,14,0.0,13,26,10,2.3
Campanario,2026-10-05 21:00:00,17,0.0,17,26,65,2.5
Campanario,2026-10-05 21:00:00,20,0.0,17,26,79,2.8
Campanario,2026-10-05 21:00:00,23,0.0,13,36,86,3.2
Campanario,2026-10-05 21:00:00,26,0.0,9,36,19,2.5
Campanario,2026-10-05 21:00:00,29,0.0,6,36,308,1.9
Campanario,2026-10-05 21:00:00,32,0.0,6,26,270,3.1
Campanario,2026-10-05 21:00:00,35,0.0,11,26,243,4.1
Campanario,2026-10-05 21:00:00,38,0.0,17,26,264,5.4
Campanario,2026-10-05 21:00:00,41,0.0,19,26,278,6.6
Campanario,2026-10-05 21:00:00,44,0.0,19,26,3,5.2
Campanario,2026-10-05 21:00:00,47,0.0,15,26,79,3.7
Campanario,2026-10-05 21:00:00,50,0.0,10,26,79,3.1
Campanario,2026-10-05 21:00:00,53,0.0,5,36,73,2.4
Campanario,2026-10-05 21:00:00,56,0.0,5,36,288,2.3
Campanario,2026-10-05 21:00:00,59,0.0,13,36,259,2.7
Campanario,2026-10-05 21:00:00,62,0.0,17,36,303,5.3
Campanario,2026-10-05 21:00:00,65,3.1,18,84,340,7.7
Campanario,2026-10-05 21:00:00,68,3.1,18,84,33,5.6
Campanario,2026-10-05 21:00:00,71,3.1,13,89,79,3.5
Campanario,2026-10-05 21:00:00,74,3.1,6,89,59,3.3
Campanario,2026-10-05 21:00:00,77,0.0,4,36,36,3.0
Campanario,2026-10-05 21:00:00,80,0.0,4,36,360,3.2
Campanario,2026-10-05 21:00:00,83,0.0,9,36,319,3.5
Campanario,2026-10-05 21:00:00,86,0.0,11,36,312,8.4
Campanario,2026-10-05 21:00:00,89,0.0,17,36,300,13.2
Campanario,2026-10-05 21:00:00,92,0.0,17,36,342,8.2
Campanario,2026-10-05 21:00:00,95,0.0,14,56,44,3.2
Campanario,2026-10-05 21:00:00,98,0.0,12,56,22,2.7
Campanario,2026-10-05 21:00:00,101,0.0,11,56,16,2.3
Carura,2026-10-05 21:00:00,2,2.4,25,84,276,1.3
Carura,2026-10-05 21:00:00,5,0.0,21,36,275,1.2
Carura,2026-10-05 21:00:00,8,0.0,21,35,272,0.8
Carura,2026-10-05 21:00:00,11,0.0,24,35,269,0.5
Carura,2026-10-05 21:00:00,14,0.0,29,36,338,1.5
Carura,2026-10-05 21:00:00,17,0.0,32,56,38,2.4
Carura,2026-10-05 21:00:00,20,0.0,32,57,324,1.7
Carura,2026-10-05 21:00:00,23,1.2,30,88,250,1.0
Carura,2026-10-05 21:00:00,26,1.6,26,89,261,1.0
Carura,2026-10-05 21:00:00,29,0.0,22,36,268,1.0
Carura,2026-10-05 21:00:00,32,0.0,22,35,288,0.8
Carura,2026-10-05 21:00:00,35,0.0,25,36,308,0.6
Carura,2026-10-05 21:00:00,38,0.0,28,36,2,1.3
Carura,2026-10-05 21:00:00,41,0.0,33,36,47,2.1
Carura,2026-10-05 21:00:00,44,0.0,33,36,352,2.0
Carura,2026-10-05 21:00:00,47,3.1,30,89,298,1.9
Carura,2026-10-05 21:00:00,50,2.8,26,89,298,1.6
Carura,2026-10-05 21:00:00,53,0.0,22,36,292,1.2
Carura,2026-10-05 21:00:00,56,0.0,22,35,280,0.8
Carura,2026-10-05 21:00:00,59,0.0,24,35,287,0.6
Carura,2026-10-05 21:00:00,62,0.0,29,37,347,1.3
Carura,2026-10-05 21:00:00,65,0.0,34,56,42,2.0
Carura,2026-10-05 21:00:00,68,0.0,34,56,335,1.6
Carura,2026-10-05 21:00:00,71,0.0,28,56,265,1.2
Carura,2026-10-05 21:00:00,74,0.0,24,56,275,1.1
Carura,2026-10-05 21:00:00,77,0.0,22,56,275,1.1
Carura,2026-10-05 21:00:00,80,0.0,22,57,300,1.0
Carura,2026-10-05 21:00:00,83,0.0,24,56,299,0.8
Carura,2026-10-05 21:00:00,86,0.0,29,56,352,1.9
Carura,2026-10-05 21:00:00,89,0.0,34,57,45,3.0
Carura,2026-10-05 21:00:00,92,0.0,34,57,342,2.0
Carura,2026-10-05 21:00:00,95,0.0,32,56,272,0.9
Carura,2026-10-05 21:00:00,98,0.0,30,56,265,0.9
Carura,2026-10-05 21:00:00,101,0.0,29,56,248,1.0
Chacala (INIAF),2026-10-05 21:00:00,2,0.0,2,26,304,5.6
Chacala (INIAF),2026-10-05 21:00:00,5,0.0,-5,27,335,3.7
Chacala (INIAF),2026-10-05 21:00:00,8,0.0,-5,26,325,4.0
Chacala (INIAF),2026-10-05 21:00:00,11,0.0,1,26,317,4.7
Chacala (INIAF),2026-10-05 21:00:00,14,0.0,10,26,298,7.0
Chacala (INIAF),2026-10-05 21:00:00,17,0.0,14,26,276,9.2
Chacala (INIAF),2026-10-05 21:00:00,20,0.0,14,26,276,7.3
Chacala (INIAF),2026-10-05 21:00:00,23,0.0,10,27,276,5.4
Chacala (INIAF),2026-10-05 21:00:00,26,0.0,6,26,320,4.0
Chacala (INIAF),2026-10-05 21:00:00,29,0.0,-6,26,359,2.7
Chacala (INIAF),2026-10-05 21:00:00,32,0.0,-6,26,332,2.8
Chacala (INIAF),2026-10-05 21:00:00,35,0.0,5,26,296,2.9
Chacala (INIAF),2026-10-05 21:00:00,38,0.0,10,26,286,5.8
Chacala (INIAF),2026-10-05 21:00:00,41,0.0,15,26,270,8.8
Chacala (INIAF),2026-10-05 21:00:00,44,0.0,15,26,271,6.3
Chacala (INIAF),2026-10-05 21:00:00,47,0.0,9,26,268,3.8
Chacala (INIAF),2026-10-05 21:00:00,50,0.0,4,26,303,3.2
Chacala (INIAF),2026-10-05 21:00:00,53,0.0,-6,26,334,2.7
Chacala (INIAF),2026-10-05 21:00:00,56,0.0,-6,26,348,2.2
Chacala (INIAF),2026-10-05 21:00:00,59,0.0,6,26,336,2.4
Chacala (INIAF),2026-10-05 21:00:00,62,0.0,11,26,314,5.8
Chacala (INIAF),2026-10-05 21:00:00,65,0.0,15,26,285,9.2
Chacala (INIAF),2026-10-05 21:00:00,68,0.0,15,26,270,7.5
Chacala (INIAF),2026-10-05 21:00:00,71,0.0,9,26,246,5.9
Chacala (INIAF),2026-10-05 21:00:00,74,0.0,-3,26,310,4.3
Chacala (INIAF),2026-10-05 21:00:00,77,0.0,-5,26,9,2.7
Chacala (INIAF),2026-10-05 21:00:00,80,0.0,-5,27,328,2.3
Chacala (INIAF),2026-10-05 21:00:00,83,0.0,7,26,297,2.3
Chacala (INIAF),2026-10-05 21:00:00,86,0.0,11,26,290,5.8
Chacala (INIAF),2026-10-05 21:00:00,89,0.0,15,27,276,9.4
Chacala (INIAF),2026-10-05 21:00:00,92,0.0,15,26,266,7.6
Chacala (INIAF),2026-10-05 21:00:00,95,0.0,12,26,249,5.9
Chacala (INIAF),2026-10-05 21:00:00,98,0.0,10,27,278,4.0
Chacala (INIAF),2026-10-05 21:00:00,101,0.0,8,27,299,2.1
Charazani,2026-10-05 21:00:00,2,0.0,8,26,347,2.5
Charazani,2026-10-05 21:00:00,5,0.0,4,26,265,2.9
Charazani,2026-10-05 21:00:00,8,0.0,4,26,252,1.6
Charazani,2026-10-05 21:00:00,11,0.0,9,27,235,1.1
Charazani,2026-10-05 21:00:00,14,0.0,14,26,156,3.2
Charazani,2026-10-05 21:00:00,17,0.0,20,36,76,5.3
Charazani,2026-10-05 21:00:00,20,0.0,20,35,65,3.9
Charazani,2026-10-05 21:00:00,23,0.0,14,37,52,2.5
Charazani,2026-10-05 21:00:00,26,0.0,9,37,352,2.0
Charazani,2026-10-05 21:00:00,29,0.0,4,36,282,1.5
Charazani,2026-10-05 21:00:00,32,0.0,4,26,275,1.2
Charazani,2026-10-05 21:00:00,35,0.0,8,26,265,0.7
Charazani,2026-10-05 21:00:00,38,0.0,13,26,355,2.8
Charazani,2026-10-05 21:00:00,41,0.0,21,56,75,4.9
Charazani,2026-10-05 21:00:00,44,0.0,21,57,62,4.1
Charazani,2026-10-05 21:00:00,47,0.0,19,37,43,3.2
Charazani,2026-10-05 21:00:00,50,0.0,13,37,352,2.4
Charazani,2026-10-05 21:00:00,53,0.0,4,37,292,1.6
Charazani,2026-10-05 21:00:00,56,0.0,4,36,18,0.9
Charazani,2026-10-05 21:00:00,59,0.0,11,36,73,0.5
Charazani,2026-10-05 21:00:00,62,0.0,16,36,79,2.8
Charazani,2026-10-05 21:00:00,65,0.0,21,56,75,4.9
Charazani,2026-10-05 21:00:00,68,0.0,21,56,72,3.8
Charazani,2026-10-05 21:00:00,71,0.0,14,35,59,2.5
Charazani,2026-10-05 21:00:00,74,0.0,6,37,352,2.1
Charazani,2026-10-05 21:00:00,77,0.0,4,35,276,1.6
Charazani,2026-10-05 21:00:00,80,0.0,4,36,359,1.5
Charazani,2026-10-05 21:00:00,83,0.0,7,35,32,1.0
Charazani,2026-10-05 21:00:00,86,0.0,9,37,59,3.0
Charazani,2026-10-05 21:00:00,89,3.0,21,76,85,5.1
Charazani,2026-10-05 21:00:00,92,1.8,21,76,72,3.4
Charazani,2026-10-05 21:00:00,95,2.5,19,76,52,1.8
Charazani,2026-10-05 21:00:00,98,1.9,17,75,15,1.4
Charazani,2026-10-05 21:00:00,101,2.8,16,77,334,1.0
Chipaya,2026-10-05 21:00:00,2,0.0,6,26,246,3.7
Chipaya,2026-10-05 21:00:00,5,0.0,1,27,260,1.8
Chipaya,2026-10-05 21:00:00,8,0.0,1,27,256,1.3
Chipaya,2026-10-05 21:00:00,11,0.0,8,27,236,1.3
Chipaya,2026-10-05 21:00:00,14,0.0,12,26,292,2.0
Chipaya,2026-10-05 21:00:00,17,0.0,19,27,342,2.7
Chipaya,2026-10-05 21:00:00,20,0.0,19,26,292,4.6
Chipaya,2026-10-05 21:00:00,23,0.0,13,26,236,6.6
Chipaya,2026-10-05 21:00:00,26,0.0,7,26,236,4.5
Chipaya,2026-10-05 21:00:00,29,0.0,2,26,236,2.4
Chipaya,2026-10-05 21:00:00,32,0.0,2,26,260,1.9
Chipaya,2026-10-05 21:00:00,35,0.0,7,26,284,0.9
Chipaya,2026-10-05 21:00:00,38,0.0,12,27,330,1.6
Chipaya,2026-10-05 21:00:00,41,0.0,20,27,16,2.2
Chipaya,2026-10-05 21:00:00,44,0.0,20,25,300,4.4
Chipaya,2026-10-05 21:00:00,47,0.0,16,27,220,6.7
Chipaya,2026-10-05 21:00:00,50,0.0,9,26,230,4.3
Chipaya,2026-10-05 21:00:00,53,0.0,1,25,236,1.8
Chipaya,2026-10-05 21:00:00,56,0.0,1,26,2,0.9
Chipaya,2026-10-05 21:00:00,59,0.0,8,26,344,0.9
Chipaya,2026-10-05 21:00:00,62,0.0,13,27,344,3.3
Chipaya,2026-10-05 21:00:00,65,0.0,21,36,340,5.7
Chipaya,2026-10-05 21:00:00,68,0.0,21,37,296,5.5
Chipaya,2026-10-05 21:00:00,71,0.0,12,37,246,5.3
Chipaya,2026-10-05 21:00:00,74,0.0,5,36,256,3.6
Chipaya,2026-10-05 21:00:00,77,0.0,2,36,260,1.9
Chipaya,2026-10-05 21:00:00,80,0.0,2,26,250,2.0
Chipaya,2026-10-05 21:00:00,83,0.0,8,27,254,1.6
Chipaya,2026-10-05 21:00:00,86,0.0,14,25,264,4.7
Chipaya,2026-10-05 21:00:00,89,0.0,20,56,274,7.7
Chipaya,2026-10-05 21:00:00,92,0.0,20,56,250,6.3
Chipaya,2026-10-05 21:00:00,95,0.0,17,36,216,5.0
Chipaya,2026-10-05 21:00:00,98,0.0,15,36,242,2.8
Chipaya,2026-10-05 21:00:00,101,0.0,14,36,258,0.7
Cobija,2026-10-05 21:00:00,2,0.0,28,26,340,1.4
Cobija,2026-10-05 21:00:00,5,0.0,24,36,340,1.2
Cobija,2026-10-05 21:00:00,8,0.0,24,37,340,1.5
Cobija,2026-10-05 21:00:00,11,0.0,29,36,340,1.7
Cobija,2026-10-05 21:00:00,14,0.0,34,37,334,2.0
Cobija,2026-10-05 21:00:00,17,0.0,35,56,324,2.3
Cobija,2026-10-05 21:00:00,20,0.0,35,56,344,2.0
Cobija,2026-10-05 21:00:00,23,0.0,32,56,360,1.7
Cobija,2026-10-05 21:00:00,26,0.0,28,56,360,1.5
Cobija,2026-10-05 21:00:00,29,0.0,23,36,350,1.3
Cobija,2026-10-05 21:00:00,32,0.0,23,36,330,1.5
Cobija,2026-10-05 21:00:00,35,0.0,29,36,330,2.0
Cobija,2026-10-05 21:00:00,38,0.0,33,37,350,2.1
Cobija,2026-10-05 21:00:00,41,0.0,34,56,360,2.2
Cobija,2026-10-05 21:00:00,44,0.0,34,56,334,1.7
Cobija,2026-10-05 21:00:00,47,0.0,32,56,304,1.2
Cobija,2026-10-05 21:00:00,50,0.0,28,56,310,1.1
Cobija,2026-10-05 21:00:00,53,0.0,23,56,310,1.1
Cobija,2026-10-05 21:00:00,56,0.0,23,57,350,1.6
Cobija,2026-10-05 21:00:00,59,0.0,29,56,354,2.0
Cobija,2026-10-05 21:00:00,62,0.0,33,56,350,2.0
Cobija,2026-10-05 21:00:00,65,0.0,35,56,340,2.1
Cobija,2026-10-05 21:00:00,68,0.0,35,56,334,1.5
Cobija,2026-10-05 21:00:00,71,0.0,30,56,324,1.0
Cobija,2026-10-05 21:00:00,74,0.0,24,56,344,1.1
Cobija,2026-10-05 21:00:00,77,0.0,24,36,353,1.2
Cobija,2026-10-05 21:00:00,80,0.0,24,36,320,1.4
Cobija,2026-10-05 21:00:00,83,0.0,28,37,350,1.6
Cobija,2026-10-05 21:00:00,86,0.0,32,37,344,1.7
Cobija,2026-10-05 21:00:00,89,0.0,34,36,334,1.8
Cobija,2026-10-05 21:00:00,92,0.0,34,36,350,1.5
Cobija,2026-10-05 21:00:00,95,0.0,32,56,1,1.3
Cobija,2026-10-05 21:00:00,98,0.0,31,56,294,0.8
Cobija,2026-10-05 21:00:00,101,0.0,30,56,228,0.2
Cochabamba - Aeropuerto,2026-10-05 21:00:00,2,0.0,15,56,249,2.5
Cochabamba - Aeropuerto,2026-10-05 21:00:00,5,0.0,10,36,227,2.5
Cochabamba - Aeropuerto,2026-10-05 21:00:00,8,0.0,10,36,316,1.6
Cochabamba - Aeropuerto,2026-10-05 21:00:00,11,0.0,16,37,27,1.0
Cochabamba - Aeropuerto,2026-10-05 21:00:00,14,0.0,21,36,26,2.0
Cochabamba - Aeropuerto,2026-10-05 21:00:00,17,0.0,32,56,26,3.0
Cochabamba - Aeropuerto,2026-10-05 21:00:00,20,0.0,32,56,329,2.5
Cochabamba - Aeropuerto,2026-10-05 21:00:00,23,0.0,23,36,270,2.0
Cochabamba - Aeropuerto,2026-10-05 21:00:00,26,0.0,19,36,259,2.0
Cochabamba - Aeropuerto,2026-10-05 21:00:00,29,0.0,12,37,246,2.1
Cochabamba - Aeropuerto,2026-10-05 21:00:00,32,0.0,12,36,304,1.7
Cochabamba - Aeropuerto,2026-10-05 21:00:00,35,0.0,17,36,353,1.3
Cochabamba - Aeropuerto,2026-10-05 21:00:00,38,0.0,23,36,13,1.8
Cochabamba - Aeropuerto,2026-10-05 21:00:00,41,0.0,33,56,26,2.3
Cochabamba - Aeropuerto,2026-10-05 21:00:00,44,0.0,33,57,329,2.5
Cochabamba - Aeropuerto,2026-10-05 21:00:00,47,0.0,30,35,263,2.7
Cochabamba - Aeropuerto,2026-10-05 21:00:00,50,0.0,24,37,251,2.5
Cochabamba - Aeropuerto,2026-10-05 21:00:00,53,0.0,14,35,239,2.3
Cochabamba - Aeropuerto,2026-10-05 21:00:00,56,0.0,14,37,278,1.8
Cochabamba - Aeropuerto,2026-10-05 21:00:00,59,0.0,19,36,312,1.4
Cochabamba - Aeropuerto,2026-10-05 21:00:00,62,0.0,25,36,34,1.8
Cochabamba - Aeropuerto,2026-10-05 21:00:00,65,2.1,34,76,63,2.1
Cochabamba - Aeropuerto,2026-10-05 21:00:00,68,1.7,34,77,12,2.2
Cochabamba - Aeropuerto,2026-10-05 21:00:00,71,1.5,24,77,278,2.2
Cochabamba - Aeropuerto,2026-10-05 21:00:00,74,2.4,19,77,272,2.3
Cochabamba - Aeropuerto,2026-10-05 21:00:00,77,0.0,14,56,262,2.4
Cochabamba - Aeropuerto,2026-10-05 21:00:00,80,0.0,14,56,298,1.8
Cochabamba - Aeropuerto,2026-10-05 21:00:00,83,0.0,19,56,46,1.3
Cochabamba - Aeropuerto,2026-10-05 21:00:00,86,0.0,25,56,6,1.8
Cochabamba - Aeropuerto,2026-10-05 21:00:00,89,2.9,32,84,330,2.3
Cochabamba - Aeropuerto,2026-10-05 21:00:00,92,0.8,32,84,271,2.2
Cochabamba - Aeropuerto,2026-10-05 21:00:00,95,2.1,29,89,222,2.0
Cochabamba - Aeropuerto,2026-10-05 21:00:00,98,2.5,27,90,234,2.0
Cochabamba - Aeropuerto,2026-10-05 21:00:00,101,1.6,26,90,240,2.0
Cochabamba - Sarco,2026-10-05 21:00:00,2,0.0,17,56,319,3.4
Cochabamba - Sarco,2026-10-05 21:00:00,5,0.0,11,36,279,3.5
Cochabamba - Sarco,2026-10-05 21:00:00,8,0.0,11,36,247,1.4
Cochabamba - Sarco,2026-10-05 21:00:00,11,0.0,16,37,234,1.1
Cochabamba - Sarco,2026-10-05 21:00:00,14,0.0,21,37,222,1.9
Cochabamba - Sarco,2026-10-05 21:00:00,17,0.0,34,56,66,2.7
Cochabamba - Sarco,2026-10-05 21:00:00,20,0.0,34,55,42,3.2
Cochabamba - Sarco,2026-10-05 21:00:00,23,0.0,23,36,8,3.7
Cochabamba - Sarco,2026-10-05 21:00:00,26,0.0,19,37,347,2.9
Cochabamba - Sarco,2026-10-05 21:00:00,29,0.0,13,37,324,2.2
Cochabamba - Sarco,2026-10-05 21:00:00,32,0.0,13,36,324,1.7
Cochabamba - Sarco,2026-10-05 21:00:00,35,0.0,18,35,334,1.4
Cochabamba - Sarco,2026-10-05 21:00:00,38,0.0,24,36,22,2.2
Cochabamba - Sarco,2026-10-05 21:00:00,41,0.0,34,57,61,3.0
Cochabamba - Sarco,2026-10-05 21:00:00,44,0.0,34,56,43,3.4
Cochabamba - Sarco,2026-10-05 21:00:00,47,0.0,28,37,18,3.7
Cochabamba - Sarco,2026-10-05 21:00:00,50,0.0,21,36,357,3.0
Cochabamba - Sarco,2026-10-05 21:00:00,53,0.0,15,36,334,2.2
Cochabamba - Sarco,2026-10-05 21:00:00,56,0.0,15,37,337,2.0
Cochabamba - Sarco,2026-10-05 21:00:00,59,0.0,19,36,347,2.0
Cochabamba - Sarco,2026-10-05 21:00:00,62,0.0,25,36,7,2.4
Cochabamba - Sarco,2026-10-05 21:00:00,65,2.1,34,76,17,2.7
Cochabamba - Sarco,2026-10-05 21:00:00,68,1.0,34,76,18,3.1
Cochabamba - Sarco,2026-10-05 21:00:00,71,2.2,25,76,11,3.4
Cochabamba - Sarco,2026-10-05 21:00:00,74,2.8,19,76,357,3.0
Cochabamba - Sarco,2026-10-05 21:00:00,77,0.0,15,57,334,2.7
Cochabamba - Sarco,2026-10-05 21:00:00,80,0.0,13,56,357,2.4
Cochabamba - Sarco,2026-10-05 21:00:00,83,0.0,17,56,360,2.3
Cochabamba - Sarco,2026-10-05 21:00:00,86,0.0,22,56,9,3.5
Cochabamba - Sarco,2026-10-05 21:00:00,89,2.9,29,84,10,4.6
Cochabamba - Sarco,2026-10-05 21:00:00,92,2.2,29,84,354,3.2
Cochabamba - Sarco,2026-10-05 21:00:00,95,1.7,26,89,339,1.8
Cochabamba - Sarco,2026-10-05 21:00:00,98,2.1,24,89,353,2.0
Cochabamba - Sarco,2026-10-05 21:00:00,101,2.2,23,89,8,2.3
Concepcion,2026-10-05 21:00:00,2,4.3,25,84,331,2.1
Concepcion,2026-10-05 21:00:00,5,0.0,21,56,301,1.7
Concepcion,2026-10-05 21:00:00,8,0.0,21,56,360,2.5
Concepcion,2026-10-05 21:00:00,11,0.0,24,55,339,3.4
Concepcion,2026-10-05 21:00:00,14,0.0,27,55,329,3.8
Concepcion,2026-10-05 21:00:00,17,0.0,30,56,314,4.2
Concepcion,2026-10-05 21:00:00,20,0.0,30,56,339,2.6
Concepcion,2026-10-05 21:00:00,23,0.0,27,36,357,0.9
Concepcion,2026-10-05 21:00:00,26,0.0,25,36,9,1.5
Concepcion,2026-10-05 21:00:00,29,0.0,22,37,10,1.9
Concepcion,2026-10-05 21:00:00,32,0.0,22,35,360,3.5
Concepcion,2026-10-05 21:00:00,35,0.0,24,36,350,4.0
Concepcion,2026-10-05 21:00:00,38,0.0,28,36,350,4.7
Concepcion,2026-10-05 21:00:00,41,0.0,32,36,340,5.4
Concepcion,2026-10-05 21:00:00,44,0.0,32,36,340,3.6
Concepcion,2026-10-05 21:00:00,47,0.0,30,36,336,1.9
Concepcion,2026-10-05 21:00:00,50,0.0,27,36,345,2.1
Concepcion,2026-10-05 21:00:00,53,0.0,23,36,349,2.3
Concepcion,2026-10-05 21:00:00,56,0.0,23,26,355,3.4
Concepcion,2026-10-05 21:00:00,59,0.0,26,26,345,4.9
Concepcion,2026-10-05 21:00:00,62,0.0,30,26,345,5.2
Concepcion,2026-10-05 21:00:00,65,0.0,33,36,340,5.6
Concepcion,2026-10-05 21:00:00,68,0.0,33,36,350,3.7
Concepcion,2026-10-05 21:00:00,71,0.0,28,36,350,1.8
Concepcion,2026-10-05 21:00:00,74,0.0,23,36,350,1.9
Concepcion,2026-10-05 21:00:00,77,0.0,22,56,340,1.9
Concepcion,2026-10-05 21:00:00,80,0.0,22,55,335,3.2
Concepcion,2026-10-05 21:00:00,83,0.0,24,56,315,3.9
Concepcion,2026-10-05 21:00:00,86,0.0,26,56,322,3.8
Concepcion,2026-10-05 21:00:00,89,2.6,31,84,324,3.6
Concepcion,2026-10-05 21:00:00,92,2.8,31,84,300,2.6
Concepcion,2026-10-05 21:00:00,95,2.0,25,89,272,1.5
Concepcion,2026-10-05 21:00:00,98,1.3,25,89,249,1.5
Concepcion,2026-10-05 21:00:00,101,1.5,25,89,219,1.5
Cota Cota Baja,2026-10-05 21:00:00,2,0.0,7,27,189,3.2
Cota Cota Baja,2026-10-05 21:00:00,5,0.0,-2,27,120,3.7
Cota Cota Baja,2026-10-05 21:00:00,8,0.0,-2,25,140,3.0
Cota Cota Baja,2026-10-05 21:00:00,11,0.0,6,27,170,1.3
Cota Cota Baja,2026-10-05 21:00:00,14,0.0,11,27,224,2.9
Cota Cota Baja,2026-10-05 21:00:00,17,0.0,16,36,274,4.4
Cota Cota Baja,2026-10-05 21:00:00,20,0.0,15,36,326,4.2
Cota Cota Baja,2026-10-05 21:00:00,23,0.0,11,36,11,3.9
Cota Cota Baja,2026-10-05 21:00:00,26,0.0,7,36,4,2.6
Cota Cota Baja,2026-10-05 21:00:00,29,0.0,-1,35,358,1.2
Cota Cota Baja,2026-10-05 21:00:00,32,0.0,-1,26,83,1.2
Cota Cota Baja,2026-10-05 21:00:00,35,0.0,8,26,305,1.0
Cota Cota Baja,2026-10-05 21:00:00,38,0.0,11,26,289,2.8
Cota Cota Baja,2026-10-05 21:00:00,41,0.0,17,56,268,4.6
Cota Cota Baja,2026-10-05 21:00:00,44,0.0,17,56,330,4.9
Cota Cota Baja,2026-10-05 21:00:00,47,0.0,12,36,32,5.1
Cota Cota Baja,2026-10-05 21:00:00,50,0.0,9,36,10,3.7
Cota Cota Baja,2026-10-05 21:00:00,53,0.0,-1,36,344,2.3
Cota Cota Baja,2026-10-05 21:00:00,56,0.0,-1,36,344,2.0
Cota Cota Baja,2026-10-05 21:00:00,59,0.0,7,37,328,1.9
Cota Cota Baja,2026-10-05 21:00:00,62,0.0,11,36,318,4.4
Cota Cota Baja,2026-10-05 21:00:00,65,0.0,16,56,303,6.9
Cota Cota Baja,2026-10-05 21:00:00,68,0.0,16,57,349,6.0
Cota Cota Baja,2026-10-05 21:00:00,71,0.0,8,36,26,5.2
Cota Cota Baja,2026-10-05 21:00:00,74,0.0,2,36,26,3.6
Cota Cota Baja,2026-10-05 21:00:00,77,0.0,-1,36,16,2.0
Cota Cota Baja,2026-10-05 21:00:00,80,0.0,-1,35,360,2.3
Cota Cota Baja,2026-10-05 21:00:00,83,0.0,7,35,339,1.7
Cota Cota Baja,2026-10-05 21:00:00,86,0.0,11,35,319,4.3
Cota Cota Baja,2026-10-05 21:00:00,89,2.2,16,76,298,6.7
Cota Cota Baja,2026-10-05 21:00:00,92,2.6,16,76,340,5.4
Cota Cota Baja,2026-10-05 21:00:00,95,0.6,13,77,21,4.1
Cota Cota Baja,2026-10-05 21:00:00,98,3.3,11,77,62,2.7
Cota Cota Baja,2026-10-05 21:00:00,101,2.1,10,76,103,1.4
Cotagaita,2026-10-05 21:00:00,2,0.0,10,26,307,9.1
Cotagaita,2026-10-05 21:00:00,5,0.0,3,26,317,1.7
Cotagaita,2026-10-05 21:00:00,8,0.0,3,26,290,3.0
Cotagaita,2026-10-05 21:00:00,11,0.0,12,27,290,2.1
Cotagaita,2026-10-05 21:00:00,14,0.0,18,27,280,5.4
Cotagaita,2026-10-05 21:00:00,17,0.0,26,26,260,8.8
Cotagaita,2026-10-05 21:00:00,20,0.0,26,26,298,6.3
Cotagaita,2026-10-05 21:00:00,23,0.0,20,26,328,3.8
Cotagaita,2026-10-05 21:00:00,26,0.0,13,26,309,3.5
Cotagaita,2026-10-05 21:00:00,29,0.0,2,26,287,3.3
Cotagaita,2026-10-05 21:00:00,32,0.0,2,27,270,2.6
Cotagaita,2026-10-05 21:00:00,35,0.0,13,27,260,1.9
Cotagaita,2026-10-05 21:00:00,38,0.0,18,27,270,6.2
Cotagaita,2026-10-05 21:00:00,41,0.0,27,27,270,10.4
Cotagaita,2026-10-05 21:00:00,44,0.0,27,27,280,6.9
Cotagaita,2026-10-05 21:00:00,47,0.0,22,26,280,3.4
Cotagaita,2026-10-05 21:00:00,50,0.0,15,26,289,3.0
Cotagaita,2026-10-05 21:00:00,53,0.0,1,26,289,2.6
Cotagaita,2026-10-05 21:00:00,56,0.0,1,26,280,2.6
Cotagaita,2026-10-05 21:00:00,59,0.0,14,26,270,1.8
Cotagaita,2026-10-05 21:00:00,62,0.0,19,26,304,3.3
Cotagaita,2026-10-05 21:00:00,65,0.0,27,27,331,4.8
Cotagaita,2026-10-05 21:00:00,68,0.0,27,27,305,4.0
Cotagaita,2026-10-05 21:00:00,71,0.0,19,36,270,3.3
Cotagaita,2026-10-05 21:00:00,74,0.0,5,36,287,3.0
Cotagaita,2026-10-05 21:00:00,77,0.0,3,35,295,2.8
Cotagaita,2026-10-05 21:00:00,80,0.0,3,35,289,2.0
Cotagaita,2026-10-05 21:00:00,83,0.0,15,36,280,1.2
Cotagaita,2026-10-05 21:00:00,86,0.0,20,35,282,7.0
Cotagaita,2026-10-05 21:00:00,89,0.0,26,26,280,12.9
Cotagaita,2026-10-05 21:00:00,92,0.0,26,26,270,12.4
Cotagaita,2026-10-05 21:00:00,95,0.0,23,27,260,11.9
Cotagaita,2026-10-05 21:00:00,98,0.0,22,26,279,6.9
Cotagaita,2026-10-05 21:00:00,101,0.0,20,26,297,1.9
Covendo,2026-10-05 21:00:00,2,1.6,26,84,154,1.0
Covendo,2026-10-05 21:00:00,5,0.0,20,36,191,1.1
Covendo,2026-10-05 21:00:00,8,0.0,20,36,155,1.0
Covendo,2026-10-05 21:00:00,11,0.0,25,36,148,1.1
Covendo,2026-10-05 21:00:00,14,0.0,29,36,100,1.0
Covendo,2026-10-05 21:00:00,17,0.0,35,56,42,0.9
Covendo,2026-10-05 21:00:00,20,0.0,35,56,121,0.9
Covendo,2026-10-05 21:00:00,23,2.3,30,89,193,1.0
Covendo,2026-10-05 21:00:00,26,3.1,26,89,185,1.1
Covendo,2026-10-05 21:00:00,29,0.0,21,36,173,1.3
Covendo,2026-10-05 21:00:00,32,0.0,21,36,202,0.9
Covendo,2026-10-05 21:00:00,35,0.0,27,36,220,0.6
Covendo,2026-10-05 21:00:00,38,0.0,30,36,297,1.4
Covendo,2026-10-05 21:00:00,41,0.0,36,36,4,2.0
Covendo,2026-10-05 21:00:00,44,0.0,36,36,287,1.4
Covendo,2026-10-05 21:00:00,47,2.6,31,89,203,0.7
Covendo,2026-10-05 21:00:00,50,2.5,26,89,215,0.8
Covendo,2026-10-05 21:00:00,53,0.0,21,36,223,0.9
Covendo,2026-10-05 21:00:00,56,0.0,21,36,201,0.9
Covendo,2026-10-05 21:00:00,59,0.0,25,36,208,0.7
Covendo,2026-10-05 21:00:00,62,0.0,28,36,272,1.5
Covendo,2026-10-05 21:00:00,65,0.0,36,56,5,2.5
Covendo,2026-10-05 21:00:00,68,0.0,36,56,5,1.9
Covendo,2026-10-05 21:00:00,71,0.0,27,56,191,1.3
Covendo,2026-10-05 21:00:00,74,0.0,23,56,191,1.2
Covendo,2026-10-05 21:00:00,77,0.0,21,56,182,1.1
Covendo,2026-10-05 21:00:00,80,0.0,21,56,201,1.0
Covendo,2026-10-05 21:00:00,83,0.0,24,56,191,0.8
Covendo,2026-10-05 21:00:00,86,0.0,27,56,107,1.7
Covendo,2026-10-05 21:00:00,89,0.0,36,56,22,2.6
Covendo,2026-10-05 21:00:00,92,0.0,36,56,121,2.0
Covendo,2026-10-05 21:00:00,95,0.0,32,56,201,1.4
Covendo,2026-10-05 21:00:00,98,0.0,32,56,170,1.1
Covendo,2026-10-05 21:00:00,101,0.0,31,56,133,0.9
Cuatro Cañadas - Colonia Chihuahua,2026-10-05 21:00:00,2,1.8,28,84,268,2.4
Cuatro Cañadas - Colonia Chihuahua,2026-10-05 21:00:00,5,0.0,24,56,170,1.5
Cuatro Cañadas - Colonia Chihuahua,2026-10-05 21:00:00,8,0.0,24,56,308,0.9
Cuatro Cañadas - Colonia Chihuahua,2026-10-05 21:00:00,11,0.0,28,57,281,1.2
Cuatro Cañadas - Colonia Chihuahua,2026-10-05 21:00:00,14,0.0,30,56,290,3.0
Cuatro Cañadas - Colonia Chihuahua,2026-10-05 21:00:00,17,0.0,31,56,300,4.7
Cuatro Cañadas - Colonia Chihuahua,2026-10-05 21:00:00,20,0.0,31,55,328,3.3
Cuatro Cañadas - Colonia Chihuahua,2026-10-05 21:00:00,23,0.0,30,57,350,1.8
Cuatro Cañadas - Colonia Chihuahua,2026-10-05 21:00:00,26,0.0,29,56,0,1.9
Cuatro Cañadas - Colonia Chihuahua,2026-10-05 21:00:00,29,0.0,25,36,9,2.0
Cuatro Cañadas - Colonia Chihuahua,2026-10-05 21:00:00,32,0.0,25,36,7,4.5
Cuatro Cañadas - Colonia Chihuahua,2026-10-05 21:00:00,35,0.0,28,36,357,5.4
Cuatro Cañadas - Colonia Chihuahua,2026-10-05 21:00:00,38,0.0,29,36,340,6.4
Cuatro Cañadas - Colonia Chihuahua,2026-10-05 21:00:00,41,0.0,33,37,322,7.5
Cuatro Cañadas - Colonia Chihuahua,2026-10-05 21:00:00,44,0.0,33,36,350,6.7
Cuatro Cañadas - Colonia Chihuahua,2026-10-05 21:00:00,47,0.0,31,36,10,5.8
Cuatro Cañadas - Colonia Chihuahua,2026-10-05 21:00:00,50,0.0,28,36,7,5.4
Cuatro Cañadas - Colonia Chihuahua,2026-10-05 21:00:00,53,0.0,24,36,357,4.8
Cuatro Cañadas - Colonia Chihuahua,2026-10-05 21:00:00,56,0.0,24,27,360,5.1
Cuatro Cañadas - Colonia Chihuahua,2026-10-05 21:00:00,59,0.0,28,26,337,6.0
Cuatro Cañadas - Colonia Chihuahua,2026-10-05 21:00:00,62,0.0,31,26,330,6.9
Cuatro Cañadas - Colonia Chihuahua,2026-10-05 21:00:00,65,0.0,34,26,320,7.9
Cuatro Cañadas - Colonia Chihuahua,2026-10-05 21:00:00,68,0.0,34,26,340,6.3
Cuatro Cañadas - Colonia Chihuahua,2026-10-05 21:00:00,71,0.0,31,36,360,4.7
Cuatro Cañadas - Colonia Chihuahua,2026-10-05 21:00:00,74,0.0,28,36,10,3.9
Cuatro Cañadas - Colonia Chihuahua,2026-10-05 21:00:00,77,0.0,23,56,18,3.0
Cuatro Cañadas - Colonia Chihuahua,2026-10-05 21:00:00,80,0.0,23,56,296,2.4
Cuatro Cañadas - Colonia Chihuahua,2026-10-05 21:00:00,83,0.0,26,57,226,2.5
Cuatro Cañadas - Colonia Chihuahua,2026-10-05 21:00:00,86,0.0,27,56,223,2.5
Cuatro Cañadas - Colonia Chihuahua,2026-10-05 21:00:00,89,1.2,31,84,214,2.5
Cuatro Cañadas - Colonia Chihuahua,2026-10-05 21:00:00,92,2.4,31,84,248,1.9
Cuatro Cañadas - Colonia Chihuahua,2026-10-05 21:00:00,95,2.9,28,89,278,1.3
Cuatro Cañadas - Colonia Chihuahua,2026-10-05 21:00:00,98,1.7,27,89,229,1.7
Cuatro Cañadas - Colonia Chihuahua,2026-10-05 21:00:00,101,3.2,26,89,180,2.1
Cuatro Cañadas CEA-2,2026-10-05 21:00:00,2,1.8,26,84,238,3.4
Cuatro Cañadas CEA-2,2026-10-05 21:00:00,5,0.0,23,56,188,2.7
Cuatro Cañadas CEA-2,2026-10-05 21:00:00,8,0.0,23,56,180,1.9
Cuatro Cañadas CEA-2,2026-10-05 21:00:00,11,0.0,27,56,160,1.6
Cuatro Cañadas CEA-2,2026-10-05 21:00:00,14,0.0,29,56,240,2.7
Cuatro Cañadas CEA-2,2026-10-05 21:00:00,17,0.0,30,56,320,3.8
Cuatro Cañadas CEA-2,2026-10-05 21:00:00,20,0.0,30,56,330,2.8
Cuatro Cañadas CEA-2,2026-10-05 21:00:00,23,0.0,28,56,333,1.8
Cuatro Cañadas CEA-2,2026-10-05 21:00:00,26,0.0,26,56,340,1.8
Cuatro Cañadas CEA-2,2026-10-05 21:00:00,29,0.0,24,35,338,1.8
Cuatro Cañadas CEA-2,2026-10-05 21:00:00,32,0.0,24,36,350,4.4
Cuatro Cañadas CEA-2,2026-10-05 21:00:00,35,0.0,27,36,340,5.2
Cuatro Cañadas CEA-2,2026-10-05 21:00:00,38,0.0,30,35,332,6.2
Cuatro Cañadas CEA-2,2026-10-05 21:00:00,41,0.0,32,36,322,7.1
Cuatro Cañadas CEA-2,2026-10-05 21:00:00,44,0.0,32,36,350,5.3
Cuatro Cañadas CEA-2,2026-10-05 21:00:00,47,0.0,30,36,18,3.4
Cuatro Cañadas CEA-2,2026-10-05 21:00:00,50,0.0,28,35,8,3.6
Cuatro Cañadas CEA-2,2026-10-05 21:00:00,53,0.0,23,37,358,3.7
Cuatro Cañadas CEA-2,2026-10-05 21:00:00,56,0.0,23,26,350,3.8
Cuatro Cañadas CEA-2,2026-10-05 21:00:00,59,0.0,28,26,350,4.8
Cuatro Cañadas CEA-2,2026-10-05 21:00:00,62,0.0,30,26,340,6.0
Cuatro Cañadas CEA-2,2026-10-05 21:00:00,65,0.0,33,27,321,7.2
Cuatro Cañadas CEA-2,2026-10-05 21:00:00,68,0.0,33,27,340,5.7
Cuatro Cañadas CEA-2,2026-10-05 21:00:00,71,0.0,31,37,350,4.1
Cuatro Cañadas CEA-2,2026-10-05 21:00:00,74,0.0,28,36,350,3.0
Cuatro Cañadas CEA-2,2026-10-05 21:00:00,77,0.0,22,55,350,2.0
Cuatro Cañadas CEA-2,2026-10-05 21:00:00,80,0.0,22,55,267,2.7
Cuatro Cañadas CEA-2,2026-10-05 21:00:00,83,0.0,25,56,197,3.3
Cuatro Cañadas CEA-2,2026-10-05 21:00:00,86,0.0,27,56,239,2.9
Cuatro Cañadas CEA-2,2026-10-05 21:00:00,89,1.5,30,84,272,2.4
Cuatro Cañadas CEA-2,2026-10-05 21:00:00,92,1.4,30,84,282,1.9
Cuatro Cañadas CEA-2,2026-10-05 21:00:00,95,3.3,28,89,291,1.4
Cuatro Cañadas CEA-2,2026-10-05 21:00:00,98,2.6,26,89,229,1.6
Cuatro Cañadas CEA-2,2026-10-05 21:00:00,101,3.2,25,89,158,1.8
Desaguadero_M,2026-10-05 21:00:00,2,0.0,6,26,172,4.9
Desaguadero_M,2026-10-05 21:00:00,5,0.0,-2,26,134,2.7
Desaguadero_M,2026-10-05 21:00:00,8,0.0,-2,26,144,1.5
Desaguadero_M,2026-10-05 21:00:00,11,0.0,5,26,322,0.4
Desaguadero_M,2026-10-05 21:00:00,14,0.0,10,26,339,2.9
Desaguadero_M,2026-10-05 21:00:00,17,0.0,14,36,348,5.2
Desaguadero_M,2026-10-05 21:00:00,20,0.0,14,35,346,3.9
Desaguadero_M,2026-10-05 21:00:00,23,0.0,11,36,343,2.5
Desaguadero_M,2026-10-05 21:00:00,26,0.0,6,35,10,1.8
Desaguadero_M,2026-10-05 21:00:00,29,0.0,-2,37,27,1.0
Desaguadero_M,2026-10-05 21:00:00,32,0.0,-2,26,207,0.9
Desaguadero_M,2026-10-05 21:00:00,35,0.0,4,26,267,0.4
Desaguadero_M,2026-10-05 21:00:00,38,0.0,11,26,300,2.6
Desaguadero_M,2026-10-05 21:00:00,41,0.0,15,55,328,4.8
Desaguadero_M,2026-10-05 21:00:00,44,0.0,15,56,11,4.0
Desaguadero_M,2026-10-05 21:00:00,47,0.0,11,37,49,3.1
Desaguadero_M,2026-10-05 21:00:00,50,0.0,5,36,19,2.5
Desaguadero_M,2026-10-05 21:00:00,53,0.0,-3,36,344,1.9
Desaguadero_M,2026-10-05 21:00:00,56,0.0,-3,36,45,1.8
Desaguadero_M,2026-10-05 21:00:00,59,0.0,6,35,360,1.8
Desaguadero_M,2026-10-05 21:00:00,62,0.0,12,35,353,4.3
Desaguadero_M,2026-10-05 21:00:00,65,0.0,15,56,336,6.9
Desaguadero_M,2026-10-05 21:00:00,68,0.0,15,56,353,4.9
Desaguadero_M,2026-10-05 21:00:00,71,0.0,10,36,3,3.0
Desaguadero_M,2026-10-05 21:00:00,74,0.0,2,36,15,2.2
Desaguadero_M,2026-10-05 21:00:00,77,0.0,-3,36,21,1.4
Desaguadero_M,2026-10-05 21:00:00,80,0.0,-4,36,4,1.8
Desaguadero_M,2026-10-05 21:00:00,83,0.0,9,36,344,1.7
Desaguadero_M,2026-10-05 21:00:00,86,0.0,13,37,347,5.0
Desaguadero_M,2026-10-05 21:00:00,89,1.6,15,76,350,8.3
Desaguadero_M,2026-10-05 21:00:00,92,1.9,15,75,284,5.3
Desaguadero_M,2026-10-05 21:00:00,95,1.5,13,76,215,2.3
Desaguadero_M,2026-10-05 21:00:00,98,3.0,12,76,200,1.9
Desaguadero_M,2026-10-05 21:00:00,101,3.0,11,76,181,1.5
El Alto,2026-10-05 21:00:00,2,0.0,5,26,182,3.3
El Alto,2026-10-05 21:00:00,5,0.0,-2,26,153,2.2
El Alto,2026-10-05 21:00:00,8,0.0,-2,26,168,1.5
El Alto,2026-10-05 21:00:00,11,0.0,6,25,147,1.2
El Alto,2026-10-05 21:00:00,14,0.0,12,26,177,2.7
El Alto,2026-10-05 21:00:00,17,0.0,17,36,318,4.1
El Alto,2026-10-05 21:00:00,20,0.0,17,36,7,3.7
El Alto,2026-10-05 21:00:00,23,0.0,11,35,48,3.2
El Alto,2026-10-05 21:00:00,26,0.0,7,36,82,2.2
El Alto,2026-10-05 21:00:00,29,0.0,-2,35,108,1.1
El Alto,2026-10-05 21:00:00,32,0.0,-2,26,228,1.5
El Alto,2026-10-05 21:00:00,35,0.0,8,26,277,1.5
El Alto,2026-10-05 21:00:00,38,0.0,12,26,230,2.3
El Alto,2026-10-05 21:00:00,41,0.0,18,56,174,2.9
El Alto,2026-10-05 21:00:00,44,0.0,18,56,115,3.7
El Alto,2026-10-05 21:00:00,47,0.0,14,36,48,4.4
El Alto,2026-10-05 21:00:00,50,0.0,8,35,46,2.8
El Alto,2026-10-05 21:00:00,53,0.0,-3,36,35,1.2
El Alto,2026-10-05 21:00:00,56,0.0,-3,36,31,1.2
El Alto,2026-10-05 21:00:00,59,0.0,7,36,338,0.7
El Alto,2026-10-05 21:00:00,62,0.0,10,36,335,3.1
El Alto,2026-10-05 21:00:00,65,0.0,18,56,325,5.5
El Alto,2026-10-05 21:00:00,68,0.0,18,56,8,5.0
El Alto,2026-10-05 21:00:00,71,0.0,8,36,50,4.6
El Alto,2026-10-05 21:00:00,74,0.0,0,36,46,3.3
El Alto,2026-10-05 21:00:00,77,0.0,-3,36,39,1.9
El Alto,2026-10-05 21:00:00,80,0.0,-3,36,7,1.4
El Alto,2026-10-05 21:00:00,83,0.0,7,36,334,0.5
El Alto,2026-10-05 21:00:00,86,0.0,11,35,325,3.5
El Alto,2026-10-05 21:00:00,89,1.8,18,76,316,6.6
El Alto,2026-10-05 21:00:00,92,2.0,18,76,23,5.2
El Alto,2026-10-05 21:00:00,95,2.0,15,76,81,3.9
El Alto,2026-10-05 21:00:00,98,1.7,12,76,87,2.8
El Alto,2026-10-05 21:00:00,101,1.5,11,76,87,1.6
El Puente,2026-10-05 21:00:00,2,2.4,24,84,6,1.2
El Puente,2026-10-05 21:00:00,5,0.0,22,56,24,1.0
El Puente,2026-10-05 21:00:00,8,0.0,22,56,78,1.1
El Puente,2026-10-05 21:00:00,11,0.0,25,56,48,0.8
El Puente,2026-10-05 21:00:00,14,0.0,27,56,8,1.8
El Puente,2026-10-05 21:00:00,17,0.0,31,56,320,2.8
El Puente,2026-10-05 21:00:00,20,0.0,31,56,330,2.0
El Puente,2026-10-05 21:00:00,23,0.0,28,56,339,1.2
El Puente,2026-10-05 21:00:00,26,0.0,26,56,349,1.2
El Puente,2026-10-05 21:00:00,29,0.0,23,36,354,1.2
El Puente,2026-10-05 21:00:00,32,0.0,23,36,9,2.9
El Puente,2026-10-05 21:00:00,35,0.0,26,36,359,3.4
El Puente,2026-10-05 21:00:00,38,0.0,29,36,339,3.6
El Puente,2026-10-05 21:00:00,41,0.0,33,36,310,3.9
El Puente,2026-10-05 21:00:00,44,0.0,33,36,340,3.4
El Puente,2026-10-05 21:00:00,47,0.0,31,37,10,2.8
El Puente,2026-10-05 21:00:00,50,0.0,27,36,10,2.4
El Puente,2026-10-05 21:00:00,53,0.0,22,36,360,2.1
El Puente,2026-10-05 21:00:00,56,0.0,22,26,10,2.6
El Puente,2026-10-05 21:00:00,59,0.0,28,26,10,2.4
El Puente,2026-10-05 21:00:00,62,0.0,32,25,359,3.4
El Puente,2026-10-05 21:00:00,65,0.0,34,25,339,4.4
El Puente,2026-10-05 21:00:00,68,0.0,34,26,349,3.2
El Puente,2026-10-05 21:00:00,71,0.0,33,36,359,2.0
El Puente,2026-10-05 21:00:00,74,0.0,24,36,9,2.2
El Puente,2026-10-05 21:00:00,77,0.0,21,56,9,2.3
El Puente,2026-10-05 21:00:00,80,0.0,21,56,352,2.0
El Puente,2026-10-05 21:00:00,83,0.0,24,56,349,2.6
El Puente,2026-10-05 21:00:00,86,0.0,26,56,348,1.9
El Puente,2026-10-05 21:00:00,89,1.8,31,84,341,1.2
El Puente,2026-10-05 21:00:00,92,2.1,31,83,20,1.2
El Puente,2026-10-05 21:00:00,95,1.4,28,90,56,1.1
El Puente,2026-10-05 21:00:00,98,2.7,26,89,114,1.4
El Puente,2026-10-05 21:00:00,101,2.0,26,89,170,1.6
El Villar,2026-10-05 21:00:00,2,1.5,15,89,105,1.2
El Villar,2026-10-05 21:00:00,5,0.0,12,35,87,1.0
El Villar,2026-10-05 21:00:00,8,0.0,12,36,57,1.1
El Villar,2026-10-05 21:00:00,11,0.0,16,36,23,1.4
El Villar,2026-10-05 21:00:00,14,0.0,20,36,55,2.4
El Villar,2026-10-05 21:00:00,17,0.0,23,56,77,3.2
El Villar,2026-10-05 21:00:00,20,0.0,23,56,89,2.2
El Villar,2026-10-05 21:00:00,23,0.0,21,36,100,1.1
El Villar,2026-10-05 21:00:00,26,0.0,16,36,48,1.0
El Villar,2026-10-05 21:00:00,29,0.0,14,36,350,0.8
El Villar,2026-10-05 21:00:00,32,0.0,14,26,308,1.6
El Villar,2026-10-05 21:00:00,35,0.0,17,26,315,1.7
El Villar,2026-10-05 21:00:00,38,0.0,21,26,14,2.8
El Villar,2026-10-05 21:00:00,41,0.0,28,26,64,4.0
El Villar,2026-10-05 21:00:00,44,0.0,28,26,58,2.6
El Villar,2026-10-05 21:00:00,47,0.0,23,26,251,1.2
El Villar,2026-10-05 21:00:00,50,0.0,18,26,262,1.2
El Villar,2026-10-05 21:00:00,53,0.0,14,26,271,1.2
El Villar,2026-10-05 21:00:00,56,0.0,14,26,318,1.6
El Villar,2026-10-05 21:00:00,59,0.0,16,26,345,1.4
El Villar,2026-10-05 21:00:00,62,0.0,21,26,35,3.3
El Villar,2026-10-05 21:00:00,65,0.0,28,36,74,5.0
El Villar,2026-10-05 21:00:00,68,0.0,28,36,122,4.1
El Villar,2026-10-05 21:00:00,71,1.6,23,84,162,3.1
El Villar,2026-10-05 21:00:00,74,1.8,20,84,227,2.0
El Villar,2026-10-05 21:00:00,77,0.0,16,56,293,0.8
El Villar,2026-10-05 21:00:00,80,0.0,16,56,352,1.2
El Villar,2026-10-05 21:00:00,83,0.0,19,56,55,1.5
El Villar,2026-10-05 21:00:00,86,0.0,22,56,74,2.6
El Villar,2026-10-05 21:00:00,89,2.5,24,84,84,3.7
El Villar,2026-10-05 21:00:00,92,2.3,24,84,69,2.3
El Villar,2026-10-05 21:00:00,95,2.1,22,88,44,1.0
El Villar,2026-10-05 21:00:00,98,2.1,21,90,57,1.0
El Villar,2026-10-05 21:00:00,101,2.6,20,88,69,0.9
Filadelfia - PD,2026-10-05 21:00:00,2,0.0,26,26,320,1.4
Filadelfia - PD,2026-10-05 21:00:00,5,0.0,23,36,330,1.1
Filadelfia - PD,2026-10-05 21:00:00,8,0.0,23,37,321,1.8
Filadelfia - PD,2026-10-05 21:00:00,11,0.0,28,35,320,2.1
Filadelfia - PD,2026-10-05 21:00:00,14,0.0,30,36,330,2.2
Filadelfia - PD,2026-10-05 21:00:00,17,0.0,33,55,332,2.2
Filadelfia - PD,2026-10-05 21:00:00,20,0.0,33,56,360,1.6
Filadelfia - PD,2026-10-05 21:00:00,23,0.0,32,56,18,1.0
Filadelfia - PD,2026-10-05 21:00:00,26,0.0,28,56,348,1.2
Filadelfia - PD,2026-10-05 21:00:00,29,0.0,22,36,310,1.4
Filadelfia - PD,2026-10-05 21:00:00,32,0.0,22,36,340,1.7
Filadelfia - PD,2026-10-05 21:00:00,35,0.0,28,37,330,2.3
Filadelfia - PD,2026-10-05 21:00:00,38,0.0,31,36,333,2.4
Filadelfia - PD,2026-10-05 21:00:00,41,0.0,32,57,333,2.5
Filadelfia - PD,2026-10-05 21:00:00,44,0.0,32,57,340,1.9
Filadelfia - PD,2026-10-05 21:00:00,47,0.0,31,56,340,1.3
Filadelfia - PD,2026-10-05 21:00:00,50,0.0,26,56,330,1.2
Filadelfia - PD,2026-10-05 21:00:00,53,0.0,22,57,320,1.1
Filadelfia - PD,2026-10-05 21:00:00,56,0.0,22,57,340,1.6
Filadelfia - PD,2026-10-05 21:00:00,59,0.0,26,56,340,2.1
Filadelfia - PD,2026-10-05 21:00:00,62,0.0,29,56,331,2.2
Filadelfia - PD,2026-10-05 21:00:00,65,0.0,33,56,321,2.3
Filadelfia - PD,2026-10-05 21:00:00,68,0.0,33,56,331,1.9
Filadelfia - PD,2026-10-05 21:00:00,71,0.0,31,55,340,1.5
Filadelfia - PD,2026-10-05 21:00:00,74,0.0,24,56,360,1.2
Filadelfia - PD,2026-10-05 21:00:00,77,0.0,23,36,10,0.9
Filadelfia - PD,2026-10-05 21:00:00,80,0.0,23,37,339,1.8
Filadelfia - PD,2026-10-05 21:00:00,83,0.0,25,37,350,2.2
Filadelfia - PD,2026-10-05 21:00:00,86,0.0,28,36,340,2.0
Filadelfia - PD,2026-10-05 21:00:00,89,0.0,32,36,320,1.7
Filadelfia - PD,2026-10-05 21:00:00,92,0.0,32,36,310,1.3
Filadelfia - PD,2026-10-05 21:00:00,95,0.0,29,56,299,0.8
Filadelfia - PD,2026-10-05 21:00:00,98,0.0,28,56,301,0.6
Filadelfia - PD,2026-10-05 21:00:00,101,0.0,27,57,119,0.4
Guayaramerin,2026-10-05 21:00:00,2,0.0,28,36,40,1.5
Guayaramerin,2026-10-05 21:00:00,5,0.0,25,36,20,1.4
Guayaramerin,2026-10-05 21:00:00,8,0.0,25,36,30,1.9
Guayaramerin,2026-10-05 21:00:00,11,0.0,28,36,30,2.3
Guayaramerin,2026-10-05 21:00:00,14,0.0,33,36,10,2.3
Guayaramerin,2026-10-05 21:00:00,17,0.0,36,56,340,2.3
Guayaramerin,2026-10-05 21:00:00,20,0.0,36,56,348,1.5
Guayaramerin,2026-10-05 21:00:00,23,0.0,32,37,346,0.6
Guayaramerin,2026-10-05 21:00:00,26,0.0,29,37,8,1.0
Guayaramerin,2026-10-05 21:00:00,29,0.0,24,36,21,1.4
Guayaramerin,2026-10-05 21:00:00,32,0.0,24,37,40,2.0
Guayaramerin,2026-10-05 21:00:00,35,0.0,29,36,30,2.6
Guayaramerin,2026-10-05 21:00:00,38,0.0,34,36,8,2.3
Guayaramerin,2026-10-05 21:00:00,41,0.0,35,56,338,1.9
Guayaramerin,2026-10-05 21:00:00,44,0.0,35,56,10,1.9
Guayaramerin,2026-10-05 21:00:00,47,0.0,33,37,43,1.9
Guayaramerin,2026-10-05 21:00:00,50,0.0,29,36,33,1.6
Guayaramerin,2026-10-05 21:00:00,53,0.0,25,36,20,1.4
Guayaramerin,2026-10-05 21:00:00,56,0.0,25,36,14,1.9
Guayaramerin,2026-10-05 21:00:00,59,0.0,29,36,10,2.4
Guayaramerin,2026-10-05 21:00:00,62,0.0,34,36,348,2.0
Guayaramerin,2026-10-05 21:00:00,65,0.0,36,56,318,1.6
Guayaramerin,2026-10-05 21:00:00,68,0.0,36,56,10,1.5
Guayaramerin,2026-10-05 21:00:00,71,0.0,29,56,53,1.3
Guayaramerin,2026-10-05 21:00:00,74,0.0,26,56,33,2.0
Guayaramerin,2026-10-05 21:00:00,77,0.0,25,56,10,2.6
Guayaramerin,2026-10-05 21:00:00,80,0.0,25,56,358,1.3
Guayaramerin,2026-10-05 21:00:00,83,0.0,27,56,340,1.3
Guayaramerin,2026-10-05 21:00:00,86,0.0,31,56,333,1.6
Guayaramerin,2026-10-05 21:00:00,89,1.5,34,84,317,1.9
Guayaramerin,2026-10-05 21:00:00,92,2.7,35,84,3,1.9
Guayaramerin,2026-10-05 21:00:00,95,1.4,33,88,40,1.7
Guayaramerin,2026-10-05 21:00:00,98,2.8,32,89,358,1.5
Guayaramerin,2026-10-05 21:00:00,101,1.7,31,89,316,1.3
Guayaramerin_M (GPRS),2026-10-05 21:00:00,2,0.0,28,35,30,1.5
Guayaramerin_M (GPRS),2026-10-05 21:00:00,5,0.0,24,37,10,1.4
Guayaramerin_M (GPRS),2026-10-05 21:00:00,8,0.0,24,36,19,2.0
Guayaramerin_M (GPRS),2026-10-05 21:00:00,11,0.0,27,37,20,2.5
Guayaramerin_M (GPRS),2026-10-05 21:00:00,14,0.0,32,37,360,2.3
Guayaramerin_M (GPRS),2026-10-05 21:00:00,17,0.0,35,56,339,2.2
Guayaramerin_M (GPRS),2026-10-05 21:00:00,20,0.0,35,56,349,1.5
Guayaramerin_M (GPRS),2026-10-05 21:00:00,23,0.0,32,36,359,0.7
Guayaramerin_M (GPRS),2026-10-05 21:00:00,26,0.0,30,37,9,1.0
Guayaramerin_M (GPRS),2026-10-05 21:00:00,29,0.0,23,36,19,1.3
Guayaramerin_M (GPRS),2026-10-05 21:00:00,32,0.0,23,37,29,1.8
Guayaramerin_M (GPRS),2026-10-05 21:00:00,35,0.0,29,35,20,2.5
Guayaramerin_M (GPRS),2026-10-05 21:00:00,38,0.0,34,37,360,2.3
Guayaramerin_M (GPRS),2026-10-05 21:00:00,41,0.0,34,56,332,2.0
Guayaramerin_M (GPRS),2026-10-05 21:00:00,44,0.0,34,56,2,1.8
Guayaramerin_M (GPRS),2026-10-05 21:00:00,47,0.0,34,37,31,1.5
Guayaramerin_M (GPRS),2026-10-05 21:00:00,50,0.0,30,37,21,1.5
Guayaramerin_M (GPRS),2026-10-05 21:00:00,53,0.0,24,36,10,1.4
Guayaramerin_M (GPRS),2026-10-05 21:00:00,56,0.0,24,37,10,1.9
Guayaramerin_M (GPRS),2026-10-05 21:00:00,59,0.0,30,35,359,2.4
Guayaramerin_M (GPRS),2026-10-05 21:00:00,62,0.0,32,36,339,2.1
Guayaramerin_M (GPRS),2026-10-05 21:00:00,65,0.0,35,56,319,1.8
Guayaramerin_M (GPRS),2026-10-05 21:00:00,68,0.0,35,57,11,1.5
Guayaramerin_M (GPRS),2026-10-05 21:00:00,71,0.0,30,57,62,1.1
Guayaramerin_M (GPRS),2026-10-05 21:00:00,74,0.0,27,56,40,1.8
Guayaramerin_M (GPRS),2026-10-05 21:00:00,77,0.0,24,56,9,2.5
Guayaramerin_M (GPRS),2026-10-05 21:00:00,80,0.0,24,55,340,1.4
Guayaramerin_M (GPRS),2026-10-05 21:00:00,83,0.0,29,55,330,1.6
Guayaramerin_M (GPRS),2026-10-05 21:00:00,86,0.0,29,55,309,1.8
Guayaramerin_M (GPRS),2026-10-05 21:00:00,89,1.1,34,84,280,2.0
Guayaramerin_M (GPRS),2026-10-05 21:00:00,92,2.5,34,84,211,1.8
Guayaramerin_M (GPRS),2026-10-05 21:00:00,95,1.1,32,90,141,1.6
Guayaramerin_M (GPRS),2026-10-05 21:00:00,98,2.5,31,89,139,1.7
Guayaramerin_M (GPRS),2026-10-05 21:00:00,101,0.8,30,89,321,1.8
Incapampa,2026-10-05 21:00:00,2,2.7,19,84,220,1.9
Incapampa,2026-10-05 21:00:00,5,0.0,14,36,206,2.7
Incapampa,2026-10-05 21:00:00,8,0.0,14,36,158,1.6
Incapampa,2026-10-05 21:00:00,11,0.0,19,36,95,0.7
Incapampa,2026-10-05 21:00:00,14,0.0,23,36,51,1.9
Incapampa,2026-10-05 21:00:00,17,0.0,29,56,360,3.0
Incapampa,2026-10-05 21:00:00,20,0.0,29,56,301,2.3
Incapampa,2026-10-05 21:00:00,23,1.8,25,89,232,1.6
Incapampa,2026-10-05 21:00:00,26,1.8,21,89,218,1.7
Incapampa,2026-10-05 21:00:00,29,0.0,15,36,204,1.8
Incapampa,2026-10-05 21:00:00,32,0.0,15,36,151,1.3
Incapampa,2026-10-05 21:00:00,35,0.0,19,36,87,0.7
Incapampa,2026-10-05 21:00:00,38,0.0,22,36,46,1.6
Incapampa,2026-10-05 21:00:00,41,0.0,30,36,1,2.5
Incapampa,2026-10-05 21:00:00,44,0.0,30,36,294,2.2
Incapampa,2026-10-05 21:00:00,47,1.8,25,90,222,1.9
Incapampa,2026-10-05 21:00:00,50,2.1,20,89,218,2.1
Incapampa,2026-10-05 21:00:00,53,0.0,16,36,209,2.2
Incapampa,2026-10-05 21:00:00,56,0.0,16,36,170,1.0
Incapampa,2026-10-05 21:00:00,59,0.0,19,36,133,0.3
Incapampa,2026-10-05 21:00:00,62,0.0,23,36,67,1.0
Incapampa,2026-10-05 21:00:00,65,0.0,30,56,359,1.8
Incapampa,2026-10-05 21:00:00,68,0.0,30,56,295,1.8
Incapampa,2026-10-05 21:00:00,71,0.0,25,56,225,1.7
Incapampa,2026-10-05 21:00:00,74,0.0,19,56,220,1.8
Incapampa,2026-10-05 21:00:00,77,0.0,16,56,206,1.8
Incapampa,2026-10-05 21:00:00,80,0.0,16,57,168,1.2
Incapampa,2026-10-05 21:00:00,83,0.0,19,56,122,0.6
Incapampa,2026-10-05 21:00:00,86,0.0,20,56,90,0.7
Incapampa,2026-10-05 21:00:00,89,0.0,30,57,55,0.7
Incapampa,2026-10-05 21:00:00,92,0.0,30,55,134,1.3
Incapampa,2026-10-05 21:00:00,95,0.0,27,55,209,1.9
Incapampa,2026-10-05 21:00:00,98,0.0,25,56,209,1.9
Incapampa,2026-10-05 21:00:00,101,0.0,24,57,204,1.9
Ixiamas,2026-10-05 21:00:00,2,0.0,24,36,279,1.5
Ixiamas,2026-10-05 21:00:00,5,0.0,20,36,279,1.3
Ixiamas,2026-10-05 21:00:00,8,0.0,20,36,296,1.5
Ixiamas,2026-10-05 21:00:00,11,0.0,23,36,299,1.6
Ixiamas,2026-10-05 21:00:00,14,0.0,25,35,317,2.7
Ixiamas,2026-10-05 21:00:00,17,0.0,29,56,328,3.8
Ixiamas,2026-10-05 21:00:00,20,0.0,29,55,306,2.5
Ixiamas,2026-10-05 21:00:00,23,0.0,25,35,274,1.1
Ixiamas,2026-10-05 21:00:00,26,0.0,23,35,313,0.9
Ixiamas,2026-10-05 21:00:00,29,0.0,21,36,344,0.8
Ixiamas,2026-10-05 21:00:00,32,0.0,21,36,286,1.2
Ixiamas,2026-10-05 21:00:00,35,0.0,24,36,315,1.2
Ixiamas,2026-10-05 21:00:00,38,0.0,27,36,317,2.4
Ixiamas,2026-10-05 21:00:00,41,0.0,29,57,320,3.6
Ixiamas,2026-10-05 21:00:00,44,0.0,29,56,289,2.6
Ixiamas,2026-10-05 21:00:00,47,0.0,27,36,248,1.6
Ixiamas,2026-10-05 21:00:00,50,0.0,24,36,248,1.5
Ixiamas,2026-10-05 21:00:00,53,0.0,21,36,248,1.4
Ixiamas,2026-10-05 21:00:00,56,0.0,21,37,259,1.5
Ixiamas,2026-10-05 21:00:00,59,0.0,24,36,279,1.4
Ixiamas,2026-10-05 21:00:00,62,0.0,26,36,298,2.5
Ixiamas,2026-10-05 21:00:00,65,0.0,30,56,308,3.4
Ixiamas,2026-10-05 21:00:00,68,0.0,30,57,278,2.5
Ixiamas,2026-10-05 21:00:00,71,0.0,26,36,248,1.5
Ixiamas,2026-10-05 21:00:00,74,0.0,25,36,248,1.3
Ixiamas,2026-10-05 21:00:00,77,0.0,22,36,238,1.0
Ixiamas,2026-10-05 21:00:00,80,0.0,22,36,279,1.3
Ixiamas,2026-10-05 21:00:00,83,0.0,24,35,289,1.2
Ixiamas,2026-10-05 21:00:00,86,0.0,26,36,300,2.3
Ixiamas,2026-10-05 21:00:00,89,0.0,31,36,311,3.3
Ixiamas,2026-10-05 21:00:00,92,0.0,31,36,305,2.3
Ixiamas,2026-10-05 21:00:00,95,0.0,29,57,291,1.3
Ixiamas,2026-10-05 21:00:00,98,0.0,25,56,237,0.9
Ixiamas,2026-10-05 21:00:00,101,0.0,22,56,183,0.5
Jesús de Machaca,2026-10-05 21:00:00,2,0.0,3,25,170,4.4
Jesús de Machaca,2026-10-05 21:00:00,5,0.0,-4,26,120,3.0
Jesús de Machaca,2026-10-05 21:00:00,8,0.0,-5,26,180,1.7
Jesús de Machaca,2026-10-05 21:00:00,11,0.0,4,25,253,0.9
Jesús de Machaca,2026-10-05 21:00:00,14,0.0,11,26,300,3.0
Jesús de Machaca,2026-10-05 21:00:00,17,0.0,18,36,338,5.0
Jesús de Machaca,2026-10-05 21:00:00,20,0.0,18,36,343,3.8
Jesús de Machaca,2026-10-05 21:00:00,23,0.0,12,37,341,2.6
Jesús de Machaca,2026-10-05 21:00:00,26,0.0,4,36,10,1.8
Jesús de Machaca,2026-10-05 21:00:00,29,0.0,-4,37,29,0.9
Jesús de Machaca,2026-10-05 21:00:00,32,0.0,-3,26,208,1.3
Jesús de Machaca,2026-10-05 21:00:00,35,0.0,0,26,268,0.4
Jesús de Machaca,2026-10-05 21:00:00,38,0.0,8,26,295,2.1
Jesús de Machaca,2026-10-05 21:00:00,41,0.0,18,56,316,3.8
Jesús de Machaca,2026-10-05 21:00:00,44,0.0,18,57,40,3.4
Jesús de Machaca,2026-10-05 21:00:00,47,0.0,12,36,116,3.1
Jesús de Machaca,2026-10-05 21:00:00,50,0.0,5,37,57,2.6
Jesús de Machaca,2026-10-05 21:00:00,53,0.0,-5,36,352,2.1
Jesús de Machaca,2026-10-05 21:00:00,56,0.0,-5,36,58,1.6
Jesús de Machaca,2026-10-05 21:00:00,59,0.0,-1,37,5,2.0
Jesús de Machaca,2026-10-05 21:00:00,62,0.0,9,36,360,4.9
Jesús de Machaca,2026-10-05 21:00:00,65,0.0,18,56,348,7.7
Jesús de Machaca,2026-10-05 21:00:00,68,0.0,18,57,355,5.1
Jesús de Machaca,2026-10-05 21:00:00,71,0.0,11,36,358,2.5
Jesús de Machaca,2026-10-05 21:00:00,74,0.0,-1,37,352,1.9
Jesús de Machaca,2026-10-05 21:00:00,77,0.0,-4,37,344,1.3
Jesús de Machaca,2026-10-05 21:00:00,80,0.0,-4,37,353,1.7
Jesús de Machaca,2026-10-05 21:00:00,83,0.0,9,36,340,1.5
Jesús de Machaca,2026-10-05 21:00:00,86,0.0,13,37,345,4.7
Jesús de Machaca,2026-10-05 21:00:00,89,1.3,18,76,345,7.8
Jesús de Machaca,2026-10-05 21:00:00,92,3.4,18,76,280,6.3
Jesús de Machaca,2026-10-05 21:00:00,95,3.4,16,76,205,4.9
Jesús de Machaca,2026-10-05 21:00:00,98,2.7,13,76,184,3.4
Jesús de Machaca,2026-10-05 21:00:00,101,1.5,12,77,154,2.0
Kocani,2026-10-05 21:00:00,2,0.0,2,26,281,7.0
Kocani,2026-10-05 21:00:00,5,0.0,-6,26,294,4.7
Kocani,2026-10-05 21:00:00,8,0.0,-6,26,295,4.6
Kocani,2026-10-05 21:00:00,11,0.0,4,26,314,4.7
Kocani,2026-10-05 21:00:00,14,0.0,9,26,304,6.2
Kocani,2026-10-05 21:00:00,17,0.0,16,26,291,7.7
Kocani,2026-10-05 21:00:00,20,0.0,16,26,277,7.2
Kocani,2026-10-05 21:00:00,23,0.0,12,26,258,6.7
Kocani,2026-10-05 21:00:00,26,0.0,7,26,297,4.6
Kocani,2026-10-05 21:00:00,29,0.0,-7,26,327,2.5
Kocani,2026-10-05 21:00:00,32,0.0,-7,26,311,2.4
Kocani,2026-10-05 21:00:00,35,0.0,4,26,317,2.5
Kocani,2026-10-05 21:00:00,38,0.0,10,26,304,5.1
Kocani,2026-10-05 21:00:00,41,0.0,17,26,291,7.7
Kocani,2026-10-05 21:00:00,44,0.0,17,26,290,7.4
Kocani,2026-10-05 21:00:00,47,0.0,10,26,280,7.1
Kocani,2026-10-05 21:00:00,50,0.0,5,26,319,4.7
Kocani,2026-10-05 21:00:00,53,0.0,-7,26,352,2.3
Kocani,2026-10-05 21:00:00,56,0.0,-7,26,337,1.6
Kocani,2026-10-05 21:00:00,59,0.0,5,26,309,1.5
Kocani,2026-10-05 21:00:00,62,0.0,9,26,314,5.8
Kocani,2026-10-05 21:00:00,65,0.0,17,26,314,10.1
Kocani,2026-10-05 21:00:00,68,0.0,17,27,303,9.5
Kocani,2026-10-05 21:00:00,71,0.0,10,27,289,9.0
Kocani,2026-10-05 21:00:00,74,0.0,-2,26,314,6.8
Kocani,2026-10-05 21:00:00,77,0.0,-6,26,335,4.7
Kocani,2026-10-05 21:00:00,80,0.0,-6,26,340,4.2
Kocani,2026-10-05 21:00:00,83,0.0,5,26,329,4.9
Kocani,2026-10-05 21:00:00,86,0.0,10,26,320,9.3
Kocani,2026-10-05 21:00:00,89,0.0,17,26,307,13.8
Kocani,2026-10-05 21:00:00,92,0.0,17,26,287,10.2
Kocani,2026-10-05 21:00:00,95,0.0,14,26,261,6.6
Kocani,2026-10-05 21:00:00,98,0.0,12,26,247,4.5
Kocani,2026-10-05 21:00:00,101,0.0,12,26,227,2.5
La Paz - Centro,2026-10-05 21:00:00,2,0.0,12,26,326,2.4
La Paz - Centro,2026-10-05 21:00:00,5,0.0,6,26,268,1.9
La Paz - Centro,2026-10-05 21:00:00,8,0.0,6,26,252,1.4
La Paz - Centro,2026-10-05 21:00:00,11,0.0,11,26,61,0.8
La Paz - Centro,2026-10-05 21:00:00,14,0.0,16,26,58,2.5
La Paz - Centro,2026-10-05 21:00:00,17,0.0,23,36,54,4.3
La Paz - Centro,2026-10-05 21:00:00,20,0.0,23,36,47,4.0
La Paz - Centro,2026-10-05 21:00:00,23,0.0,17,36,38,3.6
La Paz - Centro,2026-10-05 21:00:00,26,0.0,12,36,39,2.3
La Paz - Centro,2026-10-05 21:00:00,29,0.0,7,36,39,0.9
La Paz - Centro,2026-10-05 21:00:00,32,0.0,7,26,344,0.8
La Paz - Centro,2026-10-05 21:00:00,35,0.0,12,26,45,0.9
La Paz - Centro,2026-10-05 21:00:00,38,0.0,16,26,51,2.6
La Paz - Centro,2026-10-05 21:00:00,41,0.0,24,56,49,4.3
La Paz - Centro,2026-10-05 21:00:00,44,0.0,24,56,42,4.0
La Paz - Centro,2026-10-05 21:00:00,47,0.0,19,36,32,3.6
La Paz - Centro,2026-10-05 21:00:00,50,0.0,14,36,35,2.3
La Paz - Centro,2026-10-05 21:00:00,53,0.0,7,36,30,1.0
La Paz - Centro,2026-10-05 21:00:00,56,0.0,7,36,49,1.0
La Paz - Centro,2026-10-05 21:00:00,59,0.0,11,36,55,1.2
La Paz - Centro,2026-10-05 21:00:00,62,0.0,16,36,57,3.2
La Paz - Centro,2026-10-05 21:00:00,65,0.0,24,56,52,5.0
La Paz - Centro,2026-10-05 21:00:00,68,0.0,24,56,42,4.1
La Paz - Centro,2026-10-05 21:00:00,71,0.0,16,36,28,3.2
La Paz - Centro,2026-10-05 21:00:00,74,0.0,10,36,63,2.4
La Paz - Centro,2026-10-05 21:00:00,77,0.0,7,36,91,1.4
La Paz - Centro,2026-10-05 21:00:00,80,0.0,7,36,57,1.5
La Paz - Centro,2026-10-05 21:00:00,83,0.0,11,36,70,1.2
La Paz - Centro,2026-10-05 21:00:00,86,0.0,15,36,64,3.6
La Paz - Centro,2026-10-05 21:00:00,89,1.9,24,76,52,5.9
La Paz - Centro,2026-10-05 21:00:00,92,1.5,24,76,52,4.5
La Paz - Centro,2026-10-05 21:00:00,95,1.5,22,76,45,3.2
La Paz - Centro,2026-10-05 21:00:00,98,2.4,20,76,40,2.0
La Paz - Centro,2026-10-05 21:00:00,101,3.3,19,76,27,0.8
Laguna Colorada (GPRS),2026-10-05 21:00:00,2,0.0,3,26,273,3.5
Laguna Colorada (GPRS),2026-10-05 21:00:00,5,0.0,-1,26,280,3.2
Laguna Colorada (GPRS),2026-10-05 21:00:00,8,0.0,-1,26,278,2.5
Laguna Colorada (GPRS),2026-10-05 21:00:00,11,0.0,1,26,282,2.2
Laguna Colorada (GPRS),2026-10-05 21:00:00,14,0.0,5,25,275,6.2
Laguna Colorada (GPRS),2026-10-05 21:00:00,17,0.0,9,26,260,10.1
Laguna Colorada (GPRS),2026-10-05 21:00:00,20,0.0,9,26,253,7.0
Laguna Colorada (GPRS),2026-10-05 21:00:00,23,0.0,6,26,243,3.9
Laguna Colorada (GPRS),2026-10-05 21:00:00,26,0.0,2,26,260,3.1
Laguna Colorada (GPRS),2026-10-05 21:00:00,29,0.0,-2,26,271,2.3
Laguna Colorada (GPRS),2026-10-05 21:00:00,32,0.0,-2,26,271,2.2
Laguna Colorada (GPRS),2026-10-05 21:00:00,35,0.0,2,26,287,2.2
Laguna Colorada (GPRS),2026-10-05 21:00:00,38,0.0,5,26,278,6.5
Laguna Colorada (GPRS),2026-10-05 21:00:00,41,0.0,10,26,260,10.8
Laguna Colorada (GPRS),2026-10-05 21:00:00,44,0.0,10,26,263,7.1
Laguna Colorada (GPRS),2026-10-05 21:00:00,47,0.0,6,26,263,3.3
Laguna Colorada (GPRS),2026-10-05 21:00:00,50,0.0,2,26,280,2.6
Laguna Colorada (GPRS),2026-10-05 21:00:00,53,0.0,-2,26,288,1.9
Laguna Colorada (GPRS),2026-10-05 21:00:00,56,0.0,-2,26,315,1.6
Laguna Colorada (GPRS),2026-10-05 21:00:00,59,0.0,1,26,327,1.5
Laguna Colorada (GPRS),2026-10-05 21:00:00,62,0.0,4,26,301,6.0
Laguna Colorada (GPRS),2026-10-05 21:00:00,65,0.0,10,26,273,10.5
Laguna Colorada (GPRS),2026-10-05 21:00:00,68,0.0,10,26,263,7.3
Laguna Colorada (GPRS),2026-10-05 21:00:00,71,0.0,4,26,243,4.2
Laguna Colorada (GPRS),2026-10-05 21:00:00,74,0.0,0,27,266,2.9
Laguna Colorada (GPRS),2026-10-05 21:00:00,77,0.0,-1,26,286,1.6
Laguna Colorada (GPRS),2026-10-05 21:00:00,80,0.0,-1,26,281,3.0
Laguna Colorada (GPRS),2026-10-05 21:00:00,83,0.0,0,26,291,3.6
Laguna Colorada (GPRS),2026-10-05 21:00:00,86,0.0,3,26,281,7.2
Laguna Colorada (GPRS),2026-10-05 21:00:00,89,0.0,9,26,261,10.8
Laguna Colorada (GPRS),2026-10-05 21:00:00,92,0.0,9,26,236,6.4
Laguna Colorada (GPRS),2026-10-05 21:00:00,95,0.0,7,26,208,1.9
Laguna Colorada (GPRS),2026-10-05 21:00:00,98,0.0,5,26,243,2.2
Laguna Colorada (GPRS),2026-10-05 21:00:00,101,0.0,4,26,274,2.6
Magdalena,2026-10-05 21:00:00,2,0.0,26,56,10,5.0
Magdalena,2026-10-05 21:00:00,5,0.0,25,56,350,4.2
Magdalena,2026-10-05 21:00:00,8,0.0,25,56,10,3.8
Magdalena,2026-10-05 21:00:00,11,0.0,27,56,360,4.2
Magdalena,2026-10-05 21:00:00,14,0.0,30,56,357,4.5
Magdalena,2026-10-05 21:00:00,17,0.0,35,56,351,4.6
Magdalena,2026-10-05 21:00:00,20,0.0,35,56,4,3.8
Magdalena,2026-10-05 21:00:00,23,0.0,31,56,10,3.0
Magdalena,2026-10-05 21:00:00,26,0.0,28,56,20,3.5
Magdalena,2026-10-05 21:00:00,29,0.0,26,36,30,4.0
Magdalena,2026-10-05 21:00:00,32,0.0,26,36,20,3.8
Magdalena,2026-10-05 21:00:00,35,0.0,28,36,7,4.4
Magdalena,2026-10-05 21:00:00,38,0.0,33,36,335,4.2
Magdalena,2026-10-05 21:00:00,41,0.0,36,36,295,4.0
Magdalena,2026-10-05 21:00:00,44,0.0,36,36,335,4.4
Magdalena,2026-10-05 21:00:00,47,0.0,33,56,10,4.7
Magdalena,2026-10-05 21:00:00,50,0.0,29,56,10,4.3
Magdalena,2026-10-05 21:00:00,53,0.0,26,56,7,3.7
Magdalena,2026-10-05 21:00:00,56,0.0,26,56,10,4.2
Magdalena,2026-10-05 21:00:00,59,0.0,29,56,353,4.3
Magdalena,2026-10-05 21:00:00,62,0.0,34,56,330,4.7
Magdalena,2026-10-05 21:00:00,65,0.0,37,55,304,5.1
Magdalena,2026-10-05 21:00:00,68,0.0,37,56,330,4.7
Magdalena,2026-10-05 21:00:00,71,0.0,32,36,356,4.4
Magdalena,2026-10-05 21:00:00,74,0.0,27,36,6,4.3
Magdalena,2026-10-05 21:00:00,77,0.0,25,36,10,4.2
Magdalena,2026-10-05 21:00:00,80,0.0,25,56,340,3.3
Magdalena,2026-10-05 21:00:00,83,0.0,28,56,320,3.8
Magdalena,2026-10-05 21:00:00,86,0.0,29,56,308,3.6
Magdalena,2026-10-05 21:00:00,89,0.0,35,56,295,3.5
Magdalena,2026-10-05 21:00:00,92,0.0,35,56,338,3.6
Magdalena,2026-10-05 21:00:00,95,2.1,32,84,20,3.6
Magdalena,2026-10-05 21:00:00,98,1.7,30,84,38,2.7
Magdalena,2026-10-05 21:00:00,101,2.7,29,84,48,1.6
Mecapaca,2026-10-05 21:00:00,2,0.0,14,26,244,2.8
Mecapaca,2026-10-05 21:00:00,5,0.0,8,26,282,2.1
Mecapaca,2026-10-05 21:00:00,8,0.0,8,26,275,2.3
Mecapaca,2026-10-05 21:00:00,11,0.0,12,26,255,1.6
Mecapaca,2026-10-05 21:00:00,14,0.0,16,27,175,1.9
Mecapaca,2026-10-05 21:00:00,17,0.0,27,36,94,2.3
Mecapaca,2026-10-05 21:00:00,20,0.0,27,36,83,2.8
Mecapaca,2026-10-05 21:00:00,23,0.0,19,36,63,3.3
Mecapaca,2026-10-05 21:00:00,26,0.0,16,36,85,2.3
Mecapaca,2026-10-05 21:00:00,29,0.0,8,36,105,1.2
Mecapaca,2026-10-05 21:00:00,32,0.0,8,26,242,1.0
Mecapaca,2026-10-05 21:00:00,35,0.0,14,26,291,1.0
Mecapaca,2026-10-05 21:00:00,38,0.0,17,27,338,2.2
Mecapaca,2026-10-05 21:00:00,41,0.0,27,56,98,3.4
Mecapaca,2026-10-05 21:00:00,44,0.0,27,56,78,3.6
Mecapaca,2026-10-05 21:00:00,47,0.0,21,36,53,3.9
Mecapaca,2026-10-05 21:00:00,50,0.0,16,36,78,2.8
Mecapaca,2026-10-05 21:00:00,53,0.0,8,36,93,1.6
Mecapaca,2026-10-05 21:00:00,56,0.0,8,36,94,1.1
Mecapaca,2026-10-05 21:00:00,59,0.0,15,36,80,0.9
Mecapaca,2026-10-05 21:00:00,62,0.0,20,36,80,3.0
Mecapaca,2026-10-05 21:00:00,65,0.0,27,56,70,5.1
Mecapaca,2026-10-05 21:00:00,68,0.0,27,57,69,4.6
Mecapaca,2026-10-05 21:00:00,71,0.0,16,36,68,3.9
Mecapaca,2026-10-05 21:00:00,74,0.0,11,36,78,2.9
Mecapaca,2026-10-05 21:00:00,77,0.0,8,36,83,2.0
Mecapaca,2026-10-05 21:00:00,80,0.0,6,36,78,1.6
Mecapaca,2026-10-05 21:00:00,83,0.0,10,36,80,1.1
Mecapaca,2026-10-05 21:00:00,86,0.0,14,36,75,2.6
Mecapaca,2026-10-05 21:00:00,89,1.7,26,76,65,4.2
Mecapaca,2026-10-05 21:00:00,92,1.6,26,76,73,3.9
Mecapaca,2026-10-05 21:00:00,95,1.6,23,76,78,3.5
Mecapaca,2026-10-05 21:00:00,98,3.2,22,76,93,2.4
Mecapaca,2026-10-05 21:00:00,101,1.8,21,76,98,1.4
Misicuni-Sivingani,2026-10-05 21:00:00,2,2.6,4,89,254,4.2
Misicuni-Sivingani,2026-10-05 21:00:00,5,0.0,-2,27,210,2.7
Misicuni-Sivingani,2026-10-05 21:00:00,8,0.0,-2,26,286,2.0
Misicuni-Sivingani,2026-10-05 21:00:00,11,0.0,5,27,289,1.9
Misicuni-Sivingani,2026-10-05 21:00:00,14,0.0,8,27,302,3.8
Misicuni-Sivingani,2026-10-05 21:00:00,17,2.3,14,76,314,5.7
Misicuni-Sivingani,2026-10-05 21:00:00,20,2.8,14,76,321,5.6
Misicuni-Sivingani,2026-10-05 21:00:00,23,0.0,9,57,321,5.4
Misicuni-Sivingani,2026-10-05 21:00:00,26,0.0,6,57,321,5.0
Misicuni-Sivingani,2026-10-05 21:00:00,29,0.0,-1,37,321,4.7
Misicuni-Sivingani,2026-10-05 21:00:00,32,0.0,-1,37,319,4.2
Misicuni-Sivingani,2026-10-05 21:00:00,35,0.0,5,37,311,4.2
Misicuni-Sivingani,2026-10-05 21:00:00,38,0.0,8,37,313,4.8
Misicuni-Sivingani,2026-10-05 21:00:00,41,2.3,14,76,313,5.3
Misicuni-Sivingani,2026-10-05 21:00:00,44,2.3,14,76,321,5.2
Misicuni-Sivingani,2026-10-05 21:00:00,47,0.0,12,57,328,5.0
Misicuni-Sivingani,2026-10-05 21:00:00,50,0.0,7,57,339,4.8
Misicuni-Sivingani,2026-10-05 21:00:00,53,0.0,-1,57,340,4.5
Misicuni-Sivingani,2026-10-05 21:00:00,56,0.0,-1,56,318,4.6
Misicuni-Sivingani,2026-10-05 21:00:00,59,0.0,6,57,318,5.3
Misicuni-Sivingani,2026-10-05 21:00:00,62,0.0,9,57,311,5.9
Misicuni-Sivingani,2026-10-05 21:00:00,65,3.3,13,85,304,6.5
Misicuni-Sivingani,2026-10-05 21:00:00,68,3.4,13,85,323,5.4
Misicuni-Sivingani,2026-10-05 21:00:00,71,2.8,9,89,340,4.4
Misicuni-Sivingani,2026-10-05 21:00:00,74,2.8,1,89,338,5.0
Misicuni-Sivingani,2026-10-05 21:00:00,77,0.0,-2,57,328,5.6
Misicuni-Sivingani,2026-10-05 21:00:00,80,0.0,-1,57,328,4.5
Misicuni-Sivingani,2026-10-05 21:00:00,83,0.0,5,57,319,4.0
Misicuni-Sivingani,2026-10-05 21:00:00,86,0.0,10,57,321,5.7
Misicuni-Sivingani,2026-10-05 21:00:00,89,3.3,13,85,321,7.4
Misicuni-Sivingani,2026-10-05 21:00:00,92,2.8,13,84,333,5.3
Misicuni-Sivingani,2026-10-05 21:00:00,95,3.7,12,90,342,3.2
Misicuni-Sivingani,2026-10-05 21:00:00,98,2.8,10,89,339,3.5
Misicuni-Sivingani,2026-10-05 21:00:00,101,2.8,8,89,327,3.8
Mizque,2026-10-05 21:00:00,2,0.0,17,57,60,1.7
Mizque,2026-10-05 21:00:00,5,0.0,9,36,60,1.5
Mizque,2026-10-05 21:00:00,8,0.0,9,36,62,1.1
Mizque,2026-10-05 21:00:00,11,0.0,18,36,62,1.2
Mizque,2026-10-05 21:00:00,14,0.0,24,36,62,2.9
Mizque,2026-10-05 21:00:00,17,0.0,35,56,60,4.5
Mizque,2026-10-05 21:00:00,20,0.0,35,56,67,3.4
Mizque,2026-10-05 21:00:00,23,0.0,24,36,67,2.2
Mizque,2026-10-05 21:00:00,26,0.0,17,36,50,1.7
Mizque,2026-10-05 21:00:00,29,0.0,11,36,25,1.2
Mizque,2026-10-05 21:00:00,32,0.0,11,36,3,2.0
Mizque,2026-10-05 21:00:00,35,0.0,20,36,3,2.1
Mizque,2026-10-05 21:00:00,38,0.0,25,36,13,3.7
Mizque,2026-10-05 21:00:00,41,0.0,35,56,23,5.3
Mizque,2026-10-05 21:00:00,44,0.0,35,56,33,3.6
Mizque,2026-10-05 21:00:00,47,0.0,28,36,40,1.8
Mizque,2026-10-05 21:00:00,50,0.0,22,36,7,2.1
Mizque,2026-10-05 21:00:00,53,0.0,13,36,327,2.3
Mizque,2026-10-05 21:00:00,56,0.0,13,37,353,2.3
Mizque,2026-10-05 21:00:00,59,0.0,20,36,353,2.5
Mizque,2026-10-05 21:00:00,62,0.0,25,36,20,4.5
Mizque,2026-10-05 21:00:00,65,1.9,35,76,40,6.5
Mizque,2026-10-05 21:00:00,68,1.9,35,76,10,4.7
Mizque,2026-10-05 21:00:00,71,1.9,24,76,340,2.8
Mizque,2026-10-05 21:00:00,74,1.9,17,76,10,2.2
Mizque,2026-10-05 21:00:00,77,0.0,13,56,40,1.5
Mizque,2026-10-05 21:00:00,80,0.0,13,56,30,1.4
Mizque,2026-10-05 21:00:00,83,0.0,19,56,43,1.4
Mizque,2026-10-05 21:00:00,86,0.0,23,56,40,4.7
Mizque,2026-10-05 21:00:00,89,1.9,33,84,30,8.0
Mizque,2026-10-05 21:00:00,92,1.9,33,84,340,4.4
Mizque,2026-10-05 21:00:00,95,1.9,30,89,287,0.9
Mizque,2026-10-05 21:00:00,98,2.1,28,90,340,0.9
Mizque,2026-10-05 21:00:00,101,2.6,27,89,30,1.0
Monteagudo,2026-10-05 21:00:00,2,1.4,19,89,158,1.1
Monteagudo,2026-10-05 21:00:00,5,0.0,17,56,126,0.6
Monteagudo,2026-10-05 21:00:00,8,0.0,17,55,91,0.7
Monteagudo,2026-10-05 21:00:00,11,0.0,19,56,48,0.9
Monteagudo,2026-10-05 21:00:00,14,0.0,22,56,58,2.0
Monteagudo,2026-10-05 21:00:00,17,0.0,25,56,65,3.1
Monteagudo,2026-10-05 21:00:00,20,0.0,25,56,32,1.9
Monteagudo,2026-10-05 21:00:00,23,0.0,23,56,292,0.6
Monteagudo,2026-10-05 21:00:00,26,0.0,20,56,278,0.7
Monteagudo,2026-10-05 21:00:00,29,0.0,20,36,277,0.8
Monteagudo,2026-10-05 21:00:00,32,0.0,20,36,344,1.0
Monteagudo,2026-10-05 21:00:00,35,0.0,21,36,18,1.4
Monteagudo,2026-10-05 21:00:00,38,0.0,27,36,48,2.6
Monteagudo,2026-10-05 21:00:00,41,0.0,32,26,78,3.9
Monteagudo,2026-10-05 21:00:00,44,0.0,32,26,136,2.7
Monteagudo,2026-10-05 21:00:00,47,0.0,26,26,192,1.5
Monteagudo,2026-10-05 21:00:00,50,0.0,23,26,216,1.6
Monteagudo,2026-10-05 21:00:00,53,0.0,20,26,238,1.7
Monteagudo,2026-10-05 21:00:00,56,0.0,20,26,325,0.8
Monteagudo,2026-10-05 21:00:00,59,0.0,23,27,5,0.8
Monteagudo,2026-10-05 21:00:00,62,0.0,26,26,48,2.3
Monteagudo,2026-10-05 21:00:00,65,0.0,32,36,88,3.9
Monteagudo,2026-10-05 21:00:00,68,0.0,32,36,148,4.4
Monteagudo,2026-10-05 21:00:00,71,2.1,24,84,198,4.9
Monteagudo,2026-10-05 21:00:00,74,2.1,21,84,190,3.1
Monteagudo,2026-10-05 21:00:00,77,0.0,16,56,175,1.4
Monteagudo,2026-10-05 21:00:00,80,0.0,16,56,168,1.2
Monteagudo,2026-10-05 21:00:00,83,0.0,19,56,151,1.0
Monteagudo,2026-10-05 21:00:00,86,0.0,20,56,112,1.1
Monteagudo,2026-10-05 21:00:00,89,1.6,25,84,70,1.2
Monteagudo,2026-10-05 21:00:00,92,2.0,25,84,128,1.4
Monteagudo,2026-10-05 21:00:00,95,1.5,23,89,178,1.5
Monteagudo,2026-10-05 21:00:00,98,2.3,22,90,188,1.2
Monteagudo,2026-10-05 21:00:00,101,1.9,21,89,188,0.9
Orinoca,2026-10-05 21:00:00,2,0.0,8,26,276,6.6
Orinoca,2026-10-05 21:00:00,5,0.0,1,26,304,1.3
Orinoca,2026-10-05 21:00:00,8,0.0,1,26,265,1.5
Orinoca,2026-10-05 21:00:00,11,0.0,8,26,259,1.2
Orinoca,2026-10-05 21:00:00,14,0.0,13,25,266,2.5
Orinoca,2026-10-05 21:00:00,17,0.0,19,27,273,3.8
Orinoca,2026-10-05 21:00:00,20,0.0,19,25,248,3.1
Orinoca,2026-10-05 21:00:00,23,0.0,16,26,215,2.5
Orinoca,2026-10-05 21:00:00,26,0.0,10,26,266,2.0
Orinoca,2026-10-05 21:00:00,29,0.0,2,26,353,1.5
Orinoca,2026-10-05 21:00:00,32,0.0,2,27,252,1.9
Orinoca,2026-10-05 21:00:00,35,0.0,7,26,306,1.4
Orinoca,2026-10-05 21:00:00,38,0.0,11,27,314,1.7
Orinoca,2026-10-05 21:00:00,41,0.0,20,25,321,2.1
Orinoca,2026-10-05 21:00:00,44,0.0,20,26,268,3.0
Orinoca,2026-10-05 21:00:00,47,0.0,17,26,208,3.9
Orinoca,2026-10-05 21:00:00,50,0.0,14,26,218,3.0
Orinoca,2026-10-05 21:00:00,53,0.0,2,26,226,2.0
Orinoca,2026-10-05 21:00:00,56,0.0,2,26,320,1.9
Orinoca,2026-10-05 21:00:00,59,0.0,8,25,325,1.6
Orinoca,2026-10-05 21:00:00,62,0.0,13,26,330,2.7
Orinoca,2026-10-05 21:00:00,65,0.0,21,36,335,4.0
Orinoca,2026-10-05 21:00:00,68,0.0,21,35,282,6.0
Orinoca,2026-10-05 21:00:00,71,0.0,13,36,230,8.0
Orinoca,2026-10-05 21:00:00,74,0.0,6,37,286,4.6
Orinoca,2026-10-05 21:00:00,77,0.0,3,36,45,1.3
Orinoca,2026-10-05 21:00:00,80,0.0,2,27,15,1.9
Orinoca,2026-10-05 21:00:00,83,0.0,9,26,332,2.9
Orinoca,2026-10-05 21:00:00,86,0.0,14,26,301,5.2
Orinoca,2026-10-05 21:00:00,89,0.0,22,56,268,7.3
Orinoca,2026-10-05 21:00:00,92,0.0,22,56,248,8.3
Orinoca,2026-10-05 21:00:00,95,0.0,19,36,221,9.2
Orinoca,2026-10-05 21:00:00,98,0.0,16,36,191,5.6
Orinoca,2026-10-05 21:00:00,101,0.0,14,36,152,1.9
Oruro - Aeropuerto,2026-10-05 21:00:00,2,0.0,7,26,214,6.6
Oruro - Aeropuerto,2026-10-05 21:00:00,5,0.0,-1,26,208,2.9
Oruro - Aeropuerto,2026-10-05 21:00:00,8,0.0,-1,26,247,2.8
Oruro - Aeropuerto,2026-10-05 21:00:00,11,0.0,8,26,258,1.9
Oruro - Aeropuerto,2026-10-05 21:00:00,14,0.0,13,26,264,3.8
Oruro - Aeropuerto,2026-10-05 21:00:00,17,0.0,20,26,270,5.7
Oruro - Aeropuerto,2026-10-05 21:00:00,20,0.0,20,26,209,4.1
Oruro - Aeropuerto,2026-10-05 21:00:00,23,0.0,14,26,121,2.5
Oruro - Aeropuerto,2026-10-05 21:00:00,26,0.0,9,26,157,2.0
Oruro - Aeropuerto,2026-10-05 21:00:00,29,0.0,0,26,184,1.6
Oruro - Aeropuerto,2026-10-05 21:00:00,32,0.0,0,26,196,2.2
Oruro - Aeropuerto,2026-10-05 21:00:00,35,0.0,8,26,196,1.9
Oruro - Aeropuerto,2026-10-05 21:00:00,38,0.0,12,27,232,2.8
Oruro - Aeropuerto,2026-10-05 21:00:00,41,0.0,21,26,267,3.6
Oruro - Aeropuerto,2026-10-05 21:00:00,44,0.0,21,26,193,3.0
Oruro - Aeropuerto,2026-10-05 21:00:00,47,0.0,15,26,117,2.4
Oruro - Aeropuerto,2026-10-05 21:00:00,50,0.0,9,26,178,1.8
Oruro - Aeropuerto,2026-10-05 21:00:00,53,0.0,0,26,239,1.3
Oruro - Aeropuerto,2026-10-05 21:00:00,56,0.0,0,26,263,1.7
Oruro - Aeropuerto,2026-10-05 21:00:00,59,0.0,9,26,320,1.6
Oruro - Aeropuerto,2026-10-05 21:00:00,62,0.0,14,26,308,3.9
Oruro - Aeropuerto,2026-10-05 21:00:00,65,0.0,22,37,290,6.2
Oruro - Aeropuerto,2026-10-05 21:00:00,68,0.0,22,35,304,4.4
Oruro - Aeropuerto,2026-10-05 21:00:00,71,0.0,13,36,309,2.6
Oruro - Aeropuerto,2026-10-05 21:00:00,74,0.0,2,37,297,2.2
Oruro - Aeropuerto,2026-10-05 21:00:00,77,0.0,1,36,279,1.7
Oruro - Aeropuerto,2026-10-05 21:00:00,80,0.0,1,26,1,1.9
Oruro - Aeropuerto,2026-10-05 21:00:00,83,0.0,9,26,325,2.1
Oruro - Aeropuerto,2026-10-05 21:00:00,86,0.0,14,26,308,4.2
Oruro - Aeropuerto,2026-10-05 21:00:00,89,0.0,23,56,284,6.4
Oruro - Aeropuerto,2026-10-05 21:00:00,92,0.0,23,56,290,4.1
Oruro - Aeropuerto,2026-10-05 21:00:00,95,0.0,20,37,294,1.8
Oruro - Aeropuerto,2026-10-05 21:00:00,98,0.0,18,36,258,1.7
Oruro - Aeropuerto,2026-10-05 21:00:00,101,0.0,17,36,213,1.6
Oruro - Ciudad,2026-10-05 21:00:00,2,0.0,7,26,246,7.1
Oruro - Ciudad,2026-10-05 21:00:00,5,0.0,0,26,246,2.3
Oruro - Ciudad,2026-10-05 21:00:00,8,0.0,0,26,298,2.7
Oruro - Ciudad,2026-10-05 21:00:00,11,0.0,7,26,336,2.6
Oruro - Ciudad,2026-10-05 21:00:00,14,0.0,13,26,328,3.3
Oruro - Ciudad,2026-10-05 21:00:00,17,0.0,21,26,321,4.0
Oruro - Ciudad,2026-10-05 21:00:00,20,0.0,21,26,260,4.0
Oruro - Ciudad,2026-10-05 21:00:00,23,0.0,14,26,196,3.9
Oruro - Ciudad,2026-10-05 21:00:00,26,0.0,8,26,200,3.2
Oruro - Ciudad,2026-10-05 21:00:00,29,0.0,1,26,200,2.5
Oruro - Ciudad,2026-10-05 21:00:00,32,0.0,1,26,222,2.0
Oruro - Ciudad,2026-10-05 21:00:00,35,0.0,8,26,206,2.0
Oruro - Ciudad,2026-10-05 21:00:00,38,0.0,13,26,273,2.1
Oruro - Ciudad,2026-10-05 21:00:00,41,0.0,22,26,340,2.2
Oruro - Ciudad,2026-10-05 21:00:00,44,0.0,22,26,271,3.1
Oruro - Ciudad,2026-10-05 21:00:00,47,0.0,18,26,172,4.0
Oruro - Ciudad,2026-10-05 21:00:00,50,0.0,11,26,222,3.0
Oruro - Ciudad,2026-10-05 21:00:00,53,0.0,0,26,268,1.8
Oruro - Ciudad,2026-10-05 21:00:00,56,0.0,0,26,208,2.6
Oruro - Ciudad,2026-10-05 21:00:00,59,0.0,10,26,347,3.5
Oruro - Ciudad,2026-10-05 21:00:00,62,0.0,15,26,336,5.3
Oruro - Ciudad,2026-10-05 21:00:00,65,0.0,23,36,320,7.0
Oruro - Ciudad,2026-10-05 21:00:00,68,0.0,23,36,299,6.4
Oruro - Ciudad,2026-10-05 21:00:00,71,0.0,14,36,273,5.8
Oruro - Ciudad,2026-10-05 21:00:00,74,0.0,5,36,273,4.3
Oruro - Ciudad,2026-10-05 21:00:00,77,0.0,1,36,267,2.9
Oruro - Ciudad,2026-10-05 21:00:00,80,0.0,1,26,324,3.4
Oruro - Ciudad,2026-10-05 21:00:00,83,0.0,10,26,340,4.6
Oruro - Ciudad,2026-10-05 21:00:00,86,0.0,15,26,310,6.5
Oruro - Ciudad,2026-10-05 21:00:00,89,0.0,23,56,277,8.5
Oruro - Ciudad,2026-10-05 21:00:00,92,0.0,23,56,257,9.1
Oruro - Ciudad,2026-10-05 21:00:00,95,0.0,20,36,230,9.7
Oruro - Ciudad,2026-10-05 21:00:00,98,0.0,18,36,222,5.8
Oruro - Ciudad,2026-10-05 21:00:00,101,0.0,16,36,210,1.9
Pailon - Pozo del Tigre,2026-10-05 21:00:00,2,2.3,26,84,258,2.2
Pailon - Pozo del Tigre,2026-10-05 21:00:00,5,0.0,24,55,231,1.7
Pailon - Pozo del Tigre,2026-10-05 21:00:00,8,0.0,24,56,174,1.1
Pailon - Pozo del Tigre,2026-10-05 21:00:00,11,0.0,25,56,196,1.1
Pailon - Pozo del Tigre,2026-10-05 21:00:00,14,0.0,28,56,250,2.1
Pailon - Pozo del Tigre,2026-10-05 21:00:00,17,0.0,30,56,304,3.1
Pailon - Pozo del Tigre,2026-10-05 21:00:00,20,0.0,30,56,324,2.5
Pailon - Pozo del Tigre,2026-10-05 21:00:00,23,0.0,28,56,343,1.8
Pailon - Pozo del Tigre,2026-10-05 21:00:00,26,0.0,27,56,359,1.8
Pailon - Pozo del Tigre,2026-10-05 21:00:00,29,0.0,25,36,8,1.8
Pailon - Pozo del Tigre,2026-10-05 21:00:00,32,0.0,25,36,360,4.6
Pailon - Pozo del Tigre,2026-10-05 21:00:00,35,0.0,28,36,350,5.5
Pailon - Pozo del Tigre,2026-10-05 21:00:00,38,0.0,31,36,340,6.5
Pailon - Pozo del Tigre,2026-10-05 21:00:00,41,0.0,32,36,327,7.5
Pailon - Pozo del Tigre,2026-10-05 21:00:00,44,0.0,32,36,350,6.2
Pailon - Pozo del Tigre,2026-10-05 21:00:00,47,0.0,29,35,13,4.9
Pailon - Pozo del Tigre,2026-10-05 21:00:00,50,0.0,27,35,10,4.4
Pailon - Pozo del Tigre,2026-10-05 21:00:00,53,0.0,24,36,360,4.0
Pailon - Pozo del Tigre,2026-10-05 21:00:00,56,0.0,24,26,360,4.8
Pailon - Pozo del Tigre,2026-10-05 21:00:00,59,0.0,27,27,340,5.8
Pailon - Pozo del Tigre,2026-10-05 21:00:00,62,0.0,30,26,330,6.9
Pailon - Pozo del Tigre,2026-10-05 21:00:00,65,0.0,33,26,320,8.1
Pailon - Pozo del Tigre,2026-10-05 21:00:00,68,0.0,33,27,337,6.4
Pailon - Pozo del Tigre,2026-10-05 21:00:00,71,0.0,30,36,347,4.7
Pailon - Pozo del Tigre,2026-10-05 21:00:00,74,0.0,27,36,357,3.3
Pailon - Pozo del Tigre,2026-10-05 21:00:00,77,0.0,23,56,6,2.0
Pailon - Pozo del Tigre,2026-10-05 21:00:00,80,0.0,23,56,267,2.9
Pailon - Pozo del Tigre,2026-10-05 21:00:00,83,0.0,25,55,187,3.4
Pailon - Pozo del Tigre,2026-10-05 21:00:00,86,0.0,27,55,223,3.0
Pailon - Pozo del Tigre,2026-10-05 21:00:00,89,1.5,30,84,248,2.6
Pailon - Pozo del Tigre,2026-10-05 21:00:00,92,2.7,30,84,275,2.1
Pailon - Pozo del Tigre,2026-10-05 21:00:00,95,3.4,28,89,300,1.5
Pailon - Pozo del Tigre,2026-10-05 21:00:00,98,2.4,27,90,236,2.1
Pailon - Pozo del Tigre,2026-10-05 21:00:00,101,2.2,26,90,166,2.5
Palos Blancos,2026-10-05 21:00:00,2,1.0,25,85,175,1.1
Palos Blancos,2026-10-05 21:00:00,5,0.0,20,37,202,0.8
Palos Blancos,2026-10-05 21:00:00,8,0.0,20,36,155,1.0
Palos Blancos,2026-10-05 21:00:00,11,0.0,25,36,146,0.8
Palos Blancos,2026-10-05 21:00:00,14,0.0,30,36,102,1.0
Palos Blancos,2026-10-05 21:00:00,17,0.0,35,56,57,1.2
Palos Blancos,2026-10-05 21:00:00,20,0.0,35,56,102,1.1
Palos Blancos,2026-10-05 21:00:00,23,2.3,30,88,146,1.0
Palos Blancos,2026-10-05 21:00:00,26,2.3,26,89,157,0.9
Palos Blancos,2026-10-05 21:00:00,29,0.0,21,36,167,0.8
Palos Blancos,2026-10-05 21:00:00,32,0.0,21,36,183,0.8
Palos Blancos,2026-10-05 21:00:00,35,0.0,27,36,192,0.5
Palos Blancos,2026-10-05 21:00:00,38,0.0,32,36,272,1.3
Palos Blancos,2026-10-05 21:00:00,41,0.0,36,36,351,2.1
Palos Blancos,2026-10-05 21:00:00,44,0.0,36,36,47,1.6
Palos Blancos,2026-10-05 21:00:00,47,2.7,33,89,118,1.2
Palos Blancos,2026-10-05 21:00:00,50,2.1,27,90,163,0.9
Palos Blancos,2026-10-05 21:00:00,53,0.0,21,37,203,0.7
Palos Blancos,2026-10-05 21:00:00,56,0.0,21,36,203,0.9
Palos Blancos,2026-10-05 21:00:00,59,0.0,25,36,222,0.5
Palos Blancos,2026-10-05 21:00:00,62,0.0,30,36,292,1.5
Palos Blancos,2026-10-05 21:00:00,65,0.0,36,56,0,2.5
Palos Blancos,2026-10-05 21:00:00,68,0.0,36,56,61,1.9
Palos Blancos,2026-10-05 21:00:00,71,0.0,31,55,166,1.2
Palos Blancos,2026-10-05 21:00:00,74,0.0,27,57,167,1.2
Palos Blancos,2026-10-05 21:00:00,77,0.0,21,56,167,1.1
Palos Blancos,2026-10-05 21:00:00,80,0.0,21,57,184,0.8
Palos Blancos,2026-10-05 21:00:00,83,0.0,24,56,193,0.3
Palos Blancos,2026-10-05 21:00:00,86,0.0,29,57,194,2.0
Palos Blancos,2026-10-05 21:00:00,89,0.0,36,57,11,3.6
Palos Blancos,2026-10-05 21:00:00,92,0.0,36,56,82,2.2
Palos Blancos,2026-10-05 21:00:00,95,0.0,33,57,176,0.8
Palos Blancos,2026-10-05 21:00:00,98,0.0,30,56,156,1.0
Palos Blancos,2026-10-05 21:00:00,101,0.0,28,57,127,1.3
Paniagua_M (GPRS),2026-10-05 21:00:00,2,1.7,23,84,249,1.8
Paniagua_M (GPRS),2026-10-05 21:00:00,5,0.0,19,36,252,1.9
Paniagua_M (GPRS),2026-10-05 21:00:00,8,0.0,19,36,307,1.2
Paniagua_M (GPRS),2026-10-05 21:00:00,11,0.0,23,36,8,0.5
Paniagua_M (GPRS),2026-10-05 21:00:00,14,0.0,26,36,22,1.3
Paniagua_M (GPRS),2026-10-05 21:00:00,17,0.0,31,56,35,2.0
Paniagua_M (GPRS),2026-10-05 21:00:00,20,0.0,31,56,334,1.9
Paniagua_M (GPRS),2026-10-05 21:00:00,23,1.8,27,90,230,1.7
Paniagua_M (GPRS),2026-10-05 21:00:00,26,2.1,24,89,239,1.7
Paniagua_M (GPRS),2026-10-05 21:00:00,29,0.0,20,36,242,1.7
Paniagua_M (GPRS),2026-10-05 21:00:00,32,0.0,20,36,310,1.2
Paniagua_M (GPRS),2026-10-05 21:00:00,35,0.0,24,36,16,0.7
Paniagua_M (GPRS),2026-10-05 21:00:00,38,0.0,28,36,30,1.2
Paniagua_M (GPRS),2026-10-05 21:00:00,41,0.0,32,36,42,1.7
Paniagua_M (GPRS),2026-10-05 21:00:00,44,0.0,32,36,340,1.9
Paniagua_M (GPRS),2026-10-05 21:00:00,47,2.3,28,88,272,2.0
Paniagua_M (GPRS),2026-10-05 21:00:00,50,2.7,24,89,269,1.9
Paniagua_M (GPRS),2026-10-05 21:00:00,53,0.0,20,36,261,1.9
Paniagua_M (GPRS),2026-10-05 21:00:00,56,0.0,20,36,311,1.3
Paniagua_M (GPRS),2026-10-05 21:00:00,59,0.0,24,36,5,0.8
Paniagua_M (GPRS),2026-10-05 21:00:00,62,0.0,27,36,24,1.1
Paniagua_M (GPRS),2026-10-05 21:00:00,65,0.0,32,56,37,1.5
Paniagua_M (GPRS),2026-10-05 21:00:00,68,0.0,32,56,295,1.8
Paniagua_M (GPRS),2026-10-05 21:00:00,71,0.0,25,56,247,2.0
Paniagua_M (GPRS),2026-10-05 21:00:00,74,0.0,21,56,247,2.0
Paniagua_M (GPRS),2026-10-05 21:00:00,77,0.0,20,56,244,1.9
Paniagua_M (GPRS),2026-10-05 21:00:00,80,0.0,20,56,312,1.2
Paniagua_M (GPRS),2026-10-05 21:00:00,83,0.0,22,56,1,0.8
Paniagua_M (GPRS),2026-10-05 21:00:00,86,0.0,26,56,24,1.4
Paniagua_M (GPRS),2026-10-05 21:00:00,89,0.0,32,56,40,1.9
Paniagua_M (GPRS),2026-10-05 21:00:00,92,0.0,32,56,342,1.8
Paniagua_M (GPRS),2026-10-05 21:00:00,95,0.0,29,56,244,1.6
Paniagua_M (GPRS),2026-10-05 21:00:00,98,0.0,27,56,239,1.6
Paniagua_M (GPRS),2026-10-05 21:00:00,101,0.0,27,56,232,1.7
Patacamaya (INIAF),2026-10-05 21:00:00,2,0.0,5,26,299,5.7
Patacamaya (INIAF),2026-10-05 21:00:00,5,0.0,1,25,339,2.2
Patacamaya (INIAF),2026-10-05 21:00:00,8,0.0,1,26,323,1.6
Patacamaya (INIAF),2026-10-05 21:00:00,11,0.0,8,26,328,2.7
Patacamaya (INIAF),2026-10-05 21:00:00,14,0.0,12,27,319,3.1
Patacamaya (INIAF),2026-10-05 21:00:00,17,0.0,19,36,309,3.5
Patacamaya (INIAF),2026-10-05 21:00:00,20,0.0,19,35,339,3.6
Patacamaya (INIAF),2026-10-05 21:00:00,23,0.0,12,35,9,3.8
Patacamaya (INIAF),2026-10-05 21:00:00,26,0.0,8,35,8,3.0
Patacamaya (INIAF),2026-10-05 21:00:00,29,0.0,1,35,358,2.3
Patacamaya (INIAF),2026-10-05 21:00:00,32,0.0,1,26,310,1.8
Patacamaya (INIAF),2026-10-05 21:00:00,35,0.0,7,26,300,1.4
Patacamaya (INIAF),2026-10-05 21:00:00,38,0.0,12,26,300,1.7
Patacamaya (INIAF),2026-10-05 21:00:00,41,0.0,20,56,298,1.9
Patacamaya (INIAF),2026-10-05 21:00:00,44,0.0,20,56,338,2.7
Patacamaya (INIAF),2026-10-05 21:00:00,47,0.0,12,36,10,3.5
Patacamaya (INIAF),2026-10-05 21:00:00,50,0.0,6,35,360,3.2
Patacamaya (INIAF),2026-10-05 21:00:00,53,0.0,0,36,340,2.9
Patacamaya (INIAF),2026-10-05 21:00:00,56,0.0,0,36,8,2.3
Patacamaya (INIAF),2026-10-05 21:00:00,59,0.0,8,35,7,2.4
Patacamaya (INIAF),2026-10-05 21:00:00,62,0.0,12,37,8,4.6
Patacamaya (INIAF),2026-10-05 21:00:00,65,0.0,20,56,9,6.7
Patacamaya (INIAF),2026-10-05 21:00:00,68,0.0,20,56,9,5.3
Patacamaya (INIAF),2026-10-05 21:00:00,71,0.0,10,36,8,4.0
Patacamaya (INIAF),2026-10-05 21:00:00,74,0.0,4,37,358,3.3
Patacamaya (INIAF),2026-10-05 21:00:00,77,0.0,1,35,340,2.7
Patacamaya (INIAF),2026-10-05 21:00:00,80,0.0,1,37,359,3.0
Patacamaya (INIAF),2026-10-05 21:00:00,83,0.0,8,35,360,2.7
Patacamaya (INIAF),2026-10-05 21:00:00,86,0.0,12,35,358,4.3
Patacamaya (INIAF),2026-10-05 21:00:00,89,2.2,20,77,347,6.1
Patacamaya (INIAF),2026-10-05 21:00:00,92,2.2,20,75,328,4.3
Patacamaya (INIAF),2026-10-05 21:00:00,95,2.2,16,75,309,2.6
Patacamaya (INIAF),2026-10-05 21:00:00,98,2.2,13,75,338,2.4
Patacamaya (INIAF),2026-10-05 21:00:00,101,2.2,11,77,358,2.2
Potosí,2026-10-05 21:00:00,2,0.0,4,26,287,8.7
Potosí,2026-10-05 21:00:00,5,0.0,0,26,302,3.3
Potosí,2026-10-05 21:00:00,8,0.0,0,27,324,2.6
Potosí,2026-10-05 21:00:00,11,0.0,6,26,304,2.7
Potosí,2026-10-05 21:00:00,14,0.0,10,26,279,3.2
Potosí,2026-10-05 21:00:00,17,0.0,22,27,250,3.7
Potosí,2026-10-05 21:00:00,20,0.0,22,26,271,2.9
Potosí,2026-10-05 21:00:00,23,0.0,13,27,287,2.1
Potosí,2026-10-05 21:00:00,26,0.0,9,25,301,2.5
Potosí,2026-10-05 21:00:00,29,0.0,0,26,315,2.8
Potosí,2026-10-05 21:00:00,32,0.0,0,27,294,2.7
Potosí,2026-10-05 21:00:00,35,0.0,7,26,301,2.4
Potosí,2026-10-05 21:00:00,38,0.0,12,26,287,3.8
Potosí,2026-10-05 21:00:00,41,0.0,23,26,265,5.2
Potosí,2026-10-05 21:00:00,44,0.0,23,26,279,4.1
Potosí,2026-10-05 21:00:00,47,0.0,19,27,289,2.9
Potosí,2026-10-05 21:00:00,50,0.0,12,26,333,1.9
Potosí,2026-10-05 21:00:00,53,0.0,-1,26,10,0.9
Potosí,2026-10-05 21:00:00,56,0.0,-1,26,320,2.3
Potosí,2026-10-05 21:00:00,59,0.0,9,26,325,2.8
Potosí,2026-10-05 21:00:00,62,0.0,13,27,340,5.1
Potosí,2026-10-05 21:00:00,65,0.0,23,26,353,7.3
Potosí,2026-10-05 21:00:00,68,0.0,23,26,356,5.1
Potosí,2026-10-05 21:00:00,71,0.0,12,35,349,3.0
Potosí,2026-10-05 21:00:00,74,0.0,2,36,329,3.0
Potosí,2026-10-05 21:00:00,77,0.0,0,36,306,3.0
Potosí,2026-10-05 21:00:00,80,0.0,0,36,327,2.7
Potosí,2026-10-05 21:00:00,83,0.0,9,36,317,2.7
Potosí,2026-10-05 21:00:00,86,0.0,13,36,316,7.4
Potosí,2026-10-05 21:00:00,89,0.0,23,27,306,12.2
Potosí,2026-10-05 21:00:00,92,0.0,23,27,267,9.8
Potosí,2026-10-05 21:00:00,95,0.0,20,26,224,7.4
Potosí,2026-10-05 21:00:00,98,0.0,17,27,287,5.0
Potosí,2026-10-05 21:00:00,101,0.0,16,26,343,2.5
Potosí Aeropuerto,2026-10-05 21:00:00,2,0.0,5,25,270,7.8
Potosí Aeropuerto,2026-10-05 21:00:00,5,0.0,0,26,270,6.7
Potosí Aeropuerto,2026-10-05 21:00:00,8,0.0,0,26,301,2.7
Potosí Aeropuerto,2026-10-05 21:00:00,11,0.0,6,26,301,3.0
Potosí Aeropuerto,2026-10-05 21:00:00,14,0.0,11,27,290,5.4
Potosí Aeropuerto,2026-10-05 21:00:00,17,0.0,22,26,270,7.8
Potosí Aeropuerto,2026-10-05 21:00:00,20,0.0,22,26,280,5.5
Potosí Aeropuerto,2026-10-05 21:00:00,23,0.0,14,25,290,3.1
Potosí Aeropuerto,2026-10-05 21:00:00,26,0.0,7,26,310,3.0
Potosí Aeropuerto,2026-10-05 21:00:00,29,0.0,-1,26,320,2.9
Potosí Aeropuerto,2026-10-05 21:00:00,32,0.0,-1,26,291,2.6
Potosí Aeropuerto,2026-10-05 21:00:00,35,0.0,6,25,273,2.0
Potosí Aeropuerto,2026-10-05 21:00:00,38,0.0,11,25,272,5.1
Potosí Aeropuerto,2026-10-05 21:00:00,41,0.0,23,26,270,8.1
Potosí Aeropuerto,2026-10-05 21:00:00,44,0.0,23,26,290,5.8
Potosí Aeropuerto,2026-10-05 21:00:00,47,0.0,21,25,300,3.4
Potosí Aeropuerto,2026-10-05 21:00:00,50,0.0,14,25,299,2.8
Potosí Aeropuerto,2026-10-05 21:00:00,53,0.0,-1,25,289,2.1
Potosí Aeropuerto,2026-10-05 21:00:00,56,0.0,-1,25,300,2.5
Potosí Aeropuerto,2026-10-05 21:00:00,59,0.0,8,25,290,2.8
Potosí Aeropuerto,2026-10-05 21:00:00,62,0.0,12,27,300,6.1
Potosí Aeropuerto,2026-10-05 21:00:00,65,0.0,23,26,300,9.3
Potosí Aeropuerto,2026-10-05 21:00:00,68,0.0,23,26,301,7.4
Potosí Aeropuerto,2026-10-05 21:00:00,71,0.0,11,37,301,5.5
Potosí Aeropuerto,2026-10-05 21:00:00,74,0.0,1,36,301,4.7
Potosí Aeropuerto,2026-10-05 21:00:00,77,0.0,0,36,300,4.0
Potosí Aeropuerto,2026-10-05 21:00:00,80,0.0,0,35,301,2.9
Potosí Aeropuerto,2026-10-05 21:00:00,83,0.0,8,36,282,3.5
Potosí Aeropuerto,2026-10-05 21:00:00,86,0.0,12,36,291,7.5
Potosí Aeropuerto,2026-10-05 21:00:00,89,0.0,22,25,290,11.4
Potosí Aeropuerto,2026-10-05 21:00:00,92,0.0,22,26,269,9.6
Potosí Aeropuerto,2026-10-05 21:00:00,95,0.0,18,25,239,7.8
Potosí Aeropuerto,2026-10-05 21:00:00,98,0.0,15,27,290,5.4
Potosí Aeropuerto,2026-10-05 21:00:00,101,0.0,13,27,331,3.1
Puerto Rico S,2026-10-05 21:00:00,2,0.0,27,26,334,1.4
Puerto Rico S,2026-10-05 21:00:00,5,0.0,23,37,330,1.1
Puerto Rico S,2026-10-05 21:00:00,8,0.0,23,36,340,1.8
Puerto Rico S,2026-10-05 21:00:00,11,0.0,27,37,330,1.8
Puerto Rico S,2026-10-05 21:00:00,14,0.0,29,37,333,2.3
Puerto Rico S,2026-10-05 21:00:00,17,0.0,36,56,327,2.7
Puerto Rico S,2026-10-05 21:00:00,20,0.0,36,56,337,1.9
Puerto Rico S,2026-10-05 21:00:00,23,0.0,30,56,343,1.2
Puerto Rico S,2026-10-05 21:00:00,26,0.0,27,56,343,1.2
Puerto Rico S,2026-10-05 21:00:00,29,0.0,22,36,340,1.1
Puerto Rico S,2026-10-05 21:00:00,32,0.0,22,36,344,1.6
Puerto Rico S,2026-10-05 21:00:00,35,0.0,27,36,343,2.0
Puerto Rico S,2026-10-05 21:00:00,38,0.0,29,36,340,2.0
Puerto Rico S,2026-10-05 21:00:00,41,0.0,35,56,331,1.9
Puerto Rico S,2026-10-05 21:00:00,44,0.0,35,56,340,1.4
Puerto Rico S,2026-10-05 21:00:00,47,0.0,30,56,347,0.9
Puerto Rico S,2026-10-05 21:00:00,50,0.0,27,56,10,1.3
Puerto Rico S,2026-10-05 21:00:00,53,0.0,22,57,30,1.6
Puerto Rico S,2026-10-05 21:00:00,56,0.0,22,56,350,1.8
Puerto Rico S,2026-10-05 21:00:00,59,0.0,29,56,360,2.3
Puerto Rico S,2026-10-05 21:00:00,62,0.0,32,56,357,2.8
Puerto Rico S,2026-10-05 21:00:00,65,0.0,36,56,353,3.3
Puerto Rico S,2026-10-05 21:00:00,68,0.0,36,56,7,2.5
Puerto Rico S,2026-10-05 21:00:00,71,0.0,32,56,13,1.7
Puerto Rico S,2026-10-05 21:00:00,74,0.0,24,56,20,1.5
Puerto Rico S,2026-10-05 21:00:00,77,0.0,23,37,27,1.4
Puerto Rico S,2026-10-05 21:00:00,80,0.0,23,36,340,1.2
Puerto Rico S,2026-10-05 21:00:00,83,0.0,28,36,336,1.9
Puerto Rico S,2026-10-05 21:00:00,86,0.0,33,36,333,2.0
Puerto Rico S,2026-10-05 21:00:00,89,0.0,35,36,327,2.0
Puerto Rico S,2026-10-05 21:00:00,92,0.0,35,36,296,1.4
Puerto Rico S,2026-10-05 21:00:00,95,0.0,33,56,265,0.7
Puerto Rico S,2026-10-05 21:00:00,98,0.0,32,56,286,1.0
Puerto Rico S,2026-10-05 21:00:00,101,0.0,31,56,307,1.3
Puerto Suárez,2026-10-05 21:00:00,2,1.9,25,86,50,1.9
Puerto Suárez,2026-10-05 21:00:00,5,0.0,19,55,60,1.4
Puerto Suárez,2026-10-05 21:00:00,8,0.0,19,56,57,2.1
Puerto Suárez,2026-10-05 21:00:00,11,0.0,25,55,47,2.0
Puerto Suárez,2026-10-05 21:00:00,14,0.0,28,55,47,2.1
Puerto Suárez,2026-10-05 21:00:00,17,0.0,32,57,43,2.2
Puerto Suárez,2026-10-05 21:00:00,20,0.0,32,56,67,2.5
Puerto Suárez,2026-10-05 21:00:00,23,0.0,28,37,87,2.9
Puerto Suárez,2026-10-05 21:00:00,26,0.0,25,37,87,2.7
Puerto Suárez,2026-10-05 21:00:00,29,0.0,20,36,79,2.3
Puerto Suárez,2026-10-05 21:00:00,32,0.0,20,36,40,3.4
Puerto Suárez,2026-10-05 21:00:00,35,0.0,26,35,30,3.2
Puerto Suárez,2026-10-05 21:00:00,38,0.0,30,36,11,3.9
Puerto Suárez,2026-10-05 21:00:00,41,0.0,34,36,351,4.5
Puerto Suárez,2026-10-05 21:00:00,44,0.0,34,37,20,3.1
Puerto Suárez,2026-10-05 21:00:00,47,0.0,29,35,40,1.8
Puerto Suárez,2026-10-05 21:00:00,50,0.0,27,36,50,2.1
Puerto Suárez,2026-10-05 21:00:00,53,0.0,21,37,60,2.3
Puerto Suárez,2026-10-05 21:00:00,56,0.0,21,26,40,2.3
Puerto Suárez,2026-10-05 21:00:00,59,0.0,26,27,20,2.9
Puerto Suárez,2026-10-05 21:00:00,62,0.0,29,26,360,3.8
Puerto Suárez,2026-10-05 21:00:00,65,0.0,35,37,340,4.6
Puerto Suárez,2026-10-05 21:00:00,68,0.0,35,36,360,3.4
Puerto Suárez,2026-10-05 21:00:00,71,0.0,30,36,11,2.1
Puerto Suárez,2026-10-05 21:00:00,74,0.0,25,36,29,1.9
Puerto Suárez,2026-10-05 21:00:00,77,0.0,20,56,39,1.6
Puerto Suárez,2026-10-05 21:00:00,80,0.0,20,55,76,0.8
Puerto Suárez,2026-10-05 21:00:00,83,0.0,25,56,73,0.3
Puerto Suárez,2026-10-05 21:00:00,86,0.0,28,57,53,1.7
Puerto Suárez,2026-10-05 21:00:00,89,3.1,33,84,258,3.1
Puerto Suárez,2026-10-05 21:00:00,92,1.0,33,84,238,2.4
Puerto Suárez,2026-10-05 21:00:00,95,3.4,31,89,218,1.7
Puerto Suárez,2026-10-05 21:00:00,98,2.7,29,89,211,1.7
Puerto Suárez,2026-10-05 21:00:00,101,1.9,29,89,200,1.7
Puerto Villarroel,2026-10-05 21:00:00,2,2.2,25,89,193,1.0
Puerto Villarroel,2026-10-05 21:00:00,5,0.0,22,56,168,0.6
Puerto Villarroel,2026-10-05 21:00:00,8,0.0,22,56,158,1.2
Puerto Villarroel,2026-10-05 21:00:00,11,0.0,24,56,136,1.3
Puerto Villarroel,2026-10-05 21:00:00,14,0.0,27,56,205,1.6
Puerto Villarroel,2026-10-05 21:00:00,17,0.0,29,56,312,2.0
Puerto Villarroel,2026-10-05 21:00:00,20,0.0,29,56,267,1.4
Puerto Villarroel,2026-10-05 21:00:00,23,0.0,27,56,217,0.8
Puerto Villarroel,2026-10-05 21:00:00,26,0.0,27,56,288,0.6
Puerto Villarroel,2026-10-05 21:00:00,29,0.0,25,56,358,0.3
Puerto Villarroel,2026-10-05 21:00:00,32,0.0,25,56,325,0.6
Puerto Villarroel,2026-10-05 21:00:00,35,0.0,27,56,292,0.9
Puerto Villarroel,2026-10-05 21:00:00,38,0.0,29,56,310,2.4
Puerto Villarroel,2026-10-05 21:00:00,41,0.0,32,56,326,3.8
Puerto Villarroel,2026-10-05 21:00:00,44,0.0,32,56,282,2.5
Puerto Villarroel,2026-10-05 21:00:00,47,0.0,29,56,232,1.2
Puerto Villarroel,2026-10-05 21:00:00,50,0.0,26,56,236,0.9
Puerto Villarroel,2026-10-05 21:00:00,53,0.0,25,36,236,0.7
Puerto Villarroel,2026-10-05 21:00:00,56,0.0,25,36,306,1.2
Puerto Villarroel,2026-10-05 21:00:00,59,0.0,28,36,333,1.5
Puerto Villarroel,2026-10-05 21:00:00,62,0.0,31,36,328,2.3
Puerto Villarroel,2026-10-05 21:00:00,65,0.0,32,56,314,3.1
Puerto Villarroel,2026-10-05 21:00:00,68,0.0,32,56,300,1.9
Puerto Villarroel,2026-10-05 21:00:00,71,0.0,30,56,284,0.7
Puerto Villarroel,2026-10-05 21:00:00,74,0.0,27,56,258,0.7
Puerto Villarroel,2026-10-05 21:00:00,77,0.0,25,56,232,0.7
Puerto Villarroel,2026-10-05 21:00:00,80,0.0,25,56,350,1.0
Puerto Villarroel,2026-10-05 21:00:00,83,0.0,28,56,18,1.3
Puerto Villarroel,2026-10-05 21:00:00,86,0.0,28,56,348,2.2
Puerto Villarroel,2026-10-05 21:00:00,89,2.2,29,84,314,3.1
Puerto Villarroel,2026-10-05 21:00:00,92,2.8,29,84,256,2.4
Puerto Villarroel,2026-10-05 21:00:00,95,2.2,28,89,170,1.7
Puerto Villarroel,2026-10-05 21:00:00,98,3.0,27,89,213,1.5
Puerto Villarroel,2026-10-05 21:00:00,101,2.5,27,89,246,1.2
Quetenas (GPRS),2026-10-05 21:00:00,2,0.0,3,26,265,4.4
Quetenas (GPRS),2026-10-05 21:00:00,5,0.0,-1,26,260,4.0
Quetenas (GPRS),2026-10-05 21:00:00,8,0.0,-1,26,245,3.6
Quetenas (GPRS),2026-10-05 21:00:00,11,0.0,2,26,233,4.0
Quetenas (GPRS),2026-10-05 21:00:00,14,0.0,5,26,249,7.4
Quetenas (GPRS),2026-10-05 21:00:00,17,0.0,11,26,260,10.9
Quetenas (GPRS),2026-10-05 21:00:00,20,0.0,11,26,254,7.0
Quetenas (GPRS),2026-10-05 21:00:00,23,0.0,6,27,240,3.1
Quetenas (GPRS),2026-10-05 21:00:00,26,0.0,2,26,243,2.9
Quetenas (GPRS),2026-10-05 21:00:00,29,0.0,-2,26,242,2.7
Quetenas (GPRS),2026-10-05 21:00:00,32,0.0,-2,26,265,2.3
Quetenas (GPRS),2026-10-05 21:00:00,35,0.0,2,26,270,2.2
Quetenas (GPRS),2026-10-05 21:00:00,38,0.0,7,26,275,6.6
Quetenas (GPRS),2026-10-05 21:00:00,41,0.0,12,26,280,10.9
Quetenas (GPRS),2026-10-05 21:00:00,44,0.0,12,26,275,6.8
Quetenas (GPRS),2026-10-05 21:00:00,47,0.0,7,26,265,2.7
Quetenas (GPRS),2026-10-05 21:00:00,50,0.0,3,26,282,2.4
Quetenas (GPRS),2026-10-05 21:00:00,53,0.0,-2,26,299,2.1
Quetenas (GPRS),2026-10-05 21:00:00,56,0.0,-2,26,290,1.8
Quetenas (GPRS),2026-10-05 21:00:00,59,0.0,3,26,320,1.7
Quetenas (GPRS),2026-10-05 21:00:00,62,0.0,6,26,320,6.9
Quetenas (GPRS),2026-10-05 21:00:00,65,0.0,12,27,310,12.2
Quetenas (GPRS),2026-10-05 21:00:00,68,0.0,12,26,292,8.2
Quetenas (GPRS),2026-10-05 21:00:00,71,0.0,7,26,272,4.2
Quetenas (GPRS),2026-10-05 21:00:00,74,0.0,1,26,301,3.6
Quetenas (GPRS),2026-10-05 21:00:00,77,0.0,-1,26,325,2.9
Quetenas (GPRS),2026-10-05 21:00:00,80,0.0,-1,26,296,3.5
Quetenas (GPRS),2026-10-05 21:00:00,83,0.0,1,27,306,4.4
Quetenas (GPRS),2026-10-05 21:00:00,86,0.0,4,26,290,8.5
Quetenas (GPRS),2026-10-05 21:00:00,89,0.0,11,27,270,12.6
Quetenas (GPRS),2026-10-05 21:00:00,92,0.0,11,26,239,7.5
Quetenas (GPRS),2026-10-05 21:00:00,95,0.0,9,26,203,2.3
Quetenas (GPRS),2026-10-05 21:00:00,98,0.0,7,27,221,2.1
Quetenas (GPRS),2026-10-05 21:00:00,101,0.0,5,26,231,1.8
Reyes,2026-10-05 21:00:00,2,0.0,25,36,309,1.7
Reyes,2026-10-05 21:00:00,5,0.0,22,56,300,1.0
Reyes,2026-10-05 21:00:00,8,0.0,22,56,331,1.6
Reyes,2026-10-05 21:00:00,11,0.0,26,57,331,1.6
Reyes,2026-10-05 21:00:00,14,0.0,30,56,341,2.6
Reyes,2026-10-05 21:00:00,17,0.0,31,56,349,3.5
Reyes,2026-10-05 21:00:00,20,0.0,32,55,292,2.3
Reyes,2026-10-05 21:00:00,23,0.0,29,37,234,1.1
Reyes,2026-10-05 21:00:00,26,0.0,27,36,243,0.9
Reyes,2026-10-05 21:00:00,29,0.0,23,36,244,0.8
Reyes,2026-10-05 21:00:00,32,0.0,23,36,284,1.0
Reyes,2026-10-05 21:00:00,35,0.0,27,37,292,1.3
Reyes,2026-10-05 21:00:00,38,0.0,31,36,311,2.3
Reyes,2026-10-05 21:00:00,41,0.0,32,36,330,3.4
Reyes,2026-10-05 21:00:00,44,0.0,32,36,322,2.7
Reyes,2026-10-05 21:00:00,47,0.0,32,56,312,1.9
Reyes,2026-10-05 21:00:00,50,0.0,29,57,310,1.6
Reyes,2026-10-05 21:00:00,53,0.0,23,36,299,1.2
Reyes,2026-10-05 21:00:00,56,0.0,24,36,334,1.2
Reyes,2026-10-05 21:00:00,59,0.0,27,37,293,1.5
Reyes,2026-10-05 21:00:00,62,0.0,30,36,312,2.8
Reyes,2026-10-05 21:00:00,65,0.0,32,36,329,4.0
Reyes,2026-10-05 21:00:00,68,0.0,32,37,330,2.7
Reyes,2026-10-05 21:00:00,71,0.0,31,36,322,1.3
Reyes,2026-10-05 21:00:00,74,0.0,26,36,292,1.1
Reyes,2026-10-05 21:00:00,77,0.0,25,36,252,1.0
Reyes,2026-10-05 21:00:00,80,0.0,25,36,321,1.4
Reyes,2026-10-05 21:00:00,83,0.0,28,36,291,1.7
Reyes,2026-10-05 21:00:00,86,0.0,30,36,312,2.5
Reyes,2026-10-05 21:00:00,89,0.0,32,56,330,3.3
Reyes,2026-10-05 21:00:00,92,0.0,31,56,262,2.2
Reyes,2026-10-05 21:00:00,95,1.1,27,84,192,1.0
Reyes,2026-10-05 21:00:00,98,2.0,25,84,202,1.1
Reyes,2026-10-05 21:00:00,101,3.1,24,84,211,1.2
Riberalta,2026-10-05 21:00:00,2,0.0,28,36,14,1.5
Riberalta,2026-10-05 21:00:00,5,0.0,25,36,20,1.5
Riberalta,2026-10-05 21:00:00,8,0.0,25,36,10,1.6
Riberalta,2026-10-05 21:00:00,11,0.0,27,36,10,2.1
Riberalta,2026-10-05 21:00:00,14,0.0,33,36,343,2.2
Riberalta,2026-10-05 21:00:00,17,0.0,37,56,313,2.2
Riberalta,2026-10-05 21:00:00,20,0.0,37,56,339,1.6
Riberalta,2026-10-05 21:00:00,23,0.0,31,36,359,1.0
Riberalta,2026-10-05 21:00:00,26,0.0,27,36,350,1.2
Riberalta,2026-10-05 21:00:00,29,0.0,24,36,340,1.4
Riberalta,2026-10-05 21:00:00,32,0.0,24,36,357,1.4
Riberalta,2026-10-05 21:00:00,35,0.0,30,36,1,2.0
Riberalta,2026-10-05 21:00:00,38,0.0,35,36,351,2.0
Riberalta,2026-10-05 21:00:00,41,0.0,36,56,340,2.0
Riberalta,2026-10-05 21:00:00,44,0.0,36,56,359,1.6
Riberalta,2026-10-05 21:00:00,47,0.0,33,36,9,1.2
Riberalta,2026-10-05 21:00:00,50,0.0,29,36,16,1.5
Riberalta,2026-10-05 21:00:00,53,0.0,25,36,17,1.8
Riberalta,2026-10-05 21:00:00,56,0.0,25,36,1,1.6
Riberalta,2026-10-05 21:00:00,59,0.0,30,35,350,2.1
Riberalta,2026-10-05 21:00:00,62,0.0,32,36,349,2.0
Riberalta,2026-10-05 21:00:00,65,0.0,37,56,339,2.0
Riberalta,2026-10-05 21:00:00,68,0.0,37,56,10,1.8
Riberalta,2026-10-05 21:00:00,71,0.0,30,56,34,1.5
Riberalta,2026-10-05 21:00:00,74,0.0,26,56,21,2.0
Riberalta,2026-10-05 21:00:00,77,0.0,25,56,1,2.4
Riberalta,2026-10-05 21:00:00,80,0.0,25,55,336,1.0
Riberalta,2026-10-05 21:00:00,83,0.0,28,56,320,1.0
Riberalta,2026-10-05 21:00:00,86,0.0,34,55,340,2.1
Riberalta,2026-10-05 21:00:00,89,2.1,36,84,351,3.2
Riberalta,2026-10-05 21:00:00,92,2.6,36,84,20,2.1
Riberalta,2026-10-05 21:00:00,95,2.0,34,89,40,1.0
Riberalta,2026-10-05 21:00:00,98,2.6,33,89,30,1.2
Riberalta,2026-10-05 21:00:00,101,1.1,32,89,10,1.4
Río Chilenas(GPRS),2026-10-05 21:00:00,2,0.0,2,26,277,6.7
Río Chilenas(GPRS),2026-10-05 21:00:00,5,0.0,0,26,270,5.8
Río Chilenas(GPRS),2026-10-05 21:00:00,8,0.0,0,27,260,5.1
Río Chilenas(GPRS),2026-10-05 21:00:00,11,0.0,1,27,255,5.3
Río Chilenas(GPRS),2026-10-05 21:00:00,14,0.0,6,26,265,7.8
Río Chilenas(GPRS),2026-10-05 21:00:00,17,0.0,11,26,270,10.3
Río Chilenas(GPRS),2026-10-05 21:00:00,20,0.0,11,26,270,7.4
Río Chilenas(GPRS),2026-10-05 21:00:00,23,0.0,6,26,270,4.4
Río Chilenas(GPRS),2026-10-05 21:00:00,26,0.0,2,26,272,3.5
Río Chilenas(GPRS),2026-10-05 21:00:00,29,0.0,-1,26,269,2.7
Río Chilenas(GPRS),2026-10-05 21:00:00,32,0.0,-1,26,282,3.5
Río Chilenas(GPRS),2026-10-05 21:00:00,35,0.0,1,26,280,3.7
Río Chilenas(GPRS),2026-10-05 21:00:00,38,0.0,6,26,283,7.8
Río Chilenas(GPRS),2026-10-05 21:00:00,41,0.0,12,26,283,11.9
Río Chilenas(GPRS),2026-10-05 21:00:00,44,0.0,12,27,277,7.2
Río Chilenas(GPRS),2026-10-05 21:00:00,47,0.0,10,26,267,2.6
Río Chilenas(GPRS),2026-10-05 21:00:00,50,0.0,2,26,292,2.7
Río Chilenas(GPRS),2026-10-05 21:00:00,53,0.0,-1,26,312,2.7
Río Chilenas(GPRS),2026-10-05 21:00:00,56,0.0,-1,27,304,2.6
Río Chilenas(GPRS),2026-10-05 21:00:00,59,0.0,1,27,317,2.6
Río Chilenas(GPRS),2026-10-05 21:00:00,62,0.0,5,26,322,6.9
Río Chilenas(GPRS),2026-10-05 21:00:00,65,0.0,12,26,325,11.2
Río Chilenas(GPRS),2026-10-05 21:00:00,68,0.0,12,26,305,7.6
Río Chilenas(GPRS),2026-10-05 21:00:00,71,0.0,8,26,277,4.1
Río Chilenas(GPRS),2026-10-05 21:00:00,74,0.0,5,26,292,4.1
Río Chilenas(GPRS),2026-10-05 21:00:00,77,0.0,0,26,305,4.1
Río Chilenas(GPRS),2026-10-05 21:00:00,80,0.0,0,27,303,5.1
Río Chilenas(GPRS),2026-10-05 21:00:00,83,0.0,2,26,297,7.0
Río Chilenas(GPRS),2026-10-05 21:00:00,86,0.0,5,26,290,11.1
Río Chilenas(GPRS),2026-10-05 21:00:00,89,0.0,11,26,280,15.2
Río Chilenas(GPRS),2026-10-05 21:00:00,92,0.0,11,26,267,9.4
Río Chilenas(GPRS),2026-10-05 21:00:00,95,0.0,8,26,249,3.7
Río Chilenas(GPRS),2026-10-05 21:00:00,98,0.0,7,26,265,3.3
Río Chilenas(GPRS),2026-10-05 21:00:00,101,0.0,6,26,275,3.0
Robore,2026-10-05 21:00:00,2,5.6,25,83,50,2.3
Robore,2026-10-05 21:00:00,5,0.0,21,56,1,1.6
Robore,2026-10-05 21:00:00,8,0.0,21,56,28,2.1
Robore,2026-10-05 21:00:00,11,0.0,25,56,8,2.2
Robore,2026-10-05 21:00:00,14,0.0,29,56,348,3.2
Robore,2026-10-05 21:00:00,17,0.0,31,56,320,4.2
Robore,2026-10-05 21:00:00,20,0.0,31,57,2,2.6
Robore,2026-10-05 21:00:00,23,0.0,28,36,44,1.0
Robore,2026-10-05 21:00:00,26,0.0,25,36,54,1.1
Robore,2026-10-05 21:00:00,29,0.0,22,37,55,1.3
Robore,2026-10-05 21:00:00,32,0.0,22,36,8,3.7
Robore,2026-10-05 21:00:00,35,0.0,25,36,8,4.4
Robore,2026-10-05 21:00:00,38,0.0,30,36,358,4.9
Robore,2026-10-05 21:00:00,41,0.0,33,36,340,5.4
Robore,2026-10-05 21:00:00,44,0.0,33,36,8,3.7
Robore,2026-10-05 21:00:00,47,0.0,30,36,28,2.1
Robore,2026-10-05 21:00:00,50,0.0,26,36,18,2.3
Robore,2026-10-05 21:00:00,53,0.0,23,36,8,2.5
Robore,2026-10-05 21:00:00,56,0.0,23,26,8,3.4
Robore,2026-10-05 21:00:00,59,0.0,27,25,8,4.6
Robore,2026-10-05 21:00:00,62,0.0,31,27,358,5.6
Robore,2026-10-05 21:00:00,65,0.0,34,36,340,6.6
Robore,2026-10-05 21:00:00,68,0.0,34,36,360,4.8
Robore,2026-10-05 21:00:00,71,0.0,30,36,10,2.9
Robore,2026-10-05 21:00:00,74,0.0,24,36,360,2.5
Robore,2026-10-05 21:00:00,77,0.0,22,57,348,2.2
Robore,2026-10-05 21:00:00,80,0.0,22,56,298,1.9
Robore,2026-10-05 21:00:00,83,0.0,25,56,230,1.5
Robore,2026-10-05 21:00:00,86,0.0,29,56,280,2.8
Robore,2026-10-05 21:00:00,89,3.3,32,84,330,4.0
Robore,2026-10-05 21:00:00,92,2.2,32,84,350,2.9
Robore,2026-10-05 21:00:00,95,1.4,29,90,2,1.8
Robore,2026-10-05 21:00:00,98,0.5,28,89,295,2.0
Robore,2026-10-05 21:00:00,101,1.8,27,89,190,2.2
Rurrenabaque,2026-10-05 21:00:00,2,0.0,26,37,282,1.6
Rurrenabaque,2026-10-05 21:00:00,5,0.0,22,56,246,0.8
Rurrenabaque,2026-10-05 21:00:00,8,0.0,22,56,299,1.0
Rurrenabaque,2026-10-05 21:00:00,11,0.0,26,56,266,1.1
Rurrenabaque,2026-10-05 21:00:00,14,0.0,30,56,301,1.9
Rurrenabaque,2026-10-05 21:00:00,17,0.0,32,56,328,2.7
Rurrenabaque,2026-10-05 21:00:00,20,0.0,32,56,278,1.9
Rurrenabaque,2026-10-05 21:00:00,23,0.0,29,36,223,1.1
Rurrenabaque,2026-10-05 21:00:00,26,0.0,26,36,214,0.9
Rurrenabaque,2026-10-05 21:00:00,29,0.0,22,36,199,0.8
Rurrenabaque,2026-10-05 21:00:00,32,0.0,22,36,240,0.9
Rurrenabaque,2026-10-05 21:00:00,35,0.0,27,36,247,1.0
Rurrenabaque,2026-10-05 21:00:00,38,0.0,32,36,293,2.1
Rurrenabaque,2026-10-05 21:00:00,41,0.0,33,36,334,3.2
Rurrenabaque,2026-10-05 21:00:00,44,0.0,32,36,324,2.4
Rurrenabaque,2026-10-05 21:00:00,47,0.0,31,56,314,1.5
Rurrenabaque,2026-10-05 21:00:00,50,0.0,29,55,285,1.2
Rurrenabaque,2026-10-05 21:00:00,53,0.0,23,36,249,1.0
Rurrenabaque,2026-10-05 21:00:00,56,0.0,22,36,271,0.9
Rurrenabaque,2026-10-05 21:00:00,59,0.0,28,36,253,1.0
Rurrenabaque,2026-10-05 21:00:00,62,0.0,31,36,303,2.6
Rurrenabaque,2026-10-05 21:00:00,65,0.0,33,36,347,4.1
Rurrenabaque,2026-10-05 21:00:00,68,0.0,32,36,337,2.4
Rurrenabaque,2026-10-05 21:00:00,71,0.0,30,35,320,0.8
Rurrenabaque,2026-10-05 21:00:00,74,0.0,25,36,283,0.8
Rurrenabaque,2026-10-05 21:00:00,77,0.0,23,36,243,0.8
Rurrenabaque,2026-10-05 21:00:00,80,0.0,24,36,264,0.8
Rurrenabaque,2026-10-05 21:00:00,83,0.0,26,36,259,1.0
Rurrenabaque,2026-10-05 21:00:00,86,0.0,29,36,301,2.1
Rurrenabaque,2026-10-05 21:00:00,89,0.0,33,56,337,3.3
Rurrenabaque,2026-10-05 21:00:00,92,0.0,31,55,265,2.3
Rurrenabaque,2026-10-05 21:00:00,95,2.6,27,84,188,1.3
Rurrenabaque,2026-10-05 21:00:00,98,1.7,25,84,197,1.3
Rurrenabaque,2026-10-05 21:00:00,101,1.9,24,84,200,1.3
Salinas (INIAF),2026-10-05 21:00:00,2,0.0,7,26,188,4.0
Salinas (INIAF),2026-10-05 21:00:00,5,0.0,0,26,115,1.5
Salinas (INIAF),2026-10-05 21:00:00,8,0.0,0,26,13,1.5
Salinas (INIAF),2026-10-05 21:00:00,11,0.0,7,26,310,2.0
Salinas (INIAF),2026-10-05 21:00:00,14,0.0,11,26,305,2.9
Salinas (INIAF),2026-10-05 21:00:00,17,0.0,17,26,291,3.8
Salinas (INIAF),2026-10-05 21:00:00,20,0.0,17,26,260,3.8
Salinas (INIAF),2026-10-05 21:00:00,23,0.0,13,26,224,3.7
Salinas (INIAF),2026-10-05 21:00:00,26,0.0,8,26,215,2.4
Salinas (INIAF),2026-10-05 21:00:00,29,0.0,1,26,196,1.1
Salinas (INIAF),2026-10-05 21:00:00,32,0.0,1,26,144,0.9
Salinas (INIAF),2026-10-05 21:00:00,35,0.0,6,25,89,0.8
Salinas (INIAF),2026-10-05 21:00:00,38,0.0,11,26,59,2.3
Salinas (INIAF),2026-10-05 21:00:00,41,0.0,18,26,301,3.7
Salinas (INIAF),2026-10-05 21:00:00,44,0.0,18,27,261,3.9
Salinas (INIAF),2026-10-05 21:00:00,47,0.0,16,26,219,4.0
Salinas (INIAF),2026-10-05 21:00:00,50,0.0,11,26,160,2.7
Salinas (INIAF),2026-10-05 21:00:00,53,0.0,0,26,92,1.5
Salinas (INIAF),2026-10-05 21:00:00,56,0.0,0,26,46,1.6
Salinas (INIAF),2026-10-05 21:00:00,59,0.0,7,26,340,1.3
Salinas (INIAF),2026-10-05 21:00:00,62,0.0,12,26,330,3.6
Salinas (INIAF),2026-10-05 21:00:00,65,0.0,19,36,310,5.8
Salinas (INIAF),2026-10-05 21:00:00,68,0.0,19,36,290,7.2
Salinas (INIAF),2026-10-05 21:00:00,71,0.0,12,36,265,8.7
Salinas (INIAF),2026-10-05 21:00:00,74,0.0,3,36,284,6.6
Salinas (INIAF),2026-10-05 21:00:00,77,0.0,1,36,302,4.5
Salinas (INIAF),2026-10-05 21:00:00,80,0.0,1,26,331,2.0
Salinas (INIAF),2026-10-05 21:00:00,83,0.0,8,26,285,1.9
Salinas (INIAF),2026-10-05 21:00:00,86,0.0,13,26,295,5.7
Salinas (INIAF),2026-10-05 21:00:00,89,0.0,20,56,299,9.5
Salinas (INIAF),2026-10-05 21:00:00,92,0.0,20,56,265,7.1
Salinas (INIAF),2026-10-05 21:00:00,95,0.0,17,37,224,4.6
Salinas (INIAF),2026-10-05 21:00:00,98,0.0,15,36,203,2.8
Salinas (INIAF),2026-10-05 21:00:00,101,0.0,14,36,178,1.0
Salo,2026-10-05 21:00:00,2,0.0,6,27,270,10.8
Salo,2026-10-05 21:00:00,5,0.0,0,26,265,7.1
Salo,2026-10-05 21:00:00,8,0.0,0,26,286,3.7
Salo,2026-10-05 21:00:00,11,0.0,9,26,280,4.1
Salo,2026-10-05 21:00:00,14,0.0,15,26,280,6.2
Salo,2026-10-05 21:00:00,17,0.0,21,26,280,8.4
Salo,2026-10-05 21:00:00,20,0.0,21,26,300,6.2
Salo,2026-10-05 21:00:00,23,0.0,15,26,316,4.1
Salo,2026-10-05 21:00:00,26,0.0,10,26,305,3.8
Salo,2026-10-05 21:00:00,29,0.0,0,26,290,3.6
Salo,2026-10-05 21:00:00,32,0.0,0,26,290,3.7
Salo,2026-10-05 21:00:00,35,0.0,10,26,280,3.5
Salo,2026-10-05 21:00:00,38,0.0,15,27,280,6.6
Salo,2026-10-05 21:00:00,41,0.0,22,26,270,9.6
Salo,2026-10-05 21:00:00,44,0.0,22,27,300,7.7
Salo,2026-10-05 21:00:00,47,0.0,18,26,320,5.7
Salo,2026-10-05 21:00:00,50,0.0,12,26,316,4.7
Salo,2026-10-05 21:00:00,53,0.0,0,26,306,3.8
Salo,2026-10-05 21:00:00,56,0.0,1,26,296,2.3
Salo,2026-10-05 21:00:00,59,0.0,11,27,280,2.1
Salo,2026-10-05 21:00:00,62,0.0,15,26,295,5.9
Salo,2026-10-05 21:00:00,65,0.0,22,26,305,9.6
Salo,2026-10-05 21:00:00,68,0.0,22,26,300,7.1
Salo,2026-10-05 21:00:00,71,0.0,14,35,290,4.6
Salo,2026-10-05 21:00:00,74,0.0,3,35,300,3.9
Salo,2026-10-05 21:00:00,77,0.0,1,35,311,3.2
Salo,2026-10-05 21:00:00,80,0.0,2,35,310,5.0
Salo,2026-10-05 21:00:00,83,0.0,12,36,300,6.4
Salo,2026-10-05 21:00:00,86,0.0,16,35,300,10.1
Salo,2026-10-05 21:00:00,89,0.0,23,27,300,13.7
Salo,2026-10-05 21:00:00,92,0.0,23,26,290,12.3
Salo,2026-10-05 21:00:00,95,0.0,20,26,270,11.0
Salo,2026-10-05 21:00:00,98,0.0,17,27,296,6.6
Salo,2026-10-05 21:00:00,101,0.0,16,26,311,2.2
San Antonio - Los Ángeles,2026-10-05 21:00:00,2,0.0,25,36,167,1.4
San Antonio - Los Ángeles,2026-10-05 21:00:00,5,0.0,24,56,88,1.1
San Antonio - Los Ángeles,2026-10-05 21:00:00,8,0.0,24,55,120,1.5
San Antonio - Los Ángeles,2026-10-05 21:00:00,11,0.0,25,56,130,0.8
San Antonio - Los Ángeles,2026-10-05 21:00:00,14,0.0,27,57,129,2.0
San Antonio - Los Ángeles,2026-10-05 21:00:00,17,0.0,32,56,310,3.2
San Antonio - Los Ángeles,2026-10-05 21:00:00,20,0.0,32,56,297,2.1
San Antonio - Los Ángeles,2026-10-05 21:00:00,23,0.0,29,56,277,1.1
San Antonio - Los Ángeles,2026-10-05 21:00:00,26,0.0,27,56,330,1.1
San Antonio - Los Ángeles,2026-10-05 21:00:00,29,0.0,25,36,23,1.2
San Antonio - Los Ángeles,2026-10-05 21:00:00,32,0.0,25,36,343,2.0
San Antonio - Los Ángeles,2026-10-05 21:00:00,35,0.0,28,36,322,2.6
San Antonio - Los Ángeles,2026-10-05 21:00:00,38,0.0,30,36,319,3.5
San Antonio - Los Ángeles,2026-10-05 21:00:00,41,0.0,34,37,307,4.3
San Antonio - Los Ángeles,2026-10-05 21:00:00,44,0.0,34,35,327,2.8
San Antonio - Los Ángeles,2026-10-05 21:00:00,47,0.0,30,35,339,1.4
San Antonio - Los Ángeles,2026-10-05 21:00:00,50,0.0,28,36,339,1.6
San Antonio - Los Ángeles,2026-10-05 21:00:00,53,0.0,24,36,332,1.9
San Antonio - Los Ángeles,2026-10-05 21:00:00,56,0.0,24,27,340,1.9
San Antonio - Los Ángeles,2026-10-05 21:00:00,59,0.0,29,26,323,2.2
San Antonio - Los Ángeles,2026-10-05 21:00:00,62,0.0,33,26,310,2.9
San Antonio - Los Ángeles,2026-10-05 21:00:00,65,0.0,35,26,287,3.6
San Antonio - Los Ángeles,2026-10-05 21:00:00,68,0.0,35,26,297,2.4
San Antonio - Los Ángeles,2026-10-05 21:00:00,71,0.0,29,35,306,1.3
San Antonio - Los Ángeles,2026-10-05 21:00:00,74,0.0,26,36,329,1.3
San Antonio - Los Ángeles,2026-10-05 21:00:00,77,0.0,23,57,342,1.2
San Antonio - Los Ángeles,2026-10-05 21:00:00,80,0.0,23,56,8,1.0
San Antonio - Los Ángeles,2026-10-05 21:00:00,83,0.0,28,56,21,0.7
San Antonio - Los Ángeles,2026-10-05 21:00:00,86,0.0,32,55,349,2.0
San Antonio - Los Ángeles,2026-10-05 21:00:00,89,1.5,37,84,310,3.3
San Antonio - Los Ángeles,2026-10-05 21:00:00,92,2.9,37,84,240,2.6
San Antonio - Los Ángeles,2026-10-05 21:00:00,95,1.9,34,90,169,1.9
San Antonio - Los Ángeles,2026-10-05 21:00:00,98,1.1,32,89,158,1.1
San Antonio - Los Ángeles,2026-10-05 21:00:00,101,2.8,31,90,139,0.3
San Borja,2026-10-05 21:00:00,2,0.0,25,36,322,2.5
San Borja,2026-10-05 21:00:00,5,0.0,22,56,328,1.5
San Borja,2026-10-05 21:00:00,8,0.0,22,56,243,1.4
San Borja,2026-10-05 21:00:00,11,0.0,25,56,157,0.8
San Borja,2026-10-05 21:00:00,14,0.0,29,56,80,1.5
San Borja,2026-10-05 21:00:00,17,0.0,30,56,353,2.2
San Borja,2026-10-05 21:00:00,20,0.0,30,56,290,1.8
San Borja,2026-10-05 21:00:00,23,0.0,30,36,218,1.2
San Borja,2026-10-05 21:00:00,26,0.0,28,36,256,1.0
San Borja,2026-10-05 21:00:00,29,0.0,22,36,289,0.8
San Borja,2026-10-05 21:00:00,32,0.0,22,37,298,1.1
San Borja,2026-10-05 21:00:00,35,0.0,27,36,285,1.4
San Borja,2026-10-05 21:00:00,38,0.0,30,36,306,2.7
San Borja,2026-10-05 21:00:00,41,0.0,31,37,320,3.9
San Borja,2026-10-05 21:00:00,44,0.0,31,36,326,2.9
San Borja,2026-10-05 21:00:00,47,0.0,31,56,326,2.1
San Borja,2026-10-05 21:00:00,50,0.0,28,56,323,1.8
San Borja,2026-10-05 21:00:00,53,0.0,23,36,312,1.5
San Borja,2026-10-05 21:00:00,56,0.0,23,36,352,1.8
San Borja,2026-10-05 21:00:00,59,0.0,28,36,322,2.2
San Borja,2026-10-05 21:00:00,62,0.0,30,36,332,3.0
San Borja,2026-10-05 21:00:00,65,0.0,31,36,335,3.9
San Borja,2026-10-05 21:00:00,68,0.0,31,36,310,2.3
San Borja,2026-10-05 21:00:00,71,0.0,30,36,283,0.7
San Borja,2026-10-05 21:00:00,74,0.0,24,36,295,1.1
San Borja,2026-10-05 21:00:00,77,0.0,24,37,305,1.5
San Borja,2026-10-05 21:00:00,80,0.0,24,37,332,1.9
San Borja,2026-10-05 21:00:00,83,0.0,27,36,313,2.3
San Borja,2026-10-05 21:00:00,86,0.0,28,36,323,2.9
San Borja,2026-10-05 21:00:00,89,0.0,30,56,330,3.4
San Borja,2026-10-05 21:00:00,92,0.0,30,56,290,3.0
San Borja,2026-10-05 21:00:00,95,2.8,28,84,248,2.6
San Borja,2026-10-05 21:00:00,98,1.4,27,84,226,2.4
San Borja,2026-10-05 21:00:00,101,2.8,26,84,196,2.4
San Buenaventura,2026-10-05 21:00:00,2,0.0,25,36,270,1.3
San Buenaventura,2026-10-05 21:00:00,5,0.0,20,36,232,0.7
San Buenaventura,2026-10-05 21:00:00,8,0.0,20,35,265,0.7
San Buenaventura,2026-10-05 21:00:00,11,0.0,24,36,207,0.9
San Buenaventura,2026-10-05 21:00:00,14,0.0,28,36,248,1.9
San Buenaventura,2026-10-05 21:00:00,17,0.0,30,56,278,2.8
San Buenaventura,2026-10-05 21:00:00,20,0.0,30,56,246,1.9
San Buenaventura,2026-10-05 21:00:00,23,0.0,29,36,205,0.9
San Buenaventura,2026-10-05 21:00:00,26,0.0,24,36,202,0.6
San Buenaventura,2026-10-05 21:00:00,29,0.0,20,37,192,0.4
San Buenaventura,2026-10-05 21:00:00,32,0.0,20,36,230,0.9
San Buenaventura,2026-10-05 21:00:00,35,0.0,26,36,213,0.8
San Buenaventura,2026-10-05 21:00:00,38,0.0,29,36,273,1.9
San Buenaventura,2026-10-05 21:00:00,41,0.0,31,56,330,3.0
San Buenaventura,2026-10-05 21:00:00,44,0.0,31,55,320,2.2
San Buenaventura,2026-10-05 21:00:00,47,0.0,30,36,310,1.5
San Buenaventura,2026-10-05 21:00:00,50,0.0,27,36,273,1.2
San Buenaventura,2026-10-05 21:00:00,53,0.0,20,36,232,0.9
San Buenaventura,2026-10-05 21:00:00,56,0.0,21,35,235,0.8
San Buenaventura,2026-10-05 21:00:00,59,0.0,27,36,225,0.6
San Buenaventura,2026-10-05 21:00:00,62,0.0,30,36,292,2.2
San Buenaventura,2026-10-05 21:00:00,65,0.0,32,56,350,3.8
San Buenaventura,2026-10-05 21:00:00,68,0.0,32,56,331,2.5
San Buenaventura,2026-10-05 21:00:00,71,0.0,30,36,311,1.3
San Buenaventura,2026-10-05 21:00:00,74,0.0,24,36,280,0.9
San Buenaventura,2026-10-05 21:00:00,77,0.0,22,36,240,0.5
San Buenaventura,2026-10-05 21:00:00,80,0.0,22,36,222,0.5
San Buenaventura,2026-10-05 21:00:00,83,0.0,24,36,225,0.5
San Buenaventura,2026-10-05 21:00:00,86,0.0,28,36,292,2.0
San Buenaventura,2026-10-05 21:00:00,89,0.0,33,36,350,3.6
San Buenaventura,2026-10-05 21:00:00,92,0.0,33,36,347,2.3
San Buenaventura,2026-10-05 21:00:00,95,0.0,25,56,171,1.1
San Buenaventura,2026-10-05 21:00:00,98,0.0,24,56,190,1.1
San Buenaventura,2026-10-05 21:00:00,101,0.0,22,56,200,1.1
San Ignacio de Moxos,2026-10-05 21:00:00,2,0.0,28,56,360,2.5
San Ignacio de Moxos,2026-10-05 21:00:00,5,0.0,22,57,8,3.1
San Ignacio de Moxos,2026-10-05 21:00:00,8,0.0,22,56,25,1.4
San Ignacio de Moxos,2026-10-05 21:00:00,11,0.0,28,56,52,1.0
San Ignacio de Moxos,2026-10-05 21:00:00,14,0.0,31,56,14,2.0
San Ignacio de Moxos,2026-10-05 21:00:00,17,0.0,34,56,333,2.9
San Ignacio de Moxos,2026-10-05 21:00:00,20,0.0,34,56,333,2.2
San Ignacio de Moxos,2026-10-05 21:00:00,23,0.0,30,56,332,1.4
San Ignacio de Moxos,2026-10-05 21:00:00,26,0.0,27,56,330,1.3
San Ignacio de Moxos,2026-10-05 21:00:00,29,0.0,23,36,323,1.2
San Ignacio de Moxos,2026-10-05 21:00:00,32,0.0,23,36,323,1.9
San Ignacio de Moxos,2026-10-05 21:00:00,35,0.0,30,36,340,3.0
San Ignacio de Moxos,2026-10-05 21:00:00,38,0.0,34,36,334,3.5
San Ignacio de Moxos,2026-10-05 21:00:00,41,0.0,35,36,324,4.0
San Ignacio de Moxos,2026-10-05 21:00:00,44,0.0,35,36,336,3.3
San Ignacio de Moxos,2026-10-05 21:00:00,47,0.0,34,56,342,2.5
San Ignacio de Moxos,2026-10-05 21:00:00,50,0.0,30,56,339,2.1
San Ignacio de Moxos,2026-10-05 21:00:00,53,0.0,23,56,335,1.7
San Ignacio de Moxos,2026-10-05 21:00:00,56,0.0,23,56,350,2.4
San Ignacio de Moxos,2026-10-05 21:00:00,59,0.0,31,56,350,3.3
San Ignacio de Moxos,2026-10-05 21:00:00,62,0.0,34,56,342,3.7
San Ignacio de Moxos,2026-10-05 21:00:00,65,0.0,36,56,332,4.0
San Ignacio de Moxos,2026-10-05 21:00:00,68,0.0,36,56,353,2.9
San Ignacio de Moxos,2026-10-05 21:00:00,71,0.0,32,36,11,1.7
San Ignacio de Moxos,2026-10-05 21:00:00,74,0.0,26,36,1,2.0
San Ignacio de Moxos,2026-10-05 21:00:00,77,0.0,22,36,350,2.4
San Ignacio de Moxos,2026-10-05 21:00:00,80,0.0,22,56,344,2.4
San Ignacio de Moxos,2026-10-05 21:00:00,83,0.0,27,56,334,2.4
San Ignacio de Moxos,2026-10-05 21:00:00,86,0.0,30,56,330,2.8
San Ignacio de Moxos,2026-10-05 21:00:00,89,0.0,34,57,320,3.1
San Ignacio de Moxos,2026-10-05 21:00:00,92,0.0,34,56,337,2.3
San Ignacio de Moxos,2026-10-05 21:00:00,95,2.1,28,84,355,1.5
San Ignacio de Moxos,2026-10-05 21:00:00,98,2.2,26,84,335,1.2
San Ignacio de Moxos,2026-10-05 21:00:00,101,2.3,24,84,311,0.9
San Ignacio de Velasco,2026-10-05 21:00:00,2,4.1,24,85,24,3.0
San Ignacio de Velasco,2026-10-05 21:00:00,5,0.0,22,56,30,2.7
San Ignacio de Velasco,2026-10-05 21:00:00,8,0.0,22,56,360,2.6
San Ignacio de Velasco,2026-10-05 21:00:00,11,0.0,24,56,350,2.6
San Ignacio de Velasco,2026-10-05 21:00:00,14,0.0,27,56,337,3.3
San Ignacio de Velasco,2026-10-05 21:00:00,17,0.0,31,55,317,3.9
San Ignacio de Velasco,2026-10-05 21:00:00,20,0.0,31,56,341,2.3
San Ignacio de Velasco,2026-10-05 21:00:00,23,0.0,29,36,4,0.7
San Ignacio de Velasco,2026-10-05 21:00:00,26,0.0,26,36,23,1.3
San Ignacio de Velasco,2026-10-05 21:00:00,29,0.0,23,37,33,1.8
San Ignacio de Velasco,2026-10-05 21:00:00,32,0.0,23,36,10,3.3
San Ignacio de Velasco,2026-10-05 21:00:00,35,0.0,27,36,350,3.7
San Ignacio de Velasco,2026-10-05 21:00:00,38,0.0,30,36,340,4.5
San Ignacio de Velasco,2026-10-05 21:00:00,41,0.0,33,37,328,5.3
San Ignacio de Velasco,2026-10-05 21:00:00,44,0.0,33,36,360,3.7
San Ignacio de Velasco,2026-10-05 21:00:00,47,0.0,30,36,26,2.0
San Ignacio de Velasco,2026-10-05 21:00:00,50,0.0,27,36,16,2.0
San Ignacio de Velasco,2026-10-05 21:00:00,53,0.0,24,36,0,2.0
San Ignacio de Velasco,2026-10-05 21:00:00,56,0.0,24,26,17,3.4
San Ignacio de Velasco,2026-10-05 21:00:00,59,0.0,29,26,350,4.3
San Ignacio de Velasco,2026-10-05 21:00:00,62,0.0,31,27,340,4.8
San Ignacio de Velasco,2026-10-05 21:00:00,65,0.0,34,36,330,5.3
San Ignacio de Velasco,2026-10-05 21:00:00,68,0.0,34,36,350,3.6
San Ignacio de Velasco,2026-10-05 21:00:00,71,0.0,29,36,2,1.8
San Ignacio de Velasco,2026-10-05 21:00:00,74,0.0,25,36,6,1.8
San Ignacio de Velasco,2026-10-05 21:00:00,77,0.0,23,56,6,1.8
San Ignacio de Velasco,2026-10-05 21:00:00,80,0.0,23,57,332,2.9
San Ignacio de Velasco,2026-10-05 21:00:00,83,0.0,26,55,313,3.5
San Ignacio de Velasco,2026-10-05 21:00:00,86,0.0,29,57,330,4.2
San Ignacio de Velasco,2026-10-05 21:00:00,89,3.4,32,84,347,4.8
San Ignacio de Velasco,2026-10-05 21:00:00,92,0.7,32,84,57,3.4
San Ignacio de Velasco,2026-10-05 21:00:00,95,1.4,26,89,157,2.0
San Ignacio de Velasco,2026-10-05 21:00:00,98,2.8,26,90,137,1.9
San Ignacio de Velasco,2026-10-05 21:00:00,101,2.8,25,89,117,1.6
San Javier,2026-10-05 21:00:00,2,3.4,24,84,7,2.1
San Javier,2026-10-05 21:00:00,5,0.0,22,56,17,2.3
San Javier,2026-10-05 21:00:00,8,0.0,22,56,283,1.9
San Javier,2026-10-05 21:00:00,11,0.0,24,56,360,2.8
San Javier,2026-10-05 21:00:00,14,0.0,28,56,330,2.8
San Javier,2026-10-05 21:00:00,17,0.0,29,56,300,2.7
San Javier,2026-10-05 21:00:00,20,0.0,29,55,340,2.2
San Javier,2026-10-05 21:00:00,23,0.0,27,36,13,1.5
San Javier,2026-10-05 21:00:00,26,0.0,25,36,20,1.9
San Javier,2026-10-05 21:00:00,29,0.0,23,36,20,2.2
San Javier,2026-10-05 21:00:00,32,0.0,23,37,360,4.2
San Javier,2026-10-05 21:00:00,35,0.0,26,36,350,4.4
San Javier,2026-10-05 21:00:00,38,0.0,28,37,330,4.8
San Javier,2026-10-05 21:00:00,41,0.0,31,36,310,5.2
San Javier,2026-10-05 21:00:00,44,0.0,31,35,340,4.0
San Javier,2026-10-05 21:00:00,47,0.0,31,36,10,2.8
San Javier,2026-10-05 21:00:00,50,0.0,27,36,10,3.5
San Javier,2026-10-05 21:00:00,53,0.0,24,36,10,4.1
San Javier,2026-10-05 21:00:00,56,0.0,24,26,10,4.1
San Javier,2026-10-05 21:00:00,59,0.0,29,27,360,4.9
San Javier,2026-10-05 21:00:00,62,0.0,31,26,340,4.9
San Javier,2026-10-05 21:00:00,65,0.0,32,36,320,4.8
San Javier,2026-10-05 21:00:00,68,0.0,32,36,350,3.5
San Javier,2026-10-05 21:00:00,71,0.0,28,37,10,2.2
San Javier,2026-10-05 21:00:00,74,0.0,24,36,10,2.4
San Javier,2026-10-05 21:00:00,77,0.0,23,56,10,2.6
San Javier,2026-10-05 21:00:00,80,0.0,23,57,360,3.4
San Javier,2026-10-05 21:00:00,83,0.0,26,56,350,3.7
San Javier,2026-10-05 21:00:00,86,0.0,28,56,356,4.2
San Javier,2026-10-05 21:00:00,89,0.8,30,84,3,4.6
San Javier,2026-10-05 21:00:00,92,1.6,30,85,3,3.0
San Javier,2026-10-05 21:00:00,95,1.6,28,90,354,1.3
San Javier,2026-10-05 21:00:00,98,1.6,27,90,277,1.9
San Javier,2026-10-05 21:00:00,101,3.2,26,89,200,2.5
San Jose,2026-10-05 21:00:00,2,2.5,26,85,341,1.6
San Jose,2026-10-05 21:00:00,5,0.0,23,56,13,1.2
San Jose,2026-10-05 21:00:00,8,0.0,23,56,45,2.4
San Jose,2026-10-05 21:00:00,11,0.0,26,56,350,3.2
San Jose,2026-10-05 21:00:00,14,0.0,29,57,9,2.8
San Jose,2026-10-05 21:00:00,17,0.0,31,56,27,2.4
San Jose,2026-10-05 21:00:00,20,0.0,31,56,63,2.2
San Jose,2026-10-05 21:00:00,23,0.0,30,37,91,2.0
San Jose,2026-10-05 21:00:00,26,0.0,27,37,79,2.1
San Jose,2026-10-05 21:00:00,29,0.0,24,36,63,2.2
San Jose,2026-10-05 21:00:00,32,0.0,24,36,30,4.2
San Jose,2026-10-05 21:00:00,35,0.0,26,36,20,4.6
San Jose,2026-10-05 21:00:00,38,0.0,29,36,360,5.2
San Jose,2026-10-05 21:00:00,41,0.0,33,36,340,5.8
San Jose,2026-10-05 21:00:00,44,0.0,33,35,360,4.8
San Jose,2026-10-05 21:00:00,47,0.0,30,36,20,3.9
San Jose,2026-10-05 21:00:00,50,0.0,28,36,39,2.9
San Jose,2026-10-05 21:00:00,53,0.0,25,37,54,1.9
San Jose,2026-10-05 21:00:00,56,0.0,25,26,20,3.5
San Jose,2026-10-05 21:00:00,59,0.0,29,26,5,4.6
San Jose,2026-10-05 21:00:00,62,0.0,32,26,354,5.5
San Jose,2026-10-05 21:00:00,65,0.0,34,36,339,6.4
San Jose,2026-10-05 21:00:00,68,0.0,34,36,354,4.7
San Jose,2026-10-05 21:00:00,71,0.0,31,35,5,2.9
San Jose,2026-10-05 21:00:00,74,0.0,29,36,30,2.2
San Jose,2026-10-05 21:00:00,77,0.0,24,56,51,1.4
San Jose,2026-10-05 21:00:00,80,0.0,24,56,243,1.8
San Jose,2026-10-05 21:00:00,83,0.0,26,57,253,2.2
San Jose,2026-10-05 21:00:00,86,0.0,27,56,274,1.8
San Jose,2026-10-05 21:00:00,89,2.5,32,84,292,1.5
San Jose,2026-10-05 21:00:00,92,1.4,32,84,302,1.0
San Jose,2026-10-05 21:00:00,95,2.3,29,89,310,0.6
San Jose,2026-10-05 21:00:00,98,2.9,28,89,284,1.4
San Jose,2026-10-05 21:00:00,101,2.7,27,89,252,2.2
San Julian - Comunidad Los Angeles,2026-10-05 21:00:00,2,2.9,29,84,262,2.1
San Julian - Comunidad Los Angeles,2026-10-05 21:00:00,5,0.0,25,56,168,1.4
San Julian - Comunidad Los Angeles,2026-10-05 21:00:00,8,0.0,25,56,157,1.3
San Julian - Comunidad Los Angeles,2026-10-05 21:00:00,11,0.0,29,56,108,0.6
San Julian - Comunidad Los Angeles,2026-10-05 21:00:00,14,0.0,32,55,30,2.2
San Julian - Comunidad Los Angeles,2026-10-05 21:00:00,17,0.0,34,56,310,3.8
San Julian - Comunidad Los Angeles,2026-10-05 21:00:00,20,0.0,34,56,331,2.6
San Julian - Comunidad Los Angeles,2026-10-05 21:00:00,23,0.0,33,56,352,1.4
San Julian - Comunidad Los Angeles,2026-10-05 21:00:00,26,0.0,31,56,352,1.5
San Julian - Comunidad Los Angeles,2026-10-05 21:00:00,29,0.0,26,36,351,1.6
San Julian - Comunidad Los Angeles,2026-10-05 21:00:00,32,0.0,26,37,360,3.5
San Julian - Comunidad Los Angeles,2026-10-05 21:00:00,35,0.0,31,36,351,4.2
San Julian - Comunidad Los Angeles,2026-10-05 21:00:00,38,0.0,34,36,340,5.2
San Julian - Comunidad Los Angeles,2026-10-05 21:00:00,41,0.0,36,36,320,6.2
San Julian - Comunidad Los Angeles,2026-10-05 21:00:00,44,0.0,36,36,350,5.3
San Julian - Comunidad Los Angeles,2026-10-05 21:00:00,47,0.0,34,35,10,4.3
San Julian - Comunidad Los Angeles,2026-10-05 21:00:00,50,0.0,31,36,360,3.8
San Julian - Comunidad Los Angeles,2026-10-05 21:00:00,53,0.0,25,36,348,3.4
San Julian - Comunidad Los Angeles,2026-10-05 21:00:00,56,0.0,25,26,359,4.0
San Julian - Comunidad Los Angeles,2026-10-05 21:00:00,59,0.0,31,26,339,4.9
San Julian - Comunidad Los Angeles,2026-10-05 21:00:00,62,0.0,36,25,332,5.4
San Julian - Comunidad Los Angeles,2026-10-05 21:00:00,65,0.0,37,26,322,6.0
San Julian - Comunidad Los Angeles,2026-10-05 21:00:00,68,0.0,37,26,342,4.8
San Julian - Comunidad Los Angeles,2026-10-05 21:00:00,71,0.0,33,37,360,3.5
San Julian - Comunidad Los Angeles,2026-10-05 21:00:00,74,0.0,29,36,8,2.9
San Julian - Comunidad Los Angeles,2026-10-05 21:00:00,77,0.0,24,56,8,2.4
San Julian - Comunidad Los Angeles,2026-10-05 21:00:00,80,0.0,24,56,322,1.5
San Julian - Comunidad Los Angeles,2026-10-05 21:00:00,83,0.0,27,56,294,1.2
San Julian - Comunidad Los Angeles,2026-10-05 21:00:00,86,0.0,30,56,301,2.2
San Julian - Comunidad Los Angeles,2026-10-05 21:00:00,89,3.1,34,84,298,3.1
San Julian - Comunidad Los Angeles,2026-10-05 21:00:00,92,2.8,34,84,323,2.5
San Julian - Comunidad Los Angeles,2026-10-05 21:00:00,95,2.6,31,90,347,1.8
San Julian - Comunidad Los Angeles,2026-10-05 21:00:00,98,0.9,30,89,352,1.8
San Julian - Comunidad Los Angeles,2026-10-05 21:00:00,101,3.3,29,90,161,1.8
San Julián - Núcleo 32,2026-10-05 21:00:00,2,2.6,29,84,281,1.5
San Julián - Núcleo 32,2026-10-05 21:00:00,5,0.0,25,56,162,1.1
San Julián - Núcleo 32,2026-10-05 21:00:00,8,0.0,25,56,128,1.1
San Julián - Núcleo 32,2026-10-05 21:00:00,11,0.0,28,56,93,0.7
San Julián - Núcleo 32,2026-10-05 21:00:00,14,0.0,30,56,28,1.5
San Julián - Núcleo 32,2026-10-05 21:00:00,17,0.0,33,56,320,2.4
San Julián - Núcleo 32,2026-10-05 21:00:00,20,0.0,33,56,340,1.7
San Julián - Núcleo 32,2026-10-05 21:00:00,23,0.0,32,56,360,1.0
San Julián - Núcleo 32,2026-10-05 21:00:00,26,0.0,30,56,1,1.0
San Julián - Núcleo 32,2026-10-05 21:00:00,29,0.0,26,36,353,1.0
San Julián - Núcleo 32,2026-10-05 21:00:00,32,0.0,26,36,360,2.9
San Julián - Núcleo 32,2026-10-05 21:00:00,35,0.0,29,36,350,3.5
San Julián - Núcleo 32,2026-10-05 21:00:00,38,0.0,33,36,340,3.9
San Julián - Núcleo 32,2026-10-05 21:00:00,41,0.0,35,35,320,4.3
San Julián - Núcleo 32,2026-10-05 21:00:00,44,0.0,35,36,340,3.7
San Julián - Núcleo 32,2026-10-05 21:00:00,47,0.0,33,36,360,3.0
San Julián - Núcleo 32,2026-10-05 21:00:00,50,0.0,30,36,360,3.0
San Julián - Núcleo 32,2026-10-05 21:00:00,53,0.0,25,37,350,3.0
San Julián - Núcleo 32,2026-10-05 21:00:00,56,0.0,25,25,360,3.1
San Julián - Núcleo 32,2026-10-05 21:00:00,59,0.0,30,27,358,3.6
San Julián - Núcleo 32,2026-10-05 21:00:00,62,0.0,35,26,348,4.1
San Julián - Núcleo 32,2026-10-05 21:00:00,65,0.0,36,26,330,4.5
San Julián - Núcleo 32,2026-10-05 21:00:00,68,0.0,36,26,342,3.4
San Julián - Núcleo 32,2026-10-05 21:00:00,71,0.0,31,36,352,2.3
San Julián - Núcleo 32,2026-10-05 21:00:00,74,0.0,29,36,360,2.3
San Julián - Núcleo 32,2026-10-05 21:00:00,77,0.0,24,57,360,2.4
San Julián - Núcleo 32,2026-10-05 21:00:00,80,0.0,24,56,331,2.1
San Julián - Núcleo 32,2026-10-05 21:00:00,83,0.0,26,56,321,2.4
San Julián - Núcleo 32,2026-10-05 21:00:00,86,0.0,29,56,318,2.6
San Julián - Núcleo 32,2026-10-05 21:00:00,89,2.2,33,84,308,2.7
San Julián - Núcleo 32,2026-10-05 21:00:00,92,2.3,33,84,8,2.2
San Julián - Núcleo 32,2026-10-05 21:00:00,95,0.5,30,89,65,1.7
San Julián - Núcleo 32,2026-10-05 21:00:00,98,1.8,29,89,118,1.6
San Julián - Núcleo 32,2026-10-05 21:00:00,101,2.6,28,89,161,1.5
San Matias,2026-10-05 21:00:00,2,4.0,26,84,39,2.9
San Matias,2026-10-05 21:00:00,5,0.0,24,56,27,3.2
San Matias,2026-10-05 21:00:00,8,0.0,24,55,10,2.8
San Matias,2026-10-05 21:00:00,11,0.0,27,56,357,2.6
San Matias,2026-10-05 21:00:00,14,0.0,29,55,337,3.0
San Matias,2026-10-05 21:00:00,17,0.0,33,57,309,3.4
San Matias,2026-10-05 21:00:00,20,0.0,33,56,360,3.1
San Matias,2026-10-05 21:00:00,23,0.0,30,36,41,2.9
San Matias,2026-10-05 21:00:00,26,0.0,27,36,50,2.8
San Matias,2026-10-05 21:00:00,29,0.0,25,37,50,2.8
San Matias,2026-10-05 21:00:00,32,0.0,25,36,20,3.3
San Matias,2026-10-05 21:00:00,35,0.0,27,36,20,4.1
San Matias,2026-10-05 21:00:00,38,0.0,30,37,17,3.9
San Matias,2026-10-05 21:00:00,41,0.0,35,36,7,3.8
San Matias,2026-10-05 21:00:00,44,0.0,35,36,17,3.3
San Matias,2026-10-05 21:00:00,47,0.0,33,37,17,2.8
San Matias,2026-10-05 21:00:00,50,0.0,29,37,27,2.9
San Matias,2026-10-05 21:00:00,53,0.0,26,36,27,3.1
San Matias,2026-10-05 21:00:00,56,0.0,26,26,10,3.1
San Matias,2026-10-05 21:00:00,59,0.0,30,26,360,3.5
San Matias,2026-10-05 21:00:00,62,0.0,34,26,357,4.1
San Matias,2026-10-05 21:00:00,65,0.0,36,36,349,4.7
San Matias,2026-10-05 21:00:00,68,0.0,36,36,357,4.1
San Matias,2026-10-05 21:00:00,71,0.0,33,37,360,3.4
San Matias,2026-10-05 21:00:00,74,0.0,26,36,360,2.7
San Matias,2026-10-05 21:00:00,77,0.0,25,57,357,1.9
San Matias,2026-10-05 21:00:00,80,0.0,25,56,360,2.7
San Matias,2026-10-05 21:00:00,83,0.0,28,56,360,3.1
San Matias,2026-10-05 21:00:00,86,0.0,31,56,346,3.6
San Matias,2026-10-05 21:00:00,89,2.3,34,84,323,4.0
San Matias,2026-10-05 21:00:00,92,3.0,34,84,307,3.8
San Matias,2026-10-05 21:00:00,95,1.7,30,89,287,3.6
San Matias,2026-10-05 21:00:00,98,2.6,29,89,270,3.0
San Matias,2026-10-05 21:00:00,101,2.2,27,89,250,2.4
San Pablo de Lipez (GPRS),2026-10-05 21:00:00,2,0.0,0,26,276,8.5
San Pablo de Lipez (GPRS),2026-10-05 21:00:00,5,0.0,-6,26,276,6.2
San Pablo de Lipez (GPRS),2026-10-05 21:00:00,8,0.0,-6,26,270,3.9
San Pablo de Lipez (GPRS),2026-10-05 21:00:00,11,0.0,4,26,280,4.4
San Pablo de Lipez (GPRS),2026-10-05 21:00:00,14,0.0,9,26,290,7.4
San Pablo de Lipez (GPRS),2026-10-05 21:00:00,17,0.0,13,26,295,10.4
San Pablo de Lipez (GPRS),2026-10-05 21:00:00,20,0.0,13,26,280,7.8
San Pablo de Lipez (GPRS),2026-10-05 21:00:00,23,0.0,9,26,256,5.3
San Pablo de Lipez (GPRS),2026-10-05 21:00:00,26,0.0,4,26,285,3.8
San Pablo de Lipez (GPRS),2026-10-05 21:00:00,29,0.0,-7,27,310,2.3
San Pablo de Lipez (GPRS),2026-10-05 21:00:00,32,0.0,-7,26,295,3.0
San Pablo de Lipez (GPRS),2026-10-05 21:00:00,35,0.0,2,26,309,3.3
San Pablo de Lipez (GPRS),2026-10-05 21:00:00,38,0.0,7,27,309,5.7
San Pablo de Lipez (GPRS),2026-10-05 21:00:00,41,0.0,14,26,309,8.2
San Pablo de Lipez (GPRS),2026-10-05 21:00:00,44,0.0,14,25,290,6.4
San Pablo de Lipez (GPRS),2026-10-05 21:00:00,47,0.0,7,26,271,4.7
San Pablo de Lipez (GPRS),2026-10-05 21:00:00,50,0.0,1,26,315,3.9
San Pablo de Lipez (GPRS),2026-10-05 21:00:00,53,0.0,-7,26,354,3.1
San Pablo de Lipez (GPRS),2026-10-05 21:00:00,56,0.0,-7,25,339,2.6
San Pablo de Lipez (GPRS),2026-10-05 21:00:00,59,0.0,3,26,324,2.4
San Pablo de Lipez (GPRS),2026-10-05 21:00:00,62,0.0,8,26,324,7.6
San Pablo de Lipez (GPRS),2026-10-05 21:00:00,65,0.0,14,26,320,12.7
San Pablo de Lipez (GPRS),2026-10-05 21:00:00,68,0.0,14,26,310,11.4
San Pablo de Lipez (GPRS),2026-10-05 21:00:00,71,0.0,7,26,295,10.0
San Pablo de Lipez (GPRS),2026-10-05 21:00:00,74,0.0,-4,26,310,7.3
San Pablo de Lipez (GPRS),2026-10-05 21:00:00,77,0.0,-6,26,320,4.5
San Pablo de Lipez (GPRS),2026-10-05 21:00:00,80,0.0,-6,26,339,3.7
San Pablo de Lipez (GPRS),2026-10-05 21:00:00,83,0.0,3,26,324,4.3
San Pablo de Lipez (GPRS),2026-10-05 21:00:00,86,0.0,7,27,314,10.1
San Pablo de Lipez (GPRS),2026-10-05 21:00:00,89,0.0,15,26,300,16.0
San Pablo de Lipez (GPRS),2026-10-05 21:00:00,92,0.0,15,26,280,10.8
San Pablo de Lipez (GPRS),2026-10-05 21:00:00,95,0.0,12,26,250,5.6
San Pablo de Lipez (GPRS),2026-10-05 21:00:00,98,0.0,10,26,265,3.9
San Pablo de Lipez (GPRS),2026-10-05 21:00:00,101,0.0,9,26,270,2.1
San Pedro - Río Victoria,2026-10-05 21:00:00,2,1.4,25,84,237,1.0
San Pedro - Río Victoria,2026-10-05 21:00:00,5,0.0,24,56,86,0.7
San Pedro - Río Victoria,2026-10-05 21:00:00,8,0.0,24,56,110,1.4
San Pedro - Río Victoria,2026-10-05 21:00:00,11,0.0,25,56,111,1.3
San Pedro - Río Victoria,2026-10-05 21:00:00,14,0.0,27,56,42,1.8
San Pedro - Río Victoria,2026-10-05 21:00:00,17,0.0,33,56,326,2.2
San Pedro - Río Victoria,2026-10-05 21:00:00,20,0.0,33,55,326,1.7
San Pedro - Río Victoria,2026-10-05 21:00:00,23,0.0,29,56,319,1.1
San Pedro - Río Victoria,2026-10-05 21:00:00,26,0.0,27,56,336,1.1
San Pedro - Río Victoria,2026-10-05 21:00:00,29,0.0,25,36,346,1.2
San Pedro - Río Victoria,2026-10-05 21:00:00,32,0.0,25,36,3,2.3
San Pedro - Río Victoria,2026-10-05 21:00:00,35,0.0,26,36,343,2.8
San Pedro - Río Victoria,2026-10-05 21:00:00,38,0.0,29,37,336,3.5
San Pedro - Río Victoria,2026-10-05 21:00:00,41,0.0,35,36,323,4.2
San Pedro - Río Victoria,2026-10-05 21:00:00,44,0.0,35,36,346,3.3
San Pedro - Río Victoria,2026-10-05 21:00:00,47,0.0,31,36,3,2.3
San Pedro - Río Victoria,2026-10-05 21:00:00,50,0.0,29,36,3,2.5
San Pedro - Río Victoria,2026-10-05 21:00:00,53,0.0,24,36,360,2.7
San Pedro - Río Victoria,2026-10-05 21:00:00,56,0.0,24,26,350,2.1
San Pedro - Río Victoria,2026-10-05 21:00:00,59,0.0,29,26,3,2.5
San Pedro - Río Victoria,2026-10-05 21:00:00,62,0.0,31,26,346,3.3
San Pedro - Río Victoria,2026-10-05 21:00:00,65,0.0,36,26,326,4.1
San Pedro - Río Victoria,2026-10-05 21:00:00,68,0.0,36,26,343,2.9
San Pedro - Río Victoria,2026-10-05 21:00:00,71,0.0,32,36,356,1.7
San Pedro - Río Victoria,2026-10-05 21:00:00,74,0.0,26,36,350,1.7
San Pedro - Río Victoria,2026-10-05 21:00:00,77,0.0,23,56,343,1.8
San Pedro - Río Victoria,2026-10-05 21:00:00,80,0.0,23,56,320,1.7
San Pedro - Río Victoria,2026-10-05 21:00:00,83,0.0,26,56,318,2.0
San Pedro - Río Victoria,2026-10-05 21:00:00,86,0.0,28,55,324,2.1
San Pedro - Río Victoria,2026-10-05 21:00:00,89,1.2,33,84,326,2.1
San Pedro - Río Victoria,2026-10-05 21:00:00,92,3.0,33,84,12,1.9
San Pedro - Río Victoria,2026-10-05 21:00:00,95,1.5,30,89,50,1.6
San Pedro - Río Victoria,2026-10-05 21:00:00,98,2.2,29,88,288,1.1
San Pedro - Río Victoria,2026-10-05 21:00:00,101,2.6,28,90,225,0.6
San Pedro de Buena Vista,2026-10-05 21:00:00,2,0.0,9,26,253,8.9
San Pedro de Buena Vista,2026-10-05 21:00:00,5,0.0,0,26,263,2.9
San Pedro de Buena Vista,2026-10-05 21:00:00,8,0.0,0,26,296,1.4
San Pedro de Buena Vista,2026-10-05 21:00:00,11,0.0,9,26,276,2.0
San Pedro de Buena Vista,2026-10-05 21:00:00,14,0.0,14,26,286,2.3
San Pedro de Buena Vista,2026-10-05 21:00:00,17,0.0,27,26,293,2.7
San Pedro de Buena Vista,2026-10-05 21:00:00,20,0.0,27,27,360,2.6
San Pedro de Buena Vista,2026-10-05 21:00:00,23,0.0,19,25,65,2.4
San Pedro de Buena Vista,2026-10-05 21:00:00,26,0.0,12,26,19,2.0
San Pedro de Buena Vista,2026-10-05 21:00:00,29,0.0,-1,27,332,1.5
San Pedro de Buena Vista,2026-10-05 21:00:00,32,0.0,-1,25,295,2.2
San Pedro de Buena Vista,2026-10-05 21:00:00,35,0.0,15,26,266,2.5
San Pedro de Buena Vista,2026-10-05 21:00:00,38,0.0,20,27,276,2.5
San Pedro de Buena Vista,2026-10-05 21:00:00,41,0.0,28,26,285,2.3
San Pedro de Buena Vista,2026-10-05 21:00:00,44,0.0,28,26,348,2.3
San Pedro de Buena Vista,2026-10-05 21:00:00,47,0.0,22,27,46,2.2
San Pedro de Buena Vista,2026-10-05 21:00:00,50,0.0,17,27,13,2.4
San Pedro de Buena Vista,2026-10-05 21:00:00,53,0.0,-1,25,333,2.6
San Pedro de Buena Vista,2026-10-05 21:00:00,56,0.0,-1,27,307,2.6
San Pedro de Buena Vista,2026-10-05 21:00:00,59,0.0,16,26,307,2.6
San Pedro de Buena Vista,2026-10-05 21:00:00,62,0.0,19,26,349,2.9
San Pedro de Buena Vista,2026-10-05 21:00:00,65,0.0,28,26,22,3.2
San Pedro de Buena Vista,2026-10-05 21:00:00,68,0.0,28,26,39,3.0
San Pedro de Buena Vista,2026-10-05 21:00:00,71,0.0,16,37,55,2.7
San Pedro de Buena Vista,2026-10-05 21:00:00,74,0.0,7,36,15,2.5
San Pedro de Buena Vista,2026-10-05 21:00:00,77,0.0,0,36,328,2.3
San Pedro de Buena Vista,2026-10-05 21:00:00,80,0.0,0,36,338,2.1
San Pedro de Buena Vista,2026-10-05 21:00:00,83,0.0,14,37,7,2.2
San Pedro de Buena Vista,2026-10-05 21:00:00,86,0.0,18,37,9,3.8
San Pedro de Buena Vista,2026-10-05 21:00:00,89,0.0,27,26,4,5.4
San Pedro de Buena Vista,2026-10-05 21:00:00,92,0.0,27,26,42,3.4
San Pedro de Buena Vista,2026-10-05 21:00:00,95,0.0,23,25,78,1.5
San Pedro de Buena Vista,2026-10-05 21:00:00,98,0.0,22,26,18,1.0
San Pedro de Buena Vista,2026-10-05 21:00:00,101,0.0,20,26,313,0.5
San Pedro de Tiquina,2026-10-05 21:00:00,2,0.0,8,26,189,3.7
San Pedro de Tiquina,2026-10-05 21:00:00,5,0.0,4,26,119,4.4
San Pedro de Tiquina,2026-10-05 21:00:00,8,0.0,4,26,147,3.4
San Pedro de Tiquina,2026-10-05 21:00:00,11,0.0,7,25,178,1.2
San Pedro de Tiquina,2026-10-05 21:00:00,14,0.0,11,26,237,2.3
San Pedro de Tiquina,2026-10-05 21:00:00,17,0.0,13,36,287,3.4
San Pedro de Tiquina,2026-10-05 21:00:00,20,0.0,13,36,320,4.0
San Pedro de Tiquina,2026-10-05 21:00:00,23,0.0,11,37,352,4.5
San Pedro de Tiquina,2026-10-05 21:00:00,26,0.0,8,36,359,3.2
San Pedro de Tiquina,2026-10-05 21:00:00,29,0.0,4,36,359,1.8
San Pedro de Tiquina,2026-10-05 21:00:00,32,0.0,4,26,31,0.9
San Pedro de Tiquina,2026-10-05 21:00:00,35,0.0,8,26,317,1.1
San Pedro de Tiquina,2026-10-05 21:00:00,38,0.0,11,26,307,2.4
San Pedro de Tiquina,2026-10-05 21:00:00,41,0.0,14,57,287,3.6
San Pedro de Tiquina,2026-10-05 21:00:00,44,0.0,14,56,330,4.5
San Pedro de Tiquina,2026-10-05 21:00:00,47,0.0,11,36,6,5.3
San Pedro de Tiquina,2026-10-05 21:00:00,50,0.0,8,36,2,4.1
San Pedro de Tiquina,2026-10-05 21:00:00,53,0.0,3,36,349,2.8
San Pedro de Tiquina,2026-10-05 21:00:00,56,0.0,3,37,357,2.4
San Pedro de Tiquina,2026-10-05 21:00:00,59,0.0,8,36,355,2.1
San Pedro de Tiquina,2026-10-05 21:00:00,62,0.0,11,36,337,4.1
San Pedro de Tiquina,2026-10-05 21:00:00,65,0.0,14,56,309,6.0
San Pedro de Tiquina,2026-10-05 21:00:00,68,0.0,14,56,342,5.9
San Pedro de Tiquina,2026-10-05 21:00:00,71,0.0,9,36,12,5.8
San Pedro de Tiquina,2026-10-05 21:00:00,74,0.0,7,36,12,4.2
San Pedro de Tiquina,2026-10-05 21:00:00,77,0.0,3,36,3,2.6
San Pedro de Tiquina,2026-10-05 21:00:00,80,0.0,2,36,360,3.2
San Pedro de Tiquina,2026-10-05 21:00:00,83,0.0,8,36,357,2.6
San Pedro de Tiquina,2026-10-05 21:00:00,86,0.0,11,36,337,4.1
San Pedro de Tiquina,2026-10-05 21:00:00,89,2.5,14,75,317,5.7
San Pedro de Tiquina,2026-10-05 21:00:00,92,2.4,15,76,340,5.2
San Pedro de Tiquina,2026-10-05 21:00:00,95,0.3,12,76,2,4.7
San Pedro de Tiquina,2026-10-05 21:00:00,98,1.5,11,77,43,3.2
San Pedro de Tiquina,2026-10-05 21:00:00,101,2.9,10,76,77,1.7
San Ramon,2026-10-05 21:00:00,2,0.0,27,56,3,3.9
San Ramon,2026-10-05 21:00:00,5,0.0,25,56,350,4.5
San Ramon,2026-10-05 21:00:00,8,0.0,25,56,350,3.7
San Ramon,2026-10-05 21:00:00,11,0.0,28,56,340,4.0
San Ramon,2026-10-05 21:00:00,14,0.0,32,56,323,4.3
San Ramon,2026-10-05 21:00:00,17,0.0,34,56,303,4.7
San Ramon,2026-10-05 21:00:00,20,0.0,34,56,330,3.7
San Ramon,2026-10-05 21:00:00,23,0.0,32,56,350,2.7
San Ramon,2026-10-05 21:00:00,26,0.0,29,56,360,2.5
San Ramon,2026-10-05 21:00:00,29,0.0,26,36,8,2.4
San Ramon,2026-10-05 21:00:00,32,0.0,26,36,15,3.5
San Ramon,2026-10-05 21:00:00,35,0.0,30,36,355,3.6
San Ramon,2026-10-05 21:00:00,38,0.0,33,36,343,4.0
San Ramon,2026-10-05 21:00:00,41,0.0,35,36,325,4.3
San Ramon,2026-10-05 21:00:00,44,0.0,35,36,350,3.8
San Ramon,2026-10-05 21:00:00,47,0.0,34,56,10,3.2
San Ramon,2026-10-05 21:00:00,50,0.0,30,56,5,3.3
San Ramon,2026-10-05 21:00:00,53,0.0,26,56,355,3.3
San Ramon,2026-10-05 21:00:00,56,0.0,26,56,13,4.3
San Ramon,2026-10-05 21:00:00,59,0.0,32,56,353,5.0
San Ramon,2026-10-05 21:00:00,62,0.0,35,55,335,4.7
San Ramon,2026-10-05 21:00:00,65,0.0,36,56,315,4.3
San Ramon,2026-10-05 21:00:00,68,0.0,36,56,352,4.0
San Ramon,2026-10-05 21:00:00,71,0.0,33,36,25,3.7
San Ramon,2026-10-05 21:00:00,74,0.0,26,36,25,3.3
San Ramon,2026-10-05 21:00:00,77,0.0,25,36,15,3.0
San Ramon,2026-10-05 21:00:00,80,0.0,25,56,335,3.4
San Ramon,2026-10-05 21:00:00,83,0.0,28,56,320,3.9
San Ramon,2026-10-05 21:00:00,86,0.0,31,56,323,4.0
San Ramon,2026-10-05 21:00:00,89,0.0,34,56,323,3.9
San Ramon,2026-10-05 21:00:00,92,0.0,34,56,7,3.6
San Ramon,2026-10-05 21:00:00,95,2.5,28,84,45,3.1
San Ramon,2026-10-05 21:00:00,98,2.2,28,84,52,2.3
San Ramon,2026-10-05 21:00:00,101,2.1,27,84,55,1.4
San Roque - La Paz,2026-10-05 21:00:00,2,0.0,6,26,177,4.7
San Roque - La Paz,2026-10-05 21:00:00,5,0.0,-2,26,127,2.8
San Roque - La Paz,2026-10-05 21:00:00,8,0.0,-2,26,103,1.4
San Roque - La Paz,2026-10-05 21:00:00,11,0.0,5,27,65,0.7
San Roque - La Paz,2026-10-05 21:00:00,14,0.0,9,26,360,3.3
San Roque - La Paz,2026-10-05 21:00:00,17,0.0,15,36,294,5.8
San Roque - La Paz,2026-10-05 21:00:00,20,0.0,15,36,313,4.3
San Roque - La Paz,2026-10-05 21:00:00,23,0.0,9,36,322,2.6
San Roque - La Paz,2026-10-05 21:00:00,26,0.0,6,36,227,1.7
San Roque - La Paz,2026-10-05 21:00:00,29,0.0,-2,36,152,0.8
San Roque - La Paz,2026-10-05 21:00:00,32,0.0,-2,26,247,1.8
San Roque - La Paz,2026-10-05 21:00:00,35,0.0,5,26,323,1.4
San Roque - La Paz,2026-10-05 21:00:00,38,0.0,9,27,310,3.4
San Roque - La Paz,2026-10-05 21:00:00,41,0.0,16,56,290,5.4
San Roque - La Paz,2026-10-05 21:00:00,44,0.0,16,56,3,4.1
San Roque - La Paz,2026-10-05 21:00:00,47,0.0,9,36,77,2.7
San Roque - La Paz,2026-10-05 21:00:00,50,0.0,5,36,24,2.1
San Roque - La Paz,2026-10-05 21:00:00,53,0.0,-3,36,328,1.4
San Roque - La Paz,2026-10-05 21:00:00,56,0.0,-3,36,47,1.5
San Roque - La Paz,2026-10-05 21:00:00,59,0.0,6,36,327,1.3
San Roque - La Paz,2026-10-05 21:00:00,62,0.0,10,36,311,4.4
San Roque - La Paz,2026-10-05 21:00:00,65,0.0,16,56,291,7.4
San Roque - La Paz,2026-10-05 21:00:00,68,0.0,16,56,340,5.4
San Roque - La Paz,2026-10-05 21:00:00,71,0.0,10,36,23,3.4
San Roque - La Paz,2026-10-05 21:00:00,74,0.0,-2,36,357,2.1
San Roque - La Paz,2026-10-05 21:00:00,77,0.0,-3,36,320,0.6
San Roque - La Paz,2026-10-05 21:00:00,80,0.0,-3,36,50,0.8
San Roque - La Paz,2026-10-05 21:00:00,83,0.0,8,37,0,0.8
San Roque - La Paz,2026-10-05 21:00:00,86,0.0,12,36,334,4.2
San Roque - La Paz,2026-10-05 21:00:00,89,1.4,17,76,297,7.6
San Roque - La Paz,2026-10-05 21:00:00,92,3.5,17,76,23,4.9
San Roque - La Paz,2026-10-05 21:00:00,95,2.6,11,76,108,2.2
San Roque - La Paz,2026-10-05 21:00:00,98,2.6,9,76,128,2.3
San Roque - La Paz,2026-10-05 21:00:00,101,2.3,6,76,144,2.4
Santa Ana,2026-10-05 21:00:00,2,0.0,25,56,360,3.9
Santa Ana,2026-10-05 21:00:00,5,0.0,23,56,350,4.7
Santa Ana,2026-10-05 21:00:00,8,0.0,23,57,350,4.3
Santa Ana,2026-10-05 21:00:00,11,0.0,26,56,340,5.0
Santa Ana,2026-10-05 21:00:00,14,0.0,29,57,330,5.2
Santa Ana,2026-10-05 21:00:00,17,0.0,34,57,320,5.4
Santa Ana,2026-10-05 21:00:00,20,0.0,34,56,340,4.3
Santa Ana,2026-10-05 21:00:00,23,0.0,30,56,351,3.2
Santa Ana,2026-10-05 21:00:00,26,0.0,27,57,351,3.2
Santa Ana,2026-10-05 21:00:00,29,0.0,24,37,350,3.1
Santa Ana,2026-10-05 21:00:00,32,0.0,24,36,357,4.2
Santa Ana,2026-10-05 21:00:00,35,0.0,29,36,340,4.4
Santa Ana,2026-10-05 21:00:00,38,0.0,31,36,350,5.3
Santa Ana,2026-10-05 21:00:00,41,0.0,35,36,353,6.2
Santa Ana,2026-10-05 21:00:00,44,0.0,35,36,343,4.4
Santa Ana,2026-10-05 21:00:00,47,0.0,31,57,330,2.7
Santa Ana,2026-10-05 21:00:00,50,0.0,28,57,350,3.7
Santa Ana,2026-10-05 21:00:00,53,0.0,24,56,10,4.7
Santa Ana,2026-10-05 21:00:00,56,0.0,24,57,360,3.6
Santa Ana,2026-10-05 21:00:00,59,0.0,29,56,350,4.0
Santa Ana,2026-10-05 21:00:00,62,0.0,33,56,353,4.8
Santa Ana,2026-10-05 21:00:00,65,0.0,36,56,347,5.5
Santa Ana,2026-10-05 21:00:00,68,0.0,36,57,4,4.5
Santa Ana,2026-10-05 21:00:00,71,0.0,31,36,20,3.4
Santa Ana,2026-10-05 21:00:00,74,0.0,24,35,10,3.0
Santa Ana,2026-10-05 21:00:00,77,0.0,23,36,360,2.7
Santa Ana,2026-10-05 21:00:00,80,0.0,23,56,340,4.5
Santa Ana,2026-10-05 21:00:00,83,0.0,28,56,340,4.8
Santa Ana,2026-10-05 21:00:00,86,0.0,31,56,340,5.1
Santa Ana,2026-10-05 21:00:00,89,0.0,34,56,330,5.5
Santa Ana,2026-10-05 21:00:00,92,0.0,34,56,360,4.5
Santa Ana,2026-10-05 21:00:00,95,1.5,32,84,22,3.5
Santa Ana,2026-10-05 21:00:00,98,2.3,30,84,20,3.0
Santa Ana,2026-10-05 21:00:00,101,1.8,29,85,203,2.6
Santa Cruz - Trompillo,2026-10-05 21:00:00,2,2.7,26,84,232,4.8
Santa Cruz - Trompillo,2026-10-05 21:00:00,5,0.0,24,56,158,4.4
Santa Cruz - Trompillo,2026-10-05 21:00:00,8,0.0,24,56,168,3.1
Santa Cruz - Trompillo,2026-10-05 21:00:00,11,0.0,26,56,168,2.7
Santa Cruz - Trompillo,2026-10-05 21:00:00,14,0.0,28,56,248,3.6
Santa Cruz - Trompillo,2026-10-05 21:00:00,17,0.0,30,56,331,4.6
Santa Cruz - Trompillo,2026-10-05 21:00:00,20,0.0,30,56,340,3.5
Santa Cruz - Trompillo,2026-10-05 21:00:00,23,0.0,30,56,348,2.3
Santa Cruz - Trompillo,2026-10-05 21:00:00,26,0.0,28,55,342,1.5
Santa Cruz - Trompillo,2026-10-05 21:00:00,29,0.0,25,36,330,0.7
Santa Cruz - Trompillo,2026-10-05 21:00:00,32,0.0,25,37,340,5.1
Santa Cruz - Trompillo,2026-10-05 21:00:00,35,0.0,29,35,332,6.4
Santa Cruz - Trompillo,2026-10-05 21:00:00,38,0.0,31,36,332,7.4
Santa Cruz - Trompillo,2026-10-05 21:00:00,41,0.0,32,36,322,8.5
Santa Cruz - Trompillo,2026-10-05 21:00:00,44,0.0,32,36,331,6.3
Santa Cruz - Trompillo,2026-10-05 21:00:00,47,0.0,31,36,338,4.0
Santa Cruz - Trompillo,2026-10-05 21:00:00,50,0.0,28,37,338,4.3
Santa Cruz - Trompillo,2026-10-05 21:00:00,53,0.0,24,36,332,4.4
Santa Cruz - Trompillo,2026-10-05 21:00:00,56,0.0,24,26,332,4.9
Santa Cruz - Trompillo,2026-10-05 21:00:00,59,0.0,28,26,332,6.1
Santa Cruz - Trompillo,2026-10-05 21:00:00,62,0.0,31,26,332,7.3
Santa Cruz - Trompillo,2026-10-05 21:00:00,65,0.0,33,26,322,8.4
Santa Cruz - Trompillo,2026-10-05 21:00:00,68,0.0,33,26,328,6.7
Santa Cruz - Trompillo,2026-10-05 21:00:00,71,0.0,31,36,328,4.9
Santa Cruz - Trompillo,2026-10-05 21:00:00,74,0.0,27,36,328,3.3
Santa Cruz - Trompillo,2026-10-05 21:00:00,77,0.0,23,56,326,1.6
Santa Cruz - Trompillo,2026-10-05 21:00:00,80,0.0,23,57,263,3.4
Santa Cruz - Trompillo,2026-10-05 21:00:00,83,0.0,24,56,168,4.1
Santa Cruz - Trompillo,2026-10-05 21:00:00,86,0.0,28,56,250,4.5
Santa Cruz - Trompillo,2026-10-05 21:00:00,89,3.2,30,84,330,5.0
Santa Cruz - Trompillo,2026-10-05 21:00:00,92,2.5,30,84,320,4.9
Santa Cruz - Trompillo,2026-10-05 21:00:00,95,2.1,28,89,302,4.8
Santa Cruz - Trompillo,2026-10-05 21:00:00,98,2.9,27,89,224,4.4
Santa Cruz - Trompillo,2026-10-05 21:00:00,101,2.7,26,89,140,4.0
Santa Cruz - Viru Viru,2026-10-05 21:00:00,2,2.9,25,84,225,4.5
Santa Cruz - Viru Viru,2026-10-05 21:00:00,5,0.0,23,56,152,4.1
Santa Cruz - Viru Viru,2026-10-05 21:00:00,8,0.0,23,56,155,2.9
Santa Cruz - Viru Viru,2026-10-05 21:00:00,11,0.0,26,56,155,2.5
Santa Cruz - Viru Viru,2026-10-05 21:00:00,14,0.0,28,56,240,3.7
Santa Cruz - Viru Viru,2026-10-05 21:00:00,17,0.0,31,57,320,5.1
Santa Cruz - Viru Viru,2026-10-05 21:00:00,20,0.0,31,56,331,3.6
Santa Cruz - Viru Viru,2026-10-05 21:00:00,23,0.0,30,56,341,2.2
Santa Cruz - Viru Viru,2026-10-05 21:00:00,26,0.0,28,56,350,1.7
Santa Cruz - Viru Viru,2026-10-05 21:00:00,29,0.0,25,36,350,1.2
Santa Cruz - Viru Viru,2026-10-05 21:00:00,32,0.0,25,36,340,4.8
Santa Cruz - Viru Viru,2026-10-05 21:00:00,35,0.0,28,36,330,6.0
Santa Cruz - Viru Viru,2026-10-05 21:00:00,38,0.0,31,36,330,7.1
Santa Cruz - Viru Viru,2026-10-05 21:00:00,41,0.0,33,36,320,8.1
Santa Cruz - Viru Viru,2026-10-05 21:00:00,44,0.0,33,36,332,5.8
Santa Cruz - Viru Viru,2026-10-05 21:00:00,47,0.0,30,36,342,3.5
Santa Cruz - Viru Viru,2026-10-05 21:00:00,50,0.0,28,36,342,3.9
Santa Cruz - Viru Viru,2026-10-05 21:00:00,53,0.0,24,36,337,4.4
Santa Cruz - Viru Viru,2026-10-05 21:00:00,56,0.0,24,26,332,4.7
Santa Cruz - Viru Viru,2026-10-05 21:00:00,59,0.0,29,26,332,5.8
Santa Cruz - Viru Viru,2026-10-05 21:00:00,62,0.0,31,26,330,7.0
Santa Cruz - Viru Viru,2026-10-05 21:00:00,65,0.0,34,26,320,8.2
Santa Cruz - Viru Viru,2026-10-05 21:00:00,68,0.0,34,27,330,6.2
Santa Cruz - Viru Viru,2026-10-05 21:00:00,71,0.0,31,36,332,4.3
Santa Cruz - Viru Viru,2026-10-05 21:00:00,74,0.0,27,36,340,3.1
Santa Cruz - Viru Viru,2026-10-05 21:00:00,77,0.0,23,56,340,1.8
Santa Cruz - Viru Viru,2026-10-05 21:00:00,80,0.0,23,57,245,3.3
Santa Cruz - Viru Viru,2026-10-05 21:00:00,83,0.0,25,56,165,4.0
Santa Cruz - Viru Viru,2026-10-05 21:00:00,86,0.0,28,56,244,4.4
Santa Cruz - Viru Viru,2026-10-05 21:00:00,89,1.9,31,84,314,4.9
Santa Cruz - Viru Viru,2026-10-05 21:00:00,92,2.1,31,84,294,4.9
Santa Cruz - Viru Viru,2026-10-05 21:00:00,95,2.1,28,90,269,4.9
Santa Cruz - Viru Viru,2026-10-05 21:00:00,98,1.1,27,89,205,4.2
Santa Cruz - Viru Viru,2026-10-05 21:00:00,101,1.8,26,89,141,3.5
Santa Rosa,2026-10-05 21:00:00,2,0.0,26,35,340,2.8
Santa Rosa,2026-10-05 21:00:00,5,0.0,23,56,350,3.3
Santa Rosa,2026-10-05 21:00:00,8,0.0,23,56,340,3.4
Santa Rosa,2026-10-05 21:00:00,11,0.0,26,57,330,4.0
Santa Rosa,2026-10-05 21:00:00,14,0.0,29,56,330,4.2
Santa Rosa,2026-10-05 21:00:00,17,0.0,32,56,330,4.4
Santa Rosa,2026-10-05 21:00:00,20,0.0,32,56,327,2.8
Santa Rosa,2026-10-05 21:00:00,23,0.0,29,37,320,1.2
Santa Rosa,2026-10-05 21:00:00,26,0.0,26,36,337,1.6
Santa Rosa,2026-10-05 21:00:00,29,0.0,23,36,350,2.0
Santa Rosa,2026-10-05 21:00:00,32,0.0,23,36,348,2.8
Santa Rosa,2026-10-05 21:00:00,35,0.0,27,36,340,3.3
Santa Rosa,2026-10-05 21:00:00,38,0.0,32,36,340,4.2
Santa Rosa,2026-10-05 21:00:00,41,0.0,33,36,330,5.0
Santa Rosa,2026-10-05 21:00:00,44,0.0,33,35,340,3.8
Santa Rosa,2026-10-05 21:00:00,47,0.0,33,56,340,2.5
Santa Rosa,2026-10-05 21:00:00,50,0.0,30,56,330,2.4
Santa Rosa,2026-10-05 21:00:00,53,0.0,24,37,320,2.3
Santa Rosa,2026-10-05 21:00:00,56,0.0,24,36,346,3.1
Santa Rosa,2026-10-05 21:00:00,59,0.0,29,36,346,3.9
Santa Rosa,2026-10-05 21:00:00,62,0.0,32,36,340,4.6
Santa Rosa,2026-10-05 21:00:00,65,0.0,33,36,330,5.4
Santa Rosa,2026-10-05 21:00:00,68,0.0,33,36,350,4.0
Santa Rosa,2026-10-05 21:00:00,71,0.0,30,35,4,2.7
Santa Rosa,2026-10-05 21:00:00,74,0.0,27,36,4,2.9
Santa Rosa,2026-10-05 21:00:00,77,0.0,25,36,360,3.1
Santa Rosa,2026-10-05 21:00:00,80,0.0,25,36,340,3.5
Santa Rosa,2026-10-05 21:00:00,83,0.0,27,36,321,3.4
Santa Rosa,2026-10-05 21:00:00,86,0.0,30,36,331,4.2
Santa Rosa,2026-10-05 21:00:00,89,0.0,32,56,340,4.9
Santa Rosa,2026-10-05 21:00:00,92,0.0,32,56,360,3.2
Santa Rosa,2026-10-05 21:00:00,95,2.6,30,84,20,1.5
Santa Rosa,2026-10-05 21:00:00,98,2.3,28,84,3,1.4
Santa Rosa,2026-10-05 21:00:00,101,2.3,25,84,338,1.3
Santos Mercado - PD,2026-10-05 21:00:00,2,0.0,28,26,360,2.1
Santos Mercado - PD,2026-10-05 21:00:00,5,0.0,23,36,10,1.7
Santos Mercado - PD,2026-10-05 21:00:00,8,0.0,23,36,360,1.5
Santos Mercado - PD,2026-10-05 21:00:00,11,0.0,27,35,10,1.8
Santos Mercado - PD,2026-10-05 21:00:00,14,0.0,31,36,350,2.0
Santos Mercado - PD,2026-10-05 21:00:00,17,0.0,36,56,320,2.3
Santos Mercado - PD,2026-10-05 21:00:00,20,0.0,36,57,340,1.8
Santos Mercado - PD,2026-10-05 21:00:00,23,0.0,30,55,360,1.3
Santos Mercado - PD,2026-10-05 21:00:00,26,0.0,27,56,350,1.4
Santos Mercado - PD,2026-10-05 21:00:00,29,0.0,22,36,340,1.4
Santos Mercado - PD,2026-10-05 21:00:00,32,0.0,22,35,10,1.6
Santos Mercado - PD,2026-10-05 21:00:00,35,0.0,25,35,20,2.0
Santos Mercado - PD,2026-10-05 21:00:00,38,0.0,28,35,0,2.0
Santos Mercado - PD,2026-10-05 21:00:00,41,0.0,35,56,340,1.9
Santos Mercado - PD,2026-10-05 21:00:00,44,0.0,35,56,20,1.5
Santos Mercado - PD,2026-10-05 21:00:00,47,0.0,30,56,51,1.0
Santos Mercado - PD,2026-10-05 21:00:00,50,0.0,26,56,50,1.2
Santos Mercado - PD,2026-10-05 21:00:00,53,0.0,22,56,40,1.4
Santos Mercado - PD,2026-10-05 21:00:00,56,0.0,22,56,360,1.6
Santos Mercado - PD,2026-10-05 21:00:00,59,0.0,28,55,340,2.1
Santos Mercado - PD,2026-10-05 21:00:00,62,0.0,32,56,340,1.6
Santos Mercado - PD,2026-10-05 21:00:00,65,0.0,36,56,330,1.2
Santos Mercado - PD,2026-10-05 21:00:00,68,0.0,36,55,10,1.5
Santos Mercado - PD,2026-10-05 21:00:00,71,0.0,29,57,40,1.7
Santos Mercado - PD,2026-10-05 21:00:00,74,0.0,24,56,20,1.8
Santos Mercado - PD,2026-10-05 21:00:00,77,0.0,23,36,360,1.9
Santos Mercado - PD,2026-10-05 21:00:00,80,0.0,23,37,341,1.1
Santos Mercado - PD,2026-10-05 21:00:00,83,0.0,27,37,300,1.2
Santos Mercado - PD,2026-10-05 21:00:00,86,0.0,33,36,320,1.8
Santos Mercado - PD,2026-10-05 21:00:00,89,0.0,36,36,330,2.3
Santos Mercado - PD,2026-10-05 21:00:00,92,0.0,36,37,10,2.0
Santos Mercado - PD,2026-10-05 21:00:00,95,0.0,34,56,50,1.6
Santos Mercado - PD,2026-10-05 21:00:00,98,0.0,34,56,30,1.5
Santos Mercado - PD,2026-10-05 21:00:00,101,0.0,33,56,360,1.5
Sena - PD,2026-10-05 21:00:00,2,0.0,26,26,340,1.3
Sena - PD,2026-10-05 21:00:00,5,0.0,24,36,330,0.9
Sena - PD,2026-10-05 21:00:00,8,0.0,24,36,330,1.5
Sena - PD,2026-10-05 21:00:00,11,0.0,27,36,333,2.0
Sena - PD,2026-10-05 21:00:00,14,0.0,31,36,313,2.3
Sena - PD,2026-10-05 21:00:00,17,0.0,33,56,290,2.5
Sena - PD,2026-10-05 21:00:00,20,0.0,33,56,333,2.1
Sena - PD,2026-10-05 21:00:00,23,0.0,32,57,10,1.6
Sena - PD,2026-10-05 21:00:00,26,0.0,28,56,8,1.5
Sena - PD,2026-10-05 21:00:00,29,0.0,23,36,358,1.4
Sena - PD,2026-10-05 21:00:00,32,0.0,23,36,340,1.7
Sena - PD,2026-10-05 21:00:00,35,0.0,28,36,340,2.1
Sena - PD,2026-10-05 21:00:00,38,0.0,31,36,350,2.3
Sena - PD,2026-10-05 21:00:00,41,0.0,32,56,355,2.3
Sena - PD,2026-10-05 21:00:00,44,0.0,32,56,342,1.7
Sena - PD,2026-10-05 21:00:00,47,0.0,31,56,322,1.1
Sena - PD,2026-10-05 21:00:00,50,0.0,28,56,330,1.1
Sena - PD,2026-10-05 21:00:00,53,0.0,23,56,333,1.1
Sena - PD,2026-10-05 21:00:00,56,0.0,23,56,350,1.5
Sena - PD,2026-10-05 21:00:00,59,0.0,28,56,350,1.8
Sena - PD,2026-10-05 21:00:00,62,0.0,31,56,335,2.1
Sena - PD,2026-10-05 21:00:00,65,0.0,33,56,315,2.5
Sena - PD,2026-10-05 21:00:00,68,0.0,33,56,315,1.6
Sena - PD,2026-10-05 21:00:00,71,0.0,31,56,312,0.7
Sena - PD,2026-10-05 21:00:00,74,0.0,26,56,333,1.0
Sena - PD,2026-10-05 21:00:00,77,0.0,24,36,353,1.3
Sena - PD,2026-10-05 21:00:00,80,0.0,24,36,303,1.4
Sena - PD,2026-10-05 21:00:00,83,0.0,27,36,358,2.0
Sena - PD,2026-10-05 21:00:00,86,0.0,30,36,348,2.1
Sena - PD,2026-10-05 21:00:00,89,0.0,32,36,330,2.2
Sena - PD,2026-10-05 21:00:00,92,0.0,32,36,338,1.6
Sena - PD,2026-10-05 21:00:00,95,0.0,30,56,343,1.2
Sena - PD,2026-10-05 21:00:00,98,0.0,28,56,315,1.3
Sena - PD,2026-10-05 21:00:00,101,0.0,27,56,278,1.4
Soracachi,2026-10-05 21:00:00,2,0.0,7,26,164,5.1
Soracachi,2026-10-05 21:00:00,5,0.0,0,26,111,1.3
Soracachi,2026-10-05 21:00:00,8,0.0,0,27,343,1.5
Soracachi,2026-10-05 21:00:00,11,0.0,7,26,19,1.0
Soracachi,2026-10-05 21:00:00,14,0.0,12,26,332,3.8
Soracachi,2026-10-05 21:00:00,17,0.0,19,26,282,6.5
Soracachi,2026-10-05 21:00:00,20,0.0,19,26,332,5.2
Soracachi,2026-10-05 21:00:00,23,0.0,13,26,17,3.9
Soracachi,2026-10-05 21:00:00,26,0.0,8,26,18,2.8
Soracachi,2026-10-05 21:00:00,29,0.0,1,26,14,1.6
Soracachi,2026-10-05 21:00:00,32,0.0,1,26,161,0.9
Soracachi,2026-10-05 21:00:00,35,0.0,7,26,214,0.6
Soracachi,2026-10-05 21:00:00,38,0.0,12,26,240,3.4
Soracachi,2026-10-05 21:00:00,41,0.0,20,26,262,6.1
Soracachi,2026-10-05 21:00:00,44,0.0,20,26,330,5.3
Soracachi,2026-10-05 21:00:00,47,0.0,16,26,34,4.5
Soracachi,2026-10-05 21:00:00,50,0.0,10,26,32,3.2
Soracachi,2026-10-05 21:00:00,53,0.0,0,27,27,1.9
Soracachi,2026-10-05 21:00:00,56,0.0,0,26,19,2.0
Soracachi,2026-10-05 21:00:00,59,0.0,8,26,344,2.7
Soracachi,2026-10-05 21:00:00,62,0.0,13,26,344,4.8
Soracachi,2026-10-05 21:00:00,65,0.0,21,36,336,7.0
Soracachi,2026-10-05 21:00:00,68,0.0,21,36,359,5.6
Soracachi,2026-10-05 21:00:00,71,0.0,10,36,17,4.1
Soracachi,2026-10-05 21:00:00,74,0.0,2,36,11,3.6
Soracachi,2026-10-05 21:00:00,77,0.0,1,35,359,3.0
Soracachi,2026-10-05 21:00:00,80,0.0,1,26,7,2.4
Soracachi,2026-10-05 21:00:00,83,0.0,8,26,347,2.1
Soracachi,2026-10-05 21:00:00,86,0.0,12,26,347,4.8
Soracachi,2026-10-05 21:00:00,89,0.0,22,56,339,7.5
Soracachi,2026-10-05 21:00:00,92,0.0,22,56,354,5.2
Soracachi,2026-10-05 21:00:00,95,0.0,19,36,4,2.9
Soracachi,2026-10-05 21:00:00,98,0.0,17,36,44,2.1
Soracachi,2026-10-05 21:00:00,101,0.0,15,37,77,1.2
Sucre,2026-10-05 21:00:00,2,0.0,16,36,12,3.0
Sucre,2026-10-05 21:00:00,5,0.0,8,36,354,2.5
Sucre,2026-10-05 21:00:00,8,0.0,8,36,3,2.3
Sucre,2026-10-05 21:00:00,11,0.0,15,36,3,2.1
Sucre,2026-10-05 21:00:00,14,0.0,18,37,28,4.1
Sucre,2026-10-05 21:00:00,17,0.0,23,36,46,6.1
Sucre,2026-10-05 21:00:00,20,0.0,23,36,37,4.4
Sucre,2026-10-05 21:00:00,23,0.0,21,36,27,2.7
Sucre,2026-10-05 21:00:00,26,0.0,17,36,17,2.6
Sucre,2026-10-05 21:00:00,29,0.0,9,36,360,2.5
Sucre,2026-10-05 21:00:00,32,0.0,9,26,345,1.6
Sucre,2026-10-05 21:00:00,35,0.0,16,26,355,1.5
Sucre,2026-10-05 21:00:00,38,0.0,21,27,22,3.9
Sucre,2026-10-05 21:00:00,41,0.0,26,27,43,6.3
Sucre,2026-10-05 21:00:00,44,0.0,26,26,29,4.7
Sucre,2026-10-05 21:00:00,47,0.0,23,27,7,3.1
Sucre,2026-10-05 21:00:00,50,0.0,18,26,360,2.7
Sucre,2026-10-05 21:00:00,53,0.0,9,26,352,2.3
Sucre,2026-10-05 21:00:00,56,0.0,9,26,2,1.9
Sucre,2026-10-05 21:00:00,59,0.0,19,27,360,2.1
Sucre,2026-10-05 21:00:00,62,0.0,22,26,20,4.0
Sucre,2026-10-05 21:00:00,65,0.0,26,36,37,5.8
Sucre,2026-10-05 21:00:00,68,0.0,26,36,26,5.7
Sucre,2026-10-05 21:00:00,71,0.0,20,56,8,5.7
Sucre,2026-10-05 21:00:00,74,0.0,14,56,8,4.2
Sucre,2026-10-05 21:00:00,77,0.0,7,36,360,2.7
Sucre,2026-10-05 21:00:00,80,0.0,7,36,11,2.2
Sucre,2026-10-05 21:00:00,83,0.0,15,36,19,2.5
Sucre,2026-10-05 21:00:00,86,0.0,20,36,20,5.2
Sucre,2026-10-05 21:00:00,89,2.1,23,84,12,7.9
Sucre,2026-10-05 21:00:00,92,2.3,23,84,23,4.9
Sucre,2026-10-05 21:00:00,95,0.0,21,56,32,1.9
Sucre,2026-10-05 21:00:00,98,0.0,19,56,23,1.8
Sucre,2026-10-05 21:00:00,101,0.0,18,56,13,1.7
Sultaca,2026-10-05 21:00:00,2,0.0,14,36,281,7.5
Sultaca,2026-10-05 21:00:00,5,0.0,10,36,291,5.4
Sultaca,2026-10-05 21:00:00,8,0.0,10,36,311,2.7
Sultaca,2026-10-05 21:00:00,11,0.0,14,37,291,2.6
Sultaca,2026-10-05 21:00:00,14,0.0,18,36,287,2.3
Sultaca,2026-10-05 21:00:00,17,0.0,22,36,274,2.0
Sultaca,2026-10-05 21:00:00,20,0.0,22,36,326,2.7
Sultaca,2026-10-05 21:00:00,23,0.0,19,37,9,3.4
Sultaca,2026-10-05 21:00:00,26,0.0,15,36,352,2.9
Sultaca,2026-10-05 21:00:00,29,0.0,11,36,330,2.4
Sultaca,2026-10-05 21:00:00,32,0.0,11,26,275,3.4
Sultaca,2026-10-05 21:00:00,35,0.0,13,26,275,3.2
Sultaca,2026-10-05 21:00:00,38,0.0,17,26,264,4.3
Sultaca,2026-10-05 21:00:00,41,0.0,24,26,248,5.4
Sultaca,2026-10-05 21:00:00,44,0.0,24,26,215,4.3
Sultaca,2026-10-05 21:00:00,47,0.0,22,26,174,3.3
Sultaca,2026-10-05 21:00:00,50,0.0,17,26,123,2.6
Sultaca,2026-10-05 21:00:00,53,0.0,11,26,32,1.9
Sultaca,2026-10-05 21:00:00,56,0.0,11,26,311,2.6
Sultaca,2026-10-05 21:00:00,59,0.0,15,26,291,2.6
Sultaca,2026-10-05 21:00:00,62,0.0,18,26,307,2.7
Sultaca,2026-10-05 21:00:00,65,0.0,25,36,324,3.0
Sultaca,2026-10-05 21:00:00,68,0.0,25,36,11,3.6
Sultaca,2026-10-05 21:00:00,71,0.0,15,56,58,4.3
Sultaca,2026-10-05 21:00:00,74,0.0,10,56,48,2.9
Sultaca,2026-10-05 21:00:00,77,0.0,9,36,28,1.6
Sultaca,2026-10-05 21:00:00,80,0.0,9,36,359,2.0
Sultaca,2026-10-05 21:00:00,83,0.0,13,36,337,2.3
Sultaca,2026-10-05 21:00:00,86,0.0,17,36,337,4.6
Sultaca,2026-10-05 21:00:00,89,1.1,22,85,333,6.9
Sultaca,2026-10-05 21:00:00,92,2.6,22,84,313,5.9
Sultaca,2026-10-05 21:00:00,95,0.0,20,56,199,4.9
Sultaca,2026-10-05 21:00:00,98,0.0,18,56,208,3.9
Sultaca,2026-10-05 21:00:00,101,0.0,18,56,31,2.8
Tarapaya,2026-10-05 21:00:00,2,0.0,7,26,269,7.0
Tarapaya,2026-10-05 21:00:00,5,0.0,-1,25,285,3.1
Tarapaya,2026-10-05 21:00:00,8,0.0,-1,27,287,2.3
Tarapaya,2026-10-05 21:00:00,11,0.0,7,26,258,2.4
Tarapaya,2026-10-05 21:00:00,14,0.0,12,26,268,4.8
Tarapaya,2026-10-05 21:00:00,17,0.0,27,26,270,7.3
Tarapaya,2026-10-05 21:00:00,20,0.0,27,26,280,5.5
Tarapaya,2026-10-05 21:00:00,23,0.0,16,26,282,3.7
Tarapaya,2026-10-05 21:00:00,26,0.0,10,26,270,3.0
Tarapaya,2026-10-05 21:00:00,29,0.0,-1,25,258,2.4
Tarapaya,2026-10-05 21:00:00,32,0.0,-1,26,261,2.5
Tarapaya,2026-10-05 21:00:00,35,0.0,8,27,269,2.0
Tarapaya,2026-10-05 21:00:00,38,0.0,13,26,278,3.9
Tarapaya,2026-10-05 21:00:00,41,0.0,29,26,280,5.9
Tarapaya,2026-10-05 21:00:00,44,0.0,28,26,290,4.1
Tarapaya,2026-10-05 21:00:00,47,0.0,20,26,299,2.3
Tarapaya,2026-10-05 21:00:00,50,0.0,14,26,336,2.0
Tarapaya,2026-10-05 21:00:00,53,0.0,-2,26,5,1.8
Tarapaya,2026-10-05 21:00:00,56,0.0,-2,26,280,2.0
Tarapaya,2026-10-05 21:00:00,59,0.0,9,25,278,2.3
Tarapaya,2026-10-05 21:00:00,62,0.0,16,27,317,4.6
Tarapaya,2026-10-05 21:00:00,65,0.0,28,26,349,6.8
Tarapaya,2026-10-05 21:00:00,68,0.0,29,26,25,4.8
Tarapaya,2026-10-05 21:00:00,71,0.0,12,36,55,2.7
Tarapaya,2026-10-05 21:00:00,74,0.0,0,36,358,2.4
Tarapaya,2026-10-05 21:00:00,77,0.0,-1,36,292,2.2
Tarapaya,2026-10-05 21:00:00,80,0.0,-1,36,329,1.8
Tarapaya,2026-10-05 21:00:00,83,0.0,9,35,323,1.6
Tarapaya,2026-10-05 21:00:00,86,0.0,14,36,310,6.6
Tarapaya,2026-10-05 21:00:00,89,0.0,27,26,290,11.5
Tarapaya,2026-10-05 21:00:00,92,0.0,27,26,248,8.2
Tarapaya,2026-10-05 21:00:00,95,0.0,24,26,206,4.9
Tarapaya,2026-10-05 21:00:00,98,0.0,22,26,274,3.0
Tarapaya,2026-10-05 21:00:00,101,0.0,20,26,352,1.1
Tarija - Centro,2026-10-05 21:00:00,2,2.0,19,89,150,1.7
Tarija - Centro,2026-10-05 21:00:00,5,0.0,10,26,146,1.3
Tarija - Centro,2026-10-05 21:00:00,8,0.0,10,26,90,1.6
Tarija - Centro,2026-10-05 21:00:00,11,0.0,18,26,70,1.7
Tarija - Centro,2026-10-05 21:00:00,14,0.0,21,27,95,4.5
Tarija - Centro,2026-10-05 21:00:00,17,0.0,30,26,115,7.1
Tarija - Centro,2026-10-05 21:00:00,20,0.0,30,26,115,4.6
Tarija - Centro,2026-10-05 21:00:00,23,0.0,26,37,115,2.2
Tarija - Centro,2026-10-05 21:00:00,26,0.0,21,37,101,1.6
Tarija - Centro,2026-10-05 21:00:00,29,0.0,11,37,86,1.1
Tarija - Centro,2026-10-05 21:00:00,32,0.0,11,27,120,0.7
Tarija - Centro,2026-10-05 21:00:00,35,0.0,20,26,84,0.5
Tarija - Centro,2026-10-05 21:00:00,38,0.0,26,27,110,2.6
Tarija - Centro,2026-10-05 21:00:00,41,0.0,33,26,130,4.7
Tarija - Centro,2026-10-05 21:00:00,44,0.0,33,26,140,3.7
Tarija - Centro,2026-10-05 21:00:00,47,0.0,28,26,145,2.7
Tarija - Centro,2026-10-05 21:00:00,50,0.0,21,26,177,1.7
Tarija - Centro,2026-10-05 21:00:00,53,0.0,13,37,208,0.7
Tarija - Centro,2026-10-05 21:00:00,56,0.0,13,37,141,0.9
Tarija - Centro,2026-10-05 21:00:00,59,0.0,20,37,136,0.8
Tarija - Centro,2026-10-05 21:00:00,62,0.0,25,37,131,4.3
Tarija - Centro,2026-10-05 21:00:00,65,1.3,33,84,119,7.7
Tarija - Centro,2026-10-05 21:00:00,68,1.8,33,84,125,5.1
Tarija - Centro,2026-10-05 21:00:00,71,1.8,22,89,125,2.5
Tarija - Centro,2026-10-05 21:00:00,74,2.9,18,89,126,2.3
Tarija - Centro,2026-10-05 21:00:00,77,0.0,11,37,120,2.2
Tarija - Centro,2026-10-05 21:00:00,80,0.0,10,37,96,2.2
Tarija - Centro,2026-10-05 21:00:00,83,0.0,15,37,75,2.1
Tarija - Centro,2026-10-05 21:00:00,86,0.0,18,36,95,3.7
Tarija - Centro,2026-10-05 21:00:00,89,0.0,28,37,115,5.3
Tarija - Centro,2026-10-05 21:00:00,92,0.0,28,37,140,3.8
Tarija - Centro,2026-10-05 21:00:00,95,0.0,26,57,161,2.2
Tarija - Centro,2026-10-05 21:00:00,98,0.0,24,57,165,1.8
Tarija - Centro,2026-10-05 21:00:00,101,0.0,23,57,165,1.4
Tolarapa (INIAF),2026-10-05 21:00:00,2,0.0,6,56,260,2.6
Tolarapa (INIAF),2026-10-05 21:00:00,5,0.0,0,37,250,2.7
Tolarapa (INIAF),2026-10-05 21:00:00,8,0.0,0,36,302,2.2
Tolarapa (INIAF),2026-10-05 21:00:00,11,0.0,7,36,353,2.2
Tolarapa (INIAF),2026-10-05 21:00:00,14,0.0,12,36,4,2.4
Tolarapa (INIAF),2026-10-05 21:00:00,17,0.0,20,56,10,2.5
Tolarapa (INIAF),2026-10-05 21:00:00,20,0.0,20,56,314,2.3
Tolarapa (INIAF),2026-10-05 21:00:00,23,0.0,15,36,256,2.0
Tolarapa (INIAF),2026-10-05 21:00:00,26,0.0,10,36,260,2.5
Tolarapa (INIAF),2026-10-05 21:00:00,29,0.0,2,36,259,3.0
Tolarapa (INIAF),2026-10-05 21:00:00,32,0.0,2,36,307,2.5
Tolarapa (INIAF),2026-10-05 21:00:00,35,0.0,8,36,349,2.1
Tolarapa (INIAF),2026-10-05 21:00:00,38,0.0,12,36,4,2.7
Tolarapa (INIAF),2026-10-05 21:00:00,41,0.0,21,56,15,3.4
Tolarapa (INIAF),2026-10-05 21:00:00,44,0.0,21,56,319,3.1
Tolarapa (INIAF),2026-10-05 21:00:00,47,0.0,16,36,261,2.7
Tolarapa (INIAF),2026-10-05 21:00:00,50,0.0,11,36,260,2.8
Tolarapa (INIAF),2026-10-05 21:00:00,53,0.0,4,36,258,2.8
Tolarapa (INIAF),2026-10-05 21:00:00,56,0.0,5,36,312,2.4
Tolarapa (INIAF),2026-10-05 21:00:00,59,0.0,13,36,355,2.0
Tolarapa (INIAF),2026-10-05 21:00:00,62,0.0,18,36,4,2.5
Tolarapa (INIAF),2026-10-05 21:00:00,65,2.3,23,76,10,2.9
Tolarapa (INIAF),2026-10-05 21:00:00,68,1.7,23,76,323,2.6
Tolarapa (INIAF),2026-10-05 21:00:00,71,1.4,16,77,271,2.3
Tolarapa (INIAF),2026-10-05 21:00:00,74,2.8,7,76,271,2.4
Tolarapa (INIAF),2026-10-05 21:00:00,77,0.0,4,56,270,2.4
Tolarapa (INIAF),2026-10-05 21:00:00,80,0.0,6,56,319,2.2
Tolarapa (INIAF),2026-10-05 21:00:00,83,0.0,12,56,19,1.8
Tolarapa (INIAF),2026-10-05 21:00:00,86,0.0,18,56,5,2.2
Tolarapa (INIAF),2026-10-05 21:00:00,89,1.8,21,84,346,2.6
Tolarapa (INIAF),2026-10-05 21:00:00,92,2.3,21,84,303,2.7
Tolarapa (INIAF),2026-10-05 21:00:00,95,2.2,19,89,254,2.7
Tolarapa (INIAF),2026-10-05 21:00:00,98,2.4,17,89,254,2.4
Tolarapa (INIAF),2026-10-05 21:00:00,101,2.3,16,89,254,2.1
Totoral,2026-10-05 21:00:00,2,0.0,8,26,270,10.3
Totoral,2026-10-05 21:00:00,5,0.0,1,26,260,4.6
Totoral,2026-10-05 21:00:00,8,0.0,1,26,280,3.6
Totoral,2026-10-05 21:00:00,11,0.0,11,26,280,3.5
Totoral,2026-10-05 21:00:00,14,0.0,16,26,287,5.2
Totoral,2026-10-05 21:00:00,17,0.0,25,26,287,7.0
Totoral,2026-10-05 21:00:00,20,0.0,25,26,316,5.2
Totoral,2026-10-05 21:00:00,23,0.0,18,26,334,3.4
Totoral,2026-10-05 21:00:00,26,0.0,13,26,306,3.1
Totoral,2026-10-05 21:00:00,29,0.0,1,26,276,2.9
Totoral,2026-10-05 21:00:00,32,0.0,1,26,270,3.1
Totoral,2026-10-05 21:00:00,35,0.0,11,26,260,3.2
Totoral,2026-10-05 21:00:00,38,0.0,17,26,270,5.6
Totoral,2026-10-05 21:00:00,41,0.0,26,26,270,8.0
Totoral,2026-10-05 21:00:00,44,0.0,26,26,290,5.4
Totoral,2026-10-05 21:00:00,47,0.0,21,26,303,2.9
Totoral,2026-10-05 21:00:00,50,0.0,15,26,292,2.6
Totoral,2026-10-05 21:00:00,53,0.0,1,26,272,2.4
Totoral,2026-10-05 21:00:00,56,0.0,1,26,271,2.4
Totoral,2026-10-05 21:00:00,59,0.0,12,26,293,1.7
Totoral,2026-10-05 21:00:00,62,0.0,17,27,323,3.4
Totoral,2026-10-05 21:00:00,65,0.0,25,26,346,5.0
Totoral,2026-10-05 21:00:00,68,0.0,25,26,307,4.6
Totoral,2026-10-05 21:00:00,71,0.0,16,37,260,4.2
Totoral,2026-10-05 21:00:00,74,0.0,2,36,293,3.2
Totoral,2026-10-05 21:00:00,77,0.0,2,37,323,2.2
Totoral,2026-10-05 21:00:00,80,0.0,2,37,309,2.4
Totoral,2026-10-05 21:00:00,83,0.0,13,35,300,2.8
Totoral,2026-10-05 21:00:00,86,0.0,17,37,293,7.9
Totoral,2026-10-05 21:00:00,89,0.0,25,26,286,12.9
Totoral,2026-10-05 21:00:00,92,0.0,25,26,276,12.0
Totoral,2026-10-05 21:00:00,95,0.0,22,27,260,11.1
Totoral,2026-10-05 21:00:00,98,0.0,20,26,254,6.5
Totoral,2026-10-05 21:00:00,101,0.0,18,26,246,2.0
Trancas,2026-10-05 21:00:00,2,2.4,18,88,109,2.2
Trancas,2026-10-05 21:00:00,5,0.0,14,26,99,1.8
Trancas,2026-10-05 21:00:00,8,0.0,14,26,7,2.4
Trancas,2026-10-05 21:00:00,11,0.0,19,26,340,2.8
Trancas,2026-10-05 21:00:00,14,0.0,23,26,12,4.6
Trancas,2026-10-05 21:00:00,17,0.0,25,26,43,6.4
Trancas,2026-10-05 21:00:00,20,0.0,25,26,68,4.4
Trancas,2026-10-05 21:00:00,23,0.0,22,36,92,2.4
Trancas,2026-10-05 21:00:00,26,0.0,19,36,27,2.2
Trancas,2026-10-05 21:00:00,29,0.0,15,35,311,1.9
Trancas,2026-10-05 21:00:00,32,0.0,15,26,282,2.7
Trancas,2026-10-05 21:00:00,35,0.0,20,26,299,3.0
Trancas,2026-10-05 21:00:00,38,0.0,25,26,332,3.9
Trancas,2026-10-05 21:00:00,41,0.0,28,27,2,4.7
Trancas,2026-10-05 21:00:00,44,0.0,28,26,60,3.6
Trancas,2026-10-05 21:00:00,47,0.0,25,26,116,2.5
Trancas,2026-10-05 21:00:00,50,0.0,18,27,149,2.1
Trancas,2026-10-05 21:00:00,53,0.0,17,36,180,1.8
Trancas,2026-10-05 21:00:00,56,0.0,16,36,287,1.7
Trancas,2026-10-05 21:00:00,59,0.0,18,36,277,2.3
Trancas,2026-10-05 21:00:00,62,0.0,22,36,312,3.6
Trancas,2026-10-05 21:00:00,65,1.9,27,84,348,4.9
Trancas,2026-10-05 21:00:00,68,1.9,27,84,37,4.2
Trancas,2026-10-05 21:00:00,71,1.9,20,89,86,3.5
Trancas,2026-10-05 21:00:00,74,1.9,16,89,84,2.6
Trancas,2026-10-05 21:00:00,77,0.0,14,36,76,1.7
Trancas,2026-10-05 21:00:00,80,0.0,13,36,47,2.2
Trancas,2026-10-05 21:00:00,83,0.0,16,36,10,2.2
Trancas,2026-10-05 21:00:00,86,0.0,17,36,32,4.3
Trancas,2026-10-05 21:00:00,89,0.0,23,36,47,6.3
Trancas,2026-10-05 21:00:00,92,0.0,23,36,80,4.4
Trancas,2026-10-05 21:00:00,95,0.0,21,56,107,2.5
Trancas,2026-10-05 21:00:00,98,0.0,20,56,65,2.0
Trancas,2026-10-05 21:00:00,101,0.0,19,56,22,1.6
Trinidad,2026-10-05 21:00:00,2,0.0,25,56,352,3.3
Trinidad,2026-10-05 21:00:00,5,0.0,23,56,360,3.1
Trinidad,2026-10-05 21:00:00,8,0.0,23,56,1,2.8
Trinidad,2026-10-05 21:00:00,11,0.0,26,56,351,2.5
Trinidad,2026-10-05 21:00:00,14,0.0,28,57,341,3.1
Trinidad,2026-10-05 21:00:00,17,0.0,35,55,330,3.7
Trinidad,2026-10-05 21:00:00,20,0.0,35,56,340,2.5
Trinidad,2026-10-05 21:00:00,23,0.0,28,56,347,1.3
Trinidad,2026-10-05 21:00:00,26,0.0,26,56,357,1.3
Trinidad,2026-10-05 21:00:00,29,0.0,24,36,358,1.3
Trinidad,2026-10-05 21:00:00,32,0.0,24,36,3,2.8
Trinidad,2026-10-05 21:00:00,35,0.0,28,36,360,3.5
Trinidad,2026-10-05 21:00:00,38,0.0,31,36,350,4.2
Trinidad,2026-10-05 21:00:00,41,0.0,36,36,330,4.9
Trinidad,2026-10-05 21:00:00,44,0.0,36,36,339,3.8
Trinidad,2026-10-05 21:00:00,47,0.0,32,56,339,2.8
Trinidad,2026-10-05 21:00:00,50,0.0,29,56,350,2.6
Trinidad,2026-10-05 21:00:00,53,0.0,24,56,360,2.4
Trinidad,2026-10-05 21:00:00,56,0.0,24,56,358,3.3
Trinidad,2026-10-05 21:00:00,59,0.0,31,56,350,3.9
Trinidad,2026-10-05 21:00:00,62,0.0,34,56,342,4.2
Trinidad,2026-10-05 21:00:00,65,0.0,37,56,332,4.5
Trinidad,2026-10-05 21:00:00,68,0.0,37,56,352,3.5
Trinidad,2026-10-05 21:00:00,71,0.0,34,36,10,2.5
Trinidad,2026-10-05 21:00:00,74,0.0,24,37,10,2.4
Trinidad,2026-10-05 21:00:00,77,0.0,23,37,10,2.3
Trinidad,2026-10-05 21:00:00,80,0.0,23,57,342,3.0
Trinidad,2026-10-05 21:00:00,83,0.0,31,56,342,3.5
Trinidad,2026-10-05 21:00:00,86,0.0,34,56,342,3.5
Trinidad,2026-10-05 21:00:00,89,0.0,34,56,339,3.4
Trinidad,2026-10-05 21:00:00,92,0.0,35,56,30,2.6
Trinidad,2026-10-05 21:00:00,95,3.0,33,84,80,1.7
Trinidad,2026-10-05 21:00:00,98,1.1,32,85,129,1.0
Trinidad,2026-10-05 21:00:00,101,1.1,31,85,175,0.4
Tupiza,2026-10-05 21:00:00,2,0.0,10,26,287,7.3
Tupiza,2026-10-05 21:00:00,5,0.0,2,26,297,4.5
Tupiza,2026-10-05 21:00:00,8,0.0,2,26,324,2.2
Tupiza,2026-10-05 21:00:00,11,0.0,11,26,307,2.3
Tupiza,2026-10-05 21:00:00,14,0.0,16,25,290,3.2
Tupiza,2026-10-05 21:00:00,17,0.0,23,26,266,4.0
Tupiza,2026-10-05 21:00:00,20,0.0,23,26,298,4.1
Tupiza,2026-10-05 21:00:00,23,0.0,18,25,324,4.2
Tupiza,2026-10-05 21:00:00,26,0.0,12,26,298,3.3
Tupiza,2026-10-05 21:00:00,29,0.0,2,25,266,2.3
Tupiza,2026-10-05 21:00:00,32,0.0,2,26,293,2.5
Tupiza,2026-10-05 21:00:00,35,0.0,11,26,288,2.9
Tupiza,2026-10-05 21:00:00,38,0.0,16,26,288,6.7
Tupiza,2026-10-05 21:00:00,41,0.0,24,26,280,10.5
Tupiza,2026-10-05 21:00:00,44,0.0,24,27,307,8.6
Tupiza,2026-10-05 21:00:00,47,0.0,21,26,327,6.6
Tupiza,2026-10-05 21:00:00,50,0.0,15,26,327,5.1
Tupiza,2026-10-05 21:00:00,53,0.0,2,26,317,3.5
Tupiza,2026-10-05 21:00:00,56,0.0,1,26,309,2.3
Tupiza,2026-10-05 21:00:00,59,0.0,11,25,299,1.8
Tupiza,2026-10-05 21:00:00,62,0.0,17,26,309,6.4
Tupiza,2026-10-05 21:00:00,65,0.0,24,26,310,11.0
Tupiza,2026-10-05 21:00:00,68,0.0,24,27,300,7.4
Tupiza,2026-10-05 21:00:00,71,0.0,15,37,290,3.7
Tupiza,2026-10-05 21:00:00,74,0.0,6,37,307,3.7
Tupiza,2026-10-05 21:00:00,77,0.0,3,37,317,3.8
Tupiza,2026-10-05 21:00:00,80,0.0,2,37,317,4.2
Tupiza,2026-10-05 21:00:00,83,0.0,13,37,300,4.6
Tupiza,2026-10-05 21:00:00,86,0.0,17,37,300,8.4
Tupiza,2026-10-05 21:00:00,89,0.0,23,25,300,12.1
Tupiza,2026-10-05 21:00:00,92,0.0,23,26,290,10.3
Tupiza,2026-10-05 21:00:00,95,0.0,20,26,270,8.4
Tupiza,2026-10-05 21:00:00,98,0.0,18,26,300,5.6
Tupiza,2026-10-05 21:00:00,101,0.0,16,26,327,2.8
Uyuni,2026-10-05 21:00:00,2,0.0,1,25,309,5.4
Uyuni,2026-10-05 21:00:00,5,0.0,-7,25,322,3.7
Uyuni,2026-10-05 21:00:00,8,0.0,-7,26,323,5.9
Uyuni,2026-10-05 21:00:00,11,0.0,6,26,303,6.5
Uyuni,2026-10-05 21:00:00,14,0.0,11,26,302,7.7
Uyuni,2026-10-05 21:00:00,17,0.0,17,27,292,8.9
Uyuni,2026-10-05 21:00:00,20,0.0,17,26,292,7.1
Uyuni,2026-10-05 21:00:00,23,0.0,11,25,290,5.4
Uyuni,2026-10-05 21:00:00,26,0.0,7,26,313,4.7
Uyuni,2026-10-05 21:00:00,29,0.0,-7,26,333,3.9
Uyuni,2026-10-05 21:00:00,32,0.0,-7,26,321,4.5
Uyuni,2026-10-05 21:00:00,35,0.0,6,25,310,4.0
Uyuni,2026-10-05 21:00:00,38,0.0,11,26,300,6.8
Uyuni,2026-10-05 21:00:00,41,0.0,18,25,282,9.4
Uyuni,2026-10-05 21:00:00,44,0.0,18,25,290,7.2
Uyuni,2026-10-05 21:00:00,47,0.0,12,27,298,4.9
Uyuni,2026-10-05 21:00:00,50,0.0,7,26,320,4.6
Uyuni,2026-10-05 21:00:00,53,0.0,-7,26,333,4.3
Uyuni,2026-10-05 21:00:00,56,0.0,-7,26,323,4.1
Uyuni,2026-10-05 21:00:00,59,0.0,6,26,303,3.9
Uyuni,2026-10-05 21:00:00,62,0.0,11,25,293,6.5
Uyuni,2026-10-05 21:00:00,65,0.0,18,25,282,8.9
Uyuni,2026-10-05 21:00:00,68,0.0,18,26,280,8.8
Uyuni,2026-10-05 21:00:00,71,0.0,10,25,277,8.6
Uyuni,2026-10-05 21:00:00,74,0.0,-1,26,310,6.8
Uyuni,2026-10-05 21:00:00,77,0.0,-6,25,333,4.9
Uyuni,2026-10-05 21:00:00,80,0.0,-7,26,320,5.2
Uyuni,2026-10-05 21:00:00,83,0.0,7,25,299,4.5
Uyuni,2026-10-05 21:00:00,86,0.0,11,26,299,7.0
Uyuni,2026-10-05 21:00:00,89,0.0,17,26,299,9.5
Uyuni,2026-10-05 21:00:00,92,0.0,17,26,270,7.9
Uyuni,2026-10-05 21:00:00,95,0.0,14,26,241,6.3
Uyuni,2026-10-05 21:00:00,98,0.0,12,25,270,4.7
Uyuni,2026-10-05 21:00:00,101,0.0,11,26,290,3.2
Vallegrande,2026-10-05 21:00:00,2,1.5,17,89,60,1.2
Vallegrande,2026-10-05 21:00:00,5,0.0,12,56,80,0.7
Vallegrande,2026-10-05 21:00:00,8,0.0,12,56,360,1.3
Vallegrande,2026-10-05 21:00:00,11,0.0,16,56,354,1.8
Vallegrande,2026-10-05 21:00:00,14,0.0,20,56,10,3.5
Vallegrande,2026-10-05 21:00:00,17,0.0,25,36,18,5.2
Vallegrande,2026-10-05 21:00:00,20,0.0,25,36,22,3.7
Vallegrande,2026-10-05 21:00:00,23,0.0,19,36,22,2.1
Vallegrande,2026-10-05 21:00:00,26,0.0,16,36,19,1.8
Vallegrande,2026-10-05 21:00:00,29,0.0,11,36,8,1.5
Vallegrande,2026-10-05 21:00:00,32,0.0,11,26,343,2.8
Vallegrande,2026-10-05 21:00:00,35,0.0,20,26,332,3.5
Vallegrande,2026-10-05 21:00:00,38,0.0,23,27,342,4.2
Vallegrande,2026-10-05 21:00:00,41,0.0,27,26,350,4.9
Vallegrande,2026-10-05 21:00:00,44,0.0,27,26,359,3.8
Vallegrande,2026-10-05 21:00:00,47,0.0,22,26,7,2.8
Vallegrande,2026-10-05 21:00:00,50,0.0,18,26,357,2.3
Vallegrande,2026-10-05 21:00:00,53,0.0,12,25,338,1.7
Vallegrande,2026-10-05 21:00:00,56,0.0,12,26,339,3.1
Vallegrande,2026-10-05 21:00:00,59,0.0,18,26,332,4.0
Vallegrande,2026-10-05 21:00:00,62,0.0,20,25,348,4.8
Vallegrande,2026-10-05 21:00:00,65,0.0,26,26,358,5.8
Vallegrande,2026-10-05 21:00:00,68,0.0,26,27,359,4.7
Vallegrande,2026-10-05 21:00:00,71,0.0,19,26,350,3.5
Vallegrande,2026-10-05 21:00:00,74,0.0,15,27,27,2.4
Vallegrande,2026-10-05 21:00:00,77,0.0,11,56,58,1.4
Vallegrande,2026-10-05 21:00:00,80,0.0,11,56,23,2.5
Vallegrande,2026-10-05 21:00:00,83,0.0,20,56,1,3.2
Vallegrande,2026-10-05 21:00:00,86,0.0,23,56,1,4.8
Vallegrande,2026-10-05 21:00:00,89,0.0,24,56,1,6.3
Vallegrande,2026-10-05 21:00:00,92,0.0,24,56,47,4.0
Vallegrande,2026-10-05 21:00:00,95,0.0,22,56,87,1.6
Vallegrande,2026-10-05 21:00:00,98,0.0,21,56,48,1.5
Vallegrande,2026-10-05 21:00:00,101,0.0,20,56,8,1.4
Viacha,2026-10-05 21:00:00,2,0.0,6,26,177,4.8
Viacha,2026-10-05 21:00:00,5,0.0,-5,26,46,1.3
Viacha,2026-10-05 21:00:00,8,0.0,-5,26,222,1.6
Viacha,2026-10-05 21:00:00,11,0.0,8,27,215,1.1
Viacha,2026-10-05 21:00:00,14,0.0,12,26,269,2.3
Viacha,2026-10-05 21:00:00,17,0.0,19,36,320,3.5
Viacha,2026-10-05 21:00:00,20,0.0,19,36,12,3.0
Viacha,2026-10-05 21:00:00,23,0.0,13,36,63,2.6
Viacha,2026-10-05 21:00:00,26,0.0,8,36,83,1.9
Viacha,2026-10-05 21:00:00,29,0.0,-4,36,104,1.2
Viacha,2026-10-05 21:00:00,32,0.0,-4,26,246,1.3
Viacha,2026-10-05 21:00:00,35,0.0,8,26,297,1.5
Viacha,2026-10-05 21:00:00,38,0.0,12,26,295,1.9
Viacha,2026-10-05 21:00:00,41,0.0,18,56,145,2.3
Viacha,2026-10-05 21:00:00,44,0.0,18,56,110,3.1
Viacha,2026-10-05 21:00:00,47,0.0,15,36,64,3.8
Viacha,2026-10-05 21:00:00,50,0.0,8,36,61,2.6
Viacha,2026-10-05 21:00:00,53,0.0,-5,36,58,1.4
Viacha,2026-10-05 21:00:00,56,0.0,-5,36,48,1.4
Viacha,2026-10-05 21:00:00,59,0.0,7,36,342,1.3
Viacha,2026-10-05 21:00:00,62,0.0,13,36,328,3.6
Viacha,2026-10-05 21:00:00,65,0.0,18,56,304,5.8
Viacha,2026-10-05 21:00:00,68,0.0,18,56,5,5.1
Viacha,2026-10-05 21:00:00,71,0.0,10,36,65,4.4
Viacha,2026-10-05 21:00:00,74,0.0,-3,36,68,2.8
Viacha,2026-10-05 21:00:00,77,0.0,-5,36,68,1.2
Viacha,2026-10-05 21:00:00,80,0.0,-5,36,48,1.2
Viacha,2026-10-05 21:00:00,83,0.0,8,36,13,1.0
Viacha,2026-10-05 21:00:00,86,0.0,13,36,339,4.5
Viacha,2026-10-05 21:00:00,89,2.1,18,76,304,7.9
Viacha,2026-10-05 21:00:00,92,1.5,18,76,241,5.7
Viacha,2026-10-05 21:00:00,95,1.5,15,76,145,3.6
Viacha,2026-10-05 21:00:00,98,1.4,13,76,131,2.6
Viacha,2026-10-05 21:00:00,101,2.3,12,76,114,1.5
Villa Rivero,2026-10-05 21:00:00,2,0.0,11,55,347,2.8
Villa Rivero,2026-10-05 21:00:00,5,0.0,9,36,317,2.7
Villa Rivero,2026-10-05 21:00:00,8,0.0,9,36,317,2.8
Villa Rivero,2026-10-05 21:00:00,11,0.0,12,35,307,2.8
Villa Rivero,2026-10-05 21:00:00,14,0.0,16,36,316,2.5
Villa Rivero,2026-10-05 21:00:00,17,0.0,26,56,324,2.2
Villa Rivero,2026-10-05 21:00:00,20,0.0,26,56,349,2.5
Villa Rivero,2026-10-05 21:00:00,23,0.0,19,36,10,2.9
Villa Rivero,2026-10-05 21:00:00,26,0.0,14,36,357,2.9
Villa Rivero,2026-10-05 21:00:00,29,0.0,11,35,345,3.1
Villa Rivero,2026-10-05 21:00:00,32,0.0,11,36,337,3.3
Villa Rivero,2026-10-05 21:00:00,35,0.0,14,36,337,3.4
Villa Rivero,2026-10-05 21:00:00,38,0.0,18,36,333,3.1
Villa Rivero,2026-10-05 21:00:00,41,0.0,27,56,322,2.7
Villa Rivero,2026-10-05 21:00:00,44,0.0,27,56,347,3.0
Villa Rivero,2026-10-05 21:00:00,47,0.0,22,36,10,3.3
Villa Rivero,2026-10-05 21:00:00,50,0.0,17,36,357,3.3
Villa Rivero,2026-10-05 21:00:00,53,0.0,12,36,335,3.4
Villa Rivero,2026-10-05 21:00:00,56,0.0,12,36,347,3.3
Villa Rivero,2026-10-05 21:00:00,59,0.0,13,36,350,3.1
Villa Rivero,2026-10-05 21:00:00,62,0.0,16,36,14,3.5
Villa Rivero,2026-10-05 21:00:00,65,1.6,28,77,28,4.0
Villa Rivero,2026-10-05 21:00:00,68,1.4,28,76,39,3.5
Villa Rivero,2026-10-05 21:00:00,71,1.3,23,76,46,3.0
Villa Rivero,2026-10-05 21:00:00,74,2.8,20,76,22,3.0
Villa Rivero,2026-10-05 21:00:00,77,0.0,12,56,357,3.1
Villa Rivero,2026-10-05 21:00:00,80,0.0,11,56,20,2.4
Villa Rivero,2026-10-05 21:00:00,83,0.0,15,55,13,2.4
Villa Rivero,2026-10-05 21:00:00,86,0.0,20,56,23,3.5
Villa Rivero,2026-10-05 21:00:00,89,0.9,25,84,27,4.6
Villa Rivero,2026-10-05 21:00:00,92,3.0,25,83,24,3.2
Villa Rivero,2026-10-05 21:00:00,95,1.6,23,90,12,1.7
Villa Rivero,2026-10-05 21:00:00,98,3.6,21,89,8,1.9
Villa Rivero,2026-10-05 21:00:00,101,2.6,20,89,357,2.1
Villamontes,2026-10-05 21:00:00,2,2.2,24,76,194,1.7
Villamontes,2026-10-05 21:00:00,5,0.0,17,56,177,1.8
Villamontes,2026-10-05 21:00:00,8,0.0,17,56,164,1.0
Villamontes,2026-10-05 21:00:00,11,0.0,23,56,134,1.0
Villamontes,2026-10-05 21:00:00,14,0.0,26,57,110,1.9
Villamontes,2026-10-05 21:00:00,17,0.0,30,56,77,2.8
Villamontes,2026-10-05 21:00:00,20,0.0,30,56,60,1.8
Villamontes,2026-10-05 21:00:00,23,0.0,28,56,40,0.9
Villamontes,2026-10-05 21:00:00,26,0.0,25,56,30,1.3
Villamontes,2026-10-05 21:00:00,29,0.0,19,57,14,1.7
Villamontes,2026-10-05 21:00:00,32,0.0,19,56,330,1.4
Villamontes,2026-10-05 21:00:00,35,0.0,26,56,327,1.2
Villamontes,2026-10-05 21:00:00,38,0.0,29,56,34,1.8
Villamontes,2026-10-05 21:00:00,41,0.0,35,36,97,2.3
Villamontes,2026-10-05 21:00:00,44,0.0,35,36,114,1.9
Villamontes,2026-10-05 21:00:00,47,0.0,29,26,140,1.4
Villamontes,2026-10-05 21:00:00,50,0.0,27,26,157,2.5
Villamontes,2026-10-05 21:00:00,53,0.0,22,26,184,3.7
Villamontes,2026-10-05 21:00:00,56,0.0,22,26,266,1.1
Villamontes,2026-10-05 21:00:00,59,0.0,25,26,232,1.1
Villamontes,2026-10-05 21:00:00,62,0.0,28,26,177,2.2
Villamontes,2026-10-05 21:00:00,65,0.0,35,37,121,3.1
Villamontes,2026-10-05 21:00:00,68,0.0,35,36,147,3.0
Villamontes,2026-10-05 21:00:00,71,2.3,26,85,171,2.9
Villamontes,2026-10-05 21:00:00,74,1.8,23,84,188,3.5
Villamontes,2026-10-05 21:00:00,77,1.5,22,89,200,3.9
Villamontes,2026-10-05 21:00:00,80,3.4,22,89,167,2.2
Villamontes,2026-10-05 21:00:00,83,2.6,25,88,151,0.8
Villamontes,2026-10-05 21:00:00,86,2.1,28,89,137,1.5
Villamontes,2026-10-05 21:00:00,89,0.0,29,56,124,2.2
Villamontes,2026-10-05 21:00:00,92,0.0,29,56,151,2.3
Villamontes,2026-10-05 21:00:00,95,0.0,26,56,174,2.5
Villamontes,2026-10-05 21:00:00,98,0.0,25,56,174,2.5
Villamontes,2026-10-05 21:00:00,101,0.0,24,56,174,2.4
Yacuiba,2026-10-05 21:00:00,2,1.6,20,77,230,1.7
Yacuiba,2026-10-05 21:00:00,5,0.0,15,56,234,1.7
Yacuiba,2026-10-05 21:00:00,8,0.0,15,56,147,0.9
Yacuiba,2026-10-05 21:00:00,11,0.0,20,56,99,0.9
Yacuiba,2026-10-05 21:00:00,14,0.0,23,56,93,2.9
Yacuiba,2026-10-05 21:00:00,17,0.0,25,56,83,4.9
Yacuiba,2026-10-05 21:00:00,20,0.0,25,56,60,3.0
Yacuiba,2026-10-05 21:00:00,23,0.0,23,56,27,1.1
Yacuiba,2026-10-05 21:00:00,26,0.0,21,56,360,1.3
Yacuiba,2026-10-05 21:00:00,29,0.0,18,56,333,1.5
Yacuiba,2026-10-05 21:00:00,32,0.0,18,56,320,1.3
Yacuiba,2026-10-05 21:00:00,35,0.0,22,57,307,0.9
Yacuiba,2026-10-05 21:00:00,38,0.0,26,56,45,2.1
Yacuiba,2026-10-05 21:00:00,41,0.0,30,36,94,3.3
Yacuiba,2026-10-05 21:00:00,44,0.0,30,36,167,2.6
Yacuiba,2026-10-05 21:00:00,47,0.0,27,26,234,2.1
Yacuiba,2026-10-05 21:00:00,50,0.0,23,26,220,3.1
Yacuiba,2026-10-05 21:00:00,53,0.0,21,26,200,4.0
Yacuiba,2026-10-05 21:00:00,56,0.0,21,26,242,1.7
Yacuiba,2026-10-05 21:00:00,59,0.0,23,26,218,1.8
Yacuiba,2026-10-05 21:00:00,62,0.0,27,26,187,3.6
Yacuiba,2026-10-05 21:00:00,65,0.0,30,36,153,5.3
Yacuiba,2026-10-05 21:00:00,68,0.0,30,36,179,4.1
Yacuiba,2026-10-05 21:00:00,71,1.6,26,84,199,2.8
Yacuiba,2026-10-05 21:00:00,74,2.0,20,84,209,3.4
Yacuiba,2026-10-05 21:00:00,77,1.9,16,89,210,4.0
Yacuiba,2026-10-05 21:00:00,80,3.1,16,89,237,2.7
Yacuiba,2026-10-05 21:00:00,83,2.0,18,89,237,2.0
Yacuiba,2026-10-05 21:00:00,86,3.3,21,89,210,1.9
Yacuiba,2026-10-05 21:00:00,89,0.0,24,56,173,1.8
Yacuiba,2026-10-05 21:00:00,92,0.0,24,56,189,2.2
Yacuiba,2026-10-05 21:00:00,95,0.0,23,56,200,2.7
Yacuiba,2026-10-05 21:00:00,98,0.0,22,56,200,2.7
Yacuiba,2026-10-05 21:00:00,101,0.0,22,56,200,2.7
Yesera Norte,2026-10-05 21:00:00,2,2.3,15,89,99,1.4
Yesera Norte,2026-10-05 21:00:00,5,0.0,10,26,88,1.4
Yesera Norte,2026-10-05 21:00:00,8,0.0,10,25,28,2.3
Yesera Norte,2026-10-05 21:00:00,11,0.0,15,26,9,2.4
Yesera Norte,2026-10-05 21:00:00,14,0.0,18,25,48,4.3
Yesera Norte,2026-10-05 21:00:00,17,0.0,27,26,78,6.1
Yesera Norte,2026-10-05 21:00:00,20,0.0,27,25,78,4.0
Yesera Norte,2026-10-05 21:00:00,23,0.0,21,36,78,1.9
Yesera Norte,2026-10-05 21:00:00,26,0.0,16,36,38,1.8
Yesera Norte,2026-10-05 21:00:00,29,0.0,10,36,348,1.7
Yesera Norte,2026-10-05 21:00:00,32,0.0,11,26,291,1.1
Yesera Norte,2026-10-05 21:00:00,35,0.0,18,26,290,1.2
Yesera Norte,2026-10-05 21:00:00,38,0.0,22,26,9,2.8
Yesera Norte,2026-10-05 21:00:00,41,0.0,30,26,89,4.5
Yesera Norte,2026-10-05 21:00:00,44,0.0,30,27,111,3.3
Yesera Norte,2026-10-05 21:00:00,47,0.0,25,27,132,2.0
Yesera Norte,2026-10-05 21:00:00,50,0.0,19,26,151,1.9
Yesera Norte,2026-10-05 21:00:00,53,0.0,12,36,169,1.8
Yesera Norte,2026-10-05 21:00:00,56,0.0,13,36,310,0.9
Yesera Norte,2026-10-05 21:00:00,59,0.0,20,36,332,1.0
Yesera Norte,2026-10-05 21:00:00,62,0.0,24,36,30,4.2
Yesera Norte,2026-10-05 21:00:00,65,2.1,31,84,79,7.4
Yesera Norte,2026-10-05 21:00:00,68,3.5,31,84,78,5.7
Yesera Norte,2026-10-05 21:00:00,71,3.5,20,89,68,4.0
Yesera Norte,2026-10-05 21:00:00,74,2.3,15,89,79,2.8
Yesera Norte,2026-10-05 21:00:00,77,0.0,10,36,89,1.5
Yesera Norte,2026-10-05 21:00:00,80,0.0,10,36,60,2.0
Yesera Norte,2026-10-05 21:00:00,83,0.0,14,36,30,2.3
Yesera Norte,2026-10-05 21:00:00,86,0.0,17,36,58,3.2
Yesera Norte,2026-10-05 21:00:00,89,0.0,26,36,78,4.0
Yesera Norte,2026-10-05 21:00:00,92,0.0,27,36,98,2.8
Yesera Norte,2026-10-05 21:00:00,95,0.0,24,56,117,1.6
Yesera Norte,2026-10-05 21:00:00,98,0.0,22,56,122,1.5
Yesera Norte,2026-10-05 21:00:00,101,0.0,21,56,294,1.3
